Dataset,Attack,Resolution,AddressSize,BloomSize,Hash,TrainTime_s,InferTime_Adv_s,Acc_Drop_pp,Clean_Acc,Clean_Precision,Clean_Recall,Clean_F1,Clean_MCC,Clean_FAR,Clean_ASR,Clean_AUC,Clean_PR_AUC,Clean_F1_Macro,Clean_Miss_ddos,Clean_Miss_dos,Clean_Miss_reconnaissance,Clean_Miss_theft,Adv_Acc,Adv_Precision,Adv_Recall,Adv_F1,Adv_MCC,Adv_FAR,Adv_ASR,Adv_AUC,Adv_PR_AUC,Adv_F1_Macro,Adv_Miss_ddos,Adv_Miss_dos,Adv_Miss_reconnaissance,Adv_Miss_theft
Bot-IoT,FGSM,1,5,1024,2,3.9092419147491455,2.561065196990967,38.072435850839575,0.6706131424002326,0.7922181597544383,0.6706131424002326,0.6161182500034719,0.4549160635606292,0.13333333333333333,0.0,0.810524151688546,0.56961298122225,0.6230790032589004,0.0,0.0,0.0,0.0,0.28988878389183687,0.6238035007846655,0.28988878389183687,0.37755837956144683,0.11760535814454871,0.9333333333333333,0.001981079779354968,0.7064774941195172,0.2872070903388871,0.17559247296585057,0.0021807231000882674,0.0006455777921239509,0.02227998514667657,0.0
Bot-IoT,RANDOM_LINF,1,5,1024,2,3.9092419147491455,5.657431364059448,26.571927018972165,0.6706131424002326,0.7922181597544383,0.6706131424002326,0.6161182500034719,0.4549160635606292,0.13333333333333333,0.0,0.810524151688546,0.56961298122225,0.6230790032589004,0.0,0.0,0.0,0.0,0.404893872210511,0.5225994668467625,0.404893872210511,0.42323375466365953,0.07794215010587784,1.0,0.008696758480929835,0.7099912847118567,0.22057842273624262,0.19618889905040754,0.008099828657470708,0.009502098127824403,0.006683995544002971,0.0
Bot-IoT,RANDOM_L2,1,5,1024,2,3.9092419147491455,5.918801546096802,27.59504252380606,0.6706131424002326,0.7922181597544383,0.6706131424002326,0.6161182500034719,0.4549160635606292,0.13333333333333333,0.0,0.810524151688546,0.56961298122225,0.6230790032589004,0.0,0.0,0.0,0.0,0.394662717162172,0.5106481375610423,0.394662717162172,0.4162777075210936,0.05579727133585842,1.0,0.006552103306949228,0.6828246191671468,0.2131196877498077,0.1886451237877888,0.0060056421883383235,0.007182052937378954,0.006683995544002971,0.0
Bot-IoT,FGSM,1,5,1024,3,4.003837585449219,2.7727487087249756,62.44457367158537,0.7104474085919895,0.8125885591258599,0.7104474085919895,0.6733204832535296,0.5214141358596882,0.13333333333333333,9.08752192364664e-06,0.8287572541651425,0.5701964004557223,0.6412784515718808,0.0,0.0,0.0003713330857779428,0.0,0.08600167187613579,0.4235864550275296,0.08600167187613579,0.1072034668025282,-0.2897188904225754,0.9333333333333333,0.014994411174016958,0.6031291138850629,0.26193610755068103,0.05948812325960886,5.192197857353018e-05,0.032399935442220786,0.015224656516895656,0.0
Bot-IoT,RANDOM_LINF,1,5,1024,3,4.003837585449219,5.158320903778076,27.95576797266846,0.7104474085919895,0.8125885591258599,0.7104474085919895,0.6733204832535296,0.5214141358596882,0.13333333333333333,9.08752192364664e-06,0.8287572541651425,0.5701964004557223,0.6412784515718808,0.0,0.0,0.0003713330857779428,0.0,0.4308897288653049,0.5406475440685188,0.4308897288653049,0.46343040928415574,0.10140899115717296,0.8666666666666667,0.016802828036822638,0.7317870027058168,0.22457705519257393,0.21573972956435677,0.015888125443500233,0.017672692059393157,0.020423319717786857,0.0
Bot-IoT,RANDOM_L2,1,5,1024,3,4.003837585449219,4.702438116073608,29.32052773133677,0.7104474085919895,0.8125885591258599,0.7104474085919895,0.6733204832535296,0.5214141358596882,0.13333333333333333,9.08752192364664e-06,0.8287572541651425,0.5701964004557223,0.6412784515718808,0.0,0.0,0.0003713330857779428,0.0,0.4172421312786218,0.5261216628892709,0.4172421312786218,0.44720170594812597,0.07582574921181486,0.8666666666666667,0.011886478676129806,0.723710007021834,0.21736936273453403,0.20303693061566044,0.011249762024264871,0.01222562943834732,0.019309320460453028,0.0
Bot-IoT,FGSM,1,5,2048,2,3.9358959197998047,6.4930739402771,24.9545685832667,0.7969033946354583,0.8516560946150675,0.7969033946354583,0.7841037542362912,0.6548936113844673,0.13333333333333333,9.08752192364664e-06,0.7843404111017284,0.5680511846670824,0.688688875569801,0.0,0.0,0.0003713330857779428,0.0,0.5473577088027913,0.5942219502112022,0.5473577088027913,0.5633889028741287,0.19251799010524434,0.9333333333333333,0.0022718804809116603,0.6471747493242701,0.27282451140583625,0.2554556008925179,0.002492254971529448,0.0006859264041316978,0.026735982176011884,0.0
Bot-IoT,RANDOM_LINF,1,5,2048,2,3.9358959197998047,5.60078501701355,37.02297012430036,0.7969033946354583,0.8516560946150675,0.7969033946354583,0.7841037542362912,0.6548936113844673,0.13333333333333333,9.08752192364664e-06,0.7843404111017284,0.5680511846670824,0.688688875569801,0.0,0.0,0.0003713330857779428,0.0,0.42667369339245476,0.5170140271981819,0.42667369339245476,0.4403051074526792,0.0751671411580607,0.8,0.014921710998627784,0.7384609746951534,0.2202514066581242,0.2064268377141251,0.014520846674397273,0.015433344092963201,0.014110657259561827,0.0
Bot-IoT,RANDOM_L2,1,5,2048,2,3.9358959197998047,5.600831031799316,38.99015046885223,0.7969033946354583,0.8516560946150675,0.7969033946354583,0.7841037542362912,0.6548936113844673,0.13333333333333333,9.08752192364664e-06,0.7843404111017284,0.5680511846670824,0.688688875569801,0.0,0.0,0.0003713330857779428,0.0,0.4070018899469361,0.5003420518638769,0.4070018899469361,0.4209729892775672,0.047561077673982516,0.8666666666666667,0.016839178124517226,0.7034610390472633,0.21214405617283544,0.1916325847712514,0.016182349988750237,0.017672692059393157,0.015595989602673598,0.0
Bot-IoT,FGSM,1,5,2048,3,3.7555007934570312,7.133409738540649,55.15192265755615,0.8604346877953042,0.8882980598420095,0.8604346877953042,0.8559883812185292,0.7555930501114659,0.3333333333333333,0.0,0.8302760350804178,0.4784497011719592,0.6997158569815326,0.0,0.0,0.0,0.0,0.30891546121974267,0.328734650208355,0.30891546121974267,0.30581398659052583,-0.10691060082406015,0.9333333333333333,0.012286329640770258,0.5369356895898298,0.21846288016230359,0.12721701918567851,0.014209314802956091,0.00014122014202711428,0.19457853694764204,0.0
Bot-IoT,RANDOM_LINF,1,5,2048,3,3.7555007934570312,6.333895683288574,50.34800465217707,0.8604346877953042,0.8882980598420095,0.8604346877953042,0.8559883812185292,0.7555930501114659,0.3333333333333333,0.0,0.8302760350804178,0.4784497011719592,0.6997158569815326,0.0,0.0,0.0,0.0,0.3569546412735335,0.4910269290010177,0.3569546412735335,0.3767712251947939,0.03429793621334564,0.9333333333333333,0.012431729991548604,0.5984566894661296,0.20723782181995545,0.17076576325731738,0.01036708838851486,0.014787766300839252,0.013367991088005942,0.0
Bot-IoT,RANDOM_L2,1,5,2048,3,3.7555007934570312,6.089985370635986,50.185360180271864,0.8604346877953042,0.8882980598420095,0.8604346877953042,0.8559883812185292,0.7555930501114659,0.3333333333333333,0.0,0.8302760350804178,0.4784497011719592,0.6997158569815326,0.0,0.0,0.0,0.0,0.3585810859925856,0.4962965621973796,0.3585810859925856,0.3826172089824721,0.033021034679979654,0.9333333333333333,0.009850873765232958,0.6652953229438496,0.20578893558984665,0.17087036459041596,0.008515204486058948,0.011640574564234991,0.005569996286669142,0.0
Bot-IoT,FGSM,1,10,1024,2,3.0226480960845947,5.378593444824219,79.46772552155267,0.8985516464345424,0.9143414780931521,0.8985516464345424,0.8966334828383961,0.8187573530305565,0.06666666666666667,0.0,0.8606967585075671,0.6764469615046942,0.7500612684903477,0.0,0.0,0.0,0.0,0.10387439121901577,0.29832403814522596,0.10387439121901577,0.1308787819760817,-0.3264574965066576,0.9333333333333333,0.043274779400405305,0.45000453995145706,0.24442835237645916,0.057027597077895086,0.05273542290451548,0.004095384118786314,0.5614556256962495,0.0
Bot-IoT,RANDOM_LINF,1,10,1024,2,3.0226480960845947,4.139876127243042,42.679181507596134,0.8985516464345424,0.9143414780931521,0.8985516464345424,0.8966334828383961,0.8187573530305565,0.06666666666666667,0.0,0.8606967585075671,0.6764469615046942,0.7500612684903477,0.0,0.0,0.0,0.0,0.47175983135858107,0.5160997667733297,0.47175983135858107,0.4442494513925972,0.05786972692333857,1.0,0.012377204860006725,0.5548187314237216,0.20783873425324248,0.19767041967879156,0.011492064590941346,0.013072950290510007,0.01856665428889714,0.0
Bot-IoT,RANDOM_L2,1,10,1024,2,3.0226480960845947,3.9009640216827393,43.6177945773061,0.8985516464345424,0.9143414780931521,0.8985516464345424,0.8966334828383961,0.8187573530305565,0.06666666666666667,0.0,0.8606967585075671,0.6764469615046942,0.7500612684903477,0.0,0.0,0.0,0.0,0.4623737006614814,0.4972134675529295,0.4623737006614814,0.4276035318493197,0.032392973319588216,0.8666666666666667,0.012068229114602739,0.555387785918631,0.20414584059548774,0.1858609960065243,0.011717059831426643,0.01204406068431246,0.02005198663200891,0.0
Bot-IoT,FGSM,1,10,1024,3,3.070481300354004,2.4151041507720947,57.497092389329076,0.9047121465435778,0.9188057387645844,0.9047121465435778,0.9030791595787342,0.829151812125679,0.2,9.08752192364664e-06,0.8975791521490389,0.6906223373691927,0.7309502196202492,0.0,0.0,0.0003713330857779428,0.0,0.3297412226502871,0.6352650805414037,0.3297412226502871,0.3064602191060854,-0.07109531396178283,0.9333333333333333,0.007469943021237538,0.5317357077604883,0.2214286358737255,0.12352228257207269,0.00782291143841188,0.0071013557133634605,0.006683995544002971,0.0
Bot-IoT,RANDOM_LINF,1,10,1024,3,3.070481300354004,3.8238022327423096,44.637275568801336,0.9047121465435778,0.9188057387645844,0.9047121465435778,0.9030791595787342,0.829151812125679,0.2,9.08752192364664e-06,0.8975791521490389,0.6906223373691927,0.7309502196202492,0.0,0.0,0.0003713330857779428,0.0,0.45833939085556447,0.5138411059293982,0.45833939085556447,0.4059638603034921,0.05030128574959697,0.8666666666666667,0.024499959106151343,0.557953368618327,0.20857705407585284,0.1853915852448888,0.02378026618667682,0.024431084570690768,0.041217972521351655,0.0
Bot-IoT,RANDOM_L2,1,10,1024,3,3.070481300354004,3.640249252319336,45.96387293741368,0.9047121465435778,0.9188057387645844,0.9047121465435778,0.9030791595787342,0.829151812125679,0.2,9.08752192364664e-06,0.8975791521490389,0.6906223373691927,0.7309502196202492,0.0,0.0,0.0003713330857779428,0.0,0.445073417169441,0.4983684423599296,0.445073417169441,0.3975834644674754,0.03263365512682354,0.8666666666666667,0.020928562990158214,0.5408267896847507,0.20523632957921203,0.1753096661883761,0.02076879142941207,0.020900581020012913,0.024879316747122168,0.0
Bot-IoT,FGSM,1,10,2048,2,3.206636667251587,3.493004083633423,75.70782147270481,0.8989605291851421,0.91470190619291,0.8989605291851421,0.8970548377115625,0.819504245542194,0.26666666666666666,9.08752192364664e-06,0.8698309765235713,0.7000150895202174,0.7199643770021422,0.0,0.0,0.0003713330857779428,0.0,0.14188231445809407,0.192549753428077,0.14188231445809407,0.16325655035556744,-0.3812739599749898,0.9333333333333333,0.006406702956170881,0.5305859999317288,0.18195265275677136,0.0640986217992858,0.008220979940808944,0.004216429954809554,0.007797994801336799,0.0
Bot-IoT,RANDOM_LINF,1,10,2048,2,3.206636667251587,3.8031973838806152,43.1771098349931,0.8989605291851421,0.91470190619291,0.8989605291851421,0.8970548377115625,0.819504245542194,0.26666666666666666,9.08752192364664e-06,0.8698309765235713,0.7000150895202174,0.7199643770021422,0.0,0.0,0.0003713330857779428,0.0,0.46718943083521114,0.5204411294334552,0.46718943083521114,0.4334100242227719,0.061168511862788676,0.8,0.01950182204814569,0.5745490552968575,0.20912130776144786,0.19328331827981043,0.016199657314941416,0.022837314396384763,0.028963980690679538,0.0
Bot-IoT,RANDOM_L2,1,10,2048,2,3.206636667251587,3.4156527519226074,43.7940684742313,0.8989605291851421,0.91470190619291,0.8989605291851421,0.8970548377115625,0.819504245542194,0.26666666666666666,9.08752192364664e-06,0.8698309765235713,0.7000150895202174,0.7199643770021422,0.0,0.0,0.0003713330857779428,0.0,0.4610198444428291,0.5115064943644898,0.4610198444428291,0.4227849782885,0.04298994861405986,0.8666666666666667,0.0208286002489981,0.5413150370340564,0.20502265475295361,0.18366978905572415,0.017774623998338495,0.023825855390574566,0.031191979205347196,0.0
Bot-IoT,FGSM,1,10,2048,3,3.0961127281188965,3.9482860565185547,66.99680162826198,0.9065203169295631,0.9199781627338317,0.9065203169295631,0.904979780861145,0.832079187857448,0.06666666666666667,1.817504384729328e-05,0.7828995091046185,0.6819824455183976,0.7409965648437689,0.0,0.0,0.0007426661715558856,0.0,0.23655230064694338,0.4247663954780867,0.23655230064694338,0.21531561635670343,-0.22684748167275068,0.9333333333333333,0.04350196744849647,0.528409523845091,0.2630542088525581,0.09230471146390025,0.0704927395766628,0.014263234344738541,0.0025993316004456,0.0
Bot-IoT,RANDOM_LINF,1,10,2048,3,3.0961127281188965,4.1671388149261475,46.33368466962274,0.9065203169295631,0.9199781627338317,0.9065203169295631,0.904979780861145,0.832079187857448,0.06666666666666667,1.817504384729328e-05,0.7828995091046185,0.6819824455183976,0.7409965648437689,0.0,0.0,0.0007426661715558856,0.0,0.44318347023333576,0.5053611338351004,0.44318347023333576,0.4208913661319744,0.041401789150598854,0.8,0.024245508492289236,0.5745403078054455,0.20644551919995502,0.1887896330626288,0.02556292078436802,0.021747901872175596,0.04196063869290754,0.0
Bot-IoT,RANDOM_L2,1,10,2048,3,3.0961127281188965,3.6688644886016846,47.136003489132804,0.9065203169295631,0.9199781627338317,0.9065203169295631,0.904979780861145,0.832079187857448,0.06666666666666667,1.817504384729328e-05,0.7828995091046185,0.6819824455183976,0.7409965648437689,0.0,0.0,0.0007426661715558856,0.0,0.4351602820382351,0.492598238620099,0.4351602820382351,0.4064118813724033,0.02609704925394897,0.9333333333333333,0.026090275442789506,0.5343137540433627,0.20366313294666916,0.17754503183449616,0.02563215008913273,0.025863460296965783,0.04010397326401782,0.0
Bot-IoT,FGSM,1,15,1024,2,2.657055139541626,1.2846910953521729,39.49353056625717,0.9062113832957767,0.9193435322003052,0.9062113832957767,0.9046902756089451,0.8311939761455822,0.2,9.08752192364664e-06,0.8544487033367254,0.7198057568673165,0.7317009133485921,0.0,0.0,0.0003713330857779428,0.0,0.5112760776332049,0.5551123802810973,0.5112760776332049,0.3884310087919,0.037827730437876135,1.0,0.00020901300424387275,0.5081547008253505,0.20347903221576877,0.150980274407064,8.653663095588362e-05,2.0174306003873465e-05,0.0063126624582250275,0.0
Bot-IoT,RANDOM_LINF,1,15,1024,2,2.657055139541626,1.4084150791168213,40.71018390637493,0.9062113832957767,0.9193435322003052,0.9062113832957767,0.9046902756089451,0.8311939761455822,0.2,9.08752192364664e-06,0.8544487033367254,0.7198057568673165,0.7317009133485921,0.0,0.0,0.0003713330857779428,0.0,0.49910954423202736,0.48072697420854427,0.49910954423202736,0.39866067908535724,0.008043106465462196,0.9333333333333333,0.0035350460282985432,0.5148191872872424,0.20108789211142147,0.1714166384302631,0.0033576212810882845,0.003631375080697224,0.005569996286669142,0.0
Bot-IoT,RANDOM_L2,1,15,1024,2,2.657055139541626,1.4150786399841309,40.36944828087519,0.9062113832957767,0.9193435322003052,0.9062113832957767,0.9046902756089451,0.8311939761455822,0.2,9.08752192364664e-06,0.8544487033367254,0.7198057568673165,0.7317009133485921,0.0,0.0,0.0003713330857779428,0.0,0.5025169004870248,0.4865011134998215,0.5025169004870248,0.40088653962896903,0.010032317880835083,1.0,0.002798956752483165,0.5124921289969129,0.200940425821671,0.16804472847482083,0.0026134062548676855,0.0030866688185926406,0.0014853323431117712,0.0
Bot-IoT,FGSM,1,15,1024,3,2.927135467529297,1.4617693424224854,40.20407792396598,0.8970705822490369,0.9132106709772649,0.8970705822490369,0.8950852997130936,0.8162052102157882,0.13333333333333333,9.08752192364664e-06,0.8429052115081387,0.7245760105997172,0.7355535952242468,0.0,0.0,0.0003713330857779428,0.0,0.49502980300937705,0.3649440136322693,0.49502980300937705,0.3593242232273588,-0.09884882128063766,0.9333333333333333,0.0012995156350814696,0.5102478676849505,0.2031552287135178,0.14241879246144365,0.001194205507191194,0.0007666236281471917,0.013367991088005942,0.0
Bot-IoT,RANDOM_LINF,1,15,1024,3,2.927135467529297,1.307936429977417,38.056989169150256,0.8970705822490369,0.9132106709772649,0.8970705822490369,0.8950852997130936,0.8162052102157882,0.13333333333333333,9.08752192364664e-06,0.8429052115081387,0.7245760105997172,0.7355535952242468,0.0,0.0,0.0003713330857779428,0.0,0.5165006905575343,0.4952278240493322,0.5165006905575343,0.3950323038507502,0.01796290097201075,1.0,0.002117392608209667,0.5064499921630587,0.20181391978873978,0.1694885367908356,0.001644195988161789,0.0023402194964493223,0.008169327887114742,0.0
Bot-IoT,RANDOM_L2,1,15,1024,3,2.927135467529297,1.2745616436004639,38.115141382568886,0.8970705822490369,0.9132106709772649,0.8970705822490369,0.8950852997130936,0.8162052102157882,0.13333333333333333,9.08752192364664e-06,0.8429052115081387,0.7245760105997172,0.7355535952242468,0.0,0.0,0.0003713330857779428,0.0,0.5159191684233481,0.4901601972970013,0.5159191684233481,0.3910565835845984,0.011433034337208879,0.9333333333333333,0.001644841468180042,0.5102045235647827,0.20098086413512073,0.1632660500712007,0.0014192007476764915,0.0017955132343447386,0.003713330857779428,0.0
Bot-IoT,FGSM,1,15,2048,2,2.855509042739868,1.3603575229644775,39.86515955513556,0.9052573235443774,0.9182279515495979,0.9052573235443774,0.903729990015752,0.829209740252243,0.06666666666666667,0.0,0.8396495290205817,0.7345943235511077,0.7530067005361893,0.0,0.0,0.0,0.0,0.5066057279930217,0.322778386542494,0.5066057279930217,0.36174509629236484,-0.04765988920003875,0.9333333333333333,0.0022991430466826,0.5240153568346334,0.2050893413479676,0.14791376142696516,0.0,0.0,0.09394727070181953,0.0
Bot-IoT,RANDOM_LINF,1,15,2048,2,2.855509042739868,1.424661636352539,38.616704223304495,0.9052573235443774,0.9182279515495979,0.9052573235443774,0.903729990015752,0.829209740252243,0.06666666666666667,0.0,0.8396495290205817,0.7345943235511077,0.7530067005361893,0.0,0.0,0.0,0.0,0.5190902813113324,0.5134736413097576,0.5190902813113324,0.3892163009043339,0.03252214003489621,1.0,0.001363128288546996,0.5149145737916669,0.20214335745778947,0.16405787230081953,0.0011768981810000173,0.0012306326662362814,0.007797994801336799,0.0
Bot-IoT,RANDOM_L2,1,15,2048,2,2.855509042739868,1.3460981845855713,38.85567347532165,0.9052573235443774,0.9182279515495979,0.9052573235443774,0.903729990015752,0.829209740252243,0.06666666666666667,0.0,0.8396495290205817,0.7345943235511077,0.7530067005361893,0.0,0.0,0.0,0.0,0.5167005887911609,0.49864954005097395,0.5167005887911609,0.3846187081649943,0.019296173432067597,1.0,0.0017629792531874482,0.5050774897432018,0.20120696626142962,0.15935639714844083,0.0015576593572059053,0.0018762104583602325,0.004084663943557371,0.0
Bot-IoT,FGSM,1,15,2048,3,2.8863861560821533,1.2233285903930664,37.92978120229702,0.9067202151631897,0.9197032296513092,0.9067202151631897,0.9052219363523374,0.8320449830155068,0.06666666666666667,9.08752192364664e-06,0.8549951641869031,0.7459425490123393,0.7471569493070319,0.0,0.0,0.0003713330857779428,0.0,0.5274224031402195,0.49502965827577616,0.5274224031402195,0.36884696462823474,0.06158928762603015,0.9333333333333333,0.0021355676520569606,0.523053537484805,0.2256674369074813,0.18234037179118384,0.00044999048097059483,2.0174306003873465e-05,0.07723728184181211,0.0
Bot-IoT,RANDOM_LINF,1,15,2048,3,2.8863861560821533,1.3817329406738281,39.200952242494736,0.9067202151631897,0.9197032296513092,0.9067202151631897,0.9052219363523374,0.8320449830155068,0.06666666666666667,9.08752192364664e-06,0.8549951641869031,0.7459425490123393,0.7471569493070319,0.0,0.0,0.0003713330857779428,0.0,0.5147106927382423,0.5024802601722427,0.5147106927382423,0.3835445728778958,0.027106412586252383,0.9333333333333333,0.0016902790777982752,0.5175681656400407,0.20306855320591738,0.1694560221226426,0.0015749666833970819,0.001553421562298257,0.006683995544002971,0.0
Bot-IoT,RANDOM_L2,1,15,2048,3,2.8863861560821533,1.3370323181152344,39.174602020789415,0.9067202151631897,0.9197032296513092,0.9067202151631897,0.9052219363523374,0.8320449830155068,0.06666666666666667,9.08752192364664e-06,0.8549951641869031,0.7459425490123393,0.7471569493070319,0.0,0.0,0.0003713330857779428,0.0,0.5149741949552955,0.5002274564355859,0.5149741949552955,0.3793519524543056,0.019906113849613445,1.0,0.001744804209340155,0.5064487079802442,0.20166973683706005,0.1595832882189068,0.001453815400058845,0.001896384764364106,0.0051986632008912,0.0
Bot-IoT,FGSM,1,20,1024,2,2.760394811630249,1.6727073192596436,41.23627971214655,0.9120084320709457,0.9236435896377478,0.9120084320709457,0.9107201186343271,0.8410538124225572,0.13333333333333333,0.0,0.8671750124507419,0.7415422060826271,0.7485397409804312,0.0,0.0,0.0,0.0,0.4996456349494803,0.42823407057256596,0.4996456349494803,0.3865969369208693,-0.06099726453255063,1.0,0.00013631282885469962,0.4599238721006397,0.19046740589855815,0.15134637931605782,1.7307326191176726e-05,0.00020174306003873467,0.0014853323431117712,0.0
Bot-IoT,RANDOM_LINF,1,20,1024,2,2.760394811630249,1.1996722221374512,40.35672748418987,0.9120084320709457,0.9236435896377478,0.9120084320709457,0.9107201186343271,0.8410538124225572,0.13333333333333333,0.0,0.8671750124507419,0.7415422060826271,0.7485397409804312,0.0,0.0,0.0,0.0,0.508441157229047,0.48284660161102505,0.508441157229047,0.40611929131637015,0.0038761440412305925,1.0,0.0005725138811897383,0.5005139236152871,0.2001862735864044,0.16389020050015599,0.0004672978071617716,0.0005648805681084571,0.0029706646862235424,0.0
Bot-IoT,RANDOM_L2,1,20,1024,2,2.760394811630249,1.180884599685669,40.417605582612495,0.9120084320709457,0.9236435896377478,0.9120084320709457,0.9107201186343271,0.8410538124225572,0.13333333333333333,0.0,0.8671750124507419,0.7415422060826271,0.7485397409804312,0.0,0.0,0.0,0.0,0.5078323762448208,0.48210096247190937,0.5078323762448208,0.40555467428419256,0.0024508093316353515,1.0,0.0006633891004262048,0.5001409202510608,0.20023198964511,0.16249361358856992,0.0006576783952647156,0.0007061007101355713,0.0,0.0
Bot-IoT,FGSM,1,20,1024,3,2.5869967937469482,1.1189453601837158,40.44486443265246,0.9087737151995348,0.9218266785334737,0.9087737151995348,0.9073137026918997,0.8360653193450158,0.13333333333333333,0.0,0.8868030667081696,0.7816709025414198,0.7470043548706977,0.0,0.0,0.0,0.0,0.5043250708730102,0.5252374969066425,0.5043250708730102,0.39105832727245227,-0.006508768808161507,0.9333333333333333,0.0020174298670495544,0.5021294871885794,0.20041384091154443,0.15512568987106717,0.0,0.0,0.08243594504270331,0.0
Bot-IoT,RANDOM_LINF,1,20,1024,3,2.5869967937469482,1.1183929443359375,39.1936832158174,0.9087737151995348,0.9218266785334737,0.9087737151995348,0.9073137026918997,0.8360653193450158,0.13333333333333333,0.0,0.8868030667081696,0.7816709025414198,0.7470043548706977,0.0,0.0,0.0,0.0,0.5168368830413608,0.48226816315099075,0.5168368830413608,0.40395031897231665,0.0031333605804416196,0.9333333333333333,0.00016357539462563954,0.5079861085631492,0.20130924615844212,0.17364621098176677,0.00019038058810294398,0.00014122014202711428,0.0,0.0
Bot-IoT,RANDOM_L2,1,20,1024,3,2.5869967937469482,1.1081557273864746,39.255469942574685,0.9087737151995348,0.9218266785334737,0.9087737151995348,0.9073137026918997,0.8360653193450158,0.13333333333333333,0.0,0.8868030667081696,0.7816709025414198,0.7470043548706977,0.0,0.0,0.0,0.0,0.5162190157737879,0.4787661609710646,0.5162190157737879,0.40236301098844096,-0.0007145551871018102,1.0,0.00012722530693105296,0.4999799643824727,0.19984199636013217,0.15967399736840537,0.00012115128333823707,0.00014122014202711428,0.0,0.0
Bot-IoT,FGSM,1,20,2048,2,2.6255297660827637,1.1882812976837158,37.57905066511594,0.9082921421821618,0.9203838549393883,0.9082921421821618,0.9068982803921409,0.8342872508054158,0.06666666666666667,1.817504384729328e-05,0.8804351729536867,0.7612838466737464,0.7418783378167102,0.0,0.0,0.0007426661715558856,0.0,0.5325016355310024,0.5765212587120753,0.5325016355310024,0.3958801323403575,0.06302087187424231,0.9333333333333333,7.270017538917312e-05,0.5107744767544558,0.20432668271472157,0.1765560009020361,0.0,4.034861200774693e-05,0.0022279985146676567,0.0
Bot-IoT,RANDOM_LINF,1,20,2048,2,2.6255297660827637,1.0739598274230957,38.90746529039761,0.9082921421821618,0.9203838549393883,0.9082921421821618,0.9068982803921409,0.8342872508054158,0.06666666666666667,1.817504384729328e-05,0.8804351729536867,0.7612838466737464,0.7418783378167102,0.0,0.0,0.0007426661715558856,0.0,0.5192174892781857,0.4903848318497654,0.5192174892781857,0.3862727022232743,0.010307337855959988,1.0,0.0006361265346552648,0.5016002025841184,0.2004293992077038,0.15435384436428704,0.0004846051333529483,0.0007666236281471917,0.0014853323431117712,0.0
Bot-IoT,RANDOM_L2,1,20,2048,2,2.6255297660827637,1.0292613506317139,38.931089627098935,0.9082921421821618,0.9203838549393883,0.9082921421821618,0.9068982803921409,0.8342872508054158,0.06666666666666667,1.817504384729328e-05,0.8804351729536867,0.7612838466737464,0.7418783378167102,0.0,0.0,0.0007426661715558856,0.0,0.5189812459111725,0.4886996864169972,0.5189812459111725,0.3851184667475124,0.006456136609502778,1.0,0.0004271135304113921,0.5005099904148084,0.2002256351097768,0.15145444829834645,0.00043268315477941813,0.00038331181407359586,0.0011139992573338284,0.0
Bot-IoT,FGSM,1,20,2048,3,2.6035501956939697,1.028252124786377,38.25870465944611,0.9067838191466163,0.920264603717935,0.9067838191466163,0.9052464285845402,0.8326084168118691,0.13333333333333333,1.817504384729328e-05,0.872173768040008,0.7394115599065962,0.7337973595293927,0.0,0.0,0.0007426661715558856,0.0,0.5241967725521552,0.3608983478568514,0.5241967725521552,0.361942577838829,-0.0034510995344043745,1.0,0.00017266291654928617,0.5076613736562561,0.20101296103408375,0.13955554388596286,0.0,0.0,0.007055328629780914,0.0
Bot-IoT,RANDOM_LINF,1,20,2048,3,2.6035501956939697,1.0504822731018066,38.404993821327324,0.9067838191466163,0.920264603717935,0.9067838191466163,0.9052464285845402,0.8326084168118691,0.13333333333333333,1.817504384729328e-05,0.872173768040008,0.7394115599065962,0.7337973595293927,0.0,0.0,0.0007426661715558856,0.0,0.522733880933343,0.48548076419844544,0.522733880933343,0.37130129092851194,0.0025916321953163815,1.0,0.00023627557001481265,0.5009440560237561,0.2001952253458596,0.14544302331521453,0.00025960989286765085,0.00014122014202711428,0.0014853323431117712,0.0
Bot-IoT,RANDOM_L2,1,20,2048,3,2.6035501956939697,1.051577091217041,38.3631969179327,0.9067838191466163,0.920264603717935,0.9067838191466163,0.9052464285845402,0.8326084168118691,0.13333333333333333,1.817504384729328e-05,0.872173768040008,0.7394115599065962,0.7337973595293927,0.0,0.0,0.0007426661715558856,0.0,0.5231518499672894,0.4832771660933026,0.5231518499672894,0.3709197417442475,0.0035933146063871547,1.0,0.0001999254823202261,0.5005099069499311,0.20011389186162845,0.14378792935964138,0.0001384586095294138,0.0002420916720464816,0.0007426661715558856,0.0
Bot-IoT,FGSM,2,5,1024,2,5.818451642990112,3.130955457687378,59.65054154248746,0.6755651668241622,0.7987100048168794,0.6755651668241622,0.6227024879591786,0.46585238728519984,0.13333333333333333,0.0,0.8086950159673062,0.7245651429487866,0.6258967670855659,0.0,0.0,0.0,0.0,0.07905975139928764,0.3193078113408742,0.07905975139928764,0.09592915432509305,-0.11946288978736126,0.9333333333333333,0.0001999254823202261,0.6639799978300018,0.2705582021409435,0.06219984870026833,1.7307326191176726e-05,2.0174306003873465e-05,0.007426661715558856,0.0
Bot-IoT,RANDOM_LINF,2,5,1024,2,5.818451642990112,4.539670944213867,36.9548229992004,0.6755651668241622,0.7987100048168794,0.6755651668241622,0.6227024879591786,0.46585238728519984,0.13333333333333333,0.0,0.8086950159673062,0.7245651429487866,0.6258967670855659,0.0,0.0,0.0,0.0,0.3060169368321582,0.5225045077860089,0.3060169368321582,0.34913707356987894,0.06028267647606648,1.0,0.009423760234821566,0.6987575223714741,0.21651884950592332,0.1566764206502628,0.007649838176500112,0.01192301484828922,0.0014853323431117712,0.0
Bot-IoT,RANDOM_L2,2,5,1024,2,5.818451642990112,4.314613103866577,38.46223740641128,0.6755651668241622,0.7987100048168794,0.6755651668241622,0.6227024879591786,0.46585238728519984,0.13333333333333333,0.0,0.8086950159673062,0.7245651429487866,0.6258967670855659,0.0,0.0,0.0,0.0,0.2909427927600494,0.5074741643932482,0.2909427927600494,0.33463846720600837,0.04252384636762481,0.9333333333333333,0.005507038285729864,0.6255958806547999,0.21148871125102464,0.14946727038782998,0.004465290157323595,0.006899612653324725,0.0022279985146676567,0.0
Bot-IoT,FGSM,2,5,1024,3,5.464712619781494,3.5940191745758057,56.615722904703055,0.7499091371665334,0.8298594011583219,0.7499091371665334,0.7260498059874341,0.5829443963959219,0.26666666666666666,9.08752192364664e-06,0.810597439745313,0.7273678567289683,0.6474927256210575,0.0,0.0,0.0003713330857779428,0.0,0.1837519081195028,0.4013474937666042,0.1837519081195028,0.17749866440594056,-0.16219851156518925,0.9333333333333333,0.003725883988695123,0.7116970196886987,0.2675640922358714,0.08402580200139928,0.0004846051333529483,6.05229180116204e-05,0.14073523950984032,0.0
Bot-IoT,RANDOM_LINF,2,5,1024,3,5.464712619781494,3.7859551906585693,38.56127789488987,0.7499091371665334,0.8298594011583219,0.7499091371665334,0.7260498059874341,0.5829443963959219,0.26666666666666666,9.08752192364664e-06,0.810597439745313,0.7273678567289683,0.6474927256210575,0.0,0.0,0.0003713330857779428,0.0,0.3642963582176347,0.4963738248094207,0.3642963582176347,0.36735892108356033,0.04886076903434173,0.8,0.002117392608209667,0.706043516580514,0.21473131968215595,0.17177362585659775,0.0017134252929264958,0.0023805681084570693,0.005941329372447085,0.0
Bot-IoT,RANDOM_L2,2,5,1024,3,5.464712619781494,3.8179450035095215,40.50846841607908,0.7499091371665334,0.8298594011583219,0.7499091371665334,0.7260498059874341,0.5829443963959219,0.26666666666666666,9.08752192364664e-06,0.810597439745313,0.7273678567289683,0.6474927256210575,0.0,0.0,0.0003713330857779428,0.0,0.34482445300574255,0.490269351362973,0.34482445300574255,0.3640260386468267,0.035179960287959444,0.9333333333333333,0.0020810425205150807,0.6626420908630438,0.21186860825543136,0.1644068004787674,0.0020076498381765002,0.002198999354422208,0.0014853323431117712,0.0
Bot-IoT,FGSM,2,5,2048,2,5.3929243087768555,8.307682514190674,45.05433597441302,0.6188122410409246,0.7787094503715799,0.6188122410409246,0.5298513497383266,0.37000769993793986,0.3333333333333333,0.0,0.816921305118967,0.7320757750260745,0.5598196919208105,0.0,0.0,0.0,0.0,0.16826888129679435,0.1712995620263257,0.16826888129679435,0.15324382324832522,-0.2632889233054515,0.9333333333333333,0.009132959533264874,0.6519550592548023,0.23060595070321374,0.07858086416185936,0.005590266359750082,0.008352162685603615,0.09951726698848867,0.0
Bot-IoT,RANDOM_LINF,2,5,2048,2,5.3929243087768555,6.288660049438477,20.799411208839132,0.6188122410409246,0.7787094503715799,0.6188122410409246,0.5298513497383266,0.37000769993793986,0.3333333333333333,0.0,0.816921305118967,0.7320757750260745,0.5598196919208105,0.0,0.0,0.0,0.0,0.4108181289525333,0.5409738735827045,0.4108181289525333,0.43418462360210547,0.10055789444703493,0.9333333333333333,0.0069973918812079134,0.7429224996573657,0.23530890864427825,0.20169715215319672,0.005296041814500078,0.00913896061975468,0.004084663943557371,0.0
Bot-IoT,RANDOM_L2,2,5,2048,2,5.3929243087768555,6.178260803222656,23.146398197281382,0.6188122410409246,0.7787094503715799,0.6188122410409246,0.5298513497383266,0.37000769993793986,0.3333333333333333,0.0,0.816921305118967,0.7320757750260745,0.5598196919208105,0.0,0.0,0.0,0.0,0.38734825906811077,0.5227545819088395,0.38734825906811077,0.41450110497226417,0.07311626086646755,0.9333333333333333,0.00700647940313156,0.6761297461708405,0.2209224442368783,0.18971499246130027,0.006351788712161858,0.007807456423499032,0.0063126624582250275,0.0
Bot-IoT,FGSM,2,5,2048,3,5.478910207748413,2.987081289291382,57.764229119720866,0.6237733517482009,0.7789118595901519,0.6237733517482009,0.5388394776246377,0.3780875982493512,0.26666666666666666,0.0,0.8118632271830684,0.6687519393794443,0.5729929671590778,0.0,0.0,0.0,0.0,0.046131060550992226,0.4041931169929886,0.046131060550992226,0.04121241212613348,-0.1921244174760931,0.9333333333333333,0.002226442871293427,0.6243575770030674,0.2516990528890037,0.028911197107993496,0.0014711227262500215,0.0001815687540348612,0.05607129595246937,0.0
Bot-IoT,RANDOM_LINF,2,5,2048,3,5.478910207748413,4.59514307975769,32.70425964963292,0.6237733517482009,0.7789118595901519,0.6237733517482009,0.5388394776246377,0.3780875982493512,0.26666666666666666,0.0,0.8118632271830684,0.6687519393794443,0.5729929671590778,0.0,0.0,0.0,0.0,0.29673075525187176,0.5050874572532977,0.29673075525187176,0.3290160556383581,0.042408644686839775,0.9333333333333333,0.004434710698739561,0.7166030172515666,0.21474065238090917,0.14832527604049553,0.0040152996763530005,0.004902356358941253,0.004827330115113257,0.0
Bot-IoT,RANDOM_L2,2,5,2048,3,5.478910207748413,4.306014776229858,33.30395435051246,0.6237733517482009,0.7789118595901519,0.6237733517482009,0.5388394776246377,0.3780875982493512,0.26666666666666666,0.0,0.8118632271830684,0.6687519393794443,0.5729929671590778,0.0,0.0,0.0,0.0,0.29073380824307626,0.5019542803195851,0.29073380824307626,0.318756492724107,0.03386864139407438,1.0,0.0034259957652147837,0.6374140771219683,0.21027722987607317,0.141271361064836,0.00290763080011769,0.004034861200774694,0.0033419977720014855,0.0
Bot-IoT,FGSM,2,10,1024,2,3.968163251876831,3.7426037788391113,65.29948389910591,0.7073398996874318,0.8104757360352234,0.7073398996874318,0.6691435812338048,0.5159520125344982,0.13333333333333333,0.0,0.8351782217240846,0.764584777415714,0.6459244077163813,0.0,0.0,0.0,0.0,0.05434506069637276,0.1430887403742785,0.05434506069637276,0.0461649920215628,-0.29835793338616196,0.8,0.07473578030006997,0.6828708960348775,0.24825239614122857,0.03178085238606213,0.11805327195001644,0.020234828921885085,0.14853323431117713,0.0
Bot-IoT,RANDOM_LINF,2,10,1024,2,3.968163251876831,6.6021082401275635,29.892963582176346,0.7073398996874318,0.8104757360352234,0.7073398996874318,0.6691435812338048,0.5159520125344982,0.13333333333333333,0.0,0.8351782217240846,0.764584777415714,0.6459244077163813,0.0,0.0,0.0,0.0,0.40841026386566837,0.5427917531138642,0.40841026386566837,0.43132672771066904,0.08724061531323996,0.8666666666666667,0.041884388546087364,0.5731927920498039,0.21606659933708094,0.1976592736636528,0.041676041468353554,0.04172046481601033,0.049387300408466395,0.0
Bot-IoT,RANDOM_L2,2,10,1024,2,3.968163251876831,6.449018239974976,33.15766518863124,0.7073398996874318,0.8104757360352234,0.7073398996874318,0.6691435812338048,0.5159520125344982,0.13333333333333333,0.0,0.8351782217240846,0.764584777415714,0.6459244077163813,0.0,0.0,0.0,0.0,0.3757632478011194,0.5202959909765114,0.3757632478011194,0.403320356090837,0.052051586578778355,0.9333333333333333,0.04756408974836652,0.5554774917554045,0.2092240210484769,0.17904692913785972,0.04799321552813306,0.046703518398967074,0.05421463052357965,0.0
Bot-IoT,FGSM,2,10,1024,3,3.8019518852233887,9.098289251327515,36.79036127062587,0.7728883477502363,0.8393468862667168,0.7728883477502363,0.7551709578841266,0.617463859004172,0.26666666666666666,0.0,0.832389508763217,0.5865579643158882,0.6662162910777036,0.0,0.0,0.0,0.0,0.4049847350439776,0.33310532606766763,0.4049847350439776,0.3384624377531667,-0.13574542670853562,0.9333333333333333,0.014485509946292746,0.6793280121316944,0.2580354477548611,0.19110397078241087,0.002076879142941207,0.02816333118140736,0.028963980690679538,0.0
Bot-IoT,RANDOM_LINF,2,10,1024,3,3.8019518852233887,8.371962308883667,31.08235807225413,0.7728883477502363,0.8393468862667168,0.7728883477502363,0.7551709578841266,0.617463859004172,0.26666666666666666,0.0,0.832389508763217,0.5865579643158882,0.6662162910777036,0.0,0.0,0.0,0.0,0.462064767027695,0.5353739248622363,0.462064767027695,0.46818928722734665,0.098255266834993,0.8666666666666667,0.007279105060840959,0.7541792576018168,0.22220522611994142,0.21820710920546066,0.006230637428823621,0.007383795997417689,0.027849981433345713,0.0
Bot-IoT,RANDOM_L2,2,10,1024,3,3.8019518852233887,8.780749320983887,34.25801410191176,0.7728883477502363,0.8393468862667168,0.7728883477502363,0.7551709578841266,0.617463859004172,0.26666666666666666,0.0,0.832389508763217,0.5865579643158882,0.6662162910777036,0.0,0.0,0.0,0.0,0.4303082067311187,0.51367898503562,0.4303082067311187,0.4466588291047027,0.05811119477700851,0.9333333333333333,0.00914204705518852,0.5862446132550978,0.21247456815354235,0.19912080659090842,0.009120960902750134,0.00827146546158812,0.025621982918678055,0.0
Bot-IoT,FGSM,2,10,2048,2,4.019976854324341,9.89723014831543,63.841135421966996,0.7512720796685324,0.828447423177252,0.7512720796685324,0.7281775223535535,0.5835104784071883,0.13333333333333333,0.0,0.8305123697637165,0.8003382273198353,0.6712348116566302,0.0,0.0,0.0,0.0,0.1128607254488624,0.18975766195263183,0.1128607254488624,0.12461699250180984,-0.3109141180370085,0.9333333333333333,0.008396870257449496,0.48428175589507416,0.25103620442803926,0.07118512785165007,0.00017307326191176725,0.01664380245319561,0.03304864463423691,0.0
Bot-IoT,RANDOM_LINF,2,10,2048,2,4.019976854324341,9.102503061294556,32.3707930508105,0.7512720796685324,0.828447423177252,0.7512720796685324,0.7281775223535535,0.5835104784071883,0.13333333333333333,0.0,0.8305123697637165,0.8003382273198353,0.6712348116566302,0.0,0.0,0.0,0.0,0.4275641491604274,0.5321028476175836,0.4275641491604274,0.4509885513397961,0.09096337038507278,0.8666666666666667,0.027453403731336503,0.614685125719258,0.22268767479757295,0.21277648961601175,0.02722442409872099,0.028405422853453842,0.014853323431117713,0.0
Bot-IoT,RANDOM_L2,2,10,2048,2,4.019976854324341,8.173451662063599,35.840844660899904,0.7512720796685324,0.828447423177252,0.7512720796685324,0.7281775223535535,0.5835104784071883,0.13333333333333333,0.0,0.8305123697637165,0.8003382273198353,0.6712348116566302,0.0,0.0,0.0,0.0,0.3928636330595333,0.5109003554932222,0.3928636330595333,0.4261840838766651,0.05587983134459246,0.8666666666666667,0.032524240964731325,0.681936191164605,0.21347238225369933,0.19466730327611215,0.03252046591322107,0.03318673337637185,0.020423319717786857,0.0
Bot-IoT,FGSM,2,10,2048,3,3.8111231327056885,7.602685451507568,45.9338882023697,0.740541179036127,0.8221193504893999,0.740541179036127,0.7145907370758732,0.5657886614448349,0.3333333333333333,0.0,0.835342099508542,0.8040859998275455,0.6396152325920594,0.0,0.0,0.0,0.0,0.28120229701243005,0.32015865691322093,0.28120229701243005,0.28853408971674777,-0.2208952480836133,0.9333333333333333,0.012613480430021537,0.5542559722809332,0.19571755467753943,0.13990239799900867,0.01855345367694145,0.002158650742414461,0.07760861492759005,0.0
Bot-IoT,RANDOM_LINF,2,10,2048,3,3.8111231327056885,8.625123262405396,32.77058951806353,0.740541179036127,0.8221193504893999,0.740541179036127,0.7145907370758732,0.5657886614448349,0.3333333333333333,0.0,0.835342099508542,0.8040859998275455,0.6396152325920594,0.0,0.0,0.0,0.0,0.41283528385549173,0.5273572790080261,0.41283528385549173,0.4122886924165058,0.07509930700214022,0.7333333333333333,0.04223880190110959,0.7067416823538182,0.219017019605693,0.1934482795381736,0.043320237456515344,0.04208360232408005,0.021908652060898627,0.0
Bot-IoT,RANDOM_L2,2,10,2048,3,3.8111231327056885,8.118628025054932,34.63236897579414,0.740541179036127,0.8221193504893999,0.740541179036127,0.7145907370758732,0.5657886614448349,0.3333333333333333,0.0,0.835342099508542,0.8040859998275455,0.6396152325920594,0.0,0.0,0.0,0.0,0.3942174892781857,0.5139623244828389,0.3942174892781857,0.39681561459907766,0.05161582618901716,0.8,0.041602675366454324,0.6035949038087423,0.21162701369746778,0.179644255418133,0.04174527077311826,0.04161959328599096,0.03824730783512811,0.0
Bot-IoT,FGSM,2,15,1024,2,3.584033489227295,9.859180688858032,69.68179835719997,0.7953678127498728,0.8502844809277418,0.7953678127498728,0.7823765955598202,0.6520335238994843,0.26666666666666666,0.0,0.8445620235986304,0.6098226327330065,0.6778470934741556,0.0,0.0,0.0,0.0,0.09854982917787308,0.09791846535897679,0.09854982917787308,0.0973376340965016,-0.68906758928736,0.9333333333333333,0.0051980625403258785,0.3993189865839384,0.19414130339718566,0.07230323635834794,0.0009692102667058966,0.005668979987088444,0.08726327515781657,0.0
Bot-IoT,RANDOM_LINF,2,15,1024,2,3.584033489227295,6.082884311676025,28.651777277022607,0.7953678127498728,0.8502844809277418,0.7953678127498728,0.7823765955598202,0.6520335238994843,0.26666666666666666,0.0,0.8445620235986304,0.6098226327330065,0.6778470934741556,0.0,0.0,0.0,0.0,0.5088500399796467,0.5359601946235487,0.5088500399796467,0.4852956658390699,0.09728614868752397,0.8,0.013940258630873947,0.5955859134874206,0.21384811409064927,0.23264336612978204,0.010384395714706035,0.016220142027114266,0.04827330115113257,0.0
Bot-IoT,RANDOM_L2,2,15,1024,2,3.584033489227295,5.554060220718384,30.32637929781202,0.7953678127498728,0.8502844809277418,0.7953678127498728,0.7823765955598202,0.6520335238994843,0.26666666666666666,0.0,0.8445620235986304,0.6098226327330065,0.6778470934741556,0.0,0.0,0.0,0.0,0.49210401977175255,0.5174016632774161,0.49210401977175255,0.46529157381726327,0.06330000711719233,0.9333333333333333,0.015657800274443162,0.5561281489696102,0.20837818453166718,0.21129896762653191,0.01320548988386784,0.017470948999354422,0.034905310063126624,0.0
Bot-IoT,FGSM,2,15,1024,3,3.7376484870910645,2.571873188018799,32.73878752635023,0.7668550556080541,0.834966525340397,0.7668550556080541,0.7479764233462152,0.606977396848689,0.13333333333333333,0.0,0.8325817691673543,0.5525469175529925,0.679671200996429,0.0,0.0,0.0,0.0,0.43946718034455184,0.31411305854017824,0.43946718034455184,0.3528007580149525,-0.048145521639262966,0.9333333333333333,0.0032260702828945573,0.6160479629204987,0.20827044582436574,0.1485592590977618,0.0010903615500441337,0.0001815687540348612,0.10508726327515781,0.0
Bot-IoT,RANDOM_LINF,2,15,1024,3,3.7376484870910645,5.012777805328369,30.650759613287782,0.7668550556080541,0.834966525340397,0.7668550556080541,0.7479764233462152,0.606977396848689,0.13333333333333333,0.0,0.8325817691673543,0.5525469175529925,0.679671200996429,0.0,0.0,0.0,0.0,0.4603474594751763,0.5359627442422878,0.4603474594751763,0.435713401743619,0.073447887518542,0.8666666666666667,0.02099217564362374,0.5858045441524331,0.210861076214452,0.19634073590012818,0.021686079717544438,0.02019448030987734,0.0207946528035648,0.0
Bot-IoT,RANDOM_L2,2,15,1024,3,3.7376484870910645,4.532784461975098,30.723449880061064,0.7668550556080541,0.834966525340397,0.7668550556080541,0.7479764233462152,0.606977396848689,0.13333333333333333,0.0,0.8325817691673543,0.5525469175529925,0.679671200996429,0.0,0.0,0.0,0.0,0.45962055680744346,0.5195479373140268,0.45962055680744346,0.4227437832220268,0.049727721972308174,0.8,0.0189383956888796,0.5556397391152978,0.20711932906499456,0.1867852847324799,0.01893421485314734,0.0190848934796643,0.016338655774229483,0.0
Bot-IoT,FGSM,2,15,2048,2,3.5772552490234375,3.3336410522460938,39.86243367013157,0.8096332776041288,0.8566748476801092,0.8096332776041288,0.7992851896071891,0.6733118681369109,0.13333333333333333,0.0,0.830436501544059,0.7632602395213238,0.7015584306499579,0.0,0.0,0.0,0.0,0.4110089409028131,0.4425651232504058,0.4110089409028131,0.3205925276493392,-0.07290290618431025,0.9333333333333333,0.0021900927835988406,0.5965652028590555,0.24769516663958163,0.1664186512261461,0.0037556897834853495,0.00020174306003873467,0.0051986632008912,0.0
Bot-IoT,RANDOM_LINF,2,15,2048,2,3.5772552490234375,5.132923126220703,34.698698844224765,0.8096332776041288,0.8566748476801092,0.8096332776041288,0.7992851896071891,0.6733118681369109,0.13333333333333333,0.0,0.830436501544059,0.7632602395213238,0.7015584306499579,0.0,0.0,0.0,0.0,0.4626462891618812,0.5125301993416013,0.4626462891618812,0.4101327280807402,0.058100935434662916,0.8666666666666667,0.02156468952481348,0.6786361127615825,0.2116219151321485,0.19463331178288554,0.021149552605617957,0.022131213686249193,0.02005198663200891,0.0
Bot-IoT,RANDOM_L2,2,15,2048,2,3.5772552490234375,4.47512674331665,35.63549465726539,0.8096332776041288,0.8566748476801092,0.8096332776041288,0.7992851896071891,0.6733118681369109,0.13333333333333333,0.0,0.830436501544059,0.7632602395213238,0.7015584306499579,0.0,0.0,0.0,0.0,0.4532783310314749,0.5000222420481519,0.4532783310314749,0.4001852300187025,0.040301088342940834,0.8666666666666667,0.021873665270217463,0.57021858951192,0.20712616972456793,0.18270429075433067,0.02097647934370619,0.02293818592640413,0.021537318975120682,0.0
Bot-IoT,FGSM,2,15,2048,3,3.5795907974243164,2.2019991874694824,34.14352693174384,0.7863723922366795,0.8462400453995086,0.7863723922366795,0.7715415373197879,0.6385217983149699,0.13333333333333333,0.0,0.8484324233113169,0.8341761523886412,0.6897435879707061,0.0,0.0,0.0,0.0,0.4449371229192411,0.5604640495516774,0.4449371229192411,0.3358414083215336,-0.04875927336970206,0.9333333333333333,0.0259721376577821,0.6720070622002173,0.22123068270345625,0.15924649894461695,0.026601360355838627,0.0009885409941898,0.47233568510954327,0.0
Bot-IoT,RANDOM_LINF,2,15,2048,3,3.5795907974243164,5.861327648162842,32.90870102493276,0.7863723922366795,0.8462400453995086,0.7863723922366795,0.7715415373197879,0.6385217983149699,0.13333333333333333,0.0,0.8484324233113169,0.8341761523886412,0.6897435879707061,0.0,0.0,0.0,0.0,0.4572853819873519,0.5130717704156285,0.4572853819873519,0.39201536109436713,0.05470106508128544,0.8666666666666667,0.024827109895402624,0.6938199404068269,0.21329344241654113,0.18311352487278187,0.02509562297720625,0.024874919302775984,0.0181953212031192,0.0
Bot-IoT,RANDOM_L2,2,15,2048,3,3.5795907974243164,5.611944913864136,33.793705022897434,0.7863723922366795,0.8462400453995086,0.7863723922366795,0.7715415373197879,0.6385217983149699,0.13333333333333333,0.0,0.8484324233113169,0.8341761523886412,0.6897435879707061,0.0,0.0,0.0,0.0,0.4484353420077052,0.4940103054368853,0.4484353420077052,0.38489090070698867,0.033574931414670085,0.8666666666666667,0.021192101125943965,0.561669436003543,0.20809822320420684,0.1716329817376482,0.020214956991294414,0.022211910910264688,0.023393984404010398,0.0
Bot-IoT,FGSM,2,20,1024,2,3.209678888320923,2.371946096420288,30.139201860870823,0.8238987424583848,0.8670135051406517,0.8238987424583848,0.8153023392083231,0.6977550404779508,0.13333333333333333,0.0,0.8960320818296867,0.6455921124945029,0.7083649600110093,0.0,0.0,0.0,0.0,0.5225067238496766,0.6061849671624628,0.5225067238496766,0.3977078893654475,0.05088466620261925,0.9333333333333333,0.003053407366345271,0.5284574538096639,0.2212030266242213,0.17439488108568907,0.0057114176430883195,0.0001210458360232408,0.0,0.0
Bot-IoT,RANDOM_LINF,2,20,1024,2,3.209678888320923,2.228079080581665,32.90597513992876,0.8238987424583848,0.8670135051406517,0.8238987424583848,0.8153023392083231,0.6977550404779508,0.13333333333333333,0.0,0.8960320818296867,0.6455921124945029,0.7083649600110093,0.0,0.0,0.0,0.0,0.4948389910590972,0.4996508948868807,0.4948389910590972,0.40022018451814084,0.03729555703773586,0.9333333333333333,0.008624058305540663,0.5563942858147388,0.20610453310103738,0.18049367198241714,0.007217155021720694,0.010188024531956101,0.010025993316004456,0.0
Bot-IoT,RANDOM_L2,2,20,1024,2,3.209678888320923,1.9836912155151367,32.495275132659735,0.8238987424583848,0.8670135051406517,0.8238987424583848,0.8153023392083231,0.6977550404779508,0.13333333333333333,0.0,0.8960320818296867,0.6455921124945029,0.7083649600110093,0.0,0.0,0.0,0.0,0.49894599113178745,0.49697617353279494,0.49894599113178745,0.3996456849485913,0.025284256210218747,0.9333333333333333,0.006543015785025581,0.5204158573853714,0.2033933980177765,0.17595778770214013,0.0060056421883383235,0.007242575855390575,0.0051986632008912,0.0
Bot-IoT,FGSM,2,20,1024,3,3.123924732208252,1.2497169971466064,26.92265755615324,0.7892527440575707,0.8465587361963979,0.7892527440575707,0.7751896122899467,0.6420596500390516,0.3333333333333333,0.0,0.8860474366304032,0.868078608999145,0.6654950256759603,0.0,0.0,0.0,0.0,0.5200261684960383,0.3481745878252042,0.5200261684960383,0.3702441387312828,0.03905052674792193,0.9333333333333333,0.000990539889677484,0.626823525646349,0.21089763183960453,0.1871356577225037,8.653663095588362e-05,0.001997256294383473,0.001856665428889714,0.0
Bot-IoT,RANDOM_LINF,2,20,1024,3,3.123924732208252,1.9829001426696777,28.006651159409756,0.7892527440575707,0.8465587361963979,0.7892527440575707,0.7751896122899467,0.6420596500390516,0.3333333333333333,0.0,0.8860474366304032,0.868078608999145,0.6654950256759603,0.0,0.0,0.0,0.0,0.5091862324634732,0.4926833525123249,0.5091862324634732,0.39216861642347856,0.03242965960959298,0.9333333333333333,0.003135195063658091,0.5342719084654817,0.20598178253584454,0.18284295791332003,0.0026307135810588623,0.003288411878631375,0.011139992573338284,0.0
Bot-IoT,RANDOM_L2,2,20,1024,3,3.123924732208252,1.7514574527740479,27.99574761939376,0.7892527440575707,0.8465587361963979,0.7892527440575707,0.7751896122899467,0.6420596500390516,0.3333333333333333,0.0,0.8860474366304032,0.868078608999145,0.6654950256759603,0.0,0.0,0.0,0.0,0.5092952678636331,0.4983962450253828,0.5092952678636331,0.3853651365320577,0.021995289807442826,0.9333333333333333,0.002989794712879745,0.5172476017816356,0.2025224930183902,0.16778814699878583,0.0029249381263088663,0.002864751452550032,0.006683995544002971,0.0
Bot-IoT,FGSM,2,20,2048,2,3.185718297958374,1.947099208831787,39.25546994257469,0.8184742313004288,0.8619576189056581,0.8184742313004288,0.8094048610957717,0.6875248568548552,0.13333333333333333,9.08752192364664e-06,0.8846787310453592,0.8554472749603912,0.6994110260637938,0.0,0.0,0.0003713330857779428,0.0,0.42591953187468196,0.36441774148643497,0.42591953187468196,0.32938144220141075,-0.11611849269322508,0.9333333333333333,0.01899292082042148,0.5264020559171476,0.20332366449237,0.1419588417348525,0.032797383132279895,0.0007666236281471917,0.058299294467137025,0.0
Bot-IoT,RANDOM_LINF,2,20,2048,2,3.185718297958374,2.6168200969696045,32.04277822199607,0.8184742313004288,0.8619576189056581,0.8184742313004288,0.8094048610957717,0.6875248568548552,0.13333333333333333,9.08752192364664e-06,0.8846787310453592,0.8554472749603912,0.6994110260637938,0.0,0.0,0.0003713330857779428,0.0,0.49804644908046813,0.5173069542941712,0.49804644908046813,0.3936009677466941,0.05133869843902388,0.9333333333333333,0.00838778273552585,0.5482632120069911,0.20965172851862213,0.1875678378476502,0.007199847695529517,0.008654777275661718,0.028963980690679538,0.0
Bot-IoT,RANDOM_L2,2,20,2048,2,3.185718297958374,2.1503419876098633,31.738387729882966,0.8184742313004288,0.8619576189056581,0.8184742313004288,0.8094048610957717,0.6875248568548552,0.13333333333333333,9.08752192364664e-06,0.8846787310453592,0.8554472749603912,0.6994110260637938,0.0,0.0,0.0003713330857779428,0.0,0.5010903540015992,0.5025028688541141,0.5010903540015992,0.39213427921950533,0.03131272504903023,0.8666666666666667,0.008106069555892803,0.5375819435846598,0.2039692482721965,0.17548212302629598,0.007338306305058931,0.008291639767591995,0.02116598588934274,0.0
Bot-IoT,FGSM,2,20,2048,3,3.0582761764526367,1.3239140510559082,26.292978120229698,0.7451751835429236,0.8253704252375653,0.7451751835429236,0.7203858527591109,0.5738540014819523,0.06666666666666667,1.817504384729328e-05,0.884958516259782,0.83513424923496,0.6627978572474464,0.0,0.0,0.0007426661715558856,0.0,0.48224540234062657,0.605857384508176,0.48224540234062657,0.3472133515892564,-0.05665188405354814,0.9333333333333333,0.0023445806563008333,0.5124903406504379,0.2028856765734135,0.14657640132492866,0.0,0.0,0.09580393613070924,0.0
Bot-IoT,RANDOM_LINF,2,20,2048,3,3.0582761764526367,2.4532549381256104,23.845133386639528,0.7451751835429236,0.8253704252375653,0.7451751835429236,0.7203858527591109,0.5738540014819523,0.06666666666666667,1.817504384729328e-05,0.884958516259782,0.83513424923496,0.6627978572474464,0.0,0.0,0.0007426661715558856,0.0,0.5067238496765283,0.5080527285573948,0.5067238496765283,0.3735138207068206,0.03784315621534763,0.9333333333333333,0.00849683299860961,0.5457725736851123,0.2068686822636024,0.17133075458239316,0.008255594593191298,0.00901791478373144,0.004084663943557371,0.0
Bot-IoT,RANDOM_L2,2,20,2048,3,3.0582761764526367,2.0864005088806152,23.851493784982193,0.7451751835429236,0.8253704252375653,0.7451751835429236,0.7203858527591109,0.5738540014819523,0.06666666666666667,1.817504384729328e-05,0.884958516259782,0.83513424923496,0.6627978572474464,0.0,0.0,0.0007426661715558856,0.0,0.5066602456931016,0.49227774840700445,0.5066602456931016,0.37335126049792045,0.02461273458776793,1.0,0.006034114557301369,0.5227564980491717,0.20399318087290846,0.16422539881797632,0.0057806469478530265,0.006274209167204648,0.007055328629780914,0.0
Bot-IoT,FGSM,4,5,1024,2,9.264124155044556,4.379136562347412,68.37337355528095,0.7636839427200698,0.8366304628381487,0.7636839427200698,0.7434395807654625,0.6045639946779271,0.13333333333333333,0.0,0.8255992125109703,0.6864701343806298,0.6777769348252318,0.0,0.0,0.0,0.0,0.0799502071672603,0.45958004429439564,0.0799502071672603,0.10079691737796502,-0.21982473292916546,0.9333333333333333,0.0036350087694586564,0.6256393621996216,0.2703113624720337,0.056201811970795525,6.92293047647069e-05,0.0007262750161394448,0.13367991088005943,0.0
Bot-IoT,RANDOM_LINF,4,5,1024,2,9.264124155044556,4.964942216873169,43.80951515592063,0.7636839427200698,0.8366304628381487,0.7636839427200698,0.7434395807654625,0.6045639946779271,0.13333333333333333,0.0,0.8255992125109703,0.6864701343806298,0.6777769348252318,0.0,0.0,0.0,0.0,0.32558879116086353,0.5471075324763411,0.32558879116086353,0.3811812961549004,0.08387575837113213,0.8666666666666667,0.01290428113157823,0.7538513085824972,0.227020606604711,0.172664050298821,0.012703577424323716,0.013315041962556487,0.009654660230226514,0.0
Bot-IoT,RANDOM_L2,4,5,1024,2,9.264124155044556,4.914387464523315,46.14741586101621,0.7636839427200698,0.8366304628381487,0.7636839427200698,0.7434395807654625,0.6045639946779271,0.13333333333333333,0.0,0.8255992125109703,0.6864701343806298,0.6777769348252318,0.0,0.0,0.0,0.0,0.3022097841099077,0.527277689370024,0.3022097841099077,0.3605163684542279,0.06198444330642262,0.9333333333333333,0.010259812251797057,0.7065347171261885,0.2193520360257201,0.16257537390327195,0.00988248325516191,0.011015171078114913,0.004455997029335313,0.0
Bot-IoT,FGSM,4,5,1024,3,9.020901679992676,4.007192611694336,78.8044268372465,0.8315403067529258,0.8721710257884925,0.8315403067529258,0.8238451257686876,0.7104999884405246,0.13333333333333333,0.0,0.8267237679412774,0.7978242098237015,0.7119400580363924,0.0,0.0,0.0,0.0,0.04349603838046086,0.09958350404857091,0.04349603838046086,0.03430994469357408,-0.33119563705561034,0.9333333333333333,0.006115902254614189,0.5968666084839345,0.24540967494488583,0.02719536901683205,0.005451807750220668,0.0002420916720464816,0.12848124767916821,0.0
Bot-IoT,RANDOM_LINF,4,5,1024,3,9.020901679992676,5.5477683544158936,50.005451770007994,0.8315403067529258,0.8721710257884925,0.8315403067529258,0.8238451257686876,0.7104999884405246,0.13333333333333333,0.0,0.8267237679412774,0.7978242098237015,0.7119400580363924,0.0,0.0,0.0,0.0,0.3314857890528458,0.5200662093051859,0.3314857890528458,0.37680948671968406,0.06385749180022861,0.8,0.00800610681473269,0.7109720112814901,0.22988645056812987,0.17232726684229144,0.007147925716955987,0.008977566171723692,0.008540660972892685,0.0
Bot-IoT,RANDOM_L2,4,5,1024,3,9.020901679992676,5.408756732940674,52.45965690194083,0.8315403067529258,0.8721710257884925,0.8315403067529258,0.8238451257686876,0.7104999884405246,0.13333333333333333,0.0,0.8267237679412774,0.7978242098237015,0.7119400580363924,0.0,0.0,0.0,0.0,0.30694373773351746,0.5093722865210168,0.30694373773351746,0.3534116421988315,0.048246966008047315,0.9333333333333333,0.006706591179651221,0.730938682880713,0.21643039793504282,0.15918059608077226,0.006144100797867738,0.007444318915429309,0.0051986632008912,0.0
Bot-IoT,FGSM,4,5,2048,2,8.985461473464966,4.802088737487793,75.19262920694918,0.8457330813404085,0.8798394413162748,0.8457330813404085,0.83978641896106,0.7324860369805157,0.13333333333333333,0.0,0.8178369843905292,0.6686486190397717,0.718686661959804,0.0,0.0,0.0,0.0,0.09380678927091662,0.4316794059674259,0.09380678927091662,0.12400113865344055,-0.13797953143151623,0.9333333333333333,0.0058978017284466696,0.6522990140621235,0.25894649296113825,0.06531498436826144,0.003997992350161824,0.0007867979341510652,0.14073523950984032,0.0
Bot-IoT,RANDOM_LINF,4,5,2048,2,8.985461473464966,5.278114080429077,60.701824525696004,0.8457330813404085,0.8798394413162748,0.8457330813404085,0.83978641896106,0.7324860369805157,0.13333333333333333,0.0,0.8178369843905292,0.6686486190397717,0.718686661959804,0.0,0.0,0.0,0.0,0.23871483608344843,0.5207075839414844,0.23871483608344843,0.30236849645657327,0.04987547621364855,0.8666666666666667,0.005679701202279151,0.7709930208567,0.2372421959916337,0.13790235694924355,0.004690285397808892,0.00704083279535184,0.001856665428889714,0.0
Bot-IoT,RANDOM_L2,4,5,2048,2,8.985461473464966,5.188596725463867,63.04517700079959,0.8457330813404085,0.8798394413162748,0.8457330813404085,0.83978641896106,0.7324860369805157,0.13333333333333333,0.0,0.8178369843905292,0.6686486190397717,0.718686661959804,0.0,0.0,0.0,0.0,0.2152813113324126,0.5142760124408964,0.2152813113324126,0.2763831808210353,0.04022352157368658,0.9333333333333333,0.004879999272998246,0.706606253178726,0.21971913324438264,0.1254841999856917,0.004188372938264767,0.005810200129115558,0.0025993316004456,0.0
Bot-IoT,FGSM,4,5,2048,3,8.585838556289673,4.6654627323150635,63.107872355891544,0.7407683361197935,0.8238630518454151,0.7407683361197935,0.714559524105613,0.5673920881863332,0.13333333333333333,0.0,0.8125226743003175,0.7310056711112883,0.6654007455787713,0.0,0.0,0.0,0.0,0.1096896125608781,0.4355645755424088,0.1096896125608781,0.1488809723269575,-0.06461956412415643,0.9333333333333333,0.02429094610190747,0.5609124595299262,0.2462456247001475,0.07550194808327894,0.03300507104657401,0.007303098773402195,0.1500185666542889,0.0
Bot-IoT,RANDOM_LINF,4,5,2048,3,8.585838556289673,5.815046072006226,40.441229919313805,0.7407683361197935,0.8238630518454151,0.7407683361197935,0.714559524105613,0.5673920881863332,0.13333333333333333,0.0,0.8125226743003175,0.7310056711112883,0.6654007455787713,0.0,0.0,0.0,0.0,0.3363560369266555,0.49196325846576794,0.3363560369266555,0.3701425126549983,0.04749173994053057,0.8666666666666667,0.009487372888287092,0.7645764914877452,0.2231757255429942,0.16981621891243828,0.00797867737413247,0.011216914138153648,0.010025993316004456,0.0
Bot-IoT,RANDOM_L2,4,5,2048,3,8.585838556289673,5.909154653549194,41.665152286108885,0.7407683361197935,0.8238630518454151,0.7407683361197935,0.714559524105613,0.5673920881863332,0.13333333333333333,0.0,0.8125226743003175,0.7310056711112883,0.6654007455787713,0.0,0.0,0.0,0.0,0.3241168132587047,0.4921529276591544,0.3241168132587047,0.3633952280630186,0.04028647150210908,0.8,0.010923201352223261,0.7237230027041355,0.21824676124168968,0.16563513487269324,0.010107478495647207,0.011862491930277599,0.011139992573338284,0.0
Bot-IoT,FGSM,4,10,1024,2,5.865027189254761,10.888612031936646,63.78298320854837,0.8196281892854547,0.8651893538030746,0.8196281892854547,0.8103461970747182,0.6915062955326204,0.13333333333333333,0.0,0.8337353536981755,0.8229052577897218,0.7062237332762942,0.0,0.0,0.0,0.0,0.18179835719997092,0.2910586610860977,0.18179835719997092,0.17323126367373065,-0.20772806711356812,0.9333333333333333,0.008851246353631829,0.6105142544505119,0.2343959968307085,0.08160766719389506,0.004205680264455944,0.001856036152356359,0.23728184181210546,0.0
Bot-IoT,RANDOM_LINF,4,10,1024,2,5.865027189254761,9.938568830490112,41.58519299265828,0.8196281892854547,0.8651893538030746,0.8196281892854547,0.8103461970747182,0.6915062955326204,0.13333333333333333,0.0,0.8337353536981755,0.8229052577897218,0.7062237332762942,0.0,0.0,0.0,0.0,0.40377625935887185,0.5399225837124023,0.40377625935887185,0.44899190425968444,0.09768699014381503,0.8666666666666667,0.013413182359302441,0.738525928085492,0.2230233036258666,0.20806358512608897,0.013015109295764897,0.013698353776630083,0.01670998886000743,0.0
Bot-IoT,RANDOM_L2,4,10,1024,2,5.865027189254761,10.746632814407349,43.933088609435195,0.8196281892854547,0.8651893538030746,0.8196281892854547,0.8103461970747182,0.6915062955326204,0.13333333333333333,0.0,0.8337353536981755,0.8229052577897218,0.7062237332762942,0.0,0.0,0.0,0.0,0.3802973031911027,0.5223078281560174,0.3802973031911027,0.42636294289167825,0.0690748858455445,0.8,0.014512772512063685,0.7244742479410675,0.21512169932493644,0.19375085737868653,0.014572768652970802,0.014464977404777276,0.014110657259561827,0.0
Bot-IoT,FGSM,4,10,1024,3,5.9078521728515625,9.084554195404053,68.89583484771389,0.8375009086283347,0.8741252160320819,0.8375009086283347,0.8307378587455386,0.7186697366570333,0.13333333333333333,0.0,0.8370538583960471,0.8317023400796042,0.7148701243623854,0.0,0.0,0.0,0.0,0.14854256015119577,0.5189007927656186,0.14854256015119577,0.1891612860511794,-0.2048162603216965,0.9333333333333333,0.03302405467053189,0.6784053369705193,0.24824885782857264,0.08773468855436727,0.04550096055660361,0.017249031633311814,0.055699962866691426,0.0
Bot-IoT,RANDOM_LINF,4,10,1024,3,5.9078521728515625,11.507320880889893,47.48491676964455,0.8375009086283347,0.8741252160320819,0.8375009086283347,0.8307378587455386,0.7186697366570333,0.13333333333333333,0.0,0.8370538583960471,0.8317023400796042,0.7148701243623854,0.0,0.0,0.0,0.0,0.36265174093188923,0.5219505951877216,0.36265174093188923,0.4049334564314063,0.07416621425127493,0.8,0.02876200688834162,0.760636383902272,0.22000616324888084,0.18602367886394608,0.027760951210647467,0.030543899289864427,0.017452655031563312,0.0
Bot-IoT,RANDOM_L2,4,10,1024,3,5.9078521728515625,11.176579475402832,48.98324489350877,0.8375009086283347,0.8741252160320819,0.8375009086283347,0.8307378587455386,0.7186697366570333,0.13333333333333333,0.0,0.8370538583960471,0.8317023400796042,0.7148701243623854,0.0,0.0,0.0,0.0,0.34766845969324706,0.5098365328579996,0.34766845969324706,0.3875251512535736,0.05445161665086802,0.7333333333333333,0.029070982633745603,0.5882466349231936,0.21138604486302487,0.1749536692023954,0.02720711677252981,0.0315526145900581,0.023393984404010398,0.0
Bot-IoT,FGSM,4,10,2048,2,5.828803300857544,4.782534122467041,59.25801410191176,0.8822962855273679,0.9021019616883963,0.8822962855273679,0.8795512625899796,0.7908766457702884,0.13333333333333333,0.0,0.8468689761045107,0.8242524763483164,0.7354464330831582,0.0,0.0,0.0,0.0,0.28971614450825034,0.3731952489967501,0.2897161445082504,0.3080091482138881,0.05764579703460881,0.9333333333333333,0.01920193382466535,0.7356936020193808,0.2496817707846834,0.15137215965121134,0.00808252133127953,0.025782763072950292,0.13665057556628296,0.0
Bot-IoT,RANDOM_LINF,4,10,2048,2,5.828803300857544,8.04497742652893,49.806462164716145,0.8822962855273679,0.9021019616883963,0.8822962855273679,0.8795512625899796,0.7908766457702884,0.13333333333333333,0.0,0.8468689761045107,0.8242524763483164,0.7354464330831582,0.0,0.0,0.0,0.0,0.38423166388020646,0.5310816705549801,0.38423166388020646,0.43130921196975425,0.08337551588574357,0.8,0.0247453221980898,0.7529155947947033,0.22902017643775485,0.20397084188626105,0.024299485972412122,0.025782763072950292,0.015224656516895656,0.0
Bot-IoT,RANDOM_L2,4,10,2048,2,5.828803300857544,7.987921953201294,52.10347459475177,0.8822962855273679,0.9021019616883963,0.8822962855273679,0.8795512625899796,0.7908766457702884,0.13333333333333333,0.0,0.8468689761045107,0.8242524763483164,0.7354464330831582,0.0,0.0,0.0,0.0,0.36126153957985024,0.5220006540850325,0.36126153957985024,0.4148255440766603,0.06641481398002173,0.8,0.030179660308430493,0.7357390331623362,0.21823995621446374,0.19112437684287922,0.029664757091676906,0.030947385409941897,0.027107315261789826,0.0
Bot-IoT,FGSM,4,10,2048,3,6.03274393081665,18.05834197998047,60.608235807225405,0.8718107145453223,0.8953712666106554,0.8718107145453223,0.8683153561481745,0.773880414868206,0.13333333333333333,0.0,0.8330342612784986,0.8277434238534577,0.7307208219179129,0.0,0.0,0.0,0.0,0.26572835647306825,0.3487585541802096,0.26572835647306825,0.27845812343073867,-0.1715463252272308,0.9333333333333333,0.01877482029425396,0.5495847689093845,0.2652681217768795,0.1381152636027762,0.029993596289309265,0.0005447062621045836,0.1136279242480505,0.0
Bot-IoT,RANDOM_LINF,4,10,2048,3,6.03274393081665,12.094726085662842,42.60467398415352,0.8718107145453223,0.8953712666106554,0.8718107145453223,0.8683153561481745,0.773880414868206,0.13333333333333333,0.0,0.8330342612784986,0.8277434238534577,0.7307208219179129,0.0,0.0,0.0,0.0,0.44576397470378715,0.5218959364448755,0.44576397470378715,0.4681601073152738,0.08027340966618235,0.8666666666666667,0.010968638961841495,0.7130654356200545,0.2204208975240459,0.22076117049422886,0.010211322452794267,0.011600225952227244,0.015595989602673598,0.0
Bot-IoT,RANDOM_L2,4,10,2048,3,6.03274393081665,12.448249340057373,43.84858617431126,0.8718107145453223,0.8953712666106554,0.8718107145453223,0.8683153561481745,0.773880414868206,0.13333333333333333,0.0,0.8330342612784986,0.8277434238534577,0.7307208219179129,0.0,0.0,0.0,0.0,0.4333248528022098,0.5144320652588233,0.4333248528022098,0.4573933455420026,0.061979724351020435,0.9333333333333333,0.012131841768068266,0.6991267209217542,0.2136484737903969,0.20843926566339627,0.01183821111476488,0.012205455132343447,0.01708132194578537,0.0
Bot-IoT,FGSM,4,15,1024,2,4.722033262252808,7.8428308963775635,56.67024060478302,0.8802427854910228,0.9020320134679024,0.8802427854910228,0.8772320613000332,0.7886449545001907,0.13333333333333333,0.0,0.8580614350829133,0.8050544874141347,0.7344596700227828,0.0,0.0,0.0,0.0,0.3135403794431926,0.26345707770903243,0.3135403794431926,0.27966772981140126,-0.2753242710215195,0.9333333333333333,0.010568787997201044,0.5112950430571928,0.1896425860257625,0.15407042069559024,0.013309333841014901,0.0006254034861200774,0.13479391013739325,0.0
Bot-IoT,RANDOM_LINF,4,15,1024,2,4.722033262252808,10.9593665599823,42.585592789125535,0.8802427854910228,0.9020320134679024,0.8802427854910228,0.8772320613000332,0.7886449545001907,0.13333333333333333,0.0,0.8580614350829133,0.8050544874141347,0.7344596700227828,0.0,0.0,0.0,0.0,0.4543868575997674,0.5380671864403072,0.4543868575997674,0.44797057899135195,0.09214461488757822,0.8666666666666667,0.015030761261711543,0.6020752855487689,0.2168814423406608,0.20965318958441004,0.014226622129147269,0.01569561007101356,0.02005198663200891,0.0
Bot-IoT,RANDOM_L2,4,15,1024,2,4.722033262252808,10.720908641815186,44.323798793341574,0.8802427854910228,0.9020320134679024,0.8802427854910228,0.8772320613000332,0.7886449545001907,0.13333333333333333,0.0,0.8580614350829133,0.8050544874141347,0.7344596700227828,0.0,0.0,0.0,0.0,0.437004797557607,0.5102158287051695,0.437004797557607,0.4314764018936913,0.0529020600543194,0.8,0.016766477949128052,0.5838723969159894,0.2092426192730456,0.19601027508336405,0.015905432769691412,0.017511297611362168,0.021537318975120682,0.0
Bot-IoT,FGSM,4,15,1024,3,4.61613130569458,4.561336517333984,66.70785781783819,0.8898924184051755,0.9080254627982709,0.8898924184051755,0.8875350810142459,0.8040911130184809,0.13333333333333333,0.0,0.8847670366591519,0.895688006633726,0.7387910688714967,0.0,0.0,0.0,0.0,0.22281384022679362,0.21391159981503888,0.22281384022679362,0.2162372952952372,-0.36181761355784187,0.9333333333333333,0.039312619841695366,0.5330455770042516,0.16588402878955916,0.08679859614907476,0.0644697900621333,0.003873466752743706,0.1518752320831786,0.0
Bot-IoT,RANDOM_LINF,4,15,1024,3,4.61613130569458,9.110859394073486,46.60354728501853,0.8898924184051755,0.9080254627982709,0.8898924184051755,0.8875350810142459,0.8040911130184809,0.13333333333333333,0.0,0.8847670366591519,0.895688006633726,0.7387910688714967,0.0,0.0,0.0,0.0,0.4238569455549902,0.5211946879343623,0.4238569455549902,0.41852756256995016,0.06402040761304321,0.7333333333333333,0.03599567433956435,0.639200395667779,0.21418082777922956,0.19461113378556355,0.03155125564651517,0.0398442543576501,0.060527292981804676,0.0
Bot-IoT,RANDOM_L2,4,15,1024,3,4.61613130569458,8.197408676147461,48.702478738096964,0.8898924184051755,0.9080254627982709,0.8898924184051755,0.8875350810142459,0.8040911130184809,0.13333333333333333,0.0,0.8847670366591519,0.895688006633726,0.7387910688714967,0.0,0.0,0.0,0.0,0.40286763102420586,0.5046393353628676,0.40286763102420586,0.3998149693748137,0.04124662545091435,0.9333333333333333,0.03854926800010905,0.5868211466500631,0.20810314143156602,0.17960815134902935,0.03527233077761817,0.04157924467398322,0.05272929818046788,1.0
Bot-IoT,FGSM,4,15,2048,2,5.080093622207642,9.028063297271729,72.20324198589809,0.87959765937341,0.9016086729890681,0.87959765937341,0.8765441150698989,0.7875891765101338,0.13333333333333333,0.0,0.8805189892796019,0.8762265422125093,0.7341708166688192,0.0,0.0,0.0,0.0,0.15756523951442902,0.19219197265911442,0.15756523951442902,0.15505055209360533,-0.3336072263201171,0.9333333333333333,0.0021628302178279004,0.5527832941991664,0.1902711258530374,0.07861179552077176,0.0014711227262500215,0.002198999354422208,0.016338655774229483,0.0
Bot-IoT,RANDOM_LINF,4,15,2048,2,5.080093622207642,10.455626726150513,43.72955586247002,0.87959765937341,0.9016086729890681,0.87959765937341,0.8765441150698989,0.7875891765101338,0.13333333333333333,0.0,0.8805189892796019,0.8762265422125093,0.7341708166688192,0.0,0.0,0.0,0.0,0.44230210074870974,0.5280682579600765,0.44230210074870974,0.44193428610042046,0.08862207981260843,0.7333333333333333,0.017811542970347417,0.6398335272042351,0.21635267447845105,0.20608992293136846,0.015991969400647295,0.01985151710781149,0.019309320460453028,0.0
Bot-IoT,RANDOM_L2,4,15,2048,2,5.080093622207642,9.874711990356445,45.199716507959586,0.87959765937341,0.9016086729890681,0.87959765937341,0.8765441150698989,0.7875891765101338,0.13333333333333333,0.0,0.8805189892796019,0.8762265422125093,0.7341708166688192,0.0,0.0,0.0,0.0,0.4276004942938141,0.5096267188723005,0.4276004942938141,0.42623018718979344,0.05746376220639252,0.9333333333333333,0.019601784789305805,0.5973660421700406,0.2108422566918465,0.19229681180731456,0.018189999826926737,0.020759360877985796,0.028592647604901596,0.0
Bot-IoT,FGSM,4,15,2048,3,4.466545820236206,7.1665754318237305,68.13076978992514,0.8772624845533183,0.8998825400371266,0.8772624845533183,0.8740644560581536,0.7836070526603013,0.13333333333333333,0.0,0.8533026128149978,0.8539535668617922,0.7331298834561202,0.0,0.0,0.0,0.0,0.19595478665406701,0.37719070609099076,0.19595478665406701,0.19466687945294311,-0.20028982357112407,0.9333333333333333,0.007315455148535546,0.5420223095753044,0.19035578717631152,0.08000841667855314,0.0034960798906176985,0.0018358618463524855,0.19012253991830672,0.0
Bot-IoT,RANDOM_LINF,4,15,2048,3,4.466545820236206,9.609240055084229,46.23646143781348,0.8772624845533183,0.8998825400371266,0.8772624845533183,0.8740644560581536,0.7836070526603013,0.13333333333333333,0.0,0.8533026128149978,0.8539535668617922,0.7331298834561202,0.0,0.0,0.0,0.0,0.41489787017518354,0.5199836383290581,0.41489787017518354,0.4091586258661501,0.05253850166199767,0.8666666666666667,0.02270062976526931,0.5936423953872432,0.2071701689946369,0.18392306141861797,0.01907267346267675,0.026811652679147837,0.024879316747122168,0.0
Bot-IoT,RANDOM_L2,4,15,2048,3,4.466545820236206,8.945722579956055,47.51490150468853,0.8772624845533183,0.8998825400371266,0.8772624845533183,0.8740644560581536,0.7836070526603013,0.13333333333333333,0.0,0.8533026128149978,0.8539535668617922,0.7331298834561202,0.0,0.0,0.0,0.0,0.40211346950643306,0.5100029282755008,0.40211346950643306,0.39991729572669266,0.03774212037684124,0.8,0.028743831844494326,0.5819751807642681,0.20517865245804612,0.17565311734491038,0.02641097976773568,0.031209651387992254,0.03341997772001486,0.0
Bot-IoT,FGSM,4,20,1024,2,3.929445743560791,2.5145375728607178,74.32034600566983,0.8808333939085556,0.9015896752814921,0.8808333939085556,0.8779459436684275,0.7888814508117411,0.13333333333333333,0.0,0.9074845111723338,0.7356021928652086,0.7348025701641285,0.0,0.0,0.0,0.0,0.13762993385185723,0.3687524512114888,0.13762993385185723,0.1482290549359886,-0.3219609162949097,0.9333333333333333,0.0020174298670495544,0.5050413174743227,0.18740011937547985,0.06388697817549174,0.001384586095294138,0.0016542930923176243,0.02227998514667657,0.0
Bot-IoT,RANDOM_LINF,4,20,1024,2,3.929445743560791,4.264710903167725,39.84426110343825,0.8808333939085556,0.9015896752814921,0.8808333939085556,0.8779459436684275,0.7888814508117411,0.13333333333333333,0.0,0.9074845111723338,0.7356021928652086,0.7348025701641285,0.0,0.0,0.0,0.0,0.48239078287417314,0.5007502981838625,0.48239078287417314,0.4271946984224301,0.041353693808247896,0.8666666666666667,0.00955098554175262,0.5698832102672458,0.20916523592716824,0.19933445883807513,0.009069038924176605,0.009441575209812782,0.021908652060898627,0.0
Bot-IoT,RANDOM_L2,4,20,1024,2,3.929445743560791,3.927555799484253,40.89100094497346,0.8808333939085556,0.9015896752814921,0.8808333939085556,0.8779459436684275,0.7888814508117411,0.13333333333333333,0.0,0.9074845111723338,0.7356021928652086,0.7348025701641285,0.0,0.0,0.0,0.0,0.471923384458821,0.484211081456791,0.471923384458821,0.4141776152822809,0.018066817706667085,0.8666666666666667,0.011895566198053454,0.5460393113464063,0.20365798951003705,0.18555450931779413,0.011872825767147233,0.01158005164622337,0.0181953212031192,0.0
Bot-IoT,FGSM,4,20,1024,3,3.9383511543273926,2.4236233234405518,34.841353492767325,0.890655666206295,0.9081127058781434,0.890655666206295,0.888384367178358,0.8049692849256266,0.06666666666666667,0.0,0.9193054384482936,0.8296930135887024,0.746574154368427,0.0,0.0,0.0,0.0,0.5422421312786218,0.7376871745572539,0.5422421312786218,0.4220666802561891,0.17224211408298717,0.9333333333333333,0.02957079633954617,0.556674342437163,0.2277076750583044,0.1658060203647242,0.0011249762024264872,0.05900984506132989,0.0980319346453769,0.0
Bot-IoT,RANDOM_LINF,4,20,1024,3,3.9383511543273926,5.5703065395355225,39.476266627898525,0.890655666206295,0.9081127058781434,0.890655666206295,0.888384367178358,0.8049692849256266,0.06666666666666667,0.0,0.9193054384482936,0.8296930135887024,0.746574154368427,0.0,0.0,0.0,0.0,0.49589299992730973,0.5037293711216957,0.49589299992730973,0.4274848172855673,0.04958319632089692,0.8666666666666667,0.02304595559836788,0.5842486029873105,0.21663148867750648,0.20771433745997636,0.020388030253206183,0.02445125887669464,0.05421463052357965,0.0
Bot-IoT,RANDOM_L2,4,20,1024,3,3.9383511543273926,4.818369388580322,39.707966853238354,0.890655666206295,0.9081127058781434,0.890655666206295,0.888384367178358,0.8049692849256266,0.06666666666666667,0.0,0.9193054384482936,0.8296930135887024,0.746574154368427,0.0,0.0,0.0,0.0,0.49357599767391147,0.49388137378962277,0.49357599767391147,0.40813071400883644,0.029076571962724472,0.9333333333333333,0.01822956897883516,0.5312024175145891,0.20661016081003597,0.183865625792252,0.0162861939458973,0.019972562943834732,0.027849981433345713,0.0
Bot-IoT,FGSM,4,20,2048,2,6.410173416137695,2.359283685684204,49.883695573162754,0.9224849167696445,0.9319895136421407,0.9224849167696445,0.9215277777602792,0.8593734250633321,0.06666666666666667,0.0,0.9209965880731913,0.9147495638141262,0.7605085155134969,0.0,0.0,0.0,0.0,0.423647961038017,0.5530694054376822,0.423647961038017,0.32777328473571116,-0.10329709135416026,0.9333333333333333,0.004225697694495688,0.5044911463862881,0.20961799988540405,0.13417879240267613,0.0019730351857941467,0.0005447062621045836,0.12031191979205347,0.0
Bot-IoT,RANDOM_LINF,4,20,2048,2,6.410173416137695,3.704015016555786,42.37933415715635,0.9224849167696445,0.9319895136421407,0.9224849167696445,0.9215277777602792,0.8593734250633321,0.06666666666666667,0.0,0.9209965880731913,0.9147495638141262,0.7605085155134969,0.0,0.0,0.0,0.0,0.498691575198081,0.5339024665025074,0.498691575198081,0.41853934771498924,0.0674127015102688,0.7333333333333333,0.013485882534691615,0.5751795768817974,0.2113923596339767,0.19715083730336275,0.011492064590941346,0.014707069076823757,0.0337913108057928,0.0
Bot-IoT,RANDOM_L2,4,20,2048,2,6.410173416137695,3.0921404361724854,43.30340917351167,0.9224849167696445,0.9319895136421407,0.9224849167696445,0.9215277777602792,0.8593734250633321,0.06666666666666667,0.0,0.9209965880731913,0.9147495638141262,0.7605085155134969,0.0,0.0,0.0,0.0,0.48945082503452786,0.5075098374164582,0.48945082503452786,0.40024120718739575,0.0322567767994302,0.8666666666666667,0.012249979553075671,0.5491783599183108,0.20424066272469502,0.17689153455593748,0.010955537479014867,0.012770335700451904,0.030449313033791312,0.0
Bot-IoT,FGSM,4,20,2048,3,4.952070474624634,2.2618119716644287,40.04870247873809,0.9065475757796031,0.9185026061636973,0.9065475757796031,0.9051314377114076,0.8307972930204237,0.13333333333333333,0.0,0.9099354313150456,0.9280690486642204,0.7461778166514736,0.0,0.0,0.0,0.0,0.5060605509922221,0.4562135158321628,0.5060605509922221,0.3804775759749406,0.0031834365878409304,0.9333333333333333,0.0037531465544660626,0.5221011918393332,0.21046354473231949,0.17644739461362582,0.006646013257411863,8.069722401549386e-05,0.00928332714444857,0.0
Bot-IoT,RANDOM_LINF,4,20,2048,3,4.952070474624634,4.2060866355896,40.12502725885005,0.9065475757796031,0.9185026061636973,0.9065475757796031,0.9051314377114076,0.8307972930204237,0.13333333333333333,0.0,0.9099354313150456,0.9280690486642204,0.7461778166514736,0.0,0.0,0.0,0.0,0.5052973031911027,0.5243564815808283,0.5052973031911027,0.43123649523982327,0.06090818991982883,0.7333333333333333,0.007887969029725285,0.5663419405006334,0.2110640196404605,0.20459490483155002,0.007026774433617751,0.008009199483537767,0.024136650575566285,0.0
Bot-IoT,RANDOM_L2,4,20,2048,3,4.952070474624634,3.3137104511260986,40.67474740132296,0.9065475757796031,0.9185026061636973,0.9065475757796031,0.9051314377114076,0.8307972930204237,0.13333333333333333,0.0,0.9099354313150456,0.9280690486642204,0.7461778166514736,0.0,0.0,0.0,0.0,0.49980010176637346,0.512183503425318,0.49980010176637346,0.40700616463768474,0.03867921646461219,0.8666666666666667,0.00849683299860961,0.5385409349388055,0.20555741306148995,0.18217942341461693,0.007615223524117759,0.009098612007746934,0.016338655774229483,0.0
Bot-IoT,FGSM,8,5,1024,2,15.515111207962036,7.153322458267212,96.27825834120812,0.9994275641491605,0.9994186769709694,0.9994275641491605,0.9994223939125827,0.9989012977321635,0.13333333333333333,0.0,0.8421747544240903,0.8186486445528939,0.7853426595410263,0.0,0.0,0.0,0.0,0.03664498073707931,0.33329255137348585,0.03664498073707931,0.024484409873141145,-0.2640750622472044,0.9333333333333333,0.0037077089448478294,0.6568487803666565,0.26966420171101546,0.021347870592896494,0.0001384586095294138,0.0007061007101355713,0.13553657630894914,0.0
Bot-IoT,RANDOM_LINF,8,5,1024,2,15.515111207962036,8.238375663757324,71.96427273388093,0.9994275641491605,0.9994186769709694,0.9994275641491605,0.9994223939125827,0.9989012977321635,0.13333333333333333,0.0,0.8421747544240903,0.8186486445528939,0.7853426595410263,0.0,0.0,0.0,0.0,0.2797848368103511,0.5151529730080215,0.2797848368103511,0.33569426524884327,0.051502285525432234,0.8666666666666667,0.010541525431430103,0.7788218954702031,0.2308877582587546,0.15239882500165733,0.007736374807455996,0.014041316978695933,0.0063126624582250275,0.0
Bot-IoT,RANDOM_L2,8,5,1024,2,15.515111207962036,7.909660816192627,74.37577233408447,0.9994275641491605,0.9994186769709694,0.9994275641491605,0.9994223939125827,0.9989012977321635,0.13333333333333333,0.0,0.8421747544240903,0.8186486445528939,0.7853426595410263,0.0,0.0,0.0,0.0,0.2556698408083158,0.5114174814970749,0.2556698408083158,0.3111511129654032,0.04311015245808083,0.9333333333333333,0.009750911024072845,0.7052836173291865,0.23135708154638998,0.14032603854168418,0.00823828726700012,0.011701097482246611,0.0063126624582250275,0.0
Bot-IoT,FGSM,8,5,1024,3,15.86060881614685,7.545818090438843,95.99476630079232,0.9997546703496402,0.9997456079697219,0.9997546703496402,0.9997494850547021,0.9995290512944079,0.13333333333333333,0.0,0.8571593198300395,0.83870122452483,0.7854775821987657,0.0,0.0,0.0,0.0,0.039807007341716945,0.11077875296049589,0.039807007341716945,0.029999616566457974,-0.2566111216589135,0.9333333333333333,0.007324542670459192,0.5797326908172685,0.21892590879221124,0.023349156973683872,0.001332664116720608,0.00704083279535184,0.14110657259561826,0.0
Bot-IoT,RANDOM_LINF,8,5,1024,3,15.86060881614685,7.695996522903442,73.62251944464636,0.9997546703496402,0.9997456079697219,0.9997546703496402,0.9997494850547021,0.9995290512944079,0.13333333333333333,0.0,0.8571593198300395,0.83870122452483,0.7854775821987657,0.0,0.0,0.0,0.0,0.26352947590317655,0.500881355594053,0.26352947590317655,0.30737146673083865,0.04014314237152671,0.8666666666666667,0.007015566925055207,0.7704730327461459,0.23906883322507305,0.13898359505097801,0.00507104657401478,0.009522272433828277,0.0025993316004456,0.0
Bot-IoT,RANDOM_L2,8,5,1024,3,15.86060881614685,8.09352159500122,76.2448208184924,0.9997546703496402,0.9997456079697219,0.9997546703496402,0.9997494850547021,0.9995290512944079,0.13333333333333333,0.0,0.8571593198300395,0.83870122452483,0.7854775821987657,0.0,0.0,0.0,0.0,0.23730646216471615,0.49378476466198606,0.23730646216471615,0.2853140726970371,0.030732233693770483,0.9333333333333333,0.00592506429421761,0.7280317329533419,0.22888181422003773,0.12852625253236732,0.00491528063829419,0.007242575855390575,0.0033419977720014855,0.0
Bot-IoT,FGSM,8,5,2048,2,15.218042135238647,7.356157302856445,95.68219815366722,0.9997274114996002,0.9997183480117364,0.9997274114996002,0.9997222273205847,0.9994767233662396,0.13333333333333333,0.0,0.8546061749025048,0.8415849189896321,0.7854663384899458,0.0,0.0,0.0,0.0,0.04290542996292796,0.37599190795545007,0.04290542996292796,0.03697204749077723,-0.28352674352230445,0.9333333333333333,0.004416535654892267,0.6216178846915613,0.2742362205483867,0.027438155914344464,0.0014884300524411983,0.0004236604260813428,0.14073523950984032,0.0
Bot-IoT,RANDOM_LINF,8,5,2048,2,15.218042135238647,8.142860651016235,73.13731191393472,0.9997274114996002,0.9997183480117364,0.9997274114996002,0.9997222273205847,0.9994767233662396,0.13333333333333333,0.0,0.8546061749025048,0.8415849189896321,0.7854663384899458,0.0,0.0,0.0,0.0,0.268354292360253,0.5212153586478374,0.268354292360253,0.31609875050928943,0.05748161245624242,0.8666666666666667,0.003971247080633582,0.7769976584233895,0.23573603785018798,0.14287216441054762,0.0031326260406029875,0.005083925112976113,0.0014853323431117712,0.0
Bot-IoT,RANDOM_L2,8,5,2048,2,15.218042135238647,8.24171233177185,74.60292941775096,0.9997274114996002,0.9997183480117364,0.9997274114996002,0.9997222273205847,0.9994767233662396,0.13333333333333333,0.0,0.8546061749025048,0.8415849189896321,0.7854663384899458,0.0,0.0,0.0,0.0,0.2536981173220906,0.5182841151531482,0.2536981173220906,0.3010144474614128,0.04997914210888206,0.9333333333333333,0.004443798220663207,0.7412775734398684,0.22395672614775117,0.13474196538353378,0.004361446200176535,0.004660264686894771,0.0022279985146676567,0.0
Bot-IoT,FGSM,8,5,2048,3,15.628990650177002,7.445063829421997,94.42647379515883,0.9996365486661336,0.9996274858425115,0.9996365486661336,0.9996313638239378,0.9993022958724354,0.13333333333333333,0.0,0.8574660422178685,0.8383706459975022,0.7854288562060087,0.0,0.0,0.0,0.0,0.05537181071454532,0.41427058052696425,0.05537181071454532,0.06193974920834965,-0.22534372380443024,0.9333333333333333,0.0051980625403258785,0.5984176326825353,0.26560027182024903,0.037975574798282945,0.0028903234739265132,8.069722401549386e-05,0.14890456739695507,0.0
Bot-IoT,RANDOM_LINF,8,5,2048,3,15.628990650177002,8.210771560668945,78.3528385549175,0.9996365486661336,0.9996274858425115,0.9996365486661336,0.9996313638239378,0.9993022958724354,0.13333333333333333,0.0,0.8574660422178685,0.8383706459975022,0.7854288562060087,0.0,0.0,0.0,0.0,0.21610816311695863,0.5186040147183534,0.21610816311695863,0.27750456436700777,0.04697601576795564,0.8666666666666667,0.0034259957652147837,0.770101622241272,0.23603963948727466,0.12706564650931998,0.002838401495352983,0.004155907036797934,0.0025993316004456,0.0
Bot-IoT,RANDOM_L2,8,5,2048,3,15.628990650177002,8.213012456893921,79.3759540597514,0.9996365486661336,0.9996274858425115,0.9996365486661336,0.9996313638239378,0.9993022958724354,0.13333333333333333,0.0,0.8574660422178685,0.8383706459975022,0.7854288562060087,0.0,0.0,0.0,0.0,0.2058770080686196,0.5150653538633222,0.2058770080686196,0.2631678849954445,0.041690028759785475,0.9333333333333333,0.0033805581555965505,0.7050444104007237,0.22908890031176377,0.11926114398071921,0.0031153187144118107,0.0037322466107165913,0.0025993316004456,0.0
Bot-IoT,FGSM,8,10,1024,2,8.897396087646484,5.894418001174927,93.5242058588355,0.9996456349494802,0.9996366090445039,0.9996456349494802,0.9996404465211907,0.9993197685961425,0.13333333333333333,0.0,0.8766947475141429,0.8888811149323569,0.7854326016580642,0.0,0.0,0.0,0.0,0.06440357636112524,0.0656683308175717,0.06440357636112524,0.05505671080212958,-0.4924492213003756,0.9333333333333333,0.008805808744013596,0.6009388316066525,0.1694745667835739,0.04875082634729303,0.010055556517073677,0.000302614590058102,0.13850724099517267,0.0
Bot-IoT,RANDOM_LINF,8,10,1024,2,8.897396087646484,6.261707305908203,56.58210365632041,0.9996456349494802,0.9996366090445039,0.9996456349494802,0.9996404465211907,0.9993197685961425,0.13333333333333333,0.0,0.8766947475141429,0.8888811149323569,0.7854326016580642,0.0,0.0,0.0,0.0,0.4338245983862761,0.5287083266211479,0.4338245983862761,0.4639347401390886,0.09376908790017477,0.7333333333333333,0.006661153570032987,0.713104400794567,0.2449295237642513,0.22379835170702106,0.005659495664514789,0.007646061975468044,0.010025993316004456,0.0
Bot-IoT,RANDOM_L2,8,10,1024,2,8.897396087646484,6.432277202606201,58.65650214436287,0.9996456349494802,0.9996366090445039,0.9996456349494802,0.9996404465211907,0.9993197685961425,0.13333333333333333,0.0,0.8766947475141429,0.8888811149323569,0.7854326016580642,0.0,0.0,0.0,0.0,0.41308061350585157,0.512626523962082,0.41308061350585157,0.44726189249986287,0.06580889323849652,0.8666666666666667,0.006570278350796521,0.7645671084058641,0.22562461538991568,0.21010714633707117,0.005347963793073608,0.00802937378954164,0.005941329372447085,0.0
Bot-IoT,FGSM,8,10,1024,3,8.781838655471802,14.737597227096558,83.77189794286546,0.9997183252162536,0.9997092629421979,0.9997183252162536,0.9997131399743103,0.9994592805116554,0.13333333333333333,0.0,0.8614045356423219,0.8693695807272881,0.7854625895198031,0.0,0.0,0.0,0.0,0.16199934578759903,0.1910219419858416,0.16199934578759903,0.16417394043690497,-0.2856994292071825,0.9333333333333333,0.015957688497923502,0.6860224514217803,0.2589647018199889,0.0934358904290397,0.010107478495647207,0.01781391220142027,0.10731526178982548,0.0
Bot-IoT,RANDOM_LINF,8,10,1024,3,8.781838655471802,8.022127866744995,61.37966126335683,0.9997183252162536,0.9997092629421979,0.9997183252162536,0.9997131399743103,0.9994592805116554,0.13333333333333333,0.0,0.8614045356423219,0.8693695807272881,0.7854625895198031,0.0,0.0,0.0,0.0,0.3859217125826852,0.5396114247087006,0.3859217125826852,0.4296061747330601,0.09370610368365127,0.7333333333333333,0.013649457929317254,0.7693330750527749,0.23278341326324603,0.19892626045802958,0.013049723948147251,0.014646546158812137,0.008169327887114742,0.0
Bot-IoT,RANDOM_L2,8,10,1024,3,8.781838655471802,8.201844215393066,63.75118121683507,0.9997183252162536,0.9997092629421979,0.9997183252162536,0.9997131399743103,0.9994592805116554,0.13333333333333333,0.0,0.8614045356423219,0.8693695807272881,0.7854625895198031,0.0,0.0,0.0,0.0,0.3622065130479029,0.518765741976129,0.3622065130479029,0.40558438109944156,0.06431444810046716,0.9333333333333333,0.01620305158986196,0.6044365387139047,0.21908259047826512,0.1843080744237613,0.015438134962529639,0.017148160103292447,0.015224656516895656,0.0
Bot-IoT,FGSM,8,10,2048,2,9.172107219696045,6.238399267196655,94.18296140146835,0.9997092389329069,0.9997001750299929,0.9997092389329069,0.9997040543891497,0.9994418370920728,0.13333333333333333,0.0,0.8701565097391197,0.8710259455525609,0.7854588418626064,0.0,0.0,0.0,0.0,0.05787962491822345,0.11359851617115597,0.05787962491822345,0.055904231571010835,-0.3491854821058366,0.9333333333333333,0.010532437909506457,0.5861810878713152,0.15772679605695175,0.038236981040445144,0.007580608871735405,0.006072466107165914,0.155959896026736,0.0
Bot-IoT,RANDOM_LINF,8,10,2048,2,9.172107219696045,7.813462018966675,59.337973395362354,0.9997092389329069,0.9997001750299929,0.9997092389329069,0.9997040543891497,0.9994418370920728,0.13333333333333333,0.0,0.8701565097391197,0.8710259455525609,0.7854588418626064,0.0,0.0,0.0,0.0,0.4063295049792833,0.5414431991895428,0.4063295049792833,0.451449649949313,0.0996520799949424,0.7333333333333333,0.010368862514880816,0.7416605430208438,0.24032920895808849,0.21314026026628108,0.008584433790823656,0.012205455132343447,0.014853323431117713,0.0
Bot-IoT,RANDOM_L2,8,10,2048,2,9.172107219696045,7.881516218185425,61.63316856872865,0.9997092389329069,0.9997001750299929,0.9997092389329069,0.9997040543891497,0.9994418370920728,0.13333333333333333,0.0,0.8701565097391197,0.8710259455525609,0.7854588418626064,0.0,0.0,0.0,0.0,0.3833775532456204,0.521597956790438,0.3833775532456204,0.4309430331085782,0.06944212976869243,0.8666666666666667,0.015439699748275642,0.7465785951652331,0.22263570626915205,0.19922960881118487,0.014347773412485505,0.016764848289218853,0.014481990345339769,0.0
Bot-IoT,FGSM,8,10,2048,3,9.04933500289917,5.561494827270508,92.93268881296794,0.9995365995493204,0.9995276162506088,0.9995365995493204,0.9995314230044698,0.9991105113958537,0.13333333333333333,0.0,0.8698360472563792,0.8802522498264592,0.7853876326682552,0.0,0.0,0.0,0.0,0.07020971141964091,0.4093628056203476,0.07020971141964091,0.08331121334563377,-0.2956721234063773,0.9333333333333333,0.006370352868476295,0.642646205112709,0.26609436014788557,0.04945694786152853,0.004482597483514772,0.0011902840542285346,0.1422205718529521,0.0
Bot-IoT,RANDOM_LINF,8,10,2048,3,9.04933500289917,8.050391912460327,58.86912117467471,0.9995365995493204,0.9995276162506088,0.9995365995493204,0.9995314230044698,0.9991105113958537,0.13333333333333333,0.0,0.8698360472563792,0.8802522498264592,0.7853876326682552,0.0,0.0,0.0,0.0,0.41084538780257324,0.5330387251997638,0.41084538780257324,0.45133466021384583,0.09400556529767422,0.7333333333333333,0.007351805236230132,0.7167889083714363,0.24529260591590862,0.21518946221359653,0.0062998667335883276,0.008574080051646223,0.007426661715558856,0.0
Bot-IoT,RANDOM_L2,8,10,2048,3,9.04933500289917,8.115809440612793,62.14836083448427,0.9995365995493204,0.9995276162506088,0.9995365995493204,0.9995314230044698,0.9991105113958537,0.13333333333333333,0.0,0.8698360472563792,0.8802522498264592,0.7853876326682552,0.0,0.0,0.0,0.0,0.3780529912044777,0.5163966628504039,0.3780529912044777,0.42374371354379337,0.06576984357748307,0.6666666666666666,0.010450650212193636,0.723346758940402,0.22459261149783197,0.1973359729362715,0.00908634625036778,0.011943189154293092,0.012253991830672113,0.0
Bot-IoT,FGSM,8,15,1024,2,6.758679389953613,9.65951919555664,85.63731191393474,0.9998091880497202,0.9998001330584827,0.9998091880497202,0.9998040020484035,0.9996337138931728,0.13333333333333333,0.0,0.9147705863070883,0.9280682365414771,0.7855000707701476,0.0,0.0,0.0,0.0,0.1434360689103729,0.26245435864238476,0.1434360689103729,0.18243090274820686,-0.1872462470894958,0.9333333333333333,0.22128115884079572,0.49354052621526945,0.18222314524812774,0.08131139867308354,0.3654961145052701,0.05303825048418334,0.22391385072409953,0.0
Bot-IoT,RANDOM_LINF,8,15,1024,2,6.758679389953613,13.792189598083496,56.0378352838555,0.9998091880497202,0.9998001330584827,0.9998091880497202,0.9998040020484035,0.9996337138931728,0.13333333333333333,0.0,0.9147705863070883,0.9280682365414771,0.7855000707701476,0.0,0.0,0.0,0.0,0.4394308352111652,0.5303559638218422,0.4394308352111652,0.4695263709413721,0.08599871408869086,0.8,0.02196454048945393,0.6342088852842704,0.21691693489663147,0.21622670422728002,0.01929766870316205,0.024471433182698517,0.03304864463423691,0.0
Bot-IoT,RANDOM_L2,8,15,1024,2,6.758679389953613,13.257184743881226,58.18492403867123,0.9998091880497202,0.9998001330584827,0.9998091880497202,0.9998040020484035,0.9996337138931728,0.13333333333333333,0.0,0.9147705863070883,0.9280682365414771,0.7855000707701476,0.0,0.0,0.0,0.0,0.4179599476630079,0.5138437916131962,0.4179599476630079,0.4483807857763784,0.0581338622312313,0.8666666666666667,0.027226215683245337,0.5798046670321229,0.21029070718634602,0.20136525543743863,0.02442063725575036,0.030039541639767593,0.03564797623468251,0.0
Bot-IoT,FGSM,8,15,1024,3,7.109112501144409,9.399620056152344,92.22850185360181,0.9997910154830268,0.9997819662044005,0.9997910154830268,0.9997858291163019,0.9995988333526686,0.13333333333333333,0.0,0.9265171724167718,0.925787163737392,0.7854925741425297,0.0,0.0,0.0,0.0,0.0775059969470088,0.0952490544436697,0.0775059969470088,0.07988168744961521,-0.46597415675844384,0.9333333333333333,0.023473069128779275,0.522487907311344,0.20498352544645257,0.04073059405233244,0.021911074958029735,0.0014928986442866365,0.46156702562198293,0.0
Bot-IoT,RANDOM_LINF,8,15,1024,3,7.109112501144409,14.424007177352905,53.13658501126699,0.9997910154830268,0.9997819662044005,0.9997910154830268,0.9997858291163019,0.9995988333526686,0.13333333333333333,0.0,0.9265171724167718,0.925787163737392,0.7854925741425297,0.0,0.0,0.0,0.0,0.4684251653703569,0.5401211898706347,0.4684251653703569,0.48826528642742084,0.10985220560450522,0.9333333333333333,0.014958061086322371,0.7692401216692397,0.22796911556513572,0.23449095583635313,0.014053548867235501,0.015857004519044544,0.017823988117341254,0.0
Bot-IoT,RANDOM_L2,8,15,1024,3,7.109112501144409,13.477693557739258,56.653885294759036,0.9997910154830268,0.9997819662044005,0.9997910154830268,0.9997858291163019,0.9995988333526686,0.13333333333333333,0.0,0.9265171724167718,0.925787163737392,0.7854925741425297,0.0,0.0,0.0,0.0,0.4332521625354365,0.5121097822765275,0.4332521625354365,0.4578142844519309,0.06247901568410886,0.9333333333333333,0.01674830290528076,0.6129819106908589,0.21575120497777825,0.2115541375489431,0.015178525069661988,0.018116526791478373,0.02525064983290011,0.0
Bot-IoT,FGSM,8,15,2048,2,7.025606870651245,8.086734533309937,82.31264083739187,0.9995638583993603,0.9995548142328576,0.9995638583993603,0.9995586777016424,0.9991627769690972,0.13333333333333333,0.0,0.891807148182675,0.9059635909086656,0.7853988739712704,0.0,0.0,0.0,0.0,0.1764374500254416,0.49026119006680435,0.1764374500254416,0.23177514015509867,-0.05613556718912717,0.9333333333333333,0.008805808744013596,0.6534162197885047,0.2528471636806214,0.11008530590103978,0.006161408124058914,0.005245319561007101,0.1310805792796138,0.0
Bot-IoT,RANDOM_LINF,8,15,2048,2,7.025606870651245,16.533989906311035,58.62833466598823,0.9995638583993603,0.9995548142328576,0.9995638583993603,0.9995586777016424,0.9991627769690972,0.13333333333333333,0.0,0.891807148182675,0.9059635909086656,0.7853988739712704,0.0,0.0,0.0,0.0,0.4132805117394781,0.5302885704728719,0.4132805117394781,0.45237111879563513,0.08819399391774806,0.7333333333333333,0.015703237884061395,0.7413467516563481,0.21781153321052985,0.21302351637439906,0.014555461326779626,0.01692624273724984,0.017823988117341254,0.0
Bot-IoT,RANDOM_L2,8,15,2048,2,7.025606870651245,16.71446418762207,61.91393472414044,0.9995638583993603,0.9995548142328576,0.9995638583993603,0.9995586777016424,0.9991627769690972,0.13333333333333333,0.0,0.891807148182675,0.9059635909086656,0.7853988739712704,0.0,0.0,0.0,0.0,0.38042451115795595,0.5128841947809397,0.38042451115795595,0.42560781260428115,0.05817047718467238,0.8,0.018602157377704674,0.6220587549200783,0.21131524974823077,0.1948487723056476,0.017878467955485557,0.01956907682375726,0.016338655774229483,0.0
Bot-IoT,FGSM,8,15,2048,3,6.869301795959473,7.39263391494751,74.05775241695137,0.9997274114996002,0.9997183474654918,0.9997274114996002,0.9997222268902419,0.9994767223471533,0.13333333333333333,0.0,0.913520020039725,0.9305832571558599,0.7854663381698385,0.0,0.0,0.0,0.0,0.2591498873300865,0.39753377143363694,0.2591498873300865,0.2719473022587003,-0.1310511285336533,0.9333333333333333,0.1602947992112031,0.7048722111633884,0.2553807276797707,0.12916116676255393,0.22708942695442982,0.0829567462879277,0.15076123282584478,0.0
Bot-IoT,RANDOM_LINF,8,15,2048,3,6.869301795959473,17.40682888031006,57.84509704150614,0.9997274114996002,0.9997183474654918,0.9997274114996002,0.9997222268902419,0.9994767223471533,0.13333333333333333,0.0,0.913520020039725,0.9305832571558599,0.7854663381698385,0.0,0.0,0.0,0.0,0.42127644108453877,0.5456557059390894,0.42127644108453877,0.45732340706234975,0.10246461287507594,0.6666666666666666,0.05130814878090893,0.7583736431098019,0.22350228262954092,0.21515302169779624,0.04752591772097129,0.056730148482892186,0.032677311548458966,0.0
Bot-IoT,RANDOM_L2,8,15,2048,3,6.869301795959473,16.048084020614624,60.47194155702551,0.9997274114996002,0.9997183474654918,0.9997274114996002,0.9997222268902419,0.9994767223471533,0.13333333333333333,0.0,0.913520020039725,0.9305832571558599,0.7854663381698385,0.0,0.0,0.0,0.0,0.39500799592934505,0.5183956470759703,0.39500799592934505,0.43382746157649843,0.061973169605310754,0.7333333333333333,0.057932952263247336,0.6119676359642205,0.21283553469644492,0.19798240078048274,0.055919970923692,0.060321174951581666,0.05718529520980319,0.0
Bot-IoT,FGSM,8,20,1024,2,5.873560190200806,5.98044490814209,62.91887766228101,0.9998182743330668,0.9998085741984573,0.9998182743330668,0.9998132669134991,0.9996511629724963,0.13333333333333333,9.08752192364664e-06,0.9516830718816152,0.9602234063100867,0.7791018952563853,0.0,0.0,0.0003713330857779428,0.0,0.3706294977102566,0.3526501104141876,0.3706294977102566,0.32476893990858224,-0.16319309001064913,0.8,0.00240819330976636,0.724192752993128,0.2321806211555506,0.15423583768062074,0.00195572785960297,0.0001210458360232408,0.05421463052357965,0.0
Bot-IoT,RANDOM_LINF,8,20,1024,2,5.873560190200806,16.32231569290161,51.84724140437596,0.9998182743330668,0.9998085741984573,0.9998182743330668,0.9998132669134991,0.9996511629724963,0.13333333333333333,9.08752192364664e-06,0.9516830718816152,0.9602234063100867,0.7791018952563853,0.0,0.0,0.0003713330857779428,0.0,0.48134586028930726,0.5312838826793979,0.48134586028930726,0.44621969501636116,0.08664302708599396,0.6,0.028798356976036204,0.6433778687163187,0.22430018292583193,0.21920305972723492,0.026549438377265096,0.02997901872175597,0.05532862978091348,0.0
Bot-IoT,RANDOM_L2,8,20,1024,2,5.873560190200806,12.999294996261597,54.44137529984735,0.9998182743330668,0.9998085741984573,0.9998182743330668,0.9998132669134991,0.9996511629724963,0.13333333333333333,9.08752192364664e-06,0.9516830718816152,0.9602234063100867,0.7791018952563853,0.0,0.0,0.0003713330857779428,0.0,0.4554045213345933,0.5111952255395706,0.4554045213345933,0.43176522870942896,0.05223194098357457,0.4666666666666667,0.030724911623849292,0.6045273824218774,0.2105639262816857,0.19669645331777755,0.028453244258294538,0.03233941252420917,0.049758633494244336,0.0
Bot-IoT,FGSM,8,20,1024,3,5.952121019363403,4.723094701766968,54.70669477356982,0.9998364468997601,0.9998273856969934,0.9998364468997601,0.9998312613484658,0.9996860367520856,0.13333333333333333,0.0,0.9526506487405928,0.9609727328216842,0.7855113156308126,0.0,0.0,0.0,0.0,0.45276949916406195,0.46297638068636504,0.45276949916406195,0.3905836501327812,-0.03583888081295041,0.9333333333333333,0.006379440390399942,0.6814122118936032,0.22683190572686357,0.16087139528058125,0.00486335865972066,0.00038331181407359586,0.149275900482733,0.0
Bot-IoT,RANDOM_LINF,8,20,1024,3,5.952121019363403,11.379817724227905,54.41593370647671,0.9998364468997601,0.9998273856969934,0.9998364468997601,0.9998312613484658,0.9996860367520856,0.13333333333333333,0.0,0.9526506487405928,0.9609727328216842,0.7855113156308126,0.0,0.0,0.0,0.0,0.4556771098349931,0.5067916328871181,0.4556771098349931,0.44120624749506643,0.05585645313860116,0.7333333333333333,0.03132468807080997,0.6087016121994231,0.21362154042660192,0.2102527733685974,0.029093615327368073,0.03211749515816656,0.06461195692536205,0.0
Bot-IoT,RANDOM_L2,8,20,1024,3,5.952121019363403,9.258143663406372,55.89245475030893,0.9998364468997601,0.9998273856969934,0.9998364468997601,0.9998312613484658,0.9996860367520856,0.13333333333333333,0.0,0.9526506487405928,0.9609727328216842,0.7855113156308126,0.0,0.0,0.0,0.0,0.4409118993966708,0.5000275955160326,0.4409118993966708,0.42845641278188257,0.040013484263373617,0.8666666666666667,0.030179660308430493,0.5672464753953694,0.2082934641241295,0.194647435781578,0.02874746880354454,0.030564073595868303,0.05384329743780171,0.0
Bot-IoT,FGSM,8,20,2048,2,5.707558631896973,12.438407182693481,73.23544377407865,0.9998182743330668,0.9998092286424388,0.9998182743330668,0.9998130878937176,0.9996511649115903,0.13333333333333333,0.0,0.9448559337688451,0.9513351069616439,0.7855038186421155,0.0,0.0,0.0,0.0,0.2674638365922803,0.5511638769825131,0.2674638365922803,0.2393803305218908,-0.23971027871417896,0.6,0.003771321598313356,0.6659090927103469,0.26962798430722523,0.10028446820446894,0.0021114937953235604,0.0022191736604260815,0.06795395469736354,0.0
Bot-IoT,RANDOM_LINF,8,20,2048,2,5.707558631896973,15.807075023651123,52.13891109980373,0.9998182743330668,0.9998092286424388,0.9998182743330668,0.9998130878937176,0.9996511649115903,0.13333333333333333,0.0,0.9448559337688451,0.9513351069616439,0.7855038186421155,0.0,0.0,0.0,0.0,0.47842916333502944,0.5195212702983261,0.47842916333502944,0.4511946248147445,0.08189742041256813,0.8666666666666667,0.019819885315473323,0.7243138379240044,0.22348991482913183,0.22537408888541877,0.018951522179338515,0.020275177533892835,0.030077979948013367,0.0
Bot-IoT,RANDOM_L2,8,20,2048,2,5.707558631896973,13.770761966705322,53.835320200625134,0.9998182743330668,0.9998092286424388,0.9998182743330668,0.9998130878937176,0.9996511649115903,0.13333333333333333,0.0,0.9448559337688451,0.9513351069616439,0.7855038186421155,0.0,0.0,0.0,0.0,0.46146507232681544,0.5054560257608295,0.46146507232681544,0.43562945994129537,0.05269958798287521,0.8,0.022873292681818595,0.5878488809858788,0.21288540420606322,0.20443302737983743,0.021789923674691496,0.023603938024531958,0.032677311548458966,0.0
Bot-IoT,FGSM,8,20,2048,3,5.790027141571045,4.727959394454956,61.863960165733815,0.9998001017663735,0.9997911025675091,0.9998001017663735,0.9997949148352854,0.9996163151976474,0.13333333333333333,0.0,0.9538438125183429,0.9639598517114536,0.7855317307606231,0.0,0.0,0.0,0.0,0.3811605001090354,0.525700284081743,0.3811605001090354,0.32400457693498586,-0.10869711085747172,0.9333333333333333,0.020810425205150807,0.6211363159787882,0.2238204744391533,0.13029753247812711,0.02954360580833867,0.005184796642995481,0.12105458596360935,0.0
Bot-IoT,RANDOM_LINF,8,20,2048,3,5.790027141571045,8.8133704662323,51.79544958929999,0.9998001017663735,0.9997911025675091,0.9998001017663735,0.9997949148352854,0.9996163151976474,0.13333333333333333,0.0,0.9538438125183429,0.9639598517114536,0.7855317307606231,0.0,0.0,0.0,0.0,0.48184560587337355,0.5199377232059916,0.48184560587337355,0.45472708334879297,0.0785194970582356,0.6666666666666666,0.026826364718604882,0.7260413842212136,0.218525061083675,0.2216728741977249,0.024645632496235657,0.028889606197546804,0.03564797623468251,0.0
Bot-IoT,RANDOM_L2,8,20,2048,3,5.790027141571045,7.628290891647339,53.48277240677473,0.9998001017663735,0.9997911025675091,0.9998001017663735,0.9997949148352854,0.9996163151976474,0.13333333333333333,0.0,0.9538438125183429,0.9639598517114536,0.7855317307606231,0.0,0.0,0.0,0.0,0.46497237769862615,0.5053870810108093,0.46497237769862615,0.4364808896683733,0.04827312398295701,0.8666666666666667,0.0261084504866368,0.5764067541140426,0.20821338214000035,0.20027366171220132,0.024074490731926825,0.028082633957391866,0.03341997772001486,0.0
Bot-IoT,FGSM,10,5,1024,2,18.690592050552368,8.640748262405396,86.86577742240314,0.913871120157011,0.9254610125740637,0.913871120157011,0.9126191873951146,0.844610811368027,0.13333333333333333,0.0,0.8271987162884624,0.8184460670430509,0.7492942795476405,0.0,0.0,0.0,0.0,0.04521334593297957,0.27434031262943853,0.04521334593297957,0.04180425855070903,-0.21065540391828183,0.9333333333333333,0.0069246917058187404,0.5990077532076368,0.23155710529355922,0.027899100717104997,0.0018345765762647329,0.005326016785022595,0.1455625696249536,0.0
Bot-IoT,RANDOM_LINF,10,5,1024,2,18.690592050552368,9.48156452178955,67.35207530711638,0.913871120157011,0.9254610125740637,0.913871120157011,0.9126191873951146,0.844610811368027,0.13333333333333333,0.0,0.8271987162884624,0.8184460670430509,0.7492942795476405,0.0,0.0,0.0,0.0,0.2403503670858472,0.542095669431319,0.2403503670858472,0.29957743822398913,0.06228221559797931,0.8666666666666667,0.007997019292809044,0.7757543561064676,0.24560298212902693,0.13483266550211273,0.005244119835926548,0.011459005810200129,0.0033419977720014855,0.0
Bot-IoT,RANDOM_L2,10,5,1024,2,18.690592050552368,9.635130167007446,68.99305807952315,0.913871120157011,0.9254610125740637,0.913871120157011,0.9126191873951146,0.844610811368027,0.13333333333333333,0.0,0.8271987162884624,0.8184460670430509,0.7492942795476405,0.0,0.0,0.0,0.0,0.22394053936177946,0.5268660095996542,0.22394053936177946,0.27755217052890896,0.04900329340925471,0.8666666666666667,0.0068883416181241535,0.742818669608168,0.2334626605926174,0.12486483413308609,0.005209505183544194,0.008957391865719819,0.004827330115113257,0.0
Bot-IoT,FGSM,10,5,1024,3,18.482419967651367,8.763030767440796,86.10707276295703,0.9127716798720651,0.9243442703157284,0.9127716798720651,0.9115005568656193,0.8424728969588785,0.2,0.0,0.8273346934065813,0.8037322866001171,0.7408599635081673,0.0,0.0,0.0,0.0,0.05170095224249473,0.40446855203909365,0.05170095224249473,0.05902190461627252,-0.2109026743993347,0.9333333333333333,0.009151134577112167,0.5860269708079543,0.26426852137946605,0.035069016426059134,0.005572959033558905,0.0012709812782440283,0.23096917935388042,0.0
Bot-IoT,RANDOM_LINF,10,5,1024,3,18.482419967651367,9.594751834869385,66.515228610889,0.9127716798720651,0.9243442703157284,0.9127716798720651,0.9115005568656193,0.8424728969588785,0.2,0.0,0.8273346934065813,0.8037322866001171,0.7408599635081673,0.0,0.0,0.0,0.0,0.2476193937631751,0.5446570611094604,0.2476193937631751,0.31525847479748886,0.06715371896202575,0.8666666666666667,0.004107559909488282,0.7841885481896755,0.2510256926720086,0.14360828165245135,0.003548001869191229,0.004841833440929632,0.0025993316004456,0.0
Bot-IoT,RANDOM_L2,10,5,1024,3,18.482419967651367,9.676222324371338,68.8740277676819,0.9127716798720651,0.9243442703157284,0.9127716798720651,0.9115005568656193,0.8424728969588785,0.2,0.0,0.8273346934065813,0.8037322866001171,0.7408599635081673,0.0,0.0,0.0,0.0,0.22403140219524606,0.5294307504942878,0.22403140219524606,0.2866041891299859,0.05190189353082107,0.9333333333333333,0.0043165729137321545,0.762955604105918,0.23525362851861553,0.12969389659421643,0.0038595337406324096,0.004962879276952873,0.0022279985146676567,0.0
Bot-IoT,FGSM,10,5,2048,2,18.754053831100464,9.216723680496216,78.53910736352402,0.8216816893217999,0.866069495592297,0.8216816893217999,0.8127322637790421,0.6945158781563684,0.13333333333333333,0.0,0.8167010506313048,0.797641937397531,0.7072730376973563,0.0,0.0,0.0,0.0,0.03629061568655957,0.35541964788661673,0.03629061568655957,0.022398876090373915,-0.2845530636477274,0.9333333333333333,0.005779663943439263,0.6438091958948083,0.26818588163338936,0.020011083800930484,0.003271084650132401,0.0006859264041316978,0.15336056442629037,0.0
Bot-IoT,RANDOM_LINF,10,5,2048,2,18.754053831100464,9.72569751739502,54.66489787017519,0.8216816893217999,0.866069495592297,0.8216816893217999,0.8127322637790421,0.6945158781563684,0.13333333333333333,0.0,0.8167010506313048,0.797641937397531,0.7072730376973563,0.0,0.0,0.0,0.0,0.27503271062004797,0.5149133558697251,0.27503271062004797,0.3110574054688956,0.057164436715701164,0.7333333333333333,0.007515380630855772,0.7744067430969521,0.25791503477488775,0.14021591296057576,0.005884490905000086,0.009381052291801162,0.008169327887114742,0.0
Bot-IoT,RANDOM_L2,10,5,2048,2,18.754053831100464,10.053775787353516,57.19906229555862,0.8216816893217999,0.866069495592297,0.8216816893217999,0.8127322637790421,0.6945158781563684,0.13333333333333333,0.0,0.8167010506313048,0.797641937397531,0.7072730376973563,0.0,0.0,0.0,0.0,0.24969106636621358,0.5161909781776912,0.24969106636621358,0.2880719224940815,0.04833493568682878,0.8666666666666667,0.008424132823220435,0.7529544529766831,0.23961007037096022,0.1286201507974922,0.007390228283632462,0.009845061329890251,0.004455997029335313,0.0
Bot-IoT,FGSM,10,5,2048,3,18.637247323989868,9.256944179534912,80.3936177945773,0.8427618666860507,0.8781850389713337,0.8427618666860507,0.8364745552014733,0.7278487419266215,0.26666666666666666,0.0,0.8185480480496337,0.7921527755873997,0.7007725781154143,0.0,0.0,0.0,0.0,0.038825688740277677,0.2047825823090931,0.038825688740277677,0.026411090354794955,-0.3528624436434006,0.9333333333333333,0.005461600676111631,0.640021556175359,0.27438809539501285,0.02400450220407622,0.0016788106405441422,0.0025823111684958036,0.1396212402525065,0.0
Bot-IoT,RANDOM_LINF,10,5,2048,3,18.637247323989868,10.14457893371582,55.763429526786354,0.8427618666860507,0.8781850389713337,0.8427618666860507,0.8364745552014733,0.7278487419266215,0.26666666666666666,0.0,0.8185480480496337,0.7921527755873997,0.7007725781154143,0.0,0.0,0.0,0.0,0.2851275714181871,0.538731320642418,0.2851275714181871,0.3421104175781202,0.06989805628904396,0.8666666666666667,0.006315827736934415,0.7836562344064392,0.23766289827607784,0.15456326921969163,0.004396060852558888,0.008735474499677211,0.0029706646862235424,0.0
Bot-IoT,RANDOM_L2,10,5,2048,3,18.637247323989868,10.15757155418396,57.56251362942501,0.8427618666860507,0.8781850389713337,0.8427618666860507,0.8364745552014733,0.7278487419266215,0.26666666666666666,0.0,0.8185480480496337,0.7921527755873997,0.7007725781154143,0.0,0.0,0.0,0.0,0.2671367303918005,0.5306557515493788,0.2671367303918005,0.3218625282552052,0.05862162897033598,0.8666666666666667,0.006243127561545242,0.7531062408478705,0.23467109018771634,0.14513917612329308,0.00501912459544125,0.007807456423499032,0.003713330857779428,0.0
Bot-IoT,FGSM,10,10,1024,2,10.673391103744507,7.45951247215271,68.90492113106055,0.9203678127498728,0.9305300634121287,0.9203678127498728,0.919331243585223,0.8558753806933965,0.13333333333333333,0.0,0.8416058684170811,0.8194634163036252,0.7520971317090983,0.0,0.0,0.0,0.0,0.23131860143926727,0.3970751108480747,0.23131860143926727,0.2768083256407958,-0.011208113872783261,0.9333333333333333,0.020764987595532573,0.6517625801755242,0.2718842675521716,0.1361412071746669,0.02244760206995621,0.01198353776630084,0.14630523579650948,0.0
Bot-IoT,RANDOM_LINF,10,10,1024,2,10.673391103744507,9.027958869934082,49.448462600857745,0.9203678127498728,0.9305300634121287,0.9203678127498728,0.919331243585223,0.8558753806933965,0.13333333333333333,0.0,0.8416058684170811,0.8194634163036252,0.7520971317090983,0.0,0.0,0.0,0.0,0.4258831867412953,0.5377007645308992,0.4258831867412953,0.4597665217932653,0.10225804549916405,0.6,0.008914859007097355,0.7752418053612027,0.2505665848632143,0.219732946577903,0.007355613631250108,0.010551162040025822,0.012253991830672113,0.0
Bot-IoT,RANDOM_L2,10,10,1024,2,10.673391103744507,9.074731588363647,52.674093188922,0.9203678127498728,0.9305300634121287,0.9203678127498728,0.919331243585223,0.8558753806933965,0.13333333333333333,0.0,0.8416058684170811,0.8194634163036252,0.7520971317090983,0.0,0.0,0.0,0.0,0.3936268808606528,0.5214376478373662,0.3936268808606528,0.43277656394497094,0.07380245176059808,0.7333333333333333,0.010477912777964577,0.7000183520065317,0.2263941227514394,0.20132802575611386,0.009570951383720728,0.011539703034215624,0.0103973264017824,0.0
Bot-IoT,FGSM,10,10,1024,3,10.671147346496582,8.15134310722351,78.46187395507742,0.9302355164643454,0.9379505058933761,0.9302355164643454,0.9295052479615885,0.8727208424383959,0.13333333333333333,0.0,0.8376844246885182,0.8301141455671717,0.7563447173148703,0.0,0.0,0.0,0.0,0.14561677691357128,0.2117203306842494,0.14561677691357128,0.16084763842185335,-0.25267296944622253,0.9333333333333333,0.02337310638761916,0.6557148490248143,0.2615073029690712,0.08702755316979026,0.024143720036691532,0.01059151065203357,0.2421091719272187,0.0
Bot-IoT,RANDOM_LINF,10,10,1024,3,10.671147346496582,9.099461793899536,52.770407792396604,0.9302355164643454,0.9379505058933761,0.9302355164643454,0.9295052479615885,0.8727208424383959,0.13333333333333333,0.0,0.8376844246885182,0.8301141455671717,0.7563447173148703,0.0,0.0,0.0,0.0,0.4025314385403794,0.536530930782038,0.4025314385403794,0.4468180525504591,0.09490929061446385,0.7333333333333333,0.017402604483783318,0.7799447706264708,0.23681491657321577,0.2101877998051441,0.01600927672683847,0.018862976113621692,0.020423319717786857,0.0
Bot-IoT,RANDOM_L2,10,10,1024,3,10.671147346496582,8.888726472854614,55.688922003343755,0.9302355164643454,0.9379505058933761,0.9302355164643454,0.9295052479615885,0.8727208424383959,0.13333333333333333,0.0,0.8376844246885182,0.8301141455671717,0.7563447173148703,0.0,0.0,0.0,0.0,0.3733462964309079,0.5152434172552245,0.3733462964309079,0.42084739628878864,0.061944507087076786,0.7333333333333333,0.02048327441589953,0.6731281838024451,0.22025047258682076,0.19421416368828753,0.01912459544125028,0.021768076178179472,0.025993316004455997,0.0
Bot-IoT,FGSM,10,10,2048,2,10.631202697753906,9.244909048080444,85.62095660391074,0.9297266845969324,0.9375782286087546,0.9297266845969324,0.9289811454993918,0.8718619303087379,0.13333333333333333,0.0,0.8443721954997164,0.8434830808374724,0.756125913736133,0.0,0.0,0.0,0.0,0.07351711855782511,0.17068243183291734,0.07351711855782511,0.07832412144825858,-0.32405512735109276,0.9333333333333333,0.025354186166974126,0.6426461504291124,0.23154789462514253,0.0478968870087527,0.03136087505841222,0.01099499677211104,0.16078722614184923,0.0
Bot-IoT,RANDOM_LINF,10,10,2048,2,10.631202697753906,8.563267469406128,52.33426619175692,0.9297266845969324,0.9375782286087546,0.9297266845969324,0.9289811454993918,0.8718619303087379,0.13333333333333333,0.0,0.8443721954997164,0.8434830808374724,0.756125913736133,0.0,0.0,0.0,0.0,0.40638402267936324,0.5408628312535968,0.40638402267936324,0.4482894791566035,0.10011638691114011,0.9333333333333333,0.005588825983042684,0.7051782700726887,0.2623320335407816,0.2133259352969719,0.005036431921632427,0.0059312459651387995,0.011139992573338284,0.0
Bot-IoT,RANDOM_L2,10,10,2048,2,10.631202697753906,8.448251008987427,56.12233771897943,0.9297266845969324,0.9375782286087546,0.9297266845969324,0.9289811454993918,0.8718619303087379,0.13333333333333333,0.0,0.8443721954997164,0.8434830808374724,0.756125913736133,0.0,0.0,0.0,0.0,0.36850330740713816,0.5244765772798836,0.36850330740713816,0.4198048686512864,0.07241648454770822,0.8666666666666667,0.010232549686026118,0.7576642954238368,0.22734878163645705,0.19467135187488857,0.008947887640838367,0.011559877340219496,0.013367991088005942,0.0
Bot-IoT,FGSM,10,10,2048,3,10.861911296844482,7.189195156097412,75.28440066875046,0.9027949407574326,0.9174292183771523,0.9027949407574326,0.9010751161636679,0.8259308805662435,0.06666666666666667,0.0,0.8418658658907383,0.846643435034404,0.7519212734548708,0.0,0.0,0.0,0.0,0.14995093406992804,0.4386388020081322,0.14995093406992804,0.20119215975042357,-0.11901497939734608,0.9333333333333333,0.01782063049227106,0.6410635000402838,0.2642059995753371,0.10070707882300327,0.021374547846103254,0.0049225306649451255,0.17898254734496843,0.0
Bot-IoT,RANDOM_LINF,10,10,2048,3,10.861911296844482,9.98384141921997,52.741331685687285,0.9027949407574326,0.9174292183771523,0.9027949407574326,0.9010751161636679,0.8259308805662435,0.06666666666666667,0.0,0.8418658658907383,0.846643435034404,0.7519212734548708,0.0,0.0,0.0,0.0,0.37538162390055974,0.5513543639077348,0.37538162390055974,0.4316410421685483,0.10226926344143565,0.6666666666666666,0.013213256876982216,0.7669616024167167,0.23751965842014106,0.1999293111436879,0.010851693521867807,0.01569561007101356,0.0181953212031192,0.0
Bot-IoT,RANDOM_L2,10,10,2048,3,10.861911296844482,9.839869976043701,55.66257178163845,0.9027949407574326,0.9174292183771523,0.9027949407574326,0.9010751161636679,0.8259308805662435,0.06666666666666667,0.0,0.8418658658907383,0.846643435034404,0.7519212734548708,0.0,0.0,0.0,0.0,0.3461692229410482,0.5306805078011099,0.3461692229410482,0.40351805616977604,0.07374208126965894,0.8666666666666667,0.01533973700711553,0.7257937095442489,0.22064996476951276,0.1840201827378291,0.013170875231485487,0.017430600387346677,0.023393984404010398,0.0
Bot-IoT,FGSM,10,15,1024,2,8.335731029510498,12.651842594146729,75.78596350948608,0.9226484698698845,0.9321401514627001,0.9226484698698845,0.9216944686908634,0.8596767157830939,0.13333333333333333,0.0,0.8768634963019262,0.8918411192550177,0.7530851071998053,0.0,0.0,0.0,0.0,0.16478883477502362,0.31198479711639154,0.16478883477502362,0.1892222196639761,-0.23810184785435304,0.9333333333333333,0.011368489926481947,0.6714338155697452,0.23571084435624182,0.09593897659170492,0.007961370047941294,0.00861442866365397,0.1351652432231712,0.0
Bot-IoT,RANDOM_LINF,10,15,1024,2,8.335731029510498,16.904462814331055,47.325906811078,0.9226484698698845,0.9321401514627001,0.9226484698698845,0.9216944686908634,0.8596767157830939,0.13333333333333333,0.0,0.8768634963019262,0.8918411192550177,0.7530851071998053,0.0,0.0,0.0,0.0,0.44938940175910447,0.5368805803721474,0.44938940175910447,0.47218010301090224,0.10083972090786918,0.5333333333333333,0.022709717287192954,0.659034836260138,0.22330339187842907,0.22577263222019422,0.019868810467470882,0.024229341510652033,0.055699962866691426,0.0
Bot-IoT,RANDOM_L2,10,15,1024,2,8.335731029510498,18.401933431625366,50.51791815075961,0.9226484698698845,0.9321401514627001,0.9226484698698845,0.9216944686908634,0.8596767157830939,0.13333333333333333,0.0,0.8768634963019262,0.8918411192550177,0.7530851071998053,0.0,0.0,0.0,0.0,0.4174692883622883,0.5170391263906561,0.4174692883622883,0.4446342892519744,0.06491835000224398,0.8,0.02740796612171827,0.6177535338966684,0.21375506471648245,0.2037210467967137,0.025459076827220962,0.02810280826339574,0.05644262903824731,0.0
Bot-IoT,FGSM,10,15,1024,3,8.097203493118286,14.847613334655762,81.52213418623246,0.9159518790433961,0.9272375775746707,0.9159518790433961,0.9147600965528524,0.848356246281938,0.06666666666666667,0.0,0.8669843263943274,0.8562813166122144,0.7576093505075908,0.0,0.0,0.0,0.0,0.10073053718107146,0.24254276255581497,0.10073053718107146,0.12515743792065545,-0.31150910033108076,0.9333333333333333,0.06602084677529285,0.5617564913070108,0.25046702330126525,0.059555735095839335,0.11152840997594282,0.004559393156875403,0.22094318603787597,0.0
Bot-IoT,RANDOM_LINF,10,15,1024,3,8.097203493118286,16.60260581970215,52.62775314385404,0.9159518790433961,0.9272375775746707,0.9159518790433961,0.9147600965528524,0.848356246281938,0.06666666666666667,0.0,0.8669843263943274,0.8562813166122144,0.7576093505075908,0.0,0.0,0.0,0.0,0.3896743476048557,0.5335042614229784,0.3896743476048557,0.4376332291982768,0.08620872200057188,0.7333333333333333,0.029152770331058425,0.6487942023457346,0.21678433707393077,0.20341431791382206,0.027068658163000397,0.031169302775984505,0.03676197549201634,0.0
Bot-IoT,RANDOM_L2,10,15,1024,3,8.097203493118286,16.551098108291626,54.67216689685252,0.9159518790433961,0.9272375775746707,0.9159518790433961,0.9147600965528524,0.848356246281938,0.06666666666666667,0.0,0.8669843263943274,0.8562813166122144,0.7576093505075908,0.0,0.0,0.0,0.0,0.369230210074871,0.5158961770164036,0.369230210074871,0.41860865357369265,0.0595314522353567,0.8,0.030152397742659553,0.6959897835215969,0.21180154879167276,0.19062313303680847,0.028660932172588655,0.03149209167204648,0.03750464166357222,0.0
Bot-IoT,FGSM,10,15,2048,2,8.3265700340271,6.540550231933594,85.65184996728938,0.9230028349204041,0.9324955908188547,0.9230028349204041,0.9220540460526566,0.860361277363558,0.13333333333333333,0.0,0.8892440455210149,0.915835803398813,0.753234444281364,0.0,0.0,0.0,0.0,0.06648433524751036,0.44220166127091126,0.06648433524751036,0.07103783712030615,-0.3335345157899086,0.9333333333333333,0.013404094837378795,0.5346245295814208,0.25646313583032504,0.042766830464566016,0.011647830526661936,0.008876694641704326,0.1344225770516153,0.0
Bot-IoT,RANDOM_LINF,10,15,2048,2,8.3265700340271,16.6534206867218,53.070255142836366,0.9230028349204041,0.9324955908188547,0.9230028349204041,0.9220540460526566,0.860361277363558,0.13333333333333333,0.0,0.8892440455210149,0.915835803398813,0.753234444281364,0.0,0.0,0.0,0.0,0.39230028349204044,0.5368918582555989,0.39230028349204044,0.4228774160502828,0.08663699694692983,0.8,0.03973064585018311,0.6177299725466974,0.21988824061092407,0.1959763465851667,0.03764343446580938,0.04208360232408005,0.041217972521351655,0.0
Bot-IoT,RANDOM_L2,10,15,2048,2,8.3265700340271,16.115761756896973,56.03692665552082,0.9230028349204041,0.9324955908188547,0.9230028349204041,0.9220540460526566,0.860361277363558,0.13333333333333333,0.0,0.8892440455210149,0.915835803398813,0.753234444281364,0.0,0.0,0.0,0.0,0.3626335683651959,0.5148312010017432,0.3626335683651959,0.39970549588988064,0.05624585811854986,0.6,0.044428894684708425,0.6182026802816444,0.21194602517010028,0.18186485701066807,0.04207410997075062,0.04674386701097482,0.052357965094689936,0.0
Bot-IoT,FGSM,10,15,2048,3,8.27890396118164,13.62640380859375,78.49185869012139,0.9205767972668459,0.930461383587229,0.9205767972668459,0.9195637304441918,0.8560311858601135,0.06666666666666667,0.0,0.8716364269044912,0.887300347619043,0.7596186150835849,0.0,0.0,0.0,0.0,0.13565821036563205,0.18872732993803118,0.13565821036563205,0.15043872065736497,-0.31964152533422047,0.9333333333333333,0.02170100235366818,0.5097926864733646,0.16668436729863026,0.07441006889541628,0.02616867720105921,0.010228373143963848,0.1370219086520609,0.0
Bot-IoT,RANDOM_LINF,10,15,2048,3,8.27890396118164,21.66201686859131,50.06269535509196,0.9205767972668459,0.930461383587229,0.9205767972668459,0.9195637304441918,0.8560311858601135,0.06666666666666667,0.0,0.8716364269044912,0.887300347619043,0.7596186150835849,0.0,0.0,0.0,0.0,0.4199498437159264,0.5476671934291516,0.4199498437159264,0.4578723431700235,0.11000050716399586,0.7333333333333333,0.03172453903545042,0.7596498509482132,0.22921196163074226,0.21516672127133335,0.030062825594073972,0.03443754034861201,0.017452655031563312,0.0
Bot-IoT,RANDOM_L2,10,15,2048,3,8.27890396118164,20.169994592666626,53.85349276731846,0.9205767972668459,0.930461383587229,0.9205767972668459,0.9195637304441918,0.8560311858601135,0.06666666666666667,0.0,0.8716364269044912,0.887300347619043,0.7596186150835849,0.0,0.0,0.0,0.0,0.38204186959366143,0.5285023368182079,0.38204186959366143,0.4255297328469482,0.07568710980042456,0.8666666666666667,0.036013849383411636,0.6077723219269531,0.2157349774276783,0.19384362734159094,0.033368524896588724,0.03954163976759199,0.027849981433345713,0.0
Bot-IoT,FGSM,10,20,1024,2,7.017292499542236,7.546095609664917,51.27480555353638,0.9260103947081486,0.9349128180537546,0.9260103947081486,0.9251456023531892,0.8656351000700611,0.13333333333333333,0.0,0.905412052169055,0.9200796262756619,0.7545238242503476,0.0,0.0,0.0,0.0,0.41326233917278477,0.6816803056137545,0.41326233917278477,0.3971792491988448,0.05336632328421791,0.8666666666666667,0.0059341518161412565,0.6809370447970028,0.27215464153045377,0.1855936714715808,0.0020422644905588538,0.004821659134925759,0.10991459339027107,0.0
Bot-IoT,RANDOM_LINF,10,20,1024,2,7.017292499542236,12.772414207458496,49.27582321727121,0.9260103947081486,0.9349128180537546,0.9260103947081486,0.9251456023531892,0.8656351000700611,0.13333333333333333,0.0,0.905412052169055,0.9200796262756619,0.7545238242503476,0.0,0.0,0.0,0.0,0.4332521625354365,0.5394427997529695,0.4332521625354365,0.43496984623019896,0.07034961353009912,0.8,0.015348824529039176,0.5646547329302688,0.21115434195851046,0.1948109382006639,0.012270894269544298,0.01805600387346675,0.03156331229112514,0.0
Bot-IoT,RANDOM_L2,10,20,1024,2,7.017292499542236,11.945262908935547,50.30893363378644,0.9260103947081486,0.9349128180537546,0.9260103947081486,0.9251456023531892,0.8656351000700611,0.13333333333333333,0.0,0.905412052169055,0.9200796262756619,0.7545238242503476,0.0,0.0,0.0,0.0,0.4229210583702842,0.5117663055630696,0.4229210583702842,0.42618797160913563,0.04420123455178345,0.8,0.018384056851537153,0.5779428807050078,0.20715113468711008,0.18746651471595913,0.016355423250662006,0.02031552614590058,0.02636464909023394,0.0
Bot-IoT,FGSM,10,20,1024,3,7.1021411418914795,8.276761293411255,50.149015046885225,0.9357599767391146,0.9423136258835034,0.9357599767391146,0.935167213485412,0.8823308368302446,0.13333333333333333,0.0,0.9032007710595849,0.9107916656822435,0.7587048274245167,0.0,0.0,0.0,0.0,0.4342698262702624,0.5514033368228436,0.4342698262702624,0.40058194397111446,-0.028200535378315548,0.9333333333333333,0.006879254096200507,0.5959221082398016,0.27864126471753786,0.16244202942078123,0.005399885771647139,0.0007867979341510652,0.15076123282584478,0.0
Bot-IoT,RANDOM_LINF,10,20,1024,3,7.1021411418914795,15.620847940444946,45.37962491822345,0.9357599767391146,0.9423136258835034,0.9357599767391146,0.935167213485412,0.8823308368302446,0.13333333333333333,0.0,0.9032007710595849,0.9107916656822435,0.7587048274245167,0.0,0.0,0.0,0.0,0.4819637275568801,0.5317313151167105,0.4819637275568801,0.47469834294073604,0.09477949401461429,0.8666666666666667,0.016212139111785605,0.6056470786191503,0.219313684312573,0.22706518051894173,0.015040066460132574,0.016865719819238217,0.029335313776457483,0.0
Bot-IoT,RANDOM_L2,10,20,1024,3,7.1021411418914795,13.122049808502197,47.34135349276731,0.9357599767391146,0.9423136258835034,0.9357599767391146,0.935167213485412,0.8823308368302446,0.13333333333333333,0.0,0.9032007710595849,0.9107916656822435,0.7587048274245167,0.0,0.0,0.0,0.0,0.46234644181144147,0.5128335206890848,0.46234644181144147,0.44897424246044265,0.057176495229543295,0.8666666666666667,0.02031061149935024,0.5552780258792952,0.21066691596736767,0.20488561748218656,0.019003444157912046,0.02096110393802453,0.0363906424062384,0.0
Bot-IoT,FGSM,10,20,2048,2,7.0812828540802,9.517964839935303,54.07519808097696,0.9237206513047903,0.9329363515866934,0.9237206513047903,0.9228016496730924,0.8614992578881702,0.13333333333333333,0.0,0.8930887821948309,0.9050745219036103,0.7535829384760624,0.0,0.0,0.0,0.0,0.3829686704950207,0.42812266602145044,0.3829686704950207,0.3617504054158392,-0.12523401533950718,0.9333333333333333,0.004643723702983433,0.5550894307354929,0.23322430764341223,0.14640862392866938,0.0012115128333823708,0.0016744673983214978,0.13293724470850352,0.0
Bot-IoT,RANDOM_LINF,10,20,2048,2,7.0812828540802,13.161091327667236,44.096641709675076,0.9237206513047903,0.9329363515866934,0.9237206513047903,0.9228016496730924,0.8614992578881702,0.13333333333333333,0.0,0.8930887821948309,0.9050745219036103,0.7535829384760624,0.0,0.0,0.0,0.0,0.48275423420803953,0.538099276651346,0.48275423420803953,0.462379276413506,0.08616406116196743,0.8,0.0209649130778528,0.5943577111121848,0.21222992442495042,0.21357310285069006,0.01844960971979439,0.022776791478373144,0.0415893056071296,0.0
Bot-IoT,RANDOM_L2,10,20,2048,2,7.0812828540802,11.46051549911499,46.19103002108018,0.9237206513047903,0.9329363515866934,0.9237206513047903,0.9228016496730924,0.8614992578881702,0.13333333333333333,0.0,0.8930887821948309,0.9050745219036103,0.7535829384760624,0.0,0.0,0.0,0.0,0.4618103510939885,0.515230790395931,0.4618103510939885,0.43847958291263023,0.05105116781409624,0.8,0.024636271935006043,0.5739515030505737,0.20666071239528847,0.19465391631811121,0.023122587791412106,0.025338928340865076,0.044188637207575196,0.0
Bot-IoT,FGSM,10,20,2048,3,6.827926158905029,7.26883864402771,63.41135421966999,0.9292632841462528,0.9371745174308062,0.9292632841462528,0.9285079642054206,0.8710217907817495,0.13333333333333333,0.0,0.9166630468293953,0.9369184192323816,0.7559289568631902,0.0,0.0,0.0,0.0,0.29514974194955296,0.4231399609201323,0.29514974194955296,0.24811614516689437,-0.2267296146773819,0.9333333333333333,0.0037804091202370024,0.5929206563193627,0.2264932259375206,0.10082893228094125,0.001246127485764724,0.0036918979987088443,0.05978462681024879,0.0
Bot-IoT,RANDOM_LINF,10,20,2048,3,6.827926158905029,14.118583679199219,45.18426982627026,0.9292632841462528,0.9371745174308062,0.9292632841462528,0.9285079642054206,0.8710217907817495,0.13333333333333333,0.0,0.9166630468293953,0.9369184192323816,0.7559289568631902,0.0,0.0,0.0,0.0,0.4774205858835502,0.5352655957896177,0.4774205858835502,0.4551313416686761,0.09350064881008482,0.6666666666666666,0.02029243645550295,0.6427534599391249,0.22059380677774384,0.21916371299086693,0.017359248169750256,0.023018883150419625,0.03304864463423691,0.0
Bot-IoT,RANDOM_L2,10,20,2048,3,6.827926158905029,11.6069016456604,47.26957185432871,0.9292632841462528,0.9371745174308062,0.9292632841462528,0.9285079642054206,0.8710217907817495,0.13333333333333333,0.0,0.9166630468293953,0.9369184192323816,0.7559289568631902,0.0,0.0,0.0,0.0,0.45656756560296574,0.5163471363873922,0.45656756560296574,0.4341907655958703,0.06011491767684415,0.8666666666666667,0.021237538735562198,0.5657527747242067,0.21115982083320203,0.1989544279808072,0.0188130635698091,0.023301323434473855,0.035276643148904566,0.0
Bot-IoT,FGSM,16,10,2048,2,91.48283550003543,9.47115009976551,56.07781493058079,0.919159337064767,0.9297932648473809,0.919159337064767,0.9180693381174887,0.853965236834008,0.13333333333333333,0.0,0.8531774243211482,0.8540245859942184,0.7516038216195017,0.0,0.0,0.0,0.0,0.35838118775895905,0.4306090481315879,0.35838118775895905,0.36806574088005845,-0.011799796765270163,0.8666666666666667,0.010050799247553185,0.7185940823006678,0.22160312894974804,0.18314181131024515,0.005296041814500078,0.004862007746933505,0.20757519494987003,0.0
Bot-IoT,RANDOM_LINF,16,10,2048,2,91.48283550003543,12.597669700160623,43.51239369048485,0.919159337064767,0.9297932648473809,0.919159337064767,0.9180693381174887,0.853965236834008,0.13333333333333333,0.0,0.8531774243211482,0.8540245859942184,0.7516038216195017,0.0,0.0,0.0,0.0,0.4840354001599186,0.5648302659135511,0.4840354001599186,0.5066547098660995,0.14929853000127943,0.7333333333333333,0.008933034050944647,0.8072055750911767,0.2737689049232361,0.24659088816307895,0.006836393845514806,0.011277437056165268,0.010768659487560341,0.0
Bot-IoT,RANDOM_L2,16,10,2048,2,91.48283550003543,11.979874299839139,47.57487097477648,0.919159337064767,0.9297932648473809,0.919159337064767,0.9180693381174887,0.853965236834008,0.13333333333333333,0.0,0.8531774243211482,0.8540245859942184,0.7516038216195017,0.0,0.0,0.0,0.0,0.44341062731700226,0.5436058335528368,0.44341062731700226,0.4733059330402118,0.10695680995008369,0.6,0.013195081833134923,0.754348375174715,0.23564158979821306,0.22244252160119604,0.011284376676647225,0.015150903808908973,0.0181953212031192,0.0
Bot-IoT,FGSM,16,20,2048,2,57.82989819999784,21.26885410025716,42.679181507596134,0.9653540015991858,0.9671526505709196,0.9653540015991858,0.9652234566101355,0.9350468490877794,0.13333333333333333,0.0,0.8952388410367416,0.913765072515555,0.7711991149409433,0.0,0.0,0.0,0.0,0.5385621865232245,0.63659223754634,0.5385621865232245,0.5367991900710419,0.18248544654447937,0.8666666666666667,0.007233667451222726,0.6279476354069167,0.24545979883303679,0.22509870964305906,0.0036172311739559354,0.004276952872821175,0.13924990716672855,0.0
Bot-IoT,RANDOM_LINF,16,20,2048,2,57.82989819999784,26.075508800102398,51.554663080613494,0.9653540015991858,0.9671526505709196,0.9653540015991858,0.9652234566101355,0.9350468490877794,0.13333333333333333,0.0,0.8952388410367416,0.913765072515555,0.7711991149409433,0.0,0.0,0.0,0.0,0.44980737079305083,0.5131021145518871,0.44980737079305083,0.44750186925353164,0.06729787696262715,0.4666666666666667,0.02575403713161458,0.7289879671585391,0.21573549474107695,0.211105055268,0.024455251908132712,0.02612572627501614,0.046787968808020795,0.0
Bot-IoT,RANDOM_L2,16,20,2048,2,57.82989819999784,23.617335500195622,53.32557970487751,0.9653540015991858,0.9671526505709196,0.9653540015991858,0.9652234566101355,0.9350468490877794,0.13333333333333333,0.0,0.8952388410367416,0.913765072515555,0.7711991149409433,0.0,0.0,0.0,0.0,0.4320982045504107,0.4996038384788042,0.4320982045504107,0.4311793265981507,0.041730436967809315,0.8,0.02892558228296726,0.5607286611642506,0.20837485994473498,0.1955599916939877,0.029076308001176897,0.02769932214331827,0.04827330115113257,0.0
Bot-IoT,FGSM,32,10,2048,2,150.0825785000343,16.966851899400353,89.33088609435197,0.928082067311187,0.9364878092285083,0.928082067311187,0.927278783750976,0.8691863935103139,0.13333333333333333,0.0,0.8282206611796742,0.8182680965408181,0.7554141006697248,0.0,0.0,0.0,0.0,0.03477320636766737,0.2057352722581567,0.03477320636766737,0.023596551636478856,-0.37608913691746376,0.8666666666666667,0.010823238611063149,0.6138189078134141,0.24886981236479572,0.022209829322112695,0.0060229495145295,0.005184796642995481,0.2176011882658745,0.0
Bot-IoT,RANDOM_LINF,32,10,2048,2,150.0825785000343,19.11192119983025,52.81220469579123,0.928082067311187,0.9364878092285083,0.928082067311187,0.927278783750976,0.8691863935103139,0.13333333333333333,0.0,0.8282206611796742,0.8182680965408181,0.7554141006697248,0.0,0.0,0.0,0.0,0.3999600203532747,0.5545533028872731,0.3999600203532747,0.43943531189006324,0.10985814691933328,0.8,0.004807299097609073,0.802411864529941,0.29834418567896737,0.20426097972804852,0.0037903044358677026,0.00611281471917366,0.0025993316004456,0.0
Bot-IoT,RANDOM_L2,32,10,2048,2,150.0825785000343,17.072434900328517,55.39452642291197,0.928082067311187,0.9364878092285083,0.928082067311187,0.927278783750976,0.8691863935103139,0.13333333333333333,0.0,0.8282206611796742,0.8182680965408181,0.7554141006697248,0.0,0.0,0.0,0.0,0.3741368030820673,0.5372998326529205,0.3741368030820673,0.41366426934990014,0.08364192729871381,0.8666666666666667,0.006624803482338401,0.7485164399429172,0.24565618603204936,0.18901705086946113,0.005988334862147147,0.007262750161394448,0.008540660972892685,0.0
Bot-IoT,FGSM,32,20,2048,2,87.691971299937,54.46593680023216,81.80108308497492,0.947317729156066,0.9518993601329624,0.947317729156066,0.9469463269645834,0.9028306572072696,0.13333333333333333,0.0,0.8989776822046729,0.9139452517839667,0.7636065384106909,0.0,0.0,0.0,0.0,0.12930689830631678,0.20148398103696616,0.12930689830631678,0.14160255581364367,-0.2777302876337116,0.9333333333333333,0.0719549985914341,0.6550249382997094,0.236276648856072,0.0772890972103368,0.012651655445750186,0.13409861200774692,0.2005198663200891,0.0
Bot-IoT,RANDOM_LINF,32,20,2048,2,87.691971299937,51.807211300125346,50.11993894017591,0.947317729156066,0.9518993601329624,0.947317729156066,0.9469463269645834,0.9028306572072696,0.13333333333333333,0.0,0.8989776822046729,0.9139452517839667,0.7636065384106909,0.0,0.0,0.0,0.0,0.4461183397543069,0.5345037487831298,0.4461183397543069,0.47171257732680555,0.09671675568212632,0.7333333333333333,0.029688934124553576,0.7558038432583128,0.22220585768112047,0.22525619923060608,0.025545613458176845,0.034639283408650745,0.027478648347567768,0.0
Bot-IoT,RANDOM_L2,32,20,2048,2,87.691971299937,45.05395060009323,52.92760049429381,0.947317729156066,0.9518993601329624,0.947317729156066,0.9469463269645834,0.9028306572072696,0.13333333333333333,0.0,0.8989776822046729,0.9139452517839667,0.7636065384106909,0.0,0.0,0.0,0.0,0.41804172421312785,0.5124321838972696,0.41804172421312785,0.4451905842640066,0.05925473979443594,0.4666666666666667,0.03633191265073927,0.7108790689831144,0.21216889169447653,0.20483001273244228,0.03224354869416224,0.041074887023886376,0.03676197549201634,0.0
Bot-IoT,C&W,16,10,2048,2,71.76847379980609,36.48595769982785,0.0,0.919159337064767,0.9297932648473809,0.919159337064767,0.9180693381174887,0.853965236834008,0.13333333333333333,0.0,0.8531774243211482,0.8540245859942184,0.7516038216195017,0.0,0.0,0.0,0.0,0.919159337064767,0.9297932648473809,0.919159337064767,0.9180693381174887,0.853965236834008,0.13333333333333333,0.0,0.8531774243211482,0.8540245859942184,0.7516038216195017,0.0,0.0,0.0,0.0
Bot-IoT,C&W,16,20,2048,2,45.14694270002656,12.78473150008358,0.0,0.9653540015991858,0.9671526505709196,0.9653540015991858,0.9652234566101355,0.9350468490877794,0.13333333333333333,0.0,0.8952388410367416,0.913765072515555,0.7711991149409433,0.0,0.0,0.0,0.0,0.9653540015991858,0.9671526505709196,0.9653540015991858,0.9652234566101355,0.9350468490877794,0.13333333333333333,0.0,0.8952388410367416,0.913765072515555,0.7711991149409433,0.0,0.0,0.0,0.0
Bot-IoT,C&W,32,10,2048,2,126.12771379994228,77.18120139976963,0.0,0.928082067311187,0.9364878092285083,0.928082067311187,0.927278783750976,0.8691863935103139,0.13333333333333333,0.0,0.8282206611796742,0.8182680965408181,0.7554141006697248,0.0,0.0,0.0,0.0,0.928082067311187,0.9364878092285083,0.928082067311187,0.927278783750976,0.8691863935103139,0.13333333333333333,0.0,0.8282206611796742,0.8182680965408181,0.7554141006697248,0.0,0.0,0.0,0.0
Bot-IoT,C&W,32,20,2048,2,73.81418920005672,22.327562699792907,0.0,0.947317729156066,0.9518993601329624,0.947317729156066,0.9469463269645834,0.9028306572072696,0.13333333333333333,0.0,0.8989776822046729,0.9139452517839667,0.7636065384106909,0.0,0.0,0.0,0.0,0.947317729156066,0.9518993601329624,0.947317729156066,0.9469463269645834,0.9028306572072696,0.13333333333333333,0.0,0.8989776822046729,0.9139452517839667,0.7636065384106909,0.0,0.0,0.0,0.0
Bot-IoT,C&W,1,5,1024,2,23.62427380005829,15.449373400071636,0.0,0.8175474303990695,0.8621586812580356,0.8175474303990695,0.808234851181922,0.6866665356873297,0.3333333333333333,9.08752192364664e-06,0.8097453563034737,0.6277668710749009,0.6733811847582768,0.0,0.0,0.0003713330857779428,0.0,0.8175474303990695,0.8621586812580356,0.8175474303990695,0.808234851181922,0.6866665356873297,0.3333333333333333,9.08752192364664e-06,0.8097453563034737,0.6277668710749009,0.6733811847582768,0.0,0.0,0.0003713330857779428,0.0
Bot-IoT,C&W,1,5,1024,3,24.809657900128514,15.66483849985525,0.0,0.8175474303990695,0.8621586812580356,0.8175474303990695,0.808234851181922,0.6866665356873297,0.3333333333333333,9.08752192364664e-06,0.8097453563034737,0.6277668710749009,0.6733811847582768,0.0,0.0,0.0003713330857779428,0.0,0.8175474303990695,0.8621586812580356,0.8175474303990695,0.808234851181922,0.6866665356873297,0.3333333333333333,9.08752192364664e-06,0.8097453563034737,0.6277668710749009,0.6733811847582768,0.0,0.0,0.0003713330857779428,0.0
Bot-IoT,C&W,1,5,2048,2,24.668010300025344,15.547222699737176,0.0,0.8175474303990695,0.8621586812580356,0.8175474303990695,0.808234851181922,0.6866665356873297,0.3333333333333333,9.08752192364664e-06,0.8097453563034737,0.6277668710749009,0.6733811847582768,0.0,0.0,0.0003713330857779428,0.0,0.8175474303990695,0.8621586812580356,0.8175474303990695,0.808234851181922,0.6866665356873297,0.3333333333333333,9.08752192364664e-06,0.8097453563034737,0.6277668710749009,0.6733811847582768,0.0,0.0,0.0003713330857779428,0.0
Bot-IoT,C&W,1,5,2048,3,25.300878199981526,15.769728399813175,0.0,0.8175474303990695,0.8621586812580356,0.8175474303990695,0.808234851181922,0.6866665356873297,0.3333333333333333,9.08752192364664e-06,0.8097453563034737,0.6277668710749009,0.6733811847582768,0.0,0.0,0.0003713330857779428,0.0,0.8175474303990695,0.8621586812580356,0.8175474303990695,0.808234851181922,0.6866665356873297,0.3333333333333333,9.08752192364664e-06,0.8097453563034737,0.6277668710749009,0.6733811847582768,0.0,0.0,0.0003713330857779428,0.0
Bot-IoT,C&W,1,10,1024,2,20.737949900096282,9.625803399598226,0.0,0.7357708802791306,0.8219344387452139,0.7357708802791306,0.7079428694091008,0.5598592845794763,0.13333333333333333,9.08752192364664e-06,0.8704431985350691,0.6422118157181658,0.656159973346585,0.0,0.0,0.0003713330857779428,0.0,0.7357708802791306,0.8219344387452139,0.7357708802791306,0.7079428694091008,0.5598592845794763,0.13333333333333333,9.08752192364664e-06,0.8704431985350691,0.6422118157181658,0.656159973346585,0.0,0.0,0.0003713330857779428,0.0
Bot-IoT,C&W,1,10,1024,3,21.803128300001845,9.691388299921528,0.0,0.7357708802791306,0.8219344387452139,0.7357708802791306,0.7079428694091008,0.5598592845794763,0.13333333333333333,9.08752192364664e-06,0.8685649088998915,0.6438711909921695,0.656159973346585,0.0,0.0,0.0003713330857779428,0.0,0.7357708802791306,0.8219344387452139,0.7357708802791306,0.7079428694091008,0.5598592845794763,0.13333333333333333,9.08752192364664e-06,0.8685649088998915,0.6438711909921695,0.656159973346585,0.0,0.0,0.0003713330857779428,0.0
Bot-IoT,C&W,1,10,2048,2,20.415613499935716,9.565876900218427,0.0,0.7357708802791306,0.8219344387452139,0.7357708802791306,0.7079428694091008,0.5598592845794763,0.13333333333333333,9.08752192364664e-06,0.8685651622535883,0.6435133348188211,0.656159973346585,0.0,0.0,0.0003713330857779428,0.0,0.7357708802791306,0.8219344387452139,0.7357708802791306,0.7079428694091008,0.5598592845794763,0.13333333333333333,9.08752192364664e-06,0.8685651622535883,0.6435133348188211,0.656159973346585,0.0,0.0,0.0003713330857779428,0.0
Bot-IoT,C&W,1,10,2048,3,21.977098000003025,9.714291400043294,0.0,0.7357708802791306,0.8219344387452139,0.7357708802791306,0.7079428694091008,0.5598592845794763,0.13333333333333333,9.08752192364664e-06,0.8685651622535883,0.6435133348188211,0.656159973346585,0.0,0.0,0.0003713330857779428,0.0,0.7357708802791306,0.8219344387452139,0.7357708802791306,0.7079428694091008,0.5598592845794763,0.13333333333333333,9.08752192364664e-06,0.8685651622535883,0.6435133348188211,0.656159973346585,0.0,0.0,0.0003713330857779428,0.0
Bot-IoT,C&W,1,15,1024,2,19.327485899906605,6.3071079002693295,0.0,0.9031402195246057,0.9168563340474152,0.9031402195246057,0.9015066527562158,0.8257803951688949,0.13333333333333333,9.08752192364664e-06,0.8999242389498784,0.6766799975569824,0.7382500607772782,0.0,0.0,0.0003713330857779428,0.0,0.9031402195246057,0.9168563340474152,0.9031402195246057,0.9015066527562158,0.8257803951688949,0.13333333333333333,9.08752192364664e-06,0.8999242389498784,0.6766799975569824,0.7382500607772782,0.0,0.0,0.0003713330857779428,0.0
Bot-IoT,C&W,1,15,1024,3,19.316294299904257,6.141802100231871,0.0,0.9031402195246057,0.9168563340474152,0.9031402195246057,0.9015066527562158,0.8257803951688949,0.13333333333333333,9.08752192364664e-06,0.8973728478833294,0.6736739658856797,0.7382500607772782,0.0,0.0,0.0003713330857779428,0.0,0.9031402195246057,0.9168563340474152,0.9031402195246057,0.9015066527562158,0.8257803951688949,0.13333333333333333,9.08752192364664e-06,0.8973728478833294,0.6736739658856797,0.7382500607772782,0.0,0.0,0.0003713330857779428,0.0
Bot-IoT,C&W,1,15,2048,2,20.169545199954882,6.021265299990773,0.0,0.9031402195246057,0.9168563340474152,0.9031402195246057,0.9015066527562158,0.8257803951688949,0.13333333333333333,9.08752192364664e-06,0.8985313440064123,0.6743738566256353,0.7382500607772782,0.0,0.0,0.0003713330857779428,0.0,0.9031402195246057,0.9168563340474152,0.9031402195246057,0.9015066527562158,0.8257803951688949,0.13333333333333333,9.08752192364664e-06,0.8985313440064123,0.6743738566256353,0.7382500607772782,0.0,0.0,0.0003713330857779428,0.0
Bot-IoT,C&W,1,15,2048,3,19.42914819996804,6.074025799753144,0.0,0.9031402195246057,0.9168563340474152,0.9031402195246057,0.9015066527562158,0.8257803951688949,0.13333333333333333,9.08752192364664e-06,0.8985335468348099,0.6743747853604616,0.7382500607772782,0.0,0.0,0.0003713330857779428,0.0,0.9031402195246057,0.9168563340474152,0.9031402195246057,0.9015066527562158,0.8257803951688949,0.13333333333333333,9.08752192364664e-06,0.8985335468348099,0.6743747853604616,0.7382500607772782,0.0,0.0,0.0003713330857779428,0.0
Bot-IoT,C&W,1,20,1024,2,18.867146600037813,2.9711809002328664,0.0,0.9086101620992949,0.9217427847270627,0.9086101620992949,0.9071385497361466,0.8358250113797012,0.13333333333333333,9.08752192364664e-06,0.8627235456721498,0.7417512982523575,0.7405986387926422,0.0,0.0,0.0003713330857779428,0.0,0.9086101620992949,0.9217427847270627,0.9086101620992949,0.9071385497361466,0.8358250113797012,0.13333333333333333,9.08752192364664e-06,0.8627235456721498,0.7417512982523575,0.7405986387926422,0.0,0.0,0.0003713330857779428,0.0
Bot-IoT,C&W,1,20,1024,3,19.050508599961177,3.093226299621165,0.0,0.9086555935160282,0.9217941273252108,0.9086555935160282,0.907183873190235,0.8359199422668174,0.06666666666666667,9.08752192364664e-06,0.8635777430304348,0.7411616582954598,0.7479715195588708,0.0,0.0,0.0003713330857779428,0.0,0.9086555935160282,0.9217941273252108,0.9086555935160282,0.907183873190235,0.8359199422668174,0.06666666666666667,9.08752192364664e-06,0.8635777430304348,0.7411616582954598,0.7479715195588708,0.0,0.0,0.0003713330857779428,0.0
Bot-IoT,C&W,1,20,2048,2,19.246806300012395,3.4509748998098075,0.0,0.9086283346659882,0.9217566753369905,0.9086283346659882,0.9071568774394723,0.8358582548374877,0.06666666666666667,9.08752192364664e-06,0.8635922237758399,0.7450928156497527,0.7479603873530303,0.0,0.0,0.0003713330857779428,0.0,0.9086283346659882,0.9217566753369905,0.9086283346659882,0.9071568774394723,0.8358582548374877,0.06666666666666667,9.08752192364664e-06,0.8635922237758399,0.7450928156497527,0.7479603873530303,0.0,0.0,0.0003713330857779428,0.0
Bot-IoT,C&W,1,20,2048,3,18.741720099933445,3.0626300999429077,0.0,0.9086737660827215,0.9218015336575582,0.9086737660827215,0.9072032717672489,0.835945464276742,0.06666666666666667,9.08752192364664e-06,0.8645029495205543,0.7449418130039627,0.747979690209273,0.0,0.0,0.0003713330857779428,0.0,0.9086737660827215,0.9218015336575582,0.9086737660827215,0.9072032717672489,0.835945464276742,0.06666666666666667,9.08752192364664e-06,0.8645029495205543,0.7449418130039627,0.747979690209273,0.0,0.0,0.0003713330857779428,0.0
Bot-IoT,C&W,2,5,1024,2,30.21653880015947,40.052595199784264,0.0,0.6480337282837828,0.7887275559699576,0.6480337282837828,0.5794794431122376,0.42054818763706137,0.3333333333333333,0.0,0.8121476699069557,0.7226706752650572,0.5813515316882849,0.0,0.0,0.0,0.0,0.6480337282837828,0.7887275559699576,0.6480337282837828,0.5794794431122376,0.42054818763706137,0.3333333333333333,0.0,0.8121476699069557,0.7226706752650572,0.5813515316882849,0.0,0.0,0.0,0.0
Bot-IoT,C&W,2,5,1024,3,30.33202559989877,40.150999599834904,0.0,0.6480337282837828,0.7887275559699576,0.6480337282837828,0.5794794431122376,0.42054818763706137,0.3333333333333333,0.0,0.8121476699069557,0.7226706752650572,0.5813515316882849,0.0,0.0,0.0,0.0,0.6480337282837828,0.7887275559699576,0.6480337282837828,0.5794794431122376,0.42054818763706137,0.3333333333333333,0.0,0.8121476699069557,0.7226706752650572,0.5813515316882849,0.0,0.0,0.0,0.0
Bot-IoT,C&W,2,5,2048,2,29.936424999963492,39.43565039965324,0.0,0.6480337282837828,0.7887275559699576,0.6480337282837828,0.5794794431122376,0.42054818763706137,0.3333333333333333,0.0,0.8121476699069557,0.7226706752650572,0.5813515316882849,0.0,0.0,0.0,0.0,0.6480337282837828,0.7887275559699576,0.6480337282837828,0.5794794431122376,0.42054818763706137,0.3333333333333333,0.0,0.8121476699069557,0.7226706752650572,0.5813515316882849,0.0,0.0,0.0,0.0
Bot-IoT,C&W,2,5,2048,3,30.129165099933743,39.91559840016998,0.0,0.6480337282837828,0.7887275559699576,0.6480337282837828,0.5794794431122376,0.42054818763706137,0.3333333333333333,0.0,0.8121476699069557,0.7226706752650572,0.5813515316882849,0.0,0.0,0.0,0.0,0.6480337282837828,0.7887275559699576,0.6480337282837828,0.5794794431122376,0.42054818763706137,0.3333333333333333,0.0,0.8121476699069557,0.7226706752650572,0.5813515316882849,0.0,0.0,0.0,0.0
Bot-IoT,C&W,2,10,1024,2,25.91192390001379,18.549677800154313,0.0,0.7411590463036999,0.8247598913023324,0.7411590463036999,0.7149292755891993,0.5685398331038811,0.13333333333333333,0.0,0.8257576910058511,0.7803504285136917,0.6655535267032671,0.0,0.0,0.0,0.0,0.7411590463036999,0.8247598913023324,0.7411590463036999,0.7149292755891993,0.5685398331038811,0.13333333333333333,0.0,0.8257576910058511,0.7803504285136917,0.6655535267032671,0.0,0.0,0.0,0.0
Bot-IoT,C&W,2,10,1024,3,23.554396399995312,18.82692539994605,0.0,0.7411590463036999,0.8247598913023324,0.7411590463036999,0.7149292755891993,0.5685398331038811,0.13333333333333333,0.0,0.8256847705925564,0.6911187336019389,0.6655535267032671,0.0,0.0,0.0,0.0,0.7411590463036999,0.8247598913023324,0.7411590463036999,0.7149292755891993,0.5685398331038811,0.13333333333333333,0.0,0.8256847705925564,0.6911187336019389,0.6655535267032671,0.0,0.0,0.0,0.0
Bot-IoT,C&W,2,10,2048,2,23.627493100007996,18.571018600137904,0.0,0.7411590463036999,0.8247598913023324,0.7411590463036999,0.7149292755891993,0.5685398331038811,0.13333333333333333,0.0,0.8257576910058511,0.7803504285136917,0.6655535267032671,0.0,0.0,0.0,0.0,0.7411590463036999,0.8247598913023324,0.7411590463036999,0.7149292755891993,0.5685398331038811,0.13333333333333333,0.0,0.8257576910058511,0.7803504285136917,0.6655535267032671,0.0,0.0,0.0,0.0
Bot-IoT,C&W,2,10,2048,3,23.558503900188953,18.71282420051284,0.0,0.7411590463036999,0.8247598913023324,0.7411590463036999,0.7149292755891993,0.5685398331038811,0.13333333333333333,0.0,0.8256847705925564,0.6911187336019389,0.6655535267032671,0.0,0.0,0.0,0.0,0.7411590463036999,0.8247598913023324,0.7411590463036999,0.7149292755891993,0.5685398331038811,0.13333333333333333,0.0,0.8256847705925564,0.6911187336019389,0.6655535267032671,0.0,0.0,0.0,0.0
Bot-IoT,C&W,2,15,1024,2,21.79957400006242,13.790808499790728,0.0,0.7330995129752126,0.8176642123547594,0.7330995129752126,0.7050256742227161,0.5534172481945191,0.13333333333333333,0.0,0.8429095385795262,0.6148196751043963,0.6613348563285624,0.0,0.0,0.0,0.0,0.7330995129752126,0.8176642123547594,0.7330995129752126,0.7050256742227161,0.5534172481945191,0.13333333333333333,0.0,0.8429095385795262,0.6148196751043963,0.6613348563285624,0.0,0.0,0.0,0.0
Bot-IoT,C&W,2,15,1024,3,21.748264899943024,13.503820499870926,0.0,0.7330995129752126,0.8176642123547594,0.7330995129752126,0.7050256742227161,0.5534172481945191,0.13333333333333333,0.0,0.8429111155618345,0.6148201362087595,0.6613348563285624,0.0,0.0,0.0,0.0,0.7330995129752126,0.8176642123547594,0.7330995129752126,0.7050256742227161,0.5534172481945191,0.13333333333333333,0.0,0.8429111155618345,0.6148201362087595,0.6613348563285624,0.0,0.0,0.0,0.0
Bot-IoT,C&W,2,15,2048,2,21.81676149996929,13.445641200290993,0.0,0.7330995129752126,0.8176642123547594,0.7330995129752126,0.7050256742227161,0.5534172481945191,0.13333333333333333,0.0,0.8429111155618345,0.6148201362087595,0.6613348563285624,0.0,0.0,0.0,0.0,0.7330995129752126,0.8176642123547594,0.7330995129752126,0.7050256742227161,0.5534172481945191,0.13333333333333333,0.0,0.8429111155618345,0.6148201362087595,0.6613348563285624,0.0,0.0,0.0,0.0
Bot-IoT,C&W,2,15,2048,3,22.83504780009389,13.62118489970453,0.0,0.7330995129752126,0.8176642123547594,0.7330995129752126,0.7050256742227161,0.5534172481945191,0.13333333333333333,0.0,0.8429111155618345,0.6148201362087595,0.6613348563285624,0.0,0.0,0.0,0.0,0.7330995129752126,0.8176642123547594,0.7330995129752126,0.7050256742227161,0.5534172481945191,0.13333333333333333,0.0,0.8429111155618345,0.6148201362087595,0.6613348563285624,0.0,0.0,0.0,0.0
Bot-IoT,C&W,2,20,1024,2,21.237811000086367,8.840147899929434,0.0,0.8123319037580868,0.858441144952357,0.8123319037580868,0.8025146943677366,0.6775009187584515,0.13333333333333333,0.0,0.878374595947333,0.8537969809608338,0.700905307090588,0.0,0.0,0.0,0.0,0.8123319037580868,0.858441144952357,0.8123319037580868,0.8025146943677366,0.6775009187584515,0.13333333333333333,0.0,0.878374595947333,0.8537969809608338,0.700905307090588,0.0,0.0,0.0,0.0
Bot-IoT,C&W,2,20,1024,3,20.977679200004786,8.841043000109494,0.0,0.8128952533255797,0.8587979343646862,0.8128952533255797,0.8030062130069721,0.678702480276928,0.13333333333333333,0.0,0.8777905457893027,0.853498991483298,0.7031700849804259,0.0,0.0,0.0,0.0,0.8128952533255797,0.8587979343646862,0.8128952533255797,0.8030062130069721,0.678702480276928,0.13333333333333333,0.0,0.8777905457893027,0.853498991483298,0.7031700849804259,0.0,0.0,0.0,0.0
Bot-IoT,C&W,2,20,2048,2,20.66219799988903,8.663141199853271,0.0,0.8128952533255797,0.8587979343646862,0.8128952533255797,0.8030062130069721,0.678702480276928,0.13333333333333333,0.0,0.8789897375082223,0.8539190186821826,0.7031700849804259,0.0,0.0,0.0,0.0,0.8128952533255797,0.8587979343646862,0.8128952533255797,0.8030062130069721,0.678702480276928,0.13333333333333333,0.0,0.8789897375082223,0.8539190186821826,0.7031700849804259,0.0,0.0,0.0,0.0
Bot-IoT,C&W,2,20,2048,3,21.707902199821547,8.811060900101438,0.0,0.8128952533255797,0.8587979343646862,0.8128952533255797,0.8030062130069721,0.678702480276928,0.13333333333333333,0.0,0.8777909540864808,0.8535032943697761,0.7031700849804259,0.0,0.0,0.0,0.0,0.8128952533255797,0.8587979343646862,0.8128952533255797,0.8030062130069721,0.678702480276928,0.13333333333333333,0.0,0.8777909540864808,0.8535032943697761,0.7031700849804259,0.0,0.0,0.0,0.0
Bot-IoT,C&W,4,5,1024,2,42.91712710005231,61.93840800016187,0.0,0.865731990986407,0.8920082640682796,0.865731990986407,0.8616975495542697,0.7644793220585582,0.13333333333333333,0.0,0.8115186018039056,0.755821624121195,0.7279299037081484,0.0,0.0,0.0,0.0,0.865731990986407,0.8920082640682796,0.865731990986407,0.8616975495542697,0.7644793220585582,0.13333333333333333,0.0,0.8115186018039056,0.755821624121195,0.7279299037081484,0.0,0.0,0.0,0.0
Bot-IoT,C&W,4,5,1024,3,43.62843480007723,63.240341499913484,0.0,0.865731990986407,0.8920082640682796,0.865731990986407,0.8616975495542697,0.7644793220585582,0.13333333333333333,0.0,0.8115186018039056,0.755821624121195,0.7279299037081484,0.0,0.0,0.0,0.0,0.865731990986407,0.8920082640682796,0.865731990986407,0.8616975495542697,0.7644793220585582,0.13333333333333333,0.0,0.8115186018039056,0.755821624121195,0.7279299037081484,0.0,0.0,0.0,0.0
Bot-IoT,C&W,4,5,2048,2,44.37338500004262,62.55880679981783,0.0,0.865731990986407,0.8920082640682796,0.865731990986407,0.8616975495542697,0.7644793220585582,0.13333333333333333,0.0,0.8115186018039056,0.755821624121195,0.7279299037081484,0.0,0.0,0.0,0.0,0.865731990986407,0.8920082640682796,0.865731990986407,0.8616975495542697,0.7644793220585582,0.13333333333333333,0.0,0.8115186018039056,0.755821624121195,0.7279299037081484,0.0,0.0,0.0,0.0
Bot-IoT,C&W,4,5,2048,3,44.533175399992615,62.46984190004878,0.0,0.865731990986407,0.8920082640682796,0.865731990986407,0.8616975495542697,0.7644793220585582,0.13333333333333333,0.0,0.8115186018039056,0.755821624121195,0.7279299037081484,0.0,0.0,0.0,0.0,0.865731990986407,0.8920082640682796,0.865731990986407,0.8616975495542697,0.7644793220585582,0.13333333333333333,0.0,0.8115186018039056,0.755821624121195,0.7279299037081484,0.0,0.0,0.0,0.0
Bot-IoT,C&W,4,10,1024,2,30.554598900023848,28.889724200358614,0.0,0.8641964091008214,0.8907820008996853,0.8641964091008214,0.8600627708619852,0.7617747265820631,0.13333333333333333,9.08752192364664e-06,0.8339596193866206,0.7082197875573124,0.7208063369534922,0.0,0.0,0.0003713330857779428,0.0,0.8641964091008214,0.8907820008996853,0.8641964091008214,0.8600627708619852,0.7617747265820631,0.13333333333333333,9.08752192364664e-06,0.8339596193866206,0.7082197875573124,0.7208063369534922,0.0,0.0,0.0003713330857779428,0.0
Bot-IoT,C&W,4,10,1024,3,30.39635320007801,28.846418200060725,0.0,0.8641964091008214,0.8907820008996853,0.8641964091008214,0.8600627708619852,0.7617747265820631,0.13333333333333333,9.08752192364664e-06,0.8339594668593152,0.7082094433939974,0.7208063369534922,0.0,0.0,0.0003713330857779428,0.0,0.8641964091008214,0.8907820008996853,0.8641964091008214,0.8600627708619852,0.7617747265820631,0.13333333333333333,9.08752192364664e-06,0.8339594668593152,0.7082094433939974,0.7208063369534922,0.0,0.0,0.0003713330857779428,0.0
Bot-IoT,C&W,4,10,2048,2,31.938724900130183,28.87456819973886,0.0,0.8641964091008214,0.8907820008996853,0.8641964091008214,0.8600627708619852,0.7617747265820631,0.13333333333333333,9.08752192364664e-06,0.8339596193866206,0.7082197875573124,0.7208063369534922,0.0,0.0,0.0003713330857779428,0.0,0.8641964091008214,0.8907820008996853,0.8641964091008214,0.8600627708619852,0.7617747265820631,0.13333333333333333,9.08752192364664e-06,0.8339596193866206,0.7082197875573124,0.7208063369534922,0.0,0.0,0.0003713330857779428,0.0
Bot-IoT,C&W,4,10,2048,3,30.335486199939623,28.631892800098285,0.0,0.8641964091008214,0.8907820008996853,0.8641964091008214,0.8600627708619852,0.7617747265820631,0.13333333333333333,9.08752192364664e-06,0.8339594668593152,0.7082094433939974,0.7208063369534922,0.0,0.0,0.0003713330857779428,0.0,0.8641964091008214,0.8907820008996853,0.8641964091008214,0.8600627708619852,0.7617747265820631,0.13333333333333333,9.08752192364664e-06,0.8339594668593152,0.7082094433939974,0.7208063369534922,0.0,0.0,0.0003713330857779428,0.0
Bot-IoT,C&W,4,15,1024,2,26.664475600002334,17.793301800033078,0.0,0.8748637057498001,0.8979475806310175,0.8748637057498001,0.8715319966053117,0.7793725440946117,0.13333333333333333,9.08752192364664e-06,0.8560442983754669,0.854599668251776,0.7256663957544709,0.0,0.0,0.0003713330857779428,0.0,0.8748637057498001,0.8979475806310175,0.8748637057498001,0.8715319966053117,0.7793725440946117,0.13333333333333333,9.08752192364664e-06,0.8560442983754669,0.854599668251776,0.7256663957544709,0.0,0.0,0.0003713330857779428,0.0
Bot-IoT,C&W,4,15,1024,3,26.693696099799126,18.232452500378713,0.0,0.8748637057498001,0.8979475806310175,0.8748637057498001,0.8715319966053117,0.7793725440946117,0.13333333333333333,9.08752192364664e-06,0.8560442983754669,0.854599668251776,0.7256663957544709,0.0,0.0,0.0003713330857779428,0.0,0.8748637057498001,0.8979475806310175,0.8748637057498001,0.8715319966053117,0.7793725440946117,0.13333333333333333,9.08752192364664e-06,0.8560442983754669,0.854599668251776,0.7256663957544709,0.0,0.0,0.0003713330857779428,0.0
Bot-IoT,C&W,4,15,2048,2,26.91733039985411,17.92950910003856,0.0,0.8748637057498001,0.8979475806310175,0.8748637057498001,0.8715319966053117,0.7793725440946117,0.13333333333333333,9.08752192364664e-06,0.8560442983754669,0.854599668251776,0.7256663957544709,0.0,0.0,0.0003713330857779428,0.0,0.8748637057498001,0.8979475806310175,0.8748637057498001,0.8715319966053117,0.7793725440946117,0.13333333333333333,9.08752192364664e-06,0.8560442983754669,0.854599668251776,0.7256663957544709,0.0,0.0,0.0003713330857779428,0.0
Bot-IoT,C&W,4,15,2048,3,26.408322400180623,17.985332400305197,0.0,0.8748637057498001,0.8979475806310175,0.8748637057498001,0.8715319966053117,0.7793725440946117,0.13333333333333333,9.08752192364664e-06,0.8560442983754669,0.854599668251776,0.7256663957544709,0.0,0.0,0.0003713330857779428,0.0,0.8748637057498001,0.8979475806310175,0.8748637057498001,0.8715319966053117,0.7793725440946117,0.13333333333333333,9.08752192364664e-06,0.8560442983754669,0.854599668251776,0.7256663957544709,0.0,0.0,0.0003713330857779428,0.0
Bot-IoT,C&W,4,20,1024,2,23.76625659991987,12.3678815998137,0.0,0.8726193937631751,0.8964508422212905,0.8726193937631751,0.8691251929947307,0.7756832787172533,0.06666666666666667,0.0,0.8980172797141656,0.9086047667698116,0.7385490097364524,0.0,0.0,0.0,0.0,0.8726193937631751,0.8964508422212905,0.8726193937631751,0.8691251929947307,0.7756832787172533,0.06666666666666667,0.0,0.8980172797141656,0.9086047667698116,0.7385490097364524,0.0,0.0,0.0,0.0
Bot-IoT,C&W,4,20,1024,3,23.932835600106046,12.489955799886957,0.0,0.8726103074798285,0.896436883116059,0.8726103074798285,0.8691162840745513,0.7756614436991804,0.06666666666666667,0.0,0.900208493845102,0.9103241137202126,0.7385453375865658,0.0,0.0,0.0,0.0,0.8726103074798285,0.896436883116059,0.8726103074798285,0.8691162840745513,0.7756614436991804,0.06666666666666667,0.0,0.900208493845102,0.9103241137202126,0.7385453375865658,0.0,0.0,0.0,0.0
Bot-IoT,C&W,4,20,2048,2,24.624328300124034,12.375586300389841,0.0,0.8726103074798285,0.896436883116059,0.8726103074798285,0.8691162840745513,0.7756614436991804,0.06666666666666667,0.0,0.9001863871934965,0.910312085178264,0.7385453375865658,0.0,0.0,0.0,0.0,0.8726103074798285,0.896436883116059,0.8726103074798285,0.8691162840745513,0.7756614436991804,0.06666666666666667,0.0,0.9001863871934965,0.910312085178264,0.7385453375865658,0.0,0.0,0.0,0.0
Bot-IoT,C&W,4,20,2048,3,24.311391199938953,12.434764599893242,0.0,0.8726103074798285,0.896436883116059,0.8726103074798285,0.8691162840745513,0.7756614436991804,0.06666666666666667,0.0,0.900208493845102,0.9103241137202126,0.7385453375865658,0.0,0.0,0.0,0.0,0.8726103074798285,0.896436883116059,0.8726103074798285,0.8691162840745513,0.7756614436991804,0.06666666666666667,0.0,0.900208493845102,0.9103241137202126,0.7385453375865658,0.0,0.0,0.0,0.0
Bot-IoT,C&W,8,5,1024,2,68.73942709993571,17.046587400138378,0.0,0.9997001526495602,0.9996910932078045,0.9997001526495602,0.9996949669642178,0.9994243971499347,0.13333333333333333,0.0,0.8500988738501171,0.8446845464822562,0.7854550928277768,0.0,0.0,0.0,0.0,0.9997001526495602,0.9996910932078045,0.9997001526495602,0.9996949669642178,0.9994243971499347,0.13333333333333333,0.0,0.8500988738501171,0.8446845464822562,0.7854550928277768,0.0,0.0,0.0,0.0
Bot-IoT,C&W,8,5,1024,3,69.85349670005962,16.982474599964917,0.0,0.9997001526495602,0.9996910932078045,0.9997001526495602,0.9996949669642178,0.9994243971499347,0.13333333333333333,0.0,0.8500988738501171,0.8446845464822562,0.7854550928277768,0.0,0.0,0.0,0.0,0.9997001526495602,0.9996910932078045,0.9997001526495602,0.9996949669642178,0.9994243971499347,0.13333333333333333,0.0,0.8500988738501171,0.8446845464822562,0.7854550928277768,0.0,0.0,0.0,0.0
Bot-IoT,C&W,8,5,2048,2,70.037685100222,17.19638040033169,0.0,0.9997001526495602,0.9996910932078045,0.9997001526495602,0.9996949669642178,0.9994243971499347,0.13333333333333333,0.0,0.8500988738501171,0.8446845464822562,0.7854550928277768,0.0,0.0,0.0,0.0,0.9997001526495602,0.9996910932078045,0.9997001526495602,0.9996949669642178,0.9994243971499347,0.13333333333333333,0.0,0.8500988738501171,0.8446845464822562,0.7854550928277768,0.0,0.0,0.0,0.0
Bot-IoT,C&W,8,5,2048,3,69.93025239999406,16.974672799929976,0.0,0.9997001526495602,0.9996910932078045,0.9997001526495602,0.9996949669642178,0.9994243971499347,0.13333333333333333,0.0,0.8500988738501171,0.8446845464822562,0.7854550928277768,0.0,0.0,0.0,0.0,0.9997001526495602,0.9996910932078045,0.9997001526495602,0.9996949669642178,0.9994243971499347,0.13333333333333333,0.0,0.8500988738501171,0.8446845464822562,0.7854550928277768,0.0,0.0,0.0,0.0
Bot-IoT,C&W,8,10,1024,2,43.83186710020527,6.522522099548951,0.0,0.9997364977829468,0.99972743545596,0.9997364977829468,0.9997313125145062,0.9994941659030318,0.13333333333333333,0.0,0.8729696219395473,0.8633270294336246,0.7854700858592845,0.0,0.0,0.0,0.0,0.9997364977829468,0.99972743545596,0.9997364977829468,0.9997313125145062,0.9994941659030318,0.13333333333333333,0.0,0.8729696219395473,0.8633270294336246,0.7854700858592845,0.0,0.0,0.0,0.0
Bot-IoT,C&W,8,10,1024,3,44.60160190006718,6.666172300232574,0.0,0.9997364977829468,0.99972743545596,0.9997364977829468,0.9997313125145062,0.9994941659030318,0.13333333333333333,0.0,0.8729696219395473,0.8633270294336246,0.7854700858592845,0.0,0.0,0.0,0.0,0.9997364977829468,0.99972743545596,0.9997364977829468,0.9997313125145062,0.9994941659030318,0.13333333333333333,0.0,0.8729696219395473,0.8633270294336246,0.7854700858592845,0.0,0.0,0.0,0.0
Bot-IoT,C&W,8,10,2048,2,44.31659390009008,6.576824799878523,0.0,0.9997364977829468,0.99972743545596,0.9997364977829468,0.9997313125145062,0.9994941659030318,0.13333333333333333,0.0,0.8729696219395473,0.8633270294336246,0.7854700858592845,0.0,0.0,0.0,0.0,0.9997364977829468,0.99972743545596,0.9997364977829468,0.9997313125145062,0.9994941659030318,0.13333333333333333,0.0,0.8729696219395473,0.8633270294336246,0.7854700858592845,0.0,0.0,0.0,0.0
Bot-IoT,C&W,8,10,2048,3,53.31933010020293,7.222235300112516,0.0,0.9997364977829468,0.99972743545596,0.9997364977829468,0.9997313125145062,0.9994941659030318,0.13333333333333333,0.0,0.8729696219395473,0.8633270294336246,0.7854700858592845,0.0,0.0,0.0,0.0,0.9997364977829468,0.99972743545596,0.9997364977829468,0.9997313125145062,0.9994941659030318,0.13333333333333333,0.0,0.8729696219395473,0.8633270294336246,0.7854700858592845,0.0,0.0,0.0,0.0
Bot-IoT,C&W,8,15,1024,2,41.07861310010776,2.9604751002043486,0.0,0.9997546703496402,0.999745609841974,0.9997546703496402,0.9997494866197548,0.9995290548258574,0.13333333333333333,0.0,0.9070694320195744,0.9260051998036506,0.7854775833502381,0.0,0.0,0.0,0.0,0.9997546703496402,0.999745609841974,0.9997546703496402,0.9997494866197548,0.9995290548258574,0.13333333333333333,0.0,0.9070694320195744,0.9260051998036506,0.7854775833502381,0.0,0.0,0.0,0.0
Bot-IoT,C&W,8,15,1024,3,35.69030550005846,3.030807600123808,0.0,0.9997546703496402,0.999745609841974,0.9997546703496402,0.9997494866197548,0.9995290548258574,0.13333333333333333,0.0,0.9070647135547091,0.9260049992031021,0.7854775833502381,0.0,0.0,0.0,0.0,0.9997546703496402,0.999745609841974,0.9997546703496402,0.9997494866197548,0.9995290548258574,0.13333333333333333,0.0,0.9070647135547091,0.9260049992031021,0.7854775833502381,0.0,0.0,0.0,0.0
Bot-IoT,C&W,8,15,2048,2,40.656277999980375,2.9636685999576002,0.0,0.9997546703496402,0.999745609841974,0.9997546703496402,0.9997494866197548,0.9995290548258574,0.13333333333333333,0.0,0.9071087600985402,0.9260494891775721,0.7854775833502381,0.0,0.0,0.0,0.0,0.9997546703496402,0.999745609841974,0.9997546703496402,0.9997494866197548,0.9995290548258574,0.13333333333333333,0.0,0.9071087600985402,0.9260494891775721,0.7854775833502381,0.0,0.0,0.0,0.0
Bot-IoT,C&W,8,15,2048,3,40.85011920006946,3.003250500187278,0.0,0.9997546703496402,0.999745609841974,0.9997546703496402,0.9997494866197548,0.9995290548258574,0.13333333333333333,0.0,0.9071087600985402,0.9260494891775721,0.7854775833502381,0.0,0.0,0.0,0.0,0.9997546703496402,0.999745609841974,0.9997546703496402,0.9997494866197548,0.9995290548258574,0.13333333333333333,0.0,0.9071087600985402,0.9260494891775721,0.7854775833502381,0.0,0.0,0.0,0.0
Bot-IoT,C&W,8,20,1024,2,31.100672400090843,2.0042148001957685,0.0,0.9997546703496402,0.9997456001794555,0.9997546703496402,0.9997499731061243,0.9995290553796599,0.06666666666666667,0.0,0.9319768830889845,0.9405384991327352,0.7929355044738058,0.0,0.0,0.0,0.0,0.9997546703496402,0.9997456001794555,0.9997546703496402,0.9997499731061243,0.9995290553796599,0.06666666666666667,0.0,0.9319768830889845,0.9405384991327352,0.7929355044738058,0.0,0.0,0.0,0.0
Bot-IoT,C&W,8,20,1024,3,31.687794599914923,2.1097982998471707,0.0,0.9997728429163335,0.9997637763625651,0.9997728429163335,0.9997681454379632,0.9995639431867851,0.06666666666666667,0.0,0.9400548440641057,0.9484594383903101,0.7929430006066502,0.0,0.0,0.0,0.0,0.9997728429163335,0.9997637763625651,0.9997728429163335,0.9997681454379632,0.9995639431867851,0.06666666666666667,0.0,0.9400548440641057,0.9484594383903101,0.7929430006066502,0.0,0.0,0.0,0.0
Bot-IoT,C&W,8,20,2048,2,31.605397700099275,2.1717698997817934,0.0,0.9997819291996801,0.9997728650039813,0.9997819291996801,0.999777231623396,0.9995813876363688,0.06666666666666667,0.0,0.9410094766840273,0.9490202327202819,0.7929467486891814,0.0,0.0,0.0,0.0,0.9997819291996801,0.9997728650039813,0.9997819291996801,0.999777231623396,0.9995813876363688,0.06666666666666667,0.0,0.9410094766840273,0.9490202327202819,0.7929467486891814,0.0,0.0,0.0,0.0
Bot-IoT,C&W,8,20,2048,3,33.83347269985825,2.47801319998689,0.0,0.9997819291996801,0.9997728650039813,0.9997819291996801,0.999777231623396,0.9995813876363688,0.06666666666666667,0.0,0.9457449499304852,0.9539236809081556,0.7929467486891814,0.0,0.0,0.0,0.0,0.9997819291996801,0.9997728650039813,0.9997819291996801,0.999777231623396,0.9995813876363688,0.06666666666666667,0.0,0.9457449499304852,0.9539236809081556,0.7929467486891814,0.0,0.0,0.0,0.0
Bot-IoT,C&W,10,5,1024,2,82.22197539987974,115.84746590000577,0.0,0.8027277022606673,0.8561009537968376,0.8027277022606673,0.790744835099156,0.6651060034021808,0.13333333333333333,0.0,0.8145073892460191,0.8061028308111133,0.6979375881732435,0.0,0.0,0.0,0.0,0.8027277022606673,0.8561009537968376,0.8027277022606673,0.790744835099156,0.6651060034021808,0.13333333333333333,0.0,0.8145073892460191,0.8061028308111133,0.6979375881732435,0.0,0.0,0.0,0.0
Bot-IoT,C&W,10,5,1024,3,82.64566299994476,117.81125230016187,0.0,0.8027277022606673,0.8561009537968376,0.8027277022606673,0.790744835099156,0.6651060034021808,0.13333333333333333,0.0,0.8145073892460191,0.8061028308111133,0.6979375881732435,0.0,0.0,0.0,0.0,0.8027277022606673,0.8561009537968376,0.8027277022606673,0.790744835099156,0.6651060034021808,0.13333333333333333,0.0,0.8145073892460191,0.8061028308111133,0.6979375881732435,0.0,0.0,0.0,0.0
Bot-IoT,C&W,10,5,2048,2,82.28255639993586,115.75128370011225,0.0,0.8027277022606673,0.8561009537968376,0.8027277022606673,0.790744835099156,0.6651060034021808,0.13333333333333333,0.0,0.8145073892460191,0.8061028308111133,0.6979375881732435,0.0,0.0,0.0,0.0,0.8027277022606673,0.8561009537968376,0.8027277022606673,0.790744835099156,0.6651060034021808,0.13333333333333333,0.0,0.8145073892460191,0.8061028308111133,0.6979375881732435,0.0,0.0,0.0,0.0
Bot-IoT,C&W,10,5,2048,3,82.93714229995385,116.89862029976211,0.0,0.8027277022606673,0.8561009537968376,0.8027277022606673,0.790744835099156,0.6651060034021808,0.13333333333333333,0.0,0.8145073892460191,0.8061028308111133,0.6979375881732435,0.0,0.0,0.0,0.0,0.8027277022606673,0.8561009537968376,0.8027277022606673,0.790744835099156,0.6651060034021808,0.13333333333333333,0.0,0.8145073892460191,0.8061028308111133,0.6979375881732435,0.0,0.0,0.0,0.0
Bot-IoT,C&W,10,10,1024,2,49.78279309999198,38.652263899799436,0.0,0.8741368030820673,0.8980665893410391,0.8741368030820673,0.8706894701374736,0.7787046553245579,0.06666666666666667,0.0,0.8302861539216669,0.8289608838591829,0.7391307156339137,0.0,0.0,0.0,0.0,0.8741368030820673,0.8980665893410391,0.8741368030820673,0.8706894701374736,0.7787046553245579,0.06666666666666667,0.0,0.8302861539216669,0.8289608838591829,0.7391307156339137,0.0,0.0,0.0,0.0
Bot-IoT,C&W,10,10,1024,3,60.899565200088546,38.79308190010488,0.0,0.8741368030820673,0.8980665893410391,0.8741368030820673,0.8706894701374736,0.7787046553245579,0.06666666666666667,0.0,0.8302861539216669,0.8289608838591829,0.7391307156339137,0.0,0.0,0.0,0.0,0.8741368030820673,0.8980665893410391,0.8741368030820673,0.8706894701374736,0.7787046553245579,0.06666666666666667,0.0,0.8302861539216669,0.8289608838591829,0.7391307156339137,0.0,0.0,0.0,0.0
Bot-IoT,C&W,10,10,2048,2,50.22927370015532,38.63564129988663,0.0,0.8741368030820673,0.8980665893410391,0.8741368030820673,0.8706894701374736,0.7787046553245579,0.06666666666666667,0.0,0.8302861539216669,0.8289608838591829,0.7391307156339137,0.0,0.0,0.0,0.0,0.8741368030820673,0.8980665893410391,0.8741368030820673,0.8706894701374736,0.7787046553245579,0.06666666666666667,0.0,0.8302861539216669,0.8289608838591829,0.7391307156339137,0.0,0.0,0.0,0.0
Bot-IoT,C&W,10,10,2048,3,51.00628870003857,39.03638119995594,0.0,0.8741368030820673,0.8980665893410391,0.8741368030820673,0.8706894701374736,0.7787046553245579,0.06666666666666667,0.0,0.8302861539216669,0.8289608838591829,0.7391307156339137,0.0,0.0,0.0,0.0,0.8741368030820673,0.8980665893410391,0.8741368030820673,0.8706894701374736,0.7787046553245579,0.06666666666666667,0.0,0.8302861539216669,0.8289608838591829,0.7391307156339137,0.0,0.0,0.0,0.0
Bot-IoT,C&W,10,15,1024,2,40.263006299966946,25.149671399965882,0.0,0.9244566402558697,0.933339399942505,0.9244566402558697,0.9235713103277599,0.8626206624248893,0.13333333333333333,0.0,0.8684360202866017,0.8710602823827631,0.7538703057363677,0.0,0.0,0.0,0.0,0.9244566402558697,0.933339399942505,0.9244566402558697,0.9235713103277599,0.8626206624248893,0.13333333333333333,0.0,0.8684360202866017,0.8710602823827631,0.7538703057363677,0.0,0.0,0.0,0.0
Bot-IoT,C&W,10,15,1024,3,40.82925569987856,23.260946900118142,0.0,0.9244566402558697,0.933339399942505,0.9244566402558697,0.9235713103277599,0.8626206624248893,0.13333333333333333,0.0,0.8684398114262905,0.8710641201139332,0.7538703057363677,0.0,0.0,0.0,0.0,0.9244566402558697,0.933339399942505,0.9244566402558697,0.9235713103277599,0.8626206624248893,0.13333333333333333,0.0,0.8684398114262905,0.8710641201139332,0.7538703057363677,0.0,0.0,0.0,0.0
Bot-IoT,C&W,10,15,2048,2,47.10360940010287,23.488971000071615,0.0,0.9244566402558697,0.933339399942505,0.9244566402558697,0.9235713103277599,0.8626206624248893,0.13333333333333333,0.0,0.8684398114262905,0.8710641201139332,0.7538703057363677,0.0,0.0,0.0,0.0,0.9244566402558697,0.933339399942505,0.9244566402558697,0.9235713103277599,0.8626206624248893,0.13333333333333333,0.0,0.8684398114262905,0.8710641201139332,0.7538703057363677,0.0,0.0,0.0,0.0
Bot-IoT,C&W,10,15,2048,3,40.82204889995046,23.767684399848804,0.0,0.9244566402558697,0.933339399942505,0.9244566402558697,0.9235713103277599,0.8626206624248893,0.13333333333333333,0.0,0.8684398114262905,0.8710641201139332,0.7538703057363677,0.0,0.0,0.0,0.0,0.9244566402558697,0.933339399942505,0.9244566402558697,0.9235713103277599,0.8626206624248893,0.13333333333333333,0.0,0.8684398114262905,0.8710641201139332,0.7538703057363677,0.0,0.0,0.0,0.0
Bot-IoT,C&W,10,20,1024,2,34.36921379994601,12.349941299995407,0.0,0.9269644544595479,0.935339231809091,0.9269644544595479,0.9261482978429273,0.8670033583398239,0.13333333333333333,0.0,0.9028488438928578,0.9185217875466843,0.754945075546211,0.0,0.0,0.0,0.0,0.9269644544595479,0.935339231809091,0.9269644544595479,0.9261482978429273,0.8670033583398239,0.13333333333333333,0.0,0.9028488438928578,0.9185217875466843,0.754945075546211,0.0,0.0,0.0,0.0
Bot-IoT,C&W,10,20,1024,3,34.254575700033456,11.846920699812472,0.0,0.9269644544595479,0.935339231809091,0.9269644544595479,0.9261482978429273,0.8670033583398239,0.13333333333333333,0.0,0.9029922225704908,0.9171724959168636,0.754945075546211,0.0,0.0,0.0,0.0,0.9269644544595479,0.935339231809091,0.9269644544595479,0.9261482978429273,0.8670033583398239,0.13333333333333333,0.0,0.9029922225704908,0.9171724959168636,0.754945075546211,0.0,0.0,0.0,0.0
Bot-IoT,C&W,10,20,2048,2,34.212941700126976,11.601970699615777,0.0,0.9269644544595479,0.935339231809091,0.9269644544595479,0.9261482978429273,0.8670033583398239,0.13333333333333333,0.0,0.9035480073103939,0.9177835977533846,0.754945075546211,0.0,0.0,0.0,0.0,0.9269644544595479,0.935339231809091,0.9269644544595479,0.9261482978429273,0.8670033583398239,0.13333333333333333,0.0,0.9035480073103939,0.9177835977533846,0.754945075546211,0.0,0.0,0.0,0.0
Bot-IoT,C&W,10,20,2048,3,34.594303200021386,11.839654300361872,0.0,0.9269644544595479,0.935339231809091,0.9269644544595479,0.9261482978429273,0.8670033583398239,0.13333333333333333,0.0,0.9035459771915232,0.9177828083537726,0.754945075546211,0.0,0.0,0.0,0.0,0.9269644544595479,0.935339231809091,0.9269644544595479,0.9261482978429273,0.8670033583398239,0.13333333333333333,0.0,0.9035459771915232,0.9177828083537726,0.754945075546211,0.0,0.0,0.0,0.0
