Dataset,Attack,Resolution,AddressSize,BloomSize,Hash,TrainTime_s,InferTime_Adv_s,Acc_Drop_pp,Clean_Acc,Clean_Precision,Clean_Recall,Clean_F1,Clean_MCC,Clean_FAR,Clean_ASR,Clean_AUC,Clean_PR_AUC,Clean_Miss_Attack,Adv_Acc,Adv_Precision,Adv_Recall,Adv_F1,Adv_MCC,Adv_FAR,Adv_ASR,Adv_AUC,Adv_PR_AUC,Adv_Miss_Attack
UNSW-NB15,FGSM,1,5,1024,2,5.665411949157715,18.51984143257141,35.32405383083127,0.7814215614827771,0.9889811104751002,0.6098120532956852,0.7544348015937995,0.631835507264029,0.008324324324324324,0.39018794670431484,0.6040450376918876,0.8193616076186083,0.39018794670431484,0.4281810231744644,0.4212282442059699,0.1030397952880967,0.16557664699314084,-0.10260770179988032,0.17345945945945945,0.8969602047119033,0.5440045019209628,0.609525990983359,0.8969602047119033
UNSW-NB15,RANDOM_LINF,1,5,1024,2,5.665411949157715,11.406054019927979,11.77063596171598,0.7814215614827771,0.9889811104751002,0.6098120532956852,0.7544348015937995,0.631835507264029,0.008324324324324324,0.39018794670431484,0.6040450376918876,0.8193616076186083,0.39018794670431484,0.6637152018656173,0.7967042206154363,0.5225888996735198,0.6311694885901927,0.37199567659148136,0.16337837837837837,0.4774111003264802,0.5889102137741731,0.7030473805416902,0.4774111003264802
UNSW-NB15,RANDOM_L2,1,5,1024,2,5.665411949157715,11.11544919013977,12.164164601855909,0.7814215614827771,0.9889811104751002,0.6098120532956852,0.7544348015937995,0.631835507264029,0.008324324324324324,0.39018794670431484,0.6040450376918876,0.8193616076186083,0.39018794670431484,0.659779915464218,0.7929506477691709,0.5171181505338392,0.6259963949529341,0.36466522501877924,0.16543243243243244,0.48288184946616075,0.5863215367820833,0.6972079158442079,0.48288184946616075
UNSW-NB15,FGSM,1,5,1024,3,5.607486009597778,18.482474327087402,13.907107807413881,0.5669484526065199,0.9724663151728178,0.21971234448072002,0.3584409975888005,0.3196649909659192,0.007621621621621622,0.78028765551928,0.6040985393648304,0.8193904325619186,0.78028765551928,0.4278773745323811,0.42292971468336815,0.10725315450454426,0.17111283170268177,-0.10339548821521968,0.1792972972972973,0.8927468454954558,0.5309589881618141,0.595565141529945,0.8927468454954558
UNSW-NB15,RANDOM_LINF,1,5,1024,3,5.607486009597778,12.07262134552002,-5.674585823252198,0.5669484526065199,0.9724663151728178,0.21971234448072002,0.3584409975888005,0.3196649909659192,0.007621621621621622,0.78028765551928,0.6040985393648304,0.8193904325619186,0.78028765551928,0.6236943108390419,0.7929528009145843,0.4284170122650666,0.5562843721356554,0.31703803853759355,0.13705405405405405,0.5715829877349334,0.5951864749797887,0.6780103739329617,0.5715829877349334
UNSW-NB15,RANDOM_L2,1,5,1024,3,5.607486009597778,11.282333135604858,-5.454744206383911,0.5669484526065199,0.9724663151728178,0.21971234448072002,0.3584409975888005,0.3196649909659192,0.007621621621621622,0.78028765551928,0.6040985393648304,0.8193904325619186,0.78028765551928,0.621495894670359,0.7902650878846232,0.4254831024441895,0.5531481667359727,0.3127478262431245,0.13835135135135135,0.5745168975558105,0.5946302337588625,0.6753829803640693,0.5745168975558105
UNSW-NB15,FGSM,1,5,2048,2,5.763862371444702,19.528669357299805,15.056114269056991,0.5673978525968032,0.9759921607055365,0.21971234448072002,0.35867979905288366,0.32167136781405103,0.006621621621621622,0.78028765551928,0.6039669507370249,0.8193504459958172,0.78028765551928,0.4168367099062333,0.348308249405907,0.06789905585458396,0.11364433532094002,-0.14101557650655017,0.15564864864864864,0.932100944145416,0.5426763699528523,0.6342837733180716,0.932100944145416
UNSW-NB15,RANDOM_LINF,1,5,2048,2,5.763862371444702,13.52071762084961,-6.275810134577076,0.5673978525968032,0.9759921607055365,0.21971234448072002,0.35867979905288366,0.32167136781405103,0.006621621621621622,0.78028765551928,0.6039669507370249,0.8193504459958172,0.78028765551928,0.630155953942574,0.8036399249163471,0.43443924821318275,0.563990950485409,0.3311532604128854,0.13005405405405404,0.5655607517868173,0.5713348004869777,0.7625273705475856,0.5655607517868173
UNSW-NB15,RANDOM_L2,1,5,2048,2,5.763862371444702,13.79330325126648,-6.234513919253748,0.5673978525968032,0.9759921607055365,0.21971234448072002,0.35867979905288366,0.32167136781405103,0.006621621621621622,0.78028765551928,0.6039669507370249,0.8193504459958172,0.78028765551928,0.6297429917893407,0.8063970284770945,0.4310200300008824,0.5617722319657285,0.3320794552485551,0.12678378378378377,0.5689799699991176,0.5736334296994425,0.7571987738728596,0.5689799699991176
UNSW-NB15,FGSM,1,5,2048,3,5.867924928665161,18.9330632686615,13.536656464072294,0.5669484526065199,0.9724663151728178,0.21971234448072002,0.3584409975888005,0.3196649909659192,0.007621621621621622,0.78028765551928,0.6039669507370249,0.8193504459958172,0.78028765551928,0.431581887965797,0.43875761876930786,0.11592252713315097,0.18339178837529882,-0.09276803278468962,0.18167567567567566,0.884077472866849,0.5445945889306759,0.6121377100556945,0.884077472866849
UNSW-NB15,RANDOM_LINF,1,5,2048,3,5.867924928665161,13.116149425506592,-5.192391779623962,0.5669484526065199,0.9724663151728178,0.21971234448072002,0.3584409975888005,0.3196649909659192,0.007621621621621622,0.78028765551928,0.6039669507370249,0.8193504459958172,0.78028765551928,0.6188723704027596,0.766045074934218,0.4431306803141269,0.5614701977499825,0.2960921117916809,0.1658108108108108,0.5568693196858732,0.5625220368166632,0.6857465863400216,0.5568693196858732
UNSW-NB15,RANDOM_L2,1,5,2048,3,5.867924928665161,13.464406728744507,-4.993198270417332,0.5669484526065199,0.9724663151728178,0.21971234448072002,0.3584409975888005,0.3196649909659192,0.007621621621621622,0.78028765551928,0.6039669507370249,0.8193504459958172,0.78028765551928,0.6168804353106933,0.7637831426713089,0.4403732462719492,0.5586478053421763,0.2922787456117378,0.16686486486486488,0.5596267537280508,0.5627769131524536,0.6829677651876063,0.5596267537280508
UNSW-NB15,FGSM,1,10,1024,2,3.756575107574463,9.497572422027588,27.389107515911192,0.7821503182237769,0.9908621801763061,0.6099664696020471,0.755099811573227,0.6337563442247682,0.006891891891891892,0.39003353039795285,0.6047858424691347,0.8195593845949889,0.39003353039795285,0.508259243064665,0.5610050858552798,0.49152916262243007,0.5239741328630217,0.020194270102598465,0.47124324324324324,0.5084708373775699,0.5332872316196899,0.5570346078427154,0.5084708373775699
UNSW-NB15,RANDOM_LINF,1,10,1024,2,3.756575107574463,6.6599342823028564,10.56211436622455,0.7821503182237769,0.9908621801763061,0.6099664696020471,0.755099811573227,0.6337563442247682,0.006891891891891892,0.39003353039795285,0.6047858424691347,0.8195593845949889,0.39003353039795285,0.6765291745615314,0.7050978327630079,0.7090796788140827,0.7070831500219974,0.34595513504400605,0.3633513513513513,0.2909203211859172,0.5652213322251928,0.7543277485867076,0.2909203211859172
UNSW-NB15,RANDOM_L2,1,10,1024,2,3.756575107574463,6.475867986679077,10.5268911237429,0.7821503182237769,0.9908621801763061,0.6099664696020471,0.755099811573227,0.6337563442247682,0.006891891891891892,0.39003353039795285,0.6047858424691347,0.8195593845949889,0.39003353039795285,0.6768814069863479,0.7082064166129355,0.702660372363893,0.7054224938821159,0.34766430469113796,0.3547027027027027,0.29733962763610694,0.5650834515800545,0.7496464829128892,0.29733962763610694
UNSW-NB15,FGSM,1,10,1024,3,4.398774862289429,10.524933576583862,11.963756498080947,0.5677743769129865,0.9775578204625637,0.22004323656578134,0.3592264477095938,0.32283722542406196,0.006189189189189189,0.7799567634342186,0.6225108663768331,0.8241769384172305,0.7799567634342186,0.448136811932177,0.49548140424052833,0.12578311126797848,0.20063335679099226,-0.04466561164147075,0.15691891891891893,0.8742168887320215,0.546437745486155,0.5803429719207539,0.8742168887320215
UNSW-NB15,RANDOM_LINF,1,10,1024,3,4.398774862289429,6.492096424102783,-4.724772870815719,0.5677743769129865,0.9775578204625637,0.22004323656578134,0.3592264477095938,0.32283722542406196,0.006189189189189189,0.7799567634342186,0.6225108663768331,0.8241769384172305,0.7799567634342186,0.6150221056211437,0.7801610782380013,0.41882114179828817,0.5450422001492794,0.2989435438629415,0.1445945945945946,0.5811788582017118,0.6624023787861806,0.7340308494990996,0.5811788582017118
UNSW-NB15,RANDOM_L2,1,10,1024,3,4.398774862289429,6.426687479019165,-4.6616139532624,0.5677743769129865,0.9775578204625637,0.22004323656578134,0.3592264477095938,0.32283722542406196,0.006189189189189189,0.7799567634342186,0.6225108663768331,0.8241769384172305,0.7799567634342186,0.6143905164456105,0.7807075549677632,0.4167034324538957,0.5433782073409273,0.2984320327393133,0.14340540540540542,0.5832965675461043,0.6612774205203173,0.7358664334442202,0.5832965675461043
UNSW-NB15,FGSM,1,10,2048,2,3.8945980072021484,10.915738582611084,13.97391050867221,0.5678472525870865,0.9795436664044059,0.21971234448072002,0.3589189189189189,0.32368537924324786,0.005621621621621622,0.78028765551928,0.6047858424691347,0.8195593845949889,0.78028765551928,0.42810814750036436,0.4226048565121413,0.1055766346069002,0.16894646733854599,-0.10276078446569445,0.17672972972972972,0.8944233653930997,0.54399493168718,0.6087933853103822,0.8944233653930997
UNSW-NB15,RANDOM_LINF,1,10,2048,2,3.8945980072021484,8.115434169769287,-5.107370159840641,0.5678472525870865,0.9795436664044059,0.21971234448072002,0.3589189189189189,0.32368537924324786,0.005621621621621622,0.78028765551928,0.6047858424691347,0.8195593845949889,0.78028765551928,0.6189209541854929,0.7792628756652927,0.42956410482661256,0.5538317145660614,0.3034556578441549,0.1490810810810811,0.5704358951733874,0.5611008132790871,0.7134384619451711,0.5704358951733874
UNSW-NB15,RANDOM_L2,1,10,2048,2,3.8945980072021484,8.184221029281616,-4.764854491570714,0.5678472525870865,0.9795436664044059,0.21971234448072002,0.3589189189189189,0.32368537924324786,0.005621621621621622,0.78028765551928,0.6047858424691347,0.8195593845949889,0.78028765551928,0.6154957975027936,0.7771023302938197,0.4229903820700609,0.5478023626208808,0.29787947452238456,0.14864864864864866,0.5770096179299391,0.5591328436329208,0.7046929370246142,0.5770096179299391
UNSW-NB15,FGSM,1,10,2048,3,3.8022754192352295,10.693872928619385,10.803818685322842,0.5678229606957198,0.978128677912907,0.2199991176211065,0.3592061662584642,0.3231242037793204,0.006027027027027027,0.7800008823788935,0.6225673216342611,0.8242143146591431,0.7800008823788935,0.4597847738424914,0.585108500895879,0.06483278919968234,0.11673120842021646,0.017683079339964138,0.056324324324324326,0.9351672108003176,0.5396542070394759,0.5720038993230581,0.9351672108003176
UNSW-NB15,RANDOM_LINF,1,10,2048,3,3.8022754192352295,6.583801507949829,0.4287518826215808,0.5678229606957198,0.978128677912907,0.2199991176211065,0.3592061662584642,0.3231242037793204,0.006027027027027027,0.7800008823788935,0.6225673216342611,0.8242143146591431,0.7800008823788935,0.563535441869504,0.8383380139698999,0.2568163769522633,0.3931846198010774,0.2605529197046378,0.060675675675675673,0.7431836230477367,0.6336781767428771,0.7266479025868295,0.7431836230477367
UNSW-NB15,RANDOM_L2,1,10,2048,3,3.8022754192352295,6.346597909927368,0.5210610698148987,0.5678229606957198,0.978128677912907,0.2199991176211065,0.3592061662584642,0.3231242037793204,0.006027027027027027,0.7800008823788935,0.6225673216342611,0.8242143146591431,0.7800008823788935,0.5626123499975708,0.8325840291158211,0.25736786376069887,0.39319234981885587,0.25673475858467204,0.0634054054054054,0.7426321362393011,0.6332278057860207,0.7238686103971773,0.7426321362393011
UNSW-NB15,FGSM,1,15,1024,2,3.0334010124206543,7.700878381729126,34.96089005489967,0.7820652966039936,0.991599956922856,0.6093488043765993,0.7548402082280125,0.6339754686463516,0.006324324324324324,0.39065119562340067,0.6047858424691347,0.8195593845949889,0.39065119562340067,0.43245639605499686,0.44152904686059186,0.11618724080120003,0.1839646530797576,-0.09025701093789715,0.18005405405405406,0.8838127591988,0.5460998739629067,0.6162703969066773,0.8838127591988
UNSW-NB15,RANDOM_LINF,1,15,1024,2,3.0334010124206543,5.337147951126099,11.576300830782682,0.7820652966039936,0.991599956922856,0.6093488043765993,0.7548402082280125,0.6339754686463516,0.006324324324324324,0.39065119562340067,0.6047858424691347,0.8195593845949889,0.39065119562340067,0.6663022882961668,0.7871984560952074,0.5398835259860584,0.6404961921959645,0.37048836758554826,0.17881081081081082,0.46011647401394157,0.5481941069610153,0.6526803775927167,0.46011647401394157
UNSW-NB15,RANDOM_L2,1,15,1024,2,3.0334010124206543,5.023771524429321,12.011125686245927,0.7820652966039936,0.991599956922856,0.6093488043765993,0.7548402082280125,0.6339754686463516,0.006324324324324324,0.39065119562340067,0.6047858424691347,0.8195593845949889,0.39065119562340067,0.6619540397415343,0.7846268948018997,0.5320965322509486,0.6341457002392408,0.36317371673707205,0.17894594594594596,0.46790346774905145,0.5470969892397471,0.646128745529144,0.46790346774905145
UNSW-NB15,FGSM,1,15,1024,3,2.8909287452697754,8.049007177352905,9.216343584511494,0.5677257931302532,0.9787694122272459,0.21966822553604518,0.3588080567866537,0.3232098704306026,0.0058378378378378375,0.7803317744639549,0.6047490654534353,0.8191044976139644,0.7803317744639549,0.47556235728513824,0.8552110817941952,0.05720021177093444,0.10722851707881896,0.1197399447013244,0.011864864864864865,0.9427997882290655,0.5922207226086935,0.7259799267072096,0.9427997882290655
UNSW-NB15,RANDOM_LINF,1,15,1024,3,2.8909287452697754,5.954938650131226,2.2542875188262257,0.5677257931302532,0.9787694122272459,0.21966822553604518,0.3588080567866537,0.3232098704306026,0.0058378378378378375,0.7803317744639549,0.6047490654534353,0.8191044976139644,0.7803317744639549,0.5451829179419909,0.8717006033182504,0.20398394070413836,0.33060421880586344,0.24825098269073156,0.03678378378378378,0.7960160592958616,0.5620094435408673,0.7018014433421426,0.7960160592958616
UNSW-NB15,RANDOM_L2,1,15,1024,3,2.8909287452697754,5.799596786499023,2.2469999514162176,0.5677257931302532,0.9787694122272459,0.21966822553604518,0.3588080567866537,0.3232098704306026,0.0058378378378378375,0.7803317744639549,0.6047490654534353,0.8191044976139644,0.7803317744639549,0.545255793616091,0.8710739138611999,0.20433689226153712,0.3310224064610656,0.2481148977842625,0.037054054054054056,0.7956631077384629,0.5617881593099321,0.6998898394044127,0.7956631077384629
UNSW-NB15,FGSM,1,15,2048,2,2.943657398223877,7.710894823074341,35.630131662051205,0.7827697614536268,0.9929241047376172,0.6098120532956852,0.7555792437101116,0.6356030712811211,0.005324324324324324,0.39018794670431484,0.6224845512149404,0.8242045294525958,0.39018794670431484,0.4264684448331147,0.4024591857821864,0.08592164475425748,0.14161061625159063,-0.10869339729855154,0.1562972972972973,0.9140783552457425,0.5408805282826284,0.6047470676896485,0.9140783552457425
UNSW-NB15,RANDOM_LINF,1,15,2048,2,2.943657398223877,4.18811559677124,11.439051644561038,0.7827697614536268,0.9929241047376172,0.6098120532956852,0.7555792437101116,0.6356030712811211,0.005324324324324324,0.39018794670431484,0.6224845512149404,0.8242045294525958,0.39018794670431484,0.6683792450080164,0.8176244670730418,0.5118900555898703,0.6296040047210125,0.3893413244039068,0.13989189189189188,0.4881099444101297,0.6347138007039951,0.6981029726106934,0.4881099444101297
UNSW-NB15,RANDOM_L2,1,15,2048,2,2.943657398223877,4.023010492324829,11.695331098479322,0.7827697614536268,0.9929241047376172,0.6098120532956852,0.7555792437101116,0.6356030712811211,0.005324324324324324,0.39018794670431484,0.6224845512149404,0.8242045294525958,0.39018794670431484,0.6658164504688335,0.8142947858604389,0.5091767404923674,0.6265642389858573,0.38412467508129766,0.14227027027027028,0.49082325950763256,0.6341898763119422,0.6987351397782037,0.49082325950763256
UNSW-NB15,FGSM,1,15,2048,3,3.0470120906829834,7.89149022102356,12.396152164407525,0.5678836904241364,0.979078675965033,0.2198888202594194,0.3591230882856268,0.32357026763731245,0.005756756756756757,0.7801111797405806,0.6047986056624877,0.8145216989281291,0.7801111797405806,0.4439221687800612,0.46674531779973455,0.06981822994793964,0.12146681250359795,-0.05050326950814843,0.09772972972972974,0.9301817700520604,0.5636673550811908,0.645476134350227,0.9301817700520604
UNSW-NB15,RANDOM_LINF,1,15,2048,3,3.0470120906829834,5.993536949157715,-5.969732303357134,0.5678836904241364,0.979078675965033,0.2198888202594194,0.3591230882856268,0.32357026763731245,0.005756756756756757,0.7801111797405806,0.6047986056624877,0.8145216989281291,0.7801111797405806,0.6275810134577078,0.8259130898427086,0.41004147180799433,0.5480114390164804,0.3394660777174456,0.1058918918918919,0.5899585281920057,0.6056874086320505,0.7502552958637957,0.5899585281920057
UNSW-NB15,RANDOM_L2,1,15,2048,3,3.0470120906829834,5.775200128555298,-5.656366904727195,0.5678836904241364,0.979078675965033,0.2198888202594194,0.3591230882856268,0.32357026763731245,0.005756756756756757,0.7801111797405806,0.6047986056624877,0.8145216989281291,0.7801111797405806,0.6244473594714084,0.8223295759527643,0.40554133945116033,0.5431982035220423,0.33351130548056074,0.10735135135135135,0.5944586605488397,0.6023142678878473,0.7463011009414571,0.5944586605488397
UNSW-NB15,FGSM,1,20,1024,2,2.7117457389831543,7.13750147819519,15.834669387358508,0.5671913715201866,0.9711426350563545,0.2204844260125298,0.3593772472314109,0.3195497054395228,0.008027027027027027,0.7795155739874702,0.6041696272068414,0.8194428967321038,0.7795155739874702,0.40884467764660154,0.3343256921702888,0.07431836230477366,0.12160479344510819,-0.16236857910407806,0.1812972972972973,0.9256816376952264,0.4671714417474919,0.4690496194592408,0.9256816376952264
UNSW-NB15,RANDOM_LINF,1,20,1024,2,2.7117457389831543,5.230083465576172,-5.20453772530729,0.5671913715201866,0.9711426350563545,0.2204844260125298,0.3593772472314109,0.3195497054395228,0.008027027027027027,0.7795155739874702,0.6041696272068414,0.8194428967321038,0.7795155739874702,0.6192367487732595,0.7383818064032187,0.4777199329392041,0.5801154551907958,0.2808130298048072,0.2073783783783784,0.5222800670607959,0.6385666962184102,0.7097050952955736,0.5222800670607959
UNSW-NB15,RANDOM_L2,1,20,1024,2,2.7117457389831543,5.165264368057251,-4.835300976534029,0.5671913715201866,0.9711426350563545,0.2204844260125298,0.3593772472314109,0.3195497054395228,0.008027027027027027,0.7795155739874702,0.6041696272068414,0.8194428967321038,0.7795155739874702,0.6155443812855269,0.735787913262316,0.4708153180975911,0.5742073474219455,0.2745768724489402,0.20713513513513512,0.5291846819024089,0.6351216496431135,0.7107594603758416,0.5291846819024089
UNSW-NB15,FGSM,1,20,1024,3,2.5879147052764893,6.725669860839844,11.527717048049368,0.5677622309673032,0.9795295738608405,0.21955792817435807,0.3587119096102211,0.32354761939612786,0.005621621621621622,0.780442071825642,0.6061054660391444,0.8201442827454631,0.780442071825642,0.4524850604868095,0.660759493670886,0.011515044560134122,0.022635618576818003,0.02179767244269667,0.007243243243243243,0.9884849554398659,0.6031241074856732,0.5719785439330067,0.9884849554398659
UNSW-NB15,RANDOM_LINF,1,20,1024,3,2.5879147052764893,5.0935750007629395,0.8222805227615093,0.5677622309673032,0.9795295738608405,0.21955792817435807,0.3587119096102211,0.32354761939612786,0.005621621621621622,0.780442071825642,0.6061054660391444,0.8201442827454631,0.780442071825642,0.5595394257396881,0.9089843045282338,0.22229330274419837,0.35722641710092523,0.2841983334061477,0.02727027027027027,0.7777066972558017,0.5413521931885119,0.6921134149999882,0.7777066972558017
UNSW-NB15,RANDOM_L2,1,20,1024,3,2.5879147052764893,4.896456956863403,0.5939367439148913,0.5677622309673032,0.9795295738608405,0.21955792817435807,0.3587119096102211,0.32354761939612786,0.005621621621621622,0.780442071825642,0.6061054660391444,0.8201442827454631,0.780442071825642,0.5618228635281542,0.9145467574346112,0.22522721256507544,0.36144151798357405,0.28978155555640617,0.025783783783783785,0.7747727874349245,0.5457383645226449,0.6946350625645172,0.7747727874349245
UNSW-NB15,FGSM,1,20,2048,2,2.797215461730957,6.461110591888428,14.522907253558765,0.5679079823155031,0.9781436832304224,0.22015353392746845,0.35941298280363737,0.3232621339263527,0.006027027027027027,0.7798464660725315,0.622076015749271,0.8240760255003848,0.7798464660725315,0.42267890977991546,0.40754748697260046,0.10696638136415777,0.16945657871745587,-0.11819706434204422,0.1905135135135135,0.8930336186358422,0.524063926860329,0.5743506848583758,0.8930336186358422
UNSW-NB15,RANDOM_LINF,1,20,2048,2,2.797215461730957,4.980528116226196,-5.1693144828256266,0.5679079823155031,0.9781436832304224,0.22015353392746845,0.35941298280363737,0.3232621339263527,0.006027027027027027,0.7798464660725315,0.622076015749271,0.8240760255003848,0.7798464660725315,0.6196011271437594,0.7764014359540811,0.43415247507279625,0.5568964785444461,0.3027609119943389,0.1531891891891892,0.5658475249272037,0.5970056466287162,0.7439085309185872,0.5658475249272037
UNSW-NB15,RANDOM_L2,1,20,2048,2,2.797215461730957,5.490322113037109,-5.013846378079001,0.5679079823155031,0.9781436832304224,0.22015353392746845,0.35941298280363737,0.3232621339263527,0.006027027027027027,0.7798464660725315,0.622076015749271,0.8240760255003848,0.7798464660725315,0.6180464460962931,0.7749396063522237,0.43165975469866763,0.5544677896944024,0.2999610066979686,0.1535945945945946,0.5683402453013324,0.5940372858740679,0.7366850125520574,0.5683402453013324
UNSW-NB15,FGSM,1,20,2048,3,2.9173264503479004,6.440271854400635,11.128115435067777,0.5679201282611864,0.9795557302929034,0.21984470131474454,0.3590963139120095,0.32380343400293704,0.005621621621621622,0.7801552986852555,0.6049216083859381,0.8196326097435049,0.7801552986852555,0.45663897391050867,0.535083588415352,0.10026030177358157,0.16887749414780961,-0.010579693650508575,0.10672972972972973,0.8997396982264184,0.5417322990620551,0.5704009318751282,0.8997396982264184
UNSW-NB15,RANDOM_LINF,1,20,2048,3,2.9173264503479004,4.94757080078125,-5.287130155953945,0.5679201282611864,0.9795557302929034,0.21984470131474454,0.3590963139120095,0.32380343400293704,0.005621621621621622,0.7801552986852555,0.6049216083859381,0.8196326097435049,0.7801552986852555,0.6207914298207259,0.783296526801847,0.4303361863584223,0.5554906957871207,0.3080636485595485,0.14586486486486486,0.5696638136415777,0.638030276923884,0.7263177680606439,0.5696638136415777
UNSW-NB15,RANDOM_L2,1,20,2048,3,2.9173264503479004,5.10357141494751,-5.129232862070642,0.5679201282611864,0.9795557302929034,0.21984470131474454,0.3590963139120095,0.32380343400293704,0.005621621621621622,0.7801552986852555,0.6049216083859381,0.8196326097435049,0.7801552986852555,0.6192124568818929,0.780867049700671,0.42872584487779053,0.5535381153785904,0.30470691405435835,0.1474054054054054,0.5712741551222095,0.6354353994314617,0.7258932275395281,0.5712741551222095
UNSW-NB15,FGSM,2,5,1024,2,9.652692794799805,30.735538959503174,7.445464703881843,0.6292814458533741,0.9693243757130181,0.3373775699285273,0.5005400098183603,0.4098571271901192,0.01308108108108108,0.6626224300714727,0.6360528586691342,0.8272211447579811,0.6626224300714727,0.5548267988145557,0.6885644768856448,0.34959851760345895,0.46374436706267924,0.1727673243904404,0.19372972972972974,0.650401482396541,0.6401544696664369,0.7346048153461826,0.650401482396541
UNSW-NB15,RANDOM_LINF,2,5,1024,2,9.652692794799805,21.6728298664093,-4.535296118155763,0.6292814458533741,0.9693243757130181,0.3373775699285273,0.5005400098183603,0.4098571271901192,0.01308108108108108,0.6626224300714727,0.6360528586691342,0.8272211447579811,0.6626224300714727,0.6746344070349317,0.8012149957767527,0.5440527662578312,0.648054234437817,0.38931979176082,0.16537837837837838,0.4559472337421689,0.629403949480231,0.7617180693935314,0.4559472337421689
UNSW-NB15,RANDOM_L2,2,5,1024,2,9.652692794799805,7.789084196090698,3.40207938590098,0.6292814458533741,0.9693243757130181,0.3373775699285273,0.5005400098183603,0.4098571271901192,0.01308108108108108,0.6626224300714727,0.6360528586691342,0.8272211447579811,0.6626224300714727,0.5952606519943643,0.5938217784652885,0.8383481867113739,0.6952099587491196,0.1623445536655712,0.7025675675675676,0.16165181328862613,0.5882318870865041,0.6402412062109477,0.16165181328862613
UNSW-NB15,FGSM,2,5,1024,3,9.883681535720825,31.295169591903687,7.475829568090164,0.6244352135257251,0.9714715697179873,0.3275169857936998,0.4898787428854244,0.4039458001142279,0.011783783783783783,0.6724830142063002,0.6287811801698461,0.8251988636025915,0.6724830142063002,0.5496769178448234,0.6856950067476383,0.3362525368393188,0.45122998135046327,0.1651695169521683,0.18883783783783784,0.6637474631606812,0.6308223437414295,0.7337932408665354,0.6637474631606812
UNSW-NB15,RANDOM_LINF,2,5,1024,3,9.883681535720825,20.887887954711914,-6.1397755429237755,0.6244352135257251,0.9714715697179873,0.3275169857936998,0.4898787428854244,0.4039458001142279,0.011783783783783783,0.6724830142063002,0.6287811801698461,0.8251988636025915,0.6724830142063002,0.6858329689549628,0.8060691823899371,0.5654504544251302,0.6646528029870871,0.40741234188946834,0.16667567567567568,0.43454954557486986,0.6201331157991133,0.7557337487752285,0.43454954557486986
UNSW-NB15,RANDOM_L2,2,5,1024,3,9.883681535720825,7.026954412460327,2.944177233639411,0.6244352135257251,0.9714715697179873,0.3275169857936998,0.4898787428854244,0.4039458001142279,0.011783783783783783,0.6724830142063002,0.6287811801698461,0.8251988636025915,0.6724830142063002,0.594993441189331,0.5915024198103845,0.8546721962410659,0.6991419523066235,0.1622121076508194,0.7231621621621621,0.1453278037589341,0.5762338166941317,0.6260022799876486,0.1453278037589341
UNSW-NB15,FGSM,2,5,2048,2,9.707467555999756,31.996497869491577,7.845066316863425,0.6231720351746587,0.9664819041408542,0.32694343951292687,0.48860171097961,0.39999041915368483,0.013891891891891892,0.6730565604870732,0.6261460366878835,0.8229940458775031,0.6730565604870732,0.5447213720060244,0.6760588657573582,0.33239212918027,0.44566696243714876,0.1536623348700814,0.19513513513513514,0.6676078708197299,0.6271655426272474,0.7240377020094333,0.6676078708197299
UNSW-NB15,RANDOM_LINF,2,5,2048,2,9.707467555999756,23.509761571884155,-6.295243647670413,0.6231720351746587,0.9664819041408542,0.32694343951292687,0.48860171097961,0.39999041915368483,0.013891891891891892,0.6730565604870732,0.6261460366878835,0.8229940458775031,0.6730565604870732,0.6861244716513628,0.8014787773790373,0.5714947498455837,0.6672246832182961,0.4054824641846606,0.17343243243243242,0.4285052501544163,0.6194786240732041,0.7553949957390949,0.4285052501544163
UNSW-NB15,RANDOM_L2,2,5,2048,2,9.707467555999756,7.9638991355896,2.9502502064810754,0.6231720351746587,0.9664819041408542,0.32694343951292687,0.48860171097961,0.39999041915368483,0.013891891891891892,0.6730565604870732,0.6261460366878835,0.8229940458775031,0.6730565604870732,0.5936695331098479,0.5905169786014753,0.8546942557134033,0.6984604845687915,0.15896313543927246,0.7261351351351352,0.14530574428659668,0.5815060290922708,0.6329753801410032,0.14530574428659668
UNSW-NB15,FGSM,2,5,2048,3,10.319272756576538,32.1895797252655,7.632512267405134,0.6242773162318418,0.9691124723054868,0.32806847260213534,0.4901941395563466,0.4026978702315835,0.012810810810810811,0.6719315273978647,0.6517506313778706,0.8367234722891101,0.6719315273978647,0.5479521935577905,0.693061768344913,0.32127415512220947,0.4390317426823019,0.16765790610892037,0.17432432432432432,0.6787258448777905,0.651399439212441,0.7858678598062415,0.6787258448777905
UNSW-NB15,RANDOM_LINF,2,5,2048,3,10.319272756576538,23.217863082885742,-6.649905261623667,0.6242773162318418,0.9691124723054868,0.32806847260213534,0.4901941395563466,0.4026978702315835,0.012810810810810811,0.6719315273978647,0.6517506313778706,0.8367234722891101,0.6719315273978647,0.6907763688480785,0.8229806598407281,0.5585237801111798,0.6654401618986294,0.4229452403773606,0.1471891891891892,0.44147621988882024,0.6538912295115198,0.8028872523600689,0.44147621988882024
UNSW-NB15,RANDOM_L2,2,5,2048,3,10.319272756576538,8.442150831222534,2.351455084292864,0.6242773162318418,0.9691124723054868,0.32806847260213534,0.4901941395563466,0.4026978702315835,0.012810810810810811,0.6719315273978647,0.6517506313778706,0.8367234722891101,0.6719315273978647,0.6007627653889132,0.5965238405056232,0.8494661607694344,0.7008718126057915,0.17592339575271865,0.703945945945946,0.1505338392305656,0.6065083978026381,0.6597875457525592,0.1505338392305656
UNSW-NB15,FGSM,2,10,1024,2,5.852643251419067,16.374844312667847,8.918767915269877,0.6387431375406889,0.9726517494390879,0.3538339362922439,0.5189007327370072,0.4246257673978748,0.01218918918918919,0.6461660637077561,0.6475189103336108,0.8309138548189744,0.6461660637077561,0.5495554583879901,0.70600579594284,0.3117003441277685,0.4324671747314296,0.17704870007663473,0.15902702702702703,0.6882996558722315,0.6350839926333287,0.7630247604439407,0.6882996558722315
UNSW-NB15,RANDOM_LINF,2,10,1024,2,5.852643251419067,10.93390417098999,-5.8118350094738425,0.6387431375406889,0.9726517494390879,0.3538339362922439,0.5189007327370072,0.4246257673978748,0.01218918918918919,0.6461660637077561,0.6475189103336108,0.8309138548189744,0.6461660637077561,0.6968614876354273,0.8344166502527739,0.5607076678725845,0.6707127213235876,0.4372444456447326,0.13632432432432431,0.43929233212741553,0.6596037942888623,0.7734746561316449,0.43929233212741553
UNSW-NB15,RANDOM_L2,2,10,1024,2,5.852643251419067,5.016422271728516,2.1765534664528907,0.6387431375406889,0.9726517494390879,0.3538339362922439,0.5189007327370072,0.4246257673978748,0.01218918918918919,0.6461660637077561,0.6475189103336108,0.8309138548189744,0.6461660637077561,0.61697760287616,0.6177720870678617,0.7982440660019412,0.6965074537807847,0.21203838732285973,0.6051081081081081,0.20175593399805877,0.602568026643073,0.6479805850985554,0.20175593399805877
UNSW-NB15,FGSM,2,10,1024,3,5.963356018066406,17.549185276031494,7.648301996793472,0.6229777000437254,0.9506211767673582,0.3325244860142945,0.49270293680236643,0.3927621927112727,0.021162162162162164,0.6674755139857055,0.651709201900215,0.8364857789401273,0.6674755139857055,0.5464946800757907,0.699113280860815,0.309582634783376,0.42913494174846345,0.16953134383173887,0.16324324324324324,0.690417365216624,0.6402199800391586,0.712347477674966,0.690417365216624
UNSW-NB15,RANDOM_LINF,2,10,1024,3,5.963356018066406,12.556435585021973,-6.974202011368602,0.6229777000437254,0.9506211767673582,0.3325244860142945,0.49270293680236643,0.3927621927112727,0.021162162162162164,0.6674755139857055,0.651709201900215,0.8364857789401273,0.6674755139857055,0.6927197201574115,0.8245471924310663,0.5613694520427072,0.6679703392611064,0.4264601015852939,0.14635135135135136,0.43863054795729284,0.6452868804567384,0.7755367598814222,0.43863054795729284
UNSW-NB15,RANDOM_L2,2,10,1024,3,5.963356018066406,4.817553997039795,1.8061021231113084,0.6229777000437254,0.9506211767673582,0.3325244860142945,0.49270293680236643,0.3927621927112727,0.021162162162162164,0.6674755139857055,0.651709201900215,0.8364857789401273,0.6674755139857055,0.6049166788126124,0.6033414043583535,0.8245168975558105,0.6967990902481311,0.1848477759874198,0.6641351351351351,0.17548310244418955,0.6027531610627658,0.6589960968960901,0.17548310244418955
UNSW-NB15,FGSM,2,10,2048,2,5.7065839767456055,17.459882497787476,11.044308409852787,0.6521522615750862,0.9769156048225816,0.3771507985528986,0.5442044785383476,0.4452835540589552,0.010918918918918918,0.6228492014471014,0.7788645396366984,0.8779790039887049,0.6228492014471014,0.5417091774765583,0.6910123655373479,0.30325156622253596,0.4215190261552142,0.1593335580298856,0.16613513513513514,0.6967484337774641,0.6304252493912779,0.7718408092222234,0.6967484337774641
UNSW-NB15,RANDOM_LINF,2,10,2048,2,5.7065839767456055,9.525966167449951,-6.221153379002087,0.6521522615750862,0.9769156048225816,0.3771507985528986,0.5442044785383476,0.4452835540589552,0.010918918918918918,0.6228492014471014,0.7788645396366984,0.8779790039887049,0.6228492014471014,0.7143637953651071,0.8058663525980764,0.6339451160328244,0.709641573963182,0.44857196272761196,0.1871081081081081,0.3660548839671755,0.6989106871585252,0.8215132981074843,0.3660548839671755
UNSW-NB15,RANDOM_L2,2,10,2048,2,5.7065839767456055,4.597683429718018,1.1963756498080902,0.6521522615750862,0.9769156048225816,0.3771507985528986,0.5442044785383476,0.4452835540589552,0.010918918918918918,0.6228492014471014,0.7788645396366984,0.8779790039887049,0.6228492014471014,0.6401885050770053,0.6281448849730789,0.8492676255183976,0.7221586539363358,0.26605398455454066,0.6159729729729729,0.1507323744816024,0.6388293509030074,0.6852798364270835,0.1507323744816024
UNSW-NB15,FGSM,2,10,2048,3,5.700273275375366,16.250118494033813,7.291211193703539,0.6238279162415585,0.9679984357687544,0.3276272831553869,0.4895591264936135,0.40157767918507653,0.01327027027027027,0.6723727168446131,0.6317529816059773,0.8264494276787416,0.6723727168446131,0.5509158043045231,0.6845848056537103,0.34189976175769876,0.45604072265050316,0.1658826743970446,0.193,0.6581002382423012,0.6698714251730774,0.736944431257513,0.6581002382423012
UNSW-NB15,RANDOM_LINF,2,10,2048,3,5.700273275375366,11.8158438205719,-6.739785259680319,0.6238279162415585,0.9679984357687544,0.3276272831553869,0.4895591264936135,0.40157767918507653,0.01327027027027027,0.6723727168446131,0.6317529816059773,0.8264494276787416,0.6723727168446131,0.6912257688383617,0.8249445097271184,0.5575090443836583,0.665359098567818,0.42456988033064996,0.14494594594594595,0.44249095561634166,0.6550284889142208,0.7790329152952242,0.44249095561634166
UNSW-NB15,RANDOM_L2,2,10,2048,3,5.700273275375366,4.840027093887329,2.0769567118495758,0.6238279162415585,0.9679984357687544,0.3276272831553869,0.4895591264936135,0.40157767918507653,0.01327027027027027,0.6723727168446131,0.6317529816059773,0.8264494276787416,0.6723727168446131,0.6030583491230628,0.6062056112426334,0.79645724874261,0.6884289405192057,0.18077879284727627,0.6338918918918919,0.20354275125738994,0.603674555710303,0.6561488858161518,0.20354275125738994
UNSW-NB15,FGSM,2,15,1024,2,4.483601808547974,11.2825448513031,4.596025846572416,0.7841301073701599,0.9802056107335773,0.6204667784346598,0.7599119240277196,0.6316931582549405,0.015351351351351352,0.37953322156534014,0.6892276790931053,0.8530414010007081,0.37953322156534014,0.7381698489044357,0.810971303005729,0.6838657019324098,0.7420146243971326,0.48730364359413025,0.1952972972972973,0.31613429806759025,0.6090357110066036,0.6522046535450231,0.31613429806759025
UNSW-NB15,RANDOM_LINF,2,15,1024,2,4.483601808547974,7.448517560958862,2.098819414079578,0.7841301073701599,0.9802056107335773,0.6204667784346598,0.7599119240277196,0.6316931582549405,0.015351351351351352,0.37953322156534014,0.6892276790931053,0.8530414010007081,0.37953322156534014,0.7631419132293641,0.8349716004875898,0.7101826524309538,0.7675380562409851,0.536525182645956,0.17197297297297298,0.28981734756904615,0.6790822156534014,0.7964210836330452,0.28981734756904615
UNSW-NB15,RANDOM_L2,2,15,1024,2,4.483601808547974,3.8786444664001465,14.677160763737064,0.7841301073701599,0.9802056107335773,0.6204667784346598,0.7599119240277196,0.6316931582549405,0.015351351351351352,0.37953322156534014,0.6892276790931053,0.8530414010007081,0.37953322156534014,0.6373584997327892,0.6243071732669291,0.8572310950322068,0.7224592617381038,0.26083733711314255,0.6320270270270271,0.14276890496779318,0.6168798325149468,0.6660619348219302,0.14276890496779318
UNSW-NB15,FGSM,2,15,1024,3,4.588029146194458,10.487284660339355,24.48744109216343,0.7885269397075256,0.9796268938743258,0.629003794229242,0.7661037896801408,0.6378091692771428,0.016027027027027026,0.370996205770758,0.7013018549631428,0.8584278044577051,0.370996205770758,0.5436525287858913,0.7074200791189993,0.2919129974411012,0.4132858615197227,0.17093860657979323,0.14791891891891892,0.7080870025588988,0.6210899388535274,0.6741948229562713,0.7080870025588988
UNSW-NB15,RANDOM_LINF,2,15,1024,3,4.588029146194458,5.249053239822388,7.521984161686834,0.7885269397075256,0.9796268938743258,0.629003794229242,0.7661037896801408,0.6378091692771428,0.016027027027027026,0.370996205770758,0.7013018549631428,0.8584278044577051,0.370996205770758,0.7133070980906573,0.8444514901712111,0.5875319862348892,0.6929441148922885,0.4655072334752952,0.1325945945945946,0.4124680137651107,0.6866918300657492,0.7812028364167558,0.4124680137651107
UNSW-NB15,RANDOM_L2,2,15,1024,3,4.588029146194458,3.17961049079895,14.859349948987033,0.7885269397075256,0.9796268938743258,0.629003794229242,0.7661037896801408,0.6378091692771428,0.016027027027027026,0.370996205770758,0.7013018549631428,0.8584278044577051,0.370996205770758,0.6399334402176553,0.6455329807959922,0.7674711020912379,0.7012405897588359,0.2627330971827761,0.5163243243243243,0.23252889790876202,0.6453860807114358,0.6971440767168168,0.23252889790876202
UNSW-NB15,FGSM,2,15,2048,2,4.5561439990997314,11.714712381362915,12.138658115920908,0.7795753777389107,0.9755773268019594,0.6150622077119915,0.7544647689143846,0.6229668138792864,0.018864864864864866,0.38493779228800845,0.6281060291518907,0.8205481428666523,0.38493779228800845,0.6581887965797016,0.8584236864053377,0.45409423806582544,0.5939808402585411,0.39670173586263924,0.09175675675675676,0.5459057619341745,0.6052842482251067,0.6661130287364146,0.5459057619341745
UNSW-NB15,RANDOM_LINF,2,15,2048,2,4.5561439990997314,8.847615003585815,6.318320944468736,0.7795753777389107,0.9755773268019594,0.6150622077119915,0.7544647689143846,0.6229668138792864,0.018864864864864866,0.38493779228800845,0.6281060291518907,0.8205481428666523,0.38493779228800845,0.7163921682942234,0.8712673962977976,0.5689799699991176,0.6884007686559197,0.4830306666094085,0.103,0.4310200300008824,0.6601166513840232,0.7768485499662112,0.4310200300008824
UNSW-NB15,RANDOM_L2,2,15,2048,2,4.5561439990997314,4.086116552352905,16.031433707428455,0.7795753777389107,0.9755773268019594,0.6150622077119915,0.7544647689143846,0.6229668138792864,0.018864864864864866,0.38493779228800845,0.6281060291518907,0.8205481428666523,0.38493779228800845,0.6192610406646262,0.620379775164839,0.794935145151328,0.6968932207814812,0.21713170767710888,0.595972972972973,0.205064854848672,0.6278541046119799,0.6879698684156911,0.205064854848672
UNSW-NB15,FGSM,2,15,2048,3,4.459407091140747,12.3185293674469,4.456347471214106,0.621969586552009,0.9704012713547875,0.32328156710491485,0.484991891981335,0.3999859901632115,0.012081081081081082,0.6767184328950852,0.769308021181863,0.8715984525306127,0.6767184328950852,0.5774061118398679,0.8134927717294307,0.3016412247419042,0.4400959109122801,0.2676813071192989,0.08472972972972972,0.6983587752580959,0.6652166395196044,0.7721770587203612,0.6983587752580959
UNSW-NB15,RANDOM_LINF,2,15,2048,3,4.459407091140747,7.819431781768799,-8.90297818588155,0.621969586552009,0.9704012713547875,0.32328156710491485,0.484991891981335,0.3999859901632115,0.012081081081081082,0.6767184328950852,0.769308021181863,0.8715984525306127,0.6767184328950852,0.7109993684108245,0.874886862076168,0.5543986587840819,0.6787112803478355,0.4772276318049528,0.09713513513513514,0.4456013412159181,0.678911885226354,0.810755330045406,0.4456013412159181
UNSW-NB15,RANDOM_L2,2,15,2048,3,4.459407091140747,3.9363090991973877,-0.7664091726181765,0.621969586552009,0.9704012713547875,0.32328156710491485,0.484991891981335,0.3999859901632115,0.012081081081081082,0.6767184328950852,0.769308021181863,0.8715984525306127,0.6767184328950852,0.6296336782781907,0.6265154744650013,0.8105091326215477,0.7067332198466969,0.2401353428117968,0.591972972972973,0.1894908673784523,0.6263353692636431,0.6758860759743646,0.1894908673784523
UNSW-NB15,FGSM,2,20,1024,2,3.8188085556030273,9.716153144836426,6.4567847252587125,0.6262692513239081,0.9669702411493073,0.3325906644313068,0.49494452104261044,0.4045785439496813,0.013918918918918919,0.6674093355686932,0.7562209229325505,0.8649955624835729,0.6674093355686932,0.561701404071321,0.7684045517882026,0.29195711638577604,0.4231408657842573,0.22520712506780283,0.10781081081081081,0.708042883614224,0.6440375160080225,0.776694487551319,0.708042883614224
UNSW-NB15,RANDOM_LINF,2,20,1024,2,3.8188085556030273,5.009974241256714,-7.914298207258419,0.6262692513239081,0.9669702411493073,0.3325906644313068,0.49494452104261044,0.4045785439496813,0.013918918918918919,0.6674093355686932,0.7562209229325505,0.8649955624835729,0.6674093355686932,0.7054122333964923,0.8814608368321992,0.5372143298332304,0.6675712719298246,0.47268943582908063,0.08851351351351351,0.46278567016676964,0.7175810453089638,0.8153972060820527,0.46278567016676964
UNSW-NB15,RANDOM_L2,2,20,1024,2,3.8188085556030273,3.011457681655884,-1.7842394208813062,0.6262692513239081,0.9669702411493073,0.3325906644313068,0.49494452104261044,0.4045785439496813,0.013918918918918919,0.6674093355686932,0.7562209229325505,0.8649955624835729,0.6674093355686932,0.6441116455327212,0.6554144449830344,0.7456763434218654,0.6976379415315715,0.272856368056741,0.4803243243243243,0.25432365657813466,0.6510076272116112,0.6899421367808425,0.25432365657813466
UNSW-NB15,FGSM,2,20,1024,3,3.9604456424713135,7.877701997756958,14.525336442695435,0.7829398046931935,0.9763730354230996,0.6207976705197211,0.7590047872699076,0.6282025292310249,0.018405405405405407,0.3792023294802788,0.6995652149546528,0.8592864389699373,0.3792023294802788,0.6376864402662391,0.7610467465984103,0.4984778964087179,0.6023939006184688,0.317738137168933,0.19175675675675677,0.5015221035912821,0.710179266600051,0.7689552504227177,0.5015221035912821
UNSW-NB15,RANDOM_LINF,2,20,1024,3,3.9604456424713135,5.56815767288208,6.647476072487013,0.7829398046931935,0.9763730354230996,0.6207976705197211,0.7590047872699076,0.6282025292310249,0.018405405405405407,0.3792023294802788,0.6995652149546528,0.8592864389699373,0.3792023294802788,0.7164650439683233,0.8228970864661654,0.6180622959498808,0.7059208868732678,0.4596767359003302,0.16297297297297297,0.3819377040501191,0.6672547168517674,0.8041176109864091,0.3819377040501191
UNSW-NB15,RANDOM_L2,2,20,1024,3,3.9604456424713135,3.1073665618896484,15.233445076033625,0.7829398046931935,0.9763730354230996,0.6207976705197211,0.7590047872699076,0.6282025292310249,0.018405405405405407,0.3792023294802788,0.6995652149546528,0.8592864389699373,0.3792023294802788,0.6306053539328572,0.6293996218363488,0.8003838348186711,0.7046679420075938,0.24208129439437773,0.5774054054054054,0.19961616518132885,0.6292632043827997,0.6916624945036581,0.19961616518132885
UNSW-NB15,FGSM,2,20,2048,2,4.354696273803711,9.720569372177124,2.556721566341158,0.6460307049506875,0.9691647829363009,0.36885643695402803,0.5343452904050491,0.4332513392862311,0.014378378378378378,0.631143563045972,0.702143776486272,0.85731515402896,0.631143563045972,0.6204634892872759,0.8457723657075518,0.37997441101208856,0.5243690827726871,0.3401865848896327,0.08489189189189189,0.6200255889879114,0.6962545883702463,0.7752224631975249,0.6200255889879114
UNSW-NB15,RANDOM_LINF,2,20,2048,2,4.354696273803711,7.946114778518677,-2.8506534518777604,0.6460307049506875,0.9691647829363009,0.36885643695402803,0.5343452904050491,0.4332513392862311,0.014378378378378378,0.631143563045972,0.702143776486272,0.85731515402896,0.631143563045972,0.6745372394694651,0.8713736175669178,0.479705285449572,0.6187684953334851,0.4252911511755853,0.08675675675675676,0.520294714550428,0.6752422946859328,0.7946383317299618,0.520294714550428
UNSW-NB15,RANDOM_L2,2,20,2048,2,4.354696273803711,4.025940895080566,2.763202642957785,0.6460307049506875,0.9691647829363009,0.36885643695402803,0.5343452904050491,0.4332513392862311,0.014378378378378378,0.631143563045972,0.702143776486272,0.85731515402896,0.631143563045972,0.6183986785211096,0.6263989825581395,0.7605444277772876,0.6869844179651695,0.21639649148204987,0.5557567567567567,0.23945557222271244,0.6439838032795877,0.7071556927741451,0.23945557222271244
UNSW-NB15,FGSM,2,20,2048,3,4.05844259262085,5.6689488887786865,9.720400330369728,0.7824782587572269,0.9788370874803562,0.6183049501455925,0.7578785133911068,0.6286706891113034,0.01637837837837838,0.3816950498544075,0.7605985846761789,0.8667098503649482,0.3816950498544075,0.6852742554535296,0.6886829116629746,0.781809759110562,0.7322974564539124,0.3584101369591736,0.433,0.21819024088943792,0.7070423175204678,0.6865031667175119,0.21819024088943792
UNSW-NB15,RANDOM_LINF,2,20,2048,3,4.05844259262085,3.8522226810455322,5.562843122965555,0.7824782587572269,0.9788370874803562,0.6183049501455925,0.7578785133911068,0.6286706891113034,0.01637837837837838,0.3816950498544075,0.7605985846761789,0.8667098503649482,0.3816950498544075,0.7268498275275713,0.7820332370299035,0.6986234889261449,0.7379790047652891,0.4577544914406881,0.23856756756756756,0.3013765110738551,0.7119745043176945,0.7577745595501302,0.3013765110738551
UNSW-NB15,RANDOM_L2,2,20,2048,3,4.05844259262085,2.8590776920318604,11.130544624204441,0.7824782587572269,0.9788370874803562,0.6183049501455925,0.7578785133911068,0.6286706891113034,0.01637837837837838,0.3816950498544075,0.7605985846761789,0.8667098503649482,0.3816950498544075,0.6711728125151825,0.6720891217884677,0.7865304861907703,0.7248203449782991,0.3287430319506946,0.47016216216216217,0.21346951380922968,0.6695791786006425,0.7005863585195315,0.21346951380922968
UNSW-NB15,FGSM,4,5,1024,2,17.509538173675537,4.071046352386475,61.3637467813244,0.7861584802992762,0.9756398819735127,0.6272831553869231,0.763608045328822,0.6325368789127024,0.019189189189189187,0.37271684461307686,0.6557057445250773,0.8326198160419072,0.37271684461307686,0.17252101248603216,0.008452647921338624,0.004323656578134651,0.005720957384705195,-0.682431415614534,0.6214054054054055,0.9956763434218654,0.12988518312939248,0.36958778767855294,0.9956763434218654
UNSW-NB15,RANDOM_LINF,4,5,1024,2,17.509538173675537,4.307419061660767,23.267988145557016,0.7861584802992762,0.9756398819735127,0.6272831553869231,0.763608045328822,0.6325368789127024,0.019189189189189187,0.37271684461307686,0.6557057445250773,0.8326198160419072,0.37271684461307686,0.553478598843706,0.5522200689848501,0.9994705726639019,0.711388847455232,0.055259275839960945,0.992945945945946,0.0005294273360981205,0.5762327453192184,0.6280313259991368,0.0005294273360981205
UNSW-NB15,RANDOM_L2,4,5,1024,2,17.509538173675537,4.242567777633667,23.5279113831803,0.7861584802992762,0.9756398819735127,0.6272831553869231,0.763608045328822,0.6325368789127024,0.019189189189189187,0.37271684461307686,0.6557057445250773,0.8326198160419072,0.37271684461307686,0.5508793664674732,0.5507588000145807,0.9999117621106504,0.7102865246448803,0.016447921921405703,0.9992702702702703,8.823788934968675e-05,0.5677678696630981,0.6208104223633891,8.823788934968675e-05
UNSW-NB15,FGSM,4,5,1024,3,17.61707329750061,4.0861146450042725,49.92712432590002,0.6717315260166157,0.9582436288990137,0.4221962410659137,0.5861419493147538,0.46378648825984586,0.02254054054054054,0.5778037589340863,0.7399949388416035,0.8595664274509978,0.5778037589340863,0.17246028275761552,0.008238795669240392,0.004213359216447543,0.005575421440560461,-0.6825981419534314,0.6214054054054055,0.9957866407835525,0.21878818912002979,0.39367716097281064,0.9957866407835525
UNSW-NB15,RANDOM_LINF,4,5,1024,3,17.61707329750061,4.252758264541626,11.742700286644325,0.6717315260166157,0.9582436288990137,0.4221962410659137,0.5861419493147538,0.46378648825984586,0.02254054054054054,0.5778037589340863,0.7399949388416035,0.8595664274509978,0.5778037589340863,0.5543045231501724,0.5526884081841806,0.9992940968852025,0.7117325896539534,0.06257119784297793,0.9908918918918919,0.000705903114797494,0.6284953409798222,0.6758057812943811,0.000705903114797494
UNSW-NB15,RANDOM_L2,4,5,1024,3,17.61707329750061,4.147624969482422,12.087645144050917,0.6717315260166157,0.9582436288990137,0.4221962410659137,0.5861419493147538,0.46378648825984586,0.02254054054054054,0.5778037589340863,0.7399949388416035,0.8595664274509978,0.5778037589340863,0.5508550745761065,0.5507417171876708,0.9999779405276625,0.7102890137181627,0.017041893820220883,0.9994054054054055,2.2059472337421688e-05,0.6238408230210267,0.6704488206104081,2.2059472337421688e-05
UNSW-NB15,FGSM,4,5,2048,2,17.83942222595215,4.175377368927002,62.226108924840894,0.7947578098430744,0.9779787520172135,0.6416879908232596,0.7749214129681923,0.6461519198703246,0.017702702702702702,0.3583120091767405,0.7698799279072596,0.8867916795170427,0.3583120091767405,0.1724967205946655,0.008367118088501681,0.004279537633459808,0.005662745555912315,-0.6824981016818185,0.6214054054054055,0.9957204623665402,0.22914811802890864,0.3973143050824194,0.9957204623665402
UNSW-NB15,RANDOM_LINF,4,5,2048,2,17.83942222595215,4.457908391952515,24.12670650536851,0.7947578098430744,0.9779787520172135,0.6416879908232596,0.7749214129681923,0.6461519198703246,0.017702702702702702,0.3583120091767405,0.7698799279072596,0.8867916795170427,0.3583120091767405,0.5534907447893893,0.5522331659271539,0.9993602753022147,0.7113717731298286,0.05465746340733345,0.9927837837837837,0.000639724697785229,0.6294049436469912,0.6740406369710549,0.000639724697785229
UNSW-NB15,RANDOM_L2,4,5,2048,2,17.83942222595215,4.2909228801727295,24.38905893212846,0.7947578098430744,0.9779787520172135,0.6416879908232596,0.7749214129681923,0.6461519198703246,0.017702702702702702,0.3583120091767405,0.7698799279072596,0.8867916795170427,0.3583120091767405,0.5508672205217898,0.5507496415814157,0.9999558810553252,0.7102900390165938,0.0169246043637017,0.9993513513513513,4.4118944674843376e-05,0.6133281424016445,0.6584631207667089,4.4118944674843376e-05
UNSW-NB15,FGSM,4,5,2048,3,17.68405294418335,4.207744598388672,51.59111888451635,0.6884929310596123,0.952716066418288,0.45691785052501543,0.61762557213782,0.4842308741824924,0.027783783783783784,0.5430821494749846,0.6574515985366818,0.8355802293263459,0.5430821494749846,0.17258174221444883,0.009005127321297773,0.004610429718521133,0.0060985395602632005,-0.6821657303388733,0.6216216216216216,0.9953895702814789,0.243958722255742,0.4015614498221517,0.9953895702814789
UNSW-NB15,RANDOM_LINF,4,5,2048,3,17.68405294418335,4.447708368301392,13.53908565320896,0.6884929310596123,0.952716066418288,0.45691785052501543,0.61762557213782,0.4842308741824924,0.027783783783783784,0.5430821494749846,0.6574515985366818,0.8355802293263459,0.5430821494749846,0.5531020745275227,0.5520115012549038,0.9994705726639019,0.7112157601444157,0.05100821977544718,0.9937837837837837,0.0005294273360981205,0.5849450936752512,0.6377161133140233,0.0005294273360981205
UNSW-NB15,RANDOM_L2,4,5,2048,3,17.68405294418335,4.272274971008301,13.775931594033908,0.6884929310596123,0.952716066418288,0.45691785052501543,0.61762557213782,0.4842308741824924,0.027783783783783784,0.5430821494749846,0.6574515985366818,0.8355802293263459,0.5430821494749846,0.5507336151192732,0.5506772763165887,0.9999338215829877,0.7102242904259403,0.010808668445369271,0.9996216216216216,6.617841701226507e-05,0.5786019162527037,0.6320099480188573,6.617841701226507e-05
UNSW-NB15,FGSM,4,10,1024,2,9.883293867111206,2.449408769607544,63.31681484720401,0.8056041393382889,0.978183596934616,0.661695932233301,0.7893995815624301,0.6622184121730236,0.01808108108108108,0.338304067766699,0.8433648401224838,0.9201275858302312,0.338304067766699,0.17243599086624883,0.008577216499288824,0.004389834995146916,0.005807421242321218,-0.6825408570029058,0.6216756756756757,0.9956101650048531,0.1789898514503209,0.3830251761944859,0.9956101650048531
UNSW-NB15,RANDOM_LINF,4,10,1024,2,9.883293867111206,2.5328891277313232,24.797162707088372,0.8056041393382889,0.978183596934616,0.661695932233301,0.7893995815624301,0.6622184121730236,0.01808108108108108,0.338304067766699,0.8433648401224838,0.9201275858302312,0.338304067766699,0.5576325122674052,0.5546157712156314,0.9980808259066443,0.7130193600239538,0.0840281835632743,0.982,0.001919174093355687,0.6528120905583074,0.704568962261833,0.001919174093355687
UNSW-NB15,RANDOM_L2,4,10,1024,2,9.883293867111206,2.413512945175171,25.378953505319924,0.8056041393382889,0.978183596934616,0.661695932233301,0.7893995815624301,0.6622184121730236,0.01808108108108108,0.338304067766699,0.8433648401224838,0.9201275858302312,0.338304067766699,0.5518146042850897,0.5512995230215127,0.9994705726639019,0.7106245490761943,0.033137834326359715,0.9966486486486487,0.0005294273360981205,0.6391478187355272,0.6886073165465261,0.0005294273360981205
UNSW-NB15,FGSM,4,10,1024,3,9.757308006286621,2.495608329772949,62.04756352329592,0.7928994801535247,0.9738932269848185,0.6410482661254743,0.7731705045828844,0.6415759980581766,0.021054054054054056,0.3589517338745257,0.7177101549290401,0.8636474810235079,0.3589517338745257,0.1724238449205655,0.008110440034512511,0.004147180799435278,0.005488089677720691,-0.6826981956340189,0.6214054054054055,0.9958528192005647,0.22483869845535995,0.39564739862249615,0.9958528192005647
UNSW-NB15,RANDOM_LINF,4,10,1024,3,9.757308006286621,2.588866710662842,23.455035709080306,0.7928994801535247,0.9738932269848185,0.6410482661254743,0.7731705045828844,0.6415759980581766,0.021054054054054056,0.3589517338745257,0.7177101549290401,0.8636474810235079,0.3589517338745257,0.5583491230627217,0.5550671610637723,0.9972646254301597,0.7131836754010948,0.08610216048286172,0.9794054054054054,0.0027353745698402896,0.6212320996325011,0.6733811245866473,0.0027353745698402896
UNSW-NB15,RANDOM_L2,4,10,1024,3,9.757308006286621,2.5900020599365234,24.090268668318515,0.7928994801535247,0.9738932269848185,0.6410482661254743,0.7731705045828844,0.6415759980581766,0.021054054054054056,0.3589517338745257,0.7177101549290401,0.8636474810235079,0.3589517338745257,0.5519967934703396,0.5513939084194259,0.999580870025589,0.7107308389080158,0.036988367696873976,0.9963783783783784,0.0004191299744110121,0.6081643099797053,0.6608909801033743,0.0004191299744110121
UNSW-NB15,FGSM,4,10,2048,2,9.741459131240845,2.6515042781829834,61.1439051644561,0.7839357722392265,0.9631722328725658,0.6317391687990823,0.7630187171118364,0.6235854456022588,0.029594594594594594,0.3682608312009177,0.8291912818580516,0.9166410976011606,0.3682608312009177,0.1724967205946655,0.008367118088501681,0.004279537633459808,0.005662745555912315,-0.6824981016818185,0.6214054054054055,0.9957204623665402,0.10564059187352888,0.3635715198465603,0.9957204623665402
UNSW-NB15,RANDOM_LINF,4,10,2048,2,9.741459131240845,2.610764503479004,22.657047077685466,0.7839357722392265,0.9631722328725658,0.6317391687990823,0.7630187171118364,0.6235854456022588,0.029594594594594594,0.3682608312009177,0.8291912818580516,0.9166410976011606,0.3682608312009177,0.5573653014623718,0.5547049049172257,0.9941542398305833,0.7120882940818632,0.07134293741488114,0.9777837837837838,0.005845760169416747,0.6577897571311716,0.7105225895026587,0.005845760169416747
UNSW-NB15,RANDOM_L2,4,10,2048,2,9.741459131240845,2.6162753105163574,23.24369625419035,0.7839357722392265,0.9631722328725658,0.6317391687990823,0.7630187171118364,0.6235854456022588,0.029594594594594594,0.3682608312009177,0.8291912818580516,0.9166410976011606,0.3682608312009177,0.551498809697323,0.551163753225885,0.9987867290214418,0.7103388766865391,0.023946194379989027,0.9965135135135135,0.0012132709785581928,0.6308651972474548,0.684329866369963,0.0012132709785581928
UNSW-NB15,FGSM,4,10,2048,3,9.88521933555603,2.5336592197418213,49.84088811154837,0.6708813098187825,0.9668219753212841,0.41654901614753376,0.5822425728073015,0.4666264146235712,0.017513513513513514,0.5834509838524663,0.6503664102203325,0.8324135105251251,0.5834509838524663,0.17247242870329885,0.008281573498964804,0.004235418688784964,0.005604530328682351,-0.6825647937065716,0.6214054054054055,0.995764581311215,0.15486242699507058,0.3759964229345736,0.995764581311215
UNSW-NB15,RANDOM_LINF,4,10,2048,3,9.88521933555603,2.699331283569336,11.32973813341106,0.6708813098187825,0.9668219753212841,0.41654901614753376,0.5822425728073015,0.4666264146235712,0.017513513513513514,0.5834509838524663,0.6503664102203325,0.8324135105251251,0.5834509838524663,0.5575839284846719,0.5546327759853773,0.9973528633195095,0.7128475589086236,0.08107999345243685,0.9812162162162162,0.0026471366804906027,0.586455524824657,0.6414252436638876,0.0026471366804906027
UNSW-NB15,RANDOM_L2,4,10,2048,3,9.88521933555603,2.5879030227661133,11.899382985959283,0.6708813098187825,0.9668219753212841,0.41654901614753376,0.5822425728073015,0.4666264146235712,0.017513513513513514,0.5834509838524663,0.6503664102203325,0.8324135105251251,0.5834509838524663,0.5518874799591896,0.5513547727438712,0.9992058589958528,0.7106035172489529,0.03259720296493281,0.9961621621621621,0.0007941410041471808,0.575816021913999,0.6286287453374841,0.0007941410041471808
UNSW-NB15,FGSM,4,15,1024,2,7.274179458618164,2.018836259841919,58.655200893941604,0.7947821017344411,0.9756774841083975,0.6433203917762287,0.7753848608119965,0.645144188185899,0.01964864864864865,0.35667960822377126,0.7659300807138207,0.8842157691551655,0.35667960822377126,0.20823009279502502,0.1274671669793621,0.07493602753022148,0.09438470728793309,-0.5884821479184856,0.6284594594594595,0.9250639724697786,0.22903224081312404,0.39758676529459236,0.9250639724697786
UNSW-NB15,RANDOM_LINF,4,15,1024,2,7.274179458618164,2.0666491985321045,23.12466598649371,0.7947821017344411,0.9756774841083975,0.6433203917762287,0.7753848608119965,0.645144188185899,0.01964864864864865,0.35667960822377126,0.7659300807138207,0.8842157691551655,0.35667960822377126,0.563535441869504,0.5582138741931087,0.9938674666901968,0.714898883714288,0.10800537328684767,0.9637027027027028,0.00613253330980323,0.6468061225767372,0.6940110488814677,0.00613253330980323
UNSW-NB15,RANDOM_L2,4,15,1024,2,7.274179458618164,1.966681718826294,24.011320021376868,0.7947821017344411,0.9756774841083975,0.6433203917762287,0.7753848608119965,0.645144188185899,0.01964864864864865,0.35667960822377126,0.7659300807138207,0.8842157691551655,0.35667960822377126,0.5546689015206724,0.5529761249862472,0.9978381717109327,0.7116012365003579,0.05928774254928109,0.9882972972972973,0.0021618282890673254,0.6348827547988295,0.6810675853879052,0.0021618282890673254
UNSW-NB15,FGSM,4,15,1024,3,7.4881978034973145,2.1136703491210938,62.80547053393577,0.8090535879123548,0.969404901556704,0.6744904261890056,0.7954938665070961,0.6634702540645011,0.026081081081081082,0.32550957381099443,0.7786711701775012,0.8861018924124432,0.32550957381099443,0.18099888257299712,0.041725425134798835,0.022191829171446218,0.028973819878459723,-0.6583110870154402,0.6244324324324324,0.9778081708285538,0.20528815930993202,0.3899553717640423,0.9778081708285538
UNSW-NB15,RANDOM_LINF,4,15,1024,3,7.4881978034973145,2.0469939708709717,24.090268668318515,0.8090535879123548,0.969404901556704,0.6744904261890056,0.7954938665070961,0.6634702540645011,0.026081081081081082,0.32550957381099443,0.7786711701775012,0.8861018924124432,0.32550957381099443,0.5681509012291697,0.5612463510279765,0.9881981822994794,0.7158986488106177,0.12057144169890308,0.9464864864864865,0.011801817700520604,0.6651311247826843,0.7094570969485015,0.011801817700520604
UNSW-NB15,RANDOM_L2,4,15,1024,3,7.4881978034973145,1.9806420803070068,25.213768644026622,0.8090535879123548,0.969404901556704,0.6744904261890056,0.7954938665070961,0.6634702540645011,0.026081081081081082,0.32550957381099443,0.7786711701775012,0.8861018924124432,0.32550957381099443,0.5569159014720886,0.5543507625807402,0.9958307597282273,0.7122256756543552,0.07180398182930434,0.9808378378378378,0.004169240271772699,0.6569692413449363,0.7014091125075013,0.004169240271772699
UNSW-NB15,FGSM,4,15,2048,2,7.104471683502197,1.9468061923980713,61.496137589272706,0.7880289559345091,0.9601571268237935,0.6416438718785846,0.7692328035331765,0.6281998852928994,0.03262162162162162,0.3583561281214153,0.7064948452378965,0.8525754830291512,0.3583561281214153,0.17306758004178205,0.010035749666192875,0.005139857054619254,0.006798056864432742,-0.6810310225945663,0.6211891891891892,0.9948601429453807,0.22922433499633932,0.3973757731507027,0.9948601429453807
UNSW-NB15,RANDOM_LINF,4,15,2048,2,7.104471683502197,2.1825411319732666,22.615750862362137,0.7880289559345091,0.9601571268237935,0.6416438718785846,0.7692328035331765,0.6281998852928994,0.03262162162162162,0.3583561281214153,0.7064948452378965,0.8525754830291512,0.3583561281214153,0.5618714473108877,0.5576228998133167,0.9883746580781788,0.7129899269585144,0.0898922706746424,0.9606756756756757,0.01162534192182123,0.6453380903293658,0.6975149066260564,0.01162534192182123
UNSW-NB15,RANDOM_L2,4,15,2048,2,7.104471683502197,2.0116491317749023,23.465967060195304,0.7880289559345091,0.9601571268237935,0.6416438718785846,0.7692328035331765,0.6281998852928994,0.03262162162162162,0.3583561281214153,0.7064948452378965,0.8525754830291512,0.3583561281214153,0.553369285332556,0.5523560209424084,0.9960734139239389,0.7106389675794775,0.04176618384003258,0.989027027027027,0.00392658607606106,0.6277035248651986,0.681181257204636,0.00392658607606106
UNSW-NB15,FGSM,4,15,2048,3,7.266541481018066,2.086763381958008,63.20021376864403,0.8075839284846719,0.9651419558359622,0.6749095561634165,0.7943452071866237,0.659403024788213,0.029864864864864865,0.3250904438365834,0.84658843314549,0.9215913460811692,0.3250904438365834,0.17558179079823155,0.020951976200594986,0.010875319862348893,0.014318492056576922,-0.6735465906571241,0.6226216216216216,0.9891246801376511,0.1693391032764875,0.3805041890290367,0.9891246801376511
UNSW-NB15,RANDOM_LINF,4,15,2048,3,7.266541481018066,2.1886212825775146,24.20079677403684,0.8075839284846719,0.9651419558359622,0.6749095561634165,0.7943452071866237,0.659403024788213,0.029864864864864865,0.3250904438365834,0.84658843314549,0.9215913460811692,0.3250904438365834,0.5655759607443035,0.5593796948138215,0.9938454072178593,0.715848513978375,0.11836001686658092,0.9591351351351352,0.006154592782140651,0.6919168548677506,0.7396087247268055,0.006154592782140651
UNSW-NB15,RANDOM_L2,4,15,2048,3,7.266541481018066,1.9798672199249268,25.32186756060827,0.8075839284846719,0.9651419558359622,0.6749095561634165,0.7943452071866237,0.659403024788213,0.029864864864864865,0.3250904438365834,0.84658843314549,0.9215913460811692,0.3250904438365834,0.5543652528785892,0.5527891123219391,0.9981470043236566,0.711524853364364,0.05758872803791324,0.9893513513513513,0.0018529956763434219,0.664985883428209,0.711960387278365,0.0018529956763434219
UNSW-NB15,FGSM,4,20,1024,2,5.981793165206909,2.592284679412842,52.83850750619443,0.7862192100276928,0.9616754902940099,0.6371216800494132,0.7664565779871293,0.6262382669105689,0.031108108108108108,0.3628783199505868,0.8775574193159894,0.9323783040403523,0.3628783199505868,0.2578341349657484,0.3295876912438413,0.3364510720903556,0.3329840188629814,-0.5033510482847523,0.8384864864864865,0.6635489279096444,0.13473338534201723,0.3703511283034853,0.6635489279096444
UNSW-NB15,RANDOM_LINF,4,20,1024,2,5.981793165206909,1.8073313236236572,20.963902249429147,0.7862192100276928,0.9616754902940099,0.6371216800494132,0.7664565779871293,0.6262382669105689,0.031108108108108108,0.3628783199505868,0.8775574193159894,0.9323783040403523,0.3628783199505868,0.5765801875334013,0.5664007508212107,0.9851539751169152,0.7192681532304174,0.1510894068278301,0.924,0.014846024883084797,0.700201823901021,0.7459536952377279,0.014846024883084797
UNSW-NB15,RANDOM_L2,4,20,1024,2,5.981793165206909,1.7001841068267822,22.465141135888842,0.7862192100276928,0.9616754902940099,0.6371216800494132,0.7664565779871293,0.6262382669105689,0.031108108108108108,0.3628783199505868,0.8775574193159894,0.9323783040403523,0.3628783199505868,0.5615677986688044,0.55719328667864,0.9923453630989146,0.7136681288521183,0.0942421422042836,0.9662162162162162,0.007654636901085326,0.6633415831785197,0.7088886492914941,0.007654636901085326
UNSW-NB15,FGSM,4,20,1024,3,6.037513494491577,4.004743337631226,53.66686100179759,0.7984380313851236,0.9586618571838988,0.6624900732374481,0.783521830443914,0.6429014160695506,0.035,0.3375099267625518,0.7516054365271475,0.872405173461688,0.3375099267625518,0.26176942136714765,0.0032797427652733117,0.0011250330892085061,0.0016753720311422095,-0.5309362516948392,0.4188918918918919,0.9988749669107915,0.2172438597160648,0.3928079595114213,0.9988749669107915
UNSW-NB15,RANDOM_LINF,4,20,1024,3,6.037513494491577,1.808363914489746,22.479716270708828,0.7984380313851236,0.9586618571838988,0.6624900732374481,0.783521830443914,0.6429014160695506,0.035,0.3375099267625518,0.7516054365271475,0.872405173461688,0.3375099267625518,0.5736408686780353,0.5654890712831478,0.9742124768375541,0.7156016819386044,0.12853551955188489,0.9171351351351351,0.025787523162445956,0.6426482948027883,0.6934822391979879,0.025787523162445956
UNSW-NB15,RANDOM_L2,4,20,1024,3,6.037513494491577,1.796642780303955,23.87285624058688,0.7984380313851236,0.9586618571838988,0.6624900732374481,0.783521830443914,0.6429014160695506,0.035,0.3375099267625518,0.7516054365271475,0.872405173461688,0.3375099267625518,0.5597094689792548,0.5565039942264142,0.9865878408188477,0.7116103677067257,0.07588483469550407,0.9632972972972973,0.013412159181152386,0.6199163722422678,0.6686576323127118,0.013412159181152386
UNSW-NB15,FGSM,4,20,2048,2,5.856429100036621,1.8325936794281006,56.9924209298936,0.7903609775057086,0.9595036993387023,0.6465410747374922,0.7725295869685548,0.6313313895363343,0.033432432432432435,0.3534589252625077,0.7809863934789816,0.8791419138953368,0.3534589252625077,0.22043676820677258,0.17937204476647278,0.11631959763522456,0.14112325870813205,-0.5561425135209304,0.652,0.8836804023647754,0.16954627182993456,0.3816948983301389,0.8836804023647754
UNSW-NB15,RANDOM_LINF,4,20,2048,2,5.856429100036621,1.9166615009307861,22.053393577223922,0.7903609775057086,0.9595036993387023,0.6465410747374922,0.7725295869685548,0.6313313895363343,0.033432432432432435,0.3534589252625077,0.7809863934789816,0.8791419138953368,0.3534589252625077,0.5698270417334693,0.5630508603914686,0.9765948998499956,0.7142845618309279,0.11530712252032675,0.9285405405405406,0.023405100150004413,0.6686946229738076,0.7217005304655468,0.023405100150004413
UNSW-NB15,RANDOM_L2,4,20,2048,2,5.856429100036621,1.7928192615509033,23.19754166059369,0.7903609775057086,0.9595036993387023,0.6465410747374922,0.7725295869685548,0.6313313895363343,0.033432432432432435,0.3534589252625077,0.7809863934789816,0.8791419138953368,0.3534589252625077,0.5583855608997716,0.5556258136507346,0.9885731933292156,0.7114067324406487,0.0700680484663426,0.9686756756756757,0.011426806670784434,0.6539045194493002,0.7043685459530309,0.011426806670784434
UNSW-NB15,FGSM,4,20,2048,3,5.970280170440674,1.925039291381836,43.51042122139629,0.8010129718699898,0.9620455198391165,0.6648283773052148,0.7862873243846124,0.648232376378738,0.032135135135135134,0.3351716226947851,0.7821727420639557,0.8794247162044591,0.3351716226947851,0.3659087596560268,0.35357021131561006,0.1830715609282626,0.24123597465263646,-0.25012793382131915,0.4100810810810811,0.8169284390717374,0.43144076972057205,0.46064960633357616,0.8169284390717374
UNSW-NB15,RANDOM_LINF,4,20,2048,3,5.970280170440674,2.0385591983795166,21.438808725647373,0.8010129718699898,0.9620455198391165,0.6648283773052148,0.7862873243846124,0.648232376378738,0.032135135135135134,0.3351716226947851,0.7821727420639557,0.8794247162044591,0.3351716226947851,0.586624884613516,0.5739785227867994,0.9668446130768552,0.7203267264898268,0.16805649791450425,0.8792162162162163,0.0331553869231448,0.6670465126955244,0.7072410436552214,0.0331553869231448
UNSW-NB15,RANDOM_L2,4,20,2048,3,5.970280170440674,1.9192843437194824,23.73560705436525,0.8010129718699898,0.9620455198391165,0.6648283773052148,0.7862873243846124,0.648232376378738,0.032135135135135134,0.3351716226947851,0.7821727420639557,0.8794247162044591,0.3351716226947851,0.5636569013263373,0.5589108352851292,0.9843818935851054,0.7129972118587874,0.09458791461324621,0.9518108108108108,0.015618106414894556,0.6451516618533295,0.6849852362120444,0.015618106414894556
UNSW-NB15,FGSM,8,5,1024,2,34.5228054523468,7.498058080673218,53.41665452072098,0.706614682019142,0.9647544221568713,0.4848672019765287,0.6453791382221243,0.5149865358381711,0.021702702702702702,0.5151327980234712,0.6895218039997996,0.842502533333393,0.5151327980234712,0.1724481368119322,0.008196014148908635,0.004191299744110121,0.005546311702717693,-0.6826314916901772,0.6214054054054055,0.9958087002558899,0.18407727462969897,0.3844300576468816,0.9958087002558899
UNSW-NB15,RANDOM_LINF,8,5,1024,2,34.5228054523468,7.65594482421875,15.60146723023854,0.706614682019142,0.9647544221568713,0.4848672019765287,0.6453791382221243,0.5149865358381711,0.021702702702702702,0.5151327980234712,0.6895218039997996,0.842502533333393,0.5151327980234712,0.5506000097167566,0.5506000097167566,1.0,0.710176713873919,0.0,1.0,0.0,0.6037223633564739,0.6547514639730526,0.0
UNSW-NB15,RANDOM_L2,8,5,1024,2,34.5228054523468,7.580744504928589,15.60146723023854,0.706614682019142,0.9647544221568713,0.4848672019765287,0.6453791382221243,0.5149865358381711,0.021702702702702702,0.5151327980234712,0.6895218039997996,0.842502533333393,0.5151327980234712,0.5506000097167566,0.5506000097167566,1.0,0.710176713873919,0.0,1.0,0.0,0.5882436587960059,0.6369763740655783,0.0
UNSW-NB15,FGSM,8,5,1024,3,33.66074013710022,7.545660734176636,61.04430840985279,0.7829155128018267,0.9691119691119691,0.6256728139062914,0.7604123379669969,0.6248247954635388,0.024432432432432434,0.37432718609370863,0.6643332196574939,0.83487359518209,0.37432718609370863,0.17247242870329885,0.008281573498964804,0.004235418688784964,0.005604530328682351,-0.6825647937065716,0.6214054054054055,0.995764581311215,0.27762268196679873,0.4120673101285618,0.995764581311215
UNSW-NB15,RANDOM_LINF,8,5,1024,3,33.66074013710022,7.826339483261108,23.23155030850701,0.7829155128018267,0.9691119691119691,0.6256728139062914,0.7604123379669969,0.6248247954635388,0.024432432432432434,0.37432718609370863,0.6643332196574939,0.83487359518209,0.37432718609370863,0.5506000097167566,0.5506000097167566,1.0,0.710176713873919,0.0,1.0,0.0,0.5868093474331121,0.6456186770448163,0.0
UNSW-NB15,RANDOM_L2,8,5,1024,3,33.66074013710022,7.828146457672119,23.23155030850701,0.7829155128018267,0.9691119691119691,0.6256728139062914,0.7604123379669969,0.6248247954635388,0.024432432432432434,0.37432718609370863,0.6643332196574939,0.83487359518209,0.37432718609370863,0.5506000097167566,0.5506000097167566,1.0,0.710176713873919,0.0,1.0,0.0,0.5785785257595017,0.6339420154893808,0.0
UNSW-NB15,FGSM,8,5,2048,2,34.40905547142029,7.735591888427734,52.31137346353787,0.6956104552300442,0.9614806720393388,0.4658298773493338,0.6275949178988037,0.49821856353825256,0.022864864864864866,0.5341701226506662,0.8520584576016942,0.9121158585255857,0.5341701226506662,0.1724967205946655,0.008367118088501681,0.004279537633459808,0.005662745555912315,-0.6824981016818185,0.6214054054054055,0.9957204623665402,0.17185946178464706,0.38096049001255683,0.9957204623665402
UNSW-NB15,RANDOM_LINF,8,5,2048,2,34.40905547142029,7.971431732177734,14.501044551328757,0.6956104552300442,0.9614806720393388,0.4658298773493338,0.6275949178988037,0.49821856353825256,0.022864864864864866,0.5341701226506662,0.8520584576016942,0.9121158585255857,0.5341701226506662,0.5506000097167566,0.5506000097167566,1.0,0.710176713873919,0.0,1.0,0.0,0.5923699367548966,0.6440778504162603,0.0
UNSW-NB15,RANDOM_L2,8,5,2048,2,34.40905547142029,7.97184419631958,14.501044551328757,0.6956104552300442,0.9614806720393388,0.4658298773493338,0.6275949178988037,0.49821856353825256,0.022864864864864866,0.5341701226506662,0.8520584576016942,0.9121158585255857,0.5341701226506662,0.5506000097167566,0.5506000097167566,1.0,0.710176713873919,0.0,1.0,0.0,0.5813388197824578,0.6334278416471193,0.0
UNSW-NB15,FGSM,8,5,2048,3,33.51980018615723,8.045582294464111,57.88150415391342,0.7512753242967497,0.9610789551795785,0.571406511956234,0.7167007913231144,0.5756722201714334,0.02835135135135135,0.428593488043766,0.7766519659163266,0.8883379422337634,0.428593488043766,0.17246028275761552,0.008238795669240392,0.004213359216447543,0.005575421440560461,-0.6825981419534314,0.6214054054054055,0.9957866407835525,0.21625668402011824,0.3935879802666069,0.9957866407835525
UNSW-NB15,RANDOM_LINF,8,5,2048,3,33.51980018615723,8.056135416030884,20.06753145799931,0.7512753242967497,0.9610789551795785,0.571406511956234,0.7167007913231144,0.5756722201714334,0.02835135135135135,0.428593488043766,0.7766519659163266,0.8883379422337634,0.428593488043766,0.5506000097167566,0.5506000097167566,1.0,0.710176713873919,0.0,1.0,0.0,0.5856254000515119,0.6399481239122384,0.0
UNSW-NB15,RANDOM_L2,8,5,2048,3,33.51980018615723,7.959760665893555,20.06753145799931,0.7512753242967497,0.9610789551795785,0.571406511956234,0.7167007913231144,0.5756722201714334,0.02835135135135135,0.428593488043766,0.7766519659163266,0.8883379422337634,0.428593488043766,0.5506000097167566,0.5506000097167566,1.0,0.710176713873919,0.0,1.0,0.0,0.576947006589224,0.6283315020847886,0.0
UNSW-NB15,FGSM,8,10,1024,2,18.305139541625977,4.168429136276245,63.15405917504737,0.8045352961181558,0.9630087094220111,0.6707623753639813,0.7907472661786313,0.6539083580703601,0.03156756756756757,0.3292376246360187,0.7655458398816181,0.8827094680374876,0.3292376246360187,0.17299470436768208,0.010159714150415429,0.005206035471631519,0.0068843803328422866,-0.6811199175261351,0.6214324324324324,0.9947939645283684,0.19380420131593698,0.3870759270827234,0.9947939645283684
UNSW-NB15,RANDOM_LINF,8,10,1024,2,18.305139541625977,4.129342317581177,25.392314045571585,0.8045352961181558,0.9630087094220111,0.6707623753639813,0.7907472661786313,0.6539083580703601,0.03156756756756757,0.3292376246360187,0.7655458398816181,0.8827094680374876,0.3292376246360187,0.5506121556624399,0.5506066973557955,1.0,0.7101822767755732,0.003857623891814387,0.9999729729729729,0.0,0.6627611093291297,0.7188772455510162,0.0
UNSW-NB15,RANDOM_L2,8,10,1024,2,18.305139541625977,4.27772068977356,25.389884856434918,0.8045352961181558,0.9630087094220111,0.6707623753639813,0.7907472661786313,0.6539083580703601,0.03156756756756757,0.3292376246360187,0.7655458398816181,0.8827094680374876,0.3292376246360187,0.5506364475538066,0.5506200731212574,1.0,0.7101934028403349,0.006681681733936111,0.9999189189189189,0.0,0.6423661130136576,0.6965621429628406,0.0
UNSW-NB15,FGSM,8,10,1024,3,17.96999716758728,4.156659364700317,63.33381917116068,0.8060049555458388,0.9647334430796505,0.6722403600105885,0.7923556942277691,0.6568623529564654,0.030108108108108107,0.32775963998941143,0.8238894412037556,0.902473265766301,0.32775963998941143,0.17266676383423213,0.00896551724137931,0.004588370246183711,0.006070157006945661,-0.682031424240248,0.6214054054054055,0.9954116297538163,0.2340564153118971,0.3993703477765107,0.9954116297538163
UNSW-NB15,RANDOM_LINF,8,10,1024,3,17.96999716758728,4.198948860168457,25.540494582908224,0.8060049555458388,0.9647334430796505,0.6722403600105885,0.7923556942277691,0.6568623529564654,0.030108108108108107,0.32775963998941143,0.8238894412037556,0.902473265766301,0.32775963998941143,0.5506000097167566,0.5506000097167566,1.0,0.710176713873919,0.0,1.0,0.0,0.6427662083463505,0.6971645949172242,0.0
UNSW-NB15,RANDOM_L2,8,10,1024,3,17.96999716758728,4.226957321166992,25.539279988339892,0.8060049555458388,0.9647334430796505,0.6722403600105885,0.7923556942277691,0.6568623529564654,0.030108108108108107,0.32775963998941143,0.8238894412037556,0.902473265766301,0.32775963998941143,0.5506121556624399,0.5506066973557955,1.0,0.7101822767755732,0.003857623891814387,0.9999729729729729,0.0,0.6308201848941503,0.680026047455671,0.0
UNSW-NB15,FGSM,8,10,2048,2,17.825649738311768,4.234689950942993,51.95914103872127,0.6971894281688772,0.9591717308125141,0.47004323656578134,0.6309088486535301,0.4992961026958923,0.024513513513513514,0.5299567634342186,0.8190878485694731,0.8964515901820422,0.5299567634342186,0.17759801778166448,0.026371486623772436,0.013743051266213712,0.018069493590115435,-0.6685195074943296,0.6216486486486487,0.9862569487337863,0.14644236217599402,0.3739880808669045,0.9862569487337863
UNSW-NB15,RANDOM_LINF,8,10,2048,2,17.825649738311768,4.394970655441284,14.658941845212059,0.6971894281688772,0.9591717308125141,0.47004323656578134,0.6309088486535301,0.4992961026958923,0.024513513513513514,0.5299567634342186,0.8190878485694731,0.8964515901820422,0.5299567634342186,0.5506000097167566,0.5506000097167566,1.0,0.710176713873919,0.0,1.0,0.0,0.6155024617178725,0.6691506225777726,0.0
UNSW-NB15,RANDOM_L2,8,10,2048,2,17.825649738311768,4.484867811203003,14.658941845212059,0.6971894281688772,0.9591717308125141,0.47004323656578134,0.6309088486535301,0.4992961026958923,0.024513513513513514,0.5299567634342186,0.8190878485694731,0.8964515901820422,0.5299567634342186,0.5506000097167566,0.5506000097167566,1.0,0.710176713873919,0.0,1.0,0.0,0.6048918695343186,0.6583698057613152,0.0
UNSW-NB15,FGSM,8,10,2048,3,18.571225881576538,4.2248759269714355,58.90419278044989,0.7615265024534811,0.9559940379019093,0.5942380658254655,0.7329070874710923,0.5878716571907123,0.03351351351351351,0.40576193417453454,0.832894755151781,0.907658597536294,0.40576193417453454,0.17248457464898218,0.008324347638559413,0.004257478161122386,0.005633638367120569,-0.682531446949425,0.6214054054054055,0.9957425218388776,0.17726376511073857,0.382311769579685,0.9957425218388776
UNSW-NB15,RANDOM_LINF,8,10,2048,3,18.571225881576538,4.457923889160156,21.09264927367245,0.7615265024534811,0.9559940379019093,0.5942380658254655,0.7329070874710923,0.5878716571907123,0.03351351351351351,0.40576193417453454,0.832894755151781,0.907658597536294,0.40576193417453454,0.5506000097167566,0.5506000097167566,1.0,0.710176713873919,0.0,1.0,0.0,0.6819940394709543,0.7285441044100511,0.0
UNSW-NB15,RANDOM_L2,8,10,2048,3,18.571225881576538,4.393982410430908,21.091434679104115,0.7615265024534811,0.9559940379019093,0.5942380658254655,0.7329070874710923,0.5878716571907123,0.03351351351351351,0.40576193417453454,0.832894755151781,0.907658597536294,0.40576193417453454,0.5506121556624399,0.5506066973557955,1.0,0.7101822767755732,0.003857623891814387,0.9999729729729729,0.0,0.6682148574719606,0.7129569335390491,0.0
UNSW-NB15,FGSM,8,15,1024,2,12.754658222198486,3.0857601165771484,64.82898508477871,0.8210173444104358,0.9581062466311313,0.7057928174358069,0.8128191448822498,0.6767226871087407,0.03781081081081081,0.29420718256419304,0.8339815362216536,0.907987151962505,0.29420718256419304,0.1727274935626488,0.009179056237879768,0.00469866760787082,0.00621562075958971,-0.6818648243800776,0.6214054054054055,0.9953013323921291,0.14948040522654482,0.37471687956738153,0.9953013323921291
UNSW-NB15,RANDOM_LINF,8,15,1024,2,12.754658222198486,3.060821771621704,27.023514550842933,0.8210173444104358,0.9581062466311313,0.7057928174358069,0.8128191448822498,0.6767226871087407,0.03781081081081081,0.29420718256419304,0.8339815362216536,0.907987151962505,0.29420718256419304,0.5507821989020065,0.5507003413632664,1.0,0.7102601665504626,0.014941783533008037,0.9995945945945945,0.0,0.6649844063378653,0.7108325796012938,0.0
UNSW-NB15,RANDOM_L2,8,15,1024,2,12.754658222198486,2.992072343826294,27.033231307389592,0.8210173444104358,0.9581062466311313,0.7057928174358069,0.8128191448822498,0.6767226871087407,0.03781081081081081,0.29420718256419304,0.8339815362216536,0.907987151962505,0.29420718256419304,0.5506850313365399,0.5506468266018828,1.0,0.7102156560157297,0.01020668539019452,0.9998108108108108,0.0,0.6486876205818455,0.6912247749355576,0.0
UNSW-NB15,FGSM,8,15,1024,3,12.877562999725342,3.0736567974090576,63.294952144974005,0.8056405771753389,0.9566828599900349,0.6776890496779318,0.7933732761737513,0.6527927694624344,0.0375945945945946,0.3223109503220683,0.7985537082569202,0.8945782106208446,0.3223109503220683,0.17269105572559879,0.009050943884147919,0.004632489190858555,0.006128345055009193,-0.6819647798365411,0.6214054054054055,0.9953675108091414,0.25362262294280513,0.404673313555265,0.9953675108091414
UNSW-NB15,RANDOM_LINF,8,15,1024,3,12.877562999725342,3.0702130794525146,25.470048097944908,0.8056405771753389,0.9566828599900349,0.6776890496779318,0.7933732761737513,0.6527927694624344,0.0375945945945946,0.3223109503220683,0.7985537082569202,0.8945782106208446,0.3223109503220683,0.5509400961958898,0.5507910277284989,0.9999338215829877,0.7103188905429758,0.018892736421643578,0.9991621621621621,6.617841701226507e-05,0.6867646194681402,0.7321029932410035,6.617841701226507e-05
UNSW-NB15,RANDOM_L2,8,15,1024,3,12.877562999725342,3.1443681716918945,25.4919108001749,0.8056405771753389,0.9566828599900349,0.6776890496779318,0.7933732761737513,0.6527927694624344,0.0375945945945946,0.3223109503220683,0.7985537082569202,0.8945782106208446,0.3223109503220683,0.5507214691735899,0.5506668934185273,1.0,0.7102323468124775,0.01219954466827002,0.9997297297297297,0.0,0.6739704042368495,0.7171891066740512,0.0
UNSW-NB15,FGSM,8,15,2048,2,12.688815832138062,3.1233813762664795,61.59694893844434,0.7967133070980906,0.9628670400466185,0.6560928262595959,0.7804148463022001,0.6422184068649082,0.031,0.34390717374040414,0.861338988507611,0.9232896104033322,0.34390717374040414,0.1807438177136472,0.03708509480557532,0.019544692490955615,0.025598428268061194,-0.6600499009191746,0.6217567567567568,0.9804553075090444,0.17858156370656372,0.38306731668402977,0.9804553075090444
UNSW-NB15,RANDOM_LINF,8,15,2048,2,12.688815832138062,3.292180061340332,24.60161298158674,0.7967133070980906,0.9628670400466185,0.6560928262595959,0.7804148463022001,0.6422184068649082,0.031,0.34390717374040414,0.861338988507611,0.9232896104033322,0.34390717374040414,0.5506971772822232,0.550658438213713,0.9999117621106504,0.7102030584106293,0.008425044737146377,0.9996756756756757,8.823788934968675e-05,0.6411424973349772,0.6979225839262357,8.823788934968675e-05
UNSW-NB15,RANDOM_L2,8,15,2048,2,12.688815832138062,3.2922089099884033,24.60039838701841,0.7967133070980906,0.9628670400466185,0.6560928262595959,0.7804148463022001,0.6422184068649082,0.031,0.34390717374040414,0.861338988507611,0.9232896104033322,0.34390717374040414,0.5507093232279066,0.5506638968864268,0.9999338215829877,0.7102131626569734,0.00951432865857224,0.9996756756756757,6.617841701226507e-05,0.6255703649471407,0.6777800401236145,6.617841701226507e-05
UNSW-NB15,FGSM,8,15,2048,3,13.295849561691284,3.1964027881622314,63.86581159209057,0.8113248797551378,0.9670825757100758,0.6804906026647842,0.7988605464197851,0.6658589009479366,0.02837837837837838,0.3195093973352157,0.8351759269747998,0.9085908585575206,0.3195093973352157,0.17266676383423213,0.00896551724137931,0.004588370246183711,0.006070157006945661,-0.682031424240248,0.6214054054054055,0.9954116297538163,0.19713602466845206,0.3877913827385215,0.9954116297538163
UNSW-NB15,RANDOM_LINF,8,15,2048,3,13.295849561691284,3.1400794982910156,26.06034105815479,0.8113248797551378,0.9670825757100758,0.6804906026647842,0.7988605464197851,0.6658589009479366,0.02837837837837838,0.3195093973352157,0.8351759269747998,0.9085908585575206,0.3195093973352157,0.5507214691735899,0.5506681243926141,0.9999779405276625,0.7102278068498731,0.011341437802114615,0.9997027027027027,2.2059472337421688e-05,0.620304756976159,0.6787691833885631,2.2059472337421688e-05
UNSW-NB15,RANDOM_L2,8,15,2048,3,13.295849561691284,3.3368964195251465,26.056697274449792,0.8113248797551378,0.9670825757100758,0.6804906026647842,0.7988605464197851,0.6658589009479366,0.02837837837837838,0.3195093973352157,0.8351759269747998,0.9085908585575206,0.3195093973352157,0.5507579070106399,0.5506906563969239,0.9999338215829877,0.710235418543617,0.011994293759017635,0.9995675675675676,6.617841701226507e-05,0.614503886640545,0.6703380972542602,6.617841701226507e-05
UNSW-NB15,FGSM,8,20,1024,2,10.295028448104858,2.5651726722717285,59.506631686343106,0.7938104260797746,0.953405820275024,0.6576590487955528,0.7783869872849273,0.6336889293434398,0.039378378378378376,0.3423409512044472,0.9039322207807382,0.9427711361378643,0.3423409512044472,0.19874410921634358,0.10939925048264375,0.06375187505514868,0.08055861405733877,-0.6096480624517263,0.6358648648648648,0.9362481249448513,0.16979054590635817,0.380227846055483,0.9362481249448513
UNSW-NB15,RANDOM_LINF,8,20,1024,2,10.295028448104858,2.6418726444244385,24.1777194772385,0.7938104260797746,0.953405820275024,0.6576590487955528,0.7783869872849273,0.6336889293434398,0.039378378378378376,0.3423409512044472,0.9039322207807382,0.9427711361378643,0.3423409512044472,0.5520332313073896,0.551420295499355,0.9994705726639019,0.7107248741156724,0.03668787656177997,0.9961621621621621,0.0005294273360981205,0.6807361263805056,0.7246646187873818,0.0005294273360981205
UNSW-NB15,RANDOM_L2,8,20,1024,2,10.295028448104858,2.588118076324463,24.212942719720154,0.7938104260797746,0.953405820275024,0.6576590487955528,0.7783869872849273,0.6336889293434398,0.039378378378378376,0.3423409512044472,0.9039322207807382,0.9427711361378643,0.3423409512044472,0.551680998882573,0.551220758366483,0.9995588105532516,0.7105814090249736,0.03150141958785627,0.997054054054054,0.0004411894467484338,0.6607568977585191,0.7013396635855018,0.0004411894467484338
UNSW-NB15,FGSM,8,20,1024,3,10.349245309829712,11.873353004455566,41.81849098770831,0.7958387990088909,0.9546947234178225,0.660548839671755,0.7808388854844388,0.6372746495374213,0.03840540540540541,0.33945116032824496,0.9074586125545823,0.9449284295708396,0.33945116032824496,0.3776538891318078,0.1858312945431337,0.03853789817347569,0.0638371731861948,-0.2632775869815571,0.20686486486486486,0.9614621018265244,0.39246632412877014,0.45021223739576083,0.9614621018265244
UNSW-NB15,RANDOM_LINF,8,20,1024,3,10.349245309829712,2.5849826335906982,24.41820920176846,0.7958387990088909,0.9546947234178225,0.660548839671755,0.7808388854844388,0.6372746495374213,0.03840540540540541,0.33945116032824496,0.9074586125545823,0.9449284295708396,0.33945116032824496,0.5516567069912063,0.5512322765167651,0.9991176211065032,0.7104794622618571,0.028193626065055395,0.9965675675675676,0.0008823788934968676,0.6852259053922891,0.7357216846447867,0.0008823788934968676
UNSW-NB15,RANDOM_L2,8,20,1024,3,10.349245309829712,2.7471210956573486,24.432784336588455,0.7958387990088909,0.9546947234178225,0.660548839671755,0.7808388854844388,0.6372746495374213,0.03840540540540541,0.33945116032824496,0.9074586125545823,0.9449284295708396,0.33945116032824496,0.5515109556430063,0.5511443137159474,0.9992499779405276,0.7104398491228896,0.0262328646201561,0.997054054054054,0.0007500220594723375,0.6635837714424033,0.7123049428604527,0.0007500220594723375
UNSW-NB15,FGSM,8,20,2048,2,10.118249416351318,3.6885104179382324,60.8536170626245,0.7922557450323082,0.9480919423455457,0.6587620224124239,0.7773786281400494,0.6290106940383475,0.04418918918918919,0.3412379775875761,0.8403890733471494,0.9114340232129405,0.3412379775875761,0.18371957440606326,0.04497420535862872,0.023846289596752845,0.03116710875331565,-0.6526890287149657,0.6204054054054055,0.9761537104032472,0.13240292788818112,0.3702579180948543,0.9761537104032472
UNSW-NB15,RANDOM_LINF,8,20,2048,2,10.118249416351318,2.5847878456115723,24.115775154253516,0.7922557450323082,0.9480919423455457,0.6587620224124239,0.7773786281400494,0.6290106940383475,0.04418918918918919,0.3412379775875761,0.8403890733471494,0.9114340232129405,0.3412379775875761,0.5510979934897731,0.5508805191964123,0.9998897026383129,0.7103821710954213,0.022650489835990793,0.9987567567567568,0.00011029736168710845,0.6672191232969491,0.7128023156582342,0.00011029736168710845
UNSW-NB15,RANDOM_L2,8,20,2048,2,10.118249416351318,2.654411792755127,24.099985424865178,0.7922557450323082,0.9480919423455457,0.6587620224124239,0.7773786281400494,0.6290106940383475,0.04418918918918919,0.3412379775875761,0.8403890733471494,0.9114340232129405,0.3412379775875761,0.5512558907836564,0.550967569407303,0.9998897026383129,0.7104545454545454,0.02649224258857913,0.9984054054054055,0.00011029736168710845,0.6536810495419977,0.6956421066354497,0.00011029736168710845
UNSW-NB15,FGSM,8,20,2048,3,10.50595474243164,4.125940322875977,61.37710732157606,0.8012437448379731,0.9589935353023197,0.6675637518750551,0.7871709499531786,0.6472259814941245,0.03497297297297297,0.3324362481249449,0.8654733399352762,0.9194565413622746,0.3324362481249449,0.1874726716222125,0.008837060993941603,0.004279537633459808,0.005766515568105818,-0.6567175829630304,0.588081081081081,0.9957204623665402,0.17360315486226544,0.3829122482332995,0.9957204623665402
UNSW-NB15,RANDOM_LINF,8,20,2048,3,10.50595474243164,2.6031813621520996,24.583394063061746,0.8012437448379731,0.9589935353023197,0.6675637518750551,0.7871709499531786,0.6472259814941245,0.03497297297297297,0.3324362481249449,0.8654733399352762,0.9194565413622746,0.3324362481249449,0.5554098042073556,0.5533405040702081,0.9986543721874173,0.7121104871564973,0.06923779175978693,0.9876486486486487,0.001345627812582723,0.7002498181584037,0.7377643819140302,0.001345627812582723
UNSW-NB15,RANDOM_L2,8,20,2048,3,10.50595474243164,2.6633777618408203,24.702424330758397,0.8012437448379731,0.9589935353023197,0.6675637518750551,0.7871709499531786,0.6472259814941245,0.03497297297297297,0.3324362481249449,0.8654733399352762,0.9194565413622746,0.3324362481249449,0.5542195015303891,0.5527067963062491,0.998169063795994,0.7114622641509434,0.05625796372733977,0.9897027027027027,0.0018309362040060003,0.6892935406287783,0.7265630009636281,0.0018309362040060003
UNSW-NB15,FGSM,10,5,1024,2,42.03542113304138,9.39714503288269,61.89209541854929,0.7913933828887917,0.9663453575805757,0.6435409864996029,0.7725798122376557,0.6359443571089699,0.02745945945945946,0.35645901350039705,0.7559598207578443,0.8795181208745354,0.35645901350039705,0.17247242870329885,0.008281573498964804,0.004235418688784964,0.005604530328682351,-0.6825647937065716,0.6214054054054055,0.995764581311215,0.19620185102820986,0.38843651919382727,0.995764581311215
UNSW-NB15,RANDOM_LINF,10,5,1024,2,42.03542113304138,9.458061695098877,24.07933731720351,0.7913933828887917,0.9663453575805757,0.6435409864996029,0.7725798122376557,0.6359443571089699,0.02745945945945946,0.35645901350039705,0.7559598207578443,0.8795181208745354,0.35645901350039705,0.5506000097167566,0.5506000097167566,1.0,0.710176713873919,0.0,1.0,0.0,0.6111509481995894,0.6661397465346379,0.0
UNSW-NB15,RANDOM_L2,10,5,1024,2,42.03542113304138,9.260392189025879,24.07933731720351,0.7913933828887917,0.9663453575805757,0.6435409864996029,0.7725798122376557,0.6359443571089699,0.02745945945945946,0.35645901350039705,0.7559598207578443,0.8795181208745354,0.35645901350039705,0.5506000097167566,0.5506000097167566,1.0,0.710176713873919,0.0,1.0,0.0,0.5932204239115141,0.6458159546303457,0.0
UNSW-NB15,FGSM,10,5,1024,3,42.00390911102295,9.686150074005127,61.53136083175437,0.7877617451294758,0.9611946228726574,0.6403864819553516,0.76866047078137,0.6282790808930436,0.031675675675675675,0.35961351804464836,0.718704344940988,0.8594532778573879,0.35961351804464836,0.1724481368119322,0.008196014148908635,0.004191299744110121,0.005546311702717693,-0.6826314916901772,0.6214054054054055,0.9958087002558899,0.22268266286448807,0.39516240203845326,0.9958087002558899
UNSW-NB15,RANDOM_LINF,10,5,1024,3,42.00390911102295,9.466882228851318,23.716173541271925,0.7877617451294758,0.9611946228726574,0.6403864819553516,0.76866047078137,0.6282790808930436,0.031675675675675675,0.35961351804464836,0.718704344940988,0.8594532778573879,0.35961351804464836,0.5506000097167566,0.5506000097167566,1.0,0.710176713873919,0.0,1.0,0.0,0.6018077955194231,0.6530526584388322,0.0
UNSW-NB15,RANDOM_L2,10,5,1024,3,42.00390911102295,9.43272614479065,23.716173541271925,0.7877617451294758,0.9611946228726574,0.6403864819553516,0.76866047078137,0.6282790808930436,0.031675675675675675,0.35961351804464836,0.718704344940988,0.8594532778573879,0.35961351804464836,0.5506000097167566,0.5506000097167566,1.0,0.710176713873919,0.0,1.0,0.0,0.5839663202534574,0.6347060466803973,0.0
UNSW-NB15,FGSM,10,5,2048,2,42.505497217178345,9.893603563308716,52.178982655589564,0.6942744012048778,0.9482015028233516,0.47044030706785495,0.6288722114916768,0.4900251062461764,0.031486486486486484,0.5295596929321451,0.7021979193744173,0.8510355714421705,0.5295596929321451,0.17248457464898218,0.008324347638559413,0.004257478161122386,0.005633638367120569,-0.682531446949425,0.6214054054054055,0.9957425218388776,0.236322577154495,0.39946381298451855,0.9957425218388776
UNSW-NB15,RANDOM_LINF,10,5,2048,2,42.505497217178345,9.702986240386963,14.367439148812123,0.6942744012048778,0.9482015028233516,0.47044030706785495,0.6288722114916768,0.4900251062461764,0.031486486486486484,0.5295596929321451,0.7021979193744173,0.8510355714421705,0.5295596929321451,0.5506000097167566,0.5506000097167566,1.0,0.710176713873919,0.0,1.0,0.0,0.6062332160206619,0.6636458947617156,0.0
UNSW-NB15,RANDOM_L2,10,5,2048,2,42.505497217178345,9.663223505020142,14.367439148812123,0.6942744012048778,0.9482015028233516,0.47044030706785495,0.6288722114916768,0.4900251062461764,0.031486486486486484,0.5295596929321451,0.7021979193744173,0.8510355714421705,0.5295596929321451,0.5506000097167566,0.5506000097167566,1.0,0.710176713873919,0.0,1.0,0.0,0.5880416438122584,0.6416062400360107,0.0
UNSW-NB15,FGSM,10,5,2048,3,42.355956077575684,10.070259094238281,55.964873925083815,0.7321454598455036,0.950776499748267,0.5415600458837024,0.6900622601998511,0.5437971993557202,0.03435135135135135,0.45843995411629757,0.7238698005227499,0.8551459736528184,0.45843995411629757,0.1724967205946655,0.008367118088501681,0.004279537633459808,0.005662745555912315,-0.6824981016818185,0.6214054054054055,0.9957204623665402,0.24164732984992404,0.40096826775249467,0.9957204623665402
UNSW-NB15,RANDOM_LINF,10,5,2048,3,42.355956077575684,9.750300884246826,18.1545450128747,0.7321454598455036,0.950776499748267,0.5415600458837024,0.6900622601998511,0.5437971993557202,0.03435135135135135,0.45843995411629757,0.7238698005227499,0.8551459736528184,0.45843995411629757,0.5506000097167566,0.5506000097167566,1.0,0.710176713873919,0.0,1.0,0.0,0.6104114034951744,0.664463978939379,0.0
UNSW-NB15,RANDOM_L2,10,5,2048,3,42.355956077575684,9.787248611450195,18.1545450128747,0.7321454598455036,0.950776499748267,0.5415600458837024,0.6900622601998511,0.5437971993557202,0.03435135135135135,0.45843995411629757,0.7238698005227499,0.8551459736528184,0.45843995411629757,0.5506000097167566,0.5506000097167566,1.0,0.710176713873919,0.0,1.0,0.0,0.591083574993859,0.6437751184111931,0.0
UNSW-NB15,FGSM,10,10,1024,2,22.00091290473938,4.936279773712158,61.181557596074434,0.7843851722295098,0.9639973082099597,0.6320038824671314,0.7634706603421628,0.6246187175990775,0.02891891891891892,0.3679961175328686,0.8486904039506726,0.9125189652088057,0.3679961175328686,0.17256959626876547,0.008623663332183512,0.004411894467484338,0.0058373708481699845,-0.6822980613468399,0.6214054054054055,0.9955881055325156,0.16140408541427687,0.3781153667933004,0.9955881055325156
UNSW-NB15,RANDOM_LINF,10,10,1024,2,22.00091290473938,5.019686460494995,23.378516251275315,0.7843851722295098,0.9639973082099597,0.6320038824671314,0.7634706603421628,0.6246187175990775,0.02891891891891892,0.3679961175328686,0.8486904039506726,0.9125189652088057,0.3679961175328686,0.5506000097167566,0.5506000097167566,1.0,0.710176713873919,0.0,1.0,0.0,0.658796586326466,0.7125805955732283,0.0
UNSW-NB15,RANDOM_L2,10,10,1024,2,22.00091290473938,5.00133752822876,23.378516251275315,0.7843851722295098,0.9639973082099597,0.6320038824671314,0.7634706603421628,0.6246187175990775,0.02891891891891892,0.3679961175328686,0.8486904039506726,0.9125189652088057,0.3679961175328686,0.5506000097167566,0.5506000097167566,1.0,0.710176713873919,0.0,1.0,0.0,0.6366264299903892,0.6895472608985864,0.0
UNSW-NB15,FGSM,10,10,1024,3,22.219311237335205,5.174647808074951,61.83500947383763,0.7908589612787251,0.9603707464055284,0.6468499073502162,0.7730310419824689,0.6324560551485827,0.0327027027027027,0.3531500926497838,0.8803865460470618,0.9338262006483862,0.3531500926497838,0.17250886654034883,0.008409884849268986,0.004301597105797229,0.005691851895094791,-0.6824647579035792,0.6214054054054055,0.9956984028942027,0.2420971698889395,0.40108255603973236,0.9956984028942027
UNSW-NB15,RANDOM_LINF,10,10,1024,3,22.219311237335205,5.104143857955933,24.025895156196853,0.7908589612787251,0.9603707464055284,0.6468499073502162,0.7730310419824689,0.6324560551485827,0.0327027027027027,0.3531500926497838,0.8803865460470618,0.9338262006483862,0.3531500926497838,0.5506000097167566,0.5506000097167566,1.0,0.710176713873919,0.0,1.0,0.0,0.6347112403146993,0.6895592102181609,0.0
UNSW-NB15,RANDOM_L2,10,10,1024,3,22.219311237335205,5.086004734039307,24.025895156196853,0.7908589612787251,0.9603707464055284,0.6468499073502162,0.7730310419824689,0.6324560551485827,0.0327027027027027,0.3531500926497838,0.8803865460470618,0.9338262006483862,0.3531500926497838,0.5506000097167566,0.5506000097167566,1.0,0.710176713873919,0.0,1.0,0.0,0.6321732223046306,0.6819469486309369,0.0
UNSW-NB15,FGSM,10,10,2048,2,22.02430486679077,5.150279998779297,55.23368799494729,0.724894330272555,0.9549137585238668,0.5251477984646608,0.6776351370584384,0.5356504822745095,0.030378378378378378,0.4748522015353393,0.7684216465428635,0.8796301888555271,0.4748522015353393,0.17255745032308215,0.008580915010133241,0.004389834995146916,0.005808268756475928,-0.6823313976808363,0.6214054054054055,0.9956101650048531,0.15622968710128993,0.37669179364621447,0.9956101650048531
UNSW-NB15,RANDOM_LINF,10,10,2048,2,22.02430486679077,5.272074460983276,17.42943205557984,0.724894330272555,0.9549137585238668,0.5251477984646608,0.6776351370584384,0.5356504822745095,0.030378378378378378,0.4748522015353393,0.7684216465428635,0.8796301888555271,0.4748522015353393,0.5506000097167566,0.5506000097167566,1.0,0.710176713873919,0.0,1.0,0.0,0.6358334211737547,0.6949684124324478,0.0
UNSW-NB15,RANDOM_L2,10,10,2048,2,22.02430486679077,5.331326246261597,17.42943205557984,0.724894330272555,0.9549137585238668,0.5251477984646608,0.6776351370584384,0.5356504822745095,0.030378378378378378,0.4748522015353393,0.7684216465428635,0.8796301888555271,0.4748522015353393,0.5506000097167566,0.5506000097167566,1.0,0.710176713873919,0.0,1.0,0.0,0.6144026166707606,0.6716134695385857,0.0
UNSW-NB15,FGSM,10,10,2048,3,22.040437936782837,5.377333641052246,63.55851916630228,0.8080576203663217,0.9546140345475259,0.6839098208770846,0.7969001015306713,0.6555342644896024,0.039837837837837835,0.31609017912291537,0.8025910588189001,0.8894029279003305,0.31609017912291537,0.17247242870329885,0.008281573498964804,0.004235418688784964,0.005604530328682351,-0.6825647937065716,0.6214054054054055,0.995764581311215,0.22019390425235086,0.39475767913564025,0.995764581311215
UNSW-NB15,RANDOM_LINF,10,10,2048,3,22.040437936782837,5.285052299499512,25.745761064956508,0.8080576203663217,0.9546140345475259,0.6839098208770846,0.7969001015306713,0.6555342644896024,0.039837837837837835,0.31609017912291537,0.8025910588189001,0.8894029279003305,0.31609017912291537,0.5506000097167566,0.5506000097167566,1.0,0.710176713873919,0.0,1.0,0.0,0.651860098826436,0.7046406331017103,0.0
UNSW-NB15,RANDOM_L2,10,10,2048,3,22.040437936782837,5.258008718490601,25.745761064956508,0.8080576203663217,0.9546140345475259,0.6839098208770846,0.7969001015306713,0.6555342644896024,0.039837837837837835,0.31609017912291537,0.8025910588189001,0.8894029279003305,0.31609017912291537,0.5506000097167566,0.5506000097167566,1.0,0.710176713873919,0.0,1.0,0.0,0.623835845927106,0.6761193265510994,0.0
UNSW-NB15,FGSM,10,15,1024,2,15.653909921646118,3.7616121768951416,61.86537433804595,0.7941019287761745,0.9521700337773246,0.6591590929144975,0.7790233855619574,0.6335703791203193,0.04056756756756757,0.3408409070855025,0.9061569284032996,0.944316099571401,0.3408409070855025,0.1754481853957149,0.009780482503803522,0.00496338127591988,0.006585012511523772,-0.677021798764484,0.6156756756756757,0.9950366187240801,0.21054168822930405,0.39352806255406136,0.9950366187240801
UNSW-NB15,RANDOM_LINF,10,15,1024,2,15.653909921646118,3.6580121517181396,24.33926055482679,0.7941019287761745,0.9521700337773246,0.6591590929144975,0.7790233855619574,0.6335703791203193,0.04056756756756757,0.3408409070855025,0.9061569284032996,0.944316099571401,0.3408409070855025,0.5507093232279066,0.550660204317141,1.0,0.7102267831263953,0.011573433977134373,0.9997567567567568,0.0,0.7053561492865847,0.7557991562093892,0.0
UNSW-NB15,RANDOM_L2,10,15,1024,2,15.653909921646118,3.6645638942718506,24.34776271680512,0.7941019287761745,0.9521700337773246,0.6591590929144975,0.7790233855619574,0.6335703791203193,0.04056756756756757,0.3408409070855025,0.9061569284032996,0.944316099571401,0.3408409070855025,0.5506243016081233,0.5506133851572939,1.0,0.7101878397643778,0.005455537158170407,0.999945945945946,0.0,0.6747500307044006,0.7220476296217604,0.0
UNSW-NB15,FGSM,10,15,1024,3,15.858866930007935,6.832761764526367,59.99368410824466,0.7956444638779575,0.942999222999223,0.6693064501897115,0.7829228327763944,0.6318107236027798,0.04956756756756757,0.33069354981028853,0.8275381685510623,0.9039243238596258,0.33069354981028853,0.19570762279551085,0.017732625259755254,0.008470837377569929,0.01146491110215415,-0.6399581085646833,0.5748918918918919,0.9915291626224301,0.16940087278004204,0.37965033453155445,0.9915291626224301
UNSW-NB15,RANDOM_LINF,10,15,1024,3,15.858866930007935,3.7340404987335205,24.49472865957343,0.7956444638779575,0.942999222999223,0.6693064501897115,0.7829228327763944,0.6318107236027798,0.04956756756756757,0.33069354981028853,0.8275381685510623,0.9039243238596258,0.33069354981028853,0.5506971772822232,0.5506535153782615,1.0,0.7102212195274801,0.010911471923679488,0.9997837837837837,0.0,0.6744060042902692,0.7237954540326854,0.0
UNSW-NB15,RANDOM_L2,10,15,1024,3,15.858866930007935,3.719836711883545,24.49958703784676,0.7956444638779575,0.942999222999223,0.6693064501897115,0.7829228327763944,0.6318107236027798,0.04956756756756757,0.33069354981028853,0.8275381685510623,0.9039243238596258,0.33069354981028853,0.5506485934994899,0.5506279911571071,0.9999779405276625,0.7101944257312507,0.006589133573956782,0.9998648648648648,2.2059472337421688e-05,0.6550560668318544,0.7030972092870542,2.2059472337421688e-05
UNSW-NB15,FGSM,10,15,2048,2,15.789926528930664,3.7181291580200195,65.46057426031192,0.8279891172326678,0.9657243605068133,0.7128959675284567,0.8202700644702777,0.6905898896125724,0.031,0.28710403247154326,0.9052741494582909,0.9435431528057262,0.28710403247154326,0.17338337462954867,0.011815252416756176,0.006066354892790965,0.00801667468334135,-0.6799701028152473,0.6216216216216216,0.993933645107209,0.13414837201094149,0.37060148143067634,0.993933645107209
UNSW-NB15,RANDOM_LINF,10,15,2048,2,15.789926528930664,3.8622162342071533,27.732837778749452,0.8279891172326678,0.9657243605068133,0.7128959675284567,0.8202700644702777,0.6905898896125724,0.031,0.28710403247154326,0.9052741494582909,0.9435431528057262,0.28710403247154326,0.5506607394451732,0.550633449536604,1.0,0.710204529253715,0.008626118803555547,0.9998648648648648,0.0,0.6249238590483186,0.6804879243343525,0.0
UNSW-NB15,RANDOM_L2,10,15,2048,2,15.789926528930664,3.8308637142181396,27.73162318418112,0.8279891172326678,0.9657243605068133,0.7128959675284567,0.8202700644702777,0.6905898896125724,0.031,0.28710403247154326,0.9052741494582909,0.9435431528057262,0.28710403247154326,0.5506728853908566,0.5506401379879989,1.0,0.710210092591142,0.009449497095052477,0.9998378378378379,0.0,0.6100119443099679,0.6630405125100225,0.0
UNSW-NB15,FGSM,10,15,2048,3,15.627427339553833,3.9609498977661133,62.57591216052082,0.801790312393723,0.9565956375310818,0.67043148327892,0.7883480539019234,0.6469851830936793,0.03727027027027027,0.32956851672108,0.8500321188898242,0.9240144942424132,0.32956851672108,0.17603119078851479,0.02674628874216746,0.014029824406600194,0.01840517428484612,-0.6711160328383683,0.6254864864864865,0.9859701755933998,0.16130351359698178,0.3779664317421907,0.9859701755933998
UNSW-NB15,RANDOM_LINF,10,15,2048,3,15.627427339553833,3.896770715713501,25.112957294854976,0.801790312393723,0.9565956375310818,0.67043148327892,0.7883480539019234,0.6469851830936793,0.03727027027027027,0.32956851672108,0.8500321188898242,0.9240144942424132,0.32956851672108,0.5506607394451732,0.550633449536604,1.0,0.710204529253715,0.008626118803555547,0.9998648648648648,0.0,0.6761659262832055,0.7295427254371215,0.0
UNSW-NB15,RANDOM_L2,10,15,2048,3,15.627427339553833,3.7807438373565674,25.11417188942331,0.801790312393723,0.9565956375310818,0.67043148327892,0.7883480539019234,0.6469851830936793,0.03727027027027027,0.32956851672108,0.8500321188898242,0.9240144942424132,0.32956851672108,0.5506485934994899,0.5506267612476922,1.0,0.7101989660034467,0.007715388352648423,0.9998918918918919,0.0,0.6620859687447087,0.710613727085308,0.0
UNSW-NB15,FGSM,10,20,1024,2,12.505617141723633,2.970545530319214,58.021182529271734,0.7996526259534568,0.9552012628255723,0.6674313950410307,0.7857986936252549,0.6431779769587179,0.03835135135135135,0.3325686049589694,0.8468389208386893,0.9148185680563775,0.3325686049589694,0.21944080066073945,0.14744329820118432,0.08733345098385246,0.10969341811783938,-0.5638289219599273,0.6187027027027027,0.9126665490161475,0.16844640531955235,0.38029417941611593,0.9126665490161475
UNSW-NB15,RANDOM_LINF,10,20,1024,2,12.505617141723633,2.972111701965332,24.856677840936705,0.7996526259534568,0.9552012628255723,0.6674313950410307,0.7857986936252549,0.6431779769587179,0.03835135135135135,0.3325686049589694,0.8468389208386893,0.9148185680563775,0.3325686049589694,0.5510858475440897,0.5508713511411418,0.9999338215829877,0.7103856822705261,0.023070952423963932,0.9988378378378379,6.617841701226507e-05,0.6535804824943182,0.7018072624153335,6.617841701226507e-05
UNSW-NB15,RANDOM_L2,10,20,1024,2,12.505617141723633,2.9257264137268066,24.8676091920517,0.7996526259534568,0.9552012628255723,0.6674313950410307,0.7857986936252549,0.6431779769587179,0.03835135135135135,0.3325686049589694,0.8468389208386893,0.9148185680563775,0.3325686049589694,0.5509765340329398,0.5508172814000122,0.9998235242213006,0.7103128893485977,0.018275947424259305,0.998945945945946,0.0001764757786993735,0.6376153620972953,0.6844559446487698,0.0001764757786993735
UNSW-NB15,FGSM,10,20,1024,3,12.23691463470459,3.641873359680176,59.7969197881747,0.8208837390079191,0.951839267247747,0.7106459013500397,0.8137464162572464,0.6739123007795671,0.044054054054054055,0.2893540986499603,0.908747877222939,0.9452053468396353,0.2893540986499603,0.2229145411261721,0.08692570112090736,0.043280684726021354,0.05778831568561035,-0.5728552118796303,0.557,0.9567193152739787,0.27555886778863925,0.41162295662989645,0.9567193152739787
UNSW-NB15,RANDOM_LINF,10,20,1024,3,12.23691463470459,2.969146251678467,26.904484283146278,0.8208837390079191,0.951839267247747,0.7106459013500397,0.8137464162572464,0.6739123007795671,0.044054054054054055,0.2893540986499603,0.908747877222939,0.9452053468396353,0.2893540986499603,0.5518388961764563,0.5513191841503189,0.9993602753022147,0.7106130003764588,0.03276434880016354,0.9964594594594595,0.000639724697785229,0.7140298369268412,0.7668964407148025,0.000639724697785229
UNSW-NB15,RANDOM_L2,10,20,1024,3,12.23691463470459,3.3219566345214844,26.954282660447937,0.8208837390079191,0.951839267247747,0.7106459013500397,0.8137464162572464,0.6739123007795671,0.044054054054054055,0.2893540986499603,0.908747877222939,0.9452053468396353,0.2893540986499603,0.5513409124034397,0.551064114576362,0.999007323744816,0.7103118897681021,0.021766004585791945,0.9971351351351352,0.000992676255183976,0.6901006582665785,0.7393578576169246,0.000992676255183976
UNSW-NB15,FGSM,10,20,2048,2,12.423943042755127,8.85824465751648,48.05179031239371,0.7946484963319244,0.9503755109801312,0.6615856348716139,0.7801115894341193,0.6335843315362399,0.04232432432432433,0.33841436512838613,0.8219987330708454,0.9037397745654189,0.33841436512838613,0.3141305932079872,0.22220004988775255,0.09825288979087621,0.13625586980130627,-0.37451807453376457,0.4213783783783784,0.9017471102091238,0.24807759747305763,0.40007867408900866,0.9017471102091238
UNSW-NB15,RANDOM_LINF,10,20,2048,2,12.423943042755127,2.9999423027038574,24.237234611086812,0.7946484963319244,0.9503755109801312,0.6615856348716139,0.7801115894341193,0.6335843315362399,0.04232432432432433,0.33841436512838613,0.8219987330708454,0.9037397745654189,0.33841436512838613,0.5522761502210563,0.5515344739467984,0.9998235242213006,0.710908948317779,0.043395577121242805,0.996054054054054,0.0001764757786993735,0.6667592527562416,0.7176476787004433,0.0001764757786993735
UNSW-NB15,RANDOM_L2,10,20,2048,2,12.423943042755127,3.0824084281921387,24.27488704270514,0.7946484963319244,0.9503755109801312,0.6615856348716139,0.7801115894341193,0.6335843315362399,0.04232432432432433,0.33841436512838613,0.8219987330708454,0.9037397745654189,0.33841436512838613,0.551899625904873,0.551357733175915,0.9992720374128651,0.7106227106227107,0.03319560722125558,0.9962162162162163,0.0007279625871349157,0.6494520775849528,0.6971198394108109,0.0007279625871349157
UNSW-NB15,FGSM,10,20,2048,3,12.408194780349731,8.67447018623352,49.836029733275026,0.8032478258757226,0.9463185954591414,0.6813068031412689,0.7922379407200297,0.6446894746043093,0.04735135135135135,0.31869319685873115,0.886503092499541,0.9367024133973666,0.31869319685873115,0.30488752854297235,0.27755758300927313,0.1637474631606812,0.20597702425217826,-0.38073092661836117,0.5221891891891892,0.8362525368393188,0.2576803633135474,0.4041872223847269,0.8362525368393188
UNSW-NB15,RANDOM_LINF,10,20,2048,3,12.408194780349731,3.137349843978882,25.205266482048284,0.8032478258757226,0.9463185954591414,0.6813068031412689,0.7922379407200297,0.6446894746043093,0.04735135135135135,0.31869319685873115,0.886503092499541,0.9367024133973666,0.31869319685873115,0.5511951610552398,0.5509303710545825,0.9999558810553252,0.7104403225427275,0.026167434576220488,0.9986216216216216,4.4118944674843376e-05,0.6891985447902682,0.7367748543138215,4.4118944674843376e-05
UNSW-NB15,RANDOM_L2,10,20,2048,3,12.408194780349731,3.141561985015869,25.23684594082495,0.8032478258757226,0.9463185954591414,0.6813068031412689,0.7922379407200297,0.6446894746043093,0.04735135135135135,0.31869319685873115,0.886503092499541,0.9367024133973666,0.31869319685873115,0.5508793664674732,0.5507600335362519,0.9998897026383129,0.7102819847842609,0.0160653541796007,0.9992432432432432,0.00011029736168710845,0.6633038307764219,0.7075831361148062,0.00011029736168710845
UNSW-NB15,FGSM,16,10,2048,2,150.72091180016287,8.801822899840772,64.05893212845551,0.8010858475440897,0.9469053866337398,0.6766743139504103,0.789301015091281,0.6416867858340449,0.046486486486486484,0.32332568604958967,0.8703828311126799,0.9228642655455707,0.32332568604958967,0.16049652625953456,0.02895278833967047,0.016125474278655256,0.020714083309719467,-0.6974266743210117,0.6626216216216216,0.9838745257213447,0.1425362344719201,0.3732420233204253,0.9838745257213447
UNSW-NB15,RANDOM_LINF,16,10,2048,2,150.72091180016287,8.685288999928162,25.048583782733314,0.8010858475440897,0.9469053866337398,0.6766743139504103,0.789301015091281,0.6416867858340449,0.046486486486486484,0.32332568604958967,0.8703828311126799,0.9228642655455707,0.32332568604958967,0.5506000097167566,0.5506000097167566,1.0,0.710176713873919,0.0,1.0,0.0,0.6675315516036641,0.7195058062524187,0.0
UNSW-NB15,RANDOM_L2,16,10,2048,2,150.72091180016287,8.605766199994832,25.048583782733314,0.8010858475440897,0.9469053866337398,0.6766743139504103,0.789301015091281,0.6416867858340449,0.046486486486486484,0.32332568604958967,0.8703828311126799,0.9228642655455707,0.32332568604958967,0.5506000097167566,0.5506000097167566,1.0,0.710176713873919,0.0,1.0,0.0,0.6453307534681068,0.6962306254783667,0.0
UNSW-NB15,FGSM,16,20,2048,2,85.02024829993024,4.66317979991436,64.46703590341545,0.8061142690569888,0.9450792592368078,0.6878364069531456,0.7961953399297798,0.6484929493113468,0.04897297297297297,0.3121635930468543,0.835857778110326,0.9083871501184099,0.3121635930468543,0.16144391002283437,0.03186952057499408,0.017801994176299303,0.02284371727007671,-0.6949933035309966,0.6625675675675675,0.9821980058237006,0.20492350937587192,0.3961961994650842,0.9821980058237006
UNSW-NB15,RANDOM_LINF,16,20,2048,2,85.02024829993024,4.67306869989261,25.538065393771557,0.8061142690569888,0.9450792592368078,0.6878364069531456,0.7961953399297798,0.6484929493113468,0.04897297297297297,0.3121635930468543,0.835857778110326,0.9083871501184099,0.3121635930468543,0.5507336151192732,0.5506760450453734,0.9999558810553252,0.7102288306214698,0.011323480283384172,0.9996486486486487,4.4118944674843376e-05,0.6879934077949829,0.7344189720834307,4.4118944674843376e-05
UNSW-NB15,RANDOM_L2,16,20,2048,2,85.02024829993024,4.644272499950603,25.51620269154157,0.8061142690569888,0.9450792592368078,0.6878364069531456,0.7961953399297798,0.6484929493113468,0.04897297297297297,0.3121635930468543,0.835857778110326,0.9083871501184099,0.3121635930468543,0.5509522421415731,0.5507964859840339,0.9999558810553252,0.7103289953067828,0.019724943646816897,0.9991621621621621,4.4118944674843376e-05,0.6740388127472747,0.7196500513416071,4.4118944674843376e-05
UNSW-NB15,FGSM,32,10,2048,2,312.7818281999789,23.936162900179625,65.71928290336686,0.8174950201622698,0.9407504363001745,0.7134695138092297,0.8114963869931754,0.6641207088390177,0.05505405405405405,0.2865304861907703,0.9091885569170157,0.9457352572101762,0.2865304861907703,0.16030219112860128,0.028299643281807372,0.015750463248919086,0.020237521612199202,-0.6979409162184623,0.6625945945945946,0.984249536751081,0.14830387400106362,0.37544214738658666,0.984249536751081
UNSW-NB15,RANDOM_LINF,32,10,2048,2,312.7818281999789,22.171711100498214,26.68950104455132,0.8174950201622698,0.9407504363001745,0.7134695138092297,0.8114963869931754,0.6641207088390177,0.05505405405405405,0.2865304861907703,0.9091885569170157,0.9457352572101762,0.2865304861907703,0.5506000097167566,0.5506000097167566,1.0,0.710176713873919,0.0,1.0,0.0,0.6771722263492645,0.7335462921965348,0.0
UNSW-NB15,RANDOM_L2,32,10,2048,2,312.7818281999789,21.862777800299227,26.68950104455132,0.8174950201622698,0.9407504363001745,0.7134695138092297,0.8114963869931754,0.6641207088390177,0.05505405405405405,0.2865304861907703,0.9091885569170157,0.9457352572101762,0.2865304861907703,0.5506000097167566,0.5506000097167566,1.0,0.710176713873919,0.0,1.0,0.0,0.6623927757612903,0.7165383714034106,0.0
UNSW-NB15,FGSM,32,20,2048,2,152.09281890001148,8.745523699792102,67.3723461108682,0.8343050089879998,0.9253234551994417,0.7604341304156005,0.8348146174896471,0.6848261972484182,0.0751891891891892,0.23956586958439954,0.9124647728112831,0.9475780112368065,0.23956586958439954,0.1605815478793179,0.029184651328555022,0.016257831112679786,0.020882623786923567,-0.697216239299478,0.6625945945945946,0.9837421688873202,0.1640945376573079,0.37950661390415147,0.9837421688873202
UNSW-NB15,RANDOM_LINF,32,20,2048,2,152.09281890001148,8.9781403997913,28.369285332555982,0.8343050089879998,0.9253234551994417,0.7604341304156005,0.8348146174896471,0.6848261972484182,0.0751891891891892,0.23956586958439954,0.9124647728112831,0.9475780112368065,0.23956586958439954,0.5506121556624399,0.5506066973557955,1.0,0.7101822767755732,0.003857623891814387,0.9999729729729729,0.0,0.7299075132774175,0.7831800857702991,0.0
UNSW-NB15,RANDOM_L2,32,20,2048,2,152.09281890001148,8.902839499991387,28.36807073798765,0.8343050089879998,0.9253234551994417,0.7604341304156005,0.8348146174896471,0.6848261972484182,0.0751891891891892,0.23956586958439954,0.9124647728112831,0.9475780112368065,0.23956586958439954,0.5506243016081233,0.5506133851572939,1.0,0.7101878397643778,0.005455537158170407,0.999945945945946,0.0,0.7115038699468905,0.7630292543881436,0.0
UNSW-NB15,C&W,16,10,2048,2,148.87531520007178,75.8778002995532,0.0,0.8010858475440897,0.9469053866337398,0.6766743139504103,0.789301015091281,0.6416867858340449,0.046486486486486484,0.32332568604958967,0.8703828311126799,0.9228642655455707,0.32332568604958967,0.8010858475440897,0.9469053866337398,0.6766743139504103,0.789301015091281,0.6416867858340449,0.046486486486486484,0.32332568604958967,0.8703828311126799,0.9228642655455707,0.32332568604958967
UNSW-NB15,C&W,16,20,2048,2,84.0319628000725,42.09738080017269,0.0,0.8061142690569888,0.9450792592368078,0.6878364069531456,0.7961953399297798,0.6484929493113468,0.04897297297297297,0.3121635930468543,0.835857778110326,0.9083871501184099,0.3121635930468543,0.8061142690569888,0.9450792592368078,0.6878364069531456,0.7961953399297798,0.6484929493113468,0.04897297297297297,0.3121635930468543,0.835857778110326,0.9083871501184099,0.3121635930468543
UNSW-NB15,C&W,32,10,2048,2,290.19303109985776,143.8861675998196,0.0,0.8174950201622698,0.9407504363001745,0.7134695138092297,0.8114963869931754,0.6641207088390177,0.05505405405405405,0.2865304861907703,0.9091885569170157,0.9457352572101762,0.2865304861907703,0.8174950201622698,0.9407504363001745,0.7134695138092297,0.8114963869931754,0.6641207088390177,0.05505405405405405,0.2865304861907703,0.9091885569170157,0.9457352572101762,0.2865304861907703
UNSW-NB15,C&W,32,20,2048,2,155.43414140003733,69.60827539977618,0.0,0.8343050089879998,0.9253234551994417,0.7604341304156005,0.8348146174896471,0.6848261972484182,0.0751891891891892,0.23956586958439954,0.9124647728112831,0.9475780112368065,0.23956586958439954,0.8343050089879998,0.9253234551994417,0.7604341304156005,0.8348146174896471,0.6848261972484182,0.0751891891891892,0.23956586958439954,0.9124647728112831,0.9475780112368065,0.23956586958439954
UNSW-NB15,C&W,1,5,1024,2,29.794750300003216,21.53159280004911,0.0,0.5669484526065199,0.9724663151728178,0.21971234448072002,0.3584409975888005,0.3196649909659192,0.007621621621621622,0.78028765551928,0.6038230913786813,0.8193137799288664,0.78028765551928,0.5669484526065199,0.9724663151728178,0.21971234448072002,0.3584409975888005,0.3196649909659192,0.007621621621621622,0.78028765551928,0.6038230913786813,0.8193137799288664,0.78028765551928
UNSW-NB15,C&W,1,5,1024,3,29.599606999894604,21.423239399911836,0.0,0.5669484526065199,0.9724663151728178,0.21971234448072002,0.3584409975888005,0.3196649909659192,0.007621621621621622,0.78028765551928,0.6038230913786813,0.8193137799288664,0.78028765551928,0.5669484526065199,0.9724663151728178,0.21971234448072002,0.3584409975888005,0.3196649909659192,0.007621621621621622,0.78028765551928,0.6038230913786813,0.8193137799288664,0.78028765551928
UNSW-NB15,C&W,1,5,2048,2,29.66366339987144,21.21862329961732,0.0,0.5669484526065199,0.9724663151728178,0.21971234448072002,0.3584409975888005,0.3196649909659192,0.007621621621621622,0.78028765551928,0.6038230913786813,0.8193137799288664,0.78028765551928,0.5669484526065199,0.9724663151728178,0.21971234448072002,0.3584409975888005,0.3196649909659192,0.007621621621621622,0.78028765551928,0.6038230913786813,0.8193137799288664,0.78028765551928
UNSW-NB15,C&W,1,5,2048,3,29.616311399964616,21.18448769999668,0.0,0.5669484526065199,0.9724663151728178,0.21971234448072002,0.3584409975888005,0.3196649909659192,0.007621621621621622,0.78028765551928,0.6038230913786813,0.8193137799288664,0.78028765551928,0.5669484526065199,0.9724663151728178,0.21971234448072002,0.3584409975888005,0.3196649909659192,0.007621621621621622,0.78028765551928,0.6038230913786813,0.8193137799288664,0.78028765551928
UNSW-NB15,C&W,1,10,1024,2,21.864475399954244,11.693098199786618,0.0,0.5671306417917699,0.9725065808715999,0.22004323656578134,0.3588839518609797,0.3199628120818747,0.007621621621621622,0.7799567634342186,0.6041482939084855,0.819433165345671,0.7799567634342186,0.5671306417917699,0.9725065808715999,0.22004323656578134,0.3588839518609797,0.3199628120818747,0.007621621621621622,0.7799567634342186,0.6041482939084855,0.819433165345671,0.7799567634342186
UNSW-NB15,C&W,1,10,1024,3,24.622049399884418,12.117696800036356,0.0,0.5671306417917699,0.9725065808715999,0.22004323656578134,0.3588839518609797,0.3199628120818747,0.007621621621621622,0.7799567634342186,0.6041482939084855,0.819433165345671,0.7799567634342186,0.5671306417917699,0.9725065808715999,0.22004323656578134,0.3588839518609797,0.3199628120818747,0.007621621621621622,0.7799567634342186,0.6041482939084855,0.819433165345671,0.7799567634342186
UNSW-NB15,C&W,1,10,2048,2,22.099184199934825,11.778038800228387,0.0,0.5671306417917699,0.9725065808715999,0.22004323656578134,0.3588839518609797,0.3199628120818747,0.007621621621621622,0.7799567634342186,0.6041482939084855,0.819433165345671,0.7799567634342186,0.5671306417917699,0.9725065808715999,0.22004323656578134,0.3588839518609797,0.3199628120818747,0.007621621621621622,0.7799567634342186,0.6041482939084855,0.819433165345671,0.7799567634342186
UNSW-NB15,C&W,1,10,2048,3,25.023432899964973,12.35133139998652,0.0,0.5671306417917699,0.9725065808715999,0.22004323656578134,0.3588839518609797,0.3199628120818747,0.007621621621621622,0.7799567634342186,0.6041482939084855,0.819433165345671,0.7799567634342186,0.5671306417917699,0.9725065808715999,0.22004323656578134,0.3588839518609797,0.3199628120818747,0.007621621621621622,0.7799567634342186,0.6041482939084855,0.819433165345671,0.7799567634342186
UNSW-NB15,C&W,1,15,1024,2,20.614756500115618,8.751817599870265,0.0,0.5669484526065199,0.9724663151728178,0.21971234448072002,0.3584409975888005,0.3196649909659192,0.007621621621621622,0.78028765551928,0.6038230913786813,0.8193137799288664,0.78028765551928,0.5669484526065199,0.9724663151728178,0.21971234448072002,0.3584409975888005,0.3196649909659192,0.007621621621621622,0.78028765551928,0.6038230913786813,0.8193137799288664,0.78028765551928
UNSW-NB15,C&W,1,15,1024,3,19.190258000046015,8.468280000146478,0.0,0.5669484526065199,0.9724663151728178,0.21971234448072002,0.3584409975888005,0.3196649909659192,0.007621621621621622,0.78028765551928,0.6038230913786813,0.8193137799288664,0.78028765551928,0.5669484526065199,0.9724663151728178,0.21971234448072002,0.3584409975888005,0.3196649909659192,0.007621621621621622,0.78028765551928,0.6038230913786813,0.8193137799288664,0.78028765551928
UNSW-NB15,C&W,1,15,2048,2,20.70334600005299,8.42521629971452,0.0,0.5669484526065199,0.9724663151728178,0.21971234448072002,0.3584409975888005,0.3196649909659192,0.007621621621621622,0.78028765551928,0.6038230913786813,0.8193137799288664,0.78028765551928,0.5669484526065199,0.9724663151728178,0.21971234448072002,0.3584409975888005,0.3196649909659192,0.007621621621621622,0.78028765551928,0.6038230913786813,0.8193137799288664,0.78028765551928
UNSW-NB15,C&W,1,15,2048,3,19.07161709992215,8.635728599969298,0.0,0.5669484526065199,0.9724663151728178,0.21971234448072002,0.3584409975888005,0.3196649909659192,0.007621621621621622,0.78028765551928,0.6038230913786813,0.8193137799288664,0.78028765551928,0.5669484526065199,0.9724663151728178,0.21971234448072002,0.3584409975888005,0.3196649909659192,0.007621621621621622,0.78028765551928,0.6038230913786813,0.8193137799288664,0.78028765551928
UNSW-NB15,C&W,1,20,1024,2,17.945184900192544,6.995697599835694,0.0,0.5670942039547199,0.9718543046357616,0.22013147445513104,0.3589568345323741,0.3196637963151445,0.0078108108108108105,0.779868525544869,0.6040052143822989,0.8190200002206341,0.779868525544869,0.5670942039547199,0.9718543046357616,0.22013147445513104,0.3589568345323741,0.3196637963151445,0.0078108108108108105,0.779868525544869,0.6040052143822989,0.8190200002206341,0.779868525544869
UNSW-NB15,C&W,1,20,1024,3,18.46723169996403,7.039525100030005,0.0,0.5670942039547199,0.9718543046357616,0.22013147445513104,0.3589568345323741,0.3196637963151445,0.0078108108108108105,0.779868525544869,0.6040052143822989,0.8190200002206341,0.779868525544869,0.5670942039547199,0.9718543046357616,0.22013147445513104,0.3589568345323741,0.3196637963151445,0.0078108108108108105,0.779868525544869,0.6040052143822989,0.8190200002206341,0.779868525544869
UNSW-NB15,C&W,1,20,2048,2,17.92771690012887,6.903455599909648,0.0,0.5670942039547199,0.9718543046357616,0.22013147445513104,0.3589568345323741,0.3196637963151445,0.0078108108108108105,0.779868525544869,0.6040052143822989,0.8190200002206341,0.779868525544869,0.5670942039547199,0.9718543046357616,0.22013147445513104,0.3589568345323741,0.3196637963151445,0.0078108108108108105,0.779868525544869,0.6040052143822989,0.8190200002206341,0.779868525544869
UNSW-NB15,C&W,1,20,2048,3,17.884924200130627,7.025751299923286,0.0,0.5670942039547199,0.9718543046357616,0.22013147445513104,0.3589568345323741,0.3196637963151445,0.0078108108108108105,0.779868525544869,0.6040052143822989,0.8190200002206341,0.779868525544869,0.5670942039547199,0.9718543046357616,0.22013147445513104,0.3589568345323741,0.3196637963151445,0.0078108108108108105,0.779868525544869,0.6040052143822989,0.8190200002206341,0.779868525544869
UNSW-NB15,C&W,2,5,1024,2,45.91367649985477,38.39500689995475,0.0,0.6226619054559588,0.9563631710282168,0.329722933027442,0.4903790948311215,0.39484886219418003,0.018432432432432432,0.6702770669725581,0.6248242718585522,0.8203066642749455,0.6702770669725581,0.6226619054559588,0.9563631710282168,0.329722933027442,0.4903790948311215,0.39484886219418003,0.018432432432432432,0.6702770669725581,0.6248242718585522,0.8203066642749455,0.6702770669725581
UNSW-NB15,C&W,2,5,1024,3,46.410445200046524,39.277215499896556,0.0,0.6226619054559588,0.9563631710282168,0.329722933027442,0.4903790948311215,0.39484886219418003,0.018432432432432432,0.6702770669725581,0.6248242718585522,0.8203066642749455,0.6702770669725581,0.6226619054559588,0.9563631710282168,0.329722933027442,0.4903790948311215,0.39484886219418003,0.018432432432432432,0.6702770669725581,0.6248242718585522,0.8203066642749455,0.6702770669725581
UNSW-NB15,C&W,2,5,2048,2,45.886806699912995,38.384820899926126,0.0,0.6226619054559588,0.9563631710282168,0.329722933027442,0.4903790948311215,0.39484886219418003,0.018432432432432432,0.6702770669725581,0.6248242718585522,0.8203066642749455,0.6702770669725581,0.6226619054559588,0.9563631710282168,0.329722933027442,0.4903790948311215,0.39484886219418003,0.018432432432432432,0.6702770669725581,0.6248242718585522,0.8203066642749455,0.6702770669725581
UNSW-NB15,C&W,2,5,2048,3,47.00445529981516,38.5868372998666,0.0,0.6226619054559588,0.9563631710282168,0.329722933027442,0.4903790948311215,0.39484886219418003,0.018432432432432432,0.6702770669725581,0.6248242718585522,0.8203066642749455,0.6702770669725581,0.6226619054559588,0.9563631710282168,0.329722933027442,0.4903790948311215,0.39484886219418003,0.018432432432432432,0.6702770669725581,0.6248242718585522,0.8203066642749455,0.6702770669725581
UNSW-NB15,C&W,2,10,1024,2,29.79467110009864,17.986753299832344,0.0,0.7798304425982607,0.9753625720775817,0.6156798729374393,0.754864970857506,0.6232360915761213,0.019054054054054054,0.3843201270625607,0.6569085453030018,0.8365653621907903,0.3843201270625607,0.7798304425982607,0.9753625720775817,0.6156798729374393,0.754864970857506,0.6232360915761213,0.019054054054054054,0.3843201270625607,0.6569085453030018,0.8365653621907903,0.3843201270625607
UNSW-NB15,C&W,2,10,1024,3,35.366539400070906,18.493481199722737,0.0,0.7798304425982607,0.9753625720775817,0.6156798729374393,0.754864970857506,0.6232360915761213,0.019054054054054054,0.3843201270625607,0.6569085453030018,0.8365653621907903,0.3843201270625607,0.7798304425982607,0.9753625720775817,0.6156798729374393,0.754864970857506,0.6232360915761213,0.019054054054054054,0.3843201270625607,0.6569085453030018,0.8365653621907903,0.3843201270625607
UNSW-NB15,C&W,2,10,2048,2,29.626636400120333,18.21462930017151,0.0,0.7798304425982607,0.9753625720775817,0.6156798729374393,0.754864970857506,0.6232360915761213,0.019054054054054054,0.3843201270625607,0.6569085453030018,0.8365653621907903,0.3843201270625607,0.7798304425982607,0.9753625720775817,0.6156798729374393,0.754864970857506,0.6232360915761213,0.019054054054054054,0.3843201270625607,0.6569085453030018,0.8365653621907903,0.3843201270625607
UNSW-NB15,C&W,2,10,2048,3,36.08587049995549,18.579816200304776,0.0,0.7798304425982607,0.9753625720775817,0.6156798729374393,0.754864970857506,0.6232360915761213,0.019054054054054054,0.3843201270625607,0.6569085453030018,0.8365653621907903,0.3843201270625607,0.7798304425982607,0.9753625720775817,0.6156798729374393,0.754864970857506,0.6232360915761213,0.019054054054054054,0.3843201270625607,0.6569085453030018,0.8365653621907903,0.3843201270625607
UNSW-NB15,C&W,2,15,1024,2,28.304599900031462,14.433193099917844,0.0,0.6227833649127921,0.9563910735980562,0.3299435277508162,0.4906266913778682,0.3950319343856775,0.018432432432432432,0.6700564722491839,0.624918652118544,0.8203349718396827,0.6700564722491839,0.6227833649127921,0.9563910735980562,0.3299435277508162,0.4906266913778682,0.3950319343856775,0.018432432432432432,0.6700564722491839,0.624918652118544,0.8203349718396827,0.6700564722491839
UNSW-NB15,C&W,2,15,1024,3,25.712194099789485,14.088792799971998,0.0,0.6227833649127921,0.9563910735980562,0.3299435277508162,0.4906266913778682,0.3950319343856775,0.018432432432432432,0.6700564722491839,0.624918652118544,0.8203349718396827,0.6700564722491839,0.6227833649127921,0.9563910735980562,0.3299435277508162,0.4906266913778682,0.3950319343856775,0.018432432432432432,0.6700564722491839,0.624918652118544,0.8203349718396827,0.6700564722491839
UNSW-NB15,C&W,2,15,2048,2,24.727805599803105,13.954551099799573,0.0,0.6227833649127921,0.9563910735980562,0.3299435277508162,0.4906266913778682,0.3950319343856775,0.018432432432432432,0.6700564722491839,0.624918652118544,0.8203349718396827,0.6700564722491839,0.6227833649127921,0.9563910735980562,0.3299435277508162,0.4906266913778682,0.3950319343856775,0.018432432432432432,0.6700564722491839,0.624918652118544,0.8203349718396827,0.6700564722491839
UNSW-NB15,C&W,2,15,2048,3,25.235838300082833,14.235946099972352,0.0,0.6227833649127921,0.9563910735980562,0.3299435277508162,0.4906266913778682,0.3950319343856775,0.018432432432432432,0.6700564722491839,0.624918652118544,0.8203349718396827,0.6700564722491839,0.6227833649127921,0.9563910735980562,0.3299435277508162,0.4906266913778682,0.3950319343856775,0.018432432432432432,0.6700564722491839,0.624918652118544,0.8203349718396827,0.6700564722491839
UNSW-NB15,C&W,2,20,1024,2,22.119890299858525,10.839829599484801,0.0,0.6426784239420882,0.9650476357472675,0.3642239477631695,0.5288512355663747,0.42672388018966717,0.016162162162162163,0.6357760522368305,0.6933830302441327,0.8553707075534442,0.6357760522368305,0.6426784239420882,0.9650476357472675,0.3642239477631695,0.5288512355663747,0.42672388018966717,0.016162162162162163,0.6357760522368305,0.6933830302441327,0.8553707075534442,0.6357760522368305
UNSW-NB15,C&W,2,20,1024,3,22.275613900041208,10.90991559997201,0.0,0.6426784239420882,0.9650476357472675,0.3642239477631695,0.5288512355663747,0.42672388018966717,0.016162162162162163,0.6357760522368305,0.6933830302441327,0.8553707075534442,0.6357760522368305,0.6426784239420882,0.9650476357472675,0.3642239477631695,0.5288512355663747,0.42672388018966717,0.016162162162162163,0.6357760522368305,0.6933830302441327,0.8553707075534442,0.6357760522368305
UNSW-NB15,C&W,2,20,2048,2,22.469248299952596,10.714162500109524,0.0,0.6426784239420882,0.9650476357472675,0.3642239477631695,0.5288512355663747,0.42672388018966717,0.016162162162162163,0.6357760522368305,0.6933830302441327,0.8553707075534442,0.6357760522368305,0.6426784239420882,0.9650476357472675,0.3642239477631695,0.5288512355663747,0.42672388018966717,0.016162162162162163,0.6357760522368305,0.6933830302441327,0.8553707075534442,0.6357760522368305
UNSW-NB15,C&W,2,20,2048,3,23.298665300011635,10.872524099657312,0.0,0.6426784239420882,0.9650476357472675,0.3642239477631695,0.5288512355663747,0.42672388018966717,0.016162162162162163,0.6357760522368305,0.6933830302441327,0.8553707075534442,0.6357760522368305,0.6426784239420882,0.9650476357472675,0.3642239477631695,0.5288512355663747,0.42672388018966717,0.016162162162162163,0.6357760522368305,0.6933830302441327,0.8553707075534442,0.6357760522368305
UNSW-NB15,C&W,4,5,1024,2,80.9457010999322,69.45383440004662,0.0,0.6723874070835155,0.962699732849438,0.42131386217241684,0.5861195930705375,0.4667796219509,0.02,0.5786861378275832,0.6698591624912656,0.8386353136050165,0.5786861378275832,0.6723874070835155,0.962699732849438,0.42131386217241684,0.5861195930705375,0.4667796219509,0.02,0.5786861378275832,0.6698591624912656,0.8386353136050165,0.5786861378275832
UNSW-NB15,C&W,4,5,1024,3,79.16876230016351,70.4341041999869,0.0,0.6723874070835155,0.962699732849438,0.42131386217241684,0.5861195930705375,0.4667796219509,0.02,0.5786861378275832,0.6698591624912656,0.8386353136050165,0.5786861378275832,0.6723874070835155,0.962699732849438,0.42131386217241684,0.5861195930705375,0.4667796219509,0.02,0.5786861378275832,0.6698591624912656,0.8386353136050165,0.5786861378275832
UNSW-NB15,C&W,4,5,2048,2,79.68812549998984,68.9946105000563,0.0,0.6723874070835155,0.962699732849438,0.42131386217241684,0.5861195930705375,0.4667796219509,0.02,0.5786861378275832,0.6698591624912656,0.8386353136050165,0.5786861378275832,0.6723874070835155,0.962699732849438,0.42131386217241684,0.5861195930705375,0.4667796219509,0.02,0.5786861378275832,0.6698591624912656,0.8386353136050165,0.5786861378275832
UNSW-NB15,C&W,4,5,2048,3,80.46450149989687,70.11715329973958,0.0,0.6723874070835155,0.962699732849438,0.42131386217241684,0.5861195930705375,0.4667796219509,0.02,0.5786861378275832,0.6698591624912656,0.8386353136050165,0.5786861378275832,0.6723874070835155,0.962699732849438,0.42131386217241684,0.5861195930705375,0.4667796219509,0.02,0.5786861378275832,0.6698591624912656,0.8386353136050165,0.5786861378275832
UNSW-NB15,C&W,4,10,1024,2,46.682408299995586,31.12575909984298,0.0,0.7857698100374095,0.9729812815958464,0.6283640695314568,0.7635910358138538,0.6307519965368621,0.021378378378378377,0.3716359304685432,0.6698891800672993,0.838614558710953,0.3716359304685432,0.7857698100374095,0.9729812815958464,0.6283640695314568,0.7635910358138538,0.6307519965368621,0.021378378378378377,0.3716359304685432,0.6698891800672993,0.838614558710953,0.3716359304685432
UNSW-NB15,C&W,4,10,1024,3,57.51322550000623,31.716570499818772,0.0,0.7857576640917262,0.9729803586678053,0.6283420100591194,0.7635744635221896,0.6307339017168478,0.021378378378378377,0.3716579899408806,0.6698790884549068,0.8386077490454976,0.3716579899408806,0.7857576640917262,0.9729803586678053,0.6283420100591194,0.7635744635221896,0.6307339017168478,0.021378378378378377,0.3716579899408806,0.6698790884549068,0.8386077490454976,0.3716579899408806
UNSW-NB15,C&W,4,10,2048,2,47.373524100054055,31.27962140040472,0.0,0.7857576640917262,0.9729803586678053,0.6283420100591194,0.7635744635221896,0.6307339017168478,0.021378378378378377,0.3716579899408806,0.6698790884549068,0.8386077490454976,0.3716579899408806,0.7857576640917262,0.9729803586678053,0.6283420100591194,0.7635744635221896,0.6307339017168478,0.021378378378378377,0.3716579899408806,0.6698790884549068,0.8386077490454976,0.3716579899408806
UNSW-NB15,C&W,4,10,2048,3,58.35343630006537,31.625144799938425,0.0,0.7857576640917262,0.9729803586678053,0.6283420100591194,0.7635744635221896,0.6307339017168478,0.021378378378378377,0.3716579899408806,0.6698790884549068,0.8386077490454976,0.3716579899408806,0.7857576640917262,0.9729803586678053,0.6283420100591194,0.7635744635221896,0.6307339017168478,0.021378378378378377,0.3716579899408806,0.6698790884549068,0.8386077490454976,0.3716579899408806
UNSW-NB15,C&W,4,15,1024,2,35.79882650007494,17.153780300170183,0.0,0.7903609775057086,0.9487499200716158,0.6546148416129887,0.7747030413784102,0.6264935241608871,0.04332432432432432,0.3453851583870114,0.6738338042335109,0.8389677323384376,0.3453851583870114,0.7903609775057086,0.9487499200716158,0.6546148416129887,0.7747030413784102,0.6264935241608871,0.04332432432432432,0.3453851583870114,0.6738338042335109,0.8389677323384376,0.3453851583870114
UNSW-NB15,C&W,4,15,1024,3,42.19055910012685,17.152363300090656,0.0,0.7903609775057086,0.9487499200716158,0.6546148416129887,0.7747030413784102,0.6264935241608871,0.04332432432432432,0.3453851583870114,0.6738338042335109,0.8389677323384377,0.3453851583870114,0.7903609775057086,0.9487499200716158,0.6546148416129887,0.7747030413784102,0.6264935241608871,0.04332432432432432,0.3453851583870114,0.6738338042335109,0.8389677323384377,0.3453851583870114
UNSW-NB15,C&W,4,15,2048,2,36.669087999965996,16.853475300362334,0.0,0.7903609775057086,0.9487499200716158,0.6546148416129887,0.7747030413784102,0.6264935241608871,0.04332432432432432,0.3453851583870114,0.6738338042335109,0.8389677323384377,0.3453851583870114,0.7903609775057086,0.9487499200716158,0.6546148416129887,0.7747030413784102,0.6264935241608871,0.04332432432432432,0.3453851583870114,0.6738338042335109,0.8389677323384377,0.3453851583870114
UNSW-NB15,C&W,4,15,2048,3,37.16040359996259,16.862220499897376,0.0,0.7903609775057086,0.9487499200716158,0.6546148416129887,0.7747030413784102,0.6264935241608871,0.04332432432432432,0.3453851583870114,0.6738338042335109,0.8389677323384377,0.3453851583870114,0.7903609775057086,0.9487499200716158,0.6546148416129887,0.7747030413784102,0.6264935241608871,0.04332432432432432,0.3453851583870114,0.6738338042335109,0.8389677323384377,0.3453851583870114
UNSW-NB15,C&W,4,20,1024,2,31.192532199900597,11.870035000145435,0.0,0.8031992420929893,0.9612376096525952,0.6695711638577605,0.7893224460076194,0.651133580803098,0.03308108108108108,0.3304288361422395,0.8478836592371954,0.923188477547397,0.3304288361422395,0.8031992420929893,0.9612376096525952,0.6695711638577605,0.7893224460076194,0.651133580803098,0.03308108108108108,0.3304288361422395,0.8478836592371954,0.923188477547397,0.3304288361422395
UNSW-NB15,C&W,4,20,1024,3,32.06144249998033,11.925516399787739,0.0,0.8031992420929893,0.9612376096525952,0.6695711638577605,0.7893224460076194,0.651133580803098,0.03308108108108108,0.3304288361422395,0.8478836592371954,0.923188477547397,0.3304288361422395,0.8031992420929893,0.9612376096525952,0.6695711638577605,0.7893224460076194,0.651133580803098,0.03308108108108108,0.3304288361422395,0.8478836592371954,0.923188477547397,0.3304288361422395
UNSW-NB15,C&W,4,20,2048,2,30.990920099895447,12.227197099942714,0.0,0.8031992420929893,0.9612376096525952,0.6695711638577605,0.7893224460076194,0.651133580803098,0.03308108108108108,0.3304288361422395,0.8478836592371954,0.923188477547397,0.3304288361422395,0.8031992420929893,0.9612376096525952,0.6695711638577605,0.7893224460076194,0.651133580803098,0.03308108108108108,0.3304288361422395,0.8478836592371954,0.923188477547397,0.3304288361422395
UNSW-NB15,C&W,4,20,2048,3,32.0269025999587,12.091999599710107,0.0,0.8031992420929893,0.9612376096525952,0.6695711638577605,0.7893224460076194,0.651133580803098,0.03308108108108108,0.3304288361422395,0.8478836592371954,0.923188477547397,0.3304288361422395,0.8031992420929893,0.9612376096525952,0.6695711638577605,0.7893224460076194,0.651133580803098,0.03308108108108108,0.3304288361422395,0.8478836592371954,0.923188477547397,0.3304288361422395
UNSW-NB15,C&W,8,5,1024,2,143.80188609985635,101.12262460007332,0.0,0.7817373560705436,0.9689128050452427,0.6235992235065737,0.7588178450636174,0.6230217968653053,0.024513513513513514,0.3764007764934263,0.8416549806115123,0.9211349355229355,0.3764007764934263,0.7817373560705436,0.9689128050452427,0.6235992235065737,0.7588178450636174,0.6230217968653053,0.024513513513513514,0.3764007764934263,0.8416549806115123,0.9211349355229355,0.3764007764934263
UNSW-NB15,C&W,8,5,1024,3,146.7596858998295,101.73612960032187,0.0,0.7821867560608269,0.9701431071759498,0.6235992235065737,0.7591948543728432,0.6242406167717833,0.023513513513513513,0.3764007764934263,0.8418603203154624,0.9211970115534917,0.3764007764934263,0.7821867560608269,0.9701431071759498,0.6235992235065737,0.7591948543728432,0.6242406167717833,0.023513513513513513,0.3764007764934263,0.8418603203154624,0.9211970115534917,0.3764007764934263
UNSW-NB15,C&W,8,5,2048,2,144.8359018000774,102.65449129999615,0.0,0.7821867560608269,0.9701431071759498,0.6235992235065737,0.7591948543728432,0.6242406167717833,0.023513513513513513,0.3764007764934263,0.8418603203154624,0.9211970115534917,0.3764007764934263,0.7821867560608269,0.9701431071759498,0.6235992235065737,0.7591948543728432,0.6242406167717833,0.023513513513513513,0.3764007764934263,0.8418603203154624,0.9211970115534917,0.3764007764934263
UNSW-NB15,C&W,8,5,2048,3,146.2201280000154,103.45718520018272,0.0,0.7821867560608269,0.9701431071759498,0.6235992235065737,0.7591948543728432,0.6242406167717833,0.023513513513513513,0.3764007764934263,0.8418603203154624,0.9211970115534917,0.3764007764934263,0.7821867560608269,0.9701431071759498,0.6235992235065737,0.7591948543728432,0.6242406167717833,0.023513513513513513,0.3764007764934263,0.8418603203154624,0.9211970115534917,0.3764007764934263
UNSW-NB15,C&W,8,10,1024,2,81.53698730003089,43.339827300049365,0.0,0.7984258854394403,0.9649236344809733,0.6578134651019147,0.7823075712261923,0.645672947649314,0.029297297297297298,0.34218653489808526,0.8820938609680888,0.9348582237322555,0.34218653489808526,0.7984258854394403,0.9649236344809733,0.6578134651019147,0.7823075712261923,0.645672947649314,0.029297297297297298,0.34218653489808526,0.8820938609680888,0.9348582237322555,0.34218653489808526
UNSW-NB15,C&W,8,10,1024,3,103.74386489996687,44.51520609972067,0.0,0.7984258854394403,0.9649236344809733,0.6578134651019147,0.7823075712261923,0.645672947649314,0.029297297297297298,0.34218653489808526,0.8820938609680888,0.9348582237322555,0.34218653489808526,0.7984258854394403,0.9649236344809733,0.6578134651019147,0.7823075712261923,0.645672947649314,0.029297297297297298,0.34218653489808526,0.8820938609680888,0.9348582237322555,0.34218653489808526
UNSW-NB15,C&W,8,10,2048,2,81.31416900013573,43.55167159973644,0.0,0.7984258854394403,0.9649236344809733,0.6578134651019147,0.7823075712261923,0.645672947649314,0.029297297297297298,0.34218653489808526,0.8820938609680888,0.9348582237322555,0.34218653489808526,0.7984258854394403,0.9649236344809733,0.6578134651019147,0.7823075712261923,0.645672947649314,0.029297297297297298,0.34218653489808526,0.8820938609680888,0.9348582237322555,0.34218653489808526
UNSW-NB15,C&W,8,10,2048,3,103.1706872000359,44.46025709994137,0.0,0.7984258854394403,0.9649236344809733,0.6578134651019147,0.7823075712261923,0.645672947649314,0.029297297297297298,0.34218653489808526,0.8820938609680888,0.9348582237322555,0.34218653489808526,0.7984258854394403,0.9649236344809733,0.6578134651019147,0.7823075712261923,0.645672947649314,0.029297297297297298,0.34218653489808526,0.8820938609680888,0.9348582237322555,0.34218653489808526
UNSW-NB15,C&W,8,15,1024,2,60.325211599934846,33.08501569996588,0.0,0.7986080746246903,0.9594132498162411,0.6622474190417366,0.7836028346580008,0.6434879964287977,0.03432432432432433,0.3377525809582635,0.8367848259448013,0.9096048561945786,0.3377525809582635,0.7986080746246903,0.9594132498162411,0.6622474190417366,0.7836028346580008,0.6434879964287977,0.03432432432432433,0.3377525809582635,0.8367848259448013,0.9096048561945786,0.3377525809582635
UNSW-NB15,C&W,8,15,1024,3,59.69428929989226,33.66000709985383,0.0,0.7986080746246903,0.9594132498162411,0.6622474190417366,0.7836028346580008,0.6434879964287977,0.03432432432432433,0.3377525809582635,0.8367848259448013,0.9096048561945786,0.3377525809582635,0.7986080746246903,0.9594132498162411,0.6622474190417366,0.7836028346580008,0.6434879964287977,0.03432432432432433,0.3377525809582635,0.8367848259448013,0.9096048561945786,0.3377525809582635
UNSW-NB15,C&W,8,15,2048,2,59.86231190012768,32.483790300088,0.0,0.7986080746246903,0.9594132498162411,0.6622474190417366,0.7836028346580008,0.6434879964287977,0.03432432432432433,0.3377525809582635,0.8367849272991337,0.909604891436526,0.3377525809582635,0.7986080746246903,0.9594132498162411,0.6622474190417366,0.7836028346580008,0.6434879964287977,0.03432432432432433,0.3377525809582635,0.8367849272991337,0.909604891436526,0.3377525809582635
UNSW-NB15,C&W,8,15,2048,3,60.163727700011805,32.55328750004992,0.0,0.7986080746246903,0.9594132498162411,0.6622474190417366,0.7836028346580008,0.6434879964287977,0.03432432432432433,0.3377525809582635,0.8367849272991337,0.909604891436526,0.3377525809582635,0.7986080746246903,0.9594132498162411,0.6622474190417366,0.7836028346580008,0.6434879964287977,0.03432432432432433,0.3377525809582635,0.8367849272991337,0.909604891436526,0.3377525809582635
UNSW-NB15,C&W,8,20,1024,2,48.55303000006825,21.458732799859717,0.0,0.8195112471457028,0.9584185822601998,0.7026824318362305,0.8108644740861419,0.6745492806472231,0.03735135135135135,0.29731756816376953,0.8826626525382701,0.9349721319708572,0.29731756816376953,0.8195112471457028,0.9584185822601998,0.7026824318362305,0.8108644740861419,0.6745492806472231,0.03735135135135135,0.29731756816376953,0.8826626525382701,0.9349721319708572,0.29731756816376953
UNSW-NB15,C&W,8,20,1024,3,48.29777589999139,21.566050700144842,0.0,0.8195112471457028,0.9584185822601998,0.7026824318362305,0.8108644740861419,0.6745492806472231,0.03735135135135135,0.29731756816376953,0.8826626525382701,0.9349721319708572,0.29731756816376953,0.8195112471457028,0.9584185822601998,0.7026824318362305,0.8108644740861419,0.6745492806472231,0.03735135135135135,0.29731756816376953,0.8826626525382701,0.9349721319708572,0.29731756816376953
UNSW-NB15,C&W,8,20,2048,2,49.04347959998995,21.172782600158826,0.0,0.8195112471457028,0.9584185822601998,0.7026824318362305,0.8108644740861419,0.6745492806472231,0.03735135135135135,0.29731756816376953,0.8826626525382701,0.9349721319708572,0.29731756816376953,0.8195112471457028,0.9584185822601998,0.7026824318362305,0.8108644740861419,0.6745492806472231,0.03735135135135135,0.29731756816376953,0.8826626525382701,0.9349721319708572,0.29731756816376953
UNSW-NB15,C&W,8,20,2048,3,49.639941700035706,21.701749100117013,0.0,0.8195112471457028,0.9584185822601998,0.7026824318362305,0.8108644740861419,0.6745492806472231,0.03735135135135135,0.29731756816376953,0.8826626525382701,0.9349721319708572,0.29731756816376953,0.8195112471457028,0.9584185822601998,0.7026824318362305,0.8108644740861419,0.6745492806472231,0.03735135135135135,0.29731756816376953,0.8826626525382701,0.9349721319708572,0.29731756816376953
UNSW-NB15,C&W,10,5,1024,2,178.77157770004123,136.7110137003474,0.0,0.7819559830928436,0.9649188344766692,0.6267757875231624,0.7599293909973521,0.6215024184431563,0.027918918918918918,0.37322421247683757,0.7584413730769506,0.8805234616085122,0.37322421247683757,0.7819559830928436,0.9649188344766692,0.6267757875231624,0.7599293909973521,0.6215024184431563,0.027918918918918918,0.37322421247683757,0.7584413730769506,0.8805234616085122,0.37322421247683757
UNSW-NB15,C&W,10,5,1024,3,181.04626940004528,137.5444861999713,0.0,0.7819559830928436,0.9649188344766692,0.6267757875231624,0.7599293909973521,0.6215024184431563,0.027918918918918918,0.37322421247683757,0.7584413730769506,0.8805234616085122,0.37322421247683757,0.7819559830928436,0.9649188344766692,0.6267757875231624,0.7599293909973521,0.6215024184431563,0.027918918918918918,0.37322421247683757,0.7584413730769506,0.8805234616085122,0.37322421247683757
UNSW-NB15,C&W,10,5,2048,2,180.3715460000094,134.7676766999066,0.0,0.7819559830928436,0.9649188344766692,0.6267757875231624,0.7599293909973521,0.6215024184431563,0.027918918918918918,0.37322421247683757,0.7584413730769506,0.8805234616085122,0.37322421247683757,0.7819559830928436,0.9649188344766692,0.6267757875231624,0.7599293909973521,0.6215024184431563,0.027918918918918918,0.37322421247683757,0.7584413730769506,0.8805234616085122,0.37322421247683757
UNSW-NB15,C&W,10,5,2048,3,182.48353929980658,137.0008484001737,0.0,0.7819559830928436,0.9649188344766692,0.6267757875231624,0.7599293909973521,0.6215024184431563,0.027918918918918918,0.37322421247683757,0.7584413730769506,0.8805234616085122,0.37322421247683757,0.7819559830928436,0.9649188344766692,0.6267757875231624,0.7599293909973521,0.6215024184431563,0.027918918918918918,0.37322421247683757,0.7584413730769506,0.8805234616085122,0.37322421247683757
UNSW-NB15,C&W,10,10,1024,2,95.97997589991428,65.06468969979323,0.0,0.791369090997425,0.9520858087928321,0.6539971763875408,0.7753789018059134,0.6294809508593703,0.040324324324324326,0.3460028236124592,0.7774681511896614,0.8873412358898713,0.3460028236124592,0.791369090997425,0.9520858087928321,0.6539971763875408,0.7753789018059134,0.6294809508593703,0.040324324324324326,0.3460028236124592,0.7774681511896614,0.8873412358898713,0.3460028236124592
UNSW-NB15,C&W,10,10,1024,3,125.65131919994019,67.07301059993915,0.0,0.791369090997425,0.9520858087928321,0.6539971763875408,0.7753789018059134,0.6294809508593703,0.040324324324324326,0.3460028236124592,0.7774681511896614,0.8873412358898713,0.3460028236124592,0.791369090997425,0.9520858087928321,0.6539971763875408,0.7753789018059134,0.6294809508593703,0.040324324324324326,0.3460028236124592,0.7774681511896614,0.8873412358898713,0.3460028236124592
UNSW-NB15,C&W,10,10,2048,2,97.27038530004211,65.59117869986221,0.0,0.791369090997425,0.9520858087928321,0.6539971763875408,0.7753789018059134,0.6294809508593703,0.040324324324324326,0.3460028236124592,0.7774681511896614,0.8873412358898713,0.3460028236124592,0.791369090997425,0.9520858087928321,0.6539971763875408,0.7753789018059134,0.6294809508593703,0.040324324324324326,0.3460028236124592,0.7774681511896614,0.8873412358898713,0.3460028236124592
UNSW-NB15,C&W,10,10,2048,3,126.70034039998427,66.96542080002837,0.0,0.791369090997425,0.9520858087928321,0.6539971763875408,0.7753789018059134,0.6294809508593703,0.040324324324324326,0.3460028236124592,0.7774681511896614,0.8873412358898713,0.3460028236124592,0.791369090997425,0.9520858087928321,0.6539971763875408,0.7753789018059134,0.6294809508593703,0.040324324324324326,0.3460028236124592,0.7774681511896614,0.8873412358898713,0.3460028236124592
UNSW-NB15,C&W,10,15,1024,2,89.11361210001633,33.346783600514755,0.0,0.7949035611912744,0.9518393798843637,0.6609459101738286,0.7801588334852233,0.6346143810790816,0.040972972972972976,0.33905408982617136,0.8546533619232043,0.9190860670111235,0.33905408982617136,0.7949035611912744,0.9518393798843637,0.6609459101738286,0.7801588334852233,0.6346143810790816,0.040972972972972976,0.33905408982617136,0.8546533619232043,0.9190860670111235,0.33905408982617136
UNSW-NB15,C&W,10,15,1024,3,72.28884600009769,33.3577849001158,0.0,0.7949035611912744,0.9518393798843637,0.6609459101738286,0.7801588334852233,0.6346143810790816,0.040972972972972976,0.33905408982617136,0.8546533619232043,0.9190860670111235,0.33905408982617136,0.7949035611912744,0.9518393798843637,0.6609459101738286,0.7801588334852233,0.6346143810790816,0.040972972972972976,0.33905408982617136,0.8546533619232043,0.9190860670111235,0.33905408982617136
UNSW-NB15,C&W,10,15,2048,2,70.60478579998016,33.01465220027603,0.0,0.7949035611912744,0.9518393798843637,0.6609459101738286,0.7801588334852233,0.6346143810790816,0.040972972972972976,0.33905408982617136,0.8546533619232043,0.9190860670111235,0.33905408982617136,0.7949035611912744,0.9518393798843637,0.6609459101738286,0.7801588334852233,0.6346143810790816,0.040972972972972976,0.33905408982617136,0.8546533619232043,0.9190860670111235,0.33905408982617136
UNSW-NB15,C&W,10,15,2048,3,71.39447419997305,33.955094899982214,0.0,0.7949035611912744,0.9518393798843637,0.6609459101738286,0.7801588334852233,0.6346143810790816,0.040972972972972976,0.33905408982617136,0.8546533619232043,0.9190860670111235,0.33905408982617136,0.7949035611912744,0.9518393798843637,0.6609459101738286,0.7801588334852233,0.6346143810790816,0.040972972972972976,0.33905408982617136,0.8546533619232043,0.9190860670111235,0.33905408982617136
UNSW-NB15,C&W,10,20,1024,2,57.85970939998515,26.82317680027336,0.0,0.7980129232862071,0.938412659619967,0.6776228712609195,0.7869751236133528,0.6333660658339587,0.054486486486486484,0.3223771287390806,0.8845713072443306,0.935687661162498,0.3223771287390806,0.7980129232862071,0.938412659619967,0.6776228712609195,0.7869751236133528,0.6333660658339587,0.054486486486486484,0.3223771287390806,0.8845713072443306,0.935687661162498,0.3223771287390806
UNSW-NB15,C&W,10,20,1024,3,57.76170670008287,26.704651199746877,0.0,0.7980129232862071,0.938412659619967,0.6776228712609195,0.7869751236133528,0.6333660658339587,0.054486486486486484,0.3223771287390806,0.8845713072443306,0.935687661162498,0.3223771287390806,0.7980129232862071,0.938412659619967,0.6776228712609195,0.7869751236133528,0.6333660658339587,0.054486486486486484,0.3223771287390806,0.8845713072443306,0.935687661162498,0.3223771287390806
UNSW-NB15,C&W,10,20,2048,2,57.62171129998751,26.492426300188527,0.0,0.7980129232862071,0.938412659619967,0.6776228712609195,0.7869751236133528,0.6333660658339587,0.054486486486486484,0.3223771287390806,0.8845713072443306,0.935687661162498,0.3223771287390806,0.7980129232862071,0.938412659619967,0.6776228712609195,0.7869751236133528,0.6333660658339587,0.054486486486486484,0.3223771287390806,0.8845713072443306,0.935687661162498,0.3223771287390806
UNSW-NB15,C&W,10,20,2048,3,58.64054840011522,26.721426900010556,0.0,0.7980129232862071,0.938412659619967,0.6776228712609195,0.7869751236133528,0.6333660658339587,0.054486486486486484,0.3223771287390806,0.8845713072443306,0.935687661162498,0.3223771287390806,0.7980129232862071,0.938412659619967,0.6776228712609195,0.7869751236133528,0.6333660658339587,0.054486486486486484,0.3223771287390806,0.8845713072443306,0.935687661162498,0.3223771287390806
