Dataset,Attack,Resolution,AddressSize,BloomSize,Hash,TrainTime_s,InferTime_Adv_s,Acc_Drop_pp,Clean_Acc,Clean_Precision,Clean_Recall,Clean_F1,Clean_MCC,Clean_FAR,Clean_ASR,Clean_AUC,Clean_PR_AUC,Clean_Miss_Attack,Adv_Acc,Adv_Precision,Adv_Recall,Adv_F1,Adv_MCC,Adv_FAR,Adv_ASR,Adv_AUC,Adv_PR_AUC,Adv_Miss_Attack
Edge-IIoT,FGSM,1,5,1024,2,162.49825716018677,59.928053855895996,37.161731340727876,1.0,1.0,1.0,1.0,1.0,0.0,0.0,1.0,1.0,0.0,0.6283826865927212,0.2708136847450952,0.21646563721916628,0.24060884258214818,-0.00137108722315027,0.2177365696053279,0.7835343627808338,0.4995284696404811,0.24789352332753278,0.7835343627808338
Edge-IIoT,RANDOM_LINF,1,5,1024,2,162.49825716018677,12.395969152450562,5.176853873346532,1.0,1.0,1.0,1.0,1.0,0.0,0.0,1.0,1.0,0.0,0.9482314612665347,0.9654712577987331,0.839684538405461,0.8981953681262932,0.8674944831055045,0.011218429791197942,0.16031546159453908,0.9868403380206254,0.9715107697617079,0.16031546159453908
Edge-IIoT,RANDOM_L2,1,5,1024,2,162.49825716018677,11.414317607879639,5.2877043806227935,1.0,1.0,1.0,1.0,1.0,0.0,0.0,1.0,1.0,0.0,0.9471229561937721,0.9567414727626277,0.8437272185035456,0.896687429841745,0.8644168384483385,0.014251274258887317,0.15627278149645438,0.9851038031880947,0.9680533058070908,0.15627278149645438
Edge-IIoT,C&W,1,5,1024,2,162.49825716018677,53.43934726715088,37.16263256436426,1.0,1.0,1.0,1.0,1.0,0.0,0.0,1.0,1.0,0.0,0.6283736743563574,0.27078820542053167,0.21644078467757968,0.24058343347283803,-0.001401247356408894,0.21773966434458064,0.7835592153224203,0.49949012140330645,0.33452173549066944,0.7835592153224203
Edge-IIoT,FGSM,1,5,1024,3,150.88511180877686,57.12685823440552,42.97575032500377,1.0,1.0,1.0,1.0,1.0,0.0,0.0,1.0,0.9999999999999999,0.0,0.5702424967499623,0.2731859931857341,0.34938531380475846,0.3066224635942623,0.0019936398755044478,0.3472514073326752,0.6506146861952415,0.5007762531657802,0.2818297500365493,0.6506146861952415
Edge-IIoT,RANDOM_LINF,1,5,1024,3,150.88511180877686,14.106913805007935,5.503772747447844,1.0,1.0,1.0,1.0,1.0,0.0,0.0,1.0,0.9999999999999999,0.0,0.9449622725255216,0.9504388180916559,0.8415153423023395,0.8926666373742256,0.8587096792991157,0.016392833821786346,0.15848465769766054,0.9820594802763196,0.9638896229969638,0.15848465769766054
Edge-IIoT,RANDOM_L2,1,5,1024,3,150.88511180877686,11.337045431137085,5.784503910184058,1.0,1.0,1.0,1.0,1.0,0.0,0.0,1.0,0.9999999999999999,0.0,0.9421549608981594,0.936338426504077,0.8447461727085956,0.8881872343390704,0.8513590066268045,0.021455827239275953,0.15525382729140433,0.9801677994111377,0.9594603224832607,0.15525382729140433
Edge-IIoT,C&W,1,5,1024,3,150.88511180877686,44.55488395690918,42.97597563091288,1.0,1.0,1.0,1.0,1.0,0.0,0.0,1.0,0.9999999999999999,0.0,0.5702402436908712,0.2731812852617874,0.34937702962422956,0.30661630793949685,0.001985903234715781,0.3472514073326752,0.6506229703757704,0.5007507015185149,0.3836399207832883,0.6506229703757704
Edge-IIoT,FGSM,1,5,2048,2,149.7819812297821,52.59923458099365,49.04143600974222,1.0,1.0,1.0,1.0,1.0,0.0,0.0,1.0,1.0,0.0,0.5095856399025778,0.2716257596457342,0.4776492809331301,0.3463130139166682,-0.0007434063204538511,0.47848382534529554,0.5223507190668699,0.4997116381355844,0.2875309654631074,0.5223507190668699
Edge-IIoT,RANDOM_LINF,1,5,2048,2,149.7819812297821,11.407611846923828,6.133277457467878,1.0,1.0,1.0,1.0,1.0,0.0,0.0,1.0,1.0,0.0,0.9386672254253212,0.900364863475967,0.870857909735569,0.8853656071554904,0.8437334481270896,0.036001101727173974,0.12914209026443105,0.9805920889138642,0.9583881237519545,0.12914209026443105
Edge-IIoT,RANDOM_L2,1,5,2048,2,149.7819812297821,10.555883884429932,6.489035487933748,1.0,1.0,1.0,1.0,1.0,0.0,0.0,1.0,1.0,0.0,0.9351096451206625,0.8858402250115445,0.8740473192391809,0.8799042603318363,0.8354869607266016,0.042079169619563705,0.12595268076081914,0.9781247734341526,0.9525693491620867,0.12595268076081914
Edge-IIoT,C&W,1,5,2048,2,149.7819812297821,38.80416512489319,49.04233723337862,1.0,1.0,1.0,1.0,1.0,0.0,0.0,1.0,1.0,0.0,0.5095766276662138,0.2716163376831394,0.47763271257207235,0.3463010012553231,-0.0007636788446293689,0.47849001482380105,0.5223672874279276,0.4996757863766128,0.287494949992556,0.5223672874279276
Edge-IIoT,FGSM,1,5,2048,3,150.51202297210693,51.191062211990356,49.00110625201367,1.0,1.0,1.0,1.0,1.0,0.0,0.0,1.0,0.9999999999999998,0.0,0.5099889374798633,0.2720420229430193,0.4783700046391411,0.34684077278610836,0.00015223249096979924,0.4781991093340431,0.5216299953608589,0.5003867283587141,0.36764744292920926,0.5216299953608589
Edge-IIoT,RANDOM_LINF,1,5,2048,3,150.51202297210693,11.883836269378662,5.035136456523848,1.0,1.0,1.0,1.0,1.0,0.0,0.0,1.0,0.9999999999999998,0.0,0.9496486354347615,0.9498408517177038,0.8602955795612698,0.9028533671819304,0.8709237149782642,0.016971550062049524,0.13970442043873021,0.9837530477851628,0.9671387457046828,0.13970442043873021
Edge-IIoT,RANDOM_L2,1,5,2048,3,150.51202297210693,10.404272556304932,5.238812998348507,1.0,1.0,1.0,1.0,1.0,0.0,0.0,1.0,0.9999999999999998,0.0,0.9476118700165149,0.9405489458648248,0.8618530055006959,0.8994829762584081,0.8656569621598323,0.020351005326046254,0.13814699449930412,0.9821663001834835,0.9636421531657854,0.13814699449930412
Edge-IIoT,C&W,1,5,2048,3,150.51202297210693,34.173001527786255,49.002458087468256,1.0,1.0,1.0,1.0,1.0,0.0,0.0,1.0,0.9999999999999998,0.0,0.5099754191253174,0.2720364813235786,0.47837828881967,0.3468384461762542,0.0001403143444514024,0.4782207725088123,0.5216217111803301,0.5003595635819462,0.36763792292328434,0.5216217111803301
Edge-IIoT,FGSM,1,10,1024,2,112.48281121253967,28.533480167388916,54.86108764174558,1.0,1.0,1.0,1.0,1.0,0.0,0.0,1.0,1.0,0.0,0.4513891235825442,0.27275688480900206,0.6104446948107893,0.3770441474446878,0.0022019569028714045,0.6080296104651702,0.38955530518921067,0.5015098888683607,0.28912189603097815,0.38955530518921067
Edge-IIoT,RANDOM_LINF,1,10,1024,2,112.48281121253967,8.763660192489624,6.773596851124619,1.0,1.0,1.0,1.0,1.0,0.0,0.0,1.0,1.0,0.0,0.9322640314887538,0.8733566180104781,0.878305388031016,0.8758240124242074,0.8292613711327933,0.04757852127169025,0.12169461196898403,0.9730675431840176,0.9449677416641631,0.12169461196898403
Edge-IIoT,RANDOM_L2,1,10,1024,2,112.48281121253967,7.064173221588135,7.163376073864292,1.0,1.0,1.0,1.0,1.0,0.0,0.0,1.0,1.0,0.0,0.9283662392613571,0.8612203444913877,0.8781148518788522,0.8695855483362867,0.8202875141123682,0.05286124117612471,0.12188514812114785,0.9709482021271467,0.9400333602921548,0.12188514812114785
Edge-IIoT,C&W,1,10,1024,2,112.48281121253967,18.405295372009277,54.862439477200176,1.0,1.0,1.0,1.0,1.0,0.0,0.0,1.0,1.0,0.0,0.4513756052279983,0.27274914496379976,0.6104364106302604,0.37703517227969996,0.002180304588361072,0.608045084161434,0.38956358936973956,0.5014877093311478,0.28909958479599046,0.38956358936973956
Edge-IIoT,FGSM,1,10,1024,3,113.12360429763794,33.374094009399414,47.061222374679225,1.0,1.0,1.0,1.0,1.0,0.0,0.0,1.0,1.0,0.0,0.5293877762532078,0.27156367405104287,0.4341324806150176,0.33412286769933086,-0.0008033829903134446,0.43502749675826063,0.5658675193849825,0.4994098321451681,0.2539023649378679,0.5658675193849825
Edge-IIoT,RANDOM_LINF,1,10,1024,3,113.12360429763794,9.84874963760376,6.981103593403947,1.0,1.0,1.0,1.0,1.0,0.0,0.0,1.0,1.0,0.0,0.9301889640659605,0.8873520346051235,0.8513983696732719,0.8690034794299315,0.8217725639631882,0.04037706303055436,0.14860163032672807,0.9727921644727157,0.9439371127803202,0.14860163032672807
Edge-IIoT,RANDOM_L2,1,10,1024,3,113.12360429763794,8.369202613830566,7.3846264765986,1.0,1.0,1.0,1.0,1.0,0.0,0.0,1.0,1.0,0.0,0.926153735234014,0.8722379315599654,0.853494267347074,0.8627643093413725,0.8123483084421679,0.04670271006316363,0.14650573265292596,0.9705699661885698,0.9391782863751361,0.14650573265292596
Edge-IIoT,C&W,1,10,1024,3,113.12360429763794,23.689213037490845,47.06234890422471,1.0,1.0,1.0,1.0,1.0,0.0,0.0,1.0,1.0,0.0,0.5293765109577528,0.2715519028272946,0.43411591225395985,0.33410905103159827,-0.0008265882474464317,0.4350367809760189,0.5658840877460402,0.4993824854455612,0.31877297329266263,0.5658840877460402
Edge-IIoT,FGSM,1,10,2048,2,112.31030559539795,33.863921880722046,48.941625492011774,1.0,1.0,1.0,1.0,1.0,0.0,0.0,1.0,1.0,0.0,0.5105837450798822,0.27266602910485377,0.47947180064947975,0.34763753870364195,0.0014948425356064413,0.47779369849193354,0.5205281993505202,0.5007729967956737,0.260578887362345,0.5205281993505202
Edge-IIoT,RANDOM_LINF,1,10,2048,2,112.31030559539795,11.884340763092041,6.165270896559805,1.0,1.0,1.0,1.0,1.0,0.0,0.0,1.0,1.0,0.0,0.938347291034402,0.8997841504779525,0.8702365961959043,0.8847637496841574,0.8429145468179806,0.036208449257107846,0.1297634038040957,0.9758876087661918,0.9506584805512642,0.1297634038040957
Edge-IIoT,RANDOM_L2,1,10,2048,2,112.31030559539795,9.293229579925537,6.679869592939813,1.0,1.0,1.0,1.0,1.0,0.0,0.0,1.0,1.0,0.0,0.9332013040706019,0.8836341270242488,0.8688034329644112,0.8761560246952773,0.8304832255707909,0.042741443819650976,0.13119656703558885,0.9734761495971901,0.9454193544014907,0.13119656703558885
Edge-IIoT,C&W,1,10,2048,2,112.31030559539795,22.990981340408325,48.943653245193666,1.0,1.0,1.0,1.0,1.0,0.0,0.0,1.0,1.0,0.0,0.5105634675480634,0.2726501846687269,0.479455232288422,0.34762030608077266,0.0014607846970324848,0.4778153616667028,0.520544767711578,0.5007435184505807,0.30413191253122784,0.520544767711578
Edge-IIoT,FGSM,1,10,2048,3,112.05992293357849,31.012354135513306,53.039714672596716,1.0,1.0,1.0,1.0,1.0,0.0,0.0,1.0,1.0,0.0,0.46960285327403284,0.27138825330261257,0.5639952945854596,0.3664465220925038,-0.001493849624219987,0.5656595353558486,0.4360047054145404,0.49950119614840893,0.3262178925410743,0.4360047054145404
Edge-IIoT,RANDOM_LINF,1,10,2048,3,112.05992293357849,9.676226615905762,6.211233302015817,1.0,1.0,1.0,1.0,1.0,0.0,0.0,1.0,1.0,0.0,0.9378876669798418,0.8854021847070507,0.8863410431440122,0.8858713651718885,0.8432052685840722,0.042855949172002514,0.1136589568559878,0.9802320252107538,0.9591579957840353,0.1136589568559878
Edge-IIoT,RANDOM_L2,1,10,2048,3,112.05992293357849,8.387642621994019,6.399363736112706,1.0,1.0,1.0,1.0,1.0,0.0,0.0,1.0,1.0,0.0,0.9360063626388729,0.8779159740929673,0.8882215521240638,0.8830386961015644,0.8390213109148336,0.04614256225841692,0.11177844787593612,0.9788277156183477,0.9557721347546413,0.11177844787593612
Edge-IIoT,C&W,1,10,2048,3,112.05992293357849,20.54520583152771,53.040390590324016,1.0,1.0,1.0,1.0,1.0,0.0,0.0,1.0,1.0,0.0,0.4695960940967599,0.27138500787276026,0.5639952945854596,0.36644356351442636,-0.0015021859835975084,0.5656688195736068,0.4360047054145404,0.49947982224018317,0.4456023364099175,0.4360047054145404
Edge-IIoT,FGSM,1,15,1024,2,99.96116709709167,23.818025588989258,48.979026272922056,1.0,1.0,1.0,1.0,1.0,0.0,0.0,1.0,0.9999999999999999,0.0,0.5102097372707795,0.2722793033433677,0.47880078202664195,0.3471468513407591,0.0006627772075683946,0.47805675132841685,0.5211992179733581,0.5008721831733417,0.2879449016421295,0.5211992179733581
Edge-IIoT,RANDOM_LINF,1,15,1024,2,99.96116709709167,7.169888019561768,7.470017416146768,1.0,1.0,1.0,1.0,1.0,0.0,0.0,1.0,0.9999999999999999,0.0,0.9252998258385323,0.8724847061626294,0.8494930081516336,0.8608353655721259,0.8099309229683962,0.04638085718087823,0.15050699184836636,0.9698082091914423,0.9378173857943364,0.15050699184836636
Edge-IIoT,RANDOM_L2,1,15,1024,2,99.96116709709167,6.724076747894287,7.8424480838859,1.0,1.0,1.0,1.0,1.0,0.0,0.0,1.0,0.9999999999999999,0.0,0.921575519161141,0.8605473012675229,0.8492693352773544,0.8548711234896307,0.8011777322819916,0.05141290320584039,0.15073066472264562,0.9669575100823489,0.9313169646615459,0.15073066472264562
Edge-IIoT,C&W,1,15,1024,2,99.96116709709167,13.811615228652954,48.97925157883116,1.0,1.0,1.0,1.0,1.0,0.0,0.0,1.0,0.9999999999999999,0.0,0.5102074842116884,0.2722780206527474,0.47880078202664195,0.3471458088076304,0.0006600203064880582,0.47805984606766955,0.5211992179733581,0.5008696352152824,0.28791922709799433,0.5211992179733581
Edge-IIoT,FGSM,1,15,1024,3,100.08481168746948,26.36532235145569,50.995964771168055,1.0,1.0,1.0,1.0,1.0,0.0,0.0,1.0,1.0,0.0,0.4900403522883195,0.27192561979902147,0.5216465637219166,0.3574950536364643,-0.00010714878462759542,0.5217668485341768,0.47835343627808335,0.4994724634280184,0.26581631040547166,0.47835343627808335
Edge-IIoT,RANDOM_LINF,1,15,1024,3,100.08481168746948,8.57664442062378,7.251921296139829,1.0,1.0,1.0,1.0,1.0,0.0,0.0,1.0,1.0,0.0,0.9274807870386017,0.8742844096432407,0.8565179932401087,0.8653100166965866,0.8157807873209051,0.046009488470548913,0.1434820067598913,0.969314829209318,0.9371949981307067,0.1434820067598913
Edge-IIoT,RANDOM_L2,1,15,1024,3,100.08481168746948,7.689598798751831,7.735427777064308,1.0,1.0,1.0,1.0,1.0,0.0,0.0,1.0,1.0,0.0,0.9226457222293569,0.860341907439699,0.8542481277752004,0.8572841887358721,0.8042390172070533,0.05180284035168617,0.14575187222479952,0.9660300610143093,0.9300660498667633,0.14575187222479952
Edge-IIoT,C&W,1,15,1024,3,100.08481168746948,14.710327386856079,50.99686599480444,1.0,1.0,1.0,1.0,1.0,0.0,0.0,1.0,1.0,0.0,0.49003134005195553,0.2719189528822943,0.5216382795413878,0.3574873467487602,-0.00012279862675572135,0.521776132751935,0.47836172045861225,0.49945706996393113,0.28757623367402024,0.47836172045861225
Edge-IIoT,FGSM,1,15,2048,2,100.5041389465332,23.25502848625183,51.11379976162635,1.0,1.0,1.0,1.0,1.0,0.0,0.0,1.0,1.0,0.0,0.4888620023837365,0.2707973467836661,0.5194843926038836,0.3560122629726354,-0.002755468423067642,0.5225776702183957,0.4805156073961164,0.4986468959568092,0.28711480936212264,0.4805156073961164
Edge-IIoT,RANDOM_LINF,1,15,2048,2,100.5041389465332,10.839125871658325,8.303198667991463,1.0,1.0,1.0,1.0,1.0,0.0,0.0,1.0,1.0,0.0,0.9169680133200854,0.8471071301439606,0.8477036251573994,0.8474052726813494,0.7903726606198584,0.05715673925893374,0.15229637484260056,0.9620948292468141,0.9222514291117621,0.15229637484260056
Edge-IIoT,RANDOM_L2,1,15,2048,2,100.5041389465332,6.7535080909729,8.744122332096405,1.0,1.0,1.0,1.0,1.0,0.0,0.0,1.0,1.0,0.0,0.912558776679036,0.8346763648251062,0.8460716415932136,0.84033537388099,0.7801662410600597,0.06260348034376363,0.1539283584067864,0.9593659836627247,0.9154800738567986,0.1539283584067864
Edge-IIoT,C&W,1,15,2048,2,100.5041389465332,13.533455848693848,51.114475679353646,1.0,1.0,1.0,1.0,1.0,0.0,0.0,1.0,1.0,0.0,0.48885524320646356,0.270791859013944,0.5194761084233548,0.3560055750948816,-0.0027683619929847764,0.5225838596969012,0.4805238915766452,0.4986347488514321,0.28710856882661173,0.4805238915766452
Edge-IIoT,FGSM,1,15,2048,3,103.27181696891785,25.753395080566406,45.09587892961668,1.0,1.0,1.0,1.0,1.0,0.0,0.0,1.0,1.0,0.0,0.5490412107038332,0.2712925217070868,0.3903257339783949,0.3201013628272892,-0.0012230034795635903,0.3916671050880608,0.6096742660216051,0.4992376534713503,0.2873275783416548,0.6096742660216051
Edge-IIoT,RANDOM_LINF,1,15,2048,3,103.27181696891785,7.151962995529175,6.656212472484513,1.0,1.0,1.0,1.0,1.0,0.0,0.0,1.0,1.0,0.0,0.9334378752751549,0.8893282657898108,0.8626068659288223,0.8757637817129736,0.8304996352531967,0.04010163123706012,0.13739313407117767,0.9711488744015243,0.9405505938811342,0.13739313407117767
Edge-IIoT,RANDOM_L2,1,15,2048,3,103.27181696891785,6.422390460968018,7.4181970570542095,1.0,1.0,1.0,1.0,1.0,0.0,0.0,1.0,1.0,0.0,0.9258180294294579,0.8660201299188632,0.8603452846444429,0.8631733802096969,0.81229753083625,0.049723175573842024,0.13965471535555704,0.9674280494418145,0.9322511161708916,0.13965471535555704
Edge-IIoT,C&W,1,15,2048,3,103.27181696891785,17.76417350769043,45.09587892961668,1.0,1.0,1.0,1.0,1.0,0.0,0.0,1.0,1.0,0.0,0.5490412107038332,0.2712951554025265,0.3903340181589237,0.3201059818607969,-0.001218269468894891,0.39167019982731355,0.6096659818410762,0.49922923260513713,0.28732340525930405,0.6096659818410762
Edge-IIoT,FGSM,1,20,1024,2,95.67852258682251,21.564509868621826,51.08158101662532,1.0,1.0,1.0,1.0,1.0,0.0,0.0,1.0,1.0,0.0,0.4891841898337468,0.27110314598492863,0.520064285240904,0.356412709316816,-0.0020376589838699576,0.5223517542529454,0.479935714759096,0.49904717056802195,0.28747954103097556,0.479935714759096
Edge-IIoT,RANDOM_LINF,1,20,1024,2,95.67852258682251,8.591097116470337,8.721591741186597,1.0,1.0,1.0,1.0,1.0,0.0,0.0,1.0,1.0,0.0,0.912784082588134,0.8441297925199758,0.8331648883292465,0.8386115002334734,0.7788925486400717,0.057472402662713654,0.16683511167075352,0.955740738452709,0.9069137629642658,0.16683511167075352
Edge-IIoT,RANDOM_L2,1,20,1024,2,95.67852258682251,6.897610902786255,9.314146282114544,1.0,1.0,1.0,1.0,1.0,0.0,0.0,1.0,1.0,0.0,0.9068585371788546,0.8268704905610648,0.8316654516535225,0.8292610397977895,0.7652301993325092,0.06505141909268435,0.16833454834647757,0.9516070642474828,0.895255327788399,0.16833454834647757
Edge-IIoT,C&W,1,20,1024,2,95.67852258682251,12.160113096237183,51.08225693435262,1.0,1.0,1.0,1.0,1.0,0.0,0.0,1.0,1.0,0.0,0.48917743065647384,0.2710996338008706,0.520064285240904,0.35640967412285685,-0.0020459304947609107,0.5223610384707037,0.479935714759096,0.49903822546869,0.28746946846762045,0.479935714759096
Edge-IIoT,FGSM,1,20,1024,3,96.08445501327515,22.716971397399902,43.13031017864506,1.0,1.0,1.0,1.0,1.0,0.0,0.0,1.0,1.0,0.0,0.5686968982135494,0.2709612644124887,0.3465355557028299,0.30412371134020616,-0.001657631756862649,0.3483098081571137,0.6534644442971701,0.49974419404288634,0.30305123069442214,0.6534644442971701
Edge-IIoT,RANDOM_LINF,1,20,1024,3,96.08445501327515,7.552381277084351,8.414499787085916,1.0,1.0,1.0,1.0,1.0,0.0,0.0,1.0,1.0,0.0,0.9158550021291408,0.8656135149596077,0.8175326396712838,0.8408863364278136,0.7843448952704674,0.04741450009129481,0.18246736032871627,0.9579495326948958,0.9122704499937357,0.18246736032871627
Edge-IIoT,RANDOM_L2,1,20,1024,3,96.08445501327515,6.691169500350952,8.786930454825036,1.0,1.0,1.0,1.0,1.0,0.0,0.0,1.0,1.0,0.0,0.9121306954517496,0.8550966485885134,0.8150308171515673,0.8345831495368328,0.775219714175394,0.051595492821752305,0.18496918284843264,0.954765701769512,0.9054045052770769,0.18496918284843264
Edge-IIoT,C&W,1,20,1024,3,96.08445501327515,14.253530025482178,43.131211402281444,1.0,1.0,1.0,1.0,1.0,0.0,0.0,1.0,1.0,0.0,0.5686878859771856,0.2709483093664983,0.34651898734177217,0.30410917075014904,-0.0016788937353857637,0.3483159976356192,0.6534810126582279,0.49972778605645085,0.30303872291682277,0.6534810126582279
Edge-IIoT,FGSM,1,20,2048,2,95.85167336463928,23.03563404083252,41.05569336766995,1.0,1.0,1.0,1.0,1.0,0.0,0.0,1.0,1.0,0.0,0.5894430663233005,0.2723234775913889,0.30474186493472066,0.2876220708851654,0.0005235439101436503,0.3042004895877498,0.6952581350652793,0.5002079436887185,0.2601480142202796,0.6952581350652793
Edge-IIoT,RANDOM_LINF,1,20,2048,2,95.85167336463928,8.459964275360107,9.164092546655223,1.0,1.0,1.0,1.0,1.0,0.0,0.0,1.0,1.0,0.0,0.9083590745334478,0.841156311805224,0.8174083769633508,0.8291123285829524,0.7666690254171433,0.057664276496383796,0.18259162303664922,0.9534907446610057,0.8990926684222629,0.18259162303664922
Edge-IIoT,RANDOM_L2,1,20,2048,2,95.85167336463928,6.557525873184204,9.82761844894906,1.0,1.0,1.0,1.0,1.0,0.0,0.0,1.0,1.0,0.0,0.9017238155105094,0.8211432237209341,0.8164971171051759,0.8188135797392219,0.7513965586699961,0.06643786227791378,0.18350288289482405,0.9488147014937424,0.8860908006147399,0.18350288289482405
Edge-IIoT,C&W,1,20,2048,2,95.85167336463928,13.251702070236206,41.056369285397246,1.0,1.0,1.0,1.0,1.0,0.0,0.0,1.0,1.0,0.0,0.5894363071460276,0.2723140587638711,0.30473358075419177,0.2876131276999159,0.0005095459133121983,0.30420667906625526,0.6952664192458082,0.500195602957039,0.3034305734357505,0.6952664192458082
Edge-IIoT,FGSM,1,20,2048,3,96.19774055480957,22.169615507125854,47.04207137240588,1.0,1.0,1.0,1.0,1.0,0.0,0.0,1.0,1.0,0.0,0.5295792862759412,0.271782727206774,0.43448041619722977,0.33439171655732164,-0.0003716203342451072,0.4348944229703926,0.5655195838027702,0.5000735590873171,0.2731716097773662,0.5655195838027702
Edge-IIoT,RANDOM_LINF,1,20,2048,3,96.19774055480957,9.512666463851929,9.587667655759613,1.0,1.0,1.0,1.0,1.0,0.0,0.0,1.0,1.0,0.0,0.9041233234424039,0.8243931998539031,0.8227268208628803,0.8235591674268181,0.7577380755258641,0.06546920889180483,0.17727317913711976,0.9503871511549804,0.8920742242007496,0.17727317913711976
Edge-IIoT,RANDOM_L2,1,20,2048,3,96.19774055480957,6.4908740520477295,9.966857500771676,1.0,1.0,1.0,1.0,1.0,0.0,0.0,1.0,1.0,0.0,0.9003314249922832,0.8136252163286062,0.8217741401020611,0.8176793758474733,0.7491200444835008,0.07032176004010782,0.1782258598979389,0.9469972732069702,0.8825866426319344,0.1782258598979389
Edge-IIoT,C&W,1,20,2048,3,96.19774055480957,12.28327488899231,47.04207137240588,1.0,1.0,1.0,1.0,1.0,0.0,0.0,1.0,1.0,0.0,0.5295792862759412,0.271782727206774,0.43448041619722977,0.33439171655732164,-0.0003716203342451072,0.4348944229703926,0.5655195838027702,0.5000599322949932,0.28757495733538696,0.5655195838027702
Edge-IIoT,FGSM,2,5,1024,2,222.72281646728516,5.767138957977295,0.0,1.0,1.0,1.0,1.0,1.0,0.0,0.0,1.0,1.0,0.0,1.0,1.0,1.0,1.0,1.0,0.0,0.0,1.0,1.0,0.0
Edge-IIoT,RANDOM_LINF,2,5,1024,2,222.72281646728516,6.400940895080566,0.03424649818291048,1.0,1.0,1.0,1.0,1.0,0.0,0.0,1.0,1.0,0.0,0.9996575350181709,1.0,0.998740804559613,0.9993700056367917,0.9991352347971509,0.0,0.001259195440387037,0.9999999999999999,0.9999999999999999,0.001259195440387037
Edge-IIoT,RANDOM_L2,2,5,1024,2,222.72281646728516,6.394973516464233,1.0783140809433989,1.0,1.0,1.0,1.0,1.0,0.0,0.0,1.0,1.0,0.0,0.989216859190566,0.991670201034863,0.9684869772682086,0.9799414925273049,0.972696627336921,0.0030390339461948634,0.03151302273179137,0.9989445423594504,0.9975038426405306,0.03151302273179137
Edge-IIoT,C&W,2,5,1024,2,222.72281646728516,5.728732585906982,0.0,1.0,1.0,1.0,1.0,1.0,0.0,0.0,1.0,1.0,0.0,1.0,1.0,1.0,1.0,1.0,0.0,0.0,1.0,0.9999999999999999,0.0
Edge-IIoT,FGSM,2,5,1024,3,225.872727394104,6.154597759246826,0.0,1.0,1.0,1.0,1.0,1.0,0.0,0.0,1.0,1.0,0.0,1.0,1.0,1.0,1.0,1.0,0.0,0.0,1.0,1.0,0.0
Edge-IIoT,RANDOM_LINF,2,5,1024,3,225.872727394104,5.945155143737793,0.012842436818594205,1.0,1.0,1.0,1.0,1.0,0.0,0.0,1.0,1.0,0.0,0.9998715756318141,1.0,0.9995278017098549,0.9997638450989572,0.9996757053990665,0.0,0.0004721982901451388,1.0,1.0000000000000002,0.0004721982901451388
Edge-IIoT,RANDOM_L2,2,5,1024,3,225.872727394104,6.138150930404663,0.9557476663940467,1.0,1.0,1.0,1.0,1.0,0.0,0.0,1.0,1.0,0.0,0.9904425233360595,0.9935755089586901,0.9711379150374445,0.9822285901012996,0.9758124334090974,0.002345812353580149,0.028862084962555504,0.9992751029261225,0.9982427723806864,0.028862084962555504
Edge-IIoT,C&W,2,5,1024,3,225.872727394104,5.819490194320679,0.0,1.0,1.0,1.0,1.0,1.0,0.0,0.0,1.0,1.0,0.0,1.0,1.0,1.0,1.0,1.0,0.0,0.0,1.0,1.0,0.0
Edge-IIoT,FGSM,2,5,2048,2,227.56172728538513,5.856390476226807,0.0,1.0,1.0,1.0,1.0,1.0,0.0,0.0,1.0,1.0,0.0,1.0,1.0,1.0,1.0,1.0,0.0,0.0,1.0,1.0,0.0
Edge-IIoT,RANDOM_LINF,2,5,2048,2,227.56172728538513,6.254330158233643,0.01892569636423591,1.0,1.0,1.0,1.0,1.0,0.0,0.0,1.0,1.0,0.0,0.9998107430363576,1.0,0.9993041288355756,0.999651943316483,0.9995220953782485,0.0,0.0006958711644244151,1.0,1.0,0.0006958711644244151
Edge-IIoT,RANDOM_L2,2,5,2048,2,227.56172728538513,6.333120346069336,0.9996823186681714,1.0,1.0,1.0,1.0,1.0,0.0,0.0,1.0,1.0,0.0,0.9900031768133183,0.9910220352868642,0.9720491748956194,0.981443919820336,0.9746888542518682,0.0032897078256671486,0.027950825104380676,0.9991076816396571,0.9978397791892943,0.027950825104380676
Edge-IIoT,C&W,2,5,2048,2,227.56172728538513,5.9336934089660645,0.0,1.0,1.0,1.0,1.0,1.0,0.0,0.0,1.0,1.0,0.0,1.0,1.0,1.0,1.0,1.0,0.0,0.0,1.0,1.0,0.0
Edge-IIoT,FGSM,2,5,2048,3,225.9843590259552,5.732232570648193,0.0045061181819572305,1.0,1.0,1.0,1.0,1.0,0.0,0.0,1.0,1.0,0.0,0.9999549388181804,1.0,0.9998343163894228,0.9999171513313782,0.9998862113707798,0.0,0.0001656836105772417,1.0,0.9999999999999999,0.0001656836105772417
Edge-IIoT,RANDOM_LINF,2,5,2048,3,225.9843590259552,6.1561009883880615,0.019601614091535602,1.0,1.0,1.0,1.0,1.0,0.0,0.0,1.0,1.0,0.0,0.9998039838590846,1.0,0.999279276293989,0.9996395082395158,0.999505027725223,0.0,0.0007207237060110014,1.0,1.0,0.0007207237060110014
Edge-IIoT,RANDOM_L2,2,5,2048,3,225.9843590259552,6.020968914031982,0.9652105145761647,1.0,1.0,1.0,1.0,1.0,0.0,0.0,1.0,1.0,0.0,0.9903478948542384,0.9916224706955377,0.9727284776989861,0.982084608822201,0.9755645581019079,0.003069981338722306,0.027271522301013984,0.9991171756737225,0.9978694472314203,0.027271522301013984
Edge-IIoT,C&W,2,5,2048,3,225.9843590259552,5.738722562789917,0.0045061181819572305,1.0,1.0,1.0,1.0,1.0,0.0,0.0,1.0,1.0,0.0,0.9999549388181804,1.0,0.9998343163894228,0.9999171513313782,0.9998862113707798,0.0,0.0001656836105772417,1.0,1.0,0.0001656836105772417
Edge-IIoT,FGSM,2,10,1024,2,149.912588596344,8.167248249053955,0.0,1.0,1.0,1.0,1.0,1.0,0.0,0.0,1.0,1.0,0.0,1.0,1.0,1.0,1.0,1.0,0.0,0.0,0.9999999999999999,1.0,0.0
Edge-IIoT,RANDOM_LINF,2,10,1024,2,149.912588596344,3.9978535175323486,0.004280812272861034,1.0,1.0,1.0,1.0,1.0,0.0,0.0,1.0,1.0,0.0,0.9999571918772714,1.0,0.9998426005699517,0.9999212940908432,0.9998919007752494,0.0,0.00015739943004837963,0.9999999742472531,0.999999931070759,0.00015739943004837963
Edge-IIoT,RANDOM_L2,2,10,1024,2,149.912588596344,4.58428955078125,1.3669309504980354,1.0,1.0,1.0,1.0,1.0,0.0,0.0,1.0,1.0,0.0,0.9863306904950196,0.9742531170109788,0.9755202465372126,0.9748862700295139,0.9654964875994583,0.009630828554540137,0.02447975346278746,0.9982257274331926,0.9957527665759024,0.02447975346278746
Edge-IIoT,C&W,2,10,1024,2,149.912588596344,3.6088900566101074,0.0,1.0,1.0,1.0,1.0,1.0,0.0,0.0,1.0,1.0,0.0,1.0,1.0,1.0,1.0,1.0,0.0,0.0,1.0,0.9999999999999999,0.0
Edge-IIoT,FGSM,2,10,1024,3,152.128182888031,12.527116775512695,0.5923292350188514,1.0,1.0,1.0,1.0,1.0,0.0,0.0,1.0,1.0,0.0,0.9940767076498115,1.0,0.9782208893896216,0.9889905567537008,0.9850513933830191,0.0,0.021779110610378422,0.9999926310482519,0.9999802959020769,0.021779110610378422
Edge-IIoT,RANDOM_LINF,2,10,1024,3,152.128182888031,3.9863739013671875,0.10949867182166173,1.0,1.0,1.0,1.0,1.0,0.0,0.0,1.0,1.0,0.0,0.9989050132817834,0.9999667315401634,0.9960070249850885,0.9979829505366348,0.997235185729357,1.237895701097704e-05,0.003992975014911525,0.9999978802118016,0.9999943199829994,0.003992975014911525
Edge-IIoT,RANDOM_L2,2,10,1024,3,152.128182888031,4.820151090621948,1.4038811195901224,1.0,1.0,1.0,1.0,1.0,0.0,0.0,1.0,1.0,0.0,0.9859611888040988,0.9792767371955355,0.968884617933594,0.9740529601112671,0.9644565354202099,0.007659479650542043,0.031115382066405992,0.997997613075341,0.9952708368815846,0.031115382066405992
Edge-IIoT,C&W,2,10,1024,3,152.128182888031,11.22658371925354,0.490716270015612,1.0,1.0,1.0,1.0,1.0,0.0,0.0,1.0,1.0,0.0,0.9950928372998439,1.0,0.9819570548081383,0.9908963995218311,0.9876146222738522,0.0,0.01804294519186162,0.9997861290903409,0.9994506876099516,0.01804294519186162
Edge-IIoT,FGSM,2,10,2048,2,151.34923315048218,4.079126358032227,0.0,1.0,1.0,1.0,1.0,1.0,0.0,0.0,1.0,1.0,0.0,1.0,1.0,1.0,1.0,1.0,0.0,0.0,1.0,1.0,0.0
Edge-IIoT,RANDOM_LINF,2,10,2048,2,151.34923315048218,3.8088674545288086,0.027036709091765587,1.0,1.0,1.0,1.0,1.0,0.0,0.0,1.0,1.0,0.0,0.9997296329090823,1.0,0.9990058983365365,0.9995027019858768,0.9993172852157269,0.0,0.0009941016634634503,0.9999999512633431,0.9999998696294996,0.0009941016634634503
Edge-IIoT,RANDOM_L2,2,10,2048,2,151.34923315048218,4.08988094329834,1.2162012973114256,1.0,1.0,1.0,1.0,1.0,0.0,0.0,1.0,1.0,0.0,0.9878379870268857,0.987247743636548,0.9677828219232554,0.977418383226519,0.9691874240555264,0.004669961532391088,0.03221717807674465,0.9984838627128004,0.9964891943858699,0.03221717807674465
Edge-IIoT,C&W,2,10,2048,2,151.34923315048218,3.8108420372009277,0.0,1.0,1.0,1.0,1.0,1.0,0.0,0.0,1.0,1.0,0.0,1.0,1.0,1.0,1.0,1.0,0.0,0.0,0.9999998661728835,0.9999996418230266,0.0
Edge-IIoT,FGSM,2,10,2048,3,151.86133885383606,11.24253797531128,0.0,1.0,1.0,1.0,1.0,1.0,0.0,0.0,1.0,1.0,0.0,1.0,1.0,1.0,1.0,1.0,0.0,0.0,0.9999999999999999,1.0,0.0
Edge-IIoT,RANDOM_LINF,2,10,2048,3,151.86133885383606,3.9938621520996094,0.037175475001183234,1.0,1.0,1.0,1.0,1.0,0.0,0.0,1.0,1.0,0.0,0.9996282452499882,1.0,0.9986331102127377,0.9993160876899929,0.9990612776348505,0.0,0.001366889787262244,0.9999998539438538,0.9999996092031161,0.001366889787262244
Edge-IIoT,RANDOM_L2,2,10,2048,3,151.86133885383606,4.862038850784302,1.346428112770115,1.0,1.0,1.0,1.0,1.0,0.0,0.0,1.0,1.0,0.0,0.9865357188722989,0.9815013764855972,0.9687520710451322,0.9750850510306184,0.9658996432572492,0.0068208053130483495,0.031247928954867783,0.9983609313283038,0.9960335520039717,0.031247928954867783
Edge-IIoT,C&W,2,10,2048,3,151.86133885383606,4.864032983779907,0.0,1.0,1.0,1.0,1.0,1.0,0.0,0.0,1.0,1.0,0.0,1.0,1.0,1.0,1.0,1.0,0.0,0.0,1.0,1.0,0.0
Edge-IIoT,FGSM,2,15,1024,2,126.15785503387451,4.371853351593018,0.0,1.0,1.0,1.0,1.0,1.0,0.0,0.0,1.0,1.0,0.0,1.0,1.0,1.0,1.0,1.0,0.0,0.0,0.9999966389396577,0.9999910114786652,0.0
Edge-IIoT,RANDOM_LINF,2,15,1024,2,126.15785503387451,2.979058265686035,0.022755896818904553,1.0,1.0,1.0,1.0,1.0,0.0,0.0,1.0,1.0,0.0,0.999772441031811,1.0,0.999163297766585,0.9995814737923862,0.9994253790133008,0.0,0.0008367022334150706,0.9999999117176865,0.9999997637147293,0.0008367022334150706
Edge-IIoT,RANDOM_L2,2,15,1024,2,126.15785503387451,4.070149660110474,1.6400017123249122,1.0,1.0,1.0,1.0,1.0,0.0,0.0,1.0,1.0,0.0,0.9835999828767509,0.9765571828287666,0.9628123136059381,0.9696360412973198,0.9584482209558005,0.008634322515156485,0.0371876863940619,0.9971696998608965,0.9932603411262065,0.0371876863940619
Edge-IIoT,C&W,2,15,1024,2,126.15785503387451,3.2982075214385986,0.0,1.0,1.0,1.0,1.0,1.0,0.0,0.0,1.0,1.0,0.0,1.0,1.0,1.0,1.0,1.0,0.0,0.0,1.0,1.0000000000000002,0.0
Edge-IIoT,FGSM,2,15,1024,3,127.67042231559753,4.8526270389556885,0.0,1.0,1.0,1.0,1.0,1.0,0.0,0.0,1.0,1.0,0.0,1.0,1.0,1.0,1.0,1.0,0.0,0.0,1.0,1.0,0.0
Edge-IIoT,RANDOM_LINF,2,15,1024,3,127.67042231559753,3.228393077850342,0.03221874500102251,1.0,1.0,1.0,1.0,1.0,0.0,0.0,1.0,1.0,0.0,0.9996778125499898,1.0,0.9988153621843727,0.9994073300425644,0.999186436186923,0.0,0.001184637815627278,0.9999986785725918,0.9999964736885042,0.001184637815627278
Edge-IIoT,RANDOM_L2,2,15,1024,3,127.67042231559753,4.425202369689941,1.8725174105141296,1.0,1.0,1.0,1.0,1.0,0.0,0.0,1.0,1.0,0.0,0.9812748258948587,0.9672744506248285,0.9637567101862283,0.9655123762889807,0.9526639541210669,0.012180893698801407,0.036243289813771624,0.9964400532575235,0.9913274986532509,0.036243289813771624
Edge-IIoT,C&W,2,15,1024,3,127.67042231559753,5.9840474128723145,0.0,1.0,1.0,1.0,1.0,1.0,0.0,0.0,1.0,1.0,0.0,1.0,1.0,1.0,1.0,1.0,0.0,0.0,1.0,1.0,0.0
Edge-IIoT,FGSM,2,15,2048,2,129.42509841918945,3.2323825359344482,0.0,1.0,1.0,1.0,1.0,1.0,0.0,0.0,1.0,1.0,0.0,1.0,1.0,1.0,1.0,1.0,0.0,0.0,1.0,1.0,0.0
Edge-IIoT,RANDOM_LINF,2,15,2048,2,129.42509841918945,3.208446502685547,0.031768133182830116,1.0,1.0,1.0,1.0,1.0,0.0,0.0,1.0,1.0,0.0,0.9996823186681717,1.0,0.9988319305454304,0.9994156239768239,0.9991978143043869,0.0,0.001168069454569554,0.9999998483805426,0.9999995946761593,0.001168069454569554
Edge-IIoT,RANDOM_L2,2,15,2048,2,129.42509841918945,4.020788908004761,1.695652271872139,1.0,1.0,1.0,1.0,1.0,0.0,0.0,1.0,1.0,0.0,0.9830434772812786,0.9714983170593529,0.9659934389290211,0.968738057655562,0.9571122685870903,0.010587102983638113,0.03400656107097886,0.9969185135158621,0.9926300124086378,0.03400656107097886
Edge-IIoT,C&W,2,15,2048,2,129.42509841918945,3.1165101528167725,0.0,1.0,1.0,1.0,1.0,1.0,0.0,0.0,1.0,1.0,0.0,1.0,1.0,1.0,1.0,1.0,0.0,0.0,1.0,1.0,0.0
Edge-IIoT,FGSM,2,15,2048,3,132.33826851844788,4.709444284439087,0.0,1.0,1.0,1.0,1.0,1.0,0.0,0.0,1.0,1.0,0.0,1.0,1.0,1.0,1.0,1.0,0.0,0.0,1.0,1.0,0.0
Edge-IIoT,RANDOM_LINF,2,15,2048,3,132.33826851844788,3.426863431930542,0.008336318636625872,1.0,1.0,1.0,1.0,1.0,0.0,0.0,1.0,1.0,0.0,0.9999166368136337,0.999983427108279,0.9997100536814898,0.999846721708763,0.99978948958216,6.18947850548852e-06,0.00028994631851017295,0.9999998999373112,0.9999997320753506,0.00028994631851017295
Edge-IIoT,RANDOM_L2,2,15,2048,3,132.33826851844788,4.488541603088379,1.6733469868714268,1.0,1.0,1.0,1.0,1.0,0.0,0.0,1.0,1.0,0.0,0.9832665301312857,0.9670814470309808,0.9715438398833587,0.9693075076142341,0.9578101592477728,0.012354199096955086,0.02845616011664126,0.9969875204174059,0.9927860230101222,0.02845616011664126
Edge-IIoT,C&W,2,15,2048,3,132.33826851844788,3.8816516399383545,0.0,1.0,1.0,1.0,1.0,1.0,0.0,0.0,1.0,1.0,0.0,1.0,1.0,1.0,1.0,1.0,0.0,0.0,0.9999999999999999,1.0,0.0
Edge-IIoT,FGSM,2,20,1024,2,118.25335955619812,16.80570340156555,0.8408416527540319,1.0,1.0,1.0,1.0,1.0,0.0,0.0,1.0,1.0,0.0,0.9915915834724597,0.9939449727228199,0.9750231957054808,0.9843931651096075,0.9787242320200863,0.0022189280442176345,0.024976804294519185,0.998892594313293,0.9972759586217572,0.024976804294519185
Edge-IIoT,RANDOM_LINF,2,20,1024,2,118.25335955619812,3.2912256717681885,0.14036558136810706,1.0,1.0,1.0,1.0,1.0,0.0,0.0,1.0,1.0,0.0,0.9985963441863189,0.9986629128567988,0.9961727085956658,0.9974162564334386,0.9964541594666027,0.0004982530196918259,0.003827291404334283,0.9999569997835555,0.9998827669825239,0.003827291404334283
Edge-IIoT,RANDOM_L2,2,20,1024,2,118.25335955619812,4.4980082511901855,2.855527091909038,1.0,1.0,1.0,1.0,1.0,0.0,0.0,1.0,1.0,0.0,0.9714447290809096,0.9447179504066915,0.9506345682285109,0.9476670245272112,0.9280415076482086,0.020781174082177705,0.049365431771489166,0.9916622612822326,0.9789673139853906,0.049365431771489166
Edge-IIoT,C&W,2,20,1024,2,118.25335955619812,10.884982585906982,0.8412922645722243,1.0,1.0,1.0,1.0,1.0,0.0,0.0,1.0,1.0,0.0,0.9915870773542778,0.993936527775432,0.9750149115249519,0.9843848013181336,0.9787127838543096,0.0022220227834703786,0.02498508847504805,0.9985230025424972,0.9965158269773472,0.02498508847504805
Edge-IIoT,FGSM,2,20,1024,3,116.52889919281006,6.7400290966033936,2.810916521907625,1.0,1.0,1.0,1.0,1.0,0.0,0.0,1.0,1.0000000000000002,0.0,0.9718908347809238,0.9100096975574278,0.9950460600437405,0.9506299860706597,0.9328518785814668,0.03675931284409632,0.0049539399562595265,0.9963422537851289,0.9907491769535643,0.0049539399562595265
Edge-IIoT,RANDOM_LINF,2,20,1024,3,116.52889919281006,4.614696264266968,0.13923905182261498,1.0,1.0,1.0,1.0,1.0,0.0,0.0,1.0,1.0000000000000002,0.0,0.9986076094817739,0.9968228227234367,0.9980615017562463,0.9974417776747497,0.9964856443442264,0.0011883798730537957,0.0019384982437537278,0.9999652965776746,0.9999075583626563,0.0019384982437537278
Edge-IIoT,RANDOM_L2,2,20,1024,3,116.52889919281006,4.82613205909729,2.9909359432769844,1.0,1.0,1.0,1.0,1.0,0.0,0.0,1.0,1.0000000000000002,0.0,0.9700906405672302,0.9405502931889942,0.9500795281330771,0.945290895828096,0.924733581854546,0.02243376484314314,0.04992047186692292,0.990514172780194,0.976303236178912,0.04992047186692292
Edge-IIoT,C&W,2,20,1024,3,116.52889919281006,3.721585512161255,2.6417117841749604,1.0,1.0,1.0,1.0,1.0,0.0,0.0,1.0,1.0000000000000002,0.0,0.9735828821582504,0.9151854081111763,0.9950874809463848,0.9534653897596076,0.9366634625700774,0.0344506373615491,0.004912519053615216,0.9975840602119672,0.9940456311372248,0.004912519053615216
Edge-IIoT,FGSM,2,20,2048,2,113.91950511932373,7.258672475814819,1.5537095491403474,1.0,1.0,1.0,1.0,1.0,0.0,0.0,1.0,0.9999999999999999,0.0,0.9844629045085965,0.9890347861955177,0.9534429054277951,0.9709127720600641,0.9606183750858824,0.0039488872865016756,0.046557094572204916,0.9972930208950926,0.9892817467411116,0.046557094572204916
Edge-IIoT,RANDOM_LINF,2,20,2048,2,113.91950511932373,3.0583581924438477,0.22034917909792284,1.0,1.0,1.0,1.0,1.0,0.0,0.0,1.0,0.9999999999999999,0.0,0.9977965082090208,0.9994493851467472,0.9924448273576778,0.9959347903798352,0.9944350371822417,0.00020425279068112117,0.007555172642322221,0.9999767934037608,0.9999336963535252,0.007555172642322221
Edge-IIoT,RANDOM_L2,2,20,2048,2,113.91950511932373,5.153773307800293,3.26468262283115,1.0,1.0,1.0,1.0,1.0,0.0,0.0,1.0,0.9999999999999999,0.0,0.9673531737716885,0.9466111671712075,0.9325584863145338,0.9395322828336783,0.9172227293493808,0.019648499515673306,0.06744151368546623,0.9899464655251572,0.9739827824800169,0.06744151368546623
Edge-IIoT,C&W,2,20,2048,2,113.91950511932373,3.7180910110473633,1.3076754964052473,1.0,1.0,1.0,1.0,1.0,0.0,0.0,1.0,0.9999999999999999,0.0,0.9869232450359475,0.9910346477958395,0.9606087215852608,0.9755845161073204,0.9668769019031315,0.003246381476128729,0.03939127841473922,0.9977579897905604,0.9909237710262109,0.03939127841473922
Edge-IIoT,FGSM,2,20,2048,3,114.8699676990509,17.26150941848755,1.134415252308818,1.0,1.0,1.0,1.0,1.0,0.0,0.0,1.0,1.0,0.0,0.9886558474769118,0.9987496442953598,0.9594903572138644,0.9787264607337364,0.9713593954779144,0.0004487371916479177,0.04050964278613559,0.9984232148529314,0.9963127720045233,0.04050964278613559
Edge-IIoT,RANDOM_LINF,2,20,2048,3,114.8699676990509,3.1137020587921143,0.2750985150087537,1.0,1.0,1.0,1.0,1.0,0.0,0.0,1.0,1.0,0.0,0.9972490148499125,0.9995568450713647,0.9903240771422891,0.9949190417337678,0.9930531113015179,0.0001640211803954458,0.009675922857710914,0.9999612737653144,0.9999001843475522,0.009675922857710914
Edge-IIoT,RANDOM_L2,2,20,2048,3,114.8699676990509,6.083787202835083,3.5068864751115814,1.0,1.0,1.0,1.0,1.0,0.0,0.0,1.0,1.0,0.0,0.9649311352488842,0.9309267956820027,0.9408675193849825,0.9358707609398755,0.9117631108843063,0.02607936768287588,0.059132480615017566,0.9881191336984706,0.9705930096208925,0.059132480615017566
Edge-IIoT,C&W,2,20,2048,3,114.8699676990509,9.31967306137085,0.997203953668091,1.0,1.0,1.0,1.0,1.0,0.0,0.0,1.0,1.0,0.0,0.9900279604633191,0.9969826996717724,0.9662585327059448,0.9813802039511325,0.9747956512251703,0.0010924429562187239,0.03374146729405527,0.9986302836917406,0.9968115347927523,0.03374146729405527
Edge-IIoT,FGSM,4,5,1024,2,374.9625358581543,13.327477216720581,85.7795922413657,1.0,1.0,1.0,1.0,1.0,0.0,0.0,1.0,1.0,0.0,0.14220407758634285,0.06976990459297304,0.17465537808999934,0.09970890844212811,-0.6636724104646635,0.8699188249894005,0.8253446219100007,0.06793616426889572,0.15296498757183818,0.8253446219100007
Edge-IIoT,RANDOM_LINF,4,5,1024,2,374.9625358581543,10.074654817581177,0.00788570681843348,1.0,1.0,1.0,1.0,1.0,0.0,0.0,1.0,1.0,0.0,0.9999211429318157,1.0,0.9997100536814898,0.9998550058204806,0.9998008706442943,0.0,0.00028994631851017295,0.9999999994359777,0.9999999984902188,0.00028994631851017295
Edge-IIoT,RANDOM_L2,4,5,1024,2,374.9625358581543,10.131016969680786,0.886353446391841,1.0,1.0,1.0,1.0,1.0,0.0,0.0,1.0,1.0,0.0,0.9911364655360816,0.995746306673459,0.9715604082444165,0.9835046877882696,0.9775842013599924,0.0015504643656248742,0.028439591755583537,0.999557097837279,0.998927496749294,0.028439591755583537
Edge-IIoT,C&W,4,5,1024,2,374.9625358581543,9.96944522857666,0.0,1.0,1.0,1.0,1.0,1.0,0.0,0.0,1.0,1.0,0.0,1.0,1.0,1.0,1.0,1.0,0.0,0.0,1.0,1.0,0.0
Edge-IIoT,FGSM,4,5,1024,3,395.96987748146057,14.151278972625732,87.14381952095458,1.0,1.0,1.0,1.0,1.0,0.0,0.0,1.0,1.0,0.0,0.12856180479045423,0.0648530364187072,0.16425044734574856,0.09298977098448998,-0.6924990653764191,0.8847704786633203,0.8357495526542514,0.07880534313935066,0.15389597001395638,0.8357495526542514
Edge-IIoT,RANDOM_LINF,4,5,1024,3,395.96987748146057,12.795891284942627,0.004731424091064529,1.0,1.0,1.0,1.0,1.0,0.0,0.0,1.0,1.0,0.0,0.9999526857590894,1.0,0.9998260322088939,0.9999130085375907,0.9998805219691498,0.0,0.00017396779110610377,0.9999999997051702,0.9999999992108557,0.00017396779110610377
Edge-IIoT,RANDOM_L2,4,5,1024,3,395.96987748146057,11.39163589477539,0.8349836991174753,1.0,1.0,1.0,1.0,1.0,0.0,0.0,1.0,1.0,0.0,0.9916501630088252,0.9960740087508055,0.9731344025449002,0.9844705921791455,0.9788858992126708,0.0014328642740205923,0.02686559745509974,0.9996264190659035,0.9990926821030662,0.02686559745509974
Edge-IIoT,C&W,4,5,1024,3,395.96987748146057,10.58877444267273,0.0,1.0,1.0,1.0,1.0,1.0,0.0,0.0,1.0,1.0,0.0,1.0,1.0,1.0,1.0,1.0,0.0,0.0,1.0,1.0,0.0
Edge-IIoT,FGSM,4,5,2048,2,396.5538532733917,14.214632272720337,88.39944935235816,1.0,1.0,1.0,1.0,1.0,0.0,0.0,1.0,1.0,0.0,0.11600550647641836,0.038748764692098446,0.09452249983431639,0.054965038670626465,-0.7358721130341338,0.8759690402285155,0.9054775001656836,0.04353070143038798,0.15145144034444916,0.9054775001656836
Edge-IIoT,RANDOM_LINF,4,5,2048,2,396.5538532733917,10.048232555389404,0.004280812272861034,1.0,1.0,1.0,1.0,1.0,0.0,0.0,1.0,1.0,0.0,0.9999571918772714,1.0,0.9998426005699517,0.9999212940908432,0.9998919007752494,0.0,0.00015739943004837963,0.9999999997308074,0.9999999992794563,0.00015739943004837963
Edge-IIoT,RANDOM_L2,4,5,2048,2,396.5538532733917,10.237218856811523,0.8827485518462685,1.0,1.0,1.0,1.0,1.0,0.0,0.0,1.0,1.0,0.0,0.9911725144815373,0.9955954239934822,0.9718420703823978,0.983575357166812,0.9776741040159589,0.001606169672174271,0.028157929617602228,0.9995635740570461,0.9989244703231096,0.028157929617602228
Edge-IIoT,C&W,4,5,2048,2,396.5538532733917,10.205792665481567,0.0,1.0,1.0,1.0,1.0,1.0,0.0,0.0,1.0,1.0,0.0,1.0,1.0,1.0,1.0,1.0,0.0,0.0,1.0,1.0,0.0
Edge-IIoT,FGSM,4,5,2048,3,379.126259803772,13.794732093811035,82.40743869989478,1.0,1.0,1.0,1.0,1.0,0.0,0.0,1.0,0.9999999999999999,0.0,0.17592561300105217,0.06331306535887146,0.1471601829147061,0.08853535882138923,-0.614715546020603,0.813328423013719,0.8528398170852939,0.07620032292797038,0.1536844549767677,0.8528398170852939
Edge-IIoT,RANDOM_LINF,4,5,2048,3,379.126259803772,10.076136827468872,0.004956730000160725,1.0,1.0,1.0,1.0,1.0,0.0,0.0,1.0,0.9999999999999999,0.0,0.9999504326999984,1.0,0.999817748028365,0.9999088657094805,0.9998748325703585,0.0,0.00018225197163496587,0.9999999988206806,0.9999999968430326,0.00018225197163496587
Edge-IIoT,RANDOM_L2,4,5,2048,3,379.126259803772,10.26217007637024,0.864273467300225,1.0,1.0,1.0,1.0,1.0,0.0,0.0,1.0,0.9999999999999999,0.0,0.9913572653269977,0.9949520615238676,0.9731592550864868,0.9839350029315688,0.9781366819151982,0.001844464594635579,0.026840744913513154,0.9995788650998054,0.9989625813528912,0.026840744913513154
Edge-IIoT,C&W,4,5,2048,3,379.126259803772,9.96993088722229,0.0,1.0,1.0,1.0,1.0,1.0,0.0,0.0,1.0,0.9999999999999999,0.0,1.0,1.0,1.0,1.0,1.0,0.0,0.0,1.0,1.0,0.0
Edge-IIoT,FGSM,4,10,1024,2,225.35987782478333,18.36621642112732,66.91157418985627,1.0,1.0,1.0,1.0,1.0,0.0,0.0,0.9999999999999999,1.0,0.0,0.33088425810143723,0.13909625110050983,0.2813970442043873,0.18616836157263159,-0.33026717292049224,0.650628696279195,0.7186029557956127,0.2592173185696823,0.1808302322780911,0.7186029557956127
Edge-IIoT,RANDOM_LINF,4,10,1024,2,225.35987782478333,5.836946249008179,0.004731424091064529,1.0,1.0,1.0,1.0,1.0,0.0,0.0,0.9999999999999999,1.0,0.0,0.9999526857590894,1.0,0.9998260322088939,0.9999130085375907,0.9998805219691498,0.0,0.00017396779110610377,0.9999999900526971,0.9999999734198095,0.00017396779110610377
Edge-IIoT,RANDOM_L2,4,10,1024,2,225.35987782478333,5.9581146240234375,1.0319010636691939,1.0,1.0,1.0,1.0,1.0,0.0,0.0,0.9999999999999999,1.0,0.0,0.9896809893633081,0.9869919653790026,0.9749072171780767,0.9809123719503555,0.9738766561344299,0.004799940581006347,0.025092782821923256,0.9990348696640103,0.9977239119785192,0.025092782821923256
Edge-IIoT,C&W,4,10,1024,2,225.35987782478333,5.720260143280029,0.0,1.0,1.0,1.0,1.0,1.0,0.0,0.0,0.9999999999999999,1.0,0.0,1.0,1.0,1.0,1.0,1.0,0.0,0.0,1.0,0.9999999999999998,0.0
Edge-IIoT,FGSM,4,10,1024,3,228.36487746238708,11.12386703491211,72.3723135086664,1.0,1.0,1.0,1.0,1.0,0.0,0.0,1.0,1.0,0.0,0.2762768649133361,0.12181808579662909,0.2675210418185433,0.167406247732009,-0.41093702336310584,0.720452203299611,0.7324789581814567,0.1753576714946901,0.17644582154694258,0.7324789581814567
Edge-IIoT,RANDOM_LINF,4,10,1024,3,228.36487746238708,5.81350040435791,0.0036048945455724457,1.0,1.0,1.0,1.0,1.0,0.0,0.0,1.0,1.0,0.0,0.9999639510545443,1.0,0.9998674531115382,0.9999337221633086,0.999908969005696,0.0,0.00013254688846179335,0.9999999928599901,0.9999999809123892,0.00013254688846179335
Edge-IIoT,RANDOM_L2,4,10,1024,3,228.36487746238708,5.988542079925537,1.0300986163964132,1.0,1.0,1.0,1.0,1.0,0.0,0.0,1.0,1.0,0.0,0.9896990138360359,0.9883607494869984,0.9735900324739877,0.9809197896669727,0.9739172406388358,0.004283119125798056,0.026409967526012327,0.9991440464153943,0.9979123997854642,0.026409967526012327
Edge-IIoT,C&W,4,10,1024,3,228.36487746238708,5.778854608535767,0.0,1.0,1.0,1.0,1.0,1.0,0.0,0.0,1.0,1.0,0.0,1.0,1.0,1.0,1.0,1.0,0.0,0.0,1.0,1.0000000000000002,0.0
Edge-IIoT,FGSM,4,10,2048,2,225.38074922561646,20.373202323913574,60.76748204875169,1.0,1.0,1.0,1.0,1.0,0.0,0.0,1.0,1.0,0.0,0.3923251795124831,0.20008132077826402,0.4117237722844456,0.269295686121519,-0.18213708012784757,0.6149215947810317,0.5882762277155543,0.3489143398019938,0.2245768457926926,0.5882762277155543
Edge-IIoT,RANDOM_LINF,4,10,2048,2,225.38074922561646,5.815003395080566,0.007435095000241088,1.0,1.0,1.0,1.0,1.0,0.0,0.0,1.0,1.0,0.0,0.9999256490499976,1.0,0.9997266220425476,0.9998632923348426,0.999812249370949,0.0,0.0002733779574524488,0.9999999941674964,0.9999999843896468,0.0002733779574524488
Edge-IIoT,RANDOM_L2,4,10,2048,2,225.38074922561646,6.054871559143066,1.065696950033912,1.0,1.0,1.0,1.0,1.0,0.0,0.0,1.0,1.0,0.0,0.9893430304996609,0.9877127766938034,0.9729190138511499,0.9802600827991453,0.9730139791860007,0.004521414048259364,0.027080986148850156,0.9990391557594306,0.9976657331273308,0.027080986148850156
Edge-IIoT,C&W,4,10,2048,2,225.38074922561646,5.733727931976318,0.0,1.0,1.0,1.0,1.0,1.0,0.0,0.0,1.0,1.0,0.0,1.0,1.0,1.0,1.0,1.0,0.0,0.0,1.0,1.0000000000000002,0.0
Edge-IIoT,FGSM,4,10,2048,3,228.8935046195984,22.809710264205933,62.577364416536554,1.0,1.0,1.0,1.0,1.0,0.0,0.0,1.0,1.0,0.0,0.3742263558346345,0.1534580924217681,0.2880326728080058,0.20023496754798695,-0.27197637837701377,0.5935740834156018,0.7119673271919942,0.2734482469407719,0.18575230958334454,0.7119673271919942
Edge-IIoT,RANDOM_LINF,4,10,2048,3,228.8935046195984,5.814516067504883,0.006308565454749004,1.0,1.0,1.0,1.0,1.0,0.0,0.0,1.0,1.0,0.0,0.9999369143454525,0.9999917140347679,0.9997763271257207,0.9998840089810189,0.999840695315967,3.09473925274426e-06,0.0002236728742792763,0.9999999862968212,0.999999963376111,0.0002236728742792763
Edge-IIoT,RANDOM_L2,4,10,2048,3,228.8935046195984,6.087243318557739,1.0638945027611202,1.0,1.0,1.0,1.0,1.0,0.0,0.0,1.0,1.0,0.0,0.9893610549723888,0.9883871728365952,0.972305984492014,0.9802806314206965,0.9730581351540727,0.004267645429534335,0.02769401550798595,0.9990560808646125,0.9977313879215954,0.02769401550798595
Edge-IIoT,C&W,4,10,2048,3,228.8935046195984,5.823471784591675,0.0,1.0,1.0,1.0,1.0,1.0,0.0,0.0,1.0,1.0,0.0,1.0,1.0,1.0,1.0,1.0,0.0,0.0,1.0,1.0,0.0
Edge-IIoT,FGSM,4,15,1024,2,179.86685705184937,23.392667055130005,53.84608452125874,1.0,1.0,1.0,1.0,1.0,0.0,0.0,1.0,1.0,0.0,0.4615391547874126,0.2063361223527075,0.3442325535158062,0.2580154425530197,-0.13443048898780255,0.49463836424462054,0.6557674464841938,0.37675644392348956,0.23033455905495345,0.6557674464841938
Edge-IIoT,RANDOM_LINF,4,15,1024,2,179.86685705184937,4.487040281295776,0.004055506363764838,1.0,1.0,1.0,1.0,1.0,0.0,0.0,1.0,1.0,0.0,0.9999594449363624,1.0,0.9998508847504805,0.9999254368159863,0.9998975901825584,0.0,0.00014911524951951753,0.9999999843996551,0.9999999582622892,0.00014911524951951753
Edge-IIoT,RANDOM_L2,4,15,1024,2,179.86685705184937,5.2535059452056885,1.6109372500512587,1.0,1.0,1.0,1.0,1.0,0.0,0.0,1.0,1.0,0.0,0.9838906274994874,0.973040971724678,0.9675757174100338,0.9703006488165951,0.9592558332470212,0.010014576221880426,0.0324242825899662,0.9973646690875726,0.9938587672301349,0.0324242825899662
Edge-IIoT,C&W,4,15,1024,2,179.86685705184937,4.50849175453186,0.0,1.0,1.0,1.0,1.0,1.0,0.0,0.0,1.0,1.0,0.0,1.0,1.0,1.0,1.0,1.0,0.0,0.0,1.0,1.0,0.0
Edge-IIoT,FGSM,4,15,1024,3,183.158371925354,16.43520975112915,51.50019939572955,1.0,1.0,1.0,1.0,1.0,0.0,0.0,1.0,1.0,0.0,0.4849980060427045,0.2482953988603324,0.4407432566770495,0.3176440736152365,-0.05140415513868269,0.498469651439518,0.5592567433229505,0.4372331715211242,0.26868025812910923,0.5592567433229505
Edge-IIoT,RANDOM_LINF,4,15,1024,3,183.158371925354,4.475071430206299,0.004731424091064529,1.0,1.0,1.0,1.0,1.0,0.0,0.0,1.0,1.0,0.0,0.9999526857590894,1.0,0.9998260322088939,0.9999130085375907,0.9998805219691498,0.0,0.00017396779110610377,0.9999999949366177,0.9999999864487129,0.00017396779110610377
Edge-IIoT,RANDOM_L2,4,15,1024,3,183.158371925354,5.167226076126099,1.5032410255023776,1.0,1.0,1.0,1.0,1.0,0.0,0.0,1.0,1.0,0.0,0.9849675897449762,0.9738792945830493,0.9707651269136457,0.9723197172230105,0.9620041906421082,0.00972676547137521,0.029234873086354297,0.997764042480832,0.9946358986886048,0.029234873086354297
Edge-IIoT,C&W,4,15,1024,3,183.158371925354,4.4561216831207275,0.0,1.0,1.0,1.0,1.0,1.0,0.0,0.0,1.0,1.0,0.0,1.0,1.0,1.0,1.0,1.0,0.0,0.0,1.0,1.0,0.0
Edge-IIoT,FGSM,4,15,2048,2,180.40126013755798,24.185571432113647,64.26175139295378,1.0,1.0,1.0,1.0,1.0,0.0,0.0,1.0,1.0,0.0,0.3573824860704622,0.1887925359242696,0.41337232420968917,0.259203465811988,-0.22680648917326468,0.6635337589631386,0.5866276757903108,0.35910093556648254,0.24903407299166286,0.5866276757903108
Edge-IIoT,RANDOM_LINF,4,15,2048,2,180.40126013755798,4.532917499542236,0.008561624545722069,1.0,1.0,1.0,1.0,1.0,0.0,0.0,1.0,1.0,0.0,0.9999143837545428,0.9999834269709474,0.999701769500961,0.9998425784000994,0.9997838001583298,6.18947850548852e-06,0.00029823049903903505,0.9999999354707179,0.9999998273430475,0.00029823049903903505
Edge-IIoT,RANDOM_L2,4,15,2048,2,180.40126013755798,5.403120994567871,1.8200211336942718,1.0,1.0,1.0,1.0,1.0,0.0,0.0,1.0,1.0,0.0,0.9817997886630573,0.9637510499184769,0.969547352375903,0.9666405120792897,0.9541350660423747,0.013623042190580232,0.030452647624097023,0.9970015206566059,0.9928041329019189,0.030452647624097023
Edge-IIoT,C&W,4,15,2048,2,180.40126013755798,4.407270908355713,0.0,1.0,1.0,1.0,1.0,1.0,0.0,0.0,1.0,1.0,0.0,1.0,1.0,1.0,1.0,1.0,0.0,0.0,1.0,0.9999999999999999,0.0
Edge-IIoT,FGSM,4,15,2048,3,182.33898305892944,27.00803852081299,58.84562264414509,1.0,1.0,1.0,1.0,1.0,0.0,0.0,1.0,1.0,0.0,0.4115437735585491,0.1861883464172896,0.34521008681821197,0.24190547510616128,-0.19443069545869465,0.5636758074948395,0.654789913181788,0.32891434767164357,0.22274821624094215,0.654789913181788
Edge-IIoT,RANDOM_LINF,4,15,2048,3,182.33898305892944,4.54439377784729,0.005632647727449314,1.0,1.0,1.0,1.0,1.0,0.0,0.0,1.0,1.0,0.0,0.9999436735227255,0.9999668586105472,0.9998260322088939,0.9998964404511882,0.9998577619055712,1.237895701097704e-05,0.00017396779110610377,0.9999998049251857,0.9999994676933924,0.00017396779110610377
Edge-IIoT,RANDOM_L2,4,15,2048,3,182.33898305892944,5.37817120552063,1.5895331886869424,1.0,1.0,1.0,1.0,1.0,0.0,0.0,1.0,1.0,0.0,0.9841046681131306,0.9703606220875856,0.9712207568427331,0.9707904989421647,0.9598721791789536,0.011082261264077195,0.028779243157266883,0.9975872276331885,0.9942807612757356,0.028779243157266883
Edge-IIoT,C&W,4,15,2048,3,182.33898305892944,4.458622217178345,0.0,1.0,1.0,1.0,1.0,1.0,0.0,0.0,1.0,1.0,0.0,1.0,1.0,1.0,1.0,1.0,0.0,0.0,1.0,1.0,0.0
Edge-IIoT,FGSM,4,20,1024,2,154.66384935379028,33.353102684020996,49.231368891111906,1.0,1.0,1.0,1.0,1.0,0.0,0.0,1.0,1.0,0.0,0.507686311088881,0.26833150930255695,0.4691911326131619,0.3414098974329607,-0.007789107864829292,0.4779329617583071,0.5308088673868381,0.5137525920182019,0.4203759129703687,0.5308088673868381
Edge-IIoT,RANDOM_LINF,4,20,1024,2,154.66384935379028,3.745016098022461,0.01847508454604352,1.0,1.0,1.0,1.0,1.0,0.0,0.0,1.0,1.0,0.0,0.9998152491545396,0.9999088286974107,0.9994118231824508,0.999660264165327,0.999533449902727,3.404213178018686e-05,0.0005881768175492081,0.9999996477039611,0.9999990600576301,0.0005881768175492081
Edge-IIoT,RANDOM_L2,4,20,1024,2,154.66384935379028,5.800536394119263,3.1966402382835324,1.0,1.0,1.0,1.0,1.0,0.0,0.0,1.0,1.0,0.0,0.9680335976171647,0.937491786042844,0.9455066604811452,0.9414821658362754,0.9195092849639543,0.023550965713383817,0.054493339518854794,0.9887814769400185,0.9724826909743804,0.054493339518854794
Edge-IIoT,C&W,4,20,1024,2,154.66384935379028,3.723522424697876,0.0,1.0,1.0,1.0,1.0,1.0,0.0,0.0,1.0,1.0,0.0,1.0,1.0,1.0,1.0,1.0,0.0,0.0,1.0,1.0,0.0
Edge-IIoT,FGSM,4,20,1024,3,181.56070232391357,38.45055556297302,46.83546585376295,1.0,1.0,1.0,1.0,1.0,0.0,0.0,1.0,1.0,0.0,0.5316453414623705,0.2554472557502708,0.3771207502153887,0.3045821471224839,-0.030416159829289857,0.41062857248962487,0.6228792497846113,0.446638533238632,0.3329672656086362,0.6228792497846113
Edge-IIoT,RANDOM_LINF,4,20,1024,3,181.56070232391357,3.797874927520752,0.03649955727388354,1.0,1.0,1.0,1.0,1.0,0.0,0.0,1.0,1.0,0.0,0.9996350044272612,0.9998838925840535,0.9987739412817284,0.9993286087280865,0.9990782774722263,4.3326349538419643e-05,0.0012260587182715886,0.9999989446629448,0.9999971854561334,0.0012260587182715886
Edge-IIoT,RANDOM_L2,4,20,1024,3,181.56070232391357,6.612371921539307,3.5028309687478165,1.0,1.0,1.0,1.0,1.0,0.0,0.0,1.0,1.0,0.0,0.9649716903125218,0.9358665108298312,0.9353005500695871,0.9355834448583183,0.9115292880666522,0.023943997598482338,0.06469944993041288,0.9875556277304054,0.9696664014274489,0.06469944993041288
Edge-IIoT,C&W,4,20,1024,3,181.56070232391357,3.781917095184326,0.0,1.0,1.0,1.0,1.0,1.0,0.0,0.0,1.0,1.0,0.0,1.0,1.0,1.0,1.0,1.0,0.0,0.0,1.0,1.0,0.0
Edge-IIoT,FGSM,4,20,2048,2,155.09811544418335,33.49473285675049,53.31841808215104,1.0,1.0,1.0,1.0,1.0,0.0,0.0,0.9999999999999999,1.0,0.0,0.4668158191784896,0.25298180872959397,0.49181522963748425,0.33410526611984187,-0.045202326558401285,0.5425232647023325,0.5081847703625157,0.4784527900934714,0.3427729534892137,0.5081847703625157
Edge-IIoT,RANDOM_LINF,4,20,2048,2,155.09811544418335,3.8198163509368896,0.02500895590988872,1.0,1.0,1.0,1.0,1.0,0.0,0.0,0.9999999999999999,1.0,0.0,0.9997499104409011,0.9997182374926452,0.9993621180992777,0.9995401460761203,0.9993684293963614,0.00010522113459330485,0.0006378819007223806,0.9999987123882942,0.9999965955249005,0.0006378819007223806
Edge-IIoT,RANDOM_L2,4,20,2048,2,155.09811544418335,6.088279485702515,3.2633307873765616,1.0,1.0,1.0,1.0,1.0,0.0,0.0,0.9999999999999999,1.0,0.0,0.9673666921262344,0.9315614995856152,0.9497895818145669,0.9405872363466319,0.9181777365796707,0.026066988725864902,0.0502104181854331,0.9888537985879796,0.9728617792333439,0.0502104181854331
Edge-IIoT,C&W,4,20,2048,2,155.09811544418335,3.740029811859131,0.0,1.0,1.0,1.0,1.0,1.0,0.0,0.0,0.9999999999999999,1.0,0.0,1.0,1.0,1.0,1.0,1.0,0.0,0.0,1.0,1.0,0.0
Edge-IIoT,FGSM,4,20,2048,3,179.54895615577698,42.94204545021057,38.47774315576975,1.0,1.0,1.0,1.0,1.0,0.0,0.0,1.0,1.0,0.0,0.6152225684423025,0.34699914435888035,0.47034263370667373,0.3993641236301225,0.12884119078287695,0.33065432072020773,0.5296573662933263,0.5402716356176124,0.4736264780659436,0.5296573662933263
Edge-IIoT,RANDOM_LINF,4,20,2048,3,179.54895615577698,3.895613431930542,0.028613850455461165,1.0,1.0,1.0,1.0,1.0,0.0,0.0,1.0,1.0,0.0,0.9997138614954454,0.9998093359086802,0.9991384452249984,0.999473777984031,0.9992773928570234,7.117900281311797e-05,0.0008615547750016569,0.9999988988361305,0.9999970528934381,0.0008615547750016569
Edge-IIoT,RANDOM_L2,4,20,2048,3,179.54895615577698,7.6979851722717285,3.5427101146581763,1.0,1.0,1.0,1.0,1.0,0.0,0.0,1.0,1.0,0.0,0.9645728988534182,0.9295814988788688,0.9410249188150308,0.9352682063315632,0.9109148544247829,0.026630231269864357,0.058975081184969184,0.9873450559027257,0.9684957526140129,0.058975081184969184
Edge-IIoT,C&W,4,20,2048,3,179.54895615577698,3.8058528900146484,0.0,1.0,1.0,1.0,1.0,1.0,0.0,0.0,1.0,1.0,0.0,1.0,1.0,1.0,1.0,1.0,0.0,0.0,1.0,1.0,0.0
Edge-IIoT,FGSM,8,5,1024,2,699.3266763687134,22.120543718338013,69.8986799326786,1.0,1.0,1.0,1.0,1.0,0.0,0.0,1.0,1.0,0.0,0.3010132006732141,0.1380959109709105,0.29955596792365297,0.18904273589171866,-0.36087777644116653,0.6984424177340938,0.700444032076347,0.22328146461213116,0.18323878927376333,0.700444032076347
Edge-IIoT,RANDOM_LINF,8,5,1024,2,699.3266763687134,19.69053339958191,0.00202775318188797,1.0,1.0,1.0,1.0,1.0,0.0,0.0,1.0,1.0,0.0,0.9999797224681811,1.0,0.9999254423752403,0.9999627197978584,0.9999487949761648,0.0,7.455762475975876e-05,1.0,1.0,7.455762475975876e-05
Edge-IIoT,RANDOM_L2,8,5,1024,2,699.3266763687134,19.64313054084778,0.7369756286598084,1.0,1.0,1.0,1.0,1.0,0.0,0.0,1.0,1.0,0.0,0.9926302437134019,0.996801949288053,0.976033865730002,0.9863085944857666,0.9813693296124616,0.0011698114375373304,0.02396613426999801,0.9997623593947168,0.9994122585001947,0.02396613426999801
Edge-IIoT,C&W,8,5,1024,2,699.3266763687134,19.107070207595825,0.0,1.0,1.0,1.0,1.0,1.0,0.0,0.0,1.0,1.0,0.0,1.0,1.0,1.0,1.0,1.0,0.0,0.0,1.0,1.0,0.0
Edge-IIoT,FGSM,8,5,1024,3,695.2923150062561,21.286304712295532,77.86369443111386,1.0,1.0,1.0,1.0,1.0,0.0,0.0,1.0,1.0000000000000002,0.0,0.22136305568886155,0.09704736613878347,0.22433560872158526,0.13548433900102813,-0.51152233328606,0.7797474073821911,0.7756643912784147,0.17307695552201183,0.18311586729877471,0.7756643912784147
Edge-IIoT,RANDOM_LINF,8,5,1024,3,695.2923150062561,19.148958921432495,0.004280812272861034,1.0,1.0,1.0,1.0,1.0,0.0,0.0,1.0,1.0000000000000002,0.0,0.9999571918772714,1.0,0.9998426005699517,0.9999212940908432,0.9998919007752494,0.0,0.00015739943004837963,0.9999999998718131,0.9999999996568574,0.00015739943004837963
Edge-IIoT,RANDOM_L2,8,5,1024,3,695.2923150062561,19.162432193756104,0.7317935927505625,1.0,1.0,1.0,1.0,1.0,0.0,0.0,1.0,1.0000000000000002,0.0,0.9926820640724944,0.9970548408937034,0.9759758764662999,0.9864027596369603,0.981502300920442,0.0010769692599550025,0.024024123533700047,0.9997831787664423,0.9994591994490177,0.024024123533700047
Edge-IIoT,C&W,8,5,1024,3,695.2923150062561,18.681713104248047,0.0,1.0,1.0,1.0,1.0,1.0,0.0,0.0,1.0,1.0000000000000002,0.0,1.0,1.0,1.0,1.0,1.0,0.0,0.0,1.0,1.0,0.0
Edge-IIoT,FGSM,8,5,2048,2,682.992681980133,22.228273630142212,78.37739190385746,1.0,1.0,1.0,1.0,1.0,0.0,0.0,1.0,1.0,0.0,0.21622608096142537,0.10788818653529471,0.258888925707469,0.15230534172569832,-0.5054276828765136,0.7997115703016442,0.741111074292531,0.17702624922505872,0.1693746422588954,0.741111074292531
Edge-IIoT,RANDOM_LINF,8,5,2048,2,682.992681980133,18.825323343276978,0.003154282727368951,1.0,1.0,1.0,1.0,1.0,0.0,0.0,1.0,1.0,0.0,0.9999684571727263,1.0,0.9998840214725959,0.9999420073733483,0.9999203478401953,0.0,0.0001159785274040692,1.0,1.0,0.0001159785274040692
Edge-IIoT,RANDOM_L2,8,5,2048,2,682.992681980133,18.950517177581787,0.7349478754779315,1.0,1.0,1.0,1.0,1.0,0.0,0.0,1.0,1.0,0.0,0.9926505212452207,0.9977032341175673,0.9752220160381735,0.9863345398485153,0.9814282708458876,0.0008386743374936944,0.024777983961826497,0.9998078992498913,0.9995191587097971,0.024777983961826497
Edge-IIoT,C&W,8,5,2048,2,682.992681980133,18.428380727767944,0.0,1.0,1.0,1.0,1.0,1.0,0.0,0.0,1.0,1.0,0.0,1.0,1.0,1.0,1.0,1.0,0.0,0.0,1.0,0.9999999999999999,0.0
Edge-IIoT,FGSM,8,5,2048,3,691.516934633255,21.25090503692627,74.17949220554208,1.0,1.0,1.0,1.0,1.0,0.0,0.0,0.9999999999999999,1.0,0.0,0.25820507794457925,0.1016813175478207,0.22049174895619325,0.1391791795979303,-0.4588498059474679,0.7277062721080435,0.7795082510438067,0.1499972780359242,0.1614820330662751,0.7795082510438067
Edge-IIoT,RANDOM_LINF,8,5,2048,3,691.516934633255,18.94052004814148,0.0024783650000803625,1.0,1.0,1.0,1.0,1.0,0.0,0.0,0.9999999999999999,1.0,0.0,0.9999752163499992,1.0,0.9999088740141825,0.9999544349310103,0.999937416113252,0.0,9.112598581748294e-05,1.0,1.0,9.112598581748294e-05
Edge-IIoT,RANDOM_L2,8,5,2048,3,691.516934633255,19.13799524307251,0.784064563661313,1.0,1.0,1.0,1.0,1.0,0.0,0.0,0.9999999999999999,1.0,0.0,0.9921593543633869,0.9979103666202304,0.97320896016966,0.9854048885235451,0.9801898473573871,0.000761305856175088,0.026791039830339983,0.9997848959452462,0.9994632396090213,0.026791039830339983
Edge-IIoT,C&W,8,5,2048,3,691.516934633255,18.770975589752197,0.0,1.0,1.0,1.0,1.0,1.0,0.0,0.0,0.9999999999999999,1.0,0.0,1.0,1.0,1.0,1.0,1.0,0.0,0.0,1.0,1.0,0.0
Edge-IIoT,FGSM,8,10,1024,2,381.8599154949188,14.66292428970337,54.141685873995414,1.0,1.0,1.0,1.0,1.0,0.0,0.0,1.0,1.0,0.0,0.45858314126004585,0.22498838701369184,0.40525382729140436,0.2893408371064142,-0.10346962946675482,0.5214945114799353,0.5947461727085956,0.43097683425723127,0.3767179153153668,0.5947461727085956
Edge-IIoT,RANDOM_LINF,8,10,1024,2,381.8599154949188,10.217270135879517,0.0015771413636844756,1.0,1.0,1.0,1.0,1.0,0.0,0.0,1.0,1.0,0.0,0.9999842285863632,1.0,0.999942010736298,0.9999710045274359,0.9999601738504468,0.0,5.79892637020346e-05,0.9999999992821533,0.9999999980788093,5.79892637020346e-05
Edge-IIoT,RANDOM_L2,8,10,1024,2,381.8599154949188,10.43470549583435,0.6477544886569708,1.0,1.0,1.0,1.0,1.0,0.0,0.0,1.0,1.0,0.0,0.9935224551134303,0.9935415776644133,0.9825700841672742,0.9880253737124673,0.9836145155828863,0.0023860439638658244,0.017429915832725826,0.999686230416563,0.9992259781522396,0.017429915832725826
Edge-IIoT,C&W,8,10,1024,2,381.8599154949188,10.095611333847046,0.0,1.0,1.0,1.0,1.0,1.0,0.0,0.0,1.0,1.0,0.0,1.0,1.0,1.0,1.0,1.0,0.0,0.0,1.0,1.0,0.0
Edge-IIoT,FGSM,8,10,1024,3,390.8736870288849,15.590445280075073,45.150628265527516,1.0,1.0,1.0,1.0,1.0,0.0,0.0,1.0,1.0,0.0,0.5484937173447249,0.2767914666188606,0.40929650738948903,0.3302485536962211,0.008884724509669224,0.399506079615262,0.5907034926105109,0.5094730931466445,0.42182368070907633,0.5907034926105109
Edge-IIoT,RANDOM_LINF,8,10,1024,3,390.8736870288849,10.685523986816406,0.0024783650000803625,1.0,1.0,1.0,1.0,1.0,0.0,0.0,1.0,1.0,0.0,0.9999752163499992,1.0,0.9999088740141825,0.9999544349310103,0.999937416113252,0.0,9.112598581748294e-05,0.9999999998718131,0.9999999996568633,9.112598581748294e-05
Edge-IIoT,RANDOM_L2,8,10,1024,3,390.8736870288849,10.750350952148438,0.5875978109277868,1.0,1.0,1.0,1.0,1.0,0.0,0.0,1.0,1.0,0.0,0.9941240218907221,0.9949874266554903,0.9833487971369872,0.9891338766395014,0.9851393495439816,0.0018506540731410674,0.01665120286301279,0.9997502117509549,0.9993804431577255,0.01665120286301279
Edge-IIoT,C&W,8,10,1024,3,390.8736870288849,10.532423734664917,0.0,1.0,1.0,1.0,1.0,1.0,0.0,0.0,1.0,1.0,0.0,1.0,1.0,1.0,1.0,1.0,0.0,0.0,1.0,1.0,0.0
Edge-IIoT,FGSM,8,10,2048,2,394.6873803138733,25.375367403030396,51.47383860436507,1.0,1.0,1.0,1.0,1.0,0.0,0.0,1.0,1.0000000000000002,0.0,0.48526161395634926,0.23065193480651935,0.38219066869905227,0.2876856690320891,-0.0841043965217222,0.47623394990855045,0.6178093313009477,0.4487352250046007,0.38949510575136526,0.6178093313009477
Edge-IIoT,RANDOM_LINF,8,10,2048,2,394.6873803138733,10.258642435073853,0.0024783650000803625,1.0,1.0,1.0,1.0,1.0,0.0,0.0,1.0,1.0000000000000002,0.0,0.9999752163499992,1.0,0.9999088740141825,0.9999544349310103,0.999937416113252,0.0,9.112598581748294e-05,0.9999999999871814,0.9999999999656864,9.112598581748294e-05
Edge-IIoT,RANDOM_L2,8,10,2048,2,394.6873803138733,10.300549745559692,0.6887601641128227,1.0,1.0,1.0,1.0,1.0,0.0,0.0,1.0,1.0000000000000002,0.0,0.9931123983588718,0.9946189094883761,0.9799771356617404,0.9872437376641476,0.9825774401107072,0.0019806331217563262,0.020022864338259658,0.9996949089897065,0.9992357411997117,0.020022864338259658
Edge-IIoT,C&W,8,10,2048,2,394.6873803138733,10.073652267456055,0.0,1.0,1.0,1.0,1.0,1.0,0.0,0.0,1.0,1.0000000000000002,0.0,1.0,1.0,1.0,1.0,1.0,0.0,0.0,1.0,1.0,0.0
Edge-IIoT,FGSM,8,10,2048,3,387.6093876361847,18.666754484176636,48.588571132455094,1.0,1.0,1.0,1.0,1.0,0.0,0.0,1.0,1.0,0.0,0.5141142886754491,0.2438680924992716,0.3744366757240374,0.29536617721055763,-0.05347824253424234,0.43370604309733884,0.6255633242759626,0.4531698644993225,0.3913062771718999,0.6255633242759626
Edge-IIoT,RANDOM_LINF,8,10,2048,3,387.6093876361847,10.32797908782959,0.000901223636395887,1.0,1.0,1.0,1.0,1.0,0.0,0.0,1.0,1.0,0.0,0.999990987763636,1.0,0.9999668632778845,0.9999834313644271,0.9999772421831925,0.0,3.313672211544834e-05,1.0,1.0,3.313672211544834e-05
Edge-IIoT,RANDOM_L2,8,10,2048,3,387.6093876361847,10.740876913070679,0.6662295732030143,1.0,1.0,1.0,1.0,1.0,0.0,0.0,1.0,1.0,0.0,0.9933377042679699,0.9941501817052598,0.9812777520047717,0.9876720267154727,0.9831469508560332,0.002157033259162749,0.01872224799522831,0.999710489145185,0.9992764564506456,0.01872224799522831
Edge-IIoT,C&W,8,10,2048,3,387.6093876361847,10.403268098831177,0.0,1.0,1.0,1.0,1.0,1.0,0.0,0.0,1.0,1.0,0.0,1.0,1.0,1.0,1.0,1.0,0.0,0.0,1.0,0.9999999999999999,0.0
Edge-IIoT,FGSM,8,15,1024,2,284.24409890174866,26.550237894058228,46.507195144207046,1.0,1.0,1.0,1.0,1.0,0.0,0.0,1.0,1.0,0.0,0.5349280485579295,0.28623520960951376,0.4753545629266353,0.3573136558938913,0.02909310537913969,0.44281695545741795,0.5246454370733648,0.5221018642747817,0.33966265429585496,0.5246454370733648
Edge-IIoT,RANDOM_LINF,8,15,1024,2,284.24409890174866,7.5059897899627686,0.0018024472727806717,1.0,1.0,1.0,1.0,1.0,0.0,0.0,1.0,1.0,0.0,0.9999819755272722,0.9999917154076848,0.999942010736298,0.9999668624543323,0.9999544841949105,3.09473925274426e-06,5.79892637020346e-05,0.9999999959621129,0.999999989187371,5.79892637020346e-05
Edge-IIoT,RANDOM_L2,8,15,1024,2,284.24409890174866,7.928370952606201,1.145905853672824,1.0,1.0,1.0,1.0,1.0,0.0,0.0,1.0,1.0,0.0,0.9885409414632718,0.9800069743112868,0.9778149645437073,0.9789097423223334,0.9710442678700149,0.007452132120608178,0.022185035456292662,0.9987960843625887,0.9970357159682701,0.022185035456292662
Edge-IIoT,C&W,8,15,1024,2,284.24409890174866,7.407758951187134,0.0,1.0,1.0,1.0,1.0,1.0,0.0,0.0,1.0,1.0,0.0,1.0,1.0,1.0,1.0,1.0,0.0,0.0,1.0,0.9999999999999999,0.0
Edge-IIoT,FGSM,8,15,1024,3,289.9699695110321,20.39163637161255,49.01800419519603,1.0,1.0,1.0,1.0,1.0,0.0,0.0,1.0,1.0,0.0,0.5098199580480397,0.26894044222198893,0.46692955132878255,0.34130006963577464,-0.006442379981905036,0.47415737986995904,0.5330704486712174,0.5077658732080989,0.39191386486479696,0.5330704486712174
Edge-IIoT,RANDOM_LINF,8,15,1024,3,289.9699695110321,7.596747636795044,0.003154282727368951,1.0,1.0,1.0,1.0,1.0,0.0,0.0,1.0,1.0,0.0,0.9999684571727263,0.9999917149958575,0.9998923056531248,0.9999420078537935,0.9999203474119378,3.09473925274426e-06,0.00010769434687520711,0.9999999973337126,0.9999999928622026,0.00010769434687520711
Edge-IIoT,RANDOM_L2,8,15,1024,3,289.9699695110321,7.960304498672485,1.1740690923100816,1.0,1.0,1.0,1.0,1.0,0.0,0.0,1.0,1.0,0.0,0.9882593090768992,0.9809776045440538,0.9757522035920206,0.9783579269128378,0.9703091920601309,0.00706838445326789,0.024247796407979322,0.9986610183068438,0.9968683267641093,0.024247796407979322
Edge-IIoT,C&W,8,15,1024,3,289.9699695110321,7.377840042114258,0.0,1.0,1.0,1.0,1.0,1.0,0.0,0.0,1.0,1.0,0.0,1.0,1.0,1.0,1.0,1.0,0.0,0.0,1.0,0.9999999999999999,0.0
Edge-IIoT,FGSM,8,15,2048,2,284.82002305984497,40.00438475608826,40.12540526900399,1.0,1.0,1.0,1.0,1.0,0.0,0.0,1.0,1.0,0.0,0.5987459473099601,0.34850700953084984,0.5467724832659553,0.4256861562672325,0.14838669321223236,0.38183821322134504,0.45322751673404466,0.5859603137626977,0.4577130198903826,0.45322751673404466
Edge-IIoT,RANDOM_LINF,8,15,2048,2,284.82002305984497,7.412747383117676,0.006533871363845201,1.0,1.0,1.0,1.0,1.0,0.0,0.0,1.0,1.0,0.0,0.9999346612863615,0.9999917139661101,0.9997680429451918,0.999879865946967,0.9998350059018277,3.09473925274426e-06,0.0002319570548081384,0.9999999895399495,0.9999999719861444,0.0002319570548081384
Edge-IIoT,RANDOM_L2,8,15,2048,2,284.82002305984497,8.039565801620483,1.1472576891274122,1.0,1.0,1.0,1.0,1.0,0.0,0.0,1.0,1.0,0.0,0.9885274231087259,0.9821839655690121,0.9755119623566837,0.9788365945703313,0.9709781107345724,0.006610363043861739,0.024488037643316325,0.9987554296970992,0.9969743185085188,0.024488037643316325
Edge-IIoT,C&W,8,15,2048,2,284.82002305984497,7.396807432174683,0.0,1.0,1.0,1.0,1.0,1.0,0.0,0.0,1.0,1.0,0.0,1.0,1.0,1.0,1.0,1.0,0.0,0.0,1.0,1.0,0.0
Edge-IIoT,FGSM,8,15,2048,3,290.425528049469,40.14996886253357,38.352247764402115,1.0,1.0,1.0,1.0,1.0,0.0,0.0,1.0,0.9999999999999999,0.0,0.6164775223559789,0.3544932493989996,0.4996272118762012,0.41472949509188745,0.1462124664020727,0.3398704542148801,0.5003727881237988,0.5930195859224687,0.4260666235254649,0.5003727881237988
Edge-IIoT,RANDOM_LINF,8,15,2048,3,290.425528049469,7.678526878356934,0.0022530590909841663,1.0,1.0,1.0,1.0,1.0,0.0,0.0,1.0,0.9999999999999999,0.0,0.9999774694090902,0.9999917152704135,0.9999254423752403,0.9999585777247573,0.9999431052558854,3.09473925274426e-06,7.455762475975876e-05,0.9999999959877504,0.9999999892595838,7.455762475975876e-05
Edge-IIoT,RANDOM_L2,8,15,2048,3,290.425528049469,8.04056167602539,1.1510878895820809,1.0,1.0,1.0,1.0,1.0,0.0,0.0,1.0,0.9999999999999999,0.0,0.9884891211041792,0.979931416425185,0.9776989860163032,0.9788139283181767,0.9709129836664528,0.0074799847738828765,0.022301013983696733,0.9987747344894053,0.9970349930523883,0.022301013983696733
Edge-IIoT,C&W,8,15,2048,3,290.425528049469,7.473074913024902,0.0,1.0,1.0,1.0,1.0,1.0,0.0,0.0,1.0,0.9999999999999999,0.0,1.0,1.0,1.0,1.0,1.0,0.0,0.0,1.0,1.0,0.0
Edge-IIoT,FGSM,8,20,1024,2,234.16337418556213,46.623735189437866,30.993756773258895,1.0,1.0,1.0,1.0,1.0,0.0,0.0,1.0,1.0,0.0,0.690062432267411,0.44897192865578534,0.614122870965604,0.5187193652104245,0.3061566062393112,0.28156866143243103,0.3858771290343959,0.7440240709883542,0.5624765365219241,0.3858771290343959
Edge-IIoT,RANDOM_LINF,8,20,1024,2,234.16337418556213,6.037410736083984,0.016222025455059352,1.0,1.0,1.0,1.0,1.0,0.0,0.0,1.0,1.0,0.0,0.9998377797454494,0.9998508402664987,0.9995526542514415,0.9997017250236134,0.9995903415907896,5.570530654939668e-05,0.0004473457485585526,0.9999996126576646,0.9999989639017568,0.0004473457485585526
Edge-IIoT,RANDOM_L2,8,20,1024,2,234.16337418556213,8.237036943435669,2.527031076444042,1.0,1.0,1.0,1.0,1.0,0.0,0.0,1.0,1.0,0.0,0.9747296892355596,0.9512693702604682,0.9560607064749155,0.9536590202948371,0.9362931142580394,0.018296098462224065,0.0439392935250845,0.9922474566649241,0.9809974731563226,0.0439392935250845
Edge-IIoT,C&W,8,20,1024,2,234.16337418556213,5.884328842163086,0.0,1.0,1.0,1.0,1.0,1.0,0.0,0.0,1.0,1.0,0.0,1.0,1.0,1.0,1.0,1.0,0.0,0.0,1.0,1.0,0.0
Edge-IIoT,FGSM,8,20,1024,3,278.79941511154175,41.05057454109192,26.12917688992229,1.0,1.0,1.0,1.0,1.0,0.0,0.0,1.0,1.0,0.0,0.7387082311007771,0.5180321382920445,0.564036715488104,0.5400564756646995,0.3586704277756082,0.1960393527043379,0.4359632845118961,0.7288977385548451,0.5907842225567834,0.4359632845118961
Edge-IIoT,RANDOM_LINF,8,20,1024,3,278.79941511154175,6.114205360412598,0.016897943182359043,1.0,1.0,1.0,1.0,1.0,0.0,0.0,1.0,1.0,0.0,0.9998310205681764,0.9999088339866897,0.9994698124461528,0.9996892750164684,0.9995732772756493,3.404213178018686e-05,0.0005301875538471734,0.999999552397006,0.9999988073650716,0.0005301875538471734
Edge-IIoT,RANDOM_L2,8,20,1024,3,278.79941511154175,8.595588684082031,2.61061956871943,1.0,1.0,1.0,1.0,1.0,0.0,0.0,1.0,1.0,0.0,0.9738938043128057,0.9511198935088343,0.9529872754987077,0.9520526688212,0.9341175912320578,0.018296098462224065,0.04701272450129233,0.9919819832496971,0.9805199337498302,0.04701272450129233
Edge-IIoT,C&W,8,20,1024,3,278.79941511154175,6.0035011768341064,0.0,1.0,1.0,1.0,1.0,1.0,0.0,0.0,1.0,1.0,0.0,1.0,1.0,1.0,1.0,1.0,0.0,0.0,0.9999999999999999,1.0,0.0
Edge-IIoT,FGSM,8,20,2048,2,234.1204493045807,38.32681488990784,29.39273298320795,1.0,1.0,1.0,1.0,1.0,0.0,0.0,0.9999999999999999,0.9999999999999999,0.0,0.7060726701679205,0.46877543304260894,0.6059960898667903,0.5286259886760684,0.32567569915860706,0.2565415050954882,0.3940039101332096,0.7330142973358091,0.6179791535483018,0.3940039101332096
Edge-IIoT,RANDOM_LINF,8,20,2048,2,234.1204493045807,6.001994848251343,0.012842436818594205,1.0,1.0,1.0,1.0,1.0,0.0,0.0,0.9999999999999999,0.9999999999999999,0.0,0.9998715756318141,0.9999088475848753,0.9996189276956724,0.9997638666219256,0.9996756911560115,3.404213178018686e-05,0.0003810723043276559,0.9999998297037123,0.9999995449124675,0.0003810723043276559
Edge-IIoT,RANDOM_L2,8,20,2048,2,234.1204493045807,8.358711242675781,2.4918833546247465,1.0,1.0,1.0,1.0,1.0,0.0,0.0,0.9999999999999999,0.9999999999999999,0.0,0.9750811664537525,0.9508198069301231,0.9579246470939095,0.9543590039863655,0.9372337869484186,0.018509635470663418,0.04207535290609053,0.9924158079088442,0.9810233432160756,0.04207535290609053
Edge-IIoT,C&W,8,20,2048,2,234.1204493045807,5.8773276805877686,0.0,1.0,1.0,1.0,1.0,1.0,0.0,0.0,0.9999999999999999,0.9999999999999999,0.0,1.0,1.0,1.0,1.0,1.0,0.0,0.0,1.0,1.0,0.0
Edge-IIoT,FGSM,8,20,2048,3,277.94676089286804,32.20930075645447,30.927742141893155,1.0,1.0,1.0,1.0,1.0,0.0,0.0,1.0,1.0,0.0,0.6907225785810684,0.45278801081216713,0.6577639339916496,0.5363596446786233,0.3284031105454487,0.2969649892148337,0.34223606600835044,0.7109055477584276,0.5333915021346575,0.34223606600835044
Edge-IIoT,RANDOM_LINF,8,20,2048,3,277.94676089286804,6.107223033905029,0.021404061364316274,1.0,1.0,1.0,1.0,1.0,0.0,0.0,1.0,1.0,0.0,0.9997859593863568,0.9998839570641137,0.9993289813771622,0.999606392190821,0.9994594799706947,4.3326349538419643e-05,0.0006710186228378288,0.9999993972267716,0.9999984095565726,0.0006710186228378288
Edge-IIoT,RANDOM_L2,8,20,2048,3,277.94676089286804,9.092771768569946,2.674831752812379,1.0,1.0,1.0,1.0,1.0,0.0,0.0,1.0,1.0,0.0,0.9732516824718762,0.9481446711794062,0.9538156935515939,0.9509717278005831,0.9325888729373771,0.019487573074530605,0.046184306448406126,0.9917591612287407,0.9799264349358336,0.046184306448406126
Edge-IIoT,C&W,8,20,2048,3,277.94676089286804,6.259817123413086,0.0,1.0,1.0,1.0,1.0,1.0,0.0,0.0,1.0,1.0,0.0,1.0,1.0,1.0,1.0,1.0,0.0,0.0,1.0,1.0,0.0
Edge-IIoT,FGSM,10,5,1024,2,870.7108602523804,24.930084943771362,82.26684781261758,1.0,1.0,1.0,1.0,1.0,0.0,0.0,1.0,1.0,0.0,0.17733152187382417,0.0850925140044135,0.2076347007753993,0.1207141515476976,-0.589911495030435,0.8339889022650396,0.7923652992246007,0.10884380046510968,0.15629961480444285,0.7923652992246007
Edge-IIoT,RANDOM_LINF,10,5,1024,2,870.7108602523804,23.041114330291748,0.0002253059090961962,1.0,1.0,1.0,1.0,1.0,0.0,0.0,1.0,1.0,0.0,0.999997746940909,1.0,0.9999917158194711,0.9999958578925786,0.9999943105415317,0.0,8.284180528862085e-06,1.0,1.0,8.284180528862085e-06
Edge-IIoT,RANDOM_L2,10,5,1024,2,870.7108602523804,23.346280336380005,0.69642056502216,1.0,1.0,1.0,1.0,1.0,0.0,0.0,1.0,1.0,0.0,0.9930357943497784,0.9971427846860021,0.9771936510040427,0.9870674326071404,0.9823968960249341,0.00104602186742756,0.02280634899595732,0.9997974604527852,0.9994994769938791,0.02280634899595732
Edge-IIoT,C&W,10,5,1024,2,870.7108602523804,22.622212409973145,0.0,1.0,1.0,1.0,1.0,1.0,0.0,0.0,1.0,1.0,0.0,1.0,1.0,1.0,1.0,1.0,0.0,0.0,1.0,1.0,0.0
Edge-IIoT,FGSM,10,5,1024,3,846.3797302246094,25.018798828125,78.89582080069214,1.0,1.0,1.0,1.0,1.0,0.0,0.0,1.0,1.0,0.0,0.2110417919930786,0.10131631986433705,0.24153356749950294,0.1427522253013582,-0.5207737177004964,0.8003490865877095,0.7584664325004971,0.13046682889395522,0.15864797320717214,0.7584664325004971
Edge-IIoT,RANDOM_LINF,10,5,1024,3,846.3797302246094,23.338804483413696,0.000901223636395887,1.0,1.0,1.0,1.0,1.0,0.0,0.0,1.0,1.0,0.0,0.999990987763636,1.0,0.9999668632778845,0.9999834313644271,0.9999772421831925,0.0,3.313672211544834e-05,1.0,1.0,3.313672211544834e-05
Edge-IIoT,RANDOM_L2,10,5,1024,3,846.3797302246094,23.46398615837097,0.7016026009314169,1.0,1.0,1.0,1.0,1.0,0.0,0.0,1.0,1.0,0.0,0.9929839739906858,0.9977398164764839,0.9764149380343297,0.9869622012694479,0.9822708791132428,0.0008262953804827174,0.023585061965670357,0.9998238808610823,0.9995615839289457,0.023585061965670357
Edge-IIoT,C&W,10,5,1024,3,846.3797302246094,23.16177248954773,0.0,1.0,1.0,1.0,1.0,1.0,0.0,0.0,1.0,1.0,0.0,1.0,1.0,1.0,1.0,1.0,0.0,0.0,1.0,1.0,0.0
Edge-IIoT,FGSM,10,5,2048,2,832.1843461990356,25.539906978607178,83.93478745767065,1.0,1.0,1.0,1.0,1.0,0.0,0.0,0.9999999999999999,1.0,0.0,0.1606521254232935,0.07524988277520839,0.18479521505732652,0.1069492821544237,-0.6269483800176631,0.8483670608332895,0.8152047849426735,0.10628084964104823,0.1576305144359671,0.8152047849426735
Edge-IIoT,RANDOM_LINF,10,5,2048,2,832.1843461990356,23.323328971862793,0.000901223636395887,1.0,1.0,1.0,1.0,1.0,0.0,0.0,0.9999999999999999,1.0,0.0,0.999990987763636,1.0,0.9999668632778845,0.9999834313644271,0.9999772421831925,0.0,3.313672211544834e-05,1.0,1.0,3.313672211544834e-05
Edge-IIoT,RANDOM_L2,10,5,2048,2,832.1843461990356,23.26747727394104,0.7574784663877399,1.0,1.0,1.0,1.0,1.0,0.0,0.0,0.9999999999999999,1.0,0.0,0.9924252153361226,0.9975831071913162,0.9745095765126913,0.9859113614267995,0.9808580247024176,0.0008820006870321141,0.025490423487308636,0.9997914772910845,0.9994786938417383,0.025490423487308636
Edge-IIoT,C&W,10,5,2048,2,832.1843461990356,22.783259868621826,0.0,1.0,1.0,1.0,1.0,1.0,0.0,0.0,0.9999999999999999,1.0,0.0,1.0,1.0,1.0,1.0,1.0,0.0,0.0,1.0,1.0,0.0
Edge-IIoT,FGSM,10,5,2048,3,844.7849922180176,26.398142099380493,79.39780236616265,1.0,1.0,1.0,1.0,1.0,0.0,0.0,1.0,0.9999999999999999,0.0,0.20602197633837344,0.09427862961691755,0.22300185565643846,0.13252822237210699,-0.5362847693678203,0.8003212339344349,0.7769981443435615,0.133564363710562,0.15925916290551997,0.7769981443435615
Edge-IIoT,RANDOM_LINF,10,5,2048,3,844.7849922180176,23.460504055023193,0.000901223636395887,1.0,1.0,1.0,1.0,1.0,0.0,0.0,1.0,0.9999999999999999,0.0,0.999990987763636,1.0,0.9999668632778845,0.9999834313644271,0.9999772421831925,0.0,3.313672211544834e-05,1.0,1.0,3.313672211544834e-05
Edge-IIoT,RANDOM_L2,10,5,2048,3,844.7849922180176,23.534756422042847,0.720753603204749,1.0,1.0,1.0,1.0,1.0,0.0,0.0,1.0,0.9999999999999999,0.0,0.9927924639679525,0.997131761301622,0.9763072436874545,0.986609628175452,0.9817819069141243,0.0010491166066803042,0.023692756312545565,0.9997889721987222,0.9994804360437821,0.023692756312545565
Edge-IIoT,C&W,10,5,2048,3,844.7849922180176,23.05503559112549,0.0,1.0,1.0,1.0,1.0,1.0,0.0,0.0,1.0,0.9999999999999999,0.0,1.0,1.0,1.0,1.0,1.0,0.0,0.0,1.0,1.0,0.0
Edge-IIoT,FGSM,10,10,1024,2,457.91847705841064,15.90910792350769,45.12832298052681,1.0,1.0,1.0,1.0,1.0,0.0,0.0,1.0,0.9999999999999999,0.0,0.5487167701947319,0.2876030146462274,0.44637649943667573,0.3498169211592396,0.030023858283197282,0.41305175332452365,0.5536235005633243,0.4719471828145056,0.46351189314569935,0.5536235005633243
Edge-IIoT,RANDOM_LINF,10,10,1024,2,457.91847705841064,12.492707967758179,0.0002253059090961962,1.0,1.0,1.0,1.0,1.0,0.0,0.0,1.0,0.9999999999999999,0.0,0.999997746940909,1.0,0.9999917158194711,0.9999958578925786,0.9999943105415317,0.0,8.284180528862085e-06,1.0,1.0,8.284180528862085e-06
Edge-IIoT,RANDOM_L2,10,10,1024,2,457.91847705841064,12.481717824935913,0.4790003627425099,1.0,1.0,1.0,1.0,1.0,0.0,0.0,1.0,0.9999999999999999,0.0,0.9952099963725749,0.9961508208792864,0.9861985552389158,0.9911497056840037,0.9878896403439088,0.0014235800562623596,0.013801444761084233,0.9998358483766219,0.9995921511735174,0.013801444761084233
Edge-IIoT,C&W,10,10,1024,2,457.91847705841064,12.271279335021973,0.0,1.0,1.0,1.0,1.0,1.0,0.0,0.0,1.0,0.9999999999999999,0.0,1.0,1.0,1.0,1.0,1.0,0.0,0.0,1.0,1.0,0.0
Edge-IIoT,FGSM,10,10,1024,3,465.644828081131,14.149775743484497,41.2607217449492,1.0,1.0,1.0,1.0,1.0,0.0,0.0,1.0,1.0,0.0,0.587392782550508,0.2765735066720119,0.3200510305520578,0.29672811059907833,0.007009172820337869,0.31273578044681843,0.6799489694479423,0.436100083257059,0.35906241610592904,0.6799489694479423
Edge-IIoT,RANDOM_LINF,10,10,1024,3,465.644828081131,12.598404169082642,0.0004506118181923924,1.0,1.0,1.0,1.0,1.0,0.0,0.0,1.0,1.0,0.0,0.9999954938818181,1.0,0.9999834316389423,0.9999917157508429,0.9999886210859077,0.0,1.656836105772417e-05,1.0,1.0,1.656836105772417e-05
Edge-IIoT,RANDOM_L2,10,10,1024,3,465.644828081131,12.74751591682434,0.5283423568349876,1.0,1.0,1.0,1.0,1.0,0.0,0.0,1.0,1.0,0.0,0.9947165764316501,0.9970521294375531,0.983481344025449,0.990220242638074,0.9866445732143181,0.0010862534777132352,0.016518655974551,0.999832703798305,0.999582671788496,0.016518655974551
Edge-IIoT,C&W,10,10,1024,3,465.644828081131,12.292240858078003,0.0,1.0,1.0,1.0,1.0,1.0,0.0,0.0,1.0,1.0,0.0,1.0,1.0,1.0,1.0,1.0,0.0,0.0,1.0,0.9999999999999999,0.0
Edge-IIoT,FGSM,10,10,2048,2,458.8103301525116,14.90030288696289,42.96561155909436,1.0,1.0,1.0,1.0,1.0,0.0,0.0,1.0,1.0,0.0,0.5703438844090564,0.28460899270612133,0.38305222347405393,0.3265731327049866,0.021580895668388958,0.35968916438945436,0.616947776525946,0.4329836776376919,0.4008122192722256,0.616947776525946
Edge-IIoT,RANDOM_LINF,10,10,2048,2,458.8103301525116,12.471250772476196,0.0013518354545882794,1.0,1.0,1.0,1.0,1.0,0.0,0.0,1.0,1.0,0.0,0.9999864816454541,1.0,0.9999502949168269,0.9999751468407493,0.9999658632918522,0.0,4.970508317317251e-05,1.0,1.0,4.970508317317251e-05
Edge-IIoT,RANDOM_L2,10,10,2048,2,458.8103301525116,12.613361358642578,0.550872947744796,1.0,1.0,1.0,1.0,1.0,0.0,0.0,1.0,1.0,0.0,0.994491270522552,0.9963737398326212,0.9833239445954006,0.9898058313146517,0.9860721921916487,0.0013369273571855204,0.016676055404599377,0.9998206095443841,0.9995541103686546,0.016676055404599377
Edge-IIoT,C&W,10,10,2048,2,458.8103301525116,12.329156398773193,0.0,1.0,1.0,1.0,1.0,1.0,0.0,0.0,1.0,1.0,0.0,1.0,1.0,1.0,1.0,1.0,0.0,0.0,1.0,1.0,0.0
Edge-IIoT,FGSM,10,10,2048,3,464.2085294723511,16.33347487449646,54.137179755813456,1.0,1.0,1.0,1.0,1.0,0.0,0.0,1.0,1.0,0.0,0.4586282024418654,0.2188721122151009,0.3855954668964146,0.2792410948631421,-0.11445231151444901,0.5140888004481182,0.6144045331035854,0.4062379090340728,0.368602288879493,0.6144045331035854
Edge-IIoT,RANDOM_LINF,10,10,2048,3,464.2085294723511,12.545562267303467,0.0002253059090961962,1.0,1.0,1.0,1.0,1.0,0.0,0.0,1.0,1.0,0.0,0.999997746940909,1.0,0.9999917158194711,0.9999958578925786,0.9999943105415317,0.0,8.284180528862085e-06,1.0,1.0,8.284180528862085e-06
Edge-IIoT,RANDOM_L2,10,10,2048,3,464.2085294723511,12.834787607192993,0.5463668295628388,1.0,1.0,1.0,1.0,1.0,0.0,0.0,1.0,1.0,0.0,0.9945363317043716,0.9963660168019269,0.9834979123865067,0.9898901465407625,0.9861861325463761,0.0013400220964382647,0.016502087613493272,0.9997894446956108,0.9994905872406947,0.016502087613493272
Edge-IIoT,C&W,10,10,2048,3,464.2085294723511,12.234858989715576,0.0,1.0,1.0,1.0,1.0,1.0,0.0,0.0,1.0,1.0,0.0,1.0,1.0,1.0,1.0,1.0,0.0,0.0,1.0,1.0,0.0
Edge-IIoT,FGSM,10,15,1024,2,335.10314106941223,41.79762101173401,39.73923094080989,1.0,1.0,1.0,1.0,1.0,0.0,0.0,1.0,1.0,0.0,0.6026076905919011,0.3653011348513079,0.6253230830406257,0.46118644740901854,0.19576000872606567,0.4058781477366624,0.3746769169593744,0.6570388454321909,0.5369310219027397,0.3746769169593744
Edge-IIoT,RANDOM_LINF,10,15,1024,2,335.10314106941223,9.175536394119263,0.000901223636395887,1.0,1.0,1.0,1.0,1.0,0.0,0.0,1.0,1.0,0.0,0.999990987763636,1.0,0.9999668632778845,0.9999834313644271,0.9999772421831925,0.0,3.313672211544834e-05,0.9999999998846317,0.9999999996911816,3.313672211544834e-05
Edge-IIoT,RANDOM_L2,10,15,1024,2,335.10314106941223,9.206453800201416,0.8933379295738786,1.0,1.0,1.0,1.0,1.0,0.0,0.0,1.0,1.0,0.0,0.9910666207042612,0.9842385127792479,0.9828931672078998,0.9835653799443751,0.9774320604220152,0.005880004580214094,0.017106832792100204,0.9992595457801914,0.9981832937425633,0.017106832792100204
Edge-IIoT,C&W,10,15,1024,2,335.10314106941223,8.770127296447754,0.0,1.0,1.0,1.0,1.0,1.0,0.0,0.0,1.0,1.0,0.0,1.0,1.0,1.0,1.0,1.0,0.0,0.0,0.9999999999999999,0.9999999999999999,0.0
Edge-IIoT,FGSM,10,15,1024,3,341.08249855041504,23.811566829681396,38.7411257635054,1.0,1.0,1.0,1.0,1.0,0.0,0.0,1.0,1.0000000000000002,0.0,0.612588742364946,0.35857774539191495,0.5381072304327655,0.4303702697599226,0.16162522534581572,0.3595870379941138,0.4618927695672344,0.5824011069662441,0.45270635264139264,0.4618927695672344
Edge-IIoT,RANDOM_LINF,10,15,1024,3,341.08249855041504,9.002995729446411,0.002928976818272755,1.0,1.0,1.0,1.0,1.0,0.0,0.0,1.0,1.0000000000000002,0.0,0.9999707102318173,1.0,0.9998923056531248,0.9999461499268881,0.9999260372617061,0.0,0.00010769434687520711,0.9999999963979482,0.9999999903615525,0.00010769434687520711
Edge-IIoT,RANDOM_L2,10,15,1024,3,341.08249855041504,9.429857730865479,0.9501150186665974,1.0,1.0,1.0,1.0,1.0,0.0,0.0,1.0,1.0000000000000002,0.0,0.990498849813334,0.9856265059236471,0.9793475379415468,0.982476989881781,0.9759689574159852,0.005335330471731104,0.020652462058453176,0.9991718127604339,0.9979953741529802,0.020652462058453176
Edge-IIoT,C&W,10,15,1024,3,341.08249855041504,8.858400583267212,0.0,1.0,1.0,1.0,1.0,1.0,0.0,0.0,1.0,1.0000000000000002,0.0,1.0,1.0,1.0,1.0,1.0,0.0,0.0,1.0,1.0,0.0
Edge-IIoT,FGSM,10,15,2048,2,336.2134008407593,27.799419403076172,36.55115232707208,1.0,1.0,1.0,1.0,1.0,0.0,0.0,0.9999999999999999,1.0,0.0,0.6344884767292792,0.35494825694740445,0.42081151832460734,0.38508393885294306,0.12863822055815977,0.28568775937783364,0.5791884816753927,0.5802275225871607,0.4833527252660374,0.5791884816753927
Edge-IIoT,RANDOM_LINF,10,15,2048,2,336.2134008407593,8.96759819984436,0.0013518354545882794,1.0,1.0,1.0,1.0,1.0,0.0,0.0,0.9999999999999999,1.0,0.0,0.9999864816454541,1.0,0.9999502949168269,0.9999751468407493,0.9999658632918522,0.0,4.970508317317251e-05,0.9999999996410767,0.9999999990392124,4.970508317317251e-05
Edge-IIoT,RANDOM_L2,10,15,2048,2,336.2134008407593,9.180030822753906,0.9352448286661263,1.0,1.0,1.0,1.0,1.0,0.0,0.0,0.9999999999999999,1.0,0.0,0.9906475517133387,0.9870304600342623,0.9784694148054874,0.98273129292736,0.9763361346331488,0.004803035320259092,0.02153058519451256,0.9991733806271446,0.9980067470789624,0.02153058519451256
Edge-IIoT,C&W,10,15,2048,2,336.2134008407593,8.733712673187256,0.0,1.0,1.0,1.0,1.0,1.0,0.0,0.0,0.9999999999999999,1.0,0.0,1.0,1.0,1.0,1.0,1.0,0.0,0.0,1.0,1.0,0.0
Edge-IIoT,FGSM,10,15,2048,3,344.61236357688904,22.163442850112915,39.379417403980256,1.0,1.0,1.0,1.0,1.0,0.0,0.0,1.0,1.0,0.0,0.6062058259601975,0.36054800738654535,0.5790476506064021,0.44439216982751495,0.17530182913777304,0.38364863568420043,0.420952349393598,0.6504711833396526,0.5208431823321589,0.420952349393598
Edge-IIoT,RANDOM_LINF,10,15,2048,3,344.61236357688904,9.109217405319214,0.0013518354545882794,1.0,1.0,1.0,1.0,1.0,0.0,0.0,1.0,1.0,0.0,0.9999864816454541,1.0,0.9999502949168269,0.9999751468407493,0.9999658632918522,0.0,4.970508317317251e-05,0.9999999998589943,0.9999999996225539,4.970508317317251e-05
Edge-IIoT,RANDOM_L2,10,15,2048,3,344.61236357688904,9.455294847488403,0.8681036677548937,1.0,1.0,1.0,1.0,1.0,0.0,0.0,1.0,1.0,0.0,0.9913189633224511,0.9891257942188403,0.9788422029292863,0.983957130187493,0.9780319884839996,0.004020066289314794,0.021157797070713764,0.9992798644026366,0.9982955076593661,0.021157797070713764
Edge-IIoT,C&W,10,15,2048,3,344.61236357688904,8.878832340240479,0.0,1.0,1.0,1.0,1.0,1.0,0.0,0.0,1.0,1.0,0.0,1.0,1.0,1.0,1.0,1.0,0.0,0.0,1.0,1.0,0.0
Edge-IIoT,FGSM,10,20,1024,2,278.9753143787384,33.02995324134827,37.45643146982815,1.0,1.0,1.0,1.0,1.0,0.0,0.0,1.0,1.0,0.0,0.6254356853017184,0.36995127635389474,0.5365415203128107,0.43793888045547213,0.1777109991390939,0.3413559290561974,0.46345847968718934,0.6054915992728707,0.5248727767621554,0.46345847968718934
Edge-IIoT,RANDOM_LINF,10,20,1024,2,278.9753143787384,7.2287397384643555,0.006533871363845201,1.0,1.0,1.0,1.0,1.0,0.0,0.0,1.0,1.0,0.0,0.9999346612863615,0.9999668575121592,0.9997928954867784,0.9998798689328633,0.9998350038094533,1.237895701097704e-05,0.00020710451322155212,0.9999999657997369,0.9999999085945318,0.00020710451322155212
Edge-IIoT,RANDOM_L2,10,20,1024,2,278.9753143787384,8.92470908164978,2.153699185068525,1.0,1.0,1.0,1.0,1.0,0.0,0.0,1.0,1.0,0.0,0.9784630081493148,0.9595947901591896,0.9612880243886275,0.9604406609914873,0.945645187477161,0.015120895988908454,0.038711975611372525,0.9943945620286625,0.9858171683391131,0.038711975611372525
Edge-IIoT,C&W,10,20,1024,2,278.9753143787384,7.058685064315796,0.0,1.0,1.0,1.0,1.0,1.0,0.0,0.0,1.0,1.0,0.0,1.0,1.0,1.0,1.0,1.0,0.0,0.0,1.0,1.0,0.0
Edge-IIoT,FGSM,10,20,1024,3,332.3121449947357,48.481722354888916,45.33740686416983,1.0,1.0,1.0,1.0,1.0,0.0,0.0,1.0,1.0,0.0,0.5466259313583017,0.2935707839356771,0.4742776194578832,0.36266026453149547,0.0429730660626537,0.426346753154313,0.5257223805421167,0.5650050700064712,0.40336483322359623,0.5257223805421167
Edge-IIoT,RANDOM_LINF,10,20,1024,3,332.3121449947357,7.226236581802368,0.007209789091133789,1.0,1.0,1.0,1.0,1.0,0.0,0.0,1.0,1.0,0.0,0.9999279021090887,0.9999668566883203,0.9997680429451918,0.99986743993372,0.9998179352671532,1.237895701097704e-05,0.0002319570548081384,0.9999998668138178,0.9999996414164241,0.0002319570548081384
Edge-IIoT,RANDOM_L2,10,20,1024,3,332.3121449947357,9.284748315811157,2.1555016323413168,1.0,1.0,1.0,1.0,1.0,0.0,0.0,1.0,1.0,0.0,0.9784449836765868,0.960452726383906,0.9602856385446351,0.9603691751966629,0.9455659779114107,0.014771190453348354,0.03971436145536483,0.9943764942398765,0.9860130609835152,0.03971436145536483
Edge-IIoT,C&W,10,20,1024,3,332.3121449947357,7.080625772476196,0.0,1.0,1.0,1.0,1.0,1.0,0.0,0.0,1.0,1.0,0.0,1.0,1.0,1.0,1.0,1.0,0.0,0.0,1.0,1.0,0.0
Edge-IIoT,FGSM,10,20,2048,2,283.11776900291443,52.08664274215698,27.3127088304145,1.0,1.0,1.0,1.0,1.0,0.0,0.0,1.0,1.0,0.0,0.726872911695855,0.4982529271133452,0.6060043740473192,0.5468715541118907,0.3575246423705853,0.22797396705340592,0.3939956259526808,0.7110125564079732,0.5952240830075064,0.3939956259526808
Edge-IIoT,RANDOM_LINF,10,20,2048,2,283.11776900291443,7.648124694824219,0.00585795363654551,1.0,1.0,1.0,1.0,1.0,0.0,0.0,1.0,1.0,0.0,0.9999414204636345,0.9999751433400722,0.9998094638478362,0.9998922967307915,0.999852072839615,9.28421775823278e-06,0.00019053615216382794,0.9999999798490203,0.9999999460705375,0.00019053615216382794
Edge-IIoT,RANDOM_L2,10,20,2048,2,283.11776900291443,9.401435852050781,2.0710119164295326,1.0,1.0,1.0,1.0,1.0,0.0,0.0,1.0,1.0,0.0,0.9792898808357047,0.9603090740985338,0.9636821525614686,0.9619926565446065,0.9477627087935803,0.014879506327194402,0.03631784743853138,0.9947307648696304,0.9866602546961669,0.03631784743853138
Edge-IIoT,C&W,10,20,2048,2,283.11776900291443,7.229718446731567,0.0,1.0,1.0,1.0,1.0,1.0,0.0,0.0,1.0,1.0,0.0,1.0,1.0,1.0,1.0,1.0,0.0,0.0,1.0,1.0,0.0
Edge-IIoT,FGSM,10,20,2048,3,336.40959310531616,42.87469124794006,28.867094297282136,1.0,1.0,1.0,1.0,1.0,0.0,0.0,1.0,1.0,0.0,0.7113290570271786,0.47635484323758726,0.6185052024653721,0.5382020285028438,0.3393672542612973,0.25399453469047967,0.3814947975346279,0.6648884102221315,0.5211271035471612,0.3814947975346279
Edge-IIoT,RANDOM_LINF,10,20,2048,3,336.40959310531616,7.278587102890015,0.009012236363925563,1.0,1.0,1.0,1.0,1.0,0.0,0.0,1.0,1.0,0.0,0.9999098776363607,0.9999337133766406,0.9997349062230764,0.99983429991715,0.9997724167530146,2.475791402195408e-05,0.0002650937769235867,0.9999999492892649,0.9999998641243518,0.0002650937769235867
Edge-IIoT,RANDOM_L2,10,20,2048,3,336.40959310531616,10.164399147033691,2.0642527391565912,1.0,1.0,1.0,1.0,1.0,0.0,0.0,1.0,1.0,0.0,0.9793574726084341,0.9622492955411901,0.9618347803035324,0.9620419932717962,0.9478661757877432,0.014096537296250105,0.03816521969646763,0.9945063108885167,0.9868514041649462,0.03816521969646763
Edge-IIoT,C&W,10,20,2048,3,336.40959310531616,7.148933410644531,0.0,1.0,1.0,1.0,1.0,1.0,0.0,0.0,1.0,1.0,0.0,1.0,1.0,1.0,1.0,1.0,0.0,0.0,1.0,0.9999999999999999,0.0
Edge-IIoT,HSJA,1,5,1024,2,159.0557460784912,36.23343276977539,30.13196167095874,1.0,1.0,1.0,1.0,1.0,0.0,0.0,1.0,1.0,0.0,0.6986803832904126,0.38500247192598347,0.18063655643183776,0.24590071497846042,0.09714901119471071,0.10779286291233532,0.8193634435681623,0.6587129653613473,0.34470653309245813,0.8193634435681623
Edge-IIoT,BPDA,1,5,1024,2,159.0557460784912,53.33431816101074,37.111488122999006,1.0,1.0,1.0,1.0,1.0,0.0,0.0,1.0,1.0,0.0,0.62888511877001,0.2719669174802562,0.21738518125786996,0.2416320592270647,-5.154061638272549e-06,0.21738995880902054,0.78261481874213,0.495449262738426,0.32453473084101186,0.78261481874213
Edge-IIoT,HSJA,1,5,1024,3,150.48924374580383,35.96860384941101,30.617045293246903,1.0,1.0,1.0,1.0,1.0,0.0,0.0,1.0,1.0,0.0,0.693829547067531,0.3861853845807777,0.21333421697925642,0.2748419114704234,0.10792695170459816,0.1266707723540753,0.7866657830207436,0.6337878881956936,0.33663988122447386,0.7866657830207436
Edge-IIoT,BPDA,1,5,1024,3,150.48924374580383,49.85436773300171,38.90064234714684,1.0,1.0,1.0,1.0,1.0,0.0,0.0,1.0,1.0,0.0,0.6109935765285316,0.2762245293585491,0.26559082775531845,0.27080332971530174,0.00568785162230206,0.2599735709267816,0.7344091722446816,0.501918560810673,0.3408646918974652,0.7344091722446816
Edge-IIoT,HSJA,1,5,2048,2,151.05054092407227,42.19764304161072,33.71950766152744,1.0,1.0,1.0,1.0,1.0,0.0,0.0,1.0,1.0,0.0,0.6628049233847256,0.3295131977244084,0.2317582344754457,0.2721228716083127,0.06289181310874271,0.176168031962467,0.7682417655245544,0.6011334446928495,0.31733612721528065,0.7682417655245544
Edge-IIoT,BPDA,1,5,2048,2,151.05054092407227,37.17542386054993,38.885546851237265,1.0,1.0,1.0,1.0,1.0,0.0,0.0,1.0,1.0,0.0,0.6111445314876274,0.2775233292164128,0.2680512293723905,0.27270505343357043,0.007447553082555595,0.26068536095491274,0.7319487706276095,0.4955713779056981,0.3411174439091651,0.7319487706276095
Edge-IIoT,HSJA,1,5,2048,3,151.23718237876892,35.286367893218994,33.76952557334722,1.0,1.0,1.0,1.0,1.0,0.0,0.0,1.0,1.0,0.0,0.6623047442665279,0.3643625677698939,0.3245824773013454,0.3433240596727201,0.1174079704894185,0.21153161740357565,0.6754175226986546,0.621877191804236,0.30509238439567127,0.6754175226986546
Edge-IIoT,BPDA,1,5,2048,3,151.23718237876892,39.76541829109192,44.978269245067494,1.0,1.0,1.0,1.0,1.0,0.0,0.0,1.0,1.0,0.0,0.5502173075493251,0.27316885296788956,0.3936725429120551,0.32253269715007093,0.002160791454356999,0.39130192585623697,0.6063274570879449,0.4982664938007411,0.4129602271180086,0.6063274570879449
Edge-IIoT,HSJA,1,10,1024,2,111.50028085708618,23.129221200942993,40.642707636293174,1.0,1.0,1.0,1.0,1.0,0.0,0.0,1.0,0.9999999999999999,0.0,0.5935729236370683,0.3213851725479632,0.4447693684140765,0.37314216015039947,0.08627223908187712,0.35083821012660577,0.5552306315859236,0.6043732146864013,0.34058666128456866,0.5552306315859236
Edge-IIoT,BPDA,1,10,1024,2,111.50028085708618,18.930135488510132,48.96731036564896,1.0,1.0,1.0,1.0,1.0,0.0,0.0,1.0,0.9999999999999999,0.0,0.5103268963435104,0.2726887771185524,0.4801262509112599,0.34782791349463316,0.0015456838686329713,0.4783909831677132,0.5198737490887402,0.4958462130404788,0.285416869130571,0.5198737490887402
Edge-IIoT,HSJA,1,10,1024,3,112.42708659172058,26.21157670021057,33.5478245587947,1.0,1.0,1.0,1.0,1.0,0.0,0.0,1.0,1.0,0.0,0.664521754412053,0.38159608162716646,0.3762757638014448,0.3789172481970126,0.14913632965335596,0.2277975669159995,0.6237242361985552,0.6021523136407967,0.3111177258873969,0.6237242361985552
Edge-IIoT,BPDA,1,10,1024,3,112.42708659172058,19.237189054489136,46.90756374467433,1.0,1.0,1.0,1.0,1.0,0.0,0.0,1.0,1.0,0.0,0.5309243625532567,0.27390484066885484,0.43898701040493077,0.33733214079961293,0.0038197009126171837,0.43473040178999717,0.5610129895950693,0.4979680623943842,0.3690078895401013,0.5610129895950693
Edge-IIoT,HSJA,1,10,2048,2,112.05511569976807,19.15890645980835,39.91429363217909,1.0,1.0,1.0,1.0,1.0,0.0,0.0,1.0,1.0,0.0,0.6008570636782091,0.3199093867653628,0.4153108224534429,0.3614205073858598,0.07958908620956245,0.329828025339725,0.5846891775465571,0.6118736822901399,0.3353647750865329,0.5846891775465571
Edge-IIoT,BPDA,1,10,2048,2,112.05511569976807,20.43589210510254,48.97677321383108,1.0,1.0,1.0,1.0,1.0,0.0,0.0,1.0,1.0,0.0,0.5102322678616892,0.2726028106195689,0.4800019882033269,0.3477253700530812,0.001360565198609073,0.4784745411275373,0.519998011796673,0.49987394079121356,0.28955947413485367,0.519998011796673
Edge-IIoT,HSJA,1,10,2048,3,112.35135531425476,31.044288396835327,35.08103127020712,1.0,1.0,1.0,1.0,1.0,0.0,0.0,1.0,0.9999999999999999,0.0,0.6491896872979288,0.36035820323723783,0.37403075087812315,0.3670672021593145,0.12457355122977881,0.24801859319343048,0.6259692491218769,0.6295923327804044,0.3371445836082645,0.6259692491218769
Edge-IIoT,BPDA,1,10,2048,3,112.35135531425476,24.650344371795654,47.17612838831924,1.0,1.0,1.0,1.0,1.0,0.0,0.0,1.0,0.9999999999999999,0.0,0.5282387161168076,0.26927139980121045,0.42865663728543973,0.33076468238114265,-0.005301749543372338,0.43456019113109623,0.5713433627145603,0.49444224181019636,0.28575745914804507,0.5713433627145603
Edge-IIoT,HSJA,1,15,1024,2,99.59534287452698,19.042208671569824,38.38536773303953,1.0,1.0,1.0,1.0,1.0,0.0,0.0,1.0,1.0,0.0,0.6161463226696047,0.3716608774759128,0.5956574325667705,0.4577243328580159,0.19693231351482465,0.376199598302845,0.4043425674332295,0.6052737750794224,0.34475888659339976,0.4043425674332295
Edge-IIoT,BPDA,1,15,1024,2,99.59534287452698,14.062584161758423,57.18038667000119,1.0,1.0,1.0,1.0,1.0,0.0,0.0,1.0,1.0,0.0,0.42819613329998807,0.26926464570806374,0.6432666180661409,0.37962306582903516,-0.008284371784314752,0.6521482132522924,0.3567333819338591,0.49345981704976666,0.2852402988581901,0.3567333819338591
Edge-IIoT,HSJA,1,15,1024,3,100.3732521533966,14.951120138168335,33.66633546698029,1.0,1.0,1.0,1.0,1.0,0.0,0.0,1.0,1.0,0.0,0.6633366453301971,0.3773420479302832,0.3658791172377228,0.3715221844151802,0.141717174281592,0.22554150200074893,0.6341208827622772,0.629493140352315,0.33353106970556123,0.6341208827622772
Edge-IIoT,BPDA,1,15,1024,3,100.3732521533966,14.946492910385132,46.923560464220294,1.0,1.0,1.0,1.0,1.0,0.0,0.0,1.0,1.0,0.0,0.5307643953577971,0.2734930408237181,0.4378852143945921,0.3366944601919855,0.0030035204167321128,0.434538527956327,0.562114785605408,0.4955042336238077,0.3573341298085775,0.562114785605408
Edge-IIoT,HSJA,1,15,2048,2,99.46986484527588,18.653048992156982,36.10842621569436,1.0,1.0,1.0,1.0,1.0,0.0,0.0,1.0,0.9999999999999999,0.0,0.6389157378430564,0.33056307618492753,0.31962025316455694,0.3249995788196843,0.07865194198173674,0.24180435677392,0.680379746835443,0.5724755018315928,0.33461252132208935,0.680379746835443
Edge-IIoT,BPDA,1,15,2048,2,99.46986484527588,14.128297567367554,42.911988752729016,1.0,1.0,1.0,1.0,1.0,0.0,0.0,1.0,0.9999999999999999,0.0,0.5708801124727099,0.27451005748055424,0.3517131685333687,0.3083526707411402,0.004172506556641645,0.3472452178541697,0.6482868314666314,0.4965301201119537,0.28650105682738664,0.6482868314666314
Edge-IIoT,HSJA,1,15,2048,3,100.00528073310852,17.446961402893066,42.43524144907749,1.0,1.0,1.0,1.0,1.0,0.0,0.0,1.0,1.0,0.0,0.5756475855092251,0.32950151004088957,0.5413960501027238,0.40967118109643913,0.11620825048202155,0.4115569942654482,0.45860394989727615,0.59950109900069,0.3328972465723043,0.45860394989727615
Edge-IIoT,BPDA,1,15,2048,3,100.00528073310852,13.694457769393921,54.97982385584026,1.0,1.0,1.0,1.0,1.0,0.0,0.0,1.0,1.0,0.0,0.45020176144159735,0.2717705545499302,0.6082079660679965,0.3756751155787637,-0.000562536248063081,0.6088249584531256,0.39179203393200346,0.4970271515874647,0.28555694990769115,0.39179203393200346
Edge-IIoT,HSJA,1,20,1024,2,95.57404637336731,13.93381643295288,36.832784713444674,1.0,1.0,1.0,1.0,1.0,0.0,0.0,1.0,1.0,0.0,0.6316721528655532,0.3771762043435057,0.5439889986082577,0.445478628680748,0.18994339330588525,0.33557186139281836,0.45601100139174233,0.6455462285935073,0.3802233082343293,0.45601100139174233
Edge-IIoT,BPDA,1,20,1024,2,95.57404637336731,12.543635606765747,55.139565745390804,1.0,1.0,1.0,1.0,1.0,0.0,0.0,1.0,1.0,0.0,0.44860434254609194,0.26999599412471625,0.6030220690569289,0.37299009008085754,-0.00552185168819031,0.6090818218111033,0.3969779309430711,0.49550955316196177,0.2585333195475815,0.3969779309430711
Edge-IIoT,HSJA,1,20,1024,3,95.92161560058594,20.45392656326294,37.2405884089122,1.0,1.0,1.0,1.0,1.0,0.0,0.0,1.0,1.0,0.0,0.627594115910878,0.34022695177812345,0.39318377626085227,0.3647934576673725,0.10385135910424227,0.28483670608332895,0.6068162237391477,0.6182629044969696,0.3516041143502985,0.6068162237391477
Edge-IIoT,BPDA,1,20,1024,3,95.92161560058594,17.24969458580017,47.15472432695492,1.0,1.0,1.0,1.0,1.0,0.0,0.0,1.0,1.0,0.0,0.5284527567304508,0.26985751847271444,0.43022234740539467,0.33167282968980516,-0.004156177436540117,0.4348510966208542,0.5697776525946053,0.49673569215086594,0.2886646894957338,0.5697776525946053
Edge-IIoT,HSJA,1,20,2048,2,95.72016477584839,18.280015468597412,34.22148922699796,1.0,1.0,1.0,1.0,1.0,0.0,0.0,0.9999999999999999,1.0,0.0,0.6577851077300204,0.37458263940849446,0.38569487706276095,0.3800575498459215,0.14381858054512905,0.24056955581207506,0.614305122937239,0.6059477549733197,0.33098200633189934,0.614305122937239
Edge-IIoT,BPDA,1,20,2048,2,95.72016477584839,13.806895971298218,47.30567928605064,1.0,1.0,1.0,1.0,1.0,0.0,0.0,0.9999999999999999,1.0,0.0,0.5269432071394936,0.26745943241863035,0.42519384982437536,0.3283666118599935,-0.008849314641323115,0.4350460651937771,0.5748061501756246,0.49553871352664713,0.30146215730270676,0.5748061501756246
Edge-IIoT,HSJA,1,20,2048,3,96.07773900032043,20.806214332580566,34.07391385653872,1.0,1.0,1.0,1.0,1.0,0.0,0.0,1.0,1.0,0.0,0.6592608614346128,0.3769571877771507,0.38731857644641793,0.38206764674636967,0.14693049892779095,0.23914907049506542,0.6126814235535821,0.5851818883930985,0.32314381523214364,0.6126814235535821
Edge-IIoT,BPDA,1,20,2048,3,96.07773900032043,15.128117799758911,44.81987919097155,1.0,1.0,1.0,1.0,1.0,0.0,0.0,1.0,1.0,0.0,0.5518012080902845,0.2758529777563805,0.39871760885413216,0.3260961621198622,0.007020798220693935,0.391011020366479,0.6012823911458679,0.5024176516855368,0.30385635211598966,0.6012823911458679
Edge-IIoT,HSJA,2,5,1024,2,224.46627402305603,5.699789762496948,0.0,1.0,1.0,1.0,1.0,1.0,0.0,0.0,0.9999999999999999,0.9999999999999999,0.0,1.0,1.0,1.0,1.0,1.0,0.0,0.0,1.0,1.0,0.0
Edge-IIoT,BPDA,2,5,1024,2,224.46627402305603,5.732211112976074,0.0002253059090961962,1.0,1.0,1.0,1.0,1.0,0.0,0.0,0.9999999999999999,0.9999999999999999,0.0,0.999997746940909,1.0,0.9999917158194711,0.9999958578925786,0.9999943105415317,0.0,8.284180528862085e-06,1.0,1.0,8.284180528862085e-06
Edge-IIoT,HSJA,2,5,1024,3,225.26517057418823,5.826959133148193,0.0018024472727806717,1.0,1.0,1.0,1.0,1.0,0.0,0.0,1.0,1.0,0.0,0.9999819755272722,1.0,0.9999337265557691,0.9999668621798058,0.9999544844118846,0.0,6.627344423089668e-05,0.9999999999999999,1.0,6.627344423089668e-05
Edge-IIoT,BPDA,2,5,1024,3,225.26517057418823,5.723235607147217,0.0,1.0,1.0,1.0,1.0,1.0,0.0,0.0,1.0,1.0,0.0,1.0,1.0,1.0,1.0,1.0,0.0,0.0,1.0,1.0,0.0
Edge-IIoT,HSJA,2,5,2048,2,224.16952848434448,5.776584625244141,0.000901223636395887,1.0,1.0,1.0,1.0,1.0,0.0,0.0,1.0,0.9999999999999999,0.0,0.999990987763636,1.0,0.9999668632778845,0.9999834313644271,0.9999772421831925,0.0,3.313672211544834e-05,0.9999999991283292,0.9999999976666794,3.313672211544834e-05
Edge-IIoT,BPDA,2,5,2048,2,224.16952848434448,5.6933159828186035,0.0,1.0,1.0,1.0,1.0,1.0,0.0,0.0,1.0,0.9999999999999999,0.0,1.0,1.0,1.0,1.0,1.0,0.0,0.0,1.0,0.9999999999999999,0.0
Edge-IIoT,HSJA,2,5,2048,3,224.5135853290558,5.87532114982605,0.0,1.0,1.0,1.0,1.0,1.0,0.0,0.0,1.0,1.0,0.0,1.0,1.0,1.0,1.0,1.0,0.0,0.0,1.0,1.0,0.0
Edge-IIoT,BPDA,2,5,2048,3,224.5135853290558,5.792542219161987,0.0,1.0,1.0,1.0,1.0,1.0,0.0,0.0,1.0,1.0,0.0,1.0,1.0,1.0,1.0,1.0,0.0,0.0,1.0,1.0,0.0
Edge-IIoT,HSJA,2,10,1024,2,150.85810017585754,5.5651490688323975,0.0002253059090961962,1.0,1.0,1.0,1.0,1.0,0.0,0.0,1.0,1.0,0.0,0.999997746940909,1.0,0.9999917158194711,0.9999958578925786,0.9999943105415317,0.0,8.284180528862085e-06,0.9999999606722612,0.9999998947286779,8.284180528862085e-06
Edge-IIoT,BPDA,2,10,1024,2,150.85810017585754,3.755976676940918,0.0004506118181923924,1.0,1.0,1.0,1.0,1.0,0.0,0.0,1.0,1.0,0.0,0.9999954938818181,0.9999834319134483,1.0,0.9999917158880982,0.9999886212040068,6.18947850548852e-06,0.0,1.0,1.0,0.0
Edge-IIoT,HSJA,2,10,1024,3,152.53014039993286,9.632802963256836,0.03987914591035979,1.0,1.0,1.0,1.0,1.0,0.0,0.0,1.0,1.0,0.0,0.9996012085408964,1.0,0.9985337000463914,0.9992663121199434,0.9989930099048794,0.0,0.0014662999536085891,1.0,1.0,0.0014662999536085891
Edge-IIoT,BPDA,2,10,1024,3,152.53014039993286,4.944803953170776,0.07367503227506678,1.0,1.0,1.0,1.0,1.0,0.0,0.0,1.0,1.0,0.0,0.9992632496772493,1.0,0.9972910729670621,0.9986436994238833,0.9981396970900032,0.0,0.002708927032937902,1.0,1.0,0.002708927032937902
Edge-IIoT,HSJA,2,10,2048,2,151.32877492904663,3.648264169692993,0.000901223636395887,1.0,1.0,1.0,1.0,1.0,0.0,0.0,0.9999999999999999,1.0,0.0,0.999990987763636,1.0,0.9999668632778845,0.9999834313644271,0.9999772421831925,0.0,3.313672211544834e-05,0.9999999998461757,0.9999999995882445,3.313672211544834e-05
Edge-IIoT,BPDA,2,10,2048,2,151.32877492904663,3.7669625282287598,0.019151002273332107,1.0,1.0,1.0,1.0,1.0,0.0,0.0,0.9999999999999999,1.0,0.0,0.9998084899772667,1.0,0.9992958446550467,0.9996477983251775,0.9995164061577523,0.0,0.0007041553449532772,1.0,1.0,0.0007041553449532772
Edge-IIoT,HSJA,2,10,2048,3,152.17854619026184,4.329447269439697,0.0015771413636844756,1.0,1.0,1.0,1.0,1.0,0.0,0.0,1.0,0.9999999999999999,0.0,0.9999842285863632,0.9999420140988576,1.0,0.9999710062088133,0.99996017529712,2.1663174769209822e-05,0.0,0.9999999961287558,0.9999999896630865,0.0
Edge-IIoT,BPDA,2,10,2048,3,152.17854619026184,3.6841700077056885,0.0,1.0,1.0,1.0,1.0,1.0,0.0,0.0,1.0,0.9999999999999999,0.0,1.0,1.0,1.0,1.0,1.0,0.0,0.0,1.0,1.0,0.0
Edge-IIoT,HSJA,2,15,1024,2,126.14458918571472,5.13334846496582,0.2230528500070994,1.0,1.0,1.0,1.0,1.0,0.0,0.0,1.0,1.0,0.0,0.997769471499929,0.9994159950609868,0.9923785539134469,0.9958848420860109,0.9943666638564954,0.0002166317476920982,0.0076214460865531184,0.9999747366578765,0.9999315781943388,0.0076214460865531184
Edge-IIoT,BPDA,2,15,1024,2,126.14458918571472,3.176912307739258,0.0002253059090961962,1.0,1.0,1.0,1.0,1.0,0.0,0.0,1.0,1.0,0.0,0.999997746940909,1.0,0.9999917158194711,0.9999958578925786,0.9999943105415317,0.0,8.284180528862085e-06,0.9999984116490239,0.9999957590644386,8.284180528862085e-06
Edge-IIoT,HSJA,2,15,1024,3,127.2335889339447,5.571640968322754,0.034471804092006675,1.0,1.0,1.0,1.0,1.0,0.0,0.0,1.0,1.0,0.0,0.9996552819590799,0.9993621233835627,0.9993704022798064,0.9993662628145387,0.9991295149115436,0.00023829492246130803,0.0006295977201935185,0.9999706819141612,0.9999230628128144,0.0006295977201935185
Edge-IIoT,BPDA,2,15,1024,3,127.2335889339447,4.323592662811279,0.11310356636723418,1.0,1.0,1.0,1.0,1.0,0.0,0.0,1.0,1.0,0.0,0.9988689643363277,0.995858564192255,1.0,0.9979249853260914,0.9971516630145505,0.0015535591048776185,0.0,0.9999913930961486,0.9999776026975703,0.0
Edge-IIoT,HSJA,2,15,2048,2,126.1824893951416,8.291872262954712,0.6660042672939182,1.0,1.0,1.0,1.0,1.0,0.0,0.0,0.9999999999999999,1.0,0.0,0.9933399573270608,0.9957145503224611,0.9797286102458744,0.9876568985243396,0.9831573303477724,0.0015752222796468283,0.020271389754125523,0.9998042602803645,0.999481291951034,0.020271389754125523
Edge-IIoT,BPDA,2,15,2048,2,126.1824893951416,3.791391372680664,0.7277380863867866,1.0,1.0,1.0,1.0,1.0,0.0,0.0,0.9999999999999999,1.0,0.0,0.9927226191361321,0.9939456114091589,0.9792067068725562,0.9865211113614929,0.981588674602804,0.002228212261975867,0.020793293127443834,0.99985542641211,0.9996309466374687,0.020793293127443834
Edge-IIoT,HSJA,2,15,2048,3,127.02422070503235,5.363471269607544,0.22575652091627596,1.0,1.0,1.0,1.0,1.0,0.0,0.0,1.0,1.0,0.0,0.9977424347908372,1.0,0.9916992511100802,0.9958323281563252,0.994300542528107,0.0,0.00830074888991981,0.999997679548039,0.9999937955310705,0.00830074888991981
Edge-IIoT,BPDA,2,15,2048,3,127.02422070503235,3.1932625770568848,0.05970606591099159,1.0,1.0,1.0,1.0,1.0,0.0,0.0,1.0,1.0,0.0,0.9994029393408901,1.0,0.9978046921598516,0.9989011399118424,0.9984923921543194,0.0,0.0021953078401484526,1.0,1.0,0.0021953078401484526
Edge-IIoT,HSJA,2,20,1024,2,113.94502067565918,6.669203042984009,0.14554761727735288,1.0,1.0,1.0,1.0,1.0,0.0,0.0,1.0,1.0,0.0,0.9985445238272265,0.9949052777365583,0.9997680429451918,0.9973307329328055,0.9963358231266173,0.0019125488581959527,0.0002319570548081384,0.9998573985674635,0.999597121253072,0.0002319570548081384
Edge-IIoT,BPDA,2,20,1024,2,113.94502067565918,4.703448534011841,0.14014027545899976,1.0,1.0,1.0,1.0,1.0,0.0,0.0,1.0,1.0,0.0,0.99859859724541,0.9985469943540352,0.9962969713035986,0.9974207139065817,0.9964598514721634,0.0005415793692302455,0.003703028696401352,0.9998908798944042,0.9997263498992076,0.003703028696401352
Edge-IIoT,HSJA,2,20,1024,3,114.1993944644928,5.650940656661987,1.804475025966501,1.0,1.0,1.0,1.0,1.0,0.0,0.0,1.0,1.0,0.0,0.981955249740335,0.9736335594274523,0.9596394724633839,0.9665858675199946,0.9542739684703059,0.009708197035858743,0.04036052753661608,0.9978358636615245,0.9939243693574189,0.04036052753661608
Edge-IIoT,BPDA,2,20,1024,3,114.1993944644928,8.269443273544312,1.3353881232243126,1.0,1.0,1.0,1.0,1.0,0.0,0.0,1.0,1.0,0.0,0.9866461187677569,0.9837737598516458,0.9668467095234939,0.9752367900997296,0.9661640476356793,0.005957373061532701,0.033153290476506066,0.9981264703860903,0.9951255771665943,0.033153290476506066
Edge-IIoT,HSJA,2,20,2048,2,113.76009702682495,8.606035232543945,1.494228789138452,1.0,1.0,1.0,1.0,1.0,0.0,0.0,1.0,1.0,0.0,0.9850577121086155,0.9649494620149983,0.9806812910066937,0.9727517749145411,0.9625189263826446,0.013307378786800318,0.019318708993306382,0.9978410213380885,0.9940478682883949,0.019318708993306382
Edge-IIoT,BPDA,2,20,2048,2,113.76009702682495,8.057497024536133,2.4231650523498294,1.0,1.0,1.0,1.0,1.0,0.0,0.0,1.0,1.0,0.0,0.9757683494765017,0.9330686642877961,0.9812943203658294,0.9565740542592152,0.9403585306983514,0.026295999430567978,0.018705679634170587,0.9971810922531207,0.9927888223032391,0.018705679634170587
Edge-IIoT,HSJA,2,20,2048,3,114.43780398368835,6.041877269744873,0.6725381386577634,1.0,1.0,1.0,1.0,1.0,0.0,0.0,1.0,1.0,0.0,0.9932746186134224,0.9923879311065941,0.9828103254026112,0.9875759076663101,0.9829871937225702,0.0028162127199972764,0.017189674597388828,0.9994057655826212,0.9983674655874085,0.017189674597388828
Edge-IIoT,BPDA,2,20,2048,3,114.43780398368835,3.4936764240264893,0.369276385011752,1.0,1.0,1.0,1.0,1.0,0.0,0.0,1.0,1.0,0.0,0.9963072361498825,0.9990444338270426,0.9873666246934854,0.9931712032264919,0.990672867484706,0.00035280027481284567,0.012633375306514679,0.9998651693338472,0.9996426611015138,0.012633375306514679
Edge-IIoT,HSJA,4,5,1024,2,378.593056678772,18.425357580184937,65.00413436343196,1.0,1.0,1.0,1.0,1.0,0.0,0.0,1.0,1.0,0.0,0.3499586563656805,0.08567365099431608,0.1437222479952283,0.10735335521776661,-0.38350449690252764,0.5729971621241052,0.8562777520047717,0.1651741977091689,0.16744249476240353,0.8562777520047717
Edge-IIoT,BPDA,4,5,1024,2,378.593056678772,11.69379472732544,60.679838050112544,1.0,1.0,1.0,1.0,1.0,0.0,0.0,1.0,1.0,0.0,0.3932016194988746,0.14193122458027332,0.24399396911657498,0.1794667121634961,-0.2738497169931976,0.5510585555614012,0.756006030883425,0.2339691220224186,0.18138635053051314,0.756006030883425
Edge-IIoT,HSJA,4,5,1024,3,380.48961424827576,20.426524877548218,65.01472374115956,1.0,1.0,1.0,1.0,1.0,0.0,0.0,1.0,0.9999999999999999,0.0,0.3498527625884044,0.0864581998797686,0.14535423155941415,0.10842442855642136,-0.3826548362983638,0.5737522785017748,0.8546457684405858,0.17316019893683715,0.16866512827174943,0.8546457684405858
Edge-IIoT,BPDA,4,5,1024,3,380.48961424827576,10.693969964981079,69.38926327220784,1.0,1.0,1.0,1.0,1.0,0.0,0.0,1.0,0.9999999999999999,0.0,0.3061073672779216,0.1241540425326943,0.25622970375770426,0.16726242300683003,-0.37575009498676076,0.6752597259917865,0.7437702962422957,0.2441969097733976,0.2229066232375576,0.7437702962422957
Edge-IIoT,HSJA,4,5,2048,2,378.64339566230774,19.180342197418213,67.51066260214806,1.0,1.0,1.0,1.0,1.0,0.0,0.0,1.0,0.9999999999999999,0.0,0.32489337397851936,0.07640552646281759,0.13368182119424746,0.09723603102008352,-0.41875958442734823,0.6036753123365591,0.8663181788057526,0.13440851023116235,0.16136527316041255,0.8663181788057526
Edge-IIoT,BPDA,4,5,2048,2,378.64339566230774,12.418863534927368,75.66425814649841,1.0,1.0,1.0,1.0,1.0,0.0,0.0,1.0,0.9999999999999999,0.0,0.2433574185350159,0.08129381858667176,0.17299854198422693,0.11061057482223016,-0.5022954203822132,0.7303584636476453,0.8270014580157731,0.1374809004067087,0.16407691582239248,0.8270014580157731
Edge-IIoT,HSJA,4,5,2048,3,381.7441394329071,16.915367126464844,69.07225785810684,1.0,1.0,1.0,1.0,1.0,0.0,0.0,1.0,1.0,0.0,0.30927742141893155,0.04911574197617719,0.08386075949367089,0.061949041818510055,-0.4663204103446013,0.6065131882313256,0.9161392405063291,0.1020078509730255,0.16012532908152993,0.9161392405063291
Edge-IIoT,BPDA,4,5,2048,3,381.7441394329071,12.425856351852417,69.14548227856372,1.0,1.0,1.0,1.0,1.0,0.0,0.0,1.0,1.0,0.0,0.3085451772143628,0.08017497970596194,0.14727616144211014,0.10382768972001916,-0.4306765168644493,0.6312092074682247,0.8527238385578898,0.15359494873258625,0.16190324408655507,0.8527238385578898
Edge-IIoT,HSJA,4,10,1024,2,227.09842824935913,16.343910455703735,54.29849878672768,1.0,1.0,1.0,1.0,1.0,0.0,0.0,1.0,1.0,0.0,0.4570150121327232,0.20080688890104914,0.33439923122804693,0.25093012485585786,-0.1455128797317815,0.4971791451711236,0.6656007687719531,0.38095361323740273,0.2693930900052438,0.6656007687719531
Edge-IIoT,BPDA,4,10,1024,2,227.09842824935913,13.113011121749878,53.32675440078767,1.0,1.0,1.0,1.0,1.0,0.0,0.0,1.0,1.0,0.0,0.4667324559921233,0.22426795750872555,0.39071509046325137,0.284966798987354,-0.10173133605895057,0.504869572214193,0.6092849095367486,0.4467383501419908,0.3088377403150593,0.6092849095367486
Edge-IIoT,HSJA,4,10,1024,3,228.68954706192017,15.41785454750061,45.49421977690209,1.0,1.0,1.0,1.0,1.0,0.0,0.0,1.0,0.9999999999999999,0.0,0.5450578022309791,0.22985829286141973,0.28621843727218504,0.2549608518865627,-0.06772470333656949,0.35824701589767555,0.713781562727815,0.3873820038211503,0.2912682241025401,0.713781562727815
Edge-IIoT,BPDA,4,10,1024,3,228.68954706192017,13.831601619720459,52.972798817594594,1.0,1.0,1.0,1.0,1.0,0.0,0.0,1.0,0.9999999999999999,0.0,0.4702720118240541,0.1999989510727903,0.3159089402876267,0.2449330888327237,-0.14036729082251054,0.4720622413958512,0.6840910597123733,0.38274433810485475,0.320579707084391,0.6840910597123733
Edge-IIoT,HSJA,4,10,2048,2,226.65685510635376,16.732346296310425,42.28879260816374,1.0,1.0,1.0,1.0,1.0,0.0,0.0,1.0,1.0,0.0,0.5771120739183626,0.27730678954472615,0.3454917489561933,0.30766677117721913,0.008583991095952728,0.33636101990226813,0.6545082510438067,0.4564038701718378,0.38329053072217484,0.6545082510438067
Edge-IIoT,BPDA,4,10,2048,2,226.65685510635376,25.22569751739502,46.55022857284477,1.0,1.0,1.0,1.0,1.0,0.0,0.0,1.0,1.0,0.0,0.5344977142715522,0.2807441176620738,0.45557193982371263,0.3474028332727933,0.017523230586472534,0.4360178133191388,0.5444280601762873,0.5089769136781386,0.44284847674505967,0.5444280601762873
Edge-IIoT,HSJA,4,10,2048,3,228.88587307929993,17.296859979629517,49.399221793389984,1.0,1.0,1.0,1.0,1.0,0.0,0.0,1.0,0.9999999999999998,0.0,0.5060077820661002,0.21077286121840402,0.29745178606932204,0.2467206750359025,-0.10854558759443791,0.41608150305296027,0.702548213930678,0.3638834663676636,0.29491561968946545,0.702548213930678
Edge-IIoT,BPDA,4,10,2048,3,228.88587307929993,9.178505420684814,61.230936303766434,1.0,1.0,1.0,1.0,1.0,0.0,0.0,1.0,0.9999999999999998,0.0,0.38769063696233563,0.19629170922367967,0.4043922725164027,0.2642948797773675,-0.19199001876348995,0.618548629185248,0.5956077274835974,0.39472850878799937,0.2980977075676112,0.5956077274835974
Edge-IIoT,HSJA,4,15,1024,2,180.9906783103943,17.327269792556763,43.117693047735564,1.0,1.0,1.0,1.0,1.0,0.0,0.0,1.0,1.0,0.0,0.5688230695226444,0.3191973880826152,0.5167257604877725,0.394623628702661,0.09412846013065611,0.4117148259673381,0.4832742395122275,0.561282984226116,0.43159246294862214,0.4832742395122275
Edge-IIoT,BPDA,4,15,1024,2,180.9906783103943,13.69695782661438,54.682194749921706,1.0,1.0,1.0,1.0,1.0,0.0,0.0,1.0,1.0,0.0,0.4531780525007829,0.2390498926166457,0.4628868712306979,0.3152792746026283,-0.07803664612046766,0.5504488919286106,0.5371131287693022,0.46866209481883553,0.3316135289435515,0.5371131287693022
Edge-IIoT,HSJA,4,15,1024,3,182.28076934814453,21.977367162704468,48.61177764109219,1.0,1.0,1.0,1.0,1.0,0.0,0.0,1.0,1.0,0.0,0.5138822235890781,0.2670724953069937,0.451404997017695,0.3355925835825078,-0.010154490984189884,0.4627780236376184,0.548595002982305,0.49229791887116375,0.3785139838167716,0.548595002982305
Edge-IIoT,BPDA,4,15,1024,3,182.28076934814453,14.781062126159668,48.014041064255,1.0,1.0,1.0,1.0,1.0,0.0,0.0,1.0,1.0,0.0,0.51985958935745,0.28356789475656835,0.5014165948704354,0.3622635863059612,0.025084605428522908,0.473250621268905,0.49858340512956456,0.5309250910973129,0.4054667888657941,0.49858340512956456
Edge-IIoT,HSJA,4,15,2048,2,181.23974871635437,18.659712076187134,35.01839622747786,1.0,1.0,1.0,1.0,1.0,0.0,0.0,1.0,1.0,0.0,0.6498160377252215,0.3861612120417131,0.48775598117834185,0.43105329048033914,0.1856355380334781,0.2896428361428408,0.5122440188216582,0.6034472347427084,0.4942640276016358,0.5122440188216582
Edge-IIoT,BPDA,4,15,2048,2,181.23974871635437,14.04019546508789,49.376240590661965,1.0,1.0,1.0,1.0,1.0,0.0,0.0,1.0,1.0,0.0,0.5062375940933803,0.2817623950269139,0.5264348200675989,0.36706272419031555,0.02236500751092815,0.5013075273342844,0.4735651799324011,0.5043141907186065,0.38504574398851266,0.4735651799324011
Edge-IIoT,HSJA,4,15,2048,3,183.09111309051514,17.761112689971924,40.56745546265442,1.0,1.0,1.0,1.0,1.0,0.0,0.0,1.0,1.0,0.0,0.5943254453734558,0.29744065864298247,0.360941745642521,0.3261288572016692,0.040173212672290674,0.31848890071767005,0.639058254357479,0.49060997698513853,0.3802377987548556,0.639058254357479
Edge-IIoT,BPDA,4,15,2048,3,183.09111309051514,25.37828016281128,44.96655333779439,1.0,1.0,1.0,1.0,1.0,0.0,0.0,1.0,1.0,0.0,0.5503344666220561,0.2877473249079596,0.44287229107296705,0.34884176182707993,0.030082715562704483,0.4095206558371424,0.5571277089270329,0.46954683712868533,0.30412718159896235,0.5571277089270329
Edge-IIoT,HSJA,4,20,1024,2,156.41274333000183,22.371415853500366,37.92709551393404,1.0,1.0,1.0,1.0,1.0,0.0,0.0,1.0,1.0,0.0,0.6207290448606596,0.340624330691797,0.4215985154748492,0.3768103065304309,0.10990509374836818,0.3048813322233535,0.5784014845251507,0.5407978789633024,0.4021536110548908,0.5784014845251507
Edge-IIoT,BPDA,4,20,1024,2,156.41274333000183,20.25655174255371,42.890134079546506,1.0,1.0,1.0,1.0,1.0,0.0,0.0,1.0,1.0,0.0,0.571098659204535,0.2976855778503294,0.4245062628404798,0.3499607307495305,0.04599707786261364,0.3741385019605173,0.5754937371595202,0.5494243183562629,0.41742879732419064,0.5754937371595202
Edge-IIoT,HSJA,4,20,1024,3,157.1916675567627,20.869818210601807,43.03590700273296,1.0,1.0,1.0,1.0,1.0,0.0,0.0,1.0,1.0,0.0,0.5696409299726704,0.28015761328454825,0.37107329842931935,0.31926927230155705,0.013804877857246755,0.3561797300768424,0.6289267015706806,0.4895643079777721,0.3522521577863555,0.6289267015706806
Edge-IIoT,BPDA,4,20,1024,3,157.1916675567627,26.355690479278564,38.32881594985592,1.0,1.0,1.0,1.0,1.0,0.0,0.0,1.0,1.0,0.0,0.6167118405014408,0.33612609206153354,0.4197594273974418,0.37331604404348356,0.10339854165506501,0.3097122201968873,0.5802405726025581,0.5064529093779387,0.418526267674136,0.5802405726025581
Edge-IIoT,HSJA,4,20,2048,2,155.78994798660278,20.3965847492218,32.67093396058498,1.0,1.0,1.0,1.0,1.0,0.0,0.0,1.0,1.0,0.0,0.6732906603941502,0.406300378732365,0.4363609251772815,0.42079447184997304,0.19391311877423126,0.23819898554447294,0.5636390748227186,0.6014353448749952,0.47168393162829864,0.5636390748227186
Edge-IIoT,BPDA,4,20,2048,2,155.78994798660278,18.274122714996338,37.53618976164888,1.0,1.0,1.0,1.0,1.0,0.0,0.0,1.0,1.0,0.0,0.6246381023835113,0.34103301347559495,0.4077722181721784,0.37142846363097864,0.10774195110138525,0.29434683980701204,0.5922277818278215,0.5777576430619347,0.47399526148450977,0.5922277818278215
Edge-IIoT,HSJA,4,20,2048,3,156.92390727996826,21.00901174545288,42.39243332634886,1.0,1.0,1.0,1.0,1.0,0.0,0.0,1.0,1.0,0.0,0.5760756667365114,0.3057394189724003,0.4396663132082974,0.3606715573511473,0.06082024107598023,0.37296559578372723,0.5603336867917026,0.5360555325227182,0.3626308381762555,0.5603336867917026
Edge-IIoT,BPDA,4,20,2048,3,156.92390727996826,24.54647970199585,44.684920951421795,1.0,1.0,1.0,1.0,1.0,0.0,0.0,1.0,1.0,0.0,0.5531507904857821,0.2913920811877143,0.44908542646961364,0.3534474327628362,0.037075623473207066,0.40797328621077034,0.5509145735303864,0.5754581555544263,0.46672344785981784,0.5509145735303864
Edge-IIoT,HSJA,8,5,1024,2,691.5635225772858,22.52289390563965,56.068952620420376,1.0,1.0,1.0,1.0,1.0,0.0,0.0,1.0,1.0,0.0,0.43931047379579624,0.1775009437523594,0.2921416263503214,0.22082927608199457,-0.19111779559745937,0.5057113412909395,0.7078583736496785,0.3108629832928171,0.2733020679934235,0.7078583736496785
Edge-IIoT,BPDA,8,5,1024,2,691.5635225772858,22.155892610549927,53.3226988944239,1.0,1.0,1.0,1.0,1.0,0.0,0.0,1.0,1.0,0.0,0.46677301105576097,0.2102664561136986,0.3485651799324011,0.26230284894956674,-0.12564879417689281,0.4890678335896809,0.6514348200675989,0.3494186580229981,0.2957744991035871,0.6514348200675989
Edge-IIoT,HSJA,8,5,1024,3,696.2315285205841,23.19312310218811,46.42991521738641,1.0,1.0,1.0,1.0,1.0,0.0,0.0,1.0,1.0,0.0,0.5357008478261359,0.2255650217006912,0.2906173371330108,0.25399204306447,-0.07659605631209841,0.37274277455752963,0.7093826628669891,0.33706212584767287,0.27518356353270856,0.7093826628669891
Edge-IIoT,BPDA,8,5,1024,3,696.2315285205841,20.63543939590454,50.08775665159371,1.0,1.0,1.0,1.0,1.0,0.0,0.0,1.0,1.0,0.0,0.499122433484063,0.2237803684450921,0.3409354496653191,0.27020550193683934,-0.09109590820521792,0.44178331254700137,0.6590645503346809,0.37803661581582104,0.31040268226751094,0.6590645503346809
Edge-IIoT,HSJA,8,5,2048,2,692.2942981719971,22.243308305740356,46.864980927854795,1.0,1.0,1.0,1.0,1.0,0.0,0.0,1.0,0.9999999999999998,0.0,0.5313501907214521,0.2150830330565565,0.27295546424547684,0.24058794322098254,-0.0928154597332027,0.37212073196772805,0.7270445357545232,0.3186852008832218,0.25854964387619067,0.7270445357545232
Edge-IIoT,BPDA,8,5,2048,2,692.2942981719971,22.261781692504883,42.368550899984456,1.0,1.0,1.0,1.0,1.0,0.0,0.0,1.0,0.9999999999999998,0.0,0.5763144910001554,0.2774939695337541,0.3478444562263901,0.308712002852658,0.0089263616197853,0.33833546354551897,0.65215554377361,0.413678297748287,0.32027576851923284,0.65215554377361
Edge-IIoT,HSJA,8,5,2048,3,693.8694343566895,21.92165207862854,51.89899085483315,1.0,1.0,1.0,1.0,1.0,0.0,0.0,1.0,1.0,0.0,0.4810100914516685,0.16644660383213566,0.22661375836702233,0.19192518040125026,-0.18184981159271627,0.42395451971194165,0.7733862416329776,0.28122253587478957,0.22066624850044808,0.7733862416329776
Edge-IIoT,BPDA,8,5,2048,3,693.8694343566895,21.507263660430908,41.76225269860152,1.0,1.0,1.0,1.0,1.0,0.0,0.0,1.0,1.0,0.0,0.5823774730139848,0.24728702777082812,0.2620203459473789,0.2544405830678637,-0.03529602732036369,0.29794602155795363,0.7379796540526211,0.35607577336494584,0.2728707317565099,0.7379796540526211
Edge-IIoT,HSJA,8,10,1024,2,385.08503580093384,15.595495700836182,29.762459980037892,1.0,1.0,1.0,1.0,1.0,0.0,0.0,1.0,1.0,0.0,0.7023754001996211,0.45240603263777424,0.44829842931937175,0.45034286475150626,0.24629513311618528,0.2027085157940018,0.5517015706806283,0.5908657761150182,0.49081893718044334,0.5517015706806283
Edge-IIoT,BPDA,8,10,1024,2,385.08503580093384,11.897829055786133,36.55002579752659,1.0,1.0,1.0,1.0,1.0,0.0,0.0,1.0,1.0,0.0,0.6344997420247341,0.3855359230582578,0.5791470607727484,0.46291268821761067,0.21211556404410484,0.34482203701927094,0.42085293922725164,0.6245596270928705,0.5316143445147692,0.42085293922725164
Edge-IIoT,HSJA,8,10,1024,3,389.7998569011688,13.960837602615356,26.77648076676107,1.0,1.0,1.0,1.0,1.0,0.0,0.0,1.0,1.0,0.0,0.7322351923323893,0.5083414499021544,0.47127874610643516,0.48910898750338533,0.3084395420855848,0.17027874316449468,0.5287212538935648,0.6380228817700364,0.5711705798603195,0.5287212538935648
Edge-IIoT,BPDA,8,10,1024,3,389.7998569011688,13.313057661056519,27.475379696783307,1.0,1.0,1.0,1.0,1.0,0.0,0.0,1.0,1.0,0.0,0.7252462030321669,0.49416831150188406,0.43347803035323745,0.46183787218831507,0.27950850504327224,0.1657573291162353,0.5665219696467625,0.5936009365187572,0.5412758061973963,0.5665219696467625
Edge-IIoT,HSJA,8,10,2048,2,384.52884006500244,14.384198665618896,33.78371984562038,1.0,1.0,1.0,1.0,1.0,0.0,0.0,1.0,1.0,0.0,0.6621628015437961,0.3892315853288875,0.4255003645039433,0.4065587006079027,0.17141230016300238,0.24942669955342914,0.5744996354960568,0.5443820405816647,0.4759223447045954,0.5744996354960568
Edge-IIoT,BPDA,8,10,2048,2,384.52884006500244,13.530963897705078,34.277139786545185,1.0,1.0,1.0,1.0,1.0,0.0,0.0,1.0,1.0,0.0,0.6572286021345481,0.38581727275369904,0.43980714427728806,0.4110469347620744,0.1715018131523366,0.2615487932064284,0.5601928557227119,0.5890759081128546,0.4320101623999378,0.5601928557227119
Edge-IIoT,HSJA,8,10,2048,3,388.20451259613037,14.824530839920044,34.45332900745988,1.0,1.0,1.0,1.0,1.0,0.0,0.0,1.0,1.0,0.0,0.6554667099254012,0.3894571365808117,0.46998641394393265,0.4259490059463031,0.18454685659975226,0.27524301439982174,0.5300135860560673,0.5848657657725922,0.5180738757816645,0.5300135860560673
Edge-IIoT,BPDA,8,10,2048,3,388.20451259613037,14.035123825073242,31.204417798265595,1.0,1.0,1.0,1.0,1.0,0.0,0.0,1.0,1.0,0.0,0.6879558220173441,0.43644316118980575,0.5058983365365498,0.468611155873754,0.2507956456908747,0.24403256903589587,0.4941016634634502,0.6519741281189042,0.5849558114040747,0.4941016634634502
Edge-IIoT,HSJA,8,15,1024,2,287.12853169441223,20.60264801979065,28.577576204091105,1.0,1.0,1.0,1.0,1.0,0.0,0.0,1.0,1.0,0.0,0.714224237959089,0.4780345453111444,0.5523146000397641,0.5124970693478771,0.3134738529957595,0.22529082812127665,0.44768539996023593,0.7003086520909003,0.6071272107502013,0.44768539996023593
Edge-IIoT,BPDA,8,15,1024,2,287.12853169441223,18.81490421295166,26.748092222214716,1.0,1.0,1.0,1.0,1.0,0.0,0.0,1.0,1.0,0.0,0.7325190777778529,0.5074173595242172,0.5647325866525283,0.5345429880929511,0.3486130013812087,0.2048005595288569,0.43526741334747165,0.709502628122143,0.6119603083018379,0.43526741334747165
Edge-IIoT,HSJA,8,15,1024,3,290.6964063644409,19.59579586982727,25.960648069916925,1.0,1.0,1.0,1.0,1.0,0.0,0.0,1.0,1.0000000000000002,0.0,0.7403935193008307,0.5202198838683055,0.5848465769766055,0.5506434755479291,0.3702411444718839,0.20149847274617877,0.41515342302339453,0.7072738943446103,0.6564714733984062,0.41515342302339453
Edge-IIoT,BPDA,8,15,1024,3,290.6964063644409,13.224119901657104,22.484177892533587,1.0,1.0,1.0,1.0,1.0,0.0,0.0,1.0,1.0000000000000002,0.0,0.7751582210746641,0.5771267181877175,0.6483448207303334,0.610666354556804,0.45487120496535777,0.17746782244861958,0.35165517926966666,0.7726882590253217,0.6921721926965967,0.35165517926966666
Edge-IIoT,HSJA,8,15,2048,2,288.0080337524414,15.989399909973145,29.19716745411082,1.0,1.0,1.0,1.0,1.0,0.0,0.0,1.0,0.9999999999999999,0.0,0.7080283254588918,0.47009882847499646,0.5780784014845252,0.5185267749330301,0.3156286451519577,0.24342600014235802,0.42192159851547484,0.6801891631259417,0.5621842092863889,0.42192159851547484
Edge-IIoT,BPDA,8,15,2048,2,288.0080337524414,20.291472673416138,32.801836693770966,1.0,1.0,1.0,1.0,1.0,0.0,0.0,1.0,0.9999999999999999,0.0,0.6719816330622903,0.4314846641988366,0.6488998608257671,0.5183160848045314,0.2982218652594628,0.3193956593187241,0.3511001391742329,0.7376145616802362,0.6228515587709849,0.3511001391742329
Edge-IIoT,HSJA,8,15,2048,3,290.76919388771057,16.01832127571106,26.11227894673993,1.0,1.0,1.0,1.0,1.0,0.0,0.0,1.0,1.0,0.0,0.7388772105326007,0.5189115731758089,0.5472446815561005,0.5327016511098119,0.3519351119098142,0.18953421079506946,0.45275531844389955,0.6954720192551004,0.6173679611059323,0.45275531844389955
Edge-IIoT,BPDA,8,15,2048,3,290.76919388771057,18.47029948234558,29.02818802228726,1.0,1.0,1.0,1.0,1.0,0.0,0.0,1.0,1.0,0.0,0.7097181197771274,0.4705212376219667,0.537303664921466,0.5016998186086626,0.2994826613188692,0.22587263910079255,0.462696335078534,0.6907584316850331,0.6277586754960783,0.462696335078534
Edge-IIoT,HSJA,8,20,1024,2,236.09622192382812,28.34601640701294,27.82370263224894,1.0,1.0,1.0,1.0,1.0,0.0,0.0,1.0,1.0,0.0,0.7217629736775106,0.4905036708212395,0.5949864139439327,0.5377166023426182,0.3445922596520143,0.23087683247248003,0.40501358605606735,0.6991275578352953,0.602440182020302,0.40501358605606735
Edge-IIoT,BPDA,8,20,1024,2,236.09622192382812,16.045299530029297,24.926944558974952,1.0,1.0,1.0,1.0,1.0,0.0,0.0,1.0,1.0,0.0,0.7507305544102505,0.5384146155488456,0.5849625555040096,0.5607242118637338,0.38778487234626924,0.18734313540412653,0.41503744449599045,0.7109529279287357,0.6688102331810191,0.41503744449599045
Edge-IIoT,HSJA,8,20,1024,3,237.7882103919983,31.52353310585022,24.610840368510345,1.0,1.0,1.0,1.0,1.0,0.0,0.0,1.0,1.0,0.0,0.7538915963148966,0.5402086266927275,0.6388014447610842,0.5853827029283939,0.4150562556164573,0.20311392663611127,0.36119855523891575,0.7470130451454234,0.6381350022240669,0.36119855523891575
Edge-IIoT,BPDA,8,20,1024,3,237.7882103919983,30.490556716918945,30.665936675521188,1.0,1.0,1.0,1.0,1.0,0.0,0.0,1.0,1.0,0.0,0.6933406332447881,0.45360862019091697,0.6235502684074491,0.5251737322430298,0.3154216614471566,0.28058762908931106,0.37644973159255085,0.6798091110482791,0.5581289079846536,0.37644973159255085
Edge-IIoT,HSJA,8,20,2048,2,235.90862774848938,25.69403576850891,36.17511676478738,1.0,1.0,1.0,1.0,1.0,0.0,0.0,1.0,1.0,0.0,0.6382488323521261,0.3676656172372109,0.45857081317516074,0.40811737383418734,0.1540845126894433,0.2946284610790118,0.5414291868248393,0.6023212439818261,0.5159930285297352,0.5414291868248393
Edge-IIoT,BPDA,8,20,2048,2,235.90862774848938,16.204816579818726,38.92745375032951,1.0,1.0,1.0,1.0,1.0,0.0,0.0,1.0,1.0,0.0,0.6107254624967049,0.35790237884693066,0.5431688647359003,0.4314895857326182,0.1619019125246085,0.36403727303956007,0.4568311352640997,0.6065396825778228,0.48396569788274674,0.4568311352640997
Edge-IIoT,HSJA,8,20,2048,3,237.2548050880432,26.015020608901978,27.864257695886586,1.0,1.0,1.0,1.0,1.0,0.0,0.0,1.0,1.0,0.0,0.7213574230411341,0.4893136327874059,0.5615845980515607,0.5229640544178852,0.3290291456759162,0.21895589687090913,0.43841540194843925,0.6841993384889322,0.6036132879020628,0.43841540194843925
Edge-IIoT,BPDA,8,20,2048,3,237.2548050880432,26.372045040130615,34.4508506424598,1.0,1.0,1.0,1.0,1.0,0.0,0.0,1.0,1.0,0.0,0.655491493575402,0.4059016431773942,0.5752369275631255,0.4759564470856767,0.2383599053066777,0.3145276344741574,0.42476307243687456,0.6508422240581782,0.5712604727669321,0.42476307243687456
Edge-IIoT,HSJA,10,5,1024,2,845.7752878665924,25.428241968154907,78.66848713841217,1.0,1.0,1.0,1.0,1.0,0.0,0.0,1.0,1.0,0.0,0.2133151286158782,0.0766117224942455,0.17122572735105043,0.10585888384408747,-0.5466023259817767,0.7709614426436501,0.8287742726489495,0.1400165318093342,0.1624841467896197,0.8287742726489495
Edge-IIoT,BPDA,10,5,1024,2,845.7752878665924,25.192362308502197,50.74700174161468,1.0,1.0,1.0,1.0,1.0,0.0,0.0,1.0,1.0,0.0,0.4925299825838532,0.21551902454956182,0.32799555967923655,0.2601191766692289,-0.10661437947953431,0.4460045368877445,0.6720044403207635,0.326841527394511,0.24737403712551792,0.6720044403207635
Edge-IIoT,HSJA,10,5,1024,3,847.4409701824188,25.464158296585083,78.00653837748203,1.0,1.0,1.0,1.0,1.0,0.0,0.0,1.0,1.0,0.0,0.21993461622517974,0.07024678418294426,0.15268573132745708,0.09622357323532252,-0.5451128683627354,0.7549430722714457,0.8473142686725429,0.13093665315001782,0.15998457302342536,0.8473142686725429
Edge-IIoT,BPDA,10,5,1024,3,847.4409701824188,25.41877031326294,61.388425134226,1.0,1.0,1.0,1.0,1.0,0.0,0.0,1.0,1.0,0.0,0.38611574865774007,0.16469356100277074,0.30874312413016103,0.2148038212705869,-0.2458848242965783,0.584979992510731,0.691256875869839,0.2994750792251454,0.23862203002228793,0.691256875869839
Edge-IIoT,HSJA,10,5,2048,2,847.1624281406403,25.817206621170044,82.59511852217348,1.0,1.0,1.0,1.0,1.0,0.0,0.0,1.0,1.0,0.0,0.1740488147782652,0.04493650035719706,0.1005699516203857,0.06211768076935869,-0.6363395438036423,0.7985015272538212,0.8994300483796143,0.08440400433111228,0.15506211688000873,0.8994300483796143
Edge-IIoT,BPDA,10,5,2048,2,847.1624281406403,24.08583688735962,54.088964291266464,1.0,1.0,1.0,1.0,1.0,0.0,0.0,1.0,1.0,0.0,0.45911035708733533,0.17937022172794137,0.27657565113658955,0.21761107544298186,-0.1768560115132227,0.4726997576819165,0.7234243488634104,0.3116587657830659,0.2745156954632356,0.7234243488634104
Edge-IIoT,HSJA,10,5,2048,3,852.7985615730286,27.26684069633484,79.05150718387891,1.0,1.0,1.0,1.0,1.0,0.0,0.0,1.0,1.0,0.0,0.2094849281612109,0.06308351779361457,0.13764165948704354,0.0865155053593791,-0.5671252006358499,0.7636764264426901,0.8623583405129565,0.11357492109233765,0.15773491968720005,0.8623583405129565
Edge-IIoT,BPDA,10,5,2048,3,852.7985615730286,28.926905155181885,53.09198564350748,1.0,1.0,1.0,1.0,1.0,0.0,0.0,1.0,1.0,0.0,0.4690801435649253,0.18928227698895894,0.290004307773875,0.22905992972537934,-0.15706252119435557,0.4640221088172216,0.709995692226125,0.31316331369324246,0.2755650613455143,0.709995692226125
Edge-IIoT,HSJA,10,10,1024,2,470.84242272377014,16.995681524276733,50.98334764025856,1.0,1.0,1.0,1.0,1.0,0.0,0.0,1.0,1.0,0.0,0.4901665235974144,0.2797065341229201,0.5552306315859236,0.3720079593484879,0.018829933839562985,0.5341396160666483,0.4447693684140765,0.5313407257414713,0.37357988680997856,0.4447693684140765
Edge-IIoT,BPDA,10,10,1024,2,470.84242272377014,14.023606777191162,29.73700041230981,1.0,1.0,1.0,1.0,1.0,0.0,0.0,1.0,1.0,0.0,0.7026299958769019,0.45459671507857874,0.46751772814633175,0.4609666945743399,0.2557506080984638,0.20953860532480836,0.5324822718536683,0.5823243646266245,0.5231025539032301,0.5324822718536683
Edge-IIoT,HSJA,10,10,1024,3,470.5567629337311,16.331449270248413,45.539956876449,1.0,1.0,1.0,1.0,1.0,0.0,0.0,1.0,0.9999999999999999,0.0,0.54460043123551,0.311067276229375,0.5552140632248658,0.39873634235365163,0.08533755242846087,0.4593645262418415,0.4447859367751342,0.5664922172124545,0.3876319292087135,0.4447859367751342
Edge-IIoT,BPDA,10,10,1024,3,470.5567629337311,26.158751726150513,30.724065600068496,1.0,1.0,1.0,1.0,1.0,0.0,0.0,1.0,0.9999999999999999,0.0,0.692759343999315,0.44262739693895503,0.500240241235337,0.46967363574139753,0.25548626887977877,0.23532087803942078,0.499759758764663,0.6361067841089741,0.5680434362075857,0.499759758764663
Edge-IIoT,HSJA,10,10,2048,2,482.20901250839233,17.53676199913025,44.70857807187709,1.0,1.0,1.0,1.0,1.0,0.0,0.0,1.0,1.0,0.0,0.5529142192812291,0.32268382269066687,0.5858655311816555,0.4161564330625491,0.11256074675552238,0.45939547363436894,0.4141344688183445,0.611271897408372,0.5171718407586163,0.4141344688183445
Edge-IIoT,BPDA,10,10,2048,2,482.20901250839233,15.305185317993164,29.146248318654656,1.0,1.0,1.0,1.0,1.0,0.0,0.0,1.0,1.0,0.0,0.7085375168134534,0.4652455828827164,0.4796871893432302,0.47235602905727025,0.27114169246532915,0.20597037096639423,0.5203128106567698,0.6427150404525194,0.5720933687337096,0.5203128106567698
Edge-IIoT,HSJA,10,10,2048,3,488.2244598865509,18.161564826965332,31.222892882811635,1.0,1.0,1.0,1.0,1.0,0.0,0.0,1.0,0.9999999999999999,0.0,0.6877710711718836,0.4360550839572269,0.5046971303598649,0.46787187147212644,0.24993233467074633,0.24383760046297298,0.4953028696401352,0.6499638098994147,0.5500544620425066,0.4953028696401352
Edge-IIoT,BPDA,10,10,2048,3,488.2244598865509,14.48237657546997,27.56820573133172,1.0,1.0,1.0,1.0,1.0,0.0,0.0,1.0,0.9999999999999999,0.0,0.7243179426866828,0.492674074139971,0.4587862018689111,0.4751266509666654,0.28885201622377926,0.17648679010549967,0.5412137981310888,0.6271017309465685,0.568341510424782,0.5412137981310888
Edge-IIoT,HSJA,10,15,1024,2,338.6410586833954,19.936378002166748,37.53461262028519,1.0,1.0,1.0,1.0,1.0,0.0,0.0,0.9999999999999999,1.0,0.0,0.6246538737971481,0.3757299329382577,0.574607329842932,0.454359061699605,0.19677262788611308,0.3566501304432595,0.42539267015706805,0.6386199162890938,0.5145187786940648,0.42539267015706805
Edge-IIoT,BPDA,10,15,1024,2,338.6410586833954,18.008971214294434,28.720645456368388,1.0,1.0,1.0,1.0,1.0,0.0,0.0,0.9999999999999999,1.0,0.0,0.7127935454363161,0.4776291238238914,0.5980018556564385,0.5310800968195228,0.3321039663161131,0.24432347452565384,0.4019981443435615,0.7172337242901834,0.5987234640416567,0.4019981443435615
Edge-IIoT,HSJA,10,15,1024,3,340.9382846355438,19.571326971054077,36.31390520479181,1.0,1.0,1.0,1.0,1.0,0.0,0.0,1.0,1.0,0.0,0.6368609479520819,0.3938743823501642,0.6220508317317252,0.48233843149598205,0.23771540344827868,0.35760640487235745,0.3779491682682749,0.6657920095290133,0.5110221742852462,0.3779491682682749
Edge-IIoT,BPDA,10,15,1024,3,340.9382846355438,19.35588574409485,24.986200013067737,1.0,1.0,1.0,1.0,1.0,0.0,0.0,1.0,1.0,0.0,0.7501379998693226,0.5400985608159462,0.5474766386109086,0.5437625733833046,0.3717489730776161,0.17415335670893048,0.4525233613890914,0.6945868656960595,0.6017401599394239,0.4525233613890914
Edge-IIoT,HSJA,10,15,2048,2,338.5199201107025,27.619892597198486,33.72784398016406,1.0,1.0,1.0,1.0,1.0,0.0,0.0,1.0,1.0,0.0,0.6627215601983594,0.41848798101258705,0.61640930479157,0.4985226823532565,0.26918264641130407,0.31997747029824003,0.38359069520843,0.685134862780046,0.5039566263551757,0.38359069520843
Edge-IIoT,BPDA,10,15,2048,2,338.5199201107025,14.589628458023071,28.178334133169315,1.0,1.0,1.0,1.0,1.0,0.0,0.0,1.0,1.0,0.0,0.7182166586683069,0.4853860041207777,0.5991367883888926,0.5362959886990987,0.34094946941486315,0.23729841642192437,0.40086321161110744,0.7318154029328325,0.6555551773948035,0.40086321161110744
Edge-IIoT,HSJA,10,15,2048,3,341.8267068862915,24.203972101211548,30.703562762340564,1.0,1.0,1.0,1.0,1.0,0.0,0.0,1.0,1.0,0.0,0.6929643723765944,0.44987471093332304,0.5785588839551992,0.5061659050635434,0.29322677900963245,0.2642969216628653,0.42144111604480083,0.6944426274450826,0.6003184557809251,0.42144111604480083
Edge-IIoT,BPDA,10,15,2048,3,341.8267068862915,25.517174243927002,30.68283461870355,1.0,1.0,1.0,1.0,1.0,0.0,0.0,1.0,1.0,0.0,0.6931716538129645,0.44245404432277213,0.4927099211346014,0.4662316028769083,0.2525275341802599,0.23194142277542407,0.5072900788653987,0.6740112203897175,0.6047658250282606,0.5072900788653987
Edge-IIoT,HSJA,10,20,1024,2,279.77615666389465,31.557153463363647,32.223025813298,1.0,1.0,1.0,1.0,1.0,0.0,0.0,1.0,1.0,0.0,0.67776974186702,0.4223050398801853,0.502220160381735,0.4588087048326125,0.23359438396658055,0.25664982096933425,0.49777983961826494,0.6259382545822101,0.5335821296814889,0.49777983961826494
Edge-IIoT,BPDA,10,20,1024,2,279.77615666389465,16.804704189300537,21.893200492969335,1.0,1.0,1.0,1.0,1.0,0.0,0.0,1.0,1.0,0.0,0.7810679950703067,0.6258486672582835,0.48491450725694213,0.5464406906241103,0.41092512009029464,0.10829730541053263,0.5150854927430578,0.6577938951654947,0.6010591841934391,0.5150854927430578
Edge-IIoT,HSJA,10,20,1024,3,281.02122688293457,25.746866703033447,28.99574397137714,1.0,1.0,1.0,1.0,1.0,0.0,0.0,1.0,1.0,0.0,0.7100425602862286,0.47563915556396436,0.6456110411558089,0.5477419604232484,0.3501352775055918,0.26588761763877583,0.35438895884419114,0.7285623701080032,0.6385206470834841,0.35438895884419114
Edge-IIoT,BPDA,10,20,1024,3,281.02122688293457,18.353046417236328,22.029510567973666,1.0,1.0,1.0,1.0,1.0,0.0,0.0,1.0,1.0,0.0,0.7797048943202634,0.5911779671797481,0.6159785274040692,0.6033234883645451,0.4511045123754459,0.15913149237610985,0.38402147259593084,0.7244556993947955,0.6988494074893482,0.38402147259593084
Edge-IIoT,HSJA,10,20,2048,2,279.4831802845001,28.508035898208618,31.5435031914582,1.0,1.0,1.0,1.0,1.0,0.0,0.0,1.0,1.0,0.0,0.684564968085418,0.4344285141299397,0.5293922725164026,0.47723207784594357,0.25705062355013536,0.25746683213205873,0.4706077274835973,0.646437439380636,0.5035156731389254,0.4706077274835973
Edge-IIoT,BPDA,10,20,2048,2,279.4831802845001,25.36886739730835,16.240951151425854,1.0,1.0,1.0,1.0,1.0,0.0,0.0,1.0,1.0,0.0,0.8375904884857415,0.7704861497385693,0.5737540592484591,0.6577240482046705,0.5645812771447375,0.06384756552336683,0.4262459407515409,0.7684298900838757,0.7355672411204299,0.4262459407515409
Edge-IIoT,HSJA,10,20,2048,3,281.63656997680664,29.95957922935486,35.5406553247672,1.0,1.0,1.0,1.0,1.0,0.0,0.0,1.0,1.0,0.0,0.644593446752328,0.3765402464394303,0.4678242428258997,0.41724790164322023,0.1678819632753752,0.2893704990885993,0.5321757571741004,0.6117042997954816,0.48232109291859304,0.5321757571741004
Edge-IIoT,BPDA,10,20,2048,3,281.63656997680664,35.54384160041809,26.543063844935467,1.0,1.0,1.0,1.0,1.0,0.0,0.0,1.0,1.0,0.0,0.7345693615506453,0.5110582893363502,0.5557111140565976,0.5324501629155736,0.3481791728745657,0.1986141757626211,0.4442888859434025,0.7066635547695128,0.6489287538336063,0.4442888859434025
