Dataset,Attack,Resolution,AddressSize,BloomSize,Hash,TrainTime_s,InferTime_Adv_s,Acc_Drop_pp,Clean_Acc,Clean_Precision,Clean_Recall,Clean_F1,Clean_MCC,Clean_FAR,Clean_ASR,Clean_AUC,Clean_PR_AUC,Clean_Miss_Attack,Adv_Acc,Adv_Precision,Adv_Recall,Adv_F1,Adv_MCC,Adv_FAR,Adv_ASR,Adv_AUC,Adv_PR_AUC,Adv_Miss_Attack
Bot-IoT,FGSM,1,5,1024,2,7.795430421829224,1.0124049186706543,0.0,0.9998637057498001,0.9998637057498001,1.0,0.9999318482305529,0.0,1.0,0.0,0.996304710668448,0.9999994953925697,0.0,0.9998637057498001,0.9998637057498001,1.0,0.9999318482305529,0.0,1.0,0.0,0.4221499259366963,0.9998244938644969,0.0
Bot-IoT,RANDOM_LINF,1,5,1024,2,7.795430421829224,1.0020942687988281,0.0,0.9998637057498001,0.9998637057498001,1.0,0.9999318482305529,0.0,1.0,0.0,0.996304710668448,0.9999994953925697,0.0,0.9998637057498001,0.9998637057498001,1.0,0.9999318482305529,0.0,1.0,0.0,0.8869830335965686,0.9999822029951502,0.0
Bot-IoT,RANDOM_L2,1,5,1024,2,7.795430421829224,1.0815763473510742,0.0,0.9998637057498001,0.9998637057498001,1.0,0.9999318482305529,0.0,1.0,0.0,0.996304710668448,0.9999994953925697,0.0,0.9998637057498001,0.9998637057498001,1.0,0.9999318482305529,0.0,1.0,0.0,0.8979831759677455,0.9999840501446775,0.0
Bot-IoT,FGSM,1,5,1024,3,3.637044906616211,1.0157077312469482,0.008177655011998297,0.9999454822999201,0.999945477841286,1.0,0.9999727381774562,0.7745755526123786,0.4,0.0,0.9954789578429859,0.9999993828736767,0.0,0.9998637057498001,0.9998637057498001,1.0,0.9999318482305529,0.0,1.0,0.0,0.9422281997921986,0.9999905335698469,0.0
Bot-IoT,RANDOM_LINF,1,5,1024,3,3.637044906616211,0.9911682605743408,0.00908628334665984,0.9999454822999201,0.999945477841286,1.0,0.9999727381774562,0.7745755526123786,0.4,0.0,0.9954789578429859,0.9999993828736767,0.0,0.9998546194664535,0.9998637045113806,0.9999909124780764,0.9999273044489677,-3.519358238262003e-05,1.0,9.08752192364664e-06,0.8393744149907763,0.9999731295765026,9.08752192364664e-06
Bot-IoT,RANDOM_L2,1,5,1024,3,3.637044906616211,1.0209805965423584,0.00908628334665984,0.9999454822999201,0.999945477841286,1.0,0.9999727381774562,0.7745755526123786,0.4,0.0,0.9954789578429859,0.9999993828736767,0.0,0.9998546194664535,0.9998637045113806,0.9999909124780764,0.9999273044489677,-3.519358238262003e-05,1.0,9.08752192364664e-06,0.8749656946047383,0.9999808515599514,9.08752192364664e-06
Bot-IoT,FGSM,1,5,2048,2,3.617377996444702,1.0710501670837402,0.0,0.9998637057498001,0.9998637057498001,1.0,0.9999318482305529,0.0,1.0,0.0,0.9951512012189396,0.9999993376067176,0.0,0.9998637057498001,0.9998637057498001,1.0,0.9999318482305529,0.0,1.0,0.0,0.3051232419431545,0.999806418872377,0.0
Bot-IoT,RANDOM_LINF,1,5,2048,2,3.617377996444702,0.9960827827453613,0.0,0.9998637057498001,0.9998637057498001,1.0,0.9999318482305529,0.0,1.0,0.0,0.9951512012189396,0.9999993376067176,0.0,0.9998637057498001,0.9998637057498001,1.0,0.9999318482305529,0.0,1.0,0.0,0.896465256889099,0.999983353737452,0.0
Bot-IoT,RANDOM_L2,1,5,2048,2,3.617377996444702,1.0486257076263428,0.0,0.9998637057498001,0.9998637057498001,1.0,0.9999318482305529,0.0,1.0,0.0,0.9951512012189396,0.9999993376067176,0.0,0.9998637057498001,0.9998637057498001,1.0,0.9999318482305529,0.0,1.0,0.0,0.9169085462085343,0.9999877672475591,0.0
Bot-IoT,FGSM,1,5,2048,3,3.5974948406219482,0.9889664649963379,0.0,0.9998637057498001,0.9998637057498001,1.0,0.9999318482305529,0.0,1.0,0.0,0.9950503297255872,0.9999993237193595,0.0,0.9998637057498001,0.9998637057498001,1.0,0.9999318482305529,0.0,1.0,0.0,0.9659045264946703,0.9999953399529459,0.0
Bot-IoT,RANDOM_LINF,1,5,2048,3,3.5974948406219482,0.9997234344482422,0.0,0.9998637057498001,0.9998637057498001,1.0,0.9999318482305529,0.0,1.0,0.0,0.9950503297255872,0.9999993237193595,0.0,0.9998637057498001,0.9998637057498001,1.0,0.9999318482305529,0.0,1.0,0.0,0.8880435474050582,0.999983524253703,0.0
Bot-IoT,RANDOM_L2,1,5,2048,3,3.5974948406219482,0.9902021884918213,0.0,0.9998637057498001,0.9998637057498001,1.0,0.9999318482305529,0.0,1.0,0.0,0.9950503297255872,0.9999993237193595,0.0,0.9998637057498001,0.9998637057498001,1.0,0.9999318482305529,0.0,1.0,0.0,0.8733768928550874,0.9999804480841873,0.0
Bot-IoT,FGSM,1,10,1024,2,2.887655735015869,0.8973944187164307,0.005451770007991463,0.99991822344988,0.9999182189913676,1.0,0.9999591078235821,0.6324296700792484,0.6,0.0,0.9981107041920739,0.9999997420708947,0.0,0.9998637057498001,0.9998637057498001,1.0,0.9999318482305529,0.0,1.0,0.0,0.8831162930180569,0.999978012283091,0.0
Bot-IoT,RANDOM_LINF,1,10,1024,2,2.887655735015869,0.9089322090148926,0.04724867340262229,0.99991822344988,0.9999182189913676,1.0,0.9999591078235821,0.6324296700792484,0.6,0.0,0.9981107041920739,0.9999997420708947,0.0,0.9994457367158538,0.9998636487592037,0.9995819739915123,0.9997227915346897,-0.00023874330345043202,1.0,0.0004180260084877455,0.8221220575361304,0.9999713256906768,0.0004180260084877455
Bot-IoT,RANDOM_L2,1,10,1024,2,2.887655735015869,0.8935854434967041,0.0454314167332992,0.99991822344988,0.9999182189913676,1.0,0.9999591078235821,0.6324296700792484,0.6,0.0,0.9981107041920739,0.9999997420708947,0.0,0.999463909282547,0.9998636512380468,0.9996001490353595,0.9997318827736954,-0.0002334934345855039,1.0,0.0003998509646404522,0.8126068162472775,0.9999709092384825,0.0003998509646404522
Bot-IoT,FGSM,1,10,1024,3,2.9958789348602295,0.8677966594696045,0.0009086283346615431,0.9998727920331467,0.9998727908772886,1.0,0.9999363913928467,0.25818246659772603,0.9333333333333333,0.0,0.9918866604265684,0.9999988781552446,0.0,0.9998637057498001,0.9998637057498001,1.0,0.9999318482305529,0.0,1.0,0.0,0.8746570217767315,0.9999824408169066,0.0
Bot-IoT,RANDOM_LINF,1,10,1024,3,2.9958789348602295,0.882408618927002,0.0036345133386572748,0.9998727920331467,0.9998727908772886,1.0,0.9999363913928467,0.25818246659772603,0.9333333333333333,0.0,0.9918866604265684,0.9999988781552446,0.0,0.9998364468997601,0.9998637020344743,0.9999727374342291,0.999918216761929,-6.0957626672876073e-05,1.0,2.7262565770939922e-05,0.9272068289698082,0.9999893929142618,2.7262565770939922e-05
Bot-IoT,RANDOM_L2,1,10,1024,3,2.9958789348602295,0.884385347366333,0.0036345133386572748,0.9998727920331467,0.9998727908772886,1.0,0.9999363913928467,0.25818246659772603,0.9333333333333333,0.0,0.9918866604265684,0.9999988781552446,0.0,0.9998364468997601,0.9998637020344743,0.9999727374342291,0.999918216761929,-6.0957626672876073e-05,1.0,2.7262565770939922e-05,0.8015906192540356,0.9999607763235344,2.7262565770939922e-05
Bot-IoT,FGSM,1,10,2048,2,2.9108357429504395,0.87117600440979,0.008177655011998297,0.9999454822999201,0.999945477841286,1.0,0.9999727381774562,0.7745755526123786,0.4,0.0,0.9958348857849952,0.9999994302167708,0.0,0.9998637057498001,0.9998637057498001,1.0,0.9999318482305529,0.0,1.0,0.0,0.8974667018050848,0.9999835719737233,0.0
Bot-IoT,RANDOM_LINF,1,10,2048,2,2.9108357429504395,0.8508737087249756,0.17263938358653697,0.9999454822999201,0.999945477841286,1.0,0.9999727381774562,0.7745755526123786,0.4,0.0,0.9958348857849952,0.9999994302167708,0.0,0.9982190884640547,0.999863481228669,0.99835515853182,0.9991087506138707,-0.000473868901986945,1.0,0.001644841468180042,0.9214577596835118,0.9999885759440381,0.001644841468180042
Bot-IoT,RANDOM_L2,1,10,2048,2,2.9108357429504395,0.8829059600830078,0.09631460347460097,0.9999454822999201,0.999945477841286,1.0,0.9999727381774562,0.7745755526123786,0.4,0.0,0.9958348857849952,0.9999994302167708,0.0,0.9989823362651741,0.9998635855182386,0.9991185103734063,0.9994909090909091,-0.00034676786268311916,1.0,0.0008814896265937241,0.8677992748157506,0.9999801560874008,0.0008814896265937241
Bot-IoT,FGSM,1,10,2048,3,2.8632068634033203,0.8573613166809082,0.0,0.9998637057498001,0.9998637057498001,1.0,0.9999318482305529,0.0,1.0,0.0,0.9934924255504767,0.9999991102262312,0.0,0.9998637057498001,0.9998637057498001,1.0,0.9999318482305529,0.0,1.0,0.0,0.5908612850361834,0.9998407348233052,0.0
Bot-IoT,RANDOM_LINF,1,10,2048,3,2.8632068634033203,0.8891003131866455,0.0,0.9998637057498001,0.9998637057498001,1.0,0.9999318482305529,0.0,1.0,0.0,0.9934924255504767,0.9999991102262312,0.0,0.9998637057498001,0.9998637057498001,1.0,0.9999318482305529,0.0,1.0,0.0,0.7292351638631661,0.999946136319709,0.0
Bot-IoT,RANDOM_L2,1,10,2048,3,2.8632068634033203,0.9198036193847656,0.0,0.9998637057498001,0.9998637057498001,1.0,0.9999318482305529,0.0,1.0,0.0,0.9934924255504767,0.9999991102262312,0.0,0.9998637057498001,0.9998637057498001,1.0,0.9999318482305529,0.0,1.0,0.0,0.7234963937683833,0.9999461171627917,0.0
Bot-IoT,FGSM,1,15,1024,2,2.599186897277832,0.8243193626403809,0.00454314167332992,0.9999091371665334,0.9999091330383186,1.0,0.9999545644548643,0.5773240375613216,0.6666666666666666,0.0,0.9983369834879727,0.9999997730471076,0.0,0.9998637057498001,0.9998637057498001,1.0,0.9999318482305529,0.0,1.0,0.0,0.6745173768565049,0.9999278060572311,0.0
Bot-IoT,RANDOM_LINF,1,15,1024,2,2.599186897277832,0.8281168937683105,0.025441593370645332,0.9999091371665334,0.9999091330383186,1.0,0.9999545644548643,0.5773240375613216,0.6666666666666666,0.0,0.9983369834879727,0.9999997730471076,0.0,0.999654721232827,0.9998636772604582,0.9997909869957561,0.9998273308069104,-0.00016879936415277499,1.0,0.00020901300424387275,0.6902063776228861,0.9999499678321,0.00020901300424387275
Bot-IoT,RANDOM_L2,1,15,1024,2,2.599186897277832,0.8494956493377686,0.0227157083666496,0.9999091371665334,0.9999091330383186,1.0,0.9999545644548643,0.5773240375613216,0.6666666666666666,0.0,0.9983369834879727,0.9999997730471076,0.0,0.9996819800828669,0.9998636809771347,0.9998182495615271,0.9998409647532455,-0.0001574040729395522,1.0,0.00018175043847293282,0.7175401289822279,0.999954278265093,0.00018175043847293282
Bot-IoT,FGSM,1,15,1024,3,2.6034958362579346,0.7983839511871338,0.0027258850039957316,0.9998909645998401,0.9998909616275794,1.0,0.999945477841286,0.44718921311399706,0.8,0.0,0.9939307470245939,0.9999991702315906,0.0,0.9998637057498001,0.9998637057498001,1.0,0.9999318482305529,0.0,1.0,0.0,0.9101780245544842,0.9999877171027263,0.0
Bot-IoT,RANDOM_LINF,1,15,1024,3,2.6034958362579346,0.8392000198364258,0.3380097404957483,0.9998909645998401,0.9998909616275794,1.0,0.999945477841286,0.44718921311399706,0.8,0.0,0.9939307470245939,0.9999991702315906,0.0,0.9965108671948826,0.9998632472398734,0.9966467044101744,0.9982523847666206,-0.0006771797600554911,1.0,0.0033532955898256103,0.6733178239625837,0.9999436196593727,0.0033532955898256103
Bot-IoT,RANDOM_L2,1,15,1024,3,2.6034958362579346,0.8619027137756348,0.34527876717307393,0.9998909645998401,0.9998909616275794,1.0,0.999945477841286,0.44718921311399706,0.8,0.0,0.9939307470245939,0.9999991702315906,0.0,0.9964381769281093,0.99986323726511,0.9965740042347853,0.9982159111596578,-0.0006845060632107815,1.0,0.0034259957652147837,0.6456702501794785,0.999939466098434,0.0034259957652147837
Bot-IoT,FGSM,1,15,2048,2,2.603996753692627,0.8177545070648193,0.006360398342664109,0.9999273097332267,0.9999273051095421,1.0,0.9999636512335862,0.6831052205805873,0.5333333333333333,0.0,0.9976081642296961,0.9999996733241372,0.0,0.9998637057498001,0.9998637057498001,1.0,0.9999318482305529,0.0,1.0,0.0,0.9944847829445389,0.9999992431765873,0.0
Bot-IoT,RANDOM_LINF,1,15,2048,2,2.603996753692627,0.9101400375366211,0.05179181507596331,0.9999273097332267,0.9999273051095421,1.0,0.9999636512335862,0.6831052205805873,0.5333333333333333,0.0,0.9976081642296961,0.9999996733241372,0.0,0.9994093915824671,0.9998636438012473,0.9995456239038176,0.9997046085608984,-0.0002489116254407522,1.0,0.00045437609618233205,0.8424605374360465,0.9999743601435063,0.00045437609618233205
Bot-IoT,RANDOM_L2,1,15,2048,2,2.603996753692627,0.9299867153167725,0.04724867340263339,0.9999273097332267,0.9999273051095421,1.0,0.9999636512335862,0.6831052205805873,0.5333333333333333,0.0,0.9976081642296961,0.9999996733241372,0.0,0.9994548229992004,0.9998636499986365,0.9995910615134359,0.9997273371748496,-0.00023613293544231078,1.0,0.0004089384865640988,0.7227572753185934,0.9999506996396634,0.0004089384865640988
Bot-IoT,FGSM,1,15,2048,3,2.596466302871704,0.8129422664642334,0.008177655011998297,0.9999454822999201,0.999945477841286,1.0,0.9999727381774562,0.7745755526123786,0.4,0.0,0.9984248295332346,0.9999997853035684,0.0,0.9998637057498001,0.9998637057498001,1.0,0.9999318482305529,0.0,1.0,0.0,0.782618902651436,0.999949251078238,0.0
Bot-IoT,RANDOM_LINF,1,15,2048,3,2.596466302871704,0.8347029685974121,1.8236170676746433,0.9999454822999201,0.999945477841286,1.0,0.9999727381774562,0.7745755526123786,0.4,0.0,0.9984248295332346,0.9999997853035684,0.0,0.9817093116231737,0.9998611856595532,0.981843131196554,0.9907702465394156,-0.0015875874046897011,1.0,0.01815686880344599,0.8444288946847085,0.9999754965101317,0.01815686880344599
Bot-IoT,RANDOM_L2,1,15,2048,3,2.596466302871704,0.863175630569458,1.9562768045358725,0.9999454822999201,0.999945477841286,1.0,0.9999727381774562,0.7745755526123786,0.4,0.0,0.9984248295332346,0.9999997853035684,0.0,0.9803827142545614,0.9998609978501001,0.9805163529957016,0.990094194619941,-0.0016456818712887928,1.0,0.019483647004298398,0.6964119434271469,0.9999507837668248,0.019483647004298398
Bot-IoT,FGSM,1,20,1024,2,2.5424017906188965,0.7937259674072266,0.00454314167332992,0.9999091371665334,0.9999091330383186,1.0,0.9999545644548643,0.5773240375613216,0.6666666666666666,0.0,0.9949418852972983,0.9999993088499506,0.0,0.9998637057498001,0.9998637057498001,1.0,0.9999318482305529,0.0,1.0,0.0,0.9994820112503521,0.9999999293691644,0.0
Bot-IoT,RANDOM_LINF,1,20,1024,2,2.5424017906188965,0.8201982975006104,13.824780111943014,0.9999091371665334,0.9999091330383186,1.0,0.9999545644548643,0.5773240375613216,0.6666666666666666,0.0,0.9949418852972983,0.9999993088499506,0.0,0.8616613360471033,0.9998734711092366,0.8617515289755636,0.9256885704384497,0.0020884524252512745,0.8,0.13824847102443635,0.5678416832513942,0.9999301777635387,0.13824847102443635
Bot-IoT,RANDOM_L2,1,20,1024,2,2.5424017906188965,0.8199634552001953,14.156429454096099,0.9999091371665334,0.9999091330383186,1.0,0.9999545644548643,0.5773240375613216,0.6666666666666666,0.0,0.9949418852972983,0.9999993088499506,0.0,0.8583448426255724,0.9998518189227236,0.8584527585172799,0.9237727361627225,-0.0025077400123067195,0.9333333333333333,0.14154724148272008,0.49551409626109055,0.9999180290035021,0.14154724148272008
Bot-IoT,FGSM,1,20,1024,3,2.506425619125366,0.7630658149719238,0.009994911681321383,0.9999636548666133,0.9999636512335862,1.0,0.9999818252864789,0.8563332748242921,0.26666666666666666,0.0,0.9968490532316743,0.9999995702993398,0.0,0.9998637057498001,0.9998637057498001,1.0,0.9999318482305529,0.0,1.0,0.0,0.7608342950960704,0.9999668372684387,0.0
Bot-IoT,RANDOM_LINF,1,20,1024,3,2.506425619125366,0.83087158203125,9.287998836955724,0.9999636548666133,0.9999636512335862,1.0,0.9999818252864789,0.8563332748242921,0.26666666666666666,0.0,0.9968490532316743,0.9999995702993398,0.0,0.9070836664970561,0.9998597798543714,0.9071982261157205,0.9512778487164338,-0.0010515058735876682,0.9333333333333333,0.0928017738842795,0.6047564089748367,0.9999373618489988,0.0928017738842795
Bot-IoT,RANDOM_L2,1,20,1024,3,2.506425619125366,0.8317310810089111,9.964926946281894,0.9999636548666133,0.9999636512335862,1.0,0.9999818252864789,0.8563332748242921,0.26666666666666666,0.0,0.9968490532316743,0.9999995702993398,0.0,0.9003143854037944,0.9998587257058669,0.9004280222826038,0.9475420653249752,-0.0012828940809003857,0.9333333333333333,0.09957197771739625,0.5716087640061431,0.9999323578924694,0.09957197771739625
Bot-IoT,FGSM,1,20,2048,2,2.4329280853271484,0.783144474029541,0.05724358508395477,0.99991822344988,0.9999182189913676,1.0,0.9999591078235821,0.6324296700792484,0.6,0.0,0.9991166928690216,0.9999998796037531,0.0,0.9993457875990405,0.9998636351239557,0.9994820112503522,0.9996727867660425,-0.0002657733463650682,1.0,0.0005179887496478585,0.8209682451692248,0.9999741865857594,0.0005179887496478585
Bot-IoT,RANDOM_LINF,1,20,2048,2,2.4329280853271484,0.8065934181213379,29.053391000944973,0.99991822344988,0.9999182189913676,1.0,0.9999591078235821,0.6324296700792484,0.6,0.0,0.9991166928690216,0.9999998796037531,0.0,0.7093843134404303,0.9998719213084519,0.7094355740133224,0.8299790556990825,0.001099656512071364,0.6666666666666666,0.2905644259866777,0.5984687525558655,0.9999288207532028,0.2905644259866777
Bot-IoT,RANDOM_L2,1,20,2048,2,2.4329280853271484,0.8084964752197266,29.497710256596633,0.99991822344988,0.9999182189913676,1.0,0.9999591078235821,0.6324296700792484,0.6,0.0,0.9991166928690216,0.9999998796037531,0.0,0.7049411208839137,0.9998453448809156,0.7050099508365064,0.8269334285546786,-0.002431596547998403,0.8,0.2949900491634936,0.4810958339770328,0.9999048910248487,0.2949900491634936
Bot-IoT,FGSM,1,20,2048,3,2.6149089336395264,0.7826507091522217,0.019989823362642767,0.9999636548666133,0.9999636512335862,1.0,0.9999818252864789,0.8563332748242921,0.26666666666666666,0.0,0.9981785576891038,0.9999997511547387,0.0,0.9997637566329869,0.9998636921259485,0.9999000372588399,0.999881864362113,-0.00011672921113370817,1.0,9.996274116011305e-05,0.7101289519360965,0.9999070139307539,9.996274116011305e-05
Bot-IoT,RANDOM_LINF,1,20,2048,3,2.6149089336395264,0.8315713405609131,9.538780257323543,0.9999636548666133,0.9999636512335862,1.0,0.9999818252864789,0.8563332748242921,0.26666666666666666,0.0,0.9981785576891038,0.9999997511547387,0.0,0.9045758522933779,0.9998493507015236,0.9046991575867177,0.9498974285577978,-0.003789063875652417,1.0,0.09530084241328232,0.6131714542761334,0.9999371274365045,0.09530084241328232
Bot-IoT,RANDOM_L2,1,20,2048,3,2.6149089336395264,0.8526997566223145,10.019444646361853,0.9999636548666133,0.9999636512335862,1.0,0.9999818252864789,0.8563332748242921,0.26666666666666666,0.0,0.9981785576891038,0.9999997511547387,0.0,0.8997692084029948,0.9998586401179346,0.8998827709671849,0.9472400384543641,-0.0013009901318918105,0.9333333333333333,0.10011722903281504,0.5888774790002513,0.9999334293748872,0.10011722903281504
Bot-IoT,FGSM,2,5,1024,2,5.1801886558532715,1.2447550296783447,0.0,0.9998637057498001,0.9998637057498001,1.0,0.9999318482305529,0.0,1.0,0.0,0.9979289537536009,0.9999997175958063,0.0,0.9998637057498001,0.9998637057498001,1.0,0.9999318482305529,0.0,1.0,0.0,0.9270132647528345,0.9999888864218768,0.0
Bot-IoT,RANDOM_LINF,2,5,1024,2,5.1801886558532715,1.2739629745483398,0.0,0.9998637057498001,0.9998637057498001,1.0,0.9999318482305529,0.0,1.0,0.0,0.9979289537536009,0.9999997175958063,0.0,0.9998637057498001,0.9998637057498001,1.0,0.9999318482305529,0.0,1.0,0.0,0.9439312014006902,0.9999918250376642,0.0
Bot-IoT,RANDOM_L2,2,5,1024,2,5.1801886558532715,1.3148019313812256,0.0,0.9998637057498001,0.9998637057498001,1.0,0.9999318482305529,0.0,1.0,0.0,0.9979289537536009,0.9999997175958063,0.0,0.9998637057498001,0.9998637057498001,1.0,0.9999318482305529,0.0,1.0,0.0,0.8060950009541898,0.999966633627941,0.0
Bot-IoT,FGSM,2,5,1024,3,5.229848861694336,1.2330753803253174,0.0,0.9998637057498001,0.9998637057498001,1.0,0.9999318482305529,0.0,1.0,0.0,0.9981597768104615,0.9999997491881601,0.0,0.9998637057498001,0.9998637057498001,1.0,0.9999318482305529,0.0,1.0,0.0,0.7156129684996199,0.9999043409019512,0.0
Bot-IoT,RANDOM_LINF,2,5,1024,3,5.229848861694336,1.282773733139038,0.0,0.9998637057498001,0.9998637057498001,1.0,0.9999318482305529,0.0,1.0,0.0,0.9981597768104615,0.9999997491881601,0.0,0.9998637057498001,0.9998637057498001,1.0,0.9999318482305529,0.0,1.0,0.0,0.9188281337562059,0.999988052378298,0.0
Bot-IoT,RANDOM_L2,2,5,1024,3,5.229848861694336,1.275522232055664,0.0,0.9998637057498001,0.9998637057498001,1.0,0.9999318482305529,0.0,1.0,0.0,0.9981597768104615,0.9999997491881601,0.0,0.9998637057498001,0.9998637057498001,1.0,0.9999318482305529,0.0,1.0,0.0,0.8489396376502092,0.9999755332809384,0.0
Bot-IoT,FGSM,2,5,2048,2,5.227366209030151,1.3020575046539307,0.0009086283346615431,0.9998727920331467,0.9998727908772886,1.0,0.9999363913928467,0.25818246659772603,0.9333333333333333,0.0,0.9978813957222006,0.9999997111141112,0.0,0.9998637057498001,0.9998637057498001,1.0,0.9999318482305529,0.0,1.0,0.0,0.9186987880274928,0.9999811201328064,0.0
Bot-IoT,RANDOM_LINF,2,5,2048,2,5.227366209030151,1.280120611190796,0.0018172566693230863,0.9998727920331467,0.9998727908772886,1.0,0.9999363913928467,0.25818246659772603,0.9333333333333333,0.0,0.9978813957222006,0.9999997111141112,0.0,0.9998546194664535,0.9998637045113806,0.9999909124780764,0.9999273044489677,-3.519358238262003e-05,1.0,9.08752192364664e-06,0.9269314770555217,0.9999886032932181,9.08752192364664e-06
Bot-IoT,RANDOM_L2,2,5,2048,2,5.227366209030151,1.2782275676727295,0.0009086283346615431,0.9998727920331467,0.9998727908772886,1.0,0.9999363913928467,0.25818246659772603,0.9333333333333333,0.0,0.9978813957222006,0.9999997111141112,0.0,0.9998637057498001,0.9998637057498001,1.0,0.9999318482305529,0.0,1.0,0.0,0.9440484304335052,0.9999918524205902,0.0
Bot-IoT,FGSM,2,5,2048,3,5.215201377868652,1.2305891513824463,0.0,0.9998637057498001,0.9998637057498001,1.0,0.9999318482305529,0.0,1.0,0.0,0.9971983169909397,0.999999617768081,0.0,0.9998637057498001,0.9998637057498001,1.0,0.9999318482305529,0.0,1.0,0.0,0.7364542912793111,0.9999092748207306,0.0
Bot-IoT,RANDOM_LINF,2,5,2048,3,5.215201377868652,1.2553842067718506,0.0,0.9998637057498001,0.9998637057498001,1.0,0.9999318482305529,0.0,1.0,0.0,0.9971983169909397,0.999999617768081,0.0,0.9998637057498001,0.9998637057498001,1.0,0.9999318482305529,0.0,1.0,0.0,0.9094101289519362,0.9999855120087686,0.0
Bot-IoT,RANDOM_L2,2,5,2048,3,5.215201377868652,1.2942991256713867,0.0,0.9998637057498001,0.9998637057498001,1.0,0.9999318482305529,0.0,1.0,0.0,0.9971983169909397,0.999999617768081,0.0,0.9998637057498001,0.9998637057498001,1.0,0.9999318482305529,0.0,1.0,0.0,0.8477512926999937,0.9999747478600838,0.0
Bot-IoT,FGSM,2,10,1024,2,3.661262273788452,0.9612429141998291,0.00454314167332992,0.9999091371665334,0.9999091330383186,1.0,0.9999545644548643,0.5773240375613216,0.6666666666666666,0.0,0.9980004422594003,0.999999726967632,0.0,0.9998637057498001,0.9998637057498001,1.0,0.9999318482305529,0.0,1.0,0.0,0.8417268714994107,0.9999621131461608,0.0
Bot-IoT,RANDOM_LINF,2,10,1024,2,3.661262273788452,1.0042738914489746,0.005451770007991463,0.9999091371665334,0.9999091330383186,1.0,0.9999545644548643,0.5773240375613216,0.6666666666666666,0.0,0.9980004422594003,0.999999726967632,0.0,0.9998546194664535,0.9998637045113806,0.9999909124780764,0.9999273044489677,-3.519358238262003e-05,1.0,9.08752192364664e-06,0.8627896268966415,0.9999745756151228,9.08752192364664e-06
Bot-IoT,RANDOM_L2,2,10,1024,2,3.661262273788452,0.9712531566619873,0.00454314167332992,0.9999091371665334,0.9999091330383186,1.0,0.9999545644548643,0.5773240375613216,0.6666666666666666,0.0,0.9980004422594003,0.999999726967632,0.0,0.9998637057498001,0.9998637057498001,1.0,0.9999318482305529,0.0,1.0,0.0,0.8860664055518701,0.9999826867175998,0.0
Bot-IoT,FGSM,2,10,1024,3,3.7087528705596924,0.9579651355743408,0.007269026677325652,0.9999363960165734,0.9999363913928467,1.0,0.9999681946848775,0.7302735163915309,0.4666666666666667,0.0,0.9980689015912252,0.999999736411179,0.0,0.9998637057498001,0.9998637057498001,1.0,0.9999318482305529,0.0,1.0,0.0,0.6701332533631404,0.999896881798091,0.0
Bot-IoT,RANDOM_LINF,2,10,1024,3,3.7087528705596924,1.0013384819030762,0.007269026677325652,0.9999363960165734,0.9999363913928467,1.0,0.9999681946848775,0.7302735163915309,0.4666666666666667,0.0,0.9980689015912252,0.999999736411179,0.0,0.9998637057498001,0.9998637057498001,1.0,0.9999318482305529,0.0,1.0,0.0,0.8736340697255266,0.999978655535412,0.0
Bot-IoT,RANDOM_L2,2,10,1024,3,3.7087528705596924,1.0078773498535156,0.008177655011987195,0.9999363960165734,0.9999363913928467,1.0,0.9999681946848775,0.7302735163915309,0.4666666666666667,0.0,0.9980689015912252,0.999999736411179,0.0,0.9998546194664535,0.9998637045113806,0.9999909124780764,0.9999273044489677,-3.519358238262003e-05,1.0,9.08752192364664e-06,0.8603850685956447,0.9999757434644361,9.08752192364664e-06
Bot-IoT,FGSM,2,10,2048,2,3.7004637718200684,0.9807448387145996,0.0027258850039957316,0.9998909645998401,0.9998909616275794,1.0,0.999945477841286,0.44718921311399706,0.8,0.0,0.9977847650724124,0.9999996977176848,0.0,0.9998637057498001,0.9998637057498001,1.0,0.9999318482305529,0.0,1.0,0.0,0.7556374442253342,0.9999327528807418,0.0
Bot-IoT,RANDOM_LINF,2,10,2048,2,3.7004637718200684,1.0406875610351562,0.0027258850039957316,0.9998909645998401,0.9998909616275794,1.0,0.999945477841286,0.44718921311399706,0.8,0.0,0.9977847650724124,0.9999996977176848,0.0,0.9998637057498001,0.9998637057498001,1.0,0.9999318482305529,0.0,1.0,0.0,0.8912253917479243,0.9999790773736169,0.0
Bot-IoT,RANDOM_L2,2,10,2048,2,3.7004637718200684,1.0379173755645752,0.0027258850039957316,0.9998909645998401,0.9998909616275794,1.0,0.999945477841286,0.44718921311399706,0.8,0.0,0.9977847650724124,0.9999996977176848,0.0,0.9998637057498001,0.9998637057498001,1.0,0.9999318482305529,0.0,1.0,0.0,0.8420864344501897,0.9999739408524178,0.0
Bot-IoT,FGSM,2,10,2048,3,3.671919584274292,0.9797916412353516,0.0027258850039957316,0.9998909645998401,0.9998909616275794,1.0,0.999945477841286,0.44718921311399706,0.8,0.0,0.9977584112588339,0.9999996939606834,0.0,0.9998637057498001,0.9998637057498001,1.0,0.9999318482305529,0.0,1.0,0.0,0.6049511848614002,0.9998794418080422,0.0
Bot-IoT,RANDOM_LINF,2,10,2048,3,3.671919584274292,0.9981644153594971,0.0027258850039957316,0.9998909645998401,0.9998909616275794,1.0,0.999945477841286,0.44718921311399706,0.8,0.0,0.9977584112588339,0.9999996939606834,0.0,0.9998637057498001,0.9998637057498001,1.0,0.9999318482305529,0.0,1.0,0.0,0.8569814887178415,0.9999701082434609,0.0
Bot-IoT,RANDOM_L2,2,10,2048,3,3.671919584274292,1.0305323600769043,0.0027258850039957316,0.9998909645998401,0.9998909616275794,1.0,0.999945477841286,0.44718921311399706,0.8,0.0,0.9977584112588339,0.9999996939606834,0.0,0.9998637057498001,0.9998637057498001,1.0,0.9999318482305529,0.0,1.0,0.0,0.8718332257976573,0.999969521641586,0.0
Bot-IoT,FGSM,2,15,1024,2,3.285961866378784,0.9124855995178223,0.00908628334665984,0.9999545685832667,0.9999545644548643,1.0,0.9999772817113233,0.8164780317333975,0.3333333333333333,0.0,0.9997967424263079,0.9999999722862309,0.0,0.9998637057498001,0.9998637057498001,1.0,0.9999318482305529,0.0,1.0,0.0,0.9525355700753961,0.9999880938432465,0.0
Bot-IoT,RANDOM_LINF,2,15,1024,2,3.285961866378784,0.9456148147583008,0.02725885003997952,0.9999545685832667,0.9999545644548643,1.0,0.9999772817113233,0.8164780317333975,0.3333333333333333,0.0,0.9997967424263079,0.9999999722862309,0.0,0.9996819800828669,0.9998636809771347,0.9998182495615271,0.9998409647532455,-0.0001574040729395522,1.0,0.00018175043847293282,0.8440093540892335,0.9999754579178973,0.00018175043847293282
Bot-IoT,RANDOM_L2,2,15,1024,2,3.285961866378784,0.9325146675109863,0.03907101839063509,0.9999545685832667,0.9999545644548643,1.0,0.9999772817113233,0.8164780317333975,0.3333333333333333,0.0,0.9997967424263079,0.9999999722862309,0.0,0.9995638583993603,0.9998636648700726,0.9997001117765196,0.9997818816344336,-0.00020220113726654175,1.0,0.00029988822348033916,0.8168691669468653,0.9999692100469395,0.00029988822348033916
Bot-IoT,FGSM,2,15,1024,3,3.2434797286987305,0.8962740898132324,0.007269026677325652,0.9999363960165734,0.9999363913928467,1.0,0.9999681946848775,0.7302735163915309,0.4666666666666667,0.0,0.9994165810925019,0.9999999202545902,0.0,0.9998637057498001,0.9998637057498001,1.0,0.9999318482305529,0.0,1.0,0.0,0.9870557337719577,0.9999981531991433,0.0
Bot-IoT,RANDOM_LINF,2,15,1024,3,3.2434797286987305,0.9222071170806885,0.03907101839063509,0.9999363960165734,0.9999363913928467,1.0,0.9999681946848775,0.7302735163915309,0.4666666666666667,0.0,0.9994165810925019,0.9999999202545902,0.0,0.999545685832667,0.9998636623917252,0.9996819367326724,0.9997727913042688,-0.00020824021020809748,1.0,0.0003180632673276324,0.6698182192697872,0.9999403412326604,0.0003180632673276324
Bot-IoT,RANDOM_L2,2,15,1024,3,3.2434797286987305,0.9767248630523682,0.037253761721300904,0.9999363960165734,0.9999363913928467,1.0,0.9999681946848775,0.7302735163915309,0.4666666666666667,0.0,0.9994165810925019,0.9999999202545902,0.0,0.9995638583993603,0.9998727515656102,0.999691024254596,0.9997818796520981,0.04344525421772024,0.9333333333333333,0.0003089757454039858,0.7742753458559386,0.9999597660813972,0.0003089757454039858
Bot-IoT,FGSM,2,15,2048,2,3.2347421646118164,0.9302873611450195,0.00454314167332992,0.9999091371665334,0.9999091330383186,1.0,0.9999545644548643,0.5773240375613216,0.6666666666666666,0.0,0.999426577366618,0.9999999218185174,0.0,0.9998637057498001,0.9998637057498001,1.0,0.9999318482305529,0.0,1.0,0.0,0.8098211878602822,0.999962911746227,0.0
Bot-IoT,RANDOM_LINF,2,15,2048,2,3.2347421646118164,0.913538932800293,0.05451770007995904,0.9999091371665334,0.9999091330383186,1.0,0.9999545644548643,0.5773240375613216,0.6666666666666666,0.0,0.999426577366618,0.9999999218185174,0.0,0.9993639601657338,0.9998636376032946,0.9995001862941995,0.9996818789140255,-0.00026106664825139,1.0,0.0004998137058005652,0.7489650827115953,0.9999564487163936,0.0004998137058005652
Bot-IoT,RANDOM_L2,2,15,2048,2,3.2347421646118164,0.9437239170074463,0.06087809842262315,0.9999091371665334,0.9999091330383186,1.0,0.9999545644548643,0.5773240375613216,0.6666666666666666,0.0,0.999426577366618,0.9999999218185174,0.0,0.9993003561823072,0.9998636289252141,0.9994365736407339,0.9996500556729612,-0.00027719137464182053,1.0,0.0005634263592660917,0.8123032930150277,0.999969016570899,0.0005634263592660917
Bot-IoT,FGSM,2,15,2048,3,3.3739101886749268,0.8908183574676514,0.006360398342664109,0.9999273097332267,0.9999273051095421,1.0,0.9999636512335862,0.6831052205805873,0.5333333333333333,0.0,0.9987601590922172,0.9999998307814509,0.0,0.9998637057498001,0.9998637057498001,1.0,0.9999318482305529,0.0,1.0,0.0,0.7140505205635476,0.9999187761370212,0.0
Bot-IoT,RANDOM_LINF,2,15,2048,3,3.3739101886749268,0.9494733810424805,0.03452787671730517,0.9999273097332267,0.9999273051095421,1.0,0.9999636512335862,0.6831052205805873,0.5333333333333333,0.0,0.9987601590922172,0.9999998307814509,0.0,0.9995820309660537,0.9998636673483299,0.999718286820367,0.9997909717993693,-0.00019597628629449356,1.0,0.00028171317963304586,0.7421215728682946,0.9999526109689686,0.00028171317963304586
Bot-IoT,RANDOM_L2,2,15,2048,3,3.3739101886749268,0.9413161277770996,0.04270553172930347,0.9999273097332267,0.9999273051095421,1.0,0.9999636512335862,0.6831052205805873,0.5333333333333333,0.0,0.9987601590922172,0.9999998307814509,0.0,0.9995002544159337,0.9998636561954625,0.9996364991230542,0.9997500647559496,-0.0002226232074953662,1.0,0.00036350087694586564,0.7431893566943231,0.9999566096251857,0.00036350087694586564
Bot-IoT,FGSM,2,20,1024,2,2.9311532974243164,0.8365280628204346,0.011812168350655572,0.9999818274333067,0.9999818252864789,1.0,0.9999909125606586,0.9309408763440791,0.13333333333333333,0.0,0.9990067338537455,0.999999864149258,0.0,0.9998637057498001,0.9998637057498001,1.0,0.9999318482305529,0.0,1.0,0.0,0.9998518733926446,0.9999999798072506,0.0
Bot-IoT,RANDOM_LINF,2,20,1024,2,2.9311532974243164,0.881563663482666,1.6228102057134541,0.9999818274333067,0.9999818252864789,1.0,0.9999909125606586,0.9309408763440791,0.13333333333333333,0.0,0.9990067338537455,0.999999864149258,0.0,0.9837537253761721,0.9998614741002743,0.9838878236293745,0.9918103369304336,-0.0014939724657035557,1.0,0.016112176370625494,0.6555871599373567,0.9999449541188141,0.016112176370625494
Bot-IoT,RANDOM_L2,2,20,1024,2,2.9311532974243164,0.8961873054504395,1.8081703859853193,0.9999818274333067,0.9999818252864789,1.0,0.9999909125606586,0.9309408763440791,0.13333333333333333,0.0,0.9990067338537455,0.999999864149258,0.0,0.9819001235734535,0.9998704627256493,0.982024881635027,0.9908673286936429,0.004277469688081453,0.9333333333333333,0.017975118364973057,0.6145294329689237,0.9999387644591575,0.017975118364973057
Bot-IoT,FGSM,2,20,1024,3,2.945136070251465,0.8522939682006836,0.00908628334665984,0.9999273097332267,0.9999273051095421,1.0,0.9999636512335862,0.6831052205805873,0.5333333333333333,0.0,0.9991221453821757,0.9999998800601875,0.0,0.9998364468997601,0.9998637020344743,0.9999727374342291,0.999918216761929,-6.0957626672876073e-05,1.0,2.7262565770939922e-05,0.9301354343684021,0.9999901726351239,2.7262565770939922e-05
Bot-IoT,RANDOM_LINF,2,20,1024,3,2.945136070251465,0.9210877418518066,1.4783383005015693,0.9999273097332267,0.9999273051095421,1.0,0.9999636512335862,0.6831052205805873,0.5333333333333333,0.0,0.9991221453821757,0.9999998800601875,0.0,0.985143926728211,0.9998708892044931,0.9852691269617688,0.9925163062135256,0.005031314924205606,0.9333333333333333,0.014730873038231205,0.7535642775571529,0.9999599956256349,0.014730873038231205
Bot-IoT,RANDOM_L2,2,20,1024,3,2.945136070251465,0.8949615955352783,1.6391655157374396,0.9999273097332267,0.9999273051095421,1.0,0.9999636512335862,0.6831052205805873,0.5333333333333333,0.0,0.9991221453821757,0.9999998800601875,0.0,0.9835356545758523,0.9998614433903878,0.983669723103207,0.9916994961062757,-0.0015042166735038534,1.0,0.016330276896793013,0.5632491525885805,0.9999277444803343,0.016330276896793013
Bot-IoT,FGSM,2,20,2048,2,2.9684457778930664,0.8304824829101562,0.019081195027981224,0.9999636548666133,0.9999636512335862,1.0,0.9999818252864789,0.8563332748242921,0.26666666666666666,0.0,0.9995989373657698,0.999999945280221,0.0,0.9997728429163335,0.9998818632885625,0.9998909497369163,0.9998864064920961,0.13789960754085398,0.8666666666666667,0.00010905026308375969,0.9979440996234736,0.9999997192495886,0.00010905026308375969
Bot-IoT,RANDOM_LINF,2,20,2048,2,2.9684457778930664,0.8954732418060303,9.721414552591401,0.9999636548666133,0.9999636512335862,1.0,0.9999818252864789,0.8563332748242921,0.26666666666666666,0.0,0.9995989373657698,0.999999945280221,0.0,0.9027495093406993,0.9998591067367107,0.902863478158141,0.9488890056206335,-0.001201117590613295,0.9333333333333333,0.09713652184185895,0.5653108083956586,0.9999307656573032,0.09713652184185895
Bot-IoT,RANDOM_L2,2,20,2048,2,2.9684457778930664,0.8963909149169922,10.520098858762806,0.9999636548666133,0.9999636512335862,1.0,0.9999818252864789,0.8563332748242921,0.26666666666666666,0.0,0.9995989373657698,0.999999945280221,0.0,0.8947626662789853,0.9998680002030766,0.894866458865332,0.944457765458504,0.0010732436074379138,0.8666666666666667,0.10513354113466798,0.5904035768486292,0.9999344319141594,0.10513354113466798
Bot-IoT,FGSM,2,20,2048,3,3.023411512374878,0.8721508979797363,0.007269026677325652,0.9999363960165734,0.9999363913928467,1.0,0.9999681946848775,0.7302735163915309,0.4666666666666667,0.0,0.9988504284766587,0.9999998432093444,0.0,0.9998637057498001,0.9998637057498001,1.0,0.9999318482305529,0.0,1.0,0.0,0.8636814157147488,0.9999810663742836,0.0
Bot-IoT,RANDOM_LINF,2,20,2048,3,3.023411512374878,0.8698127269744873,0.7041869593661376,0.9999363960165734,0.9999363913928467,1.0,0.9999681946848775,0.7302735163915309,0.4666666666666667,0.0,0.9988504284766587,0.9999998432093444,0.0,0.992894526422912,0.9998627492245331,0.993029870684563,0.99643459627046,-0.0009780877535518824,1.0,0.006970129315436974,0.704199949715712,0.9999523085929991,0.006970129315436974
Bot-IoT,RANDOM_L2,2,20,2048,3,3.023411512374878,0.9328413009643555,0.8168568728647241,0.9999363960165734,0.9999363913928467,1.0,0.9999681946848775,0.7302735163915309,0.4666666666666667,0.0,0.9988504284766587,0.9999998432093444,0.0,0.9917678272879261,0.9998625933220354,0.9919030179660309,0.9958669014534274,-0.0010547887953644272,1.0,0.008096982033969156,0.6410350081636238,0.999942054056213,0.008096982033969156
Bot-IoT,FGSM,4,5,1024,2,8.24362301826477,1.7530193328857422,0.003634513338668377,0.9999000508831868,0.9999000472503907,1.0,0.9999500211274325,0.5163719711604263,0.7333333333333333,0.0,0.9980658724172506,0.9999997362116108,0.0,0.9998637057498001,0.9998637057498001,1.0,0.9999318482305529,0.0,1.0,0.0,0.7397891089078918,0.9999233337082621,0.0
Bot-IoT,RANDOM_LINF,4,5,1024,2,8.24362301826477,1.7579243183135986,0.003634513338668377,0.9999000508831868,0.9999000472503907,1.0,0.9999500211274325,0.5163719711604263,0.7333333333333333,0.0,0.9980658724172506,0.9999997362116108,0.0,0.9998637057498001,0.9998637057498001,1.0,0.9999318482305529,0.0,1.0,0.0,0.9531520069792169,0.999993288581275,0.0
Bot-IoT,RANDOM_L2,4,5,1024,2,8.24362301826477,1.795274019241333,0.003634513338668377,0.9999000508831868,0.9999000472503907,1.0,0.9999500211274325,0.5163719711604263,0.7333333333333333,0.0,0.9980658724172506,0.9999997362116108,0.0,0.9998637057498001,0.9998637057498001,1.0,0.9999318482305529,0.0,1.0,0.0,0.9371225270580965,0.9999908902845036,0.0
Bot-IoT,FGSM,4,5,1024,3,8.269811153411865,1.7400398254394531,0.0,0.9998637057498001,0.9998637057498001,1.0,0.9999318482305529,0.0,1.0,0.0,0.9991469846087672,0.9999998835447746,0.0,0.9998637057498001,0.9998637057498001,1.0,0.9999318482305529,0.0,1.0,0.0,0.6500698224601134,0.9998982779668302,0.0
Bot-IoT,RANDOM_LINF,4,5,1024,3,8.269811153411865,1.765855312347412,0.0,0.9998637057498001,0.9998637057498001,1.0,0.9999318482305529,0.0,1.0,0.0,0.9991469846087672,0.9999998835447746,0.0,0.9998637057498001,0.9998637057498001,1.0,0.9999318482305529,0.0,1.0,0.0,0.9641872877684983,0.999994800836266,0.0
Bot-IoT,RANDOM_L2,4,5,1024,3,8.269811153411865,1.8277742862701416,0.0,0.9998637057498001,0.9998637057498001,1.0,0.9999318482305529,0.0,1.0,0.0,0.9991469846087672,0.9999998835447746,0.0,0.9998637057498001,0.9998637057498001,1.0,0.9999318482305529,0.0,1.0,0.0,0.9541798057087814,0.9999932774255798,0.0
Bot-IoT,FGSM,4,5,2048,2,8.60709261894226,1.771862506866455,0.007269026677325652,0.9999363960165734,0.9999363913928467,1.0,0.9999681946848775,0.7302735163915309,0.4666666666666667,0.0,0.9993157095991495,0.9999999065063812,0.0,0.9998637057498001,0.9998637057498001,1.0,0.9999318482305529,0.0,1.0,0.0,0.7356927569421094,0.9999255852784116,0.0
Bot-IoT,RANDOM_LINF,4,5,2048,2,8.60709261894226,1.821077585220337,0.007269026677325652,0.9999363960165734,0.9999363913928467,1.0,0.9999681946848775,0.7302735163915309,0.4666666666666667,0.0,0.9993157095991495,0.9999999065063812,0.0,0.9998637057498001,0.9998637057498001,1.0,0.9999318482305529,0.0,1.0,0.0,0.9449608176346392,0.9999919205398657,0.0
Bot-IoT,RANDOM_L2,4,5,2048,2,8.60709261894226,1.7604660987854004,0.007269026677325652,0.9999363960165734,0.9999363913928467,1.0,0.9999681946848775,0.7302735163915309,0.4666666666666667,0.0,0.9993157095991495,0.9999999065063812,0.0,0.9998637057498001,0.9998637057498001,1.0,0.9999318482305529,0.0,1.0,0.0,0.8920514474907837,0.9999821162223418,0.0
Bot-IoT,FGSM,4,5,2048,3,8.242151260375977,1.7607197761535645,0.0,0.9998637057498001,0.9998637057498001,1.0,0.9999318482305529,0.0,1.0,0.0,0.9981016166701504,0.999999741046834,0.0,0.9998637057498001,0.9998637057498001,1.0,0.9999318482305529,0.0,1.0,0.0,0.799896099332673,0.9999512574302205,0.0
Bot-IoT,RANDOM_LINF,4,5,2048,3,8.242151260375977,1.7929282188415527,0.0,0.9998637057498001,0.9998637057498001,1.0,0.9999318482305529,0.0,1.0,0.0,0.9981016166701504,0.999999741046834,0.0,0.9998637057498001,0.9998637057498001,1.0,0.9999318482305529,0.0,1.0,0.0,0.961658533334545,0.9999945864672808,0.0
Bot-IoT,RANDOM_L2,4,5,2048,3,8.242151260375977,1.790602445602417,0.0,0.9998637057498001,0.9998637057498001,1.0,0.9999318482305529,0.0,1.0,0.0,0.9981016166701504,0.999999741046834,0.0,0.9998637057498001,0.9998637057498001,1.0,0.9999318482305529,0.0,1.0,0.0,0.9394349984702672,0.9999911436260822,0.0
Bot-IoT,FGSM,4,10,1024,2,5.249956130981445,1.2117249965667725,0.010903540015994029,0.99997274114996,0.9999727381774562,1.0,0.9999863689029239,0.894414999059142,0.2,0.0,0.9992669398981592,0.9999998998950476,0.0,0.9998637057498001,0.9998637057498001,1.0,0.9999318482305529,0.0,1.0,0.0,0.9669256610414907,0.9999948830410108,0.0
Bot-IoT,RANDOM_LINF,4,10,1024,2,5.249956130981445,1.2933008670806885,0.010903540015994029,0.99997274114996,0.9999727381774562,1.0,0.9999863689029239,0.894414999059142,0.2,0.0,0.9992669398981592,0.9999998998950476,0.0,0.9998637057498001,0.9998637057498001,1.0,0.9999318482305529,0.0,1.0,0.0,0.9490229399345094,0.9999922537759417,0.0
Bot-IoT,RANDOM_L2,4,10,1024,2,5.249956130981445,1.2809383869171143,0.011812168350655572,0.99997274114996,0.9999727381774562,1.0,0.9999863689029239,0.894414999059142,0.2,0.0,0.9992669398981592,0.9999998998950476,0.0,0.9998546194664535,0.9998637045113806,0.9999909124780764,0.9999273044489677,-3.519358238262003e-05,1.0,9.08752192364664e-06,0.9095079712713141,0.9999845280354417,9.08752192364664e-06
Bot-IoT,FGSM,4,10,1024,3,5.310713768005371,1.3108365535736084,0.009994911681321383,0.9999636548666133,0.9999636512335862,1.0,0.9999818252864789,0.8563332748242921,0.26666666666666666,0.0,0.999523208016406,0.9999999348919805,0.0,0.9998637057498001,0.9998637057498001,1.0,0.9999318482305529,0.0,1.0,0.0,0.7388633933412698,0.9999266911853474,0.0
Bot-IoT,RANDOM_LINF,4,10,1024,3,5.310713768005371,1.2850139141082764,0.009994911681321383,0.9999636548666133,0.9999636512335862,1.0,0.9999818252864789,0.8563332748242921,0.26666666666666666,0.0,0.999523208016406,0.9999999348919805,0.0,0.9998637057498001,0.9998637057498001,1.0,0.9999318482305529,0.0,1.0,0.0,0.8704355649258004,0.9999786453113351,0.0
Bot-IoT,RANDOM_L2,4,10,1024,3,5.310713768005371,1.2917194366455078,0.009994911681321383,0.9999636548666133,0.9999636512335862,1.0,0.9999818252864789,0.8563332748242921,0.26666666666666666,0.0,0.999523208016406,0.9999999348919805,0.0,0.9998637057498001,0.9998637057498001,1.0,0.9999318482305529,0.0,1.0,0.0,0.8530272050114653,0.999975664970108,0.0
Bot-IoT,FGSM,4,10,2048,2,5.260241508483887,1.2527668476104736,0.011812168350655572,0.9999818274333067,0.9999818252864789,1.0,0.9999909125606586,0.9309408763440791,0.13333333333333333,0.0,0.999714954728995,0.9999999611067222,0.0,0.9998637057498001,0.9998637057498001,1.0,0.9999318482305529,0.0,1.0,0.0,0.7518894472666249,0.9999322388935938,0.0
Bot-IoT,RANDOM_LINF,4,10,2048,2,5.260241508483887,1.2815024852752686,0.011812168350655572,0.9999818274333067,0.9999818252864789,1.0,0.9999909125606586,0.9309408763440791,0.13333333333333333,0.0,0.999714954728995,0.9999999611067222,0.0,0.9998637057498001,0.9998637057498001,1.0,0.9999318482305529,0.0,1.0,0.0,0.8776253093543922,0.999979672052539,0.0
Bot-IoT,RANDOM_L2,4,10,2048,2,5.260241508483887,1.3243944644927979,0.011812168350655572,0.9999818274333067,0.9999818252864789,1.0,0.9999909125606586,0.9309408763440791,0.13333333333333333,0.0,0.999714954728995,0.9999999611067222,0.0,0.9998637057498001,0.9998637057498001,1.0,0.9999318482305529,0.0,1.0,0.0,0.8747360832174673,0.9999769989460667,0.0
Bot-IoT,FGSM,4,10,2048,3,5.314798355102539,1.2521421909332275,0.008177655011998297,0.9999454822999201,0.999945477841286,1.0,0.9999727381774562,0.7745755526123786,0.4,0.0,0.9990927623946226,0.9999998762468406,0.0,0.9998637057498001,0.9998637057498001,1.0,0.9999318482305529,0.0,1.0,0.0,0.7748793631464636,0.9999299387194545,0.0
Bot-IoT,RANDOM_LINF,4,10,2048,3,5.314798355102539,1.2797164916992188,0.008177655011998297,0.9999454822999201,0.999945477841286,1.0,0.9999727381774562,0.7745755526123786,0.4,0.0,0.9990927623946226,0.9999998762468406,0.0,0.9998637057498001,0.9998637057498001,1.0,0.9999318482305529,0.0,1.0,0.0,0.8652705203817972,0.9999766872992991,0.0
Bot-IoT,RANDOM_L2,4,10,2048,3,5.314798355102539,1.2935893535614014,0.008177655011998297,0.9999454822999201,0.999945477841286,1.0,0.9999727381774562,0.7745755526123786,0.4,0.0,0.9990927623946226,0.9999998762468406,0.0,0.9998637057498001,0.9998637057498001,1.0,0.9999318482305529,0.0,1.0,0.0,0.8517567694465396,0.9999766829830945,0.0
Bot-IoT,FGSM,4,15,1024,2,4.279799461364746,1.0507571697235107,0.007269026677325652,0.9999363960165734,0.9999363913928467,1.0,0.9999681946848775,0.7302735163915309,0.4666666666666667,0.0,0.9994747412328132,0.9999999282920438,0.0,0.9998637057498001,0.9998637057498001,1.0,0.9999318482305529,0.0,1.0,0.0,0.9757566119294929,0.9999965715238881,0.0
Bot-IoT,RANDOM_LINF,4,15,1024,2,4.279799461364746,1.0707528591156006,0.00908628334665984,0.9999363960165734,0.9999363913928467,1.0,0.9999681946848775,0.7302735163915309,0.4666666666666667,0.0,0.9994747412328132,0.9999999282920438,0.0,0.9998455331831068,0.9998637032729387,0.9999818249561527,0.9999227606260933,-4.977146763539307e-05,1.0,1.817504384729328e-05,0.8706797163481491,0.999978537645461,1.817504384729328e-05
Bot-IoT,RANDOM_L2,4,15,1024,2,4.279799461364746,1.1192715167999268,0.011812168350655572,0.9999363960165734,0.9999363913928467,1.0,0.9999681946848775,0.7302735163915309,0.4666666666666667,0.0,0.9994747412328132,0.9999999282920438,0.0,0.9998182743330668,0.9998636995574779,0.9999545623903817,0.9999091289097286,-7.86966727258006e-05,1.0,4.5437609618233205e-05,0.7543306585727139,0.9999532678669248,4.5437609618233205e-05
Bot-IoT,FGSM,4,15,1024,3,4.931189775466919,1.1162598133087158,0.00908628334665984,0.9999545685832667,0.9999545644548643,1.0,0.9999772817113233,0.8164780317333975,0.3333333333333333,0.0,0.9995519851691642,0.9999999388230061,0.0,0.9998637057498001,0.9998637057498001,1.0,0.9999318482305529,0.0,1.0,0.0,0.9340130799732221,0.9999895257574473,0.0
Bot-IoT,RANDOM_LINF,4,15,1024,3,4.931189775466919,1.0942630767822266,0.016355310023985492,0.9999545685832667,0.9999545644548643,1.0,0.9999772817113233,0.8164780317333975,0.3333333333333333,0.0,0.9995519851691642,0.9999999388230061,0.0,0.9997910154830268,0.9998636958418144,0.9999272998246108,0.9998954968217403,-9.954564885699843e-05,1.0,7.270017538917312e-05,0.8923058981046459,0.9999829259364132,7.270017538917312e-05
Bot-IoT,RANDOM_L2,4,15,1024,3,4.931189775466919,1.1192643642425537,0.01362942501998976,0.9999545685832667,0.9999545644548643,1.0,0.9999772817113233,0.8164780317333975,0.3333333333333333,0.0,0.9995519851691642,0.9999999388230061,0.0,0.9998182743330668,0.9998636995574779,0.9999545623903817,0.9999091289097286,-7.86966727258006e-05,1.0,4.5437609618233205e-05,0.8061737594775281,0.9999643929179581,4.5437609618233205e-05
Bot-IoT,FGSM,4,15,2048,2,4.3958070278167725,1.0951602458953857,0.007269026677325652,0.9999363960165734,0.9999363913928467,1.0,0.9999681946848775,0.7302735163915309,0.4666666666666667,0.0,0.9994441465756703,0.9999999241282503,0.0,0.9998637057498001,0.9998637057498001,1.0,0.9999318482305529,0.0,1.0,0.0,0.7863775017190562,0.9999544078667834,0.0
Bot-IoT,RANDOM_LINF,4,15,2048,2,4.3958070278167725,1.1048486232757568,0.011812168350655572,0.9999363960165734,0.9999363913928467,1.0,0.9999681946848775,0.7302735163915309,0.4666666666666667,0.0,0.9994441465756703,0.9999999241282503,0.0,0.9998182743330668,0.9998636995574779,0.9999545623903817,0.9999091289097286,-7.86966727258006e-05,1.0,4.5437609618233205e-05,0.7997712973649216,0.9999618805092352,4.5437609618233205e-05
Bot-IoT,RANDOM_L2,4,15,2048,2,4.3958070278167725,1.1460843086242676,0.016355310023985492,0.9999363960165734,0.9999363913928467,1.0,0.9999681946848775,0.7302735163915309,0.4666666666666667,0.0,0.9994441465756703,0.9999999241282503,0.0,0.9997728429163335,0.999863693364593,0.9999091247807635,0.9998864085566163,-0.00011129643020329661,1.0,9.087521923646641e-05,0.7288574258685399,0.999946713672217,9.087521923646641e-05
Bot-IoT,FGSM,4,15,2048,3,4.969660043716431,1.1370277404785156,0.011812168350655572,0.9999818274333067,0.9999818252864789,1.0,0.9999909125606586,0.9309408763440791,0.13333333333333333,0.0,0.9998406654489387,0.9999999782556246,0.0,0.9998637057498001,0.9998637057498001,1.0,0.9999318482305529,0.0,1.0,0.0,0.9625954568448731,0.9999931368738203,0.0
Bot-IoT,RANDOM_LINF,4,15,2048,3,4.969660043716431,1.135910987854004,0.03180199171330944,0.9999818274333067,0.9999818252864789,1.0,0.9999909125606586,0.9309408763440791,0.13333333333333333,0.0,0.9998406654489387,0.9999999782556246,0.0,0.9996638075161736,0.999863678499373,0.9998000745176798,0.9998318754969897,-0.00016508828475541733,1.0,0.0001999254823202261,0.7873386586211806,0.9999558202383131,0.0001999254823202261
Bot-IoT,RANDOM_L2,4,15,2048,3,4.969660043716431,1.127516746520996,0.03180199171330944,0.9999818274333067,0.9999818252864789,1.0,0.9999909125606586,0.9309408763440791,0.13333333333333333,0.0,0.9998406654489387,0.9999999782556246,0.0,0.9996638075161736,0.999863678499373,0.9998000745176798,0.9998318754969897,-0.00016508828475541733,1.0,0.0001999254823202261,0.7785828312477471,0.9999587047770353,0.0001999254823202261
Bot-IoT,FGSM,4,20,1024,2,3.802394390106201,1.0077221393585205,0.012720796685328217,0.9999909137166534,0.9999909125606586,1.0,0.9999954562596839,0.9660873934190848,0.06666666666666667,0.0,0.9999993941652052,0.9999999999174177,0.0,0.9998637057498001,0.9998637057498001,1.0,0.9999318482305529,0.0,1.0,0.0,0.7053358899561679,0.9999333636386778,0.0
Bot-IoT,RANDOM_LINF,4,20,1024,2,3.802394390106201,0.9909462928771973,1.2775314385403802,0.9999909137166534,0.9999909125606586,1.0,0.9999954562596839,0.9660873934190848,0.06666666666666667,0.0,0.9999993941652052,0.9999999999174177,0.0,0.9872155993312496,0.9998619598026945,0.9873501694822838,0.9935666765734665,-0.0013214329724000775,1.0,0.012649830517716124,0.6083556734913956,0.9999399809626438,0.012649830517716124
Bot-IoT,RANDOM_L2,4,20,1024,2,3.802394390106201,1.0896759033203125,1.382932325361641,0.9999909137166534,0.9999909125606586,1.0,0.9999954562596839,0.9660873934190848,0.06666666666666667,0.0,0.9999993941652052,0.9999999999174177,0.0,0.986161590463037,0.9998618122858091,0.9862960169391408,0.9930325862692084,-0.0013761257553333264,1.0,0.013703983060859135,0.5389373051862487,0.9999294341184599,0.013703983060859135
Bot-IoT,FGSM,4,20,1024,3,3.748865842819214,0.9878175258636475,0.010903540015994029,0.99997274114996,0.9999727381774562,1.0,0.9999863689029239,0.894414999059142,0.2,0.0,0.999469288719659,0.9999999275860885,0.0,0.9998637057498001,0.9998637057498001,1.0,0.9999318482305529,0.0,1.0,0.0,0.8616264240904148,0.9999805962254984,0.0
Bot-IoT,RANDOM_LINF,4,20,1024,3,3.748865842819214,1.0035855770111084,0.04906593007196758,0.99997274114996,0.9999727381774562,1.0,0.9999863689029239,0.894414999059142,0.2,0.0,0.999469288719659,0.9999999275860885,0.0,0.9994820818492404,0.9998636537167996,0.9996183240792068,0.9997409738474472,-0.00022812297820957656,1.0,0.0003816759207931589,0.6288113824241267,0.9999284416615757,0.0003816759207931589
Bot-IoT,RANDOM_L2,4,20,1024,3,3.748865842819214,1.0422518253326416,0.030893363378647898,0.99997274114996,0.9999727381774562,1.0,0.9999863689029239,0.894414999059142,0.2,0.0,0.999469288719659,0.9999999275860885,0.0,0.9996638075161736,0.999863678499373,0.9998000745176798,0.9998318754969897,-0.00016508828475541733,1.0,0.0001999254823202261,0.6513338967596926,0.9999336041571147,0.0001999254823202261
Bot-IoT,FGSM,4,20,2048,2,3.8047406673431396,0.9851429462432861,0.010903540015994029,0.99997274114996,0.9999727381774562,1.0,0.9999863689029239,0.894414999059142,0.2,0.0,0.999997273743423,0.9999999996283864,0.0,0.9998637057498001,0.9998637057498001,1.0,0.9999318482305529,0.0,1.0,0.0,0.7923564853100208,0.9999485276276097,0.0
Bot-IoT,RANDOM_LINF,4,20,2048,2,3.8047406673431396,1.0131661891937256,4.631278621792545,0.99997274114996,0.9999727381774562,1.0,0.9999863689029239,0.894414999059142,0.2,0.0,0.999997273743423,0.9999999996283864,0.0,0.9536599549320346,0.9998666272899618,0.9537808634963332,0.9762801730152086,0.001136847870158533,0.9333333333333333,0.04621913650366682,0.6166010850501177,0.9999403087648135,0.04621913650366682
Bot-IoT,RANDOM_L2,4,20,2048,2,3.8047406673431396,1.0586729049682617,5.156465799229482,0.99997274114996,0.9999727381774562,1.0,0.9999863689029239,0.894414999059142,0.2,0.0,0.999997273743423,0.9999999996283864,0.0,0.9484080831576652,0.9998658888218332,0.9485282758244654,0.9735207431726608,0.000802768769207071,0.9333333333333333,0.051471724175534576,0.5923125622873898,0.999936076662907,0.051471724175534576
Bot-IoT,FGSM,4,20,2048,3,3.7887585163116455,0.9823894500732422,0.010903540015994029,0.99997274114996,0.9999727381774562,1.0,0.9999863689029239,0.894414999059142,0.2,0.0,0.9996358932882592,0.9999999503009936,0.0,0.9998637057498001,0.9998637057498001,1.0,0.9999318482305529,0.0,1.0,0.0,0.9998670192625173,0.9999999818704607,0.0
Bot-IoT,RANDOM_LINF,4,20,2048,3,3.7887585163116455,0.9861524105072021,1.795449589299991,0.99997274114996,0.9999727381774562,1.0,0.9999863689029239,0.894414999059142,0.2,0.0,0.9996358932882592,0.9999999503009936,0.0,0.9820182452569601,0.9998704783051161,0.9821430194200343,0.9909274701899318,0.004301742330799013,0.9333333333333333,0.01785698057996565,0.8335614301336168,0.9999741667592481,0.01785698057996565
Bot-IoT,RANDOM_L2,4,20,2048,3,3.7887585163116455,1.0102756023406982,1.7572871992440287,0.99997274114996,0.9999727381774562,1.0,0.9999863689029239,0.894414999059142,0.2,0.0,0.9996358932882592,0.9999999503009936,0.0,0.9823998691575198,0.999879774345695,0.9825156078189039,0.9911216431148044,0.01031368159207964,0.8666666666666667,0.017484392181096136,0.7620553551252109,0.9999621696298135,0.017484392181096136
Bot-IoT,FGSM,8,5,1024,2,14.338211297988892,3.0427165031433105,0.007269026677325652,0.9999363960165734,0.9999363913928467,1.0,0.9999681946848775,0.7302735163915309,0.4666666666666667,0.0,0.9994223365230536,0.9999999211450626,0.0,0.9998637057498001,0.9998637057498001,1.0,0.9999318482305529,0.0,1.0,0.0,0.8287017263262482,0.9999619602278322,0.0
Bot-IoT,RANDOM_LINF,8,5,1024,2,14.338211297988892,3.0804569721221924,0.007269026677325652,0.9999363960165734,0.9999363913928467,1.0,0.9999681946848775,0.7302735163915309,0.4666666666666667,0.0,0.9994223365230536,0.9999999211450626,0.0,0.9998637057498001,0.9998637057498001,1.0,0.9999318482305529,0.0,1.0,0.0,0.975425826131472,0.9999965495048938,0.0
Bot-IoT,RANDOM_L2,8,5,1024,2,14.338211297988892,3.101947069168091,0.007269026677325652,0.9999363960165734,0.9999363913928467,1.0,0.9999681946848775,0.7302735163915309,0.4666666666666667,0.0,0.9994223365230536,0.9999999211450626,0.0,0.9998637057498001,0.9998637057498001,1.0,0.9999318482305529,0.0,1.0,0.0,0.9585081924010141,0.9999938885606948,0.0
Bot-IoT,FGSM,8,5,1024,3,14.382134437561035,3.084106206893921,0.008177655011998297,0.9999454822999201,0.999945477841286,1.0,0.9999727381774562,0.7745755526123786,0.4,0.0,0.9988549722376205,0.9999998437631048,0.0,0.9998637057498001,0.9998637057498001,1.0,0.9999318482305529,0.0,1.0,0.0,0.7880856529233042,0.999951032812572,0.0
Bot-IoT,RANDOM_LINF,8,5,1024,3,14.382134437561035,3.063722610473633,0.008177655011998297,0.9999454822999201,0.999945477841286,1.0,0.9999727381774562,0.7745755526123786,0.4,0.0,0.9988549722376205,0.9999998437631048,0.0,0.9998637057498001,0.9998637057498001,1.0,0.9999318482305529,0.0,1.0,0.0,0.9750877703159125,0.9999964624203379,0.0
Bot-IoT,RANDOM_L2,8,5,1024,3,14.382134437561035,3.0912256240844727,0.008177655011998297,0.9999454822999201,0.999945477841286,1.0,0.9999727381774562,0.7745755526123786,0.4,0.0,0.9988549722376205,0.9999998437631048,0.0,0.9998637057498001,0.9998637057498001,1.0,0.9999318482305529,0.0,1.0,0.0,0.9544763618408896,0.9999934403549862,0.0
Bot-IoT,FGSM,8,5,2048,2,14.271500825881958,3.0963799953460693,0.006360398342664109,0.9999273097332267,0.9999273051095421,1.0,0.9999636512335862,0.6831052205805873,0.5333333333333333,0.0,0.999604389878924,0.9999999459781629,0.0,0.9998637057498001,0.9998637057498001,1.0,0.9999318482305529,0.0,1.0,0.0,0.7315739890889154,0.9999243720431967,0.0
Bot-IoT,RANDOM_LINF,8,5,2048,2,14.271500825881958,3.138577699661255,0.006360398342664109,0.9999273097332267,0.9999273051095421,1.0,0.9999636512335862,0.6831052205805873,0.5333333333333333,0.0,0.999604389878924,0.9999999459781629,0.0,0.9998637057498001,0.9998637057498001,1.0,0.9999318482305529,0.0,1.0,0.0,0.9738382360514111,0.9999963187552816,0.0
Bot-IoT,RANDOM_L2,8,5,2048,2,14.271500825881958,3.1579625606536865,0.006360398342664109,0.9999273097332267,0.9999273051095421,1.0,0.9999636512335862,0.6831052205805873,0.5333333333333333,0.0,0.999604389878924,0.9999999459781629,0.0,0.9998637057498001,0.9998637057498001,1.0,0.9999318482305529,0.0,1.0,0.0,0.9662477319059866,0.999995268619252,0.0
Bot-IoT,FGSM,8,5,2048,3,14.274093627929688,3.0889363288879395,0.0027258850039957316,0.9998909645998401,0.9998909616275794,1.0,0.999945477841286,0.44718921311399706,0.8,0.0,0.9985266097787795,0.9999997989879168,0.0,0.9998637057498001,0.9998637057498001,1.0,0.9999318482305529,0.0,1.0,0.0,0.7852358060480489,0.9999472388381088,0.0
Bot-IoT,RANDOM_LINF,8,5,2048,3,14.274093627929688,3.16538143157959,0.0027258850039957316,0.9998909645998401,0.9998909616275794,1.0,0.999945477841286,0.44718921311399706,0.8,0.0,0.9985266097787795,0.9999997989879168,0.0,0.9998637057498001,0.9998637057498001,1.0,0.9999318482305529,0.0,1.0,0.0,0.9759117056369899,0.9999966275885646,0.0
Bot-IoT,RANDOM_L2,8,5,2048,3,14.274093627929688,3.13527512550354,0.0027258850039957316,0.9998909645998401,0.9998909616275794,1.0,0.999945477841286,0.44718921311399706,0.8,0.0,0.9985266097787795,0.9999997989879168,0.0,0.9998637057498001,0.9998637057498001,1.0,0.9999318482305529,0.0,1.0,0.0,0.9677114287704887,0.9999953572640576,0.0
Bot-IoT,FGSM,8,10,1024,2,8.406829833984375,2.0554912090301514,0.00908628334665984,0.9999545685832667,0.9999545644548643,1.0,0.9999772817113233,0.8164780317333975,0.3333333333333333,0.0,0.9996964767677502,0.9999999585791003,0.0,0.9998637057498001,0.9998637057498001,1.0,0.9999318482305529,0.0,1.0,0.0,0.7439003038261496,0.9999315201855026,0.0
Bot-IoT,RANDOM_LINF,8,10,1024,2,8.406829833984375,2.153630018234253,0.00908628334665984,0.9999545685832667,0.9999545644548643,1.0,0.9999772817113233,0.8164780317333975,0.3333333333333333,0.0,0.9996964767677502,0.9999999585791003,0.0,0.9998637057498001,0.9998637057498001,1.0,0.9999318482305529,0.0,1.0,0.0,0.9426401674527373,0.9999903033057257,0.0
Bot-IoT,RANDOM_L2,8,10,1024,2,8.406829833984375,2.125810384750366,0.00908628334665984,0.9999545685832667,0.9999545644548643,1.0,0.9999772817113233,0.8164780317333975,0.3333333333333333,0.0,0.9996964767677502,0.9999999585791003,0.0,0.9998637057498001,0.9998637057498001,1.0,0.9999318482305529,0.0,1.0,0.0,0.9335278063024992,0.999990323545729,0.0
Bot-IoT,FGSM,8,10,1024,3,8.689561367034912,1.9324266910552979,0.010903540015994029,0.99997274114996,0.9999727381774562,1.0,0.9999863689029239,0.894414999059142,0.2,0.0,0.9999969708260256,0.9999999995870916,0.0,0.9998637057498001,0.9998637057498001,1.0,0.9999318482305529,0.0,1.0,0.0,0.977079149286781,0.9999962884829257,0.0
Bot-IoT,RANDOM_LINF,8,10,1024,3,8.689561367034912,2.018691301345825,0.010903540015994029,0.99997274114996,0.9999727381774562,1.0,0.9999863689029239,0.894414999059142,0.2,0.0,0.9999969708260256,0.9999999995870916,0.0,0.9998637057498001,0.9998637057498001,1.0,0.9999318482305529,0.0,1.0,0.0,0.9514511257925076,0.9999930227913125,0.0
Bot-IoT,RANDOM_L2,8,10,1024,3,8.689561367034912,2.0501978397369385,0.010903540015994029,0.99997274114996,0.9999727381774562,1.0,0.9999863689029239,0.894414999059142,0.2,0.0,0.9999969708260256,0.9999999995870916,0.0,0.9998637057498001,0.9998637057498001,1.0,0.9999318482305529,0.0,1.0,0.0,0.9113939349878681,0.9999865528950372,0.0
Bot-IoT,FGSM,8,10,2048,2,8.343366146087646,2.0037596225738525,0.010903540015994029,0.99997274114996,0.9999727381774562,1.0,0.9999863689029239,0.894414999059142,0.2,0.0,0.9999969708260255,0.9999999995870914,0.0,0.9998637057498001,0.9998637057498001,1.0,0.9999318482305529,0.0,1.0,0.0,0.7620338479899916,0.9999390829301992,0.0
Bot-IoT,RANDOM_LINF,8,10,2048,2,8.343366146087646,2.1308929920196533,0.010903540015994029,0.99997274114996,0.9999727381774562,1.0,0.9999863689029239,0.894414999059142,0.2,0.0,0.9999969708260255,0.9999999995870914,0.0,0.9998637057498001,0.9998637057498001,1.0,0.9999318482305529,0.0,1.0,0.0,0.9744995047300551,0.9999963649380826,0.0
Bot-IoT,RANDOM_L2,8,10,2048,2,8.343366146087646,2.105208396911621,0.010903540015994029,0.99997274114996,0.9999727381774562,1.0,0.9999863689029239,0.894414999059142,0.2,0.0,0.9999969708260255,0.9999999995870914,0.0,0.9998637057498001,0.9998637057498001,1.0,0.9999318482305529,0.0,1.0,0.0,0.95522850573877,0.9999935595410872,0.0
Bot-IoT,FGSM,8,10,2048,3,8.409404277801514,2.0364320278167725,0.009994911681321383,0.9999636548666133,0.9999636512335862,1.0,0.9999818252864789,0.8563332748242921,0.26666666666666666,0.0,0.9998079503700136,0.9999999737850366,0.0,0.9998637057498001,0.9998637057498001,1.0,0.9999318482305529,0.0,1.0,0.0,0.7833001638783121,0.9999500540733968,0.0
Bot-IoT,RANDOM_LINF,8,10,2048,3,8.409404277801514,2.0561301708221436,0.009994911681321383,0.9999636548666133,0.9999636512335862,1.0,0.9999818252864789,0.8563332748242921,0.26666666666666666,0.0,0.9998079503700136,0.9999999737850366,0.0,0.9998637057498001,0.9998637057498001,1.0,0.9999318482305529,0.0,1.0,0.0,0.9423390675596672,0.999991396845992,0.0
Bot-IoT,RANDOM_L2,8,10,2048,3,8.409404277801514,2.081751823425293,0.009994911681321383,0.9999636548666133,0.9999636512335862,1.0,0.9999818252864789,0.8563332748242921,0.26666666666666666,0.0,0.9998079503700136,0.9999999737850366,0.0,0.9998637057498001,0.9998637057498001,1.0,0.9999318482305529,0.0,1.0,0.0,0.9414754500595233,0.9999915653144459,0.0
Bot-IoT,FGSM,8,15,1024,2,6.413445949554443,1.7178339958190918,0.011812168350655572,0.9999818274333067,0.9999818252864789,1.0,0.9999909125606586,0.9309408763440791,0.13333333333333333,0.0,0.9997600894212157,0.9999999672392935,0.0,0.9998637057498001,0.9998637057498001,1.0,0.9999318482305529,0.0,1.0,0.0,0.7795433823150765,0.9999339729551975,0.0
Bot-IoT,RANDOM_LINF,8,15,1024,2,6.413445949554443,1.7739224433898926,0.01362942501998976,0.9999818274333067,0.9999818252864789,1.0,0.9999909125606586,0.9309408763440791,0.13333333333333333,0.0,0.9997600894212157,0.9999999672392935,0.0,0.9998455331831068,0.9998637032729387,0.9999818249561527,0.9999227606260933,-4.977146763539307e-05,1.0,1.817504384729328e-05,0.9145836551830681,0.9999826464073299,1.817504384729328e-05
Bot-IoT,RANDOM_L2,8,15,1024,2,6.413445949554443,1.7654435634613037,0.012720796685317115,0.9999818274333067,0.9999818252864789,1.0,0.9999909125606586,0.9309408763440791,0.13333333333333333,0.0,0.9997600894212157,0.9999999672392935,0.0,0.9998546194664535,0.9998637045113806,0.9999909124780764,0.9999273044489677,-3.519358238262003e-05,1.0,9.08752192364664e-06,0.9270614286190298,0.9999893992383393,9.08752192364664e-06
Bot-IoT,FGSM,8,15,1024,3,6.567164421081543,1.6515114307403564,0.010903540015994029,0.99997274114996,0.9999727381774562,1.0,0.9999863689029239,0.894414999059142,0.2,0.0,0.9997255568379059,0.9999999625516492,0.0,0.9998637057498001,0.9998637057498001,1.0,0.9999318482305529,0.0,1.0,0.0,0.7894227303156702,0.999946938445148,0.0
Bot-IoT,RANDOM_LINF,8,15,1024,3,6.567164421081543,1.6821365356445312,0.010903540015994029,0.99997274114996,0.9999727381774562,1.0,0.9999863689029239,0.894414999059142,0.2,0.0,0.9997255568379059,0.9999999625516492,0.0,0.9998637057498001,0.9998637057498001,1.0,0.9999318482305529,0.0,1.0,0.0,0.8832335220508719,0.9999786590174391,0.0
Bot-IoT,RANDOM_L2,8,15,1024,3,6.567164421081543,1.7001755237579346,0.011812168350655572,0.99997274114996,0.9999727381774562,1.0,0.9999863689029239,0.894414999059142,0.2,0.0,0.9997255568379059,0.9999999625516492,0.0,0.9998546194664535,0.9998637045113806,0.9999909124780764,0.9999273044489677,-3.519358238262003e-05,1.0,9.08752192364664e-06,0.8980092268639264,0.9999831353362503,9.08752192364664e-06
Bot-IoT,FGSM,8,15,2048,2,6.364134073257446,1.6690864562988281,0.010903540015994029,0.99997274114996,0.9999727381774562,1.0,0.9999863689029239,0.894414999059142,0.2,0.0,0.9997794761346529,0.999999969915695,0.0,0.9998637057498001,0.9998637057498001,1.0,0.9999318482305529,0.0,1.0,0.0,0.9433293045319472,0.9999892450582878,0.0
Bot-IoT,RANDOM_LINF,8,15,2048,2,6.364134073257446,1.6548216342926025,0.010903540015994029,0.99997274114996,0.9999727381774562,1.0,0.9999863689029239,0.894414999059142,0.2,0.0,0.9997794761346529,0.999999969915695,0.0,0.9998637057498001,0.9998637057498001,1.0,0.9999318482305529,0.0,1.0,0.0,0.8705140205317412,0.9999790211716255,0.0
Bot-IoT,RANDOM_L2,8,15,2048,2,6.364134073257446,1.7186198234558105,0.010903540015994029,0.99997274114996,0.9999727381774562,1.0,0.9999863689029239,0.894414999059142,0.2,0.0,0.9997794761346529,0.999999969915695,0.0,0.9998637057498001,0.9998637057498001,1.0,0.9999318482305529,0.0,1.0,0.0,0.8721749166219862,0.9999792991283258,0.0
Bot-IoT,FGSM,8,15,2048,3,6.6389429569244385,1.691267728805542,0.010903540015994029,0.99997274114996,0.9999727381774562,1.0,0.9999863689029239,0.894414999059142,0.2,0.0,0.9999363873465344,0.9999999913248789,0.0,0.9998637057498001,0.9998637057498001,1.0,0.9999318482305529,0.0,1.0,0.0,0.9962795685244591,0.9999994805258676,0.0
Bot-IoT,RANDOM_LINF,8,15,2048,3,6.6389429569244385,1.6546506881713867,0.012720796685328217,0.99997274114996,0.9999727381774562,1.0,0.9999863689029239,0.894414999059142,0.2,0.0,0.9999363873465344,0.9999999913248789,0.0,0.9998455331831068,0.9998637032729387,0.9999818249561527,0.9999227606260933,-4.977146763539307e-05,1.0,1.817504384729328e-05,0.9084132277969121,0.999985649251085,1.817504384729328e-05
Bot-IoT,RANDOM_L2,8,15,2048,3,6.6389429569244385,1.7131924629211426,0.015446681689323949,0.99997274114996,0.9999727381774562,1.0,0.9999863689029239,0.894414999059142,0.2,0.0,0.9999363873465344,0.9999999913248789,0.0,0.9998182743330668,0.9998636995574779,0.9999545623903817,0.9999091289097286,-7.86966727258006e-05,1.0,4.5437609618233205e-05,0.919778385632022,0.9999880598739168,4.5437609618233205e-05
Bot-IoT,FGSM,8,20,1024,2,5.4852447509765625,1.5320889949798584,0.009994911681321383,0.9999636548666133,0.9999636512335862,1.0,0.9999818252864789,0.8563332748242921,0.26666666666666666,0.0,0.9999921241476663,0.9999999989264166,0.0,0.9998637057498001,0.9998637057498001,1.0,0.9999318482305529,0.0,1.0,0.0,0.8748451334805513,0.9999706063108044,0.0
Bot-IoT,RANDOM_LINF,8,20,1024,2,5.4852447509765625,1.5734825134277344,0.020898451697315412,0.9999636548666133,0.9999636512335862,1.0,0.9999818252864789,0.8563332748242921,0.26666666666666666,0.0,0.9999921241476663,0.9999999989264166,0.0,0.9997546703496402,0.9998636908872814,0.9998909497369163,0.9998773201263148,-0.00012192023869182513,1.0,0.00010905026308375969,0.8296704561633088,0.9999685683268946,0.00010905026308375969
Bot-IoT,RANDOM_L2,8,20,1024,2,5.4852447509765625,1.6237890720367432,0.019081195027981224,0.9999636548666133,0.9999636512335862,1.0,0.9999818252864789,0.8563332748242921,0.26666666666666666,0.0,0.9999921241476663,0.9999999989264166,0.0,0.9997728429163335,0.999863693364593,0.9999091247807635,0.9998864085566163,-0.00011129643020329661,1.0,9.087521923646641e-05,0.8189035601881723,0.9999693348915695,9.087521923646641e-05
Bot-IoT,FGSM,8,20,1024,3,5.715353488922119,1.5808098316192627,0.010903540015994029,0.99997274114996,0.9999727381774562,1.0,0.9999863689029239,0.894414999059142,0.2,0.0,0.9998891322325316,0.9999999848751299,0.0,0.9998637057498001,0.9998637057498001,1.0,0.9999318482305529,0.0,1.0,0.0,0.999969405342857,0.9999999958298476,0.0
Bot-IoT,RANDOM_LINF,8,20,1024,3,5.715353488922119,1.528332233428955,0.023624336701322246,0.99997274114996,0.9999727381774562,1.0,0.9999863689029239,0.894414999059142,0.2,0.0,0.9998891322325316,0.9999999848751299,0.0,0.9997364977829468,0.9998636884098798,0.9998727746930689,0.9998682315308316,-0.00013169010551781856,1.0,0.00012722530693105296,0.7363143434416869,0.9999538511566913,0.00012722530693105296
Bot-IoT,RANDOM_L2,8,20,1024,3,5.715353488922119,1.5693957805633545,0.023624336701322246,0.99997274114996,0.9999727381774562,1.0,0.9999863689029239,0.894414999059142,0.2,0.0,0.9998891322325316,0.9999999848751299,0.0,0.9997364977829468,0.9998636884098798,0.9998727746930689,0.9998682315308316,-0.00013169010551781856,1.0,0.00012722530693105296,0.8556934839438634,0.9999756941679285,0.00012722530693105296
Bot-IoT,FGSM,8,20,2048,2,5.536759614944458,1.4983386993408203,0.011812168350655572,0.9999818274333067,0.9999818252864789,1.0,0.9999909125606586,0.9309408763440791,0.13333333333333333,0.0,0.9998321837618099,0.9999999770960566,0.0,0.9998637057498001,0.9998637057498001,1.0,0.9999318482305529,0.0,1.0,0.0,0.9639700959945232,0.9999936677180397,0.0
Bot-IoT,RANDOM_LINF,8,20,2048,2,5.536759614944458,1.568268060684204,0.23170022533982593,0.9999818274333067,0.9999818252864789,1.0,0.9999909125606586,0.9309408763440791,0.13333333333333333,0.0,0.9998321837618099,0.9999999770960566,0.0,0.9976648251799084,0.9998725093796671,0.9977917321725539,0.9988310371020637,0.015998622580735835,0.9333333333333333,0.0022082678274461336,0.7795764003113991,0.9999593268184612,0.0022082678274461336
Bot-IoT,RANDOM_L2,8,20,2048,2,5.536759614944458,1.5783038139343262,0.2953042087664448,0.9999818274333067,0.9999818252864789,1.0,0.9999909125606586,0.9309408763440791,0.13333333333333333,0.0,0.9998321837618099,0.9999999770960566,0.0,0.9970287853456422,0.9998724280585373,0.9971556056378986,0.9985121688210644,0.013968311032318841,0.9333333333333333,0.0028443943621013984,0.8823541528460603,0.9999797715029928,0.0028443943621013984
Bot-IoT,FGSM,8,20,2048,3,5.496635437011719,1.534883975982666,0.010903540015994029,0.99997274114996,0.9999727381774562,1.0,0.9999863689029239,0.894414999059142,0.2,0.0,0.9999975766608203,0.9999999996696738,0.0,0.9998637057498001,0.9998637057498001,1.0,0.9999318482305529,0.0,1.0,0.0,0.9614719362177127,0.9999940149872553,0.0
Bot-IoT,RANDOM_LINF,8,20,2048,3,5.496635437011719,1.5419337749481201,0.030893363378647898,0.99997274114996,0.9999727381774562,1.0,0.9999863689029239,0.894414999059142,0.2,0.0,0.9999975766608203,0.9999999996696738,0.0,0.9996638075161736,0.999863678499373,0.9998000745176798,0.9998318754969897,-0.00016508828475541733,1.0,0.0001999254823202261,0.8420728031673044,0.9999708241944751,0.0001999254823202261
Bot-IoT,RANDOM_L2,8,20,2048,3,5.496635437011719,1.5699167251586914,0.04634004506797185,0.99997274114996,0.9999727381774562,1.0,0.9999863689029239,0.894414999059142,0.2,0.0,0.9999975766608203,0.9999999996696738,0.0,0.9995093406992803,0.9998636574347601,0.9996455866449778,0.9997546101482336,-0.00021982180505813093,1.0,0.000354413355022219,0.8332242830702496,0.999970469061804,0.000354413355022219
Bot-IoT,FGSM,10,5,1024,2,17.382588148117065,3.5146963596343994,0.009994911681321383,0.9999636548666133,0.9999636512335862,1.0,0.9999818252864789,0.8563332748242921,0.26666666666666666,0.0,0.9995998461179622,0.9999999453636045,0.0,0.9998637057498001,0.9998637057498001,1.0,0.9999318482305529,0.0,1.0,0.0,0.6843031233812852,0.999912862966772,0.0
Bot-IoT,RANDOM_LINF,10,5,1024,2,17.382588148117065,3.5796611309051514,0.009994911681321383,0.9999636548666133,0.9999636512335862,1.0,0.9999818252864789,0.8563332748242921,0.26666666666666666,0.0,0.9995998461179622,0.9999999453636045,0.0,0.9998637057498001,0.9998637057498001,1.0,0.9999318482305529,0.0,1.0,0.0,0.9807202164041886,0.9999973174314506,0.0
Bot-IoT,RANDOM_L2,10,5,1024,2,17.382588148117065,3.5493643283843994,0.009994911681321383,0.9999636548666133,0.9999636512335862,1.0,0.9999818252864789,0.8563332748242921,0.26666666666666666,0.0,0.9995998461179622,0.9999999453636045,0.0,0.9998637057498001,0.9998637057498001,1.0,0.9999318482305529,0.0,1.0,0.0,0.9741387301096864,0.9999963793586475,0.0
Bot-IoT,FGSM,10,5,1024,3,17.511940240859985,3.5964744091033936,0.009994911681321383,0.9999636548666133,0.9999636512335862,1.0,0.9999818252864789,0.8563332748242921,0.26666666666666666,0.0,0.9991718238353584,0.9999998870081076,0.0,0.9998637057498001,0.9998637057498001,1.0,0.9999318482305529,0.0,1.0,0.0,0.8764787670050254,0.9999763000114938,0.0
Bot-IoT,RANDOM_LINF,10,5,1024,3,17.511940240859985,3.488006830215454,0.009994911681321383,0.9999636548666133,0.9999636512335862,1.0,0.9999818252864789,0.8563332748242921,0.26666666666666666,0.0,0.9991718238353584,0.9999998870081076,0.0,0.9998637057498001,0.9998637057498001,1.0,0.9999318482305529,0.0,1.0,0.0,0.9747666778746104,0.999996468214624,0.0
Bot-IoT,RANDOM_L2,10,5,1024,3,17.511940240859985,3.5740807056427,0.009994911681321383,0.9999636548666133,0.9999636512335862,1.0,0.9999818252864789,0.8563332748242921,0.26666666666666666,0.0,0.9991718238353584,0.9999998870081076,0.0,0.9998637057498001,0.9998637057498001,1.0,0.9999318482305529,0.0,1.0,0.0,0.9607858283124775,0.999994298369054,0.0
Bot-IoT,FGSM,10,5,2048,2,17.382494926452637,3.6103739738464355,0.008177655011998297,0.9999454822999201,0.999945477841286,1.0,0.9999727381774562,0.7745755526123786,0.4,0.0,0.9991282037301248,0.9999998810411613,0.0,0.9998637057498001,0.9998637057498001,1.0,0.9999318482305529,0.0,1.0,0.0,0.9553478551933673,0.9999928431678018,0.0
Bot-IoT,RANDOM_LINF,10,5,2048,2,17.382494926452637,3.611116886138916,0.008177655011998297,0.9999454822999201,0.999945477841286,1.0,0.9999727381774562,0.7745755526123786,0.4,0.0,0.9991282037301248,0.9999998810411613,0.0,0.9998637057498001,0.9998637057498001,1.0,0.9999318482305529,0.0,1.0,0.0,0.9757096597328874,0.9999965619515141,0.0
Bot-IoT,RANDOM_L2,10,5,2048,2,17.382494926452637,3.63078236579895,0.008177655011998297,0.9999454822999201,0.999945477841286,1.0,0.9999727381774562,0.7745755526123786,0.4,0.0,0.9991282037301248,0.9999998810411613,0.0,0.9998637057498001,0.9998637057498001,1.0,0.9999318482305529,0.0,1.0,0.0,0.9534434135155684,0.999993394445877,0.0
Bot-IoT,FGSM,10,5,2048,3,17.405048608779907,3.6678361892700195,0.007269026677325652,0.9999363960165734,0.9999363913928467,1.0,0.9999681946848775,0.7302735163915309,0.4666666666666667,0.0,0.9990361168412986,0.9999998685240705,0.0,0.9998637057498001,0.9998637057498001,1.0,0.9999318482305529,0.0,1.0,0.0,0.7167289161918436,0.9999160004835135,0.0
Bot-IoT,RANDOM_LINF,10,5,2048,3,17.405048608779907,3.7158219814300537,0.007269026677325652,0.9999363960165734,0.9999363913928467,1.0,0.9999681946848775,0.7302735163915309,0.4666666666666667,0.0,0.9990361168412986,0.9999998685240705,0.0,0.9998637057498001,0.9998637057498001,1.0,0.9999318482305529,0.0,1.0,0.0,0.9773638916403885,0.9999968208470986,0.0
Bot-IoT,RANDOM_L2,10,5,2048,3,17.405048608779907,3.6279804706573486,0.007269026677325652,0.9999363960165734,0.9999363913928467,1.0,0.9999681946848775,0.7302735163915309,0.4666666666666667,0.0,0.9990361168412986,0.9999998685240705,0.0,0.9998637057498001,0.9998637057498001,1.0,0.9999318482305529,0.0,1.0,0.0,0.9668317566482796,0.9999953544223323,0.0
Bot-IoT,FGSM,10,10,1024,2,9.88043999671936,2.2411415576934814,0.011812168350655572,0.9999818274333067,0.9999818252864789,1.0,0.9999909125606586,0.9309408763440791,0.13333333333333333,0.0,0.9998082532874111,0.999999973826557,0.0,0.9998637057498001,0.9998637057498001,1.0,0.9999318482305529,0.0,1.0,0.0,0.9260730091511347,0.9999880618995802,0.0
Bot-IoT,RANDOM_LINF,10,10,1024,2,9.88043999671936,2.329925298690796,0.011812168350655572,0.9999818274333067,0.9999818252864789,1.0,0.9999909125606586,0.9309408763440791,0.13333333333333333,0.0,0.9998082532874111,0.999999973826557,0.0,0.9998637057498001,0.9998637057498001,1.0,0.9999318482305529,0.0,1.0,0.0,0.9558407017990265,0.999993642253943,0.0
Bot-IoT,RANDOM_L2,10,10,1024,2,9.88043999671936,2.2715628147125244,0.011812168350655572,0.9999818274333067,0.9999818252864789,1.0,0.9999909125606586,0.9309408763440791,0.13333333333333333,0.0,0.9998082532874111,0.999999973826557,0.0,0.9998637057498001,0.9998637057498001,1.0,0.9999318482305529,0.0,1.0,0.0,0.9534197859585669,0.9999934232940556,0.0
Bot-IoT,FGSM,10,10,1024,3,10.033772230148315,2.230229616165161,0.010903540015994029,0.99997274114996,0.9999727381774562,1.0,0.9999863689029239,0.894414999059142,0.2,0.0,0.9995401713906634,0.9999999372124505,0.0,0.9998637057498001,0.9998637057498001,1.0,0.9999318482305529,0.0,1.0,0.0,0.6515207967939223,0.9999016580524767,0.0
Bot-IoT,RANDOM_LINF,10,10,1024,3,10.033772230148315,2.344266653060913,0.010903540015994029,0.99997274114996,0.9999727381774562,1.0,0.9999863689029239,0.894414999059142,0.2,0.0,0.9995401713906634,0.9999999372124505,0.0,0.9998637057498001,0.9998637057498001,1.0,0.9999318482305529,0.0,1.0,0.0,0.9522599152437122,0.9999930738470775,0.0
Bot-IoT,RANDOM_L2,10,10,1024,3,10.033772230148315,2.3675200939178467,0.010903540015994029,0.99997274114996,0.9999727381774562,1.0,0.9999863689029239,0.894414999059142,0.2,0.0,0.9995401713906634,0.9999999372124505,0.0,0.9998637057498001,0.9998637057498001,1.0,0.9999318482305529,0.0,1.0,0.0,0.9384983778773368,0.9999910948510234,0.0
Bot-IoT,FGSM,10,10,2048,2,10.126962184906006,2.2023508548736572,0.009994911681321383,0.9999636548666133,0.9999636512335862,1.0,0.9999818252864789,0.8563332748242921,0.26666666666666666,0.0,0.9993148008469571,0.9999999065299694,0.0,0.9998637057498001,0.9998637057498001,1.0,0.9999318482305529,0.0,1.0,0.0,0.7429658036550013,0.999925279961217,0.0
Bot-IoT,RANDOM_LINF,10,10,2048,2,10.126962184906006,2.2628233432769775,0.009994911681321383,0.9999636548666133,0.9999636512335862,1.0,0.9999818252864789,0.8563332748242921,0.26666666666666666,0.0,0.9993148008469571,0.9999999065299694,0.0,0.9998637057498001,0.9998637057498001,1.0,0.9999318482305529,0.0,1.0,0.0,0.9539547380824722,0.9999932042909918,0.0
Bot-IoT,RANDOM_L2,10,10,2048,2,10.126962184906006,2.296891212463379,0.009994911681321383,0.9999636548666133,0.9999636512335862,1.0,0.9999818252864789,0.8563332748242921,0.26666666666666666,0.0,0.9993148008469571,0.9999999065299694,0.0,0.9998637057498001,0.9998637057498001,1.0,0.9999318482305529,0.0,1.0,0.0,0.9479863566004187,0.999992613285456,0.0
Bot-IoT,FGSM,10,10,2048,3,9.961771726608276,2.292633056640625,0.009994911681321383,0.9999636548666133,0.9999636512335862,1.0,0.9999818252864789,0.8563332748242921,0.26666666666666666,0.0,0.9998467237968879,0.9999999790839293,0.0,0.9998637057498001,0.9998637057498001,1.0,0.9999318482305529,0.0,1.0,0.0,0.7082320831932339,0.9999104374841643,0.0
Bot-IoT,RANDOM_LINF,10,10,2048,3,9.961771726608276,2.328319549560547,0.009994911681321383,0.9999636548666133,0.9999636512335862,1.0,0.9999818252864789,0.8563332748242921,0.26666666666666666,0.0,0.9998467237968879,0.9999999790839293,0.0,0.9998637057498001,0.9998637057498001,1.0,0.9999318482305529,0.0,1.0,0.0,0.9000463463618107,0.9999826937175526,0.0
Bot-IoT,RANDOM_L2,10,10,2048,3,9.961771726608276,2.381803035736084,0.009994911681321383,0.9999636548666133,0.9999636512335862,1.0,0.9999818252864789,0.8563332748242921,0.26666666666666666,0.0,0.9998467237968879,0.9999999790839293,0.0,0.9998637057498001,0.9998637057498001,1.0,0.9999318482305529,0.0,1.0,0.0,0.9223301617881821,0.9999885883886723,0.0
Bot-IoT,FGSM,10,15,1024,2,7.742984056472778,1.8413589000701904,0.010903540015994029,0.99997274114996,0.9999727381774562,1.0,0.9999863689029239,0.894414999059142,0.2,0.0,0.9997606952560106,0.9999999673221842,0.0,0.9998637057498001,0.9998637057498001,1.0,0.9999318482305529,0.0,1.0,0.0,0.9290888547601954,0.999986541156509,0.0
Bot-IoT,RANDOM_LINF,10,15,1024,2,7.742984056472778,1.8563578128814697,0.010903540015994029,0.99997274114996,0.9999727381774562,1.0,0.9999863689029239,0.894414999059142,0.2,0.0,0.9997606952560106,0.9999999673221842,0.0,0.9998637057498001,0.9998637057498001,1.0,0.9999318482305529,0.0,1.0,0.0,0.9026287171751136,0.9999845965155313,0.0
Bot-IoT,RANDOM_L2,10,15,1024,2,7.742984056472778,1.8648617267608643,0.010903540015994029,0.99997274114996,0.9999727381774562,1.0,0.9999863689029239,0.894414999059142,0.2,0.0,0.9997606952560106,0.9999999673221842,0.0,0.9998637057498001,0.9998637057498001,1.0,0.9999318482305529,0.0,1.0,0.0,0.9363994632303717,0.9999904740797693,0.0
Bot-IoT,FGSM,10,15,1024,3,7.893812417984009,1.8273162841796875,0.011812168350655572,0.9999818274333067,0.9999818252864789,1.0,0.9999909125606586,0.9309408763440791,0.13333333333333333,0.0,0.9999678907558699,0.9999999956221245,0.0,0.9998637057498001,0.9998637057498001,1.0,0.9999318482305529,0.0,1.0,0.0,0.981475389476044,0.9999973811617043,0.0
Bot-IoT,RANDOM_LINF,10,15,1024,3,7.893812417984009,1.9445664882659912,0.01362942501998976,0.9999818274333067,0.9999818252864789,1.0,0.9999909125606586,0.9309408763440791,0.13333333333333333,0.0,0.9999678907558699,0.9999999956221245,0.0,0.9998455331831068,0.9998637032729387,0.9999818249561527,0.9999227606260933,-4.977146763539307e-05,1.0,1.817504384729328e-05,0.8486155160349323,0.999973497336982,1.817504384729328e-05
Bot-IoT,RANDOM_L2,10,15,1024,3,7.893812417984009,1.9035217761993408,0.01362942501998976,0.9999818274333067,0.9999818252864789,1.0,0.9999909125606586,0.9309408763440791,0.13333333333333333,0.0,0.9999678907558699,0.9999999956221245,0.0,0.9998455331831068,0.9998637032729387,0.9999818249561527,0.9999227606260933,-4.977146763539307e-05,1.0,1.817504384729328e-05,0.8571553633039807,0.9999760078287132,1.817504384729328e-05
Bot-IoT,FGSM,10,15,2048,2,7.73115611076355,1.833204984664917,0.010903540015994029,0.99997274114996,0.9999727381774562,1.0,0.9999863689029239,0.894414999059142,0.2,0.0,0.9999975766608203,0.9999999996696738,0.0,0.9998637057498001,0.9998637057498001,1.0,0.9999318482305529,0.0,1.0,0.0,0.9998685338495045,0.9999999820714829,0.0
Bot-IoT,RANDOM_LINF,10,15,2048,2,7.73115611076355,1.9049432277679443,0.012720796685328217,0.99997274114996,0.9999727381774562,1.0,0.9999863689029239,0.894414999059142,0.2,0.0,0.9999975766608203,0.9999999996696738,0.0,0.9998455331831068,0.9998637032729387,0.9999818249561527,0.9999227606260933,-4.977146763539307e-05,1.0,1.817504384729328e-05,0.8706012607422081,0.9999782499126494,1.817504384729328e-05
Bot-IoT,RANDOM_L2,10,15,2048,2,7.73115611076355,1.8753979206085205,0.011812168350655572,0.99997274114996,0.9999727381774562,1.0,0.9999863689029239,0.894414999059142,0.2,0.0,0.9999975766608203,0.9999999996696738,0.0,0.9998546194664535,0.9998637045113806,0.9999909124780764,0.9999273044489677,-3.519358238262003e-05,1.0,9.08752192364664e-06,0.8416387225367514,0.9999682446506837,9.08752192364664e-06
Bot-IoT,FGSM,10,15,2048,3,7.649856328964233,1.8366456031799316,0.010903540015994029,0.99997274114996,0.9999727381774562,1.0,0.9999863689029239,0.894414999059142,0.2,0.0,0.999698294272135,0.999999958827881,0.0,0.9998637057498001,0.9998637057498001,1.0,0.9999318482305529,0.0,1.0,0.0,0.876788045667827,0.9999757093513484,0.0
Bot-IoT,RANDOM_LINF,10,15,2048,3,7.649856328964233,1.9000837802886963,0.01362942501998976,0.99997274114996,0.9999727381774562,1.0,0.9999863689029239,0.894414999059142,0.2,0.0,0.999698294272135,0.999999958827881,0.0,0.9998364468997601,0.9998637020344743,0.9999727374342291,0.999918216761929,-6.0957626672876073e-05,1.0,2.7262565770939922e-05,0.8029788896865715,0.9999623716819467,2.7262565770939922e-05
Bot-IoT,RANDOM_L2,10,15,2048,3,7.649856328964233,1.8637218475341797,0.012720796685328217,0.99997274114996,0.9999727381774562,1.0,0.9999863689029239,0.894414999059142,0.2,0.0,0.999698294272135,0.999999958827881,0.0,0.9998455331831068,0.9998637032729387,0.9999818249561527,0.9999227606260933,-4.977146763539307e-05,1.0,1.817504384729328e-05,0.8548365306264635,0.9999748069132203,1.817504384729328e-05
Bot-IoT,FGSM,10,20,1024,2,6.288456916809082,1.6454734802246094,0.010903540015994029,0.99997274114996,0.9999727381774562,1.0,0.9999863689029239,0.894414999059142,0.2,0.0,0.9999969708260255,0.9999999995870915,0.0,0.9998637057498001,0.9998637057498001,1.0,0.9999318482305529,0.0,1.0,0.0,0.7754115890137918,0.9999454512996466,0.0
Bot-IoT,RANDOM_LINF,10,20,1024,2,6.288456916809082,1.6345171928405762,0.03997964672530774,0.99997274114996,0.9999727381774562,1.0,0.9999863689029239,0.894414999059142,0.2,0.0,0.9999969708260255,0.9999999995870915,0.0,0.999572944682707,0.9998636661092125,0.9997091992984433,0.9997864267375548,-0.0001991130108429587,1.0,0.0002908007015566925,0.7559612629232135,0.9999551979260617,0.0002908007015566925
Bot-IoT,RANDOM_L2,10,20,1024,2,6.288456916809082,1.6907095909118652,0.037253761721312006,0.99997274114996,0.9999727381774562,1.0,0.9999863689029239,0.894414999059142,0.2,0.0,0.9999969708260255,0.9999999995870915,0.0,0.9996002035327469,0.9998636698264971,0.9997364618642143,0.9998000617990803,-0.0001895473549704503,1.0,0.0002635381357857526,0.7763079215928608,0.9999593291978808,0.0002635381357857526
Bot-IoT,FGSM,10,20,1024,3,6.429235458374023,1.617607831954956,0.010903540015994029,0.99997274114996,0.9999727381774562,1.0,0.9999863689029239,0.894414999059142,0.2,0.0,0.9996207474183865,0.9999999482304789,0.0,0.9998637057498001,0.9998637057498001,1.0,0.9999318482305529,0.0,1.0,0.0,0.9878039397436713,0.9999981979919281,0.0
Bot-IoT,RANDOM_LINF,10,20,1024,3,6.429235458374023,1.6681170463562012,0.011812168350655572,0.99997274114996,0.9999727381774562,1.0,0.9999863689029239,0.894414999059142,0.2,0.0,0.9996207474183865,0.9999999482304789,0.0,0.9998546194664535,0.9998637045113806,0.9999909124780764,0.9999273044489677,-3.519358238262003e-05,1.0,9.08752192364664e-06,0.8357727271350375,0.9999686368313773,9.08752192364664e-06
Bot-IoT,RANDOM_L2,10,20,1024,3,6.429235458374023,1.6782612800598145,0.010903540015994029,0.99997274114996,0.9999727381774562,1.0,0.9999863689029239,0.894414999059142,0.2,0.0,0.9996207474183865,0.9999999482304789,0.0,0.9998637057498001,0.9998637057498001,1.0,0.9999318482305529,0.0,1.0,0.0,0.8641415472414826,0.9999757227649445,0.0
Bot-IoT,FGSM,10,20,2048,2,6.399513006210327,1.6378777027130127,0.010903540015994029,0.99997274114996,0.9999727381774562,1.0,0.9999863689029239,0.894414999059142,0.2,0.0,0.9999975766608205,0.9999999996696738,0.0,0.9998637057498001,0.9998637057498001,1.0,0.9999318482305529,0.0,1.0,0.0,0.9990682260854288,0.9999998727291882,0.0
Bot-IoT,RANDOM_LINF,10,20,2048,2,6.399513006210327,1.6944327354431152,0.05451770007995904,0.99997274114996,0.9999727381774562,1.0,0.9999863689029239,0.894414999059142,0.2,0.0,0.9999975766608205,0.9999999996696738,0.0,0.9994275641491605,0.9998727342144974,0.9995547114257413,0.9997136975282553,0.03627671217390248,0.9333333333333333,0.0004452885742586854,0.7656564371461546,0.999958736140123,0.0004452885742586854
Bot-IoT,RANDOM_L2,10,20,2048,2,6.399513006210327,1.6623177528381348,0.07541615177727445,0.99997274114996,0.9999727381774562,1.0,0.9999863689029239,0.894414999059142,0.2,0.0,0.9999975766608205,0.9999999996696738,0.0,0.9992185796321873,0.999863617766059,0.9993547859434211,0.9996091371019789,-0.000296640749740088,1.0,0.0006452140565789114,0.7123638764945187,0.9999488715755647,0.0006452140565789114
Bot-IoT,FGSM,10,20,2048,3,6.5727620124816895,1.6583123207092285,0.010903540015994029,0.99997274114996,0.9999727381774562,1.0,0.9999863689029239,0.894414999059142,0.2,0.0,0.9999957591564356,0.999999999421919,0.0,0.9998637057498001,0.9998637057498001,1.0,0.9999318482305529,0.0,1.0,0.0,0.7535588250439987,0.999933179039681,0.0
Bot-IoT,RANDOM_LINF,10,20,2048,3,6.5727620124816895,1.663963794708252,0.10903540015991808,0.99997274114996,0.9999727381774562,1.0,0.9999863689029239,0.894414999059142,0.2,0.0,0.9999957591564356,0.999999999421919,0.0,0.9988823871483609,0.9998635718703387,0.9990185476322462,0.9994408811349659,-0.0003659203613961717,1.0,0.0009814523677538372,0.724036192570648,0.9999505551720022,0.0009814523677538372
Bot-IoT,RANDOM_L2,10,20,2048,3,6.5727620124816895,1.6708157062530518,0.13902013520389334,0.99997274114996,0.9999727381774562,1.0,0.9999863689029239,0.894414999059142,0.2,0.0,0.9999957591564356,0.999999999421919,0.0,0.9985825397979211,0.9998635309102488,0.9987186594087658,0.999290767244358,-0.0004181666942105215,1.0,0.0012813405912341764,0.794272437848923,0.9999638980629468,0.0012813405912341764
Bot-IoT,FGSM,16,10,2048,2,72.01756460010074,2.815792900044471,0.011812168350655572,0.9999818274333067,0.9999818252864789,1.0,0.9999909125606586,0.9309408763440791,0.13333333333333333,0.0,0.999846117962093,0.9999999790000286,0.0,0.9998637057498001,0.9998637057498001,1.0,0.9999318482305529,0.0,1.0,0.0,0.9999745549386139,0.9999999965315836,0.0
Bot-IoT,RANDOM_LINF,16,10,2048,2,72.01756460010074,2.86449610022828,0.011812168350655572,0.9999818274333067,0.9999818252864789,1.0,0.9999909125606586,0.9309408763440791,0.13333333333333333,0.0,0.999846117962093,0.9999999790000286,0.0,0.9998637057498001,0.9998637057498001,1.0,0.9999318482305529,0.0,1.0,0.0,0.985445727804485,0.999997975473148,0.0
Bot-IoT,RANDOM_L2,16,10,2048,2,72.01756460010074,2.8516973999794573,0.011812168350655572,0.9999818274333067,0.9999818252864789,1.0,0.9999909125606586,0.9309408763440791,0.13333333333333333,0.0,0.999846117962093,0.9999999790000286,0.0,0.9998637057498001,0.9998637057498001,1.0,0.9999318482305529,0.0,1.0,0.0,0.9401332230714007,0.9999912306695153,0.0
Bot-IoT,FGSM,16,20,2048,2,47.116944700013846,1.5807558000087738,0.011812168350655572,0.9999818274333067,0.9999818252864789,1.0,0.9999909125606586,0.9309408763440791,0.13333333333333333,0.0,0.9998467237968878,0.9999999790828048,0.0,0.9998637057498001,0.9998637057498001,1.0,0.9999318482305529,0.0,1.0,0.0,0.9317802758365821,0.9999889636253121,0.0
Bot-IoT,RANDOM_LINF,16,20,2048,2,47.116944700013846,1.5986892997752875,0.012720796685317115,0.9999818274333067,0.9999818252864789,1.0,0.9999909125606586,0.9309408763440791,0.13333333333333333,0.0,0.9998467237968878,0.9999999790828048,0.0,0.9998546194664535,0.9998637045113806,0.9999909124780764,0.9999273044489677,-3.519358238262003e-05,1.0,9.08752192364664e-06,0.902935269581338,0.9999832772698932,9.08752192364664e-06
Bot-IoT,RANDOM_L2,16,20,2048,2,47.116944700013846,1.5755594000220299,0.011812168350655572,0.9999818274333067,0.9999818252864789,1.0,0.9999909125606586,0.9309408763440791,0.13333333333333333,0.0,0.9998467237968878,0.9999999790828048,0.0,0.9998637057498001,0.9998637057498001,1.0,0.9999318482305529,0.0,1.0,0.0,0.7454115587220521,0.9999502219561066,0.0
Bot-IoT,FGSM,32,10,2048,2,128.80649020010605,5.402213700115681,0.009994911681321383,0.9999636548666133,0.9999636512335862,1.0,0.9999818252864789,0.8563332748242921,0.26666666666666666,0.0,0.9998364246053744,0.9999999776769605,0.0,0.9998637057498001,0.9998637057498001,1.0,0.9999318482305529,0.0,1.0,0.0,0.9999775841125884,0.9999999969445249,0.0
Bot-IoT,RANDOM_LINF,32,10,2048,2,128.80649020010605,5.520590799860656,0.009994911681321383,0.9999636548666133,0.9999636512335862,1.0,0.9999818252864789,0.8563332748242921,0.26666666666666666,0.0,0.9998364246053744,0.9999999776769605,0.0,0.9998637057498001,0.9998637057498001,1.0,0.9999318482305529,0.0,1.0,0.0,0.9836594239116936,0.999997727817856,0.0
Bot-IoT,RANDOM_L2,32,10,2048,2,128.80649020010605,5.479428299935535,0.009994911681321383,0.9999636548666133,0.9999636512335862,1.0,0.9999818252864789,0.8563332748242921,0.26666666666666666,0.0,0.9998364246053744,0.9999999776769605,0.0,0.9998637057498001,0.9998637057498001,1.0,0.9999318482305529,0.0,1.0,0.0,0.9080497269199661,0.9999856888515237,0.0
Bot-IoT,FGSM,32,20,2048,2,83.3295670999214,3.361959399888292,0.012720796685328217,0.9999909137166534,0.9999909125606586,1.0,0.9999954562596839,0.9660873934190848,0.06666666666666667,0.0,0.9999963649912306,0.999999999504493,0.0,0.9998637057498001,0.9998637057498001,1.0,0.9999318482305529,0.0,1.0,0.0,0.9999642557471004,0.9999999951274271,0.0
Bot-IoT,RANDOM_LINF,32,20,2048,2,83.3295670999214,3.3732243000995368,0.01362942501998976,0.9999909137166534,0.9999909125606586,1.0,0.9999954562596839,0.9660873934190848,0.06666666666666667,0.0,0.9999963649912306,0.999999999504493,0.0,0.9998546194664535,0.9998637045113806,0.9999909124780764,0.9999273044489677,-3.519358238262003e-05,1.0,9.08752192364664e-06,0.9439896644583988,0.9999919652917721,9.08752192364664e-06
Bot-IoT,RANDOM_L2,32,20,2048,2,83.3295670999214,3.3659300000872463,0.01362942501998976,0.9999909137166534,0.9999909125606586,1.0,0.9999954562596839,0.9660873934190848,0.06666666666666667,0.0,0.9999963649912306,0.999999999504493,0.0,0.9998546194664535,0.9998637045113806,0.9999909124780764,0.9999273044489677,-3.519358238262003e-05,1.0,9.08752192364664e-06,0.8136046261544939,0.9999676445278959,9.08752192364664e-06
Bot-IoT,C&W,16,10,2048,2,69.7861509998329,2.954603199614212,0.0,0.9999818274333067,0.9999818252864789,1.0,0.9999909125606586,0.9309408763440791,0.13333333333333333,0.0,0.999846117962093,0.9999999790000286,0.0,0.9999818274333067,0.9999818252864789,1.0,0.9999909125606586,0.9309408763440791,0.13333333333333333,0.0,0.999846117962093,0.9999999790000286,0.0
Bot-IoT,C&W,16,20,2048,2,52.92603400000371,2.410935700405389,0.0,0.9999818274333067,0.9999818252864789,1.0,0.9999909125606586,0.9309408763440791,0.13333333333333333,0.0,0.9998467237968878,0.9999999790828048,0.0,0.9999818274333067,0.9999818252864789,1.0,0.9999909125606586,0.9309408763440791,0.13333333333333333,0.0,0.9998467237968878,0.9999999790828048,0.0
Bot-IoT,C&W,32,10,2048,2,126.19709390006028,5.688863599905744,0.0,0.9999636548666133,0.9999636512335862,1.0,0.9999818252864789,0.8563332748242921,0.26666666666666666,0.0,0.9998364246053744,0.9999999776769605,0.0,0.9999636548666133,0.9999636512335862,1.0,0.9999818252864789,0.8563332748242921,0.26666666666666666,0.0,0.9998364246053744,0.9999999776769605,0.0
Bot-IoT,C&W,32,20,2048,2,73.80229580006562,3.3568401001393795,0.0,0.9999909137166534,0.9999909125606586,1.0,0.9999954562596839,0.9660873934190848,0.06666666666666667,0.0,0.9999963649912306,0.999999999504493,0.0,0.9999909137166534,0.9999909125606586,1.0,0.9999954562596839,0.9660873934190848,0.06666666666666667,0.0,0.9999963649912306,0.999999999504493,0.0
Bot-IoT,C&W,1,5,1024,2,23.377256700070575,0.7562871996778995,0.0,0.9998637057498001,0.9998637057498001,1.0,0.9999318482305529,0.0,1.0,0.0,0.9953190174571296,0.99999936053837,0.0,0.9998637057498001,0.9998637057498001,1.0,0.9999318482305529,0.0,1.0,0.0,0.9953190174571296,0.99999936053837,0.0
Bot-IoT,C&W,1,5,1024,3,23.80864299996756,0.6575229002628475,0.0,0.9998637057498001,0.9998637057498001,1.0,0.9999318482305529,0.0,1.0,0.0,0.9953190174571296,0.99999936053837,0.0,0.9998637057498001,0.9998637057498001,1.0,0.9999318482305529,0.0,1.0,0.0,0.9953190174571296,0.99999936053837,0.0
Bot-IoT,C&W,1,5,2048,2,23.329626300139353,0.6143339003901929,0.0,0.9998637057498001,0.9998637057498001,1.0,0.9999318482305529,0.0,1.0,0.0,0.9953190174571296,0.99999936053837,0.0,0.9998637057498001,0.9998637057498001,1.0,0.9999318482305529,0.0,1.0,0.0,0.9953190174571296,0.99999936053837,0.0
Bot-IoT,C&W,1,5,2048,3,23.888687500031665,0.6492222002707422,0.0,0.9998637057498001,0.9998637057498001,1.0,0.9999318482305529,0.0,1.0,0.0,0.9953190174571296,0.99999936053837,0.0,0.9998637057498001,0.9998637057498001,1.0,0.9999318482305529,0.0,1.0,0.0,0.9953190174571296,0.99999936053837,0.0
Bot-IoT,C&W,1,10,1024,2,20.46334410016425,0.519422200275585,0.0,0.9998818783164934,0.9998818761698802,1.0,0.9999409345964243,0.36512680467108594,0.8666666666666667,0.0,0.9961099347818844,0.9999994687187856,0.0,0.9998818783164934,0.9998818761698802,1.0,0.9999409345964243,0.36512680467108594,0.8666666666666667,0.0,0.9961099347818844,0.9999994687187856,0.0
Bot-IoT,C&W,1,10,1024,3,21.393494799965993,0.5941516999155283,0.0,0.9998818783164934,0.9998818761698802,1.0,0.9999409345964243,0.36512680467108594,0.8666666666666667,0.0,0.9961099347818844,0.9999994687187856,0.0,0.9998818783164934,0.9998818761698802,1.0,0.9999409345964243,0.36512680467108594,0.8666666666666667,0.0,0.9961099347818844,0.9999994687187856,0.0
Bot-IoT,C&W,1,10,2048,2,21.299873099895194,0.5558246006257832,0.0,0.9998818783164934,0.9998818761698802,1.0,0.9999409345964243,0.36512680467108594,0.8666666666666667,0.0,0.9961099347818844,0.9999994687187856,0.0,0.9998818783164934,0.9998818761698802,1.0,0.9999409345964243,0.36512680467108594,0.8666666666666667,0.0,0.9961099347818844,0.9999994687187856,0.0
Bot-IoT,C&W,1,10,2048,3,20.439249000046402,0.5160454001743346,0.0,0.9998818783164934,0.9998818761698802,1.0,0.9999409345964243,0.36512680467108594,0.8666666666666667,0.0,0.9961099347818844,0.9999994687187856,0.0,0.9998818783164934,0.9998818761698802,1.0,0.9999409345964243,0.36512680467108594,0.8666666666666667,0.0,0.9961099347818844,0.9999994687187856,0.0
Bot-IoT,C&W,1,15,1024,2,19.61212219996378,0.4460142001044005,0.0,0.9999636548666133,0.9999636512335862,1.0,0.9999818252864789,0.8563332748242921,0.26666666666666666,0.0,0.9987840895666161,0.9999998339294605,0.0,0.9999636548666133,0.9999636512335862,1.0,0.9999818252864789,0.8563332748242921,0.26666666666666666,0.0,0.9987840895666161,0.9999998339294605,0.0
Bot-IoT,C&W,1,15,1024,3,19.30353569984436,0.4613212998956442,0.0,0.9999636548666133,0.9999636512335862,1.0,0.9999818252864789,0.8563332748242921,0.26666666666666666,0.0,0.9987840895666161,0.9999998339294605,0.0,0.9999636548666133,0.9999636512335862,1.0,0.9999818252864789,0.8563332748242921,0.26666666666666666,0.0,0.9987840895666161,0.9999998339294605,0.0
Bot-IoT,C&W,1,15,2048,2,20.401758800027892,0.5227458996232599,0.0,0.9999636548666133,0.9999636512335862,1.0,0.9999818252864789,0.8563332748242921,0.26666666666666666,0.0,0.9987840895666161,0.9999998339294605,0.0,0.9999636548666133,0.9999636512335862,1.0,0.9999818252864789,0.8563332748242921,0.26666666666666666,0.0,0.9987840895666161,0.9999998339294605,0.0
Bot-IoT,C&W,1,15,2048,3,19.76275120000355,0.5080957999452949,0.0,0.9999636548666133,0.9999636512335862,1.0,0.9999818252864789,0.8563332748242921,0.26666666666666666,0.0,0.9987840895666161,0.9999998339294605,0.0,0.9999636548666133,0.9999636512335862,1.0,0.9999818252864789,0.8563332748242921,0.26666666666666666,0.0,0.9987840895666161,0.9999998339294605,0.0
Bot-IoT,C&W,1,20,1024,2,18.77715520001948,0.4174831996206194,0.0,0.9999454822999201,0.999945477841286,1.0,0.9999727381774562,0.7745755526123786,0.4,0.0,0.9987180535739709,0.9999998249811669,0.0,0.9999454822999201,0.999945477841286,1.0,0.9999727381774562,0.7745755526123786,0.4,0.0,0.9987180535739709,0.9999998249811669,0.0
Bot-IoT,C&W,1,20,1024,3,18.946982300141826,0.46174309961497784,0.0,0.9999545685832667,0.9999545644548643,1.0,0.9999772817113233,0.8164780317333975,0.3333333333333333,0.0,0.9975045664797666,0.9999996575078745,0.0,0.9999545685832667,0.9999545644548643,1.0,0.9999772817113233,0.8164780317333975,0.3333333333333333,0.0,0.9975045664797666,0.9999996575078745,0.0
Bot-IoT,C&W,1,20,2048,2,19.161576200043783,0.3845557998865843,0.0,0.9999545685832667,0.9999545644548643,1.0,0.9999772817113233,0.8164780317333975,0.3333333333333333,0.0,0.9988146842237591,0.9999998381518476,0.0,0.9999545685832667,0.9999545644548643,1.0,0.9999772817113233,0.8164780317333975,0.3333333333333333,0.0,0.9988146842237591,0.9999998381518476,0.0
Bot-IoT,C&W,1,20,2048,3,18.801578800193965,0.4028880000114441,0.0,0.9999636548666133,0.9999636512335862,1.0,0.9999818252864789,0.8563332748242921,0.26666666666666666,0.0,0.9989113148735472,0.9999998513227675,0.0,0.9999636548666133,0.9999636512335862,1.0,0.9999818252864789,0.8563332748242921,0.26666666666666666,0.0,0.9989113148735472,0.9999998513227675,0.0
Bot-IoT,C&W,2,5,1024,2,30.235476800007746,1.0228078002110124,0.0,0.9999454822999201,0.999945477841286,1.0,0.9999727381774562,0.7745755526123786,0.4,0.0,0.9989646283354993,0.9999998588324497,0.0,0.9999454822999201,0.999945477841286,1.0,0.9999727381774562,0.7745755526123786,0.4,0.0,0.9989646283354993,0.9999998588324497,0.0
Bot-IoT,C&W,2,5,1024,3,31.500593499979004,0.9997161000501364,0.0,0.9999454822999201,0.999945477841286,1.0,0.9999727381774562,0.7745755526123786,0.4,0.0,0.9989646283354993,0.9999998588324497,0.0,0.9999454822999201,0.999945477841286,1.0,0.9999727381774562,0.7745755526123786,0.4,0.0,0.9989646283354993,0.9999998588324497,0.0
Bot-IoT,C&W,2,5,2048,2,29.948979699984193,0.9907400996889919,0.0,0.9999454822999201,0.999945477841286,1.0,0.9999727381774562,0.7745755526123786,0.4,0.0,0.9989646283354993,0.9999998588324497,0.0,0.9999454822999201,0.999945477841286,1.0,0.9999727381774562,0.7745755526123786,0.4,0.0,0.9989646283354993,0.9999998588324497,0.0
Bot-IoT,C&W,2,5,2048,3,30.750713200075552,0.9546802996192127,0.0,0.9999454822999201,0.999945477841286,1.0,0.9999727381774562,0.7745755526123786,0.4,0.0,0.9989646283354993,0.9999998588324497,0.0,0.9999454822999201,0.999945477841286,1.0,0.9999727381774562,0.7745755526123786,0.4,0.0,0.9989646283354993,0.9999998588324497,0.0
Bot-IoT,C&W,2,10,1024,2,23.51047410001047,0.7019244998227805,0.0,0.9999454822999201,0.999945477841286,1.0,0.9999727381774562,0.7745755526123786,0.4,0.0,0.9992208964537461,0.9999998937700546,0.0,0.9999454822999201,0.999945477841286,1.0,0.9999727381774562,0.7745755526123786,0.4,0.0,0.9992208964537461,0.9999998937700546,0.0
Bot-IoT,C&W,2,10,1024,3,25.46594569995068,0.7398010997567326,0.0,0.9999454822999201,0.999945477841286,1.0,0.9999727381774562,0.7745755526123786,0.4,0.0,0.9992208964537461,0.9999998937700546,0.0,0.9999454822999201,0.999945477841286,1.0,0.9999727381774562,0.7745755526123786,0.4,0.0,0.9992208964537461,0.9999998937700546,0.0
Bot-IoT,C&W,2,10,2048,2,23.376935200067237,0.6354093998670578,0.0,0.9999454822999201,0.999945477841286,1.0,0.9999727381774562,0.7745755526123786,0.4,0.0,0.9992208964537461,0.9999998937700546,0.0,0.9999454822999201,0.999945477841286,1.0,0.9999727381774562,0.7745755526123786,0.4,0.0,0.9992208964537461,0.9999998937700546,0.0
Bot-IoT,C&W,2,10,2048,3,25.433633500011638,0.7545769002754241,0.0,0.9999454822999201,0.999945477841286,1.0,0.9999727381774562,0.7745755526123786,0.4,0.0,0.9992208964537461,0.9999998937700546,0.0,0.9999454822999201,0.999945477841286,1.0,0.9999727381774562,0.7745755526123786,0.4,0.0,0.9992208964537461,0.9999998937700546,0.0
Bot-IoT,C&W,2,15,1024,2,21.81942779989913,0.6509508998133242,0.0,0.9999363960165734,0.9999363913928467,1.0,0.9999681946848775,0.7302735163915309,0.4666666666666667,0.0,0.9993617530435626,0.9999999130042858,0.0,0.9999363960165734,0.9999363913928467,1.0,0.9999681946848775,0.7302735163915309,0.4666666666666667,0.0,0.9993617530435626,0.9999999130042858,0.0
Bot-IoT,C&W,2,15,1024,3,22.070659199962392,0.6273947996087372,0.0,0.9999363960165734,0.9999363913928467,1.0,0.9999681946848775,0.7302735163915309,0.4666666666666667,0.0,0.9993617530435626,0.9999999130042858,0.0,0.9999363960165734,0.9999363913928467,1.0,0.9999681946848775,0.7302735163915309,0.4666666666666667,0.0,0.9993617530435626,0.9999999130042858,0.0
Bot-IoT,C&W,2,15,2048,2,21.82815710012801,0.6101055000908673,0.0,0.9999363960165734,0.9999363913928467,1.0,0.9999681946848775,0.7302735163915309,0.4666666666666667,0.0,0.9993617530435626,0.999999913004286,0.0,0.9999363960165734,0.9999363913928467,1.0,0.9999681946848775,0.7302735163915309,0.4666666666666667,0.0,0.9993617530435626,0.999999913004286,0.0
Bot-IoT,C&W,2,15,2048,3,21.950221500126645,0.5371364001184702,0.0,0.9999363960165734,0.9999363913928467,1.0,0.9999681946848775,0.7302735163915309,0.4666666666666667,0.0,0.9993617530435626,0.999999913004286,0.0,0.9999363960165734,0.9999363913928467,1.0,0.9999681946848775,0.7302735163915309,0.4666666666666667,0.0,0.9993617530435626,0.999999913004286,0.0
Bot-IoT,C&W,2,20,1024,2,21.15016800002195,0.5439414002466947,0.0,0.9999545685832667,0.9999545644548643,1.0,0.9999772817113233,0.8164780317333975,0.3333333333333333,0.0,0.9981422076014091,0.9999997461067748,0.0,0.9999545685832667,0.9999545644548643,1.0,0.9999772817113233,0.8164780317333975,0.3333333333333333,0.0,0.9981422076014091,0.9999997461067748,0.0
Bot-IoT,C&W,2,20,1024,3,20.79446980007924,0.5243664998561144,0.0,0.9999545685832667,0.9999545644548643,1.0,0.9999772817113233,0.8164780317333975,0.3333333333333333,0.0,0.9981422076014091,0.9999997461067748,0.0,0.9999545685832667,0.9999545644548643,1.0,0.9999772817113233,0.8164780317333975,0.3333333333333333,0.0,0.9981422076014091,0.9999997461067748,0.0
Bot-IoT,C&W,2,20,2048,2,20.95248270011507,0.6376459000166506,0.0,0.9999545685832667,0.9999545644548643,1.0,0.9999772817113233,0.8164780317333975,0.3333333333333333,0.0,0.9988395234503503,0.9999998414175864,0.0,0.9999545685832667,0.9999545644548643,1.0,0.9999772817113233,0.8164780317333975,0.3333333333333333,0.0,0.9988395234503503,0.9999998414175864,0.0
Bot-IoT,C&W,2,20,2048,3,20.765050899935886,0.5521818001288921,0.0,0.9999545685832667,0.9999545644548643,1.0,0.9999772817113233,0.8164780317333975,0.3333333333333333,0.0,0.998362428549359,0.9999997762083268,0.0,0.9999545685832667,0.9999545644548643,1.0,0.9999772817113233,0.8164780317333975,0.3333333333333333,0.0,0.998362428549359,0.9999997762083268,0.0
Bot-IoT,C&W,4,5,1024,2,43.022551300004125,1.6548341000452638,0.0,0.9999000508831868,0.9999000472503907,1.0,0.9999500211274325,0.5163719711604263,0.7333333333333333,0.0,0.9986126383196566,0.9999998107252697,0.0,0.9999000508831868,0.9999000472503907,1.0,0.9999500211274325,0.5163719711604263,0.7333333333333333,0.0,0.9986126383196566,0.9999998107252697,0.0
Bot-IoT,C&W,4,5,1024,3,43.32417769986205,1.575013799360022,0.0,0.9999000508831868,0.9999000472503907,1.0,0.9999500211274325,0.5163719711604263,0.7333333333333333,0.0,0.9986126383196566,0.9999998107252697,0.0,0.9999000508831868,0.9999000472503907,1.0,0.9999500211274325,0.5163719711604263,0.7333333333333333,0.0,0.9986126383196566,0.9999998107252697,0.0
Bot-IoT,C&W,4,5,2048,2,43.59186950000003,1.6755324001424015,0.0,0.9999000508831868,0.9999000472503907,1.0,0.9999500211274325,0.5163719711604263,0.7333333333333333,0.0,0.9986126383196566,0.9999998107252697,0.0,0.9999000508831868,0.9999000472503907,1.0,0.9999500211274325,0.5163719711604263,0.7333333333333333,0.0,0.9986126383196566,0.9999998107252697,0.0
Bot-IoT,C&W,4,5,2048,3,44.01920840004459,1.6650910000316799,0.0,0.9999000508831868,0.9999000472503907,1.0,0.9999500211274325,0.5163719711604263,0.7333333333333333,0.0,0.9986126383196566,0.9999998107252697,0.0,0.9999000508831868,0.9999000472503907,1.0,0.9999500211274325,0.5163719711604263,0.7333333333333333,0.0,0.9986126383196566,0.9999998107252697,0.0
Bot-IoT,C&W,4,10,1024,2,31.085471600061283,1.0710484001319855,0.0,0.9999273097332267,0.9999273051095421,1.0,0.9999636512335862,0.6831052205805873,0.5333333333333333,0.0,0.9990633794070695,0.999999872275027,0.0,0.9999273097332267,0.9999273051095421,1.0,0.9999636512335862,0.6831052205805873,0.5333333333333333,0.0,0.9990633794070695,0.999999872275027,0.0
Bot-IoT,C&W,4,10,1024,3,31.060978299938142,1.0146860999520868,0.0,0.9999273097332267,0.9999273051095421,1.0,0.9999636512335862,0.6831052205805873,0.5333333333333333,0.0,0.9990633794070695,0.999999872275027,0.0,0.9999273097332267,0.9999273051095421,1.0,0.9999636512335862,0.6831052205805873,0.5333333333333333,0.0,0.9990633794070695,0.999999872275027,0.0
Bot-IoT,C&W,4,10,2048,2,31.445920299971476,1.230871400097385,0.0,0.9999273097332267,0.9999273051095421,1.0,0.9999636512335862,0.6831052205805873,0.5333333333333333,0.0,0.9990633794070695,0.999999872275027,0.0,0.9999273097332267,0.9999273051095421,1.0,0.9999636512335862,0.6831052205805873,0.5333333333333333,0.0,0.9990633794070695,0.999999872275027,0.0
Bot-IoT,C&W,4,10,2048,3,30.610156300012022,1.0054585998877883,0.0,0.9999273097332267,0.9999273051095421,1.0,0.9999636512335862,0.6831052205805873,0.5333333333333333,0.0,0.9990633794070695,0.999999872275027,0.0,0.9999273097332267,0.9999273051095421,1.0,0.9999636512335862,0.6831052205805873,0.5333333333333333,0.0,0.9990633794070695,0.999999872275027,0.0
Bot-IoT,C&W,4,15,1024,2,26.580213600071147,0.8331408998928964,0.0,0.9999454822999201,0.999945477841286,1.0,0.9999727381774562,0.7745755526123786,0.4,0.0,0.9999357815117397,0.999999991244678,0.0,0.9999454822999201,0.999945477841286,1.0,0.9999727381774562,0.7745755526123786,0.4,0.0,0.9999357815117397,0.999999991244678,0.0
Bot-IoT,C&W,4,15,1024,3,26.382247200002894,0.8959888995159417,0.0,0.9999454822999201,0.999945477841286,1.0,0.9999727381774562,0.7745755526123786,0.4,0.0,0.9999357815117397,0.999999991244678,0.0,0.9999454822999201,0.999945477841286,1.0,0.9999727381774562,0.7745755526123786,0.4,0.0,0.9999357815117397,0.999999991244678,0.0
Bot-IoT,C&W,4,15,2048,2,28.452537399949506,0.9260839999187738,0.0,0.9999454822999201,0.999945477841286,1.0,0.9999727381774562,0.7745755526123786,0.4,0.0,0.9999357815117397,0.9999999912446782,0.0,0.9999454822999201,0.999945477841286,1.0,0.9999727381774562,0.7745755526123786,0.4,0.0,0.9999357815117397,0.9999999912446782,0.0
Bot-IoT,C&W,4,15,2048,3,28.822881600121036,0.9122522003017366,0.0,0.9999454822999201,0.999945477841286,1.0,0.9999727381774562,0.7745755526123786,0.4,0.0,0.9999357815117397,0.9999999912446782,0.0,0.9999454822999201,0.999945477841286,1.0,0.9999727381774562,0.7745755526123786,0.4,0.0,0.9999357815117397,0.9999999912446782,0.0
Bot-IoT,C&W,4,20,1024,2,23.60223659989424,0.7012541999574751,0.0,0.9999636548666133,0.9999636512335862,1.0,0.9999818252864789,0.8563332748242921,0.26666666666666666,0.0,0.9999975766608203,0.9999999996696798,0.0,0.9999636548666133,0.9999636512335862,1.0,0.9999818252864789,0.8563332748242921,0.26666666666666666,0.0,0.9999975766608203,0.9999999996696798,0.0
Bot-IoT,C&W,4,20,1024,3,24.001706400187686,0.6327456999570131,0.0,0.9999636548666133,0.9999636512335862,1.0,0.9999818252864789,0.8563332748242921,0.26666666666666666,0.0,0.9999975766608203,0.9999999996696798,0.0,0.9999636548666133,0.9999636512335862,1.0,0.9999818252864789,0.8563332748242921,0.26666666666666666,0.0,0.9999975766608203,0.9999999996696798,0.0
Bot-IoT,C&W,4,20,2048,2,23.85723580000922,0.7487319996580482,0.0,0.9999636548666133,0.9999636512335862,1.0,0.9999818252864789,0.8563332748242921,0.26666666666666666,0.0,0.9999975766608205,0.9999999996696798,0.0,0.9999636548666133,0.9999636512335862,1.0,0.9999818252864789,0.8563332748242921,0.26666666666666666,0.0,0.9999975766608205,0.9999999996696798,0.0
Bot-IoT,C&W,4,20,2048,3,24.121203900082037,0.6512169998604804,0.0,0.9999636548666133,0.9999636512335862,1.0,0.9999818252864789,0.8563332748242921,0.26666666666666666,0.0,0.9999975766608203,0.9999999996696798,0.0,0.9999636548666133,0.9999636512335862,1.0,0.9999818252864789,0.8563332748242921,0.26666666666666666,0.0,0.9999975766608203,0.9999999996696798,0.0
Bot-IoT,C&W,8,5,1024,2,70.04220689996146,2.9876000999938697,0.0,0.9998909645998401,0.9998909616275794,1.0,0.999945477841286,0.44718921311399706,0.8,0.0,0.9986180908328108,0.9999998114468783,0.0,0.9998909645998401,0.9998909616275794,1.0,0.999945477841286,0.44718921311399706,0.8,0.0,0.9986180908328108,0.9999998114468783,0.0
Bot-IoT,C&W,8,5,1024,3,71.74884160002694,3.248341399943456,0.0,0.9998909645998401,0.9998909616275794,1.0,0.999945477841286,0.44718921311399706,0.8,0.0,0.9986180908328108,0.9999998114468783,0.0,0.9998909645998401,0.9998909616275794,1.0,0.999945477841286,0.44718921311399706,0.8,0.0,0.9986180908328108,0.9999998114468783,0.0
Bot-IoT,C&W,8,5,2048,2,69.07858070009388,2.7886146001983434,0.0,0.9998909645998401,0.9998909616275794,1.0,0.999945477841286,0.44718921311399706,0.8,0.0,0.9986180908328108,0.9999998114468783,0.0,0.9998909645998401,0.9998909616275794,1.0,0.999945477841286,0.44718921311399706,0.8,0.0,0.9986180908328108,0.9999998114468783,0.0
Bot-IoT,C&W,8,5,2048,3,69.59060460003093,2.7139005004428327,0.0,0.9998909645998401,0.9998909616275794,1.0,0.999945477841286,0.44718921311399706,0.8,0.0,0.9986180908328108,0.9999998114468783,0.0,0.9998909645998401,0.9998909616275794,1.0,0.999945477841286,0.44718921311399706,0.8,0.0,0.9986180908328108,0.9999998114468783,0.0
Bot-IoT,C&W,8,10,1024,2,43.98729239986278,1.7265970001462847,0.0,0.9999818274333067,0.9999818252864789,1.0,0.9999909125606586,0.9309408763440791,0.13333333333333333,0.0,0.9998158262223474,0.9999999748604369,0.0,0.9999818274333067,0.9999818252864789,1.0,0.9999909125606586,0.9309408763440791,0.13333333333333333,0.0,0.9998158262223474,0.9999999748604369,0.0
Bot-IoT,C&W,8,10,1024,3,50.8092428999953,1.7985064000822604,0.0,0.9999818274333067,0.9999818252864789,1.0,0.9999909125606586,0.9309408763440791,0.13333333333333333,0.0,0.9998158262223474,0.9999999748604369,0.0,0.9999818274333067,0.9999818252864789,1.0,0.9999909125606586,0.9309408763440791,0.13333333333333333,0.0,0.9998158262223474,0.9999999748604369,0.0
Bot-IoT,C&W,8,10,2048,2,44.503410099772736,1.7802990998607129,0.0,0.9999818274333067,0.9999818252864789,1.0,0.9999909125606586,0.9309408763440791,0.13333333333333333,0.0,0.9998158262223474,0.999999974860437,0.0,0.9999818274333067,0.9999818252864789,1.0,0.9999909125606586,0.9309408763440791,0.13333333333333333,0.0,0.9998158262223474,0.999999974860437,0.0
Bot-IoT,C&W,8,10,2048,3,49.613975800108165,1.7393216998316348,0.0,0.9999818274333067,0.9999818252864789,1.0,0.9999909125606586,0.9309408763440791,0.13333333333333333,0.0,0.9998158262223474,0.999999974860437,0.0,0.9999818274333067,0.9999818252864789,1.0,0.9999909125606586,0.9309408763440791,0.13333333333333333,0.0,0.9998158262223474,0.999999974860437,0.0
Bot-IoT,C&W,8,15,1024,2,38.961707199923694,1.2396797998808324,0.0,0.99997274114996,0.9999727381774562,1.0,0.9999863689029239,0.894414999059142,0.2,0.0,0.9999954562390382,0.9999999993806428,0.0,0.99997274114996,0.9999727381774562,1.0,0.9999863689029239,0.894414999059142,0.2,0.0,0.9999954562390382,0.9999999993806428,0.0
Bot-IoT,C&W,8,15,1024,3,35.165282000089064,1.1793114999309182,0.0,0.99997274114996,0.9999727381774562,1.0,0.9999863689029239,0.894414999059142,0.2,0.0,0.9999963649912306,0.9999999995045197,0.0,0.99997274114996,0.9999727381774562,1.0,0.9999863689029239,0.894414999059142,0.2,0.0,0.9999963649912306,0.9999999995045197,0.0
Bot-IoT,C&W,8,15,2048,2,39.39703639992513,1.2566224997863173,0.0,0.99997274114996,0.9999727381774562,1.0,0.9999863689029239,0.894414999059142,0.2,0.0,0.9999963649912306,0.9999999995045197,0.0,0.99997274114996,0.9999727381774562,1.0,0.9999863689029239,0.894414999059142,0.2,0.0,0.9999963649912306,0.9999999995045197,0.0
Bot-IoT,C&W,8,15,2048,3,38.813937299884856,1.214943700004369,0.0,0.99997274114996,0.9999727381774562,1.0,0.9999863689029239,0.894414999059142,0.2,0.0,0.9999963649912306,0.9999999995045197,0.0,0.99997274114996,0.9999727381774562,1.0,0.9999863689029239,0.894414999059142,0.2,0.0,0.9999963649912306,0.9999999995045197,0.0
Bot-IoT,C&W,8,20,1024,2,31.636247500078753,1.0047487998381257,0.0,0.99997274114996,0.9999727381774562,1.0,0.9999863689029239,0.894414999059142,0.2,0.0,0.9998485413012725,0.9999999793314913,0.0,0.99997274114996,0.9999727381774562,1.0,0.9999863689029239,0.894414999059142,0.2,0.0,0.9998485413012725,0.9999999793314913,0.0
Bot-IoT,C&W,8,20,1024,3,31.313278899993747,1.047927799867466,0.0,0.99997274114996,0.9999727381774562,1.0,0.9999863689029239,0.894414999059142,0.2,0.0,0.9998485413012725,0.9999999793314913,0.0,0.99997274114996,0.9999727381774562,1.0,0.9999863689029239,0.894414999059142,0.2,0.0,0.9998485413012725,0.9999999793314913,0.0
Bot-IoT,C&W,8,20,2048,2,31.410552800167352,0.9760025001596659,0.0,0.99997274114996,0.9999727381774562,1.0,0.9999863689029239,0.894414999059142,0.2,0.0,0.9999745549386138,0.9999999965309769,0.0,0.99997274114996,0.9999727381774562,1.0,0.9999863689029239,0.894414999059142,0.2,0.0,0.9999745549386138,0.9999999965309769,0.0
Bot-IoT,C&W,8,20,2048,3,31.48629350005649,1.0940025998279452,0.0,0.99997274114996,0.9999727381774562,1.0,0.9999863689029239,0.894414999059142,0.2,0.0,0.9999745549386138,0.9999999965309767,0.0,0.99997274114996,0.9999727381774562,1.0,0.9999863689029239,0.894414999059142,0.2,0.0,0.9999745549386138,0.9999999965309767,0.0
Bot-IoT,C&W,10,5,1024,2,82.35576509987004,3.6755633000284433,0.0,0.9999636548666133,0.9999636512335862,1.0,0.9999818252864789,0.8563332748242921,0.26666666666666666,0.0,0.9992726953287108,0.9999999007205941,0.0,0.9999636548666133,0.9999636512335862,1.0,0.9999818252864789,0.8563332748242921,0.26666666666666666,0.0,0.9992726953287108,0.9999999007205941,0.0
Bot-IoT,C&W,10,5,1024,3,83.44094119989313,3.6361670999322087,0.0,0.9999636548666133,0.9999636512335862,1.0,0.9999818252864789,0.8563332748242921,0.26666666666666666,0.0,0.9992726953287108,0.9999999007205942,0.0,0.9999636548666133,0.9999636512335862,1.0,0.9999818252864789,0.8563332748242921,0.26666666666666666,0.0,0.9992726953287108,0.9999999007205942,0.0
Bot-IoT,C&W,10,5,2048,2,82.52528419997543,3.4742769000586122,0.0,0.9999636548666133,0.9999636512335862,1.0,0.9999818252864789,0.8563332748242921,0.26666666666666666,0.0,0.9992726953287108,0.9999999007205941,0.0,0.9999636548666133,0.9999636512335862,1.0,0.9999818252864789,0.8563332748242921,0.26666666666666666,0.0,0.9992726953287108,0.9999999007205941,0.0
Bot-IoT,C&W,10,5,2048,3,84.45693950005807,3.806551800109446,0.0,0.9999636548666133,0.9999636512335862,1.0,0.9999818252864789,0.8563332748242921,0.26666666666666666,0.0,0.9992726953287108,0.9999999007205942,0.0,0.9999636548666133,0.9999636512335862,1.0,0.9999818252864789,0.8563332748242921,0.26666666666666666,0.0,0.9992726953287108,0.9999999007205942,0.0
Bot-IoT,C&W,10,10,1024,2,50.075621500145644,1.7606583999004215,0.0,0.99997274114996,0.9999727381774562,1.0,0.9999863689029239,0.894414999059142,0.2,0.0,0.9995365363818941,0.9999999367871009,0.0,0.99997274114996,0.9999727381774562,1.0,0.9999863689029239,0.894414999059142,0.2,0.0,0.9995365363818941,0.9999999367871009,0.0
Bot-IoT,C&W,10,10,1024,3,58.153047299943864,2.0850749001838267,0.0,0.99997274114996,0.9999727381774562,1.0,0.9999863689029239,0.894414999059142,0.2,0.0,0.999543806399433,0.9999999377809334,0.0,0.99997274114996,0.9999727381774562,1.0,0.9999863689029239,0.894414999059142,0.2,0.0,0.999543806399433,0.9999999377809334,0.0
Bot-IoT,C&W,10,10,2048,2,50.30308280000463,2.022341099800542,0.0,0.99997274114996,0.9999727381774562,1.0,0.9999863689029239,0.894414999059142,0.2,0.0,0.999543806399433,0.9999999377809334,0.0,0.99997274114996,0.9999727381774562,1.0,0.9999863689029239,0.894414999059142,0.2,0.0,0.999543806399433,0.9999999377809334,0.0
Bot-IoT,C&W,10,10,2048,3,50.76580539997667,2.11375719984062,0.0,0.99997274114996,0.9999727381774562,1.0,0.9999863689029239,0.894414999059142,0.2,0.0,0.999543806399433,0.9999999377809334,0.0,0.99997274114996,0.9999727381774562,1.0,0.9999863689029239,0.894414999059142,0.2,0.0,0.999543806399433,0.9999999377809334,0.0
Bot-IoT,C&W,10,15,1024,2,40.237823999952525,1.4806444998830557,0.0,0.99997274114996,0.9999727381774562,1.0,0.9999863689029239,0.894414999059142,0.2,0.0,0.9999951533216408,0.9999999993393468,0.0,0.99997274114996,0.9999727381774562,1.0,0.9999863689029239,0.894414999059142,0.2,0.0,0.9999951533216408,0.9999999993393468,0.0
Bot-IoT,C&W,10,15,1024,3,40.09489469998516,1.4363668002188206,0.0,0.99997274114996,0.9999727381774562,1.0,0.9999863689029239,0.894414999059142,0.2,0.0,0.9999921241476663,0.9999999989264087,0.0,0.99997274114996,0.9999727381774562,1.0,0.9999863689029239,0.894414999059142,0.2,0.0,0.9999921241476663,0.9999999989264087,0.0
Bot-IoT,C&W,10,15,2048,2,45.00634970003739,1.4261703002266586,0.0,0.99997274114996,0.9999727381774562,1.0,0.9999863689029239,0.894414999059142,0.2,0.0,0.9999957591564356,0.9999999994219294,0.0,0.99997274114996,0.9999727381774562,1.0,0.9999863689029239,0.894414999059142,0.2,0.0,0.9999957591564356,0.9999999994219294,0.0
Bot-IoT,C&W,10,15,2048,3,40.79894129978493,1.4801525995135307,0.0,0.99997274114996,0.9999727381774562,1.0,0.9999863689029239,0.894414999059142,0.2,0.0,0.9999957591564356,0.9999999994219294,0.0,0.99997274114996,0.9999727381774562,1.0,0.9999863689029239,0.894414999059142,0.2,0.0,0.9999957591564356,0.9999999994219294,0.0
Bot-IoT,C&W,10,20,1024,2,34.14558430016041,1.2536704000085592,0.0,0.99997274114996,0.9999727381774562,1.0,0.9999863689029239,0.894414999059142,0.2,0.0,0.9999691024254596,0.9999999957875169,0.0,0.99997274114996,0.9999727381774562,1.0,0.9999863689029239,0.894414999059142,0.2,0.0,0.9999691024254596,0.9999999957875169,0.0
Bot-IoT,C&W,10,20,1024,3,34.72059140005149,1.286911099916324,0.0,0.99997274114996,0.9999727381774562,1.0,0.9999863689029239,0.894414999059142,0.2,0.0,0.9999957591564356,0.9999999994219295,0.0,0.99997274114996,0.9999727381774562,1.0,0.9999863689029239,0.894414999059142,0.2,0.0,0.9999957591564356,0.9999999994219295,0.0
Bot-IoT,C&W,10,20,2048,2,36.230334199965,1.3997394999023527,0.0,0.99997274114996,0.9999727381774562,1.0,0.9999863689029239,0.894414999059142,0.2,0.0,0.9999963649912306,0.9999999995045072,0.0,0.99997274114996,0.9999727381774562,1.0,0.9999863689029239,0.894414999059142,0.2,0.0,0.9999963649912306,0.9999999995045072,0.0
Bot-IoT,C&W,10,20,2048,3,34.83642020006664,1.1461607997771353,0.0,0.99997274114996,0.9999727381774562,1.0,0.9999863689029239,0.894414999059142,0.2,0.0,0.9999963649912306,0.9999999995045074,0.0,0.99997274114996,0.9999727381774562,1.0,0.9999863689029239,0.894414999059142,0.2,0.0,0.9999963649912306,0.9999999995045074,0.0
