Dataset,Attack,Resolution,AddressSize,BloomSize,Hash,TrainTime_s,InferTime_Adv_s,Acc_Drop_pp,Clean_Acc,Clean_Precision,Clean_Recall,Clean_F1,Clean_MCC,Clean_FAR,Clean_ASR,Clean_AUC,Clean_PR_AUC,Clean_Miss_Attack,Adv_Acc,Adv_Precision,Adv_Recall,Adv_F1,Adv_MCC,Adv_FAR,Adv_ASR,Adv_AUC,Adv_PR_AUC,Adv_Miss_Attack
UNSW-NB15,FGSM,1,5,1024,2,5.216686010360718,20.471710920333862,0.0,0.44939999028324346,0.0,0.0,0.0,0.0,0.0,1.0,0.5004459459459459,0.7754103938079442,1.0,0.44939999028324346,0.0,0.0,0.0,0.0,0.0,1.0,0.4978602311832701,0.7738076786204384,1.0
UNSW-NB15,RANDOM_LINF,1,5,1024,2,5.216686010360718,17.226836681365967,0.0,0.44939999028324346,0.0,0.0,0.0,0.0,0.0,1.0,0.5004459459459459,0.7754103938079442,1.0,0.44939999028324346,0.0,0.0,0.0,0.0,0.0,1.0,0.5051954075755805,0.7307455265441947,1.0
UNSW-NB15,RANDOM_L2,1,5,1024,2,5.216686010360718,17.411683082580566,0.0,0.44939999028324346,0.0,0.0,0.0,0.0,0.0,1.0,0.5004459459459459,0.7754103938079442,1.0,0.44939999028324346,0.0,0.0,0.0,0.0,0.0,1.0,0.504405478142044,0.7307230507304397,1.0
UNSW-NB15,FGSM,1,5,1024,3,5.419609308242798,14.718224048614502,9.023223048146528,0.4502137686440266,1.0,0.001477984646607253,0.0029516068635873035,0.02578269269773076,0.0,0.9985220153533928,0.5598243243243244,0.7909440985816059,0.9985220153533928,0.35998153816256134,0.20199158031088082,0.05503838348186711,0.0865057901671174,-0.2944319395955435,0.2664054054054054,0.9449616165181329,0.4973232583152287,0.7081209052630543,0.9449616165181329
UNSW-NB15,RANDOM_LINF,1,5,1024,3,5.419609308242798,13.772581338882446,-2.0125831997279295,0.4502137686440266,1.0,0.001477984646607253,0.0029516068635873035,0.02578269269773076,0.0,0.9985220153533928,0.5598243243243244,0.7909440985816059,0.9985220153533928,0.4703396006413059,0.612532637075718,0.10350304420718257,0.17708333333333334,0.03987680556545051,0.08021621621621622,0.8964969557928174,0.4946113654574896,0.6990734163501089,0.8964969557928174
UNSW-NB15,RANDOM_L2,1,5,1024,3,5.419609308242798,13.75670862197876,-2.006510226886266,0.4502137686440266,1.0,0.001477984646607253,0.0029516068635873035,0.02578269269773076,0.0,0.9985220153533928,0.5598243243243244,0.7909440985816059,0.9985220153533928,0.4702788709128893,0.6142192691029901,0.10195888114356305,0.17488695915394367,0.04056356392334966,0.07845945945945947,0.898041118856437,0.494423667965592,0.6997853203248621,0.898041118856437
UNSW-NB15,FGSM,1,5,2048,2,5.577337741851807,20.54444980621338,0.0,0.44939999028324346,0.0,0.0,0.0,0.0,0.0,1.0,0.5,0.7753000048583782,1.0,0.44939999028324346,0.0,0.0,0.0,0.0,0.0,1.0,0.5,0.7753000048583782,1.0
UNSW-NB15,RANDOM_LINF,1,5,2048,2,5.577337741851807,20.75272297859192,0.0,0.44939999028324346,0.0,0.0,0.0,0.0,0.0,1.0,0.5,0.7753000048583782,1.0,0.44939999028324346,0.0,0.0,0.0,0.0,0.0,1.0,0.5,0.7753000048583782,1.0
UNSW-NB15,RANDOM_L2,1,5,2048,2,5.577337741851807,20.956795930862427,0.0,0.44939999028324346,0.0,0.0,0.0,0.0,0.0,1.0,0.5,0.7753000048583782,1.0,0.44939999028324346,0.0,0.0,0.0,0.0,0.0,1.0,0.5,0.7753000048583782,1.0
UNSW-NB15,FGSM,1,5,2048,3,5.470932960510254,20.578397512435913,0.0,0.44939999028324346,0.0,0.0,0.0,0.0,0.0,1.0,0.5,0.7753000048583782,1.0,0.44939999028324346,0.0,0.0,0.0,0.0,0.0,1.0,0.5,0.7753000048583782,1.0
UNSW-NB15,RANDOM_LINF,1,5,2048,3,5.470932960510254,21.019135236740112,0.0,0.44939999028324346,0.0,0.0,0.0,0.0,0.0,1.0,0.5,0.7753000048583782,1.0,0.44939999028324346,0.0,0.0,0.0,0.0,0.0,1.0,0.5,0.7753000048583782,1.0
UNSW-NB15,RANDOM_L2,1,5,2048,3,5.470932960510254,20.8164381980896,0.0,0.44939999028324346,0.0,0.0,0.0,0.0,0.0,1.0,0.5,0.7753000048583782,1.0,0.44939999028324346,0.0,0.0,0.0,0.0,0.0,1.0,0.5,0.7753000048583782,1.0
UNSW-NB15,FGSM,1,10,1024,2,3.452151298522949,9.861732006072998,1.8024583394063043,0.4670723412524899,0.8888295029396045,0.03668490249713227,0.07046162320191514,0.10368621449666558,0.005621621621621622,0.9633150975028677,0.5,0.7753000048583782,0.9633150975028677,0.4490477578584269,0.19148936170212766,0.0001985352510367952,0.00039665924766962694,-0.01725369982900858,0.0010270270270270271,0.9998014647489633,0.5,0.7753000048583782,0.9998014647489633
UNSW-NB15,RANDOM_LINF,1,10,1024,2,3.452151298522949,10.513383865356445,1.0797745712481155,0.4670723412524899,0.8888295029396045,0.03668490249713227,0.07046162320191514,0.10368621449666558,0.005621621621621622,0.9633150975028677,0.5,0.7753000048583782,0.9633150975028677,0.45627459554000876,0.5444828670229488,0.07641401217682874,0.13401942198320888,-0.003558686606558383,0.07832432432432432,0.9235859878231713,0.5,0.7753000048583782,0.9235859878231713
UNSW-NB15,RANDOM_L2,1,10,1024,2,3.452151298522949,10.39474368095398,0.9206626827964803,0.4670723412524899,0.8888295029396045,0.03668490249713227,0.07046162320191514,0.10368621449666558,0.005621621621621622,0.9633150975028677,0.5,0.7753000048583782,0.9633150975028677,0.4578657144245251,0.55236664162284,0.08109062031236212,0.14141997037720969,0.0010531821971045351,0.08051351351351352,0.9189093796876379,0.5,0.7753000048583782,0.9189093796876379
UNSW-NB15,FGSM,1,10,1024,3,3.4897754192352295,8.142128705978394,16.043579653111795,0.6711242287324491,0.9981444086667031,0.40344568957910526,0.5746288586913832,0.4813702644200801,0.0009189189189189189,0.5965543104208947,0.5004459459459459,0.7754103938079442,0.5965543104208947,0.5106884322013312,0.5663249211356467,0.47522721256507544,0.5167922084152953,0.029296192421432526,0.4458648648648649,0.5247727874349245,0.4978602311832701,0.7738076786204384,0.5247727874349245
UNSW-NB15,RANDOM_LINF,1,10,1024,3,3.4897754192352295,7.311223030090332,16.251275324296756,0.6711242287324491,0.9981444086667031,0.40344568957910526,0.5746288586913832,0.4813702644200801,0.0009189189189189189,0.5965543104208947,0.5004459459459459,0.7754103938079442,0.5965543104208947,0.5086114754894816,0.6058172346429347,0.30783993646871965,0.4082378925504995,0.06918591469612403,0.2454054054054054,0.6921600635312803,0.5051954075755805,0.7307455265441947,0.6921600635312803
UNSW-NB15,RANDOM_L2,1,10,1024,3,3.4897754192352295,7.663243770599365,16.29135694505175,0.6711242287324491,0.9981444086667031,0.40344568957910526,0.5746288586913832,0.4813702644200801,0.0009189189189189189,0.5965543104208947,0.5004459459459459,0.7754103938079442,0.5965543104208947,0.5082106592819317,0.6057297580574723,0.30596488132003885,0.4065660266744834,0.06879116569877473,0.244,0.6940351186799611,0.504405478142044,0.7307230507304397,0.6940351186799611
UNSW-NB15,FGSM,1,10,2048,2,3.5003647804260254,7.099781274795532,0.0,0.44939999028324346,0.0,0.0,0.0,0.0,0.0,1.0,0.5438588026833857,0.7865836805629418,1.0,0.44939999028324346,0.0,0.0,0.0,0.0,0.0,1.0,0.588788742693545,0.7103223894465746,1.0
UNSW-NB15,RANDOM_LINF,1,10,2048,2,3.5003647804260254,8.918648719787598,0.0,0.44939999028324346,0.0,0.0,0.0,0.0,0.0,1.0,0.5438588026833857,0.7865836805629418,1.0,0.44939999028324346,0.0,0.0,0.0,0.0,0.0,1.0,0.5259564936528339,0.7259993902482335,1.0
UNSW-NB15,RANDOM_L2,1,10,2048,2,3.5003647804260254,8.882080554962158,0.0,0.44939999028324346,0.0,0.0,0.0,0.0,0.0,1.0,0.5438588026833857,0.7865836805629418,1.0,0.44939999028324346,0.0,0.0,0.0,0.0,0.0,1.0,0.5293227521397689,0.7286162944428805,1.0
UNSW-NB15,FGSM,1,10,2048,3,3.453153371810913,5.5453715324401855,6.479862022057037,0.4511854442986931,0.9932885906040269,0.00326480190593841,0.006508212220487676,0.03789359609604884,2.7027027027027027e-05,0.9967351980940616,0.6042376270208265,0.803765591452414,0.9967351980940616,0.38638682407812275,0.3941656466748266,0.21311656225183093,0.2766530168093697,-0.2047493927635416,0.4013243243243243,0.786883437748169,0.44083020317370225,0.5308545978579787,0.786883437748169
UNSW-NB15,RANDOM_LINF,1,10,2048,3,3.453153371810913,7.1508629322052,-3.736092892192583,0.4511854442986931,0.9932885906040269,0.00326480190593841,0.006508212220487676,0.03789359609604884,2.7027027027027027e-05,0.9967351980940616,0.6042376270208265,0.803765591452414,0.9967351980940616,0.48854637322061895,0.5958142576847613,0.22105797229330273,0.322472687486927,0.04605502439783769,0.18372972972972973,0.7789420277066973,0.542003796315949,0.5865587128616626,0.7789420277066973
UNSW-NB15,RANDOM_L2,1,10,2048,3,3.453153371810913,7.204865455627441,-3.672933974639264,0.4511854442986931,0.9932885906040269,0.00326480190593841,0.006508212220487676,0.03789359609604884,2.7027027027027027e-05,0.9967351980940616,0.6042376270208265,0.803765591452414,0.9967351980940616,0.48791478404508576,0.5944818544782791,0.22006529603811878,0.3212210004346916,0.04463437912632324,0.18391891891891893,0.7799347039618812,0.5442102869877732,0.5877744500434178,0.7799347039618812
UNSW-NB15,FGSM,1,15,1024,2,2.8068385124206543,6.2563300132751465,0.03157945877665935,0.44971578487101005,0.9333333333333333,0.0006176652254478073,0.0012345134694237469,0.014689840250188541,5.4054054054054054e-05,0.9993823347745522,0.6032777868864188,0.8034571077442275,0.9993823347745522,0.44939999028324346,0.0,0.0,0.0,0.0,0.0,1.0,0.26740239577793623,0.5601151693416584,1.0
UNSW-NB15,RANDOM_LINF,1,15,1024,2,2.8068385124206543,5.218653202056885,-1.1441480833697726,0.44971578487101005,0.9333333333333333,0.0006176652254478073,0.0012345134694237469,0.014689840250188541,5.4054054054054054e-05,0.9993823347745522,0.6032777868864188,0.8034571077442275,0.9993823347745522,0.4611572657047078,0.6532615579480684,0.04550869143210094,0.08508970921839555,0.04121809750672691,0.029594594594594594,0.9544913085678991,0.5491593573300646,0.7239420245427687,0.9544913085678991
UNSW-NB15,RANDOM_L2,1,15,1024,2,2.8068385124206543,5.252562522888184,-1.2498178108147517,0.44971578487101005,0.9333333333333333,0.0006176652254478073,0.0012345134694237469,0.014689840250188541,5.4054054054054054e-05,0.9993823347745522,0.6032777868864188,0.8034571077442275,0.9993823347745522,0.46221396297915757,0.663161150634086,0.0472955086914321,0.08829403891691548,0.04574790446884542,0.02943243243243243,0.9527044913085679,0.5553537767009045,0.7274806381165453,0.9527044913085679
UNSW-NB15,FGSM,1,15,1024,3,2.794062376022339,4.7865517139434814,-9.768984113103041,0.44967934703396006,0.7674418604651163,0.0007279625871349157,0.0014545454545454545,0.00996487382570202,0.0002702702702702703,0.9992720374128651,0.5598243243243244,0.7909440985816059,0.9992720374128651,0.5473691881649905,0.7913175382837331,0.24166151945645462,0.3702514532918751,0.21756880804768122,0.07808108108108108,0.7583384805435454,0.5842845051881493,0.7327099436556973,0.7583384805435454
UNSW-NB15,RANDOM_LINF,1,15,1024,3,2.794062376022339,4.3617284297943115,-0.10324053830831348,0.44967934703396006,0.7674418604651163,0.0007279625871349157,0.0014545454545454545,0.00996487382570202,0.0002702702702702703,0.9992720374128651,0.5598243243243244,0.7909440985816059,0.9992720374128651,0.4507117524170432,0.5078717201166181,0.07685520162357716,0.13350705088902515,-0.025897032403152435,0.09124324324324325,0.9231447983764228,0.46244912161565965,0.6490407158899363,0.9231447983764228
UNSW-NB15,RANDOM_L2,1,15,1024,3,2.794062376022339,4.452513933181763,-0.3510178302482625,0.44967934703396006,0.7674418604651163,0.0007279625871349157,0.0014545454545454545,0.00996487382570202,0.0002702702702702703,0.9992720374128651,0.5598243243243244,0.7909440985816059,0.9992720374128651,0.4531895253364427,0.521733073279465,0.08261272390364423,0.1426394972386212,-0.01793460169580118,0.09278378378378378,0.9173872760963557,0.46219898001769527,0.6503032200522848,0.9173872760963557
UNSW-NB15,FGSM,1,15,2048,2,2.8849387168884277,2.6280035972595215,20.80114657727251,0.6716222125054657,0.992675570874623,0.4066001941233566,0.5769014084507043,0.4795751345831677,0.0036756756756756758,0.5933998058766434,0.5008243243243243,0.775504126605973,0.5933998058766434,0.4636107467327406,0.5395644528608143,0.17599047030795023,0.26541135766326224,-0.010379708306172932,0.184,0.8240095296920498,0.4239340600637697,0.6011787411321454,0.8240095296920498
UNSW-NB15,RANDOM_LINF,1,15,2048,2,2.8849387168884277,2.982879400253296,16.897439634649956,0.6716222125054657,0.992675570874623,0.4066001941233566,0.5769014084507043,0.4795751345831677,0.0036756756756756758,0.5933998058766434,0.5008243243243243,0.775504126605973,0.5933998058766434,0.5026478161589661,0.5933480964142748,0.3073546280772964,0.4049466678292208,0.05428456388007574,0.2580810810810811,0.6926453719227036,0.46709939640514064,0.6798939747242645,0.6926453719227036
UNSW-NB15,RANDOM_L2,1,15,2048,2,2.8849387168884277,2.921550750732422,16.972744497886605,0.6716222125054657,0.992675570874623,0.4066001941233566,0.5769014084507043,0.4795751345831677,0.0036756756756756758,0.5933998058766434,0.5008243243243243,0.775504126605973,0.5933998058766434,0.5018947675265997,0.5921063847924303,0.3064501897114621,0.40387243073523854,0.05267634906568553,0.25864864864864867,0.6935498102885379,0.469380811776658,0.6812001944446446,0.6935498102885379
UNSW-NB15,FGSM,1,15,2048,3,2.8404312133789062,8.102916240692139,0.0,0.44939999028324346,0.0,0.0,0.0,0.0,0.0,1.0,0.5335885324131155,0.7838555722144964,1.0,0.44939999028324346,0.0,0.0,0.0,0.0,0.0,1.0,0.47683465769660954,0.7519544970130165,1.0
UNSW-NB15,RANDOM_LINF,1,15,2048,3,2.8404312133789062,6.609292030334473,0.0,0.44939999028324346,0.0,0.0,0.0,0.0,0.0,1.0,0.5335885324131155,0.7838555722144964,1.0,0.44939999028324346,0.0,0.0,0.0,0.0,0.0,1.0,0.49732623425728734,0.7195922545423976,1.0
UNSW-NB15,RANDOM_L2,1,15,2048,3,2.8404312133789062,6.84077000617981,0.0,0.44939999028324346,0.0,0.0,0.0,0.0,0.0,1.0,0.5335885324131155,0.7838555722144964,1.0,0.44939999028324346,0.0,0.0,0.0,0.0,0.0,1.0,0.49790530285866913,0.7201772719153354,1.0
UNSW-NB15,FGSM,1,20,1024,2,2.611895799636841,4.111728191375732,-3.9231404557158847,0.45026235242675994,0.9080459770114943,0.0017426983146563134,0.003478720359320989,0.023371179923585516,0.00021621621621621621,0.9982573016853437,0.5447766651324403,0.7868065909703933,0.9982573016853437,0.4894937569839188,0.5418706715035896,0.4711903291273273,0.5040648487923446,-0.016819188837030017,0.48808108108108106,0.5288096708726727,0.46998070928954194,0.6681974652084323,0.5288096708726727
UNSW-NB15,RANDOM_LINF,1,20,1024,2,2.611895799636841,4.240116834640503,-3.9972307243842042,0.45026235242675994,0.9080459770114943,0.0017426983146563134,0.003478720359320989,0.023371179923585516,0.00021621621621621621,0.9982573016853437,0.5447766651324403,0.7868065909703933,0.9982573016853437,0.490234659670602,0.5909927465627368,0.24084531897997,0.3422248691345641,0.04367585915795311,0.20421621621621622,0.75915468102003,0.5275680305183857,0.5142384812504754,0.75915468102003
UNSW-NB15,RANDOM_L2,1,20,1024,2,2.611895799636841,4.461108207702637,-3.966865860175872,0.45026235242675994,0.9080459770114943,0.0017426983146563134,0.003478720359320989,0.023371179923585516,0.00021621621621621621,0.9982573016853437,0.5447766651324403,0.7868065909703933,0.9982573016853437,0.48993101102851866,0.5913595794776324,0.23824230124415424,0.3396493435018476,0.0437478829280982,0.2017027027027027,0.7617576987558458,0.5284934751658038,0.5211225805473723,0.7617576987558458
UNSW-NB15,FGSM,1,20,1024,3,2.463245391845703,2.817641019821167,16.816061798571646,0.6758732934946315,0.9872987664645619,0.4166813729815583,0.5860325142715314,0.48302428439262535,0.0065675675675675674,0.5833186270184417,0.5375691546571719,0.7849190028294035,0.5833186270184417,0.5077126755089151,0.7590374446962339,0.15516632842142417,0.25766039671056246,0.14922994214387458,0.06035135135135135,0.8448336715785758,0.42030348319068206,0.5602369482484068,0.8448336715785758
UNSW-NB15,RANDOM_LINF,1,20,1024,3,2.463245391845703,3.331674098968506,11.57508623621436,0.6758732934946315,0.9872987664645619,0.4166813729815583,0.5860325142715314,0.48302428439262535,0.0065675675675675674,0.5833186270184417,0.5375691546571719,0.7849190028294035,0.5833186270184417,0.5601224311324879,0.6986576011157601,0.3536133415688697,0.4695647079500849,0.18500406044995976,0.18686486486486487,0.6463866584311303,0.5640898884744623,0.6376568469946973,0.6463866584311303
UNSW-NB15,RANDOM_L2,1,20,1024,3,2.463245391845703,3.2893075942993164,11.701404071320997,0.6758732934946315,0.9872987664645619,0.4166813729815583,0.5860325142715314,0.48302428439262535,0.0065675675675675674,0.5833186270184417,0.5375691546571719,0.7849190028294035,0.5833186270184417,0.5588592527814216,0.6963227605437434,0.35255448689667346,0.46810380176908206,0.18213059029282405,0.18837837837837837,0.6474455131033265,0.5667529681914334,0.6399758056583823,0.6474455131033265
UNSW-NB15,FGSM,1,20,2048,2,2.475111722946167,4.145267486572266,-16.522129913035027,0.4521814118447262,0.9872340425531915,0.005117797582281832,0.010182807733666909,0.046962719066427905,8.108108108108108e-05,0.9948822024177182,0.5114478740630686,0.7782250986447163,0.9948822024177182,0.6174027109750765,0.6523683630755673,0.6532030353833936,0.6527854324199202,0.22677647493610884,0.42645945945945946,0.34679696461660636,0.5505789210413978,0.3895524285861958,0.34679696461660636
UNSW-NB15,RANDOM_LINF,1,20,2048,2,2.475111722946167,4.769898891448975,-4.811009085167378,0.4521814118447262,0.9872340425531915,0.005117797582281832,0.010182807733666909,0.046962719066427905,8.108108108108108e-05,0.9948822024177182,0.5114478740630686,0.7782250986447163,0.9948822024177182,0.5002915026964,0.6001625549818321,0.27691255625165445,0.37896993116773336,0.058145688503783405,0.22602702702702704,0.7230874437483455,0.5189536262195311,0.5968674278728868,0.7230874437483455
UNSW-NB15,RANDOM_L2,1,20,2048,2,2.475111722946167,4.785192489624023,-4.333673419812467,0.4521814118447262,0.9872340425531915,0.005117797582281832,0.010182807733666909,0.046962719066427905,8.108108108108108e-05,0.9948822024177182,0.5114478740630686,0.7782250986447163,0.9948822024177182,0.4955181460428509,0.5906941193331104,0.2727653754522192,0.37319852108956464,0.04706315354783389,0.23156756756756758,0.7272346245477809,0.5159457551613205,0.5840466683975464,0.7272346245477809
UNSW-NB15,FGSM,1,20,2048,3,2.5626320838928223,4.1908063888549805,25.51620269154156,0.6767235096924646,0.9874466090217731,0.41818141710050294,0.5875406787540679,0.4842734538650622,0.006513513513513513,0.5818185828994971,0.6028596603198981,0.8033313927412089,0.5818185828994971,0.421561482777049,0.33381670533642693,0.05078090532074473,0.08815194914605193,-0.13176513024265038,0.12416216216216217,0.9492190946792552,0.593049968878258,0.7602639821171018,0.9492190946792552
UNSW-NB15,RANDOM_LINF,1,20,2048,3,2.5626320838928223,2.6404192447662354,19.191808774231163,0.6767235096924646,0.9874466090217731,0.41818141710050294,0.5875406787540679,0.4842734538650622,0.006513513513513513,0.5818185828994971,0.6028596603198981,0.8033313927412089,0.5818185828994971,0.484805421950153,0.5886826893824155,0.21342539486455483,0.31327407839137406,0.03823357386660229,0.1827027027027027,0.7865746051354452,0.474838950946888,0.6362805285277705,0.7865746051354452
UNSW-NB15,RANDOM_L2,1,20,2048,3,2.5626320838928223,2.7039966583251953,18.528640139921293,0.6767235096924646,0.9874466090217731,0.41818141710050294,0.5875406787540679,0.4842734538650622,0.006513513513513513,0.5818185828994971,0.6028596603198981,0.8033313927412089,0.5818185828994971,0.4914371082932517,0.6034183947887408,0.2227344921909468,0.3253685652138887,0.053627651419954854,0.17935135135135136,0.7772655078090532,0.47900306477615,0.6396612740458991,0.7772655078090532
UNSW-NB15,FGSM,2,5,1024,2,9.128726243972778,25.28420114517212,2.458339406306176,0.4511854442986931,0.9932885906040269,0.00326480190593841,0.006508212220487676,0.03789359609604884,2.7027027027027027e-05,0.9967351980940616,0.5,0.7753000048583782,0.9967351980940616,0.42660205023563136,0.2616205232410465,0.02272125650754434,0.041811280927155005,-0.13018798447193422,0.07856756756756757,0.9772787434924557,0.5,0.7753000048583782,0.9772787434924557
UNSW-NB15,RANDOM_LINF,2,5,1024,2,9.128726243972778,28.90630316734314,-3.1300102025943746,0.4511854442986931,0.9932885906040269,0.00326480190593841,0.006508212220487676,0.03789359609604884,2.7027027027027027e-05,0.9967351980940616,0.5,0.7753000048583782,0.9967351980940616,0.48248554632463686,0.6631137724550898,0.12214329833230389,0.2062888864051265,0.07598908515556616,0.07602702702702703,0.8778567016676961,0.5,0.7753000048583782,0.8778567016676961
UNSW-NB15,RANDOM_L2,2,5,1024,2,9.128726243972778,29.48097515106201,-2.993975610941063,0.4511854442986931,0.9932885906040269,0.00326480190593841,0.006508212220487676,0.03789359609604884,2.7027027027027027e-05,0.9967351980940616,0.5,0.7753000048583782,0.9967351980940616,0.48112520040810375,0.6572357332049121,0.120422659489985,0.20354972221186474,0.07180784692005272,0.07694594594594595,0.879577340510015,0.5,0.7753000048583782,0.879577340510015
UNSW-NB15,FGSM,2,5,1024,3,9.394116640090942,40.18675637245178,0.0,0.44939999028324346,0.0,0.0,0.0,0.0,0.0,1.0,0.5,0.7753000048583782,1.0,0.44939999028324346,0.0,0.0,0.0,0.0,0.0,1.0,0.5,0.7753000048583782,1.0
UNSW-NB15,RANDOM_LINF,2,5,1024,3,9.394116640090942,39.86689209938049,0.0,0.44939999028324346,0.0,0.0,0.0,0.0,0.0,1.0,0.5,0.7753000048583782,1.0,0.44939999028324346,0.0,0.0,0.0,0.0,0.0,1.0,0.5,0.7753000048583782,1.0
UNSW-NB15,RANDOM_L2,2,5,1024,3,9.394116640090942,40.107948541641235,0.0,0.44939999028324346,0.0,0.0,0.0,0.0,0.0,1.0,0.5,0.7753000048583782,1.0,0.44939999028324346,0.0,0.0,0.0,0.0,0.0,1.0,0.5,0.7753000048583782,1.0
UNSW-NB15,FGSM,2,5,2048,2,9.221817255020142,40.09199500083923,0.0,0.44939999028324346,0.0,0.0,0.0,0.0,0.0,1.0,0.5,0.7753000048583782,1.0,0.44939999028324346,0.0,0.0,0.0,0.0,0.0,1.0,0.5,0.7753000048583782,1.0
UNSW-NB15,RANDOM_LINF,2,5,2048,2,9.221817255020142,39.7872257232666,0.0,0.44939999028324346,0.0,0.0,0.0,0.0,0.0,1.0,0.5,0.7753000048583782,1.0,0.44939999028324346,0.0,0.0,0.0,0.0,0.0,1.0,0.5,0.7753000048583782,1.0
UNSW-NB15,RANDOM_L2,2,5,2048,2,9.221817255020142,39.88669967651367,0.0,0.44939999028324346,0.0,0.0,0.0,0.0,0.0,1.0,0.5,0.7753000048583782,1.0,0.44939999028324346,0.0,0.0,0.0,0.0,0.0,1.0,0.5,0.7753000048583782,1.0
UNSW-NB15,FGSM,2,5,2048,3,9.367524862289429,35.48856830596924,14.686877520283726,0.4591653306126415,0.969626168224299,0.018309362040060003,0.03594007101411622,0.08634327776992116,0.0007027027027027027,0.98169063795994,0.5001985352510367,0.775389226598265,0.98169063795994,0.3122965554098042,0.0475388808722142,0.013081267096091061,0.020516901359720445,-0.42734725653782585,0.3211081081081081,0.986918732903909,0.3503980578125112,0.28844297483434356,0.986918732903909
UNSW-NB15,RANDOM_LINF,2,5,2048,3,9.367524862289429,25.169134855270386,-9.555215469076423,0.4591653306126415,0.969626168224299,0.018309362040060003,0.03594007101411622,0.08634327776992116,0.0007027027027027027,0.98169063795994,0.5001985352510367,0.775389226598265,0.98169063795994,0.5547174853034057,0.6256921694256806,0.4760875319862349,0.5407328531161917,0.12818417017462377,0.34894594594594597,0.5239124680137651,0.5633963938128547,0.6336677025800675,0.5239124680137651
UNSW-NB15,RANDOM_L2,2,5,2048,3,9.367524862289429,25.485073566436768,-9.816353301268038,0.4591653306126415,0.969626168224299,0.018309362040060003,0.03594007101411622,0.08634327776992116,0.0007027027027027027,0.98169063795994,0.5001985352510367,0.775389226598265,0.98169063795994,0.5573288636253219,0.6290444379901249,0.47776405188387894,0.5430656202201549,0.13369622766993816,0.34518918918918917,0.5222359481161211,0.5664779995516561,0.6362910803125376,0.5222359481161211
UNSW-NB15,FGSM,2,10,1024,2,5.450595140457153,9.925862073898315,2.1631929262012353,0.4596511684399747,0.9368530020703933,0.01996382246536663,0.03909456132014342,0.08460661119427891,0.0016486486486486486,0.9800361775346333,0.7368087396052189,0.8496022396333177,0.9800361775346333,0.43801923917796237,0.26703132769766286,0.011845936645195447,0.02268550788923389,-0.09020178042824177,0.039837837837837835,0.9881540633548046,0.24105071800601452,0.4004590294984285,0.9881540633548046
UNSW-NB15,RANDOM_LINF,2,10,1024,2,5.450595140457153,6.893388032913208,-6.755574989068652,0.4596511684399747,0.9368530020703933,0.01996382246536663,0.03909456132014342,0.08460661119427891,0.0016486486486486486,0.9800361775346333,0.7368087396052189,0.8496022396333177,0.9800361775346333,0.5272069183306612,0.6339158792541182,0.33446571957998766,0.4378916967509025,0.10717587853241926,0.23664864864864865,0.6655342804200124,0.5999840769362851,0.5754750903503076,0.6655342804200124
UNSW-NB15,RANDOM_L2,2,10,1024,2,5.450595140457153,6.931434631347656,-6.985133362483603,0.4596511684399747,0.9368530020703933,0.01996382246536663,0.03909456132014342,0.08460661119427891,0.0016486486486486486,0.9800361775346333,0.7368087396052189,0.8496022396333177,0.9800361775346333,0.5295025020648108,0.6378265412748171,0.33662754786905497,0.4406774766449601,0.11222961944802705,0.23418918918918918,0.663372452130945,0.6056164120089382,0.5847068617871508,0.663372452130945
UNSW-NB15,FGSM,2,10,1024,3,5.428501844406128,4.121556997299194,12.16902298012923,0.6789462177525142,0.998470222081553,0.4175416924027177,0.5888410147925772,0.49242870460660154,0.0007837837837837838,0.5824583075972822,0.6382617410051011,0.814270512148313,0.5824583075972822,0.5572559879512219,0.8141805830738749,0.25381628871437395,0.38699044800215254,0.24120615663411407,0.07097297297297298,0.746183711285626,0.5905785248651986,0.699826653225166,0.746183711285626
UNSW-NB15,RANDOM_LINF,2,10,1024,3,5.428501844406128,4.744356870651245,19.43472768789778,0.6789462177525142,0.998470222081553,0.4175416924027177,0.5888410147925772,0.49242870460660154,0.0007837837837837838,0.5824583075972822,0.6382617410051011,0.814270512148313,0.5824583075972822,0.4845989408735364,0.6465709083552499,0.14100414718079943,0.23151870766778948,0.07127020729772934,0.09443243243243243,0.8589958528192005,0.5484528380405465,0.6363036381803793,0.8589958528192005
UNSW-NB15,RANDOM_L2,2,10,1024,3,5.428501844406128,4.851215124130249,19.528251469659423,0.6789462177525142,0.998470222081553,0.4175416924027177,0.5888410147925772,0.49242870460660154,0.0007837837837837838,0.5824583075972822,0.6382617410051011,0.814270512148313,0.5824583075972822,0.48366370305591994,0.6424603575396425,0.14032030353833935,0.230333315228215,0.06827641955529729,0.09567567567567567,0.8596796964616606,0.5459442449817682,0.6358245774005181,0.8596796964616606
UNSW-NB15,FGSM,2,10,2048,2,5.400788068771362,19.81071400642395,-0.5477821503182212,0.45557013069037555,0.9980392156862745,0.01122827141974764,0.02220671000392653,0.07101489373511329,2.7027027027027027e-05,0.9887717285802523,0.6216248023590519,0.8090916461522769,0.9887717285802523,0.46104795219355776,0.8624338624338624,0.025169857936998146,0.048912228057014256,0.08011279988534054,0.004918918918918919,0.9748301420630019,0.5134514849602094,0.7678318307719453,0.9748301420630019
UNSW-NB15,RANDOM_LINF,2,10,2048,2,5.400788068771362,15.626723766326904,-7.662877131613466,0.45557013069037555,0.9980392156862745,0.01122827141974764,0.02220671000392653,0.07101489373511329,2.7027027027027027e-05,0.9887717285802523,0.6216248023590519,0.8090916461522769,0.9887717285802523,0.5321989020065102,0.707594859613862,0.25628694961616516,0.37628540428495083,0.15752104390571847,0.12975675675675677,0.7437130503838348,0.5621111901741148,0.5723800717547519,0.7437130503838348
UNSW-NB15,RANDOM_L2,2,10,2048,2,5.400788068771362,15.707091093063354,-7.751542535101786,0.45557013069037555,0.9980392156862745,0.01122827141974764,0.02220671000392653,0.07101489373511329,2.7027027027027027e-05,0.9887717285802523,0.6216248023590519,0.8090916461522769,0.9887717285802523,0.5330855560413934,0.709600876125578,0.25727962587134917,0.37763890687734747,0.15963693982110047,0.129,0.7427203741286509,0.566190372351969,0.5761602308354431,0.7427203741286509
UNSW-NB15,FGSM,2,10,2048,3,5.396047353744507,17.549768209457397,0.7141816061798589,0.44997084973036,0.6974789915966386,0.0018309362040060003,0.003652284878220501,0.011233840396231492,0.0009729729729729729,0.998169063795994,0.5549655800687302,0.5396188089356923,0.998169063795994,0.4428290336685614,0.39421196714900275,0.022235948116121063,0.04209735012215749,-0.0562860619966914,0.04186486486486486,0.9777640518838789,0.5427653990021964,0.3151407067147122,0.9777640518838789
UNSW-NB15,RANDOM_LINF,2,10,2048,3,5.396047353744507,13.71866488456726,-3.632852353884275,0.44997084973036,0.6974789915966386,0.0018309362040060003,0.003652284878220501,0.011233840396231492,0.0009729729729729729,0.998169063795994,0.5549655800687302,0.5396188089356923,0.998169063795994,0.48629937326920275,0.6812216654736339,0.12595958704667784,0.21260751386975463,0.08840672182016418,0.07221621621621621,0.8740404129533221,0.5938447990918652,0.6665111431940031,0.8740404129533221
UNSW-NB15,RANDOM_L2,2,10,2048,3,5.396047353744507,13.725577592849731,-3.6632172180926013,0.44997084973036,0.6974789915966386,0.0018309362040060003,0.003652284878220501,0.011233840396231492,0.0009729729729729729,0.998169063795994,0.5549655800687302,0.5396188089356923,0.998169063795994,0.486603021911286,0.68045245669848,0.12739345274861025,0.21460822386146156,0.08849771450740368,0.0732972972972973,0.8726065472513898,0.592527042230177,0.6667334703910778,0.8726065472513898
UNSW-NB15,FGSM,2,15,1024,2,4.170762062072754,9.870095491409302,0.47490647621823423,0.4601977359957246,0.751271905031091,0.029317038736433425,0.056431922889110635,0.05977891348664184,0.011891891891891892,0.9706829612635666,0.6658074023242337,0.8235645432700747,0.9706829612635666,0.45544867123354227,0.5313444108761329,0.09311303273625694,0.15845784218034387,-0.01265000127755307,0.10062162162162162,0.9068869672637431,0.48979637527097375,0.3373245057856181,0.9068869672637431
UNSW-NB15,RANDOM_LINF,2,15,1024,2,4.170762062072754,9.328162908554077,-4.334888014380805,0.4601977359957246,0.751271905031091,0.029317038736433425,0.056431922889110635,0.05977891348664184,0.011891891891891892,0.9706829612635666,0.6658074023242337,0.8235645432700747,0.9706829612635666,0.5035466161395327,0.6423008171603677,0.2219403511867996,0.3298904846219424,0.08935752820522336,0.15143243243243243,0.7780596488132003,0.5705916982454968,0.6935063341795751,0.7780596488132003
UNSW-NB15,RANDOM_L2,2,15,1024,2,4.170762062072754,9.12039041519165,-4.433270174415776,0.4601977359957246,0.751271905031091,0.029317038736433425,0.056431922889110635,0.05977891348664184,0.011891891891891892,0.9706829612635666,0.6658074023242337,0.8235645432700747,0.9706829612635666,0.5045304377398824,0.6455834242093784,0.22200652960381187,0.33039510185321974,0.09228251196371247,0.14932432432432433,0.7779934703961882,0.5698396136253611,0.6899342035530507,0.7779934703961882
UNSW-NB15,FGSM,2,15,1024,3,4.380641937255859,7.2345380783081055,20.352961181557593,0.4521449740076762,0.8054054054054054,0.006573722756551663,0.013041004770031946,0.03441664814809693,0.0019459459459459458,0.9934262772434483,0.5350639891634332,0.7842395483386396,0.9934262772434483,0.2486153621921003,0.1541487091510105,0.0812670960910615,0.10642631191229363,-0.5097015835364928,0.5463513513513514,0.9187329039089385,0.24616321803582455,0.539788808866254,0.9187329039089385
UNSW-NB15,RANDOM_LINF,2,15,1024,3,4.380641937255859,8.441636323928833,-1.5255307778263616,0.4521449740076762,0.8054054054054054,0.006573722756551663,0.013041004770031946,0.03441664814809693,0.0019459459459459458,0.9934262772434483,0.5350639891634332,0.7842395483386396,0.9934262772434483,0.46740028178593984,0.5721800116890707,0.129577340510015,0.2113025648404619,0.01637390493576843,0.11870270270270271,0.870422659489985,0.5319377875183928,0.7440620570075437,0.870422659489985
UNSW-NB15,RANDOM_L2,2,15,1024,3,4.380641937255859,8.40045976638794,-1.663994558616333,0.4521449740076762,0.8054054054054054,0.006573722756551663,0.013041004770031946,0.03441664814809693,0.0019459459459459458,0.9934262772434483,0.5350639891634332,0.7842395483386396,0.9934262772434483,0.46878491959383956,0.5767898383371824,0.1322244771905056,0.21513172062307084,0.020010704194096736,0.11886486486486486,0.8677755228094944,0.5318547857727135,0.7432777201292627,0.8677755228094944
UNSW-NB15,FGSM,2,15,2048,2,4.134258031845093,5.280388116836548,-23.242481659622023,0.4573555847058252,0.9303547963206308,0.015618106414894556,0.030720499858980756,0.07373828881419242,0.0014324324324324325,0.9843818935851054,0.6839607141664739,0.8299859157425,0.9843818935851054,0.6897804013020454,0.7014679235295316,0.7600370599135269,0.7295789261929718,0.3688170895066596,0.3962972972972973,0.23996294008647312,0.5738314623522314,0.6169059732184783,0.23996294008647312
UNSW-NB15,RANDOM_LINF,2,15,2048,2,4.134258031845093,4.484279632568359,-13.146771607637369,0.4573555847058252,0.9303547963206308,0.015618106414894556,0.030720499858980756,0.07373828881419242,0.0014324324324324325,0.9843818935851054,0.6839607141664739,0.8299859157425,0.9843818935851054,0.5888233007821989,0.6534830859740607,0.5390673255095738,0.5907865630326253,0.18867485970461734,0.35021621621621624,0.4609326744904262,0.6304478523016974,0.6657111274308009,0.4609326744904262
UNSW-NB15,RANDOM_L2,2,15,2048,2,4.134258031845093,4.569735527038574,-13.147986202205702,0.4573555847058252,0.9303547963206308,0.015618106414894556,0.030720499858980756,0.07373828881419242,0.0014324324324324325,0.9843818935851054,0.6839607141664739,0.8299859157425,0.9843818935851054,0.5888354467278822,0.6535498368198598,0.5389349686755492,0.5907343375970211,0.18873715463491855,0.35002702702702704,0.4610650313244507,0.6262169796528196,0.6624230570618838,0.4610650313244507
UNSW-NB15,FGSM,2,15,2048,3,4.26995587348938,7.29398775100708,18.301510955643007,0.6837195744060632,0.9820589705147427,0.4334906909026736,0.6014814361360228,0.4914821050475072,0.009702702702702702,0.5665093090973264,0.6886337054428469,0.7388273872120247,0.5665093090973264,0.5007044648496332,0.5473139477575161,0.5389349686755492,0.5430921418250528,-0.007188815902844976,0.5461351351351351,0.4610650313244507,0.5558903873762584,0.34845478222312376,0.4610650313244507
UNSW-NB15,RANDOM_LINF,2,15,2048,3,4.26995587348938,4.262210130691528,9.336588446776462,0.6837195744060632,0.9820589705147427,0.4334906909026736,0.6014814361360228,0.4914821050475072,0.009702702702702702,0.5665093090973264,0.6886337054428469,0.7388273872120247,0.5665093090973264,0.5903536899382986,0.675466448940095,0.49274243360098824,0.5698141605336666,0.20566538065520634,0.29005405405405404,0.5072575663990118,0.6079573563570628,0.6095110335759166,0.5072575663990118
UNSW-NB15,RANDOM_L2,2,15,2048,3,4.26995587348938,4.165273189544678,9.257639799834816,0.6837195744060632,0.9820589705147427,0.4334906909026736,0.6014814361360228,0.4914821050475072,0.009702702702702702,0.5665093090973264,0.6886337054428469,0.7388273872120247,0.5665093090973264,0.5911431764077151,0.6762413918086263,0.4938895261625342,0.5708567057623661,0.2071457801967828,0.2897027027027027,0.5061104738374658,0.607527188597757,0.6094007342035725,0.5061104738374658
UNSW-NB15,FGSM,2,20,1024,2,3.6142570972442627,2.1099705696105957,30.463246368362242,0.518133896905213,0.9676086597256652,0.129158210535604,0.22789638596422943,0.23611077923973564,0.005297297297297297,0.870841789464396,0.753503715232483,0.765606319469694,0.870841789464396,0.21350143322159063,0.01156825269087617,0.005073678637606989,0.007053700125739872,-0.6114254741940452,0.5311351351351351,0.994926321362393,0.22466281053178827,0.38590485503557814,0.994926321362393
UNSW-NB15,RANDOM_LINF,2,20,1024,2,3.6142570972442627,3.156585454940796,-1.083418354953114,0.518133896905213,0.9676086597256652,0.129158210535604,0.22789638596422943,0.23611077923973564,0.005297297297297297,0.870841789464396,0.753503715232483,0.765606319469694,0.870841789464396,0.5289680804547442,0.624255529001176,0.3630106767846113,0.45906852830820305,0.10161786507809031,0.2677027027027027,0.6369893232153887,0.577364822236425,0.5876178726365076,0.6369893232153887
UNSW-NB15,RANDOM_L2,2,20,1024,2,3.6142570972442627,3.118518829345703,-1.0773453821114498,0.518133896905213,0.9676086597256652,0.129158210535604,0.22789638596422943,0.23611077923973564,0.005297297297297297,0.870841789464396,0.753503715232483,0.765606319469694,0.870841789464396,0.5289073507263276,0.6253446691176471,0.36020912379775877,0.4571132635350764,0.10240476809687533,0.2644054054054054,0.6397908762022413,0.5744672497323053,0.5895422840680767,0.6397908762022413
UNSW-NB15,FGSM,2,20,1024,3,3.6151607036590576,4.903622388839722,9.95967546033134,0.4710805033279891,0.8055460458747005,0.05190593840995324,0.09752761486332456,0.09829673062506865,0.015351351351351352,0.9480940615900467,0.6451851567772662,0.795876967206656,0.9480940615900467,0.3714837487246757,0.3442734378793028,0.1564237183446572,0.2151101942999287,-0.23958343313339414,0.36502702702702705,0.8435762816553428,0.32972999235669104,0.4565267223598926,0.8435762816553428
UNSW-NB15,RANDOM_LINF,2,20,1024,3,3.6151607036590576,3.7477128505706787,-5.850702035660493,0.4710805033279891,0.8055460458747005,0.05190593840995324,0.09752761486332456,0.09829673062506865,0.015351351351351352,0.9480940615900467,0.6451851567772662,0.795876967206656,0.9480940615900467,0.529587523684594,0.6211020617800279,0.3734668666725492,0.46645543463286954,0.09971047949096863,0.27913513513513516,0.6265331333274508,0.5422172193260058,0.6159119533413625,0.6265331333274508
UNSW-NB15,RANDOM_L2,2,20,1024,3,3.6151607036590576,3.743638753890991,-5.438954476995583,0.4710805033279891,0.8055460458747005,0.05190593840995324,0.09752761486332456,0.09829673062506865,0.015351351351351352,0.9480940615900467,0.6451851567772662,0.795876967206656,0.9480940615900467,0.525470048097945,0.6146104014932474,0.3704447189623224,0.462266877709724,0.09069078574431731,0.2845945945945946,0.6295552810376775,0.5403348833590494,0.6123396157994078,0.6295552810376775
UNSW-NB15,FGSM,2,20,2048,2,3.5796241760253906,4.460962533950806,29.15634261283583,0.6865131419132293,0.9767975771785854,0.4411232683314215,0.6077746033675765,0.49289170405638405,0.012837837837837839,0.5588767316685785,0.7635015641358291,0.8784872726291013,0.5588767316685785,0.39494971578487104,0.43087124132613724,0.30819288802611844,0.3593502835757552,-0.19400956349611598,0.49875675675675674,0.6918071119738816,0.3327005906572769,0.43611009056442795,0.6918071119738816
UNSW-NB15,RANDOM_LINF,2,20,2048,2,3.5796241760253906,3.0990896224975586,10.57061652820288,0.6865131419132293,0.9767975771785854,0.4411232683314215,0.6077746033675765,0.49289170405638405,0.012837837837837839,0.5588767316685785,0.7635015641358291,0.8784872726291013,0.5588767316685785,0.5808069766312005,0.6070997248015205,0.6764316597546987,0.639893156373577,0.1430953254694254,0.5363513513513514,0.32356834024530134,0.6089808675811609,0.6462362789690002,0.32356834024530134
UNSW-NB15,RANDOM_L2,2,20,2048,2,3.5796241760253906,3.0414111614227295,10.6337754457562,0.6865131419132293,0.9767975771785854,0.4411232683314215,0.6077746033675765,0.49289170405638405,0.012837837837837839,0.5588767316685785,0.7635015641358291,0.8784872726291013,0.5588767316685785,0.5801753874556673,0.6078447084276528,0.6693505691343863,0.6371166706911213,0.14281504498702943,0.5290810810810811,0.3306494308656137,0.605312204730982,0.6438151343257441,0.3306494308656137
UNSW-NB15,FGSM,2,20,2048,3,3.5684008598327637,5.431855201721191,12.113151629985913,0.5095345673614148,0.8528866714183891,0.13198182299479397,0.2285899860545972,0.1854606078957351,0.027891891891891892,0.868018177005206,0.6253970165457966,0.7764250366267832,0.868018177005206,0.38840305106155565,0.38607078039927406,0.18770405011912114,0.2525975182568426,-0.199978992723582,0.3657027027027027,0.8122959498808788,0.503652053259913,0.5437596620213508,0.8122959498808788
UNSW-NB15,RANDOM_LINF,2,20,2048,3,3.5684008598327637,4.42948579788208,-6.71913715201865,0.5095345673614148,0.8528866714183891,0.13198182299479397,0.2285899860545972,0.1854606078957351,0.027891891891891892,0.868018177005206,0.6253970165457966,0.7764250366267832,0.868018177005206,0.5767259388816013,0.6365507359645695,0.5390011470925615,0.5837285139219035,0.16148458418100617,0.37705405405405407,0.46099885290743847,0.6086790296097739,0.6517507415922258,0.46099885290743847
UNSW-NB15,RANDOM_L2,2,20,2048,3,3.5684008598327637,4.356544017791748,-6.6729825584219915,0.5095345673614148,0.8528866714183891,0.13198182299479397,0.2285899860545972,0.1854606078957351,0.027891891891891892,0.868018177005206,0.6253970165457966,0.7764250366267832,0.868018177005206,0.5762643929456347,0.637379981586216,0.5345010147357275,0.5814246463579973,0.161576125185198,0.3725675675675676,0.46549898526427247,0.6129272025488826,0.6531650379881836,0.46549898526427247
UNSW-NB15,FGSM,4,5,1024,2,16.70322823524475,43.11720609664917,38.70184132536559,0.6124957489190108,0.973817925194072,0.3043986587840819,0.4638163423078216,0.3879208919816569,0.010027027027027027,0.6956013412159181,0.5005405405405405,0.7754338210275604,0.6956013412159181,0.2254773356653549,0.062215045592705166,0.028897908762022414,0.03946496354762909,-0.5755331988761394,0.5336756756756756,0.9711020912379776,0.17728806958153775,0.4958622634678155,0.9711020912379776
UNSW-NB15,RANDOM_LINF,4,5,1024,2,16.70322823524475,36.20458912849426,2.6514599426711305,0.6124957489190108,0.973817925194072,0.3043986587840819,0.4638163423078216,0.3879208919816569,0.010027027027027027,0.6956013412159181,0.5005405405405405,0.7754338210275604,0.6956013412159181,0.5859811494922995,0.6332503851167199,0.5894291008559075,0.6105544574816913,0.1703602368364237,0.41824324324324325,0.41057089914409245,0.55147330446126,0.7564411877033965,0.41057089914409245
UNSW-NB15,RANDOM_L2,4,5,1024,2,16.70322823524475,36.149996280670166,2.657532915512806,0.6124957489190108,0.973817925194072,0.3043986587840819,0.4638163423078216,0.3879208919816569,0.010027027027027027,0.6956013412159181,0.5005405405405405,0.7754338210275604,0.6956013412159181,0.5859204197638828,0.6344883698669475,0.5848848495543987,0.6086776859504133,0.17121017240656508,0.41281081081081084,0.4151151504456013,0.5541898640898023,0.7574660324011266,0.4151151504456013
UNSW-NB15,FGSM,4,5,1024,3,17.06014919281006,28.382786989212036,13.69576835252393,0.6759826070057815,0.9999464008147076,0.41154151592693905,0.5831002203503727,0.48897094101913446,2.7027027027027027e-05,0.588458484073061,0.7594636465857898,0.8815496807114152,0.588458484073061,0.5390249234805422,0.6290711911841875,0.3966734315715168,0.48654572019968345,0.11504494449057141,0.28656756756756757,0.6033265684284832,0.6966233049978418,0.706057357556711,0.6033265684284832
UNSW-NB15,RANDOM_LINF,4,5,1024,3,17.06014919281006,30.786332368850708,10.412719234319589,0.6759826070057815,0.9999464008147076,0.41154151592693905,0.5831002203503727,0.48897094101913446,2.7027027027027027e-05,0.588458484073061,0.7594636465857898,0.8815496807114152,0.588458484073061,0.5718554146625856,0.6561744841687837,0.46721962410659135,0.5458059528411288,0.17043477258985257,0.2999459459459459,0.5327803758934087,0.5964024494361121,0.6644229965144558,0.5327803758934087
UNSW-NB15,RANDOM_L2,4,5,1024,3,17.06014919281006,29.826056241989136,10.59612301413788,0.6759826070057815,0.9999464008147076,0.41154151592693905,0.5831002203503727,0.48897094101913446,2.7027027027027027e-05,0.588458484073061,0.7594636465857898,0.8815496807114152,0.588458484073061,0.5700213768644027,0.6547029317381686,0.4635577516985794,0.5427940435754046,0.16728511561286435,0.2995405405405405,0.5364422483014206,0.5953536100624582,0.6625962925034303,0.5364422483014206
UNSW-NB15,FGSM,4,5,2048,2,16.674092769622803,28.323396921157837,-2.839722100762765,0.5872078900063159,0.9764824458256341,0.25646342539486455,0.406233621021,0.352023389956091,0.0075675675675675675,0.7435365746051354,0.5002211837709059,0.7753448342622467,0.7435365746051354,0.6156051110139436,0.5937208920059175,0.9561457689932057,0.7325581395348837,0.24251134545435896,0.8016216216216216,0.043854231006794316,0.28572606785732174,0.28683218666031707,0.043854231006794316
UNSW-NB15,RANDOM_LINF,4,5,2048,2,16.674092769622803,35.58988308906555,3.632852353884275,0.5872078900063159,0.9764824458256341,0.25646342539486455,0.406233621021,0.352023389956091,0.0075675675675675675,0.7435365746051354,0.5002211837709059,0.7753448342622467,0.7435365746051354,0.5508793664674732,0.6170791177377316,0.48570546192535075,0.5435670818263736,0.11687956239828613,0.36927027027027026,0.5142945380746492,0.5725904650017528,0.6476095923937811,0.5142945380746492
UNSW-NB15,RANDOM_L2,4,5,2048,2,16.674092769622803,35.27258014678955,3.946217752514214,0.5872078900063159,0.9764824458256341,0.25646342539486455,0.406233621021,0.352023389956091,0.0075675675675675675,0.7435365746051354,0.5002211837709059,0.7753448342622467,0.7435365746051354,0.5477457124811738,0.6129320204189797,0.4847127856701668,0.5413335632721943,0.11004440027010466,0.375027027027027,0.5152872143298333,0.5687207187333809,0.6434545274559649,0.5152872143298333
UNSW-NB15,FGSM,4,5,2048,3,16.882970809936523,54.416813373565674,29.719914492542394,0.5902322304814653,0.9944562899786781,0.2572134474543369,0.40871409292461924,0.3636137340377774,0.0017567567567567568,0.7427865525456631,0.5459723207280343,0.7959103905288146,0.7427865525456631,0.2930330855560414,0.003853861569292431,0.0011029736168710845,0.0017150893561554558,-0.4753787468843998,0.3492972972972973,0.9988970263831289,0.36481213378294913,0.28056667375707744,0.9988970263831289
UNSW-NB15,RANDOM_LINF,4,5,2048,3,16.882970809936523,49.03680610656738,4.196424233590834,0.5902322304814653,0.9944562899786781,0.2572134474543369,0.40871409292461924,0.3636137340377774,0.0017567567567567568,0.7427865525456631,0.5459723207280343,0.7959103905288146,0.7427865525456631,0.548267988145557,0.6618290258449304,0.36717991705638403,0.47231917368973636,0.14829372797360157,0.22986486486486488,0.632820082943616,0.5710996846687859,0.629734239740488,0.632820082943616
UNSW-NB15,RANDOM_L2,4,5,2048,3,16.882970809936523,50.285975217819214,4.538939901860761,0.5902322304814653,0.9944562899786781,0.2572134474543369,0.40871409292461924,0.3636137340377774,0.0017567567567567568,0.7427865525456631,0.5459723207280343,0.7959103905288146,0.7427865525456631,0.5448428314628577,0.6575886411038023,0.3616650489720286,0.46666856427188885,0.14175082924557914,0.23072972972972974,0.6383349510279714,0.5677428583948813,0.6251516834827082,0.6383349510279714
UNSW-NB15,FGSM,4,10,1024,2,9.576972484588623,6.009575128555298,46.86391682456396,0.6835859690035466,0.9762857566325774,0.43591723285979,0.6027175819315876,0.4886029982411558,0.012972972972972972,0.56408276714021,0.5239275996193847,0.78154503969736,0.56408276714021,0.214946800757907,0.2588873067026406,0.22860231183270097,0.2428040908611661,-0.5704564454307709,0.8017837837837838,0.771397688167299,0.13530217512359266,0.34398616679350874,0.771397688167299
UNSW-NB15,RANDOM_LINF,4,10,1024,2,9.576972484588623,10.839844942092896,9.544284117961421,0.6835859690035466,0.9762857566325774,0.43591723285979,0.6027175819315876,0.4886029982411558,0.012972972972972972,0.56408276714021,0.5239275996193847,0.78154503969736,0.56408276714021,0.5881431278239324,0.6114112942553399,0.6914321009441454,0.6489642535482468,0.15704002752224297,0.5384054054054054,0.3085678990558546,0.5481401167005706,0.6045398815433631,0.3085678990558546
UNSW-NB15,RANDOM_L2,4,10,1024,2,9.576972484588623,10.550411701202393,9.188407909439833,0.6835859690035466,0.9762857566325774,0.43591723285979,0.6027175819315876,0.4886029982411558,0.012972972972972972,0.56408276714021,0.5239275996193847,0.78154503969736,0.56408276714021,0.5917018899091483,0.6149032992036405,0.6915423983058325,0.6509749361463546,0.16484972052496685,0.5306216216216216,0.30845760169416747,0.550641955685501,0.6087486865840004,0.30845760169416747
UNSW-NB15,FGSM,4,10,1024,3,9.467403888702393,15.401299715042114,38.673905650293925,0.5868435116358159,0.9924281984334203,0.25154416306361954,0.4013586287001514,0.35771190267501507,0.0023513513513513514,0.7484558369363805,0.5141877019634123,0.7797418431791857,0.7484558369363805,0.20010445513287664,0.13325947896937426,0.08225977234624547,0.10172543135783946,-0.6020149616152407,0.6555135135135135,0.9177402276537545,0.3506858373417978,0.33573087755619957,0.9177402276537545
UNSW-NB15,RANDOM_LINF,4,10,1024,3,9.467403888702393,16.07637667655945,1.5012388864596993,0.5868435116358159,0.9924281984334203,0.25154416306361954,0.4013586287001514,0.35771190267501507,0.0023513513513513514,0.7484558369363805,0.5141877019634123,0.7797418431791857,0.7484558369363805,0.571831122771219,0.6139292011392921,0.5991132092120357,0.6064307245729597,0.13719515028789095,0.4615945945945946,0.40088679078796435,0.5899877265865531,0.6326709752348676,0.40088679078796435
UNSW-NB15,RANDOM_L2,4,10,1024,3,9.467403888702393,15.581401824951172,1.5000242918913664,0.5868435116358159,0.9924281984334203,0.25154416306361954,0.4013586287001514,0.35771190267501507,0.0023513513513513514,0.7484558369363805,0.5141877019634123,0.7797418431791857,0.7484558369363805,0.5718432687169023,0.6147890050329075,0.5955175152210359,0.6049998319195903,0.13795208638358306,0.45716216216216216,0.4044824847789641,0.5917069053302839,0.6358888409023707,0.4044824847789641
UNSW-NB15,FGSM,4,10,2048,2,9.656769275665283,8.49553394317627,1.5012388864596993,0.6068357382305787,0.9817154749516872,0.2913615106326657,0.44935869084475893,0.38304025101638123,0.006648648648648649,0.7086384893673343,0.6129384171076574,0.8034619420906262,0.7086384893673343,0.5918233493659817,0.6208865979381444,0.6642768904967793,0.641849262511723,0.16917837895103896,0.49694594594594593,0.3357231095032207,0.6732718731592265,0.7486006128774959,0.3357231095032207
UNSW-NB15,RANDOM_LINF,4,10,2048,2,9.656769275665283,10.396176815032959,4.162415585677504,0.6068357382305787,0.9817154749516872,0.2913615106326657,0.44935869084475893,0.38304025101638123,0.006648648648648649,0.7086384893673343,0.6129384171076574,0.8034619420906262,0.7086384893673343,0.5652115823738036,0.6130623473332226,0.570259419394688,0.5908867529914628,0.12866074535751132,0.440972972972973,0.4297405806053119,0.5804813370902006,0.6399770082094478,0.4297405806053119
UNSW-NB15,RANDOM_L2,4,10,2048,2,9.656769275665283,10.19228219985962,4.184278287907506,0.6068357382305787,0.9817154749516872,0.2913615106326657,0.44935869084475893,0.38304025101638123,0.006648648648648649,0.7086384893673343,0.6129384171076574,0.8034619420906262,0.7086384893673343,0.5649929553515036,0.6123214917974743,0.5722447719050561,0.5916051860382909,0.12774812641354452,0.4438918918918919,0.427755228094944,0.5777124917426029,0.6369921944415567,0.427755228094944
UNSW-NB15,FGSM,4,10,2048,3,9.621648788452148,6.812550783157349,5.213039887285631,0.6775129961618812,0.9976153886916432,0.4152916262243007,0.5864523464635609,0.49004033679467085,0.0012162162162162162,0.5847083737756993,0.7223540265095236,0.8710520896365517,0.5847083737756993,0.6253825972890249,0.6329290445696252,0.7609194388070237,0.6910478709018241,0.23159684800951588,0.5406756756756756,0.23908056119297627,0.4283330258918585,0.3395764446342725,0.23908056119297627
UNSW-NB15,RANDOM_LINF,4,10,2048,3,9.621648788452148,9.188188791275024,7.518340377981836,0.6775129961618812,0.9976153886916432,0.4152916262243007,0.5864523464635609,0.49004033679467085,0.0012162162162162162,0.5847083737756993,0.7223540265095236,0.8710520896365517,0.5847083737756993,0.6023295923820629,0.6551418221247444,0.5864510720903556,0.6188962996589493,0.20718686345459986,0.3782162162162162,0.4135489279096444,0.6504899858938618,0.6954253487375741,0.4135489279096444
UNSW-NB15,RANDOM_L2,4,10,2048,3,9.621648788452148,9.747080326080322,7.219550114171891,0.6775129961618812,0.9976153886916432,0.4152916262243007,0.5864523464635609,0.49004033679467085,0.0012162162162162162,0.5847083737756993,0.7223540265095236,0.8710520896365517,0.5847083737756993,0.6053174950201623,0.6572660671844756,0.5917453454513368,0.6227871611817285,0.2126020381764508,0.37805405405405407,0.4082546545486632,0.6544243163352181,0.6967093094613269,0.4082546545486632
UNSW-NB15,FGSM,4,15,1024,2,6.9021501541137695,6.265552043914795,11.366175970461068,0.6138318029441773,0.9481000926784059,0.31593576281655344,0.4739402362751911,0.37879888460404976,0.02118918918918919,0.6840642371834466,0.6736258290188185,0.8372045104151655,0.6840642371834466,0.5001700432395666,0.9390756302521008,0.09860584134827495,0.17847161223349037,0.1934550692459489,0.007837837837837838,0.901394158651725,0.716889478764479,0.7441757805260693,0.901394158651725
UNSW-NB15,RANDOM_LINF,4,15,1024,2,6.9021501541137695,4.051808595657349,10.46373220618958,0.6138318029441773,0.9481000926784059,0.31593576281655344,0.4739402362751911,0.37879888460404976,0.02118918918918919,0.6840642371834466,0.6736258290188185,0.8372045104151655,0.6840642371834466,0.5091944808822815,0.6448196740601283,0.24177181681814172,0.3516822025060566,0.09660956030232218,0.16316216216216217,0.7582281831818583,0.5622472506146842,0.6330928988246735,0.7582281831818583
UNSW-NB15,RANDOM_L2,4,15,1024,2,6.9021501541137695,4.221651077270508,10.488024097556236,0.6138318029441773,0.9481000926784059,0.31593576281655344,0.4739402362751911,0.37879888460404976,0.02118918918918919,0.6840642371834466,0.6736258290188185,0.8372045104151655,0.6840642371834466,0.5089515619686149,0.6432871588053072,0.24278655254566311,0.3525247833955254,0.09543261299769815,0.16494594594594594,0.7572134474543369,0.5615936221892058,0.6331442873764291,0.7572134474543369
UNSW-NB15,FGSM,4,15,1024,3,7.9692277908325195,3.150982141494751,7.5511344313268225,0.588276733226449,0.9651749389747762,0.26166946086649606,0.41171774669397104,0.3491122361063896,0.011567567567567568,0.7383305391335039,0.6220381429143782,0.8091601117926891,0.7383305391335039,0.5127653889131808,0.7538686131386861,0.1708726727256684,0.27859801823511426,0.15430801814734377,0.06835135135135136,0.8291273272743316,0.6877059555805696,0.729381208590814,0.8291273272743316
UNSW-NB15,RANDOM_LINF,4,15,1024,3,7.9692277908325195,5.001008749008179,8.726861973473255,0.588276733226449,0.9651749389747762,0.26166946086649606,0.41171774669397104,0.3491122361063896,0.011567567567567568,0.7383305391335039,0.6220381429143782,0.8091601117926891,0.7383305391335039,0.5010081134917165,0.5919418358073311,0.3017294626312539,0.39971361358289864,0.05191277760217701,0.2548378378378378,0.6982705373687461,0.4935652638432132,0.5554398339964374,0.6982705373687461
UNSW-NB15,RANDOM_L2,4,15,1024,3,7.9692277908325195,5.059541940689087,8.915124131564884,0.588276733226449,0.9651749389747762,0.26166946086649606,0.41171774669397104,0.3491122361063896,0.011567567567567568,0.7383305391335039,0.6220381429143782,0.8091601117926891,0.7383305391335039,0.4991254919108002,0.5898122148122148,0.2965454866319598,0.3946626739475075,0.04877232192830118,0.25267567567567567,0.7034545133680402,0.49379199199420015,0.5563385723223387,0.7034545133680402
UNSW-NB15,FGSM,4,15,2048,2,7.435082197189331,3.125490188598633,29.52800855074576,0.686865374338046,0.9673024523160763,0.4463734227477279,0.610858704019562,0.4889131438745468,0.018486486486486486,0.5536265772522722,0.8046810981324569,0.8964363761690025,0.5536265772522722,0.39158528883058835,0.36477272727272725,0.14162181240624724,0.20402974639293206,-0.19479224380716573,0.3021621621621622,0.8583781875937527,0.5138629993489475,0.49346913698786243,0.8583781875937527
UNSW-NB15,RANDOM_LINF,4,15,2048,2,7.435082197189331,4.056594610214233,11.269008404994407,0.686865374338046,0.9673024523160763,0.4463734227477279,0.610858704019562,0.4889131438745468,0.018486486486486486,0.5536265772522722,0.8046810981324569,0.8964363761690025,0.5536265772522722,0.5741752902881019,0.6457121783779184,0.5021177093443925,0.5649330503952447,0.1654490694683586,0.33754054054054056,0.4978822906556075,0.5771348766815876,0.6237505984127875,0.4978822906556075
UNSW-NB15,RANDOM_L2,4,15,2048,2,7.435082197189331,4.116009712219238,11.449982995676045,0.686865374338046,0.9673024523160763,0.4463734227477279,0.610858704019562,0.4889131438745468,0.018486486486486486,0.5536265772522722,0.8046810981324569,0.8964363761690025,0.5536265772522722,0.5723655443812855,0.6430428393805809,0.5019853525103679,0.5638255698711596,0.1613528189422724,0.3414054054054054,0.49801464748963203,0.5743477303187772,0.619306532438342,0.49801464748963203
UNSW-NB15,FGSM,4,15,2048,3,7.099793910980225,4.205683946609497,21.412087645144045,0.7121896710877909,0.9666954270923209,0.4943086561369452,0.654133582438113,0.5236369628641351,0.020864864864864864,0.5056913438630548,0.7862784558250124,0.8903935802189737,0.5056913438630548,0.4980687946363504,0.5598220417425577,0.41359304685431925,0.47572409068419114,0.015351957990177903,0.3984324324324324,0.5864069531456808,0.5089293247297416,0.6126762438094303,0.5864069531456808
UNSW-NB15,RANDOM_LINF,4,15,2048,3,7.099793910980225,5.0310022830963135,17.95535150366807,0.7121896710877909,0.9666954270923209,0.4943086561369452,0.654133582438113,0.5236369628641351,0.020864864864864864,0.5056913438630548,0.7862784558250124,0.8903935802189737,0.5056913438630548,0.5326361560511101,0.6449266167576027,0.33636283420100593,0.4421312069590431,0.1203573210692831,0.22689189189189188,0.6636371657989941,0.5565182986304049,0.637784718200962,0.6636371657989941
UNSW-NB15,RANDOM_L2,4,15,2048,3,7.099793910980225,5.1338725090026855,18.079240149638043,0.7121896710877909,0.9666954270923209,0.4943086561369452,0.654133582438113,0.5236369628641351,0.020864864864864864,0.5056913438630548,0.7862784558250124,0.8903935802189737,0.5056913438630548,0.5313972695914104,0.6402309833409497,0.33995852819200567,0.44410183997809893,0.1158194708496042,0.23405405405405405,0.6600414718079943,0.5544770664955965,0.634257452356138,0.6600414718079943
UNSW-NB15,FGSM,4,20,1024,2,5.784764766693115,2.215055465698242,6.602536073458676,0.6741242773162318,0.9249425815342214,0.44418953498632313,0.6001609490030103,0.45119439204114153,0.044162162162162164,0.5558104650136769,0.5900318634172865,0.772923643859622,0.5558104650136769,0.608098916581645,0.6922941072584918,0.5188387893761581,0.5931455375381434,0.23875710184295165,0.28254054054054056,0.4811612106238419,0.5902359034009743,0.6278189709520863,0.4811612106238419
UNSW-NB15,RANDOM_LINF,4,20,1024,2,5.784764766693115,3.287571430206299,12.857698100374094,0.6741242773162318,0.9249425815342214,0.44418953498632313,0.6001609490030103,0.45119439204114153,0.044162162162162164,0.5558104650136769,0.5900318634172865,0.772923643859622,0.5558104650136769,0.5455472963124909,0.6027731616119651,0.5120885908409071,0.5537426649491913,0.098327339270377,0.41345945945945944,0.4879114091590929,0.5601418114046282,0.5952033687373458,0.4879114091590929
UNSW-NB15,RANDOM_L2,4,20,1024,2,5.784764766693115,3.305159330368042,12.744740805519116,0.6741242773162318,0.9249425815342214,0.44418953498632313,0.6001609490030103,0.45119439204114153,0.044162162162162164,0.5558104650136769,0.5900318634172865,0.772923643859622,0.5558104650136769,0.5466768692610406,0.6046955475960156,0.5102135356922263,0.5534511432024024,0.10129809502851135,0.40864864864864864,0.4897864643077738,0.5617644412037556,0.5943503671139191,0.4897864643077738
UNSW-NB15,FGSM,4,20,1024,3,5.6356658935546875,3.118353843688965,23.876500024291893,0.6739056502939319,0.9339374589163302,0.4387849642636548,0.5970583821101606,0.4552291949263935,0.038027027027027024,0.5612150357363452,0.7799968091271364,0.8799517389404532,0.5612150357363452,0.435140650051013,0.4594725214029274,0.14680578840554134,0.22251571485890062,-0.0846428925880994,0.2115945945945946,0.8531942115944586,0.5354557981832534,0.558848111629624,0.8531942115944586
UNSW-NB15,RANDOM_LINF,4,20,1024,3,5.6356658935546875,2.402434825897217,12.513967837535834,0.6739056502939319,0.9339374589163302,0.4387849642636548,0.5970583821101606,0.4552291949263935,0.038027027027027024,0.5612150357363452,0.7799968091271364,0.8799517389404532,0.5612150357363452,0.5487659719185736,0.658860538273331,0.37423894820435893,0.4773427498206272,0.14681576930109108,0.23740540540540542,0.625761051795641,0.6078260962365348,0.65101251200878,0.625761051795641
UNSW-NB15,RANDOM_L2,4,20,1024,3,5.6356658935546875,2.5778772830963135,12.764174318612454,0.6739056502939319,0.9339374589163302,0.4387849642636548,0.5970583821101606,0.4552291949263935,0.038027027027027024,0.5612150357363452,0.7799968091271364,0.8799517389404532,0.5612150357363452,0.5462639071078074,0.6520263830111709,0.37726109591458573,0.477969843909392,0.13941647057120576,0.24667567567567567,0.6227389040854143,0.6048412665952815,0.6484165097025498,0.6227389040854143
UNSW-NB15,FGSM,4,20,2048,2,5.575088739395142,3.1154685020446777,53.727590730214246,0.7427367244813681,0.9673361972212547,0.5513765110738551,0.7023928285397142,0.5665876573006361,0.02281081081081081,0.4486234889261449,0.7341421807517391,0.8608209421172522,0.4486234889261449,0.20546081717922557,0.15139207109629937,0.09620135886349598,0.1176454719577005,-0.5887400977678588,0.6606756756756756,0.903798641136504,0.22556044116559865,0.3771853399413899,0.903798641136504
UNSW-NB15,RANDOM_LINF,4,20,2048,2,5.575088739395142,3.091141700744629,15.65976776951853,0.7427367244813681,0.9673361972212547,0.5513765110738551,0.7023928285397142,0.5665876573006361,0.02281081081081081,0.4486234889261449,0.7341421807517391,0.8608209421172522,0.4486234889261449,0.5861390467861828,0.6424125891818043,0.5601341215918115,0.5984586014282685,0.17736040094922512,0.382,0.43986587840818847,0.6416216603747488,0.6885245438726965,0.43986587840818847
UNSW-NB15,RANDOM_L2,4,20,2048,2,5.575088739395142,3.0475564002990723,15.629402905310208,0.7427367244813681,0.9673361972212547,0.5513765110738551,0.7023928285397142,0.5665876573006361,0.02281081081081081,0.4486234889261449,0.7341421807517391,0.8608209421172522,0.4486234889261449,0.586442695428266,0.6426602604627639,0.5606194299832348,0.5988430316811386,0.17792107263056997,0.38191891891891894,0.4393805700167652,0.6408352708903203,0.6866619402313674,0.4393805700167652
UNSW-NB15,FGSM,4,20,2048,3,5.628861904144287,3.6417598724365234,13.66783267745227,0.6321721809260069,0.9540188269370021,0.3487602576546369,0.5107909020418713,0.4071252845249429,0.020594594594594593,0.6512397423453631,0.6174245902900165,0.782384101632621,0.6512397423453631,0.4954938541514842,0.5400849229989226,0.5639724697785229,0.5517702791656325,-0.024585304323518103,0.5884054054054054,0.4360275302214771,0.36033869845536,0.4329871216569119,0.4360275302214771
UNSW-NB15,RANDOM_LINF,4,20,2048,3,5.628861904144287,3.039661407470703,5.994024194723801,0.6321721809260069,0.9540188269370021,0.3487602576546369,0.5107909020418713,0.4071252845249429,0.020594594594594593,0.6512397423453631,0.6174245902900165,0.782384101632621,0.6512397423453631,0.5722319389787689,0.6472438193413121,0.4903158916438719,0.5579556436935976,0.1643485865896555,0.3274054054054054,0.5096841083561281,0.6106556790621028,0.6524595877094939,0.5096841083561281
UNSW-NB15,RANDOM_L2,4,20,2048,3,5.628861904144287,2.870140790939331,6.10819608414711,0.6321721809260069,0.9540188269370021,0.3487602576546369,0.5107909020418713,0.4071252845249429,0.020594594594594593,0.6512397423453631,0.6174245902900165,0.782384101632621,0.6512397423453631,0.5710902200845358,0.6454431960049938,0.49040412953322154,0.5573425258539643,0.16169779615129756,0.3300540540540541,0.5095958704667785,0.6078042704753637,0.650647381990518,0.5095958704667785
UNSW-NB15,FGSM,8,5,1024,2,32.569849252700806,55.90888977050781,19.823397949764367,0.5537215177573725,0.9798860207844452,0.1934395129268508,0.3230964794311085,0.30137111349552764,0.004864864864864865,0.8065604870731492,0.5009233546614646,0.7552317410174908,0.8065604870731492,0.3554875382597289,0.32609086819613137,0.1599091149739698,0.21458808205796157,-0.27448882098743416,0.4048918918918919,0.8400908850260301,0.39819807200211776,0.31952971585584816,0.8400908850260301
UNSW-NB15,RANDOM_LINF,8,5,1024,2,32.569849252700806,30.19043254852295,5.4899674488655625,0.5537215177573725,0.9798860207844452,0.1934395129268508,0.3230964794311085,0.30137111349552764,0.004864864864864865,0.8065604870731492,0.5009233546614646,0.7552317410174908,0.8065604870731492,0.4988218432687169,0.5488205792719507,0.5045221918291715,0.5257399000057468,-0.0036215577635656682,0.5081621621621621,0.49547780817082854,0.4732869144402498,0.5360848615212731,0.49547780817082854
UNSW-NB15,RANDOM_L2,8,5,1024,2,32.569849252700806,30.836677312850952,5.131662051207309,0.5537215177573725,0.9798860207844452,0.1934395129268508,0.3230964794311085,0.30137111349552764,0.004864864864864865,0.8065604870731492,0.5009233546614646,0.7552317410174908,0.8065604870731492,0.5024048972452995,0.5524645347439289,0.5068604958969382,0.5286808863118658,0.003787100832262311,0.503054054054054,0.49313950410306184,0.4731941579362827,0.5373518314940491,0.49313950410306184
UNSW-NB15,FGSM,8,5,1024,3,32.14824604988098,77.97300696372986,17.088130981878248,0.5460695719768741,0.966038177772573,0.1819685873113915,0.3062501160178946,0.2840976761114316,0.007837837837837838,0.8180314126886085,0.618700589166772,0.8198431486789107,0.8180314126886085,0.37518826215809165,0.37779022321785743,0.20832965675461043,0.2685624911133229,-0.22939302462177502,0.4203783783783784,0.7916703432453895,0.33742319279263383,0.34577935575794516,0.7916703432453895
UNSW-NB15,RANDOM_LINF,8,5,1024,3,32.14824604988098,46.70650863647461,-4.7344896273623815,0.5460695719768741,0.966038177772573,0.1819685873113915,0.3062501160178946,0.2840976761114316,0.007837837837837838,0.8180314126886085,0.618700589166772,0.8198431486789107,0.8180314126886085,0.5934144682504979,0.6274261149919398,0.6439380570016765,0.6355748609251336,0.17604893538072203,0.4684864864864865,0.3560619429983235,0.6312466809437162,0.7070279127116311,0.3560619429983235
UNSW-NB15,RANDOM_L2,8,5,1024,3,32.14824604988098,45.694620847702026,-4.755137735024051,0.5460695719768741,0.966038177772573,0.1819685873113915,0.3062501160178946,0.2840976761114316,0.007837837837837838,0.8180314126886085,0.618700589166772,0.8198431486789107,0.8180314126886085,0.5936209493271146,0.6252003374103754,0.6539971763875408,0.6392746248059341,0.17478312857411565,0.4803513513513514,0.3460028236124592,0.6314917604889809,0.6969686070039197,0.3460028236124592
UNSW-NB15,FGSM,8,5,2048,2,34.822205781936646,30.274860382080078,25.92066268279648,0.6247388621678084,0.9945190463140586,0.32021530045001323,0.4844480042717928,0.4142631341486589,0.002162162162162162,0.6797846995499868,0.6563778611731824,0.8393322759731074,0.6797846995499868,0.3655322353398436,0.24834171586850354,0.07515662225359569,0.11539177998679108,-0.27170749192646354,0.2787027027027027,0.9248433777464043,0.3251610600828482,0.41073560710346374,0.9248433777464043
UNSW-NB15,RANDOM_LINF,8,5,2048,2,34.822205781936646,32.775251388549805,3.770101540105908,0.6247388621678084,0.9945190463140586,0.32021530045001323,0.4844480042717928,0.4142631341486589,0.002162162162162162,0.6797846995499868,0.6563778611731824,0.8393322759731074,0.6797846995499868,0.5870378467667493,0.7063064375182057,0.4279096444013059,0.5329413704049673,0.22145945907864623,0.218,0.572090355598694,0.6273375898178245,0.6833042227730194,0.572090355598694
UNSW-NB15,RANDOM_L2,8,5,2048,2,34.822205781936646,33.21041655540466,4.2778020696691454,0.6247388621678084,0.9945190463140586,0.32021530045001323,0.4844480042717928,0.4142631341486589,0.002162162162162162,0.6797846995499868,0.6563778611731824,0.8393322759731074,0.6797846995499868,0.5819608414711169,0.6968046739757646,0.42621106503132444,0.5289077470572132,0.2094467543556241,0.2272162162162162,0.5737889349686756,0.6227439917747979,0.6762986296030447,0.5737889349686756
UNSW-NB15,FGSM,8,5,2048,3,33.82860445976257,32.82905387878418,0.06437351212165154,0.5696934363309527,0.9867308826420287,0.22145504279537634,0.36172666018088134,0.32921970160048863,0.0036486486486486487,0.7785449572046237,0.6381493587251772,0.8126177510045104,0.7785449572046237,0.5690497012097362,0.5857040942388335,0.7425438983499515,0.6548641576607687,0.1072971274095674,0.6435135135135135,0.2574561016500485,0.5061254516229811,0.5621537592735683,0.2574561016500485
UNSW-NB15,RANDOM_LINF,8,5,2048,3,33.82860445976257,17.994096517562866,4.785502599232371,0.5696934363309527,0.9867308826420287,0.22145504279537634,0.36172666018088134,0.32921970160048863,0.0036486486486486487,0.7785449572046237,0.6381493587251772,0.8126177510045104,0.7785449572046237,0.521838410338629,0.5871216547855557,0.4433071560928263,0.5051784816490699,0.06193210779903814,0.38194594594594594,0.5566928439071738,0.5490973836273404,0.6154118254523783,0.5566928439071738
UNSW-NB15,RANDOM_L2,8,5,2048,3,33.82860445976257,18.376839637756348,5.262838264587277,0.5696934363309527,0.9867308826420287,0.22145504279537634,0.36172666018088134,0.32921970160048863,0.0036486486486486487,0.7785449572046237,0.6381493587251772,0.8126177510045104,0.7785449572046237,0.5170650536850799,0.5810563072893933,0.4404835436336363,0.5010979083277916,0.05182381327685879,0.3891081081081081,0.5595164563663637,0.545277558839171,0.6105844540263248,0.5595164563663637
UNSW-NB15,FGSM,8,10,1024,2,17.34000563621521,5.59635329246521,23.734392459796915,0.6726303259971821,0.957530495394573,0.42424777199329394,0.5879817172906125,0.4646888965176727,0.023054054054054054,0.5757522280067061,0.5138133783545303,0.7733991033357236,0.5757522280067061,0.43528640139921293,0.4582374928119609,0.14062913615106326,0.2152116670042536,-0.08372677665930195,0.20370270270270271,0.8593708638489367,0.5022572516043794,0.5357495648907994,0.8593708638489367
UNSW-NB15,RANDOM_LINF,8,10,1024,2,17.34000563621521,7.705035924911499,13.6617597046106,0.6726303259971821,0.957530495394573,0.42424777199329394,0.5879817172906125,0.4646888965176727,0.023054054054054054,0.5757522280067061,0.5138133783545303,0.7733991033357236,0.5757522280067061,0.5360127289510761,0.6185615003491504,0.41035030442071824,0.4933890325575227,0.10364207248748104,0.310027027027027,0.5896496955792817,0.552212915045991,0.6118487743788896,0.5896496955792817
UNSW-NB15,RANDOM_L2,8,10,1024,2,17.34000563621521,7.56745982170105,13.626536462128936,0.6726303259971821,0.957530495394573,0.42424777199329394,0.5879817172906125,0.4646888965176727,0.023054054054054054,0.5757522280067061,0.5138133783545303,0.7733991033357236,0.5757522280067061,0.5363649613758927,0.617515756302521,0.4149827936115768,0.4963850335110032,0.10309495261452493,0.31491891891891893,0.5850172063884231,0.5571946164155862,0.6157899378996368,0.5850172063884231
UNSW-NB15,FGSM,8,10,1024,3,17.281396627426147,6.665648937225342,51.695574017393,0.706723995530292,0.9702983484283431,0.482109767934351,0.6441582174015562,0.5177805505220658,0.01808108108108108,0.517890232065649,0.7871972313573612,0.8816442198613905,0.517890232065649,0.18976825535636205,0.04301351120232598,0.022191829171446218,0.02927823050058207,-0.6427649185605024,0.6049189189189189,0.9778081708285538,0.10371636079519031,0.3632433150529148,0.9778081708285538
UNSW-NB15,RANDOM_LINF,8,10,1024,3,17.281396627426147,9.115728855133057,10.365350046154587,0.706723995530292,0.9702983484283431,0.482109767934351,0.6441582174015562,0.5177805505220658,0.01808108108108108,0.517890232065649,0.7871972313573612,0.8816442198613905,0.517890232065649,0.6030704950687461,0.7162291495761554,0.46223418335833405,0.5618598165924814,0.24720684433296777,0.22437837837837837,0.5377658166416659,0.6646917987651464,0.7002992605623736,0.5377658166416659
UNSW-NB15,RANDOM_L2,8,10,1024,3,17.281396627426147,8.993700504302979,10.916775980177817,0.706723995530292,0.9702983484283431,0.482109767934351,0.6441582174015562,0.5177805505220658,0.01808108108108108,0.517890232065649,0.7871972313573612,0.8816442198613905,0.517890232065649,0.5975562357285138,0.7049670654657885,0.46274155122209476,0.5587310888557426,0.23346054141186998,0.23727027027027028,0.5372584487779052,0.6593762883924249,0.693019924894527,0.5372584487779052
UNSW-NB15,FGSM,8,10,2048,2,17.231253623962402,13.675894021987915,26.24495943254142,0.6893674391488122,0.9724520541393659,0.4485352510367952,0.6139098141634335,0.49479652471966684,0.015567567567567567,0.5514647489632049,0.733843367014769,0.8451745571660819,0.5514647489632049,0.42691784482339795,0.4852168357159971,0.6701005911938587,0.5628653751725543,-0.23415603222070808,0.8710270270270271,0.3298994088061414,0.33567808910118974,0.43850626476036514,0.3298994088061414
UNSW-NB15,RANDOM_LINF,8,10,2048,2,17.231253623962402,7.892981290817261,6.351114997813734,0.6893674391488122,0.9724520541393659,0.4485352510367952,0.6139098141634335,0.49479652471966684,0.015567567567567567,0.5514647489632049,0.733843367014769,0.8451745571660819,0.5514647489632049,0.6258562891706748,0.6334263987362698,0.760720903555987,0.6912622526910819,0.23263597200235286,0.5393783783783784,0.23927909644401307,0.6242926710682268,0.6455817830771013,0.23927909644401307
UNSW-NB15,RANDOM_L2,8,10,2048,2,17.231253623962402,7.8238067626953125,6.573385803818688,0.6893674391488122,0.9724520541393659,0.4485352510367952,0.6139098141634335,0.49479652471966684,0.015567567567567567,0.5514647489632049,0.733843367014769,0.8451745571660819,0.5514647489632049,0.6236335811106253,0.6317674939834291,0.7586031942115945,0.6894000902119982,0.22792096007035437,0.5417297297297298,0.24139680578840556,0.6228340281073451,0.6446464046200532,0.24139680578840556
UNSW-NB15,FGSM,8,10,2048,3,17.30449604988098,5.903266668319702,15.461788854880243,0.5657217120925035,0.9791854298008607,0.21585193682167123,0.35372797107998194,0.3202317947592122,0.005621621621621622,0.7841480631783287,0.5847142439801488,0.7623769804204933,0.7841480631783287,0.4111038235437011,0.35679898265055865,0.08664960734139239,0.1394366447169912,-0.15306664821972416,0.19137837837837837,0.9133503926586076,0.514418161444335,0.5204235452859867,0.9133503926586076
UNSW-NB15,RANDOM_LINF,8,10,2048,3,17.30449604988098,6.781921625137329,3.953505319924211,0.5657217120925035,0.9791854298008607,0.21585193682167123,0.35372797107998194,0.3202317947592122,0.005621621621621622,0.7841480631783287,0.5847142439801488,0.7623769804204933,0.7841480631783287,0.5261866588932614,0.6515776349860938,0.2997441101208859,0.41060042909376604,0.11822935916465548,0.19637837837837838,0.7002558898791141,0.5826534579117192,0.6309053741308087,0.7002558898791141
UNSW-NB15,RANDOM_L2,8,10,2048,3,17.30449604988098,6.712268352508545,4.142982072584179,0.5657217120925035,0.9791854298008607,0.21585193682167123,0.35372797107998194,0.3202317947592122,0.005621621621621622,0.7841480631783287,0.5847142439801488,0.7623769804204933,0.7841480631783287,0.5242918913666618,0.647511961722488,0.2985308391423277,0.40865442686314774,0.11363667564991535,0.1991081081081081,0.7014691608576723,0.5803032789915124,0.6274760286370891,0.7014691608576723
UNSW-NB15,FGSM,8,15,1024,2,12.29063105583191,5.040286302566528,3.9705096438808707,0.7306393625807706,0.9793003518940178,0.5218168181417101,0.6808467770949962,0.5553247799599863,0.013513513513513514,0.47818318185828995,0.7950675708466783,0.8822786082265592,0.47818318185828995,0.6909342661419619,0.8096928922942752,0.5734580428836142,0.6714016374389834,0.416437327446383,0.16513513513513514,0.42654195711638576,0.805497293839326,0.8050976015470327,0.42654195711638576
UNSW-NB15,RANDOM_LINF,8,15,1024,2,12.29063105583191,5.317068099975586,13.27187484817568,0.7306393625807706,0.9793003518940178,0.5218168181417101,0.6808467770949962,0.5553247799599863,0.013513513513513514,0.47818318185828995,0.7950675708466783,0.8822786082265592,0.47818318185828995,0.5979206140990138,0.6408755760368664,0.6135621635930468,0.6269215164765811,0.19161393612943517,0.42124324324324325,0.3864378364069532,0.6352113008291976,0.675525259676047,0.3864378364069532
UNSW-NB15,RANDOM_L2,8,15,1024,2,12.29063105583191,5.375455141067505,13.196569984939032,0.7306393625807706,0.9793003518940178,0.5218168181417101,0.6808467770949962,0.5553247799599863,0.013513513513513514,0.47818318185828995,0.7950675708466783,0.8822786082265592,0.47818318185828995,0.5986736627313802,0.6386694949677303,0.6243271860937086,0.6314169064988957,0.19114663843511565,0.43275675675675673,0.37567281390629137,0.6343859483546019,0.6712777866731517,0.37567281390629137
UNSW-NB15,FGSM,8,15,1024,3,12.410218954086304,3.790492534637451,26.19151727153476,0.6575450614584851,0.9575967957276369,0.3955483984823083,0.5598451379240365,0.4439303116995883,0.02145945945945946,0.6044516015176917,0.6648728444318315,0.7257369846850942,0.6044516015176917,0.39562988874313754,0.4475610622823435,0.41674755139857056,0.43160503980900816,-0.2124680944260274,0.6302432432432432,0.5832524486014294,0.44580306674361647,0.5225113980200341,0.5832524486014294
UNSW-NB15,RANDOM_LINF,8,15,1024,3,12.410218954086304,4.727140426635742,6.921974444930279,0.6575450614584851,0.9575967957276369,0.3955483984823083,0.5598451379240365,0.4439303116995883,0.02145945945945946,0.6044516015176917,0.6648728444318315,0.7257369846850942,0.6044516015176917,0.5883253170091823,0.6663273615635179,0.5054045707226683,0.5748155953635405,0.19701274832377816,0.31008108108108107,0.4945954292773317,0.6417584753088922,0.6633161100035374,0.4945954292773317
UNSW-NB15,RANDOM_L2,8,15,1024,3,12.410218954086304,4.79118800163269,6.653549045328666,0.6575450614584851,0.9575967957276369,0.3955483984823083,0.5598451379240365,0.4439303116995883,0.02145945945945946,0.6044516015176917,0.6648728444318315,0.7257369846850942,0.6044516015176917,0.5910095710051985,0.6679535567143968,0.5114268066707844,0.5793031071575817,0.2014068603741685,0.31148648648648647,0.48857319332921556,0.643032520729942,0.6661280087636925,0.48857319332921556
UNSW-NB15,FGSM,8,15,2048,2,12.40461254119873,3.6842002868652344,36.968614876354266,0.7320604382257202,0.9533270998909148,0.5397952880967087,0.6892957746478873,0.5449022590605089,0.03237837837837838,0.46020471190329126,0.810631262803437,0.8984849878426941,0.46020471190329126,0.36237428946217753,0.16671318262163923,0.03953057442865967,0.06390756227599365,-0.2990526510848125,0.2420810810810811,0.9604694255713403,0.18008995673958614,0.3816885364131347,0.9604694255713403
UNSW-NB15,RANDOM_LINF,8,15,2048,2,12.40461254119873,4.1779704093933105,16.041150463975118,0.7320604382257202,0.9533270998909148,0.5397952880967087,0.6892957746478873,0.5449022590605089,0.03237837837837838,0.46020471190329126,0.810631262803437,0.8984849878426941,0.46020471190329126,0.571648933585969,0.6726355871153649,0.4325421335921645,0.5265094048306325,0.18163531968152205,0.25791891891891894,0.5674578664078356,0.6245182452703298,0.6836652188666436,0.5674578664078356
UNSW-NB15,RANDOM_L2,8,15,2048,2,12.40461254119873,4.094741582870483,15.761793713258509,0.7320604382257202,0.9533270998909148,0.5397952880967087,0.6892957746478873,0.5449022590605089,0.03237837837837838,0.46020471190329126,0.810631262803437,0.8984849878426941,0.46020471190329126,0.5744425010931351,0.6761455018307497,0.43587311391511513,0.5300516397290591,0.18721680252911357,0.2557837837837838,0.5641268860848848,0.6268565260862203,0.6824803707148721,0.5641268860848848
UNSW-NB15,FGSM,8,15,2048,3,12.515095949172974,3.882840633392334,31.301316620512072,0.7207039790118058,0.9505789325049421,0.5197652872143298,0.6720575022461814,0.5277286300320074,0.03310810810810811,0.48023471278567015,0.7419538032915117,0.8665306945039157,0.48023471278567015,0.4076908128066851,0.17182721712538226,0.0198314656313421,0.035558895656989165,-0.19835850107514838,0.11710810810810811,0.9801685343686579,0.29914633478886105,0.430047675855434,0.9801685343686579
UNSW-NB15,RANDOM_LINF,8,15,2048,3,12.515095949172974,3.954815626144409,15.629402905310208,0.7207039790118058,0.9505789325049421,0.5197652872143298,0.6720575022461814,0.5277286300320074,0.03310810810810811,0.48023471278567015,0.7419538032915117,0.8665306945039157,0.48023471278567015,0.5644099499587037,0.7336524700192469,0.3279361157681108,0.45326625504992757,0.21025940525649076,0.14586486486486486,0.6720638842318891,0.6524976300972286,0.7156911461284201,0.6720638842318891
UNSW-NB15,RANDOM_L2,8,15,2048,3,12.515095949172974,4.025249242782593,15.793373172035174,0.7207039790118058,0.9505789325049421,0.5197652872143298,0.6720575022461814,0.5277286300320074,0.03310810810810811,0.48023471278567015,0.7419538032915117,0.8665306945039157,0.48023471278567015,0.5627702472914541,0.7303099091985787,0.32645813112150357,0.45121653759375574,0.2064267985647434,0.1477027027027027,0.6735418688784964,0.6467974657243496,0.7095842318885606,0.6735418688784964
UNSW-NB15,FGSM,8,20,1024,2,9.983710765838623,3.1586122512817383,41.64116018073168,0.7213598600787058,0.9316420557504723,0.5330450895614577,0.6781068907940339,0.5194907683509608,0.04791891891891892,0.4669549104385423,0.7621833347840915,0.8661678005744207,0.4669549104385423,0.304948258271389,0.1977022012099029,0.08578928792023295,0.11965601587619033,-0.3974924491839466,0.4265405405405405,0.914210712079767,0.29931720775968773,0.4143281138857293,0.914210712079767
UNSW-NB15,RANDOM_LINF,8,20,1024,2,9.983710765838623,3.0331132411956787,12.150804061604237,0.7213598600787058,0.9316420557504723,0.5330450895614577,0.6781068907940339,0.5194907683509608,0.04791891891891892,0.4669549104385423,0.7621833347840915,0.8661678005744207,0.4669549104385423,0.5998518194626634,0.645274787136725,0.6068560840024707,0.6254760416074575,0.19723447096441638,0.4087297297297297,0.39314391599752935,0.6445835192489764,0.6764925173443166,0.39314391599752935
UNSW-NB15,RANDOM_L2,8,20,1024,2,9.983710765838623,3.1017580032348633,11.916387309915955,0.7213598600787058,0.9316420557504723,0.5330450895614577,0.6781068907940339,0.5194907683509608,0.04791891891891892,0.4669549104385423,0.7621833347840915,0.8661678005744207,0.4669549104385423,0.6021959869795462,0.6475209906656034,0.6090399717638754,0.6276912583835399,0.20193850850059256,0.40618918918918917,0.3909600282361246,0.6455441457737628,0.6763911026996404,0.3909600282361246
UNSW-NB15,FGSM,8,20,1024,3,9.960833311080933,2.7999136447906494,39.66015643978041,0.7476072487003839,0.9441389290882779,0.5756639901173564,0.7152332401469057,0.5624192395164117,0.04172972972972973,0.4243360098826436,0.8721417631122697,0.9241735392717234,0.4243360098826436,0.3510056843025798,0.09812481396963985,0.02181681814171005,0.03569688329032142,-0.33973549254053514,0.24567567567567566,0.9781831818582899,0.26402726580590996,0.40349235584008125,0.9781831818582899
UNSW-NB15,RANDOM_LINF,8,20,1024,3,9.960833311080933,3.0031936168670654,19.420152553077784,0.7476072487003839,0.9441389290882779,0.5756639901173564,0.7152332401469057,0.5624192395164117,0.04172972972972973,0.4243360098826436,0.8721417631122697,0.9241735392717234,0.4243360098826436,0.553405723169606,0.7117353246624796,0.31747992588017293,0.4390950833676567,0.18483029189480676,0.15754054054054054,0.6825200741198271,0.6592494291366281,0.688998362675094,0.6825200741198271
UNSW-NB15,RANDOM_L2,8,20,1024,3,9.960833311080933,3.026313304901123,19.348491473546137,0.7476072487003839,0.9441389290882779,0.5756639901173564,0.7152332401469057,0.5624192395164117,0.04172972972972973,0.4243360098826436,0.8721417631122697,0.9241735392717234,0.4243360098826436,0.5541223339649225,0.7075989598381971,0.3241418865260743,0.44461254500892616,0.18330236458187246,0.1641081081081081,0.6758581134739257,0.6583401004242573,0.6845558912292973,0.6758581134739257
UNSW-NB15,FGSM,8,20,2048,2,9.82535982131958,2.757627487182617,42.590973133168156,0.7825632803770102,0.9102111622898845,0.6713138621724168,0.7727191935606734,0.5977879222015232,0.08113513513513514,0.32868613782758316,0.7968461396519612,0.8932761834740973,0.32868613782758316,0.35665354904532864,0.34936479128856623,0.19533662754786907,0.25057302130790343,-0.2697987797721015,0.4457027027027027,0.8046633724521309,0.3596494788598711,0.43868215288033274,0.8046633724521309
UNSW-NB15,RANDOM_LINF,8,20,2048,2,9.82535982131958,2.8167848587036133,16.895010445513293,0.7825632803770102,0.9102111622898845,0.6713138621724168,0.7727191935606734,0.5977879222015232,0.08113513513513514,0.32868613782758316,0.7968461396519612,0.8932761834740973,0.32868613782758316,0.6136131759218773,0.6302956709456073,0.7213668049060267,0.6727631822576995,0.20912923450772344,0.5184054054054054,0.27863319509397333,0.6489743946165349,0.6756168451345319,0.27863319509397333
UNSW-NB15,RANDOM_L2,8,20,2048,2,9.82535982131958,2.878828763961792,16.689743963465,0.7825632803770102,0.9102111622898845,0.6713138621724168,0.7727191935606734,0.5977879222015232,0.08113513513513514,0.32868613782758316,0.7968461396519612,0.8932761834740973,0.32868613782758316,0.6156658407423602,0.6317542204854761,0.7239698226418424,0.6747257943483311,0.21332889853850248,0.5170270270270271,0.2760301773581576,0.6491188877375567,0.6746915227724822,0.2760301773581576
UNSW-NB15,FGSM,8,20,2048,3,9.91425347328186,3.524777889251709,12.37307486760919,0.7809843074381771,0.9500197810892786,0.6356657548751434,0.7616832311270881,0.6132587788415451,0.040972972972972976,0.3643342451248566,0.8158430796454267,0.8933816464034623,0.3643342451248566,0.6572535587620852,0.6293206377994408,0.9185343686579017,0.7469079885557459,0.3201498871413998,0.6628648648648648,0.08146563134209829,0.7923950168844394,0.7908997489507109,0.08146563134209829
UNSW-NB15,RANDOM_LINF,8,20,2048,3,9.91425347328186,4.147687911987305,12.732594859835789,0.7809843074381771,0.9500197810892786,0.6356657548751434,0.7616832311270881,0.6132587788415451,0.040972972972972976,0.3643342451248566,0.8158430796454267,0.8933816464034623,0.3643342451248566,0.6536583588398193,0.6670043099167808,0.7408232595076326,0.7019784492218936,0.29360957418548694,0.45313513513513515,0.25917674049236744,0.7067236750007752,0.7562824333243967,0.25917674049236744
UNSW-NB15,RANDOM_L2,8,20,2048,3,9.91425347328186,4.026052951812744,12.673079725987469,0.7809843074381771,0.9500197810892786,0.6356657548751434,0.7616832311270881,0.6132587788415451,0.040972972972972976,0.3643342451248566,0.8158430796454267,0.8933816464034623,0.3643342451248566,0.6542535101783025,0.6660693186293817,0.7461175328686138,0.7038247045114033,0.29448612099164573,0.4582972972972973,0.25388246713138624,0.7034800701610462,0.7494888499029935,0.25388246713138624
UNSW-NB15,FGSM,10,5,1024,2,44.69758653640747,77.09387564659119,19.073993101102854,0.5872807656804159,0.994511238891793,0.2518088767316686,0.40186586868509067,0.35918022492592366,0.0017027027027027026,0.7481911232683314,0.5908683633779371,0.8137301730544043,0.7481911232683314,0.39654083466938733,0.32792978016764196,0.09148063178328775,0.14305426196143364,-0.19069150246025007,0.2297027027027027,0.9085193682167123,0.41587785431685986,0.45773037869353334,0.9085193682167123
UNSW-NB15,RANDOM_LINF,10,5,1024,2,44.69758653640747,64.68883967399597,2.229995627459558,0.5872807656804159,0.994511238891793,0.2518088767316686,0.40186586868509067,0.35918022492592366,0.0017027027027027026,0.7481911232683314,0.5908683633779371,0.8137301730544043,0.7481911232683314,0.5649808094058203,0.6841046277665996,0.39001147092561544,0.4967966730358548,0.18153627461184554,0.22064864864864864,0.6099885290743845,0.5776326710324547,0.6619767668269836,0.6099885290743845
UNSW-NB15,RANDOM_L2,10,5,1024,2,44.69758653640747,62.411298990249634,2.4899188650828297,0.5872807656804159,0.994511238891793,0.2518088767316686,0.40186586868509067,0.35918022492592366,0.0017027027027027026,0.7481911232683314,0.5908683633779371,0.8137301730544043,0.7481911232683314,0.5623815770295876,0.6740513434623157,0.39733521574163944,0.4999583645599134,0.17203593886712476,0.23540540540540542,0.6026647842583606,0.5732399393901093,0.6539867386009314,0.6026647842583606
UNSW-NB15,FGSM,10,5,1024,3,42.071903467178345,32.266844749450684,15.30753534470194,0.6679541369090998,0.9716892104435357,0.40885026030177357,0.5755364407042822,0.4648390742728914,0.014594594594594595,0.5911497396982264,0.5235579743800096,0.781472995228159,0.5911497396982264,0.5148787834620804,0.5393348607118362,0.8152960381187682,0.6492064746748171,-0.05045624863893635,0.8531891891891892,0.1847039618812318,0.5479597489155084,0.5371763854949076,0.1847039618812318
UNSW-NB15,RANDOM_LINF,10,5,1024,3,42.071903467178345,50.09831690788269,7.4636836224068475,0.6679541369090998,0.9716892104435357,0.40885026030177357,0.5755364407042822,0.4648390742728914,0.014594594594594595,0.5911497396982264,0.5235579743800096,0.781472995228159,0.5911497396982264,0.5933173006850313,0.606000966166288,0.7471543280684726,0.6692154945022376,0.16192526920637215,0.5951621621621621,0.2528456719315274,0.6084892075522094,0.641443793984975,0.2528456719315274
UNSW-NB15,RANDOM_L2,10,5,1024,3,42.071903467178345,47.93007826805115,7.847495506000102,0.6679541369090998,0.9716892104435357,0.40885026030177357,0.5755364407042822,0.4648390742728914,0.014594594594594595,0.5911497396982264,0.5235579743800096,0.781472995228159,0.5911497396982264,0.5894791818490988,0.6014496578174205,0.7541471807994353,0.66919832049563,0.15264786467079366,0.6122702702702703,0.24585281920056473,0.5991392781425209,0.6288060838881063,0.24585281920056473
UNSW-NB15,FGSM,10,5,2048,2,41.82889914512634,14.183632373809814,21.464315211582374,0.5711388038672691,0.9849056603773585,0.22454336892261537,0.3657103849677547,0.33079495958377303,0.004216216216216216,0.7754566310773846,0.5754480863109646,0.6286828993724953,0.7754566310773846,0.3564956517514454,0.14486024700529296,0.034412776846377835,0.05561398192545587,-0.31641448267175315,0.2488918918918919,0.9655872231536222,0.24762110024301193,0.40038466585377414,0.9655872231536222
UNSW-NB15,RANDOM_LINF,10,5,2048,2,41.82889914512634,30.497915506362915,1.3457707817130626,0.5711388038672691,0.9849056603773585,0.22454336892261537,0.3657103849677547,0.33079495958377303,0.004216216216216216,0.7754566310773846,0.5754480863109646,0.6286828993724953,0.7754566310773846,0.5576810960501385,0.7509147199549676,0.2942733609812053,0.42284102255257777,0.21122995587494364,0.1195945945945946,0.7057266390187946,0.6518840905893099,0.6831880528674129,0.7057266390187946
UNSW-NB15,RANDOM_L2,10,5,2048,2,41.82889914512634,30.258973598480225,1.4125734829713799,0.5711388038672691,0.9849056603773585,0.22454336892261537,0.3657103849677547,0.33079495958377303,0.004216216216216216,0.7754566310773846,0.5754480863109646,0.6286828993724953,0.7754566310773846,0.5570130690375553,0.7446162341247929,0.29747198447013146,0.4251127013650263,0.20711937371524047,0.125,0.7025280155298685,0.6505681900024086,0.6809816385406908,0.7025280155298685
UNSW-NB15,FGSM,10,5,2048,3,43.62670588493347,18.019773960113525,9.421610066559783,0.6684278287907497,0.9664269825668615,0.412115062207712,0.5778265777956482,0.46305380676887137,0.01754054054054054,0.587884937792288,0.6114219100641274,0.805927925970735,0.587884937792288,0.5742117281251519,0.8183395291201983,0.2913615106326657,0.4297241020301926,0.2657827901043206,0.07924324324324325,0.7086384893673343,0.642902346889376,0.6794920084186218,0.7086384893673343
UNSW-NB15,RANDOM_LINF,10,5,2048,3,43.62670588493347,27.803176164627075,14.716027789923725,0.6684278287907497,0.9664269825668615,0.412115062207712,0.5778265777956482,0.46305380676887137,0.01754054054054054,0.587884937792288,0.6114219100641274,0.805927925970735,0.587884937792288,0.5212675508915124,0.6327336354255463,0.3111047383746581,0.4171189423403972,0.1006005739582162,0.22124324324324324,0.6888952616253419,0.5497975181901216,0.5798179923542647,0.6888952616253419
UNSW-NB15,RANDOM_L2,10,5,2048,3,43.62670588493347,27.594572067260742,14.76946995093038,0.6684278287907497,0.9664269825668615,0.412115062207712,0.5778265777956482,0.46305380676887137,0.01754054054054054,0.587884937792288,0.6114219100641274,0.805927925970735,0.587884937792288,0.5207331292814459,0.6337996081468994,0.3068472602135357,0.4135019842744393,0.10083461395383145,0.21721621621621623,0.6931527397864643,0.5513626771017908,0.5782338760855477,0.6931527397864643
UNSW-NB15,FGSM,10,10,1024,2,21.850421905517578,7.660526275634766,21.412087645144055,0.6989141524559103,0.9841165103454776,0.46060178240536487,0.62750755082721,0.5134983776259223,0.009108108108108108,0.5393982175946351,0.6760781576047945,0.8439257995907143,0.5393982175946351,0.4847932760044697,0.5433889219773674,0.40251919174093354,0.4624645174371452,-0.012031236684445168,0.4144054054054054,0.5974808082590665,0.4624868263216009,0.5582106619471319,0.5974808082590665
UNSW-NB15,RANDOM_LINF,10,10,1024,2,21.850421905517578,8.245607137680054,10.67142787737454,0.6989141524559103,0.9841165103454776,0.46060178240536487,0.62750755082721,0.5134983776259223,0.009108108108108108,0.5393982175946351,0.6760781576047945,0.8439257995907143,0.5393982175946351,0.5921998736821649,0.6898433715485225,0.4712123885996647,0.5599433791630077,0.21733681808720692,0.25956756756756755,0.5287876114003353,0.6400603481580937,0.6903000782570706,0.5287876114003353
UNSW-NB15,RANDOM_L2,10,10,1024,2,21.850421905517578,8.150540351867676,10.792887334207846,0.6989141524559103,0.9841165103454776,0.46060178240536487,0.62750755082721,0.5134983776259223,0.009108108108108108,0.5393982175946351,0.6760781576047945,0.8439257995907143,0.5393982175946351,0.5909852791138318,0.6835574591377193,0.47880084708373777,0.5631445806577156,0.21178017407131786,0.27156756756756756,0.5211991529162623,0.6388857662149046,0.6866652671225631,0.5211991529162623
UNSW-NB15,FGSM,10,10,1024,3,22.271689414978027,10.348094701766968,12.682796482534131,0.7321333138998203,0.957399984280437,0.5374128650842672,0.6884060018649863,0.5469571996040455,0.029297297297297298,0.46258713491573283,0.6360647418684016,0.7042567932489477,0.46258713491573283,0.605305349074479,0.6244232484199914,0.7105135445160152,0.6646924077016737,0.19221398650011595,0.5235945945945946,0.28948645548398483,0.30688776229905024,0.37607589520504275,0.28948645548398483
UNSW-NB15,RANDOM_LINF,10,10,1024,3,22.271689414978027,9.90580129623413,12.73745323810912,0.7321333138998203,0.957399984280437,0.5374128650842672,0.6884060018649863,0.5469571996040455,0.029297297297297298,0.46258713491573283,0.6360647418684016,0.7042567932489477,0.46258713491573283,0.6047587815187291,0.6360252674564519,0.6596664607782582,0.6476301854919924,0.19815248046412579,0.4625135135135135,0.3403335392217418,0.6282169507370248,0.6667848727316981,0.3403335392217418
UNSW-NB15,RANDOM_L2,10,10,1024,3,22.271689414978027,10.005550861358643,12.381577029587532,0.7321333138998203,0.957399984280437,0.5374128650842672,0.6884060018649863,0.5469571996040455,0.029297297297297298,0.46258713491573283,0.6360647418684016,0.7042567932489477,0.46258713491573283,0.608317543603945,0.6401456726649529,0.659181152386835,0.6495239751336782,0.20598395574543435,0.454,0.3408188476131651,0.6301341203994075,0.6660440488632821,0.3408188476131651
UNSW-NB15,FGSM,10,10,2048,2,21.823362827301025,6.09050726890564,37.279551085847544,0.6739785259680319,0.9512838035731719,0.4298949969116739,0.592178431432131,0.46359625248045905,0.026972972972972974,0.5701050030883261,0.7442297344993454,0.8631263183893472,0.5701050030883261,0.3011830151095564,0.13988077672195007,0.0522809494396894,0.07611401043757528,-0.4202940202971513,0.3938648648648649,0.9477190505603106,0.3426102845433451,0.433469632229714,0.9477190505603106
UNSW-NB15,RANDOM_LINF,10,10,2048,2,21.823362827301025,8.83121943473816,5.684302579798861,0.6739785259680319,0.9512838035731719,0.4298949969116739,0.592178431432131,0.46359625248045905,0.026972972972972974,0.5701050030883261,0.7442297344993454,0.8631263183893472,0.5701050030883261,0.6171355001700433,0.7077816562349543,0.5188608488484956,0.598772974899445,0.25995890001538896,0.2624594594594595,0.48113915115150446,0.6740481439040735,0.7223557035114079,0.48113915115150446
UNSW-NB15,RANDOM_L2,10,10,2048,2,21.823362827301025,8.924768924713135,6.372977700043725,0.6739785259680319,0.9512838035731719,0.4298949969116739,0.592178431432131,0.46359625248045905,0.026972972972972974,0.5701050030883261,0.7442297344993454,0.8631263183893472,0.5701050030883261,0.6102487489675946,0.6982544387556514,0.5144489543810112,0.5924222987133404,0.24523228938794597,0.27237837837837836,0.4855510456189888,0.6649718494303887,0.7112103107612647,0.4855510456189888
UNSW-NB15,FGSM,10,10,2048,3,22.28873062133789,20.199159145355225,34.18962250400816,0.7823082155176602,0.9727809017835581,0.6220330009706168,0.758836905771068,0.6256316513889727,0.021324324324324323,0.37796699902938324,0.6259245586913129,0.8105122139964093,0.37796699902938324,0.44041199047757856,0.4936074637180373,0.6302391246801377,0.5536177963802659,-0.17627490503423976,0.7921621621621622,0.36976087531986235,0.5541796457844945,0.6057167570352497,0.36976087531986235
UNSW-NB15,RANDOM_LINF,10,10,2048,3,22.28873062133789,11.454017162322998,18.78613418840791,0.7823082155176602,0.9727809017835581,0.6220330009706168,0.758836905771068,0.6256316513889727,0.021324324324324323,0.37796699902938324,0.6259245586913129,0.8105122139964093,0.37796699902938324,0.5944468736335811,0.6467508847817538,0.5804950145592518,0.6118344571029993,0.19106254435616843,0.3884594594594595,0.41950498544074827,0.5974408916438718,0.6148657606601422,0.41950498544074827
UNSW-NB15,RANDOM_L2,10,10,2048,3,22.28873062133789,10.951122760772705,18.781275810134566,0.7823082155176602,0.9727809017835581,0.6220330009706168,0.758836905771068,0.6256316513889727,0.021324324324324323,0.37796699902938324,0.6259245586913129,0.8105122139964093,0.37796699902938324,0.5944954574163145,0.6501130937421463,0.5706344304244243,0.607786471182538,0.1934744260463411,0.37627027027027027,0.42936556957557576,0.6026142770097371,0.6186814205815099,0.42936556957557576
UNSW-NB15,FGSM,10,15,1024,2,15.991926908493042,4.775695085525513,8.664917650488269,0.7213841519700724,0.9470910034740246,0.5232065648989677,0.6740461811722913,0.5269946982649201,0.03581081081081081,0.4767934351010324,0.7985208947918182,0.8945509958468569,0.4767934351010324,0.6347349754651898,0.6451772496337032,0.7479484690726198,0.692772130561373,0.2525781049811984,0.5039729729729729,0.2520515309273802,0.6741756369225486,0.6438304967041865,0.2520515309273802
UNSW-NB15,RANDOM_LINF,10,15,1024,2,15.991926908493042,5.18320631980896,10.344701938492939,0.7213841519700724,0.9470910034740246,0.5232065648989677,0.6740461811722913,0.5269946982649201,0.03581081081081081,0.4767934351010324,0.7985208947918182,0.8945509958468569,0.4767934351010324,0.617937132585143,0.6222468900870424,0.7790302655960469,0.6918676410085615,0.21454954354740824,0.5794324324324325,0.22096973440395307,0.6633862193283904,0.7062499225437909,0.22096973440395307
UNSW-NB15,RANDOM_L2,10,15,1024,2,15.991926908493042,5.163027763366699,10.381139775542925,0.7213841519700724,0.9470910034740246,0.5232065648989677,0.6740461811722913,0.5269946982649201,0.03581081081081081,0.4767934351010324,0.7985208947918182,0.8945509958468569,0.4767934351010324,0.6175727542146432,0.6212646698195831,0.7824053648636725,0.6925855773173732,0.2136415784138345,0.5843783783783784,0.21759463513632754,0.6612916250318969,0.7001811756342693,0.21759463513632754
UNSW-NB15,FGSM,10,15,1024,3,16.57129454612732,4.873615980148315,21.795899528737305,0.6822134771413302,0.9409680684641576,0.451138268772611,0.6098768377419259,0.4699810251665812,0.03467567567567568,0.548861731227389,0.7804113978312558,0.8768006965930053,0.548861731227389,0.4642544818539571,0.642907221313391,0.06068560840024707,0.11090282397049042,0.043448755209309325,0.041297297297297295,0.9393143915997529,0.3709997627116219,0.526315624761103,0.9393143915997529
UNSW-NB15,RANDOM_LINF,10,15,1024,3,16.57129454612732,5.2973856925964355,12.861341884079092,0.6822134771413302,0.9409680684641576,0.451138268772611,0.6098768377419259,0.4699810251665812,0.03467567567567568,0.548861731227389,0.7804113978312558,0.8768006965930053,0.548861731227389,0.5536000583005393,0.7311277547281643,0.2993249801464749,0.42475466028079073,0.19577993627293194,0.13486486486486488,0.7006750198535251,0.6373797472580671,0.6840207418853363,0.7006750198535251
UNSW-NB15,RANDOM_L2,10,15,1024,3,16.57129454612732,5.310662508010864,13.032599718214055,0.6822134771413302,0.9409680684641576,0.451138268772611,0.6098768377419259,0.4699810251665812,0.03467567567567568,0.548861731227389,0.7804113978312558,0.8768006965930053,0.548861731227389,0.5518874799591896,0.7152770690886825,0.3092296832259772,0.43178807947019865,0.18503456070631927,0.1508108108108108,0.6907703167740228,0.632899148563988,0.6767782354800299,0.6907703167740228
UNSW-NB15,FGSM,10,15,2048,2,15.949916362762451,4.073001146316528,39.86542292182869,0.8000412962153233,0.9521094997964106,0.6705638401129445,0.7869115572295784,0.6423968823862297,0.04132432432432433,0.3294361598870555,0.8295687611638816,0.8842851924884547,0.3294361598870555,0.4013870669970364,0.15822237592944838,0.020184417188740846,0.03580162378949428,-0.21680856875458948,0.13156756756756757,0.9798155828112591,0.4937400991722332,0.5057112178749066,0.9798155828112591
UNSW-NB15,RANDOM_LINF,10,15,2048,2,15.949916362762451,5.116012811660767,23.925083807025203,0.8000412962153233,0.9521094997964106,0.6705638401129445,0.7869115572295784,0.6423968823862297,0.04132432432432433,0.3294361598870555,0.8295687611638816,0.8842851924884547,0.3294361598870555,0.5607904581450712,0.7086689419795222,0.34353216271066794,0.4627453310948341,0.19173990249390716,0.17302702702702702,0.656467837289332,0.6259418884935408,0.684116096642079,0.656467837289332
UNSW-NB15,RANDOM_L2,10,15,2048,2,15.949916362762451,4.995434999465942,24.778943788563367,0.8000412962153233,0.9521094997964106,0.6705638401129445,0.7869115572295784,0.6423968823862297,0.04132432432432433,0.3294361598870555,0.8295687611638816,0.8842851924884547,0.3294361598870555,0.5522518583296896,0.6862736471623405,0.34410570899144094,0.4583761864182657,0.1684341438165085,0.19272972972972974,0.6558942910085591,0.6155465872207688,0.6706380750466723,0.6558942910085591
UNSW-NB15,FGSM,10,15,2048,3,15.915879249572754,5.927911281585693,31.56974202011369,0.8024340475149395,0.9292845749394458,0.6939909997352863,0.7945849013714545,0.6361735595842171,0.0647027027027027,0.30600900026471367,0.8007814839347421,0.8813657884497167,0.30600900026471367,0.48673662731380263,0.5378440931698429,0.4818671137386394,0.5083191771577502,-0.0253019023298287,0.5072972972972973,0.5181328862613607,0.48700014189606533,0.5059536583311989,0.5181328862613607
UNSW-NB15,RANDOM_LINF,10,15,2048,3,15.915879249572754,5.147926092147827,16.149249380556775,0.8024340475149395,0.9292845749394458,0.6939909997352863,0.7945849013714545,0.6361735595842171,0.0647027027027027,0.30600900026471367,0.8007814839347421,0.8813657884497167,0.30600900026471367,0.6409415537093718,0.6674951142832866,0.6931747992588018,0.6800926326724959,0.2715469601487336,0.42305405405405405,0.3068252007411983,0.6749792420365304,0.7061185338199338,0.3068252007411983
UNSW-NB15,RANDOM_L2,10,15,2048,3,15.915879249572754,5.042520761489868,15.716853714230194,0.8024340475149395,0.9292845749394458,0.6939909997352863,0.7945849013714545,0.6361735595842171,0.0647027027027027,0.30600900026471367,0.8007814839347421,0.8813657884497167,0.30600900026471367,0.6452655103726376,0.673256263698483,0.6911673872760964,0.682094263633395,0.28116017237801744,0.41097297297297297,0.30883261272390367,0.6801730714655359,0.7102231327854894,0.30883261272390367
UNSW-NB15,FGSM,10,20,1024,2,12.384660720825195,4.445303678512573,31.286741485692076,0.7873730748676092,0.9333187990531955,0.6610562075355157,0.7739411157024794,0.6151713844135193,0.05786486486486486,0.33894379246448425,0.7732718078751123,0.8729531246327298,0.33894379246448425,0.47450566001068845,0.5194255963009605,0.6096135180446484,0.5609174405033744,-0.08469717536389705,0.691027027027027,0.39038648195535164,0.4474549000050081,0.49030388262340036,0.39038648195535164
UNSW-NB15,RANDOM_LINF,10,20,1024,2,12.384660720825195,4.241535902023315,20.226643346450956,0.7873730748676092,0.9333187990531955,0.6610562075355157,0.7739411157024794,0.6151713844135193,0.05786486486486486,0.33894379246448425,0.7732718078751123,0.8729531246327298,0.33894379246448425,0.5851066414030996,0.6436229015091138,0.552258889967352,0.5944508423464603,0.17696742842917831,0.37464864864864866,0.447741110032648,0.6148813498489224,0.6622226658458533,0.447741110032648
UNSW-NB15,RANDOM_L2,10,20,1024,2,12.384660720825195,4.075238943099976,20.254579021522623,0.7873730748676092,0.9333187990531955,0.6610562075355157,0.7739411157024794,0.6151713844135193,0.05786486486486486,0.33894379246448425,0.7732718078751123,0.8729531246327298,0.33894379246448425,0.584827284652383,0.6421106296201886,0.5556781081796524,0.5957758804191008,0.17550815604943457,0.37945945945945947,0.44432189182034765,0.6149969080966611,0.6610523220281285,0.44432189182034765
UNSW-NB15,FGSM,10,20,1024,3,12.628649711608887,4.217126131057739,49.600398387018416,0.8348758684351164,0.9248025699370901,0.7620665313685696,0.8355847956752573,0.6855691177322508,0.07591891891891892,0.23793346863143033,0.7902743008935875,0.8705451677719491,0.23793346863143033,0.3388718845649322,0.2735417081425443,0.1212388599664696,0.16801173881144535,-0.31645599221613385,0.3944864864864865,0.8787611400335305,0.3671194252136192,0.44883546641857913,0.8787611400335305
UNSW-NB15,RANDOM_LINF,10,20,1024,3,12.628649711608887,3.839775323867798,23.755040567458586,0.8348758684351164,0.9248025699370901,0.7620665313685696,0.8355847956752573,0.6855691177322508,0.07591891891891892,0.23793346863143033,0.7902743008935875,0.8705451677719491,0.23793346863143033,0.5973254627605306,0.6743493572307957,0.519566751963293,0.5869248308600905,0.21353882450002076,0.3074054054054054,0.48043324803670695,0.6558993074518089,0.6891926590250779,0.48043324803670695
UNSW-NB15,RANDOM_L2,10,20,1024,3,12.628649711608887,3.8299689292907715,23.787834620803583,0.8348758684351164,0.9248025699370901,0.7620665313685696,0.8355847956752573,0.6855691177322508,0.07591891891891892,0.23793346863143033,0.7902743008935875,0.8705451677719491,0.23793346863143033,0.5969975222270806,0.6687965329481054,0.5310597370510898,0.5920224277001771,0.20942952931625794,0.3222162162162162,0.4689402629489103,0.6540203221398404,0.6834437445013272,0.4689402629489103
UNSW-NB15,FGSM,10,20,2048,2,12.634165287017822,3.3390865325927734,45.40518874799592,0.7873123451391926,0.9401082038788876,0.655475161034148,0.7724041123487438,0.6181054488693356,0.05116216216216216,0.34452483896585195,0.8212394102608741,0.8938912747459056,0.34452483896585195,0.33326045765923334,0.18865589997395155,0.06390629136151063,0.09547192196150804,-0.34840656117541796,0.33672972972972975,0.9360937086384894,0.3892271612917073,0.45312707955726866,0.9360937086384894
UNSW-NB15,RANDOM_LINF,10,20,2048,2,12.634165287017822,3.816284656524658,24.691492979643403,0.7873123451391926,0.9401082038788876,0.655475161034148,0.7724041123487438,0.6181054488693356,0.05116216216216216,0.34452483896585195,0.8212394102608741,0.8938912747459056,0.34452483896585195,0.5403974153427585,0.6629120640167,0.3362525368393188,0.4461844685771156,0.14055054879090312,0.2094864864864865,0.6637474631606812,0.5955953955919212,0.6377731207954926,0.6637474631606812
UNSW-NB15,RANDOM_L2,10,20,2048,2,12.634165287017822,3.772595167160034,24.61497352183841,0.7873123451391926,0.9401082038788876,0.655475161034148,0.7724041123487438,0.6181054488693356,0.05116216216216216,0.34452483896585195,0.8212394102608741,0.8938912747459056,0.34452483896585195,0.5411626099208084,0.6595025967993919,0.34454689843818936,0.4526262406723176,0.13912065443738533,0.21794594594594593,0.6554531015618107,0.5971762071897185,0.636300205319957,0.6554531015618107
UNSW-NB15,FGSM,10,20,2048,3,12.685444831848145,3.891425609588623,17.154933683136576,0.8606374192294612,0.9481416772554002,0.7901041207094326,0.8619386821966598,0.7358730629354565,0.05294594594594595,0.20989587929056738,0.6982412176471008,0.7551735568737528,0.20989587929056738,0.6890880823980955,0.7832577366940345,0.6018706432542134,0.6806875732854327,0.40054088795556503,0.20405405405405405,0.39812935674578664,0.7960036532274797,0.8271099730036386,0.39812935674578664
UNSW-NB15,RANDOM_LINF,10,20,2048,3,12.685444831848145,4.0670554637908936,29.34460477092746,0.8606374192294612,0.9481416772554002,0.7901041207094326,0.8619386821966598,0.7358730629354565,0.05294594594594595,0.20989587929056738,0.6982412176471008,0.7551735568737528,0.20989587929056738,0.5671913715201866,0.6632659932659932,0.43454954557486986,0.5250826314105982,0.1701419725853485,0.2702972972972973,0.5654504544251302,0.6227093640671468,0.6551089969077333,0.5654504544251302
UNSW-NB15,RANDOM_L2,10,20,2048,3,12.685444831848145,4.338202714920044,29.027595588592536,0.8606374192294612,0.9481416772554002,0.7901041207094326,0.8619386821966598,0.7358730629354565,0.05294594594594595,0.20989587929056738,0.6982412176471008,0.7551735568737528,0.20989587929056738,0.5703614633435359,0.6667224696152945,0.43927027265507806,0.5296081064907778,0.1761337383481749,0.269027027027027,0.5607297273449219,0.6259612644608784,0.6553905114825475,0.5607297273449219
UNSW-NB15,FGSM,16,10,2048,2,154.36028859997168,11.057142700068653,28.428800466404315,0.7441456541806345,0.9678426836321573,0.5537148151416218,0.704421401209536,0.5688126000367356,0.02254054054054054,0.4462851848583782,0.7959602547928675,0.8847503447899279,0.4462851848583782,0.45985764951659136,0.5440409207161125,0.11731227389040855,0.19300633313372167,-0.004839802185869307,0.12045945945945946,0.8826877261095915,0.4208304592424419,0.5540306038657581,0.8826877261095915
UNSW-NB15,RANDOM_LINF,16,10,2048,2,154.36028859997168,12.518096500309184,24.974493514065006,0.7441456541806345,0.9678426836321573,0.5537148151416218,0.704421401209536,0.5688126000367356,0.02254054054054054,0.4462851848583782,0.7959602547928675,0.8847503447899279,0.4462851848583782,0.49440071903998445,0.6799766831827455,0.1543942468896144,0.25164943820224717,0.09831244392400652,0.08902702702702703,0.8456057531103855,0.5982345640332825,0.6211869272725479,0.8456057531103855
UNSW-NB15,RANDOM_L2,16,10,2048,2,154.36028859997168,11.80285600014031,25.13360540251664,0.7441456541806345,0.9678426836321573,0.5537148151416218,0.704421401209536,0.5688126000367356,0.02254054054054054,0.4462851848583782,0.7959602547928675,0.8847503447899279,0.4462851848583782,0.4928096001554681,0.6682991147108683,0.15653401570634431,0.2536550491510277,0.09104537955492156,0.09518918918918919,0.8434659842936557,0.593967334392983,0.6189297681492892,0.8434659842936557
UNSW-NB15,FGSM,16,20,2048,2,89.20602599997073,7.918194799916819,49.523878929213424,0.8720667541174756,0.9171041591753566,0.8439292332127416,0.8789964042413868,0.746683340486204,0.09345945945945947,0.15607076678725845,0.8688859361324618,0.9198768407565491,0.15607076678725845,0.3768279648253413,0.3509305922858141,0.15514426894908673,0.21516528230309148,-0.22767951449097304,0.3515675675675676,0.8448557310509133,0.416406472308804,0.4750048939952819,0.8448557310509133
UNSW-NB15,RANDOM_LINF,16,20,2048,2,89.20602599997073,7.67150150006637,30.973376087062142,0.8720667541174756,0.9171041591753566,0.8439292332127416,0.8789964042413868,0.746683340486204,0.09345945945945947,0.15607076678725845,0.8688859361324618,0.9198768407565491,0.15607076678725845,0.5623329932468542,0.7375332107091763,0.31842848319068207,0.44481079748551705,0.20985916578397323,0.13883783783783785,0.6815715168093179,0.6730195348551586,0.7079958655093532,0.6815715168093179
UNSW-NB15,RANDOM_L2,16,20,2048,2,89.20602599997073,7.867766499985009,31.415488509935386,0.8720667541174756,0.9171041591753566,0.8439292332127416,0.8789964042413868,0.746683340486204,0.09345945945945947,0.15607076678725845,0.8688859361324618,0.9198768407565491,0.15607076678725845,0.5579118690181217,0.7270047769082224,0.31558281125915466,0.4401169050915244,0.19874296169015668,0.1451891891891892,0.6844171887408453,0.666502163914996,0.6999022717133971,0.6844171887408453
UNSW-NB15,FGSM,32,10,2048,2,309.0753505998291,26.1466001002118,38.91925375309721,0.8219890200651022,0.9316429335284516,0.730278831730345,0.8187619024064502,0.6674944617700783,0.06564864864864865,0.269721168269655,0.8663090722859098,0.922363964648325,0.269721168269655,0.4327964825341301,0.47754082739131865,0.3205903114797494,0.3836336039068171,-0.11246905825986384,0.4297297297297297,0.6794096885202506,0.43836591656511364,0.5448862797112014,0.6794096885202506
UNSW-NB15,RANDOM_LINF,32,10,2048,2,309.0753505998291,24.3437928003259,21.04649468007579,0.8219890200651022,0.9316429335284516,0.730278831730345,0.8187619024064502,0.6674944617700783,0.06564864864864865,0.269721168269655,0.8663090722859098,0.922363964648325,0.269721168269655,0.6115240732643443,0.6863517060367454,0.5422438895261625,0.6058462524338846,0.2394564423866716,0.3035945945945946,0.45775611047383746,0.668950787702023,0.689099321388785,0.45775611047383746
UNSW-NB15,RANDOM_L2,32,10,2048,2,309.0753505998291,24.164833900285885,21.681727639313998,0.8219890200651022,0.9316429335284516,0.730278831730345,0.8187619024064502,0.6674944617700783,0.06564864864864865,0.269721168269655,0.8663090722859098,0.922363964648325,0.269721168269655,0.6051717436719622,0.680455888560574,0.5333980411188565,0.5980189694189224,0.227481525824146,0.30689189189189187,0.4666019588811436,0.6614417325867294,0.6813103872998381,0.4666019588811436
UNSW-NB15,FGSM,32,20,2048,2,160.5636305999942,8.886015499942005,56.71184958460865,0.8694796676869261,0.8857461521302699,0.8759375275743404,0.8808145338390896,0.736642451537334,0.13843243243243245,0.12406247242565958,0.8995497002892772,0.9385448276498003,0.12406247242565958,0.30236117184083955,0.08289691289966925,0.026537545221918292,0.04020453178263485,-0.4349309875367989,0.3597027027027027,0.9734624547780817,0.31054265288406735,0.42309842813515286,0.9734624547780817
UNSW-NB15,RANDOM_LINF,32,20,2048,2,160.5636305999942,9.546146099921316,27.373317786522854,0.8694796676869261,0.8857461521302699,0.8759375275743404,0.8808145338390896,0.736642451537334,0.13843243243243245,0.12406247242565958,0.8995497002892772,0.9385448276498003,0.12406247242565958,0.5957464898216975,0.7274683783273551,0.4250198535251037,0.5365581965272846,0.24485873284063392,0.19508108108108108,0.5749801464748964,0.6985366840081942,0.7244395666387099,0.5749801464748964
UNSW-NB15,RANDOM_L2,32,20,2048,2,160.5636305999942,9.374718400184065,27.33809454404119,0.8694796676869261,0.8857461521302699,0.8759375275743404,0.8808145338390896,0.736642451537334,0.13843243243243245,0.12406247242565958,0.8995497002892772,0.9385448276498003,0.12406247242565958,0.5960987222465142,0.7234680284191829,0.43128474366893144,0.5404112996848913,0.24291864879742273,0.20197297297297298,0.5687152563310686,0.6973081979557427,0.7215800053306793,0.5687152563310686
UNSW-NB15,C&W,16,10,2048,2,149.42549629998393,107.22146649984643,0.0,0.7441456541806345,0.9678426836321573,0.5537148151416218,0.704421401209536,0.5688126000367356,0.02254054054054054,0.4462851848583782,0.7959602547928675,0.8847503447899279,0.4462851848583782,0.7441456541806345,0.9678426836321573,0.5537148151416218,0.704421401209536,0.5688126000367356,0.02254054054054054,0.4462851848583782,0.7959602547928675,0.8847503447899279,0.4462851848583782
UNSW-NB15,C&W,16,20,2048,2,82.67187640001066,38.634004099993035,0.0,0.8720667541174756,0.9171041591753566,0.8439292332127416,0.8789964042413868,0.746683340486204,0.09345945945945947,0.15607076678725845,0.8688859361324618,0.9198768407565491,0.15607076678725845,0.8720667541174756,0.9171041591753566,0.8439292332127416,0.8789964042413868,0.746683340486204,0.09345945945945947,0.15607076678725845,0.8688859361324618,0.9198768407565491,0.15607076678725845
UNSW-NB15,C&W,32,10,2048,2,335.393756599864,192.9929311000742,0.0,0.8219890200651022,0.9316429335284516,0.730278831730345,0.8187619024064502,0.6674944617700783,0.06564864864864865,0.269721168269655,0.8663090722859098,0.922363964648325,0.269721168269655,0.8219890200651022,0.9316429335284516,0.730278831730345,0.8187619024064502,0.6674944617700783,0.06564864864864865,0.269721168269655,0.8663090722859098,0.922363964648325,0.269721168269655
UNSW-NB15,C&W,32,20,2048,2,187.8718210000079,76.87935389974155,0.0,0.8694796676869261,0.8857461521302699,0.8759375275743404,0.8808145338390896,0.736642451537334,0.13843243243243245,0.12406247242565958,0.8995497002892772,0.9385448276498003,0.12406247242565958,0.8694796676869261,0.8857461521302699,0.8759375275743404,0.8808145338390896,0.736642451537334,0.13843243243243245,0.12406247242565958,0.8995497002892772,0.9385448276498003,0.12406247242565958
UNSW-NB15,C&W,1,5,1024,2,29.376267400104553,22.21489859931171,0.0,0.6864888500218627,0.9925312878482034,0.43386570193240975,0.6037944372812672,0.500187125542019,0.004,0.5661342980675902,0.5,0.7753000048583782,0.5661342980675902,0.6864888500218627,0.9925312878482034,0.43386570193240975,0.6037944372812672,0.500187125542019,0.004,0.5661342980675902,0.5,0.7753000048583782,0.5661342980675902
UNSW-NB15,C&W,1,5,1024,3,30.068853499833494,22.240554799791425,0.0,0.6864888500218627,0.9925312878482034,0.43386570193240975,0.6037944372812672,0.500187125542019,0.004,0.5661342980675902,0.5,0.7753000048583782,0.5661342980675902,0.6864888500218627,0.9925312878482034,0.43386570193240975,0.6037944372812672,0.500187125542019,0.004,0.5661342980675902,0.5,0.7753000048583782,0.5661342980675902
UNSW-NB15,C&W,1,5,2048,2,29.653243199922144,22.10478310054168,0.0,0.6864888500218627,0.9925312878482034,0.43386570193240975,0.6037944372812672,0.500187125542019,0.004,0.5661342980675902,0.5,0.7753000048583782,0.5661342980675902,0.6864888500218627,0.9925312878482034,0.43386570193240975,0.6037944372812672,0.500187125542019,0.004,0.5661342980675902,0.5,0.7753000048583782,0.5661342980675902
UNSW-NB15,C&W,1,5,2048,3,30.702126400079578,22.158125599846244,0.0,0.6864888500218627,0.9925312878482034,0.43386570193240975,0.6037944372812672,0.500187125542019,0.004,0.5661342980675902,0.5,0.7753000048583782,0.5661342980675902,0.6864888500218627,0.9925312878482034,0.43386570193240975,0.6037944372812672,0.500187125542019,0.004,0.5661342980675902,0.5,0.7753000048583782,0.5661342980675902
UNSW-NB15,C&W,1,10,1024,2,22.04715809971094,13.701514799613506,0.0,0.44939999028324346,0.0,0.0,0.0,0.0,0.0,1.0,0.5,0.7753000048583782,1.0,0.44939999028324346,0.0,0.0,0.0,0.0,0.0,1.0,0.5,0.7753000048583782,1.0
UNSW-NB15,C&W,1,10,1024,3,24.928764199838042,13.771375900600106,0.0,0.44939999028324346,0.0,0.0,0.0,0.0,0.0,1.0,0.5,0.7753000048583782,1.0,0.44939999028324346,0.0,0.0,0.0,0.0,0.0,1.0,0.5,0.7753000048583782,1.0
UNSW-NB15,C&W,1,10,2048,2,22.30589810013771,13.700663099996746,0.0,0.44939999028324346,0.0,0.0,0.0,0.0,0.0,1.0,0.5,0.7753000048583782,1.0,0.44939999028324346,0.0,0.0,0.0,0.0,0.0,1.0,0.5,0.7753000048583782,1.0
UNSW-NB15,C&W,1,10,2048,3,21.980228000320494,13.913334099575877,0.0,0.44939999028324346,0.0,0.0,0.0,0.0,0.0,1.0,0.5,0.7753000048583782,1.0,0.44939999028324346,0.0,0.0,0.0,0.0,0.0,1.0,0.5,0.7753000048583782,1.0
UNSW-NB15,C&W,1,15,1024,2,19.223622200079262,7.518870400264859,0.0,0.7130155953942574,0.9609633845892448,0.49905144268949087,0.6569387577315097,0.5220401475226811,0.02483783783783784,0.5009485573105091,0.5606756756756757,0.7911795688702756,0.5009485573105091,0.7130155953942574,0.9609633845892448,0.49905144268949087,0.6569387577315097,0.5220401475226811,0.02483783783783784,0.5009485573105091,0.5606756756756757,0.7911795688702756,0.5009485573105091
UNSW-NB15,C&W,1,15,1024,3,19.333794499747455,7.411564399953932,0.0,0.7130155953942574,0.9609633845892448,0.49905144268949087,0.6569387577315097,0.5220401475226811,0.02483783783783784,0.5009485573105091,0.5606756756756757,0.7911795688702756,0.5009485573105091,0.7130155953942574,0.9609633845892448,0.49905144268949087,0.6569387577315097,0.5220401475226811,0.02483783783783784,0.5009485573105091,0.5606756756756757,0.7911795688702756,0.5009485573105091
UNSW-NB15,C&W,1,15,2048,2,20.798321400303394,7.55411330005154,0.0,0.7130155953942574,0.9609633845892448,0.49905144268949087,0.6569387577315097,0.5220401475226811,0.02483783783783784,0.5009485573105091,0.5606756756756757,0.7911795688702756,0.5009485573105091,0.7130155953942574,0.9609633845892448,0.49905144268949087,0.6569387577315097,0.5220401475226811,0.02483783783783784,0.5009485573105091,0.5606756756756757,0.7911795688702756,0.5009485573105091
UNSW-NB15,C&W,1,15,2048,3,19.263124300166965,7.4163066004402936,0.0,0.7130155953942574,0.9609633845892448,0.49905144268949087,0.6569387577315097,0.5220401475226811,0.02483783783783784,0.5009485573105091,0.5606756756756757,0.7911795688702756,0.5009485573105091,0.7130155953942574,0.9609633845892448,0.49905144268949087,0.6569387577315097,0.5220401475226811,0.02483783783783784,0.5009485573105091,0.5606756756756757,0.7911795688702756,0.5009485573105091
UNSW-NB15,C&W,1,20,1024,2,17.913532900158316,5.713553001172841,0.0,0.6809502987902638,0.9828774062816616,0.4279978822906556,0.5963240717973937,0.48802497771523806,0.009135135135135135,0.5720021177093444,0.5937297297297297,0.8006260279059897,0.5720021177093444,0.6809502987902638,0.9828774062816616,0.4279978822906556,0.5963240717973937,0.48802497771523806,0.009135135135135135,0.5720021177093444,0.5937297297297297,0.8006260279059897,0.5720021177093444
UNSW-NB15,C&W,1,20,1024,3,18.039932899642736,5.749691599979997,0.0,0.6809502987902638,0.9828774062816616,0.4279978822906556,0.5963240717973937,0.48802497771523806,0.009135135135135135,0.5720021177093444,0.5937297297297297,0.8006260279059897,0.5720021177093444,0.6809502987902638,0.9828774062816616,0.4279978822906556,0.5963240717973937,0.48802497771523806,0.009135135135135135,0.5720021177093444,0.5937297297297297,0.8006260279059897,0.5720021177093444
UNSW-NB15,C&W,1,20,2048,2,17.877620600163937,5.823954299557954,0.0,0.6809502987902638,0.9828774062816616,0.4279978822906556,0.5963240717973937,0.48802497771523806,0.009135135135135135,0.5720021177093444,0.5937297297297297,0.8006260279059897,0.5720021177093444,0.6809502987902638,0.9828774062816616,0.4279978822906556,0.5963240717973937,0.48802497771523806,0.009135135135135135,0.5720021177093444,0.5937297297297297,0.8006260279059897,0.5720021177093444
UNSW-NB15,C&W,1,20,2048,3,17.92945280019194,5.808029300998896,0.0,0.6809502987902638,0.9828774062816616,0.4279978822906556,0.5963240717973937,0.48802497771523806,0.009135135135135135,0.5720021177093444,0.5937297297297297,0.8006260279059897,0.5720021177093444,0.6809502987902638,0.9828774062816616,0.4279978822906556,0.5963240717973937,0.48802497771523806,0.009135135135135135,0.5720021177093444,0.5937297297297297,0.8006260279059897,0.5720021177093444
UNSW-NB15,C&W,2,5,1024,2,45.826281499583274,42.87610640004277,-0.0012145945683328385,0.4574406063256085,0.7526717557251908,0.021750639724697787,0.04227949058788217,0.05165413882937576,0.008756756756756757,0.9782493602753022,0.6216081081081082,0.8090832231055596,0.9782493602753022,0.45745275227129184,0.7528604118993135,0.021772699197035207,0.04232146302767832,0.051722412793084524,0.008756756756756757,0.9782273008029648,0.6216081081081082,0.8090832231055596,0.9782273008029648
UNSW-NB15,C&W,2,5,1024,3,46.633762600366026,41.420140399597585,-0.0012145945683328385,0.4574406063256085,0.7526717557251908,0.021750639724697787,0.04227949058788217,0.05165413882937576,0.008756756756756757,0.9782493602753022,0.6216081081081082,0.8090832231055596,0.9782493602753022,0.45745275227129184,0.7528604118993135,0.021772699197035207,0.04232146302767832,0.051722412793084524,0.008756756756756757,0.9782273008029648,0.6216081081081082,0.8090832231055596,0.9782273008029648
UNSW-NB15,C&W,2,5,2048,2,46.69868030026555,41.394906799308956,-0.0012145945683328385,0.4574406063256085,0.7526717557251908,0.021750639724697787,0.04227949058788217,0.05165413882937576,0.008756756756756757,0.9782493602753022,0.6216081081081082,0.8090832231055596,0.9782493602753022,0.45745275227129184,0.7528604118993135,0.021772699197035207,0.04232146302767832,0.051722412793084524,0.008756756756756757,0.9782273008029648,0.6216081081081082,0.8090832231055596,0.9782273008029648
UNSW-NB15,C&W,2,5,2048,3,46.427917200140655,41.385629100725055,-0.0012145945683328385,0.4574406063256085,0.7526717557251908,0.021750639724697787,0.04227949058788217,0.05165413882937576,0.008756756756756757,0.9782493602753022,0.6216081081081082,0.8090832231055596,0.9782493602753022,0.45745275227129184,0.7528604118993135,0.021772699197035207,0.04232146302767832,0.051722412793084524,0.008756756756756757,0.9782273008029648,0.6216081081081082,0.8090832231055596,0.9782273008029648
UNSW-NB15,C&W,2,10,1024,2,30.19289019983262,21.50869130017236,-0.0012145945683328385,0.45737987659719187,0.7524980784012298,0.021596223418335832,0.04198743379152103,0.05142929569848152,0.008702702702702703,0.9784037765816642,0.6217396764650471,0.7615441944303264,0.9784037765816642,0.4573920225428752,0.7526881720430108,0.021618282890673256,0.04202942059441609,0.05149781593502099,0.008702702702702703,0.9783817171093268,0.6217396764650471,0.7615441944303264,0.9783817171093268
UNSW-NB15,C&W,2,10,1024,3,30.229036999866366,21.836662399582565,-0.0012145945683328385,0.45737987659719187,0.7524980784012298,0.021596223418335832,0.04198743379152103,0.05142929569848152,0.008702702702702703,0.9784037765816642,0.6217396764650471,0.7615441944303264,0.9784037765816642,0.4573920225428752,0.7526881720430108,0.021618282890673256,0.04202942059441609,0.05149781593502099,0.008702702702702703,0.9783817171093268,0.6217396764650471,0.7615441944303264,0.9783817171093268
UNSW-NB15,C&W,2,10,2048,2,30.302292000036687,21.745817699935287,-0.0012145945683328385,0.45737987659719187,0.7524980784012298,0.021596223418335832,0.04198743379152103,0.05142929569848152,0.008702702702702703,0.9784037765816642,0.6217396764650471,0.7615441944303264,0.9784037765816642,0.4573920225428752,0.7526881720430108,0.021618282890673256,0.04202942059441609,0.05149781593502099,0.008702702702702703,0.9783817171093268,0.6217396764650471,0.7615441944303264,0.9783817171093268
UNSW-NB15,C&W,2,10,2048,3,35.530667199753225,23.92658899957314,-0.0012145945683328385,0.45737987659719187,0.7524980784012298,0.021596223418335832,0.04198743379152103,0.05142929569848152,0.008702702702702703,0.9784037765816642,0.6217396764650471,0.7615441944303264,0.9784037765816642,0.4573920225428752,0.7526881720430108,0.021618282890673256,0.04202942059441609,0.05149781593502099,0.008702702702702703,0.9783817171093268,0.6217396764650471,0.7615441944303264,0.9783817171093268
UNSW-NB15,C&W,2,15,1024,2,24.76794320018962,10.26062860013917,-0.0012145945683328385,0.6799543312442307,0.9809953375228055,0.42700520603547165,0.5950141399237674,0.4857706799999616,0.010135135135135136,0.5729947939645283,0.7652059612444881,0.8784541150661271,0.5729947939645283,0.679966477189914,0.980996300613186,0.42702726550780906,0.595035733497272,0.4857879561960979,0.010135135135135136,0.572972734492191,0.7652059612444881,0.8784541150661271,0.572972734492191
UNSW-NB15,C&W,2,15,1024,3,28.23606469994411,10.346630200278014,-0.0012145945683328385,0.6801972501578973,0.9820395738203958,0.4269831465631342,0.5951846499185142,0.48659223812945884,0.009567567567567568,0.5730168534368658,0.7652059612444881,0.8784541150661271,0.5730168534368658,0.6802093961035807,0.9820404850083709,0.42700520603547165,0.5952062481742847,0.4866094947661052,0.009567567567567568,0.5729947939645283,0.7652059612444881,0.8784541150661271,0.5729947939645283
UNSW-NB15,C&W,2,15,2048,2,25.0025912001729,10.40150560066104,-0.0012145945683328385,0.6801972501578973,0.9820395738203958,0.4269831465631342,0.5951846499185142,0.48659223812945884,0.009567567567567568,0.5730168534368658,0.7652059612444881,0.8784541150661271,0.5730168534368658,0.6802093961035807,0.9820404850083709,0.42700520603547165,0.5952062481742847,0.4866094947661052,0.009567567567567568,0.5729947939645283,0.7652059612444881,0.8784541150661271,0.5729947939645283
UNSW-NB15,C&W,2,15,2048,3,25.305229200050235,10.164317700080574,-0.0012145945683328385,0.6801972501578973,0.9820395738203958,0.4269831465631342,0.5951846499185142,0.48659223812945884,0.009567567567567568,0.5730168534368658,0.7652059612444881,0.8784541150661271,0.5730168534368658,0.6802093961035807,0.9820404850083709,0.42700520603547165,0.5952062481742847,0.4866094947661052,0.009567567567567568,0.5729947939645283,0.7652059612444881,0.8784541150661271,0.5729947939645283
UNSW-NB15,C&W,2,20,1024,2,22.430598200298846,12.1070169005543,-0.0012145945683328385,0.4595540008745081,0.7757255936675461,0.025941939468807906,0.050204918032786885,0.0619856472870089,0.009189189189189189,0.9740580605311921,0.6600282459619241,0.8218101667387869,0.9740580605311921,0.4595661468201914,0.7758734344100198,0.025963998941145327,0.050246536745714956,0.06204719122271512,0.009189189189189189,0.9740360010588547,0.6600357762907176,0.8218141136197151,0.9740360010588547
UNSW-NB15,C&W,2,20,1024,3,22.550717500038445,12.172139299567789,-0.0012145945683328385,0.4595540008745081,0.7757255936675461,0.025941939468807906,0.050204918032786885,0.0619856472870089,0.009189189189189189,0.9740580605311921,0.6600282459619241,0.8218101667387869,0.9740580605311921,0.4595661468201914,0.7758734344100198,0.025963998941145327,0.050246536745714956,0.06204719122271512,0.009189189189189189,0.9740360010588547,0.6600357762907176,0.8218141136197151,0.9740360010588547
UNSW-NB15,C&W,2,20,2048,2,22.313131099566817,12.309225599747151,-0.0012145945683328385,0.4595540008745081,0.7757255936675461,0.025941939468807906,0.050204918032786885,0.0619856472870089,0.009189189189189189,0.9740580605311921,0.6600282459619241,0.8218101667387869,0.9740580605311921,0.4595661468201914,0.7758734344100198,0.025963998941145327,0.050246536745714956,0.06204719122271512,0.009189189189189189,0.9740360010588547,0.6600357762907176,0.8218141136197151,0.9740360010588547
UNSW-NB15,C&W,2,20,2048,3,22.40113430004567,12.010851600207388,-0.0012145945683328385,0.4595540008745081,0.7757255936675461,0.025941939468807906,0.050204918032786885,0.0619856472870089,0.009189189189189189,0.9740580605311921,0.6600282459619241,0.8218101667387869,0.9740580605311921,0.4595661468201914,0.7758734344100198,0.025963998941145327,0.050246536745714956,0.06204719122271512,0.009189189189189189,0.9740360010588547,0.6600357762907176,0.8218141136197151,0.9740360010588547
UNSW-NB15,C&W,4,5,1024,2,80.77040780009702,79.76326869986951,0.0,0.5790579604528009,0.9984125501914277,0.2358598782317127,0.38157777341589194,0.34810464623306187,0.00045945945945945947,0.7641401217682873,0.5226941567438789,0.7810227093204983,0.7641401217682873,0.5790579604528009,0.9984125501914277,0.2358598782317127,0.38157777341589194,0.34810464623306187,0.00045945945945945947,0.7641401217682873,0.5226941567438789,0.7810227093204983,0.7641401217682873
UNSW-NB15,C&W,4,5,1024,3,79.81250189989805,81.48655140027404,0.0,0.5790579604528009,0.9984125501914277,0.2358598782317127,0.38157777341589194,0.34810464623306187,0.00045945945945945947,0.7641401217682873,0.5226941567438789,0.7810227093204983,0.7641401217682873,0.5790579604528009,0.9984125501914277,0.2358598782317127,0.38157777341589194,0.34810464623306187,0.00045945945945945947,0.7641401217682873,0.5226941567438789,0.7810227093204983,0.7641401217682873
UNSW-NB15,C&W,4,5,2048,2,78.34853219985962,80.29801040049642,0.0,0.5790579604528009,0.9984125501914277,0.2358598782317127,0.38157777341589194,0.34810464623306187,0.00045945945945945947,0.7641401217682873,0.5226941567438789,0.7810227093204983,0.7641401217682873,0.5790579604528009,0.9984125501914277,0.2358598782317127,0.38157777341589194,0.34810464623306187,0.00045945945945945947,0.7641401217682873,0.5226941567438789,0.7810227093204983,0.7641401217682873
UNSW-NB15,C&W,4,5,2048,3,80.2037173002027,83.71782650006935,0.0,0.5790579604528009,0.9984125501914277,0.2358598782317127,0.38157777341589194,0.34810464623306187,0.00045945945945945947,0.7641401217682873,0.5226941567438789,0.7810227093204983,0.7641401217682873,0.5790579604528009,0.9984125501914277,0.2358598782317127,0.38157777341589194,0.34810464623306187,0.00045945945945945947,0.7641401217682873,0.5226941567438789,0.7810227093204983,0.7641401217682873
UNSW-NB15,C&W,4,10,1024,2,46.99769499991089,33.1665500998497,0.0,0.5810013117621338,0.997246443322625,0.23967616694608665,0.386469134045921,0.35065597796915254,0.0008108108108108108,0.7603238330539134,0.7076763869446081,0.8530839474943046,0.7603238330539134,0.5810013117621338,0.997246443322625,0.23967616694608665,0.386469134045921,0.35065597796915254,0.0008108108108108108,0.7603238330539134,0.7076763869446081,0.8530839474943046,0.7603238330539134
UNSW-NB15,C&W,4,10,1024,3,58.43300630012527,34.392854200676084,0.0,0.5810013117621338,0.997246443322625,0.23967616694608665,0.386469134045921,0.35065597796915254,0.0008108108108108108,0.7603238330539134,0.7076763869446081,0.8530839474943046,0.7603238330539134,0.5810013117621338,0.997246443322625,0.23967616694608665,0.386469134045921,0.35065597796915254,0.0008108108108108108,0.7603238330539134,0.7076763869446081,0.8530839474943046,0.7603238330539134
UNSW-NB15,C&W,4,10,2048,2,46.51626869989559,32.925122098997235,0.0,0.5810013117621338,0.997246443322625,0.23967616694608665,0.386469134045921,0.35065597796915254,0.0008108108108108108,0.7603238330539134,0.7076763869446081,0.8530839474943046,0.7603238330539134,0.5810013117621338,0.997246443322625,0.23967616694608665,0.386469134045921,0.35065597796915254,0.0008108108108108108,0.7603238330539134,0.7076763869446081,0.8530839474943046,0.7603238330539134
UNSW-NB15,C&W,4,10,2048,3,47.55940259993076,32.94156980002299,0.0,0.5810013117621338,0.997246443322625,0.23967616694608665,0.386469134045921,0.35065597796915254,0.0008108108108108108,0.7603238330539134,0.7076763869446081,0.8530839474943046,0.7603238330539134,0.5810013117621338,0.997246443322625,0.23967616694608665,0.386469134045921,0.35065597796915254,0.0008108108108108108,0.7603238330539134,0.7076763869446081,0.8530839474943046,0.7603238330539134
UNSW-NB15,C&W,4,15,1024,2,36.15138230007142,19.267017500009388,0.0,0.6895131904970121,0.982853793170827,0.4438365834289244,0.611522271021078,0.4998793858855765,0.009486486486486487,0.5561634165710756,0.7271145002873693,0.8591537527454147,0.5561634165710756,0.6895131904970121,0.982853793170827,0.4438365834289244,0.611522271021078,0.4998793858855765,0.009486486486486487,0.5561634165710756,0.7271145002873693,0.8591537527454147,0.5561634165710756
UNSW-NB15,C&W,4,15,1024,3,36.68996630003676,19.105234099086374,0.0,0.6895131904970121,0.982853793170827,0.4438365834289244,0.611522271021078,0.4998793858855765,0.009486486486486487,0.5561634165710756,0.7271145002873693,0.8591537527454147,0.5561634165710756,0.6895131904970121,0.982853793170827,0.4438365834289244,0.611522271021078,0.4998793858855765,0.009486486486486487,0.5561634165710756,0.7271145002873693,0.8591537527454147,0.5561634165710756
UNSW-NB15,C&W,4,15,2048,2,36.15774990012869,19.276807800401002,0.0,0.6895131904970121,0.982853793170827,0.4438365834289244,0.611522271021078,0.4998793858855765,0.009486486486486487,0.5561634165710756,0.7271145002873693,0.8591537527454147,0.5561634165710756,0.6895131904970121,0.982853793170827,0.4438365834289244,0.611522271021078,0.4998793858855765,0.009486486486486487,0.5561634165710756,0.7271145002873693,0.8591537527454147,0.5561634165710756
UNSW-NB15,C&W,4,15,2048,3,36.90499350009486,19.075475500430912,0.0,0.6895131904970121,0.982853793170827,0.4438365834289244,0.611522271021078,0.4998793858855765,0.009486486486486487,0.5561634165710756,0.7271145002873693,0.8591537527454147,0.5561634165710756,0.6895131904970121,0.982853793170827,0.4438365834289244,0.611522271021078,0.4998793858855765,0.009486486486486487,0.5561634165710756,0.7271145002873693,0.8591537527454147,0.5561634165710756
UNSW-NB15,C&W,4,20,1024,2,31.010668499860913,15.122023500036448,0.0,0.7039668658601759,0.9587218209673889,0.48314656313420984,0.6425040702876337,0.5084400071231369,0.025486486486486486,0.5168534368657902,0.7454626556981405,0.86522330395718,0.5168534368657902,0.7039668658601759,0.9587218209673889,0.48314656313420984,0.6425040702876337,0.5084400071231369,0.025486486486486486,0.5168534368657902,0.7454626556981405,0.86522330395718,0.5168534368657902
UNSW-NB15,C&W,4,20,1024,3,31.36471510026604,14.167087899986655,0.0,0.7039668658601759,0.9587218209673889,0.48314656313420984,0.6425040702876337,0.5084400071231369,0.025486486486486486,0.5168534368657902,0.7454626556981405,0.86522330395718,0.5168534368657902,0.7039668658601759,0.9587218209673889,0.48314656313420984,0.6425040702876337,0.5084400071231369,0.025486486486486486,0.5168534368657902,0.7454626556981405,0.86522330395718,0.5168534368657902
UNSW-NB15,C&W,4,20,2048,2,30.85411199973896,13.639584699645638,0.0,0.7039668658601759,0.9587218209673889,0.48314656313420984,0.6425040702876337,0.5084400071231369,0.025486486486486486,0.5168534368657902,0.7454626556981405,0.86522330395718,0.5168534368657902,0.7039668658601759,0.9587218209673889,0.48314656313420984,0.6425040702876337,0.5084400071231369,0.025486486486486486,0.5168534368657902,0.7454626556981405,0.86522330395718,0.5168534368657902
UNSW-NB15,C&W,4,20,2048,3,31.2387354997918,13.777347199618816,0.0,0.7039668658601759,0.9587218209673889,0.48314656313420984,0.6425040702876337,0.5084400071231369,0.025486486486486486,0.5168534368657902,0.7454626556981405,0.86522330395718,0.5168534368657902,0.7039668658601759,0.9587218209673889,0.48314656313420984,0.6425040702876337,0.5084400071231369,0.025486486486486486,0.5168534368657902,0.7454626556981405,0.86522330395718,0.5168534368657902
UNSW-NB15,C&W,8,5,1024,2,145.2441767998971,127.51301359990612,0.0,0.6647354613030171,0.9593719230968545,0.40838701138268774,0.572900710207492,0.4546743253000831,0.02118918918918919,0.5916129886173123,0.7112790418915342,0.8681963530265551,0.5916129886173123,0.6647354613030171,0.9593719230968545,0.40838701138268774,0.572900710207492,0.4546743253000831,0.02118918918918919,0.5916129886173123,0.7112790418915342,0.8681963530265551,0.5916129886173123
UNSW-NB15,C&W,8,5,1024,3,147.28269619960338,128.50891470070928,0.0,0.6647718991400671,0.959521094640821,0.40838701138268774,0.5729273047999257,0.4547940683953655,0.02110810810810811,0.5916129886173123,0.7112790418915342,0.8681963530265551,0.5916129886173123,0.6647718991400671,0.959521094640821,0.40838701138268774,0.5729273047999257,0.4547940683953655,0.02110810810810811,0.5916129886173123,0.7112790418915342,0.8681963530265551,0.5916129886173123
UNSW-NB15,C&W,8,5,2048,2,146.230366199743,127.413801999297,0.0,0.6647718991400671,0.959521094640821,0.40838701138268774,0.5729273047999257,0.4547940683953655,0.02110810810810811,0.5916129886173123,0.7112790418915342,0.8681963530265551,0.5916129886173123,0.6647718991400671,0.959521094640821,0.40838701138268774,0.5729273047999257,0.4547940683953655,0.02110810810810811,0.5916129886173123,0.7112790418915342,0.8681963530265551,0.5916129886173123
UNSW-NB15,C&W,8,5,2048,3,148.751648100093,130.5908635002561,0.0,0.6647718991400671,0.959521094640821,0.40838701138268774,0.5729273047999257,0.4547940683953655,0.02110810810810811,0.5916129886173123,0.7112790418915342,0.8681963530265551,0.5916129886173123,0.6647718991400671,0.959521094640821,0.40838701138268774,0.5729273047999257,0.4547940683953655,0.02110810810810811,0.5916129886173123,0.7112790418915342,0.8681963530265551,0.5916129886173123
UNSW-NB15,C&W,8,10,1024,2,80.9285368998535,73.15738289989531,0.0,0.5855074576106496,0.9108373661827247,0.2740227653754522,0.42129896557571644,0.3226785156248687,0.03286486486486487,0.7259772346245478,0.6779129506392477,0.8276082803869976,0.7259772346245478,0.5855074576106496,0.9108373661827247,0.2740227653754522,0.42129896557571644,0.3226785156248687,0.03286486486486487,0.7259772346245478,0.6778980157802734,0.8275996797452803,0.7259772346245478
UNSW-NB15,C&W,8,10,1024,3,82.20362629974261,73.68452659994364,0.0,0.5855074576106496,0.9108373661827247,0.2740227653754522,0.42129896557571644,0.3226785156248687,0.03286486486486487,0.7259772346245478,0.6779129506392477,0.8276082803869976,0.7259772346245478,0.5855074576106496,0.9108373661827247,0.2740227653754522,0.42129896557571644,0.3226785156248687,0.03286486486486487,0.7259772346245478,0.6778980157802734,0.8275996797452803,0.7259772346245478
UNSW-NB15,C&W,8,10,2048,2,80.33696469990537,73.17595149995759,0.0,0.5855074576106496,0.9108373661827247,0.2740227653754522,0.42129896557571644,0.3226785156248687,0.03286486486486487,0.7259772346245478,0.6779129506392477,0.8276082803869976,0.7259772346245478,0.5855074576106496,0.9108373661827247,0.2740227653754522,0.42129896557571644,0.3226785156248687,0.03286486486486487,0.7259772346245478,0.6778980157802734,0.8275996797452803,0.7259772346245478
UNSW-NB15,C&W,8,10,2048,3,81.65271039959043,73.58431940013543,0.0,0.5855074576106496,0.9108373661827247,0.2740227653754522,0.42129896557571644,0.3226785156248687,0.03286486486486487,0.7259772346245478,0.6779129506392477,0.8276082803869976,0.7259772346245478,0.5855074576106496,0.9108373661827247,0.2740227653754522,0.42129896557571644,0.3226785156248687,0.03286486486486487,0.7259772346245478,0.6778980157802734,0.8275996797452803,0.7259772346245478
UNSW-NB15,C&W,8,15,1024,2,58.868318900000304,39.31171939987689,0.0,0.6050988679978623,0.9117892707998715,0.31306803141268863,0.4660984941786952,0.35058539810436423,0.03710810810810811,0.6869319685873114,0.7637637430512662,0.8719114389139098,0.6869319685873114,0.6050988679978623,0.9117892707998715,0.31306803141268863,0.4660984941786952,0.35058539810436423,0.03710810810810811,0.6869319685873114,0.763748580443145,0.8719033739853383,0.6869319685873114
UNSW-NB15,C&W,8,15,1024,3,61.11972129996866,40.10203910013661,0.0,0.6050988679978623,0.9117892707998715,0.31306803141268863,0.4660984941786952,0.35058539810436423,0.03710810810810811,0.6869319685873114,0.7637637430512662,0.8719114389139098,0.6869319685873114,0.6050988679978623,0.9117892707998715,0.31306803141268863,0.4660984941786952,0.35058539810436423,0.03710810810810811,0.6869319685873114,0.763748580443145,0.8719033739853383,0.6869319685873114
UNSW-NB15,C&W,8,15,2048,2,73.41878079995513,39.85381539957598,0.0,0.6050988679978623,0.9117892707998715,0.31306803141268863,0.4660984941786952,0.35058539810436423,0.03710810810810811,0.6869319685873114,0.7637637430512662,0.8719114389139098,0.6869319685873114,0.6050988679978623,0.9117892707998715,0.31306803141268863,0.4660984941786952,0.35058539810436423,0.03710810810810811,0.6869319685873114,0.763748580443145,0.8719033739853383,0.6869319685873114
UNSW-NB15,C&W,8,15,2048,3,69.6814356003888,40.0542433001101,0.0,0.6050988679978623,0.9117892707998715,0.31306803141268863,0.4660984941786952,0.35058539810436423,0.03710810810810811,0.6869319685873114,0.7637637430512662,0.8719114389139098,0.6869319685873114,0.6050988679978623,0.9117892707998715,0.31306803141268863,0.4660984941786952,0.35058539810436423,0.03710810810810811,0.6869319685873114,0.763748580443145,0.8719033739853383,0.6869319685873114
UNSW-NB15,C&W,8,20,1024,2,48.79367320006713,28.185160000342876,-0.0012145945683328385,0.6575086236214351,0.900814073173014,0.4247330803847172,0.5772794051509609,0.4168948142484483,0.057297297297297295,0.5752669196152828,0.779291994080907,0.8783364752568443,0.5752669196152828,0.6575207695671185,0.9008187134502924,0.4247551398570546,0.5773007330565009,0.4169135101237219,0.057297297297297295,0.5752448601429454,0.779291994080907,0.8783364752568443,0.5752448601429454
UNSW-NB15,C&W,8,20,1024,3,49.68024459993467,27.98492560023442,-0.0012145945683328385,0.6575086236214351,0.900814073173014,0.4247330803847172,0.5772794051509609,0.4168948142484483,0.057297297297297295,0.5752669196152828,0.779291994080907,0.8783364752568443,0.5752669196152828,0.6575207695671185,0.9008187134502924,0.4247551398570546,0.5773007330565009,0.4169135101237219,0.057297297297297295,0.5752448601429454,0.779291994080907,0.8783364752568443,0.5752448601429454
UNSW-NB15,C&W,8,20,2048,2,48.35804879991338,27.879696800373495,-0.0012145945683328385,0.6575086236214351,0.900814073173014,0.4247330803847172,0.5772794051509609,0.4168948142484483,0.057297297297297295,0.5752669196152828,0.779291994080907,0.8783364752568443,0.5752669196152828,0.6575207695671185,0.9008187134502924,0.4247551398570546,0.5773007330565009,0.4169135101237219,0.057297297297297295,0.5752448601429454,0.779291994080907,0.8783364752568443,0.5752448601429454
UNSW-NB15,C&W,8,20,2048,3,49.03621739987284,28.006082100328058,-0.0012145945683328385,0.6575086236214351,0.900814073173014,0.4247330803847172,0.5772794051509609,0.4168948142484483,0.057297297297297295,0.5752669196152828,0.779291994080907,0.8783364752568443,0.5752669196152828,0.6575207695671185,0.9008187134502924,0.4247551398570546,0.5773007330565009,0.4169135101237219,0.057297297297297295,0.5752448601429454,0.779291994080907,0.8783364752568443,0.5752448601429454
UNSW-NB15,C&W,10,5,1024,2,184.45730170002207,171.34019220015034,0.0,0.6845454987125298,0.9790656240720578,0.43640254125121325,0.6037108242546309,0.4912299251830822,0.011432432432432433,0.5635974587487868,0.5001351351351351,0.7753334467092636,0.5635974587487868,0.6845454987125298,0.9790656240720578,0.43640254125121325,0.6037108242546309,0.4912299251830822,0.011432432432432433,0.5635974587487868,0.5001351351351351,0.7753334467092636,0.5635974587487868
UNSW-NB15,C&W,10,5,1024,3,183.25284470012411,171.08259060001,0.0,0.6845454987125298,0.9790656240720578,0.43640254125121325,0.6037108242546309,0.4912299251830822,0.011432432432432433,0.5635974587487868,0.5001351351351351,0.7753334467092636,0.5635974587487868,0.6845454987125298,0.9790656240720578,0.43640254125121325,0.6037108242546309,0.4912299251830822,0.011432432432432433,0.5635974587487868,0.5001351351351351,0.7753334467092636,0.5635974587487868
UNSW-NB15,C&W,10,5,2048,2,180.63049839995801,171.00373689970002,0.0,0.6845454987125298,0.9790656240720578,0.43640254125121325,0.6037108242546309,0.4912299251830822,0.011432432432432433,0.5635974587487868,0.5001351351351351,0.7753334467092636,0.5635974587487868,0.6845454987125298,0.9790656240720578,0.43640254125121325,0.6037108242546309,0.4912299251830822,0.011432432432432433,0.5635974587487868,0.5001351351351351,0.7753334467092636,0.5635974587487868
UNSW-NB15,C&W,10,5,2048,3,181.91405420005322,172.54442329984158,0.0,0.6845454987125298,0.9790656240720578,0.43640254125121325,0.6037108242546309,0.4912299251830822,0.011432432432432433,0.5635974587487868,0.5001351351351351,0.7753334467092636,0.5635974587487868,0.6845454987125298,0.9790656240720578,0.43640254125121325,0.6037108242546309,0.4912299251830822,0.011432432432432433,0.5635974587487868,0.5001351351351351,0.7753334467092636,0.5635974587487868
UNSW-NB15,C&W,10,10,1024,2,99.46867949981242,69.71513390028849,-0.0012145945683328385,0.71678083855609,0.9709884467265725,0.500573546280773,0.6605921225000728,0.5320584909011473,0.018324324324324324,0.49942645371922706,0.6464635327112165,0.8096796426121622,0.49942645371922706,0.7167929845017733,0.9709896880749647,0.5005956057531104,0.6606116181243905,0.5320759573161625,0.018324324324324324,0.4994043942468896,0.6464635327112165,0.8096796426121622,0.4994043942468896
UNSW-NB15,C&W,10,10,1024,3,98.83809040021151,70.18036110093817,-0.0012145945683328385,0.71678083855609,0.9709884467265725,0.500573546280773,0.6605921225000728,0.5320584909011473,0.018324324324324324,0.49942645371922706,0.6464635327112165,0.8096796426121622,0.49942645371922706,0.7167929845017733,0.9709896880749647,0.5005956057531104,0.6606116181243905,0.5320759573161625,0.018324324324324324,0.4994043942468896,0.6464635327112165,0.8096796426121622,0.4994043942468896
UNSW-NB15,C&W,10,10,2048,2,100.15009779995307,70.63967130053788,-0.0012145945683328385,0.71678083855609,0.9709884467265725,0.500573546280773,0.6605921225000728,0.5320584909011473,0.018324324324324324,0.49942645371922706,0.6464635327112165,0.8096796426121622,0.49942645371922706,0.7167929845017733,0.9709896880749647,0.5005956057531104,0.6606116181243905,0.5320759573161625,0.018324324324324324,0.4994043942468896,0.6464635327112165,0.8096796426121622,0.4994043942468896
UNSW-NB15,C&W,10,10,2048,3,98.65226410003379,70.9700104999356,-0.0012145945683328385,0.71678083855609,0.9709884467265725,0.500573546280773,0.6605921225000728,0.5320584909011473,0.018324324324324324,0.49942645371922706,0.6464635327112165,0.8096796426121622,0.49942645371922706,0.7167929845017733,0.9709896880749647,0.5005956057531104,0.6606116181243905,0.5320759573161625,0.018324324324324324,0.4994043942468896,0.6464635327112165,0.8096796426121622,0.4994043942468896
UNSW-NB15,C&W,10,15,1024,2,71.25304770004004,48.755742599722,0.0,0.7724821454598455,0.9668632406627352,0.607606106061943,0.7462476293687348,0.6086893969535556,0.025513513513513515,0.392393893938057,0.5874255048638156,0.7899901878960479,0.392393893938057,0.7724821454598455,0.9668632406627352,0.607606106061943,0.7462476293687348,0.6086893969535556,0.025513513513513515,0.392393893938057,0.5874255048638156,0.7899901878960479,0.392393893938057
UNSW-NB15,C&W,10,15,1024,3,71.52906530024484,48.949184299912304,0.0,0.7724821454598455,0.9668632406627352,0.607606106061943,0.7462476293687348,0.6086893969535556,0.025513513513513515,0.392393893938057,0.5874255048638156,0.7899901878960479,0.392393893938057,0.7724821454598455,0.9668632406627352,0.607606106061943,0.7462476293687348,0.6086893969535556,0.025513513513513515,0.392393893938057,0.5874255048638156,0.7899901878960479,0.392393893938057
UNSW-NB15,C&W,10,15,2048,2,70.78640310000628,48.99963360000402,0.0,0.7724821454598455,0.9668632406627352,0.607606106061943,0.7462476293687348,0.6086893969535556,0.025513513513513515,0.392393893938057,0.5874255048638156,0.7899901878960479,0.392393893938057,0.7724821454598455,0.9668632406627352,0.607606106061943,0.7462476293687348,0.6086893969535556,0.025513513513513515,0.392393893938057,0.5874255048638156,0.7899901878960479,0.392393893938057
UNSW-NB15,C&W,10,15,2048,3,71.68831809982657,48.586915499996394,0.0,0.7724821454598455,0.9668632406627352,0.607606106061943,0.7462476293687348,0.6086893969535556,0.025513513513513515,0.392393893938057,0.5874255048638156,0.7899901878960479,0.392393893938057,0.7724821454598455,0.9668632406627352,0.607606106061943,0.7462476293687348,0.6086893969535556,0.025513513513513515,0.392393893938057,0.5874255048638156,0.7899901878960479,0.392393893938057
UNSW-NB15,C&W,10,20,1024,2,58.59201960032806,29.991194100119174,-0.0012145945683328385,0.8025312150804061,0.9267555190230155,0.6963954822200653,0.7952289787898634,0.6352591956121065,0.06743243243243244,0.3036045177799347,0.8422087344778821,0.9106553303911986,0.3036045177799347,0.8025433610260895,0.9267576691618964,0.6964175416924027,0.7952441528017431,0.6352787320693296,0.06743243243243244,0.3035824583075973,0.8422087344778821,0.9106553303911986,0.3035824583075973
UNSW-NB15,C&W,10,20,1024,3,58.540094200056046,30.212907100096345,-0.0012145945683328385,0.8025312150804061,0.9267555190230155,0.6963954822200653,0.7952289787898634,0.6352591956121065,0.06743243243243244,0.3036045177799347,0.8422087344778821,0.9106553303911986,0.3036045177799347,0.8025433610260895,0.9267576691618964,0.6964175416924027,0.7952441528017431,0.6352787320693296,0.06743243243243244,0.3035824583075973,0.8422087344778821,0.9106553303911986,0.3035824583075973
UNSW-NB15,C&W,10,20,2048,2,58.25145600037649,30.296185999643058,-0.0012145945683328385,0.8025312150804061,0.9267555190230155,0.6963954822200653,0.7952289787898634,0.6352591956121065,0.06743243243243244,0.3036045177799347,0.8422087344778821,0.9106553303911986,0.3036045177799347,0.8025433610260895,0.9267576691618964,0.6964175416924027,0.7952441528017431,0.6352787320693296,0.06743243243243244,0.3035824583075973,0.8422087344778821,0.9106553303911986,0.3035824583075973
UNSW-NB15,C&W,10,20,2048,3,58.26283810008317,30.551305199507624,-0.0012145945683328385,0.8025312150804061,0.9267555190230155,0.6963954822200653,0.7952289787898634,0.6352591956121065,0.06743243243243244,0.3036045177799347,0.8422087344778821,0.9106553303911986,0.3036045177799347,0.8025433610260895,0.9267576691618964,0.6964175416924027,0.7952441528017431,0.6352787320693296,0.06743243243243244,0.3035824583075973,0.8422087344778821,0.9106553303911986,0.3035824583075973
UNSW-NB15,HSJA,1,5,1024,2,23.06423568725586,24.781468391418457,-0.00850216197833542,0.44952144974007674,1.0,0.0002205947233742169,0.0004410921441489127,0.009957274171137183,0.0,0.9997794052766258,0.5203918918918918,0.7804399737698428,0.9997794052766258,0.4496064713598601,1.0,0.00037501102973616873,0.0007497408983660059,0.01298324915236432,0.0,0.9996249889702639,0.5501081081081082,0.7882834757834758,0.9996249889702639
UNSW-NB15,BPDA,1,5,1024,2,23.06423568725586,21.292262077331543,-4.009376670067533,0.44952144974007674,1.0,0.0002205947233742169,0.0004410921441489127,0.009957274171137183,0.0,0.9997794052766258,0.5203918918918918,0.7804399737698428,0.9997794052766258,0.48961521644075207,0.9761288467069312,0.07486984911320921,0.1390727119998361,0.17963133065519352,0.002243243243243243,0.9251301508867907,0.5430174541103355,0.7690023859237047,0.9251301508867907
UNSW-NB15,HSJA,1,5,1024,3,23.951674222946167,24.813873291015625,0.816207549919834,0.520004372540446,0.9998280309544282,0.1282537721697697,0.22734471229984163,0.24895915074540587,2.7027027027027027e-05,0.8717462278302303,0.5220810810810811,0.7808743711120474,0.8717462278302303,0.5118422970412476,0.8960098598058851,0.12829789111444453,0.2244563224822955,0.20314393500644826,0.018243243243243244,0.8717021088855554,0.552535070387603,0.7887487822912678,0.8717021088855554
UNSW-NB15,BPDA,1,5,1024,3,23.951674222946167,19.277650117874146,1.1562940290530954,0.520004372540446,0.9998280309544282,0.1282537721697697,0.22734471229984163,0.24895915074540587,2.7027027027027027e-05,0.8717462278302303,0.5220810810810811,0.7808743711120474,0.8717462278302303,0.508441432249915,0.7438057979737185,0.16357098738198184,0.26816874920887507,0.1441627349764976,0.06902702702702702,0.8364290126180182,0.5208922400738336,0.3048803065266755,0.8364290126180182
UNSW-NB15,HSJA,1,5,2048,2,23.751739263534546,25.91402554512024,1.838896176456295,0.4792182869358208,0.980054751662104,0.055281037677578755,0.10465868988703042,0.15456626883373442,0.0013783783783783783,0.9447189623224213,0.5094594594594595,0.7776607212857702,0.9447189623224213,0.46082932517125785,0.6125867432400096,0.056472249183799526,0.10341136313142534,0.02881558715131166,0.043756756756756755,0.9435277508162004,0.5160049675546896,0.7793083355120919,0.9435277508162004
UNSW-NB15,BPDA,1,5,2048,2,23.751739263534546,20.24355936050415,4.80372151775737,0.4792182869358208,0.980054751662104,0.055281037677578755,0.10465868988703042,0.15456626883373442,0.0013783783783783783,0.9447189623224213,0.5094594594594595,0.7776607212857702,0.9447189623224213,0.4311810717582471,0.44399641577060933,0.13116562251830935,0.20250664123697296,-0.09445485604499243,0.20124324324324325,0.8688343774816907,0.48564019212011794,0.7596022273132947,0.8688343774816907
UNSW-NB15,HSJA,1,5,2048,3,23.970113277435303,25.9722843170166,1.1453626779381054,0.4638415197007239,0.9991603694374476,0.02625077208153181,0.05115749199320766,0.10925012876986293,2.7027027027027027e-05,0.9737492279184682,0.5127837837837839,0.7784999877128744,0.9737492279184682,0.45238789292134285,0.5556057866184448,0.027111091502691257,0.05169947837792361,0.001672087284593326,0.026567567567567566,0.9728889084973087,0.5013108108108107,0.27719890421680854,0.9728889084973087
UNSW-NB15,BPDA,1,5,2048,3,23.970113277435303,23.499674797058105,0.15546810474663664,0.4638415197007239,0.9991603694374476,0.02625077208153181,0.05115749199320766,0.10925012876986293,2.7027027027027027e-05,0.9737492279184682,0.5127837837837839,0.7784999877128744,0.9737492279184682,0.46228683865325754,0.8292985723153321,0.029471455042795375,0.056920094582791896,0.07915067002548126,0.007432432432432433,0.9705285449572046,0.4700965191345055,0.2910383617282822,0.9705285449572046
UNSW-NB15,HSJA,1,10,1024,2,15.682697534561157,12.691184520721436,0.9911091677598016,0.471699946557839,0.984688489968321,0.04114091590929145,0.07898191674077838,0.1339069072250397,0.0007837837837837838,0.9588590840907085,0.5635501349205024,0.7898558234820419,0.9588590840907085,0.46178885488024096,0.6881918819188192,0.04114091590929145,0.07764039798509638,0.05103007982517767,0.022837837837837837,0.9588590840907085,0.668026604319841,0.7646047060161758,0.9588590840907085
UNSW-NB15,BPDA,1,10,1024,2,15.682697534561157,10.708484172821045,7.3337220035952,0.471699946557839,0.984688489968321,0.04114091590929145,0.07898191674077838,0.1339069072250397,0.0007837837837837838,0.9588590840907085,0.5635501349205024,0.7898558234820419,0.9588590840907085,0.398362726521887,0.30678683097296305,0.07359039971763875,0.11870618795146426,-0.191201711699634,0.20372972972972972,0.9264096002823613,0.5257184114318149,0.6113264257949078,0.9264096002823613
UNSW-NB15,HSJA,1,10,1024,3,15.721110582351685,12.722741842269897,2.9563231793227396,0.6086576300830783,0.9880154831025756,0.29279537633459807,0.4517237858625736,0.38829238157236706,0.0043513513513513515,0.7072046236654019,0.5558482868733023,0.7936149827231329,0.7072046236654019,0.5790943982898509,0.8346496176507459,0.2937439336451072,0.43455275266781973,0.2799511590736482,0.0712972972972973,0.7062560663548928,0.5756321958594967,0.7560075067014643,0.7062560663548928
UNSW-NB15,BPDA,1,10,1024,3,15.721110582351685,9.471387147903442,4.698051790312396,0.6086576300830783,0.9880154831025756,0.29279537633459807,0.4517237858625736,0.38829238157236706,0.0043513513513513515,0.7072046236654019,0.5558482868733023,0.7936149827231329,0.7072046236654019,0.5616771121799543,0.780223111434461,0.2838833495102797,0.41629735062918516,0.23104981368862493,0.09797297297297297,0.7161166504897203,0.5645003305939841,0.7057201231077408,0.7161166504897203
UNSW-NB15,HSJA,1,10,2048,2,15.477262020111084,13.178885221481323,0.6437351212165376,0.534834572219793,0.9905160390516039,0.15666637254036883,0.27054207458763474,0.2731464521970699,0.0018378378378378379,0.8433336274596311,0.5491696295916494,0.788015074726978,0.8433336274596311,0.5283972210076276,0.9205897568546301,0.1570193240977676,0.26827981305593246,0.23945921896295544,0.016594594594594593,0.8429806759022325,0.6434977988223819,0.8158115614802514,0.8429806759022325
UNSW-NB15,BPDA,1,10,2048,2,15.477262020111084,10.460134983062744,2.104892386921242,0.534834572219793,0.9905160390516039,0.15666637254036883,0.27054207458763474,0.2731464521970699,0.0018378378378378379,0.8433336274596311,0.5491696295916494,0.788015074726978,0.8433336274596311,0.5137856483505806,0.8873301183691363,0.1339451160328245,0.23275515093435553,0.20381152924192808,0.02083783783783784,0.8660548839671756,0.5591395786283061,0.4012122801030363,0.8660548839671756
UNSW-NB15,HSJA,1,10,2048,3,15.661247491836548,13.068647623062134,2.069669144439584,0.5011781567312831,0.9969689904406621,0.09432630371481514,0.17234638560286974,0.21036351333420403,0.00035135135135135135,0.9056736962851849,0.5336524858044315,0.7838928657728065,0.9056736962851849,0.48048146528688723,0.7093765341188022,0.09562781258272302,0.16853604960830434,0.09037961251811401,0.048,0.904372187417277,0.5867892661588615,0.6735815320219386,0.904372187417277
UNSW-NB15,BPDA,1,10,2048,3,15.661247491836548,9.15858268737793,6.817519312053633,0.5011781567312831,0.9969689904406621,0.09432630371481514,0.17234638560286974,0.21036351333420403,0.00035135135135135135,0.9056736962851849,0.5336524858044315,0.7838928657728065,0.9056736962851849,0.43300296361074675,0.4083129584352078,0.0663107738462896,0.11409268607431586,-0.08963650066341274,0.11772972972972973,0.9336892261537104,0.48136406893525485,0.6189535346683578,0.9336892261537104
UNSW-NB15,HSJA,1,15,1024,2,12.74006724357605,9.18604040145874,1.2158091629014156,0.5575110528105718,0.9838025872377433,0.1996382246536663,0.33192129247583946,0.3088659334486052,0.004027027027027027,0.8003617753463337,0.5487311504789887,0.7879321839068583,0.8003617753463337,0.5453529611815576,0.8785700594211232,0.20221918291714464,0.3287666319979916,0.25116930292954315,0.034243243243243245,0.7977808170828554,0.5754495601221976,0.4828132453334861,0.7977808170828554
UNSW-NB15,BPDA,1,15,1024,2,12.74006724357605,7.100095748901367,4.977408541029005,0.5575110528105718,0.9838025872377433,0.1996382246536663,0.33192129247583946,0.3088659334486052,0.004027027027027027,0.8003617753463337,0.5487311504789887,0.7879321839068583,0.8003617753463337,0.5077369674002817,0.6788560363446786,0.2010720903555987,0.31025034462805695,0.11381703572687933,0.11654054054054054,0.7989279096444013,0.529518667083213,0.6320064782728576,0.7989279096444013
UNSW-NB15,HSJA,1,15,1024,3,12.804372072219849,8.836442947387695,3.259971821406016,0.4713112762959724,0.8874570446735395,0.04557486984911321,0.08669744020142678,0.11551719169031259,0.0070810810810810814,0.9544251301508868,0.56087201451871,0.7932865128188163,0.9544251301508868,0.43871155808191226,0.41499227202472955,0.04738374658078179,0.08505583273936802,-0.07060933408963473,0.08183783783783784,0.9526162534192182,0.6619998163697978,0.7552477799097029,0.9526162534192182
UNSW-NB15,BPDA,1,15,1024,3,12.804372072219849,5.968596935272217,-1.4125734829713854,0.4713112762959724,0.8874570446735395,0.04557486984911321,0.08669744020142678,0.11551719169031259,0.0070810810810810814,0.9544251301508868,0.56087201451871,0.7932865128188163,0.9544251301508868,0.48543701112568627,0.6187464980389018,0.17051972116826966,0.26735840899265023,0.05794196349177778,0.12872972972972974,0.8294802788317304,0.540722640590383,0.6740819702807923,0.8294802788317304
UNSW-NB15,HSJA,1,15,2048,2,12.603907823562622,9.462777614593506,0.9303794393431486,0.4790118058592042,0.8872299872935197,0.06161210623841878,0.11522277227722773,0.13493257087322125,0.009594594594594594,0.9383878937615813,0.5546919776257331,0.7270304890782001,0.9383878937615813,0.46970801146577273,0.7085828343313373,0.0626489014382776,0.11511957843534658,0.07184419199084298,0.03156756756756757,0.9373510985617224,0.6450516248291881,0.34008148567765734,0.9373510985617224
UNSW-NB15,BPDA,1,15,2048,2,12.603907823562622,7.883986949920654,-1.2413156488364163,0.4790118058592042,0.8872299872935197,0.06161210623841878,0.11522277227722773,0.13493257087322125,0.009594594594594594,0.9383878937615813,0.5546919776257331,0.7270304890782001,0.9383878937615813,0.4914249623475684,0.6199722607489597,0.1972116826965499,0.2992368456285982,0.06426292960194972,0.14810810810810812,0.8027883173034501,0.46071585640833634,0.3780230013673946,0.8027883173034501
UNSW-NB15,HSJA,1,15,2048,3,12.868692874908447,8.217092990875244,1.8583296895496315,0.5999732789194967,0.9821109123434705,0.2785449572046237,0.4339995531801543,0.37317511959024263,0.006216216216216216,0.7214550427953763,0.5778783783783784,0.7960205827423631,0.7214550427953763,0.5813899820240004,0.8731030694225091,0.2804861907703168,0.42457634193171384,0.30054471037589825,0.049945945945945945,0.7195138092296832,0.6184067131743939,0.30969315471197034,0.7195138092296832
UNSW-NB15,BPDA,1,15,2048,3,12.868692874908447,8.120876789093018,15.262595345673619,0.5999732789194967,0.9821109123434705,0.2785449572046237,0.4339995531801543,0.37317511959024263,0.006216216216216216,0.7214550427953763,0.5778783783783784,0.7960205827423631,0.7214550427953763,0.4473473254627605,0.4933417382396974,0.1381143563045972,0.21581097151129724,-0.049138174621815384,0.17378378378378379,0.8618856436954028,0.5008201613441731,0.37259217725689125,0.8618856436954028
UNSW-NB15,HSJA,1,20,1024,2,11.451485633850098,6.9430012702941895,1.7890977991546486,0.5689525336442696,0.9658305726455277,0.22509485573105092,0.36510009481725314,0.3202779425796312,0.009756756756756756,0.7749051442689491,0.5828927754631893,0.8002526926259372,0.7749051442689491,0.5510615556527231,0.8378814790892943,0.22893320391776228,0.3596105201150421,0.2430284252386243,0.05427027027027027,0.7710667960822377,0.6804614057607418,0.7469231670643326,0.7710667960822377
UNSW-NB15,BPDA,1,20,1024,2,11.451485633850098,6.156604766845703,11.329738133411071,0.5689525336442696,0.9658305726455277,0.22509485573105092,0.36510009481725314,0.3202779425796312,0.009756756756756756,0.7749051442689491,0.5828927754631893,0.8002526926259372,0.7749051442689491,0.45565515231015885,0.5178509532062392,0.16478425836054,0.250012550830865,-0.030343438591419004,0.18797297297297297,0.83521574163946,0.4466225045967171,0.4627205108925588,0.83521574163946
UNSW-NB15,HSJA,1,20,1024,3,11.492897033691406,7.340939998626709,2.504493999902829,0.5176966428606131,0.9545675020210186,0.13023912468013765,0.22920589320030282,0.23144896055957526,0.0075945945945945946,0.8697608753198623,0.5928456677581138,0.8011686702156648,0.8697608753198623,0.49265170286158483,0.7104858730346376,0.13257742874790435,0.22345745570820397,0.10876572873012225,0.06618918918918919,0.8674225712520957,0.668794143090854,0.6759320452872511,0.8674225712520957
UNSW-NB15,BPDA,1,20,1024,3,11.492897033691406,5.829977035522461,8.756012243113249,0.5176966428606131,0.9545675020210186,0.13023912468013765,0.22920589320030282,0.23144896055957526,0.0075945945945945946,0.8697608753198623,0.5928456677581138,0.8011686702156648,0.8697608753198623,0.43013652042948064,0.41325749288995844,0.08334068649077914,0.1387083746374417,-0.09758096302602304,0.14497297297297299,0.9166593135092208,0.5879086764674318,0.6069903692208811,0.9166593135092208
UNSW-NB15,HSJA,1,20,2048,2,11.362721681594849,7.892483234405518,4.872953408152364,0.5158990428994802,0.9878809481375869,0.12227565516632842,0.21761576664114796,0.23773269658228371,0.0018378378378378379,0.8777243448336716,0.5773192375292436,0.8014888647354056,0.8777243448336716,0.46716950881795655,0.5738515901060071,0.12538604076590487,0.20580408059814978,0.01728601285931159,0.11408108108108109,0.8746139592340951,0.6027148389897,0.6621379020692131,0.8746139592340951
UNSW-NB15,BPDA,1,20,2048,2,11.362721681594849,6.242357015609741,3.2089588495360255,0.5158990428994802,0.9878809481375869,0.12227565516632842,0.21761576664114796,0.23773269658228371,0.0018378378378378379,0.8777243448336716,0.5773192375292436,0.8014888647354056,0.8777243448336716,0.48380945440411993,0.5723479237959038,0.24719844701314744,0.345272758084146,0.024420861391762444,0.2262972972972973,0.7528015529868526,0.4225398021444192,0.629143406782472,0.7528015529868526
UNSW-NB15,HSJA,1,20,2048,3,11.615558624267578,6.9873716831207275,2.1546907642229107,0.6351722295097897,0.9911373707533235,0.3404438365834289,0.5068059044710441,0.4277056082214943,0.0037297297297297295,0.6595561634165711,0.5807623026273427,0.8011285368103109,0.6595561634165711,0.6136253218675606,0.8794835812517542,0.345627812582723,0.49623893454954315,0.34742684644153826,0.05802702702702703,0.654372187417277,0.6719786911459239,0.8022080586208542,0.654372187417277
UNSW-NB15,BPDA,1,20,2048,3,11.615558624267578,5.9162280559539795,22.34003789535054,0.6351722295097897,0.9911373707533235,0.3404438365834289,0.5068059044710441,0.4277056082214943,0.0037297297297297295,0.6595561634165711,0.5807623026273427,0.8011285368103109,0.6595561634165711,0.4117718505562843,0.4190615529313408,0.17691696814612196,0.24879789049170156,-0.14552193399406407,0.30048648648648646,0.8230830318538781,0.43667305685858804,0.5294052540384537,0.8230830318538781
UNSW-NB15,HSJA,2,5,1024,2,40.18092393875122,45.64287972450256,5.236117184083949,0.45247291454112615,0.931740614334471,0.006022235948116121,0.011967123287671234,0.045790376356425695,0.0005405405405405405,0.9939777640518839,0.5732305292365514,0.7947210106569305,0.9939777640518839,0.40011174270028665,0.07991718426501035,0.008514956322244771,0.015390135959491248,-0.2362168237224239,0.12010810810810811,0.9914850436777553,0.5346355721511682,0.3169774213359366,0.9914850436777553
UNSW-NB15,BPDA,2,5,1024,2,40.18092393875122,43.78281927108765,-1.5935480736530172,0.45247291454112615,0.931740614334471,0.006022235948116121,0.011967123287671234,0.045790376356425695,0.0005405405405405405,0.9939777640518839,0.5732305292365514,0.7947210106569305,0.9939777640518839,0.4684083952776563,0.5319062181447503,0.28776581664166595,0.37347724637473695,-0.0244780632007544,0.31027027027027027,0.7122341833583341,0.42955994154836036,0.5034007675372365,0.7122341833583341
UNSW-NB15,HSJA,2,5,1024,3,40.45867586135864,48.47483038902283,2.555506971772825,0.49348977311373465,0.9881656804733728,0.08104650136768729,0.14980632008154943,0.19129928678731298,0.0011891891891891893,0.9189534986323127,0.540945042699984,0.7858158359144154,0.9189534986323127,0.4679347033960064,0.6198178391959799,0.0870687373158034,0.15268858800773694,0.040288486685744626,0.06543243243243244,0.9129312626841966,0.513429598088338,0.2862832218538214,0.9129312626841966
UNSW-NB15,BPDA,2,5,1024,3,40.45867586135864,45.65438747406006,-1.3797794296263932,0.49348977311373465,0.9881656804733728,0.08104650136768729,0.14980632008154943,0.19129928678731298,0.0011891891891891893,0.9189534986323127,0.540945042699984,0.7858158359144154,0.9189534986323127,0.5072875674099986,0.6713156002875629,0.20599135268684374,0.3152493163633908,0.10941942025131235,0.12356756756756757,0.7940086473131562,0.552212303342785,0.6065796876966036,0.7940086473131562
UNSW-NB15,HSJA,2,5,2048,2,40.24072790145874,45.081451654434204,4.140552883447501,0.47330321138803866,0.9910179640718563,0.043810112062119475,0.08391076559067095,0.13984461905619464,0.00048648648648648646,0.9561898879378805,0.5949189189189189,0.8009773198066606,0.9561898879378805,0.43189768255356364,0.374630241865321,0.047494043942468894,0.08430078897394233,-0.0969063340521671,0.09713513513513514,0.9525059560575311,0.6069337867051733,0.3142889853682725,0.9525059560575311
UNSW-NB15,BPDA,2,5,2048,2,40.24072790145874,33.231929063797,5.520332313073895,0.47330321138803866,0.9910179640718563,0.043810112062119475,0.08391076559067095,0.13984461905619464,0.00048648648648648646,0.9561898879378805,0.5949189189189189,0.8009773198066606,0.9561898879378805,0.4180998882572997,0.3836148496070816,0.09368657901702991,0.15059482651632006,-0.13231549618880115,0.18443243243243243,0.9063134209829701,0.49962068081493655,0.3981282739222155,0.9063134209829701
UNSW-NB15,HSJA,2,5,2048,3,40.49557423591614,48.16711926460266,2.66603507749113,0.4842952922314531,0.9941520467836257,0.06375187505514868,0.11982006260494621,0.1705901085561141,0.00045945945945945947,0.9362481249448513,0.5871595928298368,0.7987338419487972,0.9362481249448513,0.4576349414565418,0.5614130434782608,0.06836230477366981,0.12188311177534807,0.005827307347476804,0.06543243243243244,0.9316376952263302,0.5580047910789109,0.3599589821061945,0.9316376952263302
UNSW-NB15,BPDA,2,5,2048,3,40.49557423591614,45.73507499694824,-0.3983870184132543,0.4842952922314531,0.9941520467836257,0.06375187505514868,0.11982006260494621,0.1705901085561141,0.00045945945945945947,0.9362481249448513,0.5871595928298368,0.7987338419487972,0.9362481249448513,0.48827916241558567,0.6210757243361827,0.18110826789023207,0.2804392751618247,0.0619618363586545,0.13537837837837838,0.818891732109768,0.5309406418352527,0.5144981565114449,0.818891732109768
UNSW-NB15,HSJA,2,10,1024,2,23.860430479049683,23.602368354797363,5.888354467278822,0.49334402176553466,0.9556675062972292,0.08369363804817789,0.15390856354711777,0.18328851674280075,0.004756756756756757,0.9163063619518221,0.5903183521693404,0.7565718548418372,0.9163063619518221,0.43446047709274643,0.43667627677100496,0.09355422218300538,0.15409490589346705,-0.08375404383737824,0.14786486486486486,0.9064457778169946,0.5950191288416274,0.382784820509394,0.9064457778169946
UNSW-NB15,BPDA,2,10,1024,2,23.860430479049683,19.189092874526978,-3.444590195792646,0.49334402176553466,0.9556675062972292,0.08369363804817789,0.15390856354711777,0.18328851674280075,0.004756756756756757,0.9163063619518221,0.5903183521693404,0.7565718548418372,0.9163063619518221,0.5277899237234611,0.6418336849507735,0.3221344745433689,0.42897009576405615,0.11333918192372465,0.22024324324324324,0.677865525456631,0.5302544595906237,0.5570166408728771,0.677865525456631
UNSW-NB15,HSJA,2,10,1024,3,23.784583806991577,22.788712978363037,2.9381042607977417,0.48269202740125344,0.9349412884798477,0.0649872055060443,0.12152713322195409,0.15413316788312284,0.00554054054054054,0.9350127944939557,0.6194009064654524,0.798375841074756,0.9350127944939557,0.45331098479327603,0.5271317829457365,0.06900202947145505,0.12203019545117622,-0.013148566756329432,0.07583783783783783,0.9309979705285449,0.664989914647728,0.3866053258761008,0.9309979705285449
UNSW-NB15,BPDA,2,10,1024,3,23.784583806991577,14.60500454902649,0.11903026769664038,0.48269202740125344,0.9349412884798477,0.0649872055060443,0.12152713322195409,0.15413316788312284,0.00554054054054054,0.9350127944939557,0.6194009064654524,0.798375841074756,0.9350127944939557,0.48150172472428704,0.5700429321036731,0.23724962498897026,0.335051947849655,0.02131136112600916,0.21924324324324324,0.7627503750110297,0.5319883186150943,0.5089939512014242,0.7627503750110297
UNSW-NB15,HSJA,2,10,2048,2,23.690854787826538,22.051607131958008,4.313025312150797,0.5088301025117815,0.925700365408039,0.11735639283508338,0.2083047827874469,0.20656730309716997,0.011540540540540541,0.8826436071649166,0.6275907338888346,0.8039129172130282,0.8826436071649166,0.46569984939027353,0.5700710108604845,0.120422659489985,0.19884169884169883,0.01420075082631365,0.11127027027027027,0.879577340510015,0.6112421450392419,0.3374939348724528,0.879577340510015
UNSW-NB15,BPDA,2,10,2048,2,23.690854787826538,13.012271642684937,16.013214788903458,0.5088301025117815,0.925700365408039,0.11735639283508338,0.2083047827874469,0.20656730309716997,0.011540540540540541,0.8826436071649166,0.6275907338888346,0.8039129172130282,0.8826436071649166,0.34869795462274694,0.3166275932233379,0.15790170299126444,0.21071843859933176,-0.28938326463501757,0.4175405405405405,0.8420982970087355,0.45788609710698963,0.4899385177000877,0.8420982970087355
UNSW-NB15,HSJA,2,10,2048,3,24.239393711090088,21.414719820022583,4.504931253947431,0.5465918476412573,0.9714824416686307,0.1818582899497044,0.3063658998847969,0.28682314088449856,0.00654054054054054,0.8181417100502956,0.5859737602576547,0.7150492035533071,0.8181417100502956,0.501542535101783,0.6722850951119672,0.18477014029824407,0.28987212541745255,0.10329745278520377,0.11035135135135135,0.815229859701756,0.6276603914423556,0.34587574070267024,0.815229859701756
UNSW-NB15,BPDA,2,10,2048,3,24.239393711090088,14.27225661277771,21.71087790895399,0.5465918476412573,0.9714824416686307,0.1818582899497044,0.3063658998847969,0.28682314088449856,0.00654054054054054,0.8181417100502956,0.5859737602576547,0.7150492035533071,0.8181417100502956,0.32948306855171744,0.28132890365448504,0.14009970881496514,0.18704993594180275,-0.33271670305600476,0.43848648648648647,0.8599002911850349,0.395305196675101,0.39157078452376864,0.8599002911850349
UNSW-NB15,HSJA,2,15,1024,2,18.227906942367554,15.591248035430908,4.778215031822375,0.6121070786571442,0.982564841498559,0.300847083737757,0.4606498682699453,0.39103480620040887,0.00654054054054054,0.699152916262243,0.6555794683547926,0.79284534120944,0.699152916262243,0.5643249283389205,0.7614678899082569,0.303935409864996,0.43445905464635953,0.22498164243888086,0.11664864864864864,0.696064590135004,0.6489353526296083,0.4080591975045062,0.696064590135004
UNSW-NB15,BPDA,2,15,1024,2,18.227906942367554,11.63327169418335,11.413545158626048,0.6121070786571442,0.982564841498559,0.300847083737757,0.4606498682699453,0.39103480620040887,0.00654054054054054,0.699152916262243,0.6555794683547926,0.79284534120944,0.699152916262243,0.4979716270708837,0.5798745655734431,0.32021530045001323,0.4125914872450792,0.038899015200622125,0.28424324324324324,0.6797846995499868,0.4745274708993825,0.5673556077142876,0.6797846995499868
UNSW-NB15,HSJA,2,15,1024,3,18.609381437301636,14.69486927986145,4.049458290822516,0.5463003449448574,0.9198063565565144,0.19279978822906557,0.31878031878031876,0.2680938672922975,0.020594594594594593,0.8072002117709345,0.6902874733795827,0.8315257265800733,0.8072002117709345,0.5058057620366322,0.6716947648624667,0.20038824671313862,0.30868560554573876,0.10792543565173017,0.12,0.7996117532868614,0.6870886286997314,0.5266152497708382,0.7996117532868614
UNSW-NB15,BPDA,2,15,1024,3,18.609381437301636,11.662954092025757,16.09337803041344,0.5463003449448574,0.9198063565565144,0.19279978822906557,0.31878031878031876,0.2680938672922975,0.020594594594594593,0.8072002117709345,0.6902874733795827,0.8315257265800733,0.8072002117709345,0.38536656464072294,0.4141591767617559,0.28055236918732906,0.33450815360336666,-0.21154836116848053,0.4862162162162162,0.7194476308126709,0.37685878837453884,0.4710514920774457,0.7194476308126709
UNSW-NB15,HSJA,2,15,2048,2,18.39696455001831,13.920023202896118,6.286741485692077,0.5402030802118253,0.9291618828932262,0.17852730962675373,0.2995077902372229,0.26176254658151726,0.016675675675675676,0.8214726903732462,0.6715106839390347,0.8047517535254851,0.8214726903732462,0.4773356653549045,0.5787995066465671,0.18633636283420102,0.28191436104528916,0.02631344498395374,0.16613513513513514,0.813663637165799,0.6866642551291253,0.40085043604551207,0.813663637165799
UNSW-NB15,BPDA,2,15,2048,2,18.39696455001831,12.33868932723999,0.9510275470048124,0.5402030802118253,0.9291618828932262,0.17852730962675373,0.2995077902372229,0.26176254658151726,0.016675675675675676,0.8214726903732462,0.6715106839390347,0.8047517535254851,0.8214726903732462,0.5306928047417772,0.6019870173406882,0.4357407570810906,0.505547379870753,0.08409220263616493,0.352972972972973,0.5642592429189094,0.5627981790799889,0.6888257104309948,0.5642592429189094
UNSW-NB15,HSJA,2,15,2048,3,18.444849729537964,13.719928741455078,7.2341252489918855,0.6049166788126124,0.9705968832696266,0.291273272743316,0.44807927243111173,0.3756452308367341,0.010810810810810811,0.7087267272566841,0.635734965575299,0.8115937287192773,0.7087267272566841,0.5325754263226935,0.6670569867291178,0.3015971057972293,0.41538555022179013,0.13478598530826152,0.18443243243243243,0.6984028942027707,0.585308446870059,0.3761981251641315,0.6984028942027707
UNSW-NB15,BPDA,2,15,2048,3,18.444849729537964,5.9471471309661865,12.06092406354759,0.6049166788126124,0.9705968832696266,0.291273272743316,0.44807927243111173,0.3756452308367341,0.010810810810810811,0.7087267272566841,0.635734965575299,0.8115937287192773,0.7087267272566841,0.48430743817713645,0.5570917759237187,0.3093179211153269,0.39777594961845053,0.00865996494684491,0.3012972972972973,0.690682078884673,0.4250359861538057,0.4682449973946222,0.690682078884673
UNSW-NB15,HSJA,2,20,1024,2,15.97891879081726,10.749911069869995,7.4406063256085115,0.6282247485789244,0.9727091761381879,0.33415688696726376,0.49743042443149166,0.409846638159833,0.011486486486486487,0.6658431130327362,0.6590535180684964,0.8218748382669975,0.6658431130327362,0.5538186853228393,0.6946167428804274,0.33843642460072354,0.45512392648956523,0.17530172102507707,0.1822972972972973,0.6615635753992765,0.6146235536140569,0.4354368036177575,0.6615635753992765
UNSW-NB15,BPDA,2,20,1024,2,15.97891879081726,5.542734384536743,23.37122868386533,0.6282247485789244,0.9727091761381879,0.33415688696726376,0.49743042443149166,0.409846638159833,0.011486486486486487,0.6658431130327362,0.6590535180684964,0.8218748382669975,0.6658431130327362,0.3945124617402711,0.3766850406592807,0.1522544780728845,0.21685649202733484,-0.18705964109534123,0.30867567567567566,0.8477455219271155,0.32687135482124674,0.42228427417697384,0.8477455219271155
UNSW-NB15,HSJA,2,20,1024,3,16.051708221435547,10.757352113723755,9.502987902638104,0.5871228683865326,0.9303879146739543,0.2703608929674402,0.4189727373728741,0.3332149563101427,0.024783783783783785,0.7296391070325597,0.69230280858817,0.8267039147966918,0.7296391070325597,0.49209298936015156,0.5813921178159589,0.27693461572399186,0.3751662308554352,0.03690859044921822,0.2442972972972973,0.7230653842760081,0.5548406963281114,0.3456901372700392,0.7230653842760081
UNSW-NB15,BPDA,2,20,1024,3,16.051708221435547,11.562508344650269,23.044502744983724,0.5871228683865326,0.9303879146739543,0.2703608929674402,0.4189727373728741,0.3332149563101427,0.024783783783783785,0.7296391070325597,0.69230280858817,0.8267039147966918,0.7296391070325597,0.35667784093669536,0.3770296391752577,0.258162004764846,0.3064735767035039,-0.2714419667738155,0.5226216216216216,0.7418379952351539,0.3056611262612653,0.4242466173065963,0.7418379952351539
UNSW-NB15,HSJA,2,20,2048,2,16.014312028884888,10.39992904663086,10.531749502016218,0.606702132828062,0.9681197137280416,0.29542045354275126,0.4527000760584805,0.3771884729552431,0.011918918918918919,0.7045795464572487,0.6700888021945002,0.8291601449108461,0.7045795464572487,0.5013846378078998,0.593124456048738,0.30067060795905765,0.3990514111722684,0.053193842644227864,0.2527027027027027,0.6993293920409424,0.6309323275008883,0.547763854205222,0.6993293920409424
UNSW-NB15,BPDA,2,20,2048,2,16.014312028884888,7.408930063247681,17.530243404751488,0.606702132828062,0.9681197137280416,0.29542045354275126,0.4527000760584805,0.3771884729552431,0.011918918918918919,0.7045795464572487,0.6700888021945002,0.8291601449108461,0.7045795464572487,0.43139969878054707,0.47868239355581127,0.36704756022235946,0.41549717824501825,-0.12358473354848601,0.4897567567567568,0.6329524397776405,0.4036202464818123,0.4367088146877756,0.6329524397776405
UNSW-NB15,HSJA,2,20,2048,3,15.991901636123657,9.56400728225708,9.438614390516452,0.7075256279453919,0.9661344095455343,0.48583781875937526,0.6465476749647722,0.5169063217230855,0.020864864864864864,0.5141621812406247,0.649139609332707,0.8228139991263408,0.5141621812406247,0.6131394840402273,0.7149325595484838,0.4945954292773317,0.5846948222132398,0.2591327663986706,0.24162162162162162,0.5054045707226683,0.6174502388981234,0.5333829388393784,0.5054045707226683
UNSW-NB15,BPDA,2,20,2048,3,15.991901636123657,5.284907341003418,27.88101831608609,0.7075256279453919,0.9661344095455343,0.48583781875937526,0.6465476749647722,0.5169063217230855,0.020864864864864864,0.5141621812406247,0.649139609332707,0.8228139991263408,0.5141621812406247,0.42871544478453094,0.4686314238349604,0.2806185476043413,0.35103550091753244,-0.11556846259881154,0.3898378378378378,0.7193814523956586,0.41413085172218894,0.4545863411617735,0.7193814523956586
UNSW-NB15,HSJA,4,5,1024,2,73.56885552406311,85.49402236938477,6.2308701355487495,0.604576592333479,0.9958087550450171,0.2830230300891203,0.4407722962759379,0.38550013674788486,0.0014594594594594594,0.7169769699108798,0.5500625502300148,0.794972149404441,0.7169769699108798,0.5422678909779916,0.7073210412147506,0.2877216976969911,0.4090509941667189,0.1692582559541933,0.14586486486486486,0.7122783023030089,0.5506612502712719,0.4967479371551296,0.7122783023030089
UNSW-NB15,BPDA,4,5,1024,2,73.56885552406311,64.08771324157715,18.656172569596265,0.604576592333479,0.9958087550450171,0.2830230300891203,0.4407722962759379,0.38550013674788486,0.0014594594594594594,0.7169769699108798,0.5500625502300148,0.794972149404441,0.7169769699108798,0.4180148666375164,0.45638671347556037,0.29824406600194125,0.3607449703826245,-0.1419911062904555,0.43524324324324326,0.7017559339980588,0.4212770848586167,0.41238505139854065,0.7017559339980588
UNSW-NB15,HSJA,4,5,1024,3,74.2834792137146,83.10659980773926,7.411456055968523,0.5909245493854152,0.9722762645914397,0.26458131121503575,0.41596726087258096,0.355873031959771,0.009243243243243243,0.7354186887849643,0.5725225453769309,0.7982292061263603,0.7354186887849643,0.5168099888257299,0.6446367142708225,0.27283155386923147,0.38339688149043677,0.10420344135378531,0.18427027027027026,0.7271684461307686,0.529980216230525,0.5032608179934364,0.7271684461307686
UNSW-NB15,BPDA,4,5,1024,3,74.2834792137146,42.433537006378174,2.7291939950444544,0.5909245493854152,0.9722762645914397,0.26458131121503575,0.41596726087258096,0.355873031959771,0.009243243243243243,0.7354186887849643,0.5725225453769309,0.7982292061263603,0.7354186887849643,0.5636326094349706,0.6294562973158981,0.5043898349951469,0.5600254724028558,0.1408615765474216,0.3637837837837838,0.4956101650048531,0.5808111971496778,0.5699525230886842,0.4956101650048531
UNSW-NB15,HSJA,4,5,2048,2,73.59941482543945,82.33023500442505,7.964096584560066,0.6050988679978623,0.9955160417471975,0.2840598252889791,0.441999759726775,0.3861502202530284,0.0015675675675675676,0.7159401747110209,0.5359805199954211,0.7846024217733485,0.7159401747110209,0.5254579021522616,0.6581792462362333,0.28739080561192976,0.4000859871633449,0.12167142934393209,0.18286486486486486,0.7126091943880702,0.5111919850782575,0.30109804340722296,0.7126091943880702
UNSW-NB15,BPDA,4,5,2048,2,73.59941482543945,35.47610282897949,13.106689986882374,0.6050988679978623,0.9955160417471975,0.2840598252889791,0.441999759726775,0.3861502202530284,0.0015675675675675676,0.7159401747110209,0.5359805199954211,0.7846024217733485,0.7159401747110209,0.47403196812903853,0.5247292947029558,0.47463160681196503,0.4984247590808006,-0.05180416920261511,0.5267027027027027,0.525368393188035,0.3760687364215005,0.43402474388539336,0.525368393188035
UNSW-NB15,HSJA,4,5,2048,3,74.30493927001953,90.58417248725891,10.354418695039591,0.6145727056308604,0.969351832677573,0.3097811700344128,0.4695163743960949,0.3890024894409708,0.012,0.6902188299655873,0.5621441133403764,0.7828384789724858,0.6902188299655873,0.5110285186804645,0.6073181049069374,0.3167078443483632,0.41631386649654933,0.0723637862481228,0.25089189189189187,0.6832921556516368,0.5240494981768145,0.33657656839647737,0.6832921556516368
UNSW-NB15,BPDA,4,5,2048,3,74.30493927001953,66.78879499435425,13.949618617305543,0.6145727056308604,0.969351832677573,0.3097811700344128,0.4695163743960949,0.3890024894409708,0.012,0.6902188299655873,0.5621441133403764,0.7828384789724858,0.6902188299655873,0.475076519457805,0.5364658800800386,0.3430247948469073,0.4184719717968729,-0.020944868942521837,0.3631351351351351,0.6569752051530927,0.5380562868303757,0.6140675546013916,0.6569752051530927
UNSW-NB15,HSJA,4,10,1024,2,41.63849592208862,35.879942893981934,11.717193800709325,0.6173176893552932,0.9864874375395876,0.3092076237536398,0.47083522278765894,0.400197693047764,0.005189189189189189,0.6907923762463601,0.6768257918754366,0.8382109930001194,0.6907923762463601,0.5001457513481999,0.5858469630969014,0.3144798376422836,0.4092670743260701,0.04589730553564611,0.27237837837837836,0.6855201623577164,0.5839836482670794,0.5645262280272833,0.6855201623577164
UNSW-NB15,BPDA,4,10,1024,2,41.63849592208862,13.121017932891846,5.7960452800855045,0.6173176893552932,0.9864874375395876,0.3092076237536398,0.47083522278765894,0.400197693047764,0.005189189189189189,0.6907923762463601,0.6768257918754366,0.8382109930001194,0.6907923762463601,0.5593572365544381,0.6505070656691604,0.43157151680931793,0.5188908191547204,0.15236741718601263,0.2840810810810811,0.5684284831906821,0.6353768154349532,0.7021077925357525,0.5684284831906821
UNSW-NB15,HSJA,4,10,1024,3,41.17023301124573,34.31161952018738,9.73861924889472,0.6739906719137152,0.9881210073385777,0.4128650842671843,0.5823907395018125,0.4807861124370299,0.006081081081081081,0.5871349157328156,0.6775043212717703,0.8421190604016682,0.5871349157328156,0.576604479424768,0.6890774508033941,0.4209829700873555,0.5226560039437468,0.19819908951969709,0.23272972972972972,0.5790170299126445,0.6292909009446224,0.6104157606285503,0.5790170299126445
UNSW-NB15,BPDA,4,10,1024,3,41.17023301124573,7.18384051322937,16.72496720594665,0.6739906719137152,0.9881210073385777,0.4128650842671843,0.5823907395018125,0.4807861124370299,0.006081081081081081,0.5871349157328156,0.6775043212717703,0.8421190604016682,0.5871349157328156,0.5067409998542487,0.5686850757994588,0.4311303273625695,0.49044530044291645,0.030774715755774833,0.4006216216216216,0.5688696726374305,0.5155360988359753,0.616204442986523,0.5688696726374305
UNSW-NB15,HSJA,4,10,2048,2,41.04705286026001,39.68388652801514,8.089199825098381,0.5919205169314483,0.9683857576241418,0.2675813994529251,0.4193024300874555,0.3557777720477677,0.010702702702702703,0.7324186005470749,0.5889845318383768,0.7633967959164286,0.7324186005470749,0.5110285186804645,0.6261812394310157,0.27772875672813907,0.3847917112381185,0.086368666386312,0.20313513513513515,0.722271243271861,0.5590882572659132,0.35676712163064195,0.722271243271861
UNSW-NB15,BPDA,4,10,2048,2,41.04705286026001,12.065003395080566,6.860030121945293,0.5919205169314483,0.9683857576241418,0.2675813994529251,0.4193024300874555,0.3557777720477677,0.010702702702702703,0.7324186005470749,0.5889845318383768,0.7633967959164286,0.7324186005470749,0.5233202157119954,0.5838384394974653,0.467462278302303,0.5192090949184104,0.05933165391327528,0.40824324324324324,0.532537721697697,0.5158489233188893,0.6074941973732445,0.532537721697697
UNSW-NB15,HSJA,4,10,2048,3,41.07751655578613,35.321322441101074,9.266141961813146,0.6176213379973765,0.9762723521320495,0.31313420982970086,0.4741782469267771,0.39630885530985654,0.009324324324324324,0.6868657901702991,0.6097595976590726,0.807773019677964,0.6868657901702991,0.524959918379245,0.6386696981855468,0.31602400070590314,0.42282661629502827,0.10834256287948485,0.21905405405405406,0.6839759992940969,0.637656433257576,0.5144315152162534,0.6839759992940969
UNSW-NB15,BPDA,4,10,2048,3,41.07751655578613,23.332082748413086,17.43307583928485,0.6176213379973765,0.9762723521320495,0.31313420982970086,0.4741782469267771,0.39630885530985654,0.009324324324324324,0.6868657901702991,0.6097595976590726,0.807773019677964,0.6868657901702991,0.443290579604528,0.4906557681590191,0.2913173916879908,0.36557919359973423,-0.08398244598026892,0.3705135135135135,0.7086826083120091,0.408711017633269,0.49516072129933614,0.7086826083120091
UNSW-NB15,HSJA,4,15,1024,2,29.999534130096436,20.966697216033936,12.975513773502401,0.6879949472865957,0.977956204379562,0.4433292155651637,0.6100907683434018,0.49548475693085153,0.012243243243243242,0.5566707844348363,0.6721492764493072,0.8311259059259539,0.5566707844348363,0.5582398095515717,0.6419541868643666,0.44696902850083825,0.5270043565901554,0.14480501619271363,0.30543243243243245,0.5530309714991617,0.562322935173769,0.4870093186682755,0.5530309714991617
UNSW-NB15,BPDA,4,15,1024,2,29.999534130096436,8.9307382106781,22.619394646067143,0.6879949472865957,0.977956204379562,0.4433292155651637,0.6100907683434018,0.49548475693085153,0.012243243243243242,0.5566707844348363,0.6721492764493072,0.8311259059259539,0.5566707844348363,0.4618010008259243,0.515627391557229,0.3715697520515309,0.43190297311503995,-0.05701943581503762,0.42764864864864865,0.628430247948469,0.5086721583822418,0.5481594825142968,0.628430247948469
UNSW-NB15,HSJA,4,15,1024,3,30.590919494628906,21.07064127922058,13.14434241850071,0.6643346450954671,0.9660275992836828,0.4045927821406512,0.570322460275506,0.45721223022029384,0.01743243243243243,0.5954072178593488,0.6883444887687477,0.8382471236209275,0.5954072178593488,0.53289122091046,0.6125851677148847,0.412534192182123,0.49303981017664117,0.09565784769333212,0.31964864864864867,0.587465807817877,0.5561308073051433,0.5001953659395257,0.587465807817877
UNSW-NB15,BPDA,4,15,1024,3,30.590919494628906,6.556042432785034,22.923043288150414,0.6643346450954671,0.9660275992836828,0.4045927821406512,0.570322460275506,0.45721223022029384,0.01743243243243243,0.5954072178593488,0.6883444887687477,0.8382471236209275,0.5954072178593488,0.435104212213963,0.48263755716182327,0.3608709079678814,0.4129652769889053,-0.1142914142785456,0.47394594594594597,0.6391290920321185,0.37777318182251785,0.47184127897112715,0.6391290920321185
UNSW-NB15,HSJA,4,15,2048,2,30.005528450012207,22.580307483673096,12.3074867609192,0.6222732351940922,0.9695190341096523,0.3241639459984117,0.48587346459686886,0.40003522480887815,0.012486486486486486,0.6758360540015883,0.643505810584254,0.8261465896801392,0.6758360540015883,0.49919836758490016,0.5788400892239058,0.33201711815053386,0.42198671040457564,0.03857134469574801,0.295972972972973,0.6679828818494662,0.5386062837301256,0.5230195534608546,0.6679828818494662
UNSW-NB15,BPDA,4,15,2048,2,30.005528450012207,4.616687297821045,17.103920711266575,0.6222732351940922,0.9695190341096523,0.3241639459984117,0.48587346459686886,0.40003522480887815,0.012486486486486486,0.6758360540015883,0.643505810584254,0.8261465896801392,0.6758360540015883,0.45123402808142643,0.5024867428609071,0.33653930997970527,0.403102004148336,-0.07392778746627127,0.40824324324324324,0.6634606900202947,0.3650837311987714,0.47317443148555166,0.6634606900202947
UNSW-NB15,HSJA,4,15,2048,3,30.423400402069092,21.507463216781616,13.562162950007284,0.656840596608852,0.9591869656396192,0.3934968675549281,0.5580565940340064,0.44369272869261756,0.020513513513513514,0.6065031324450719,0.6786963445069528,0.8374667109127352,0.6065031324450719,0.5212189671087791,0.5981215359596429,0.3975558104650137,0.47763804778500724,0.07258102632866692,0.3272702702702703,0.6024441895349864,0.558346033229912,0.5071782066725149,0.6024441895349864
UNSW-NB15,BPDA,4,15,2048,3,30.423400402069092,6.281039714813232,17.105135305834914,0.656840596608852,0.9591869656396192,0.3934968675549281,0.5580565940340064,0.44369272869261756,0.020513513513513514,0.6065031324450719,0.6786963445069528,0.8374667109127352,0.6065031324450719,0.48578924355050285,0.5371915189433437,0.4773008029647931,0.5054783319705641,-0.026380046356775454,0.5038108108108108,0.522699197035207,0.4169325609139538,0.47493614669722994,0.522699197035207
UNSW-NB15,HSJA,4,20,1024,2,24.708116054534912,15.23442816734314,10.907059223631155,0.6552859155613856,0.9516653343991474,0.3939380570016765,0.5572179665194938,0.4380653523983586,0.024513513513513514,0.6060619429983235,0.7536722892485709,0.8706590689727426,0.6060619429983235,0.546215323325074,0.6408652316827483,0.39998235242213004,0.49255008488964347,0.1313020980495581,0.2746216216216216,0.6000176475778699,0.6666760098468714,0.6342031128199258,0.6000176475778699
UNSW-NB15,BPDA,4,20,1024,2,24.708116054534912,4.6550939083099365,25.112957294854976,0.6552859155613856,0.9516653343991474,0.3939380570016765,0.5572179665194938,0.4380653523983586,0.024513513513513514,0.6060619429983235,0.7536722892485709,0.8706590689727426,0.6060619429983235,0.40415634261283584,0.45343167895986997,0.4000485308391423,0.42507061070938856,-0.1898597547861475,0.5908108108108108,0.5999514691608576,0.34582525201456626,0.43910982919767294,0.5999514691608576
UNSW-NB15,HSJA,4,20,1024,3,24.895634651184082,16.783798217773438,8.000534421610062,0.6606058397706845,0.9437554228551013,0.40790170299126444,0.5696110897189064,0.4416836225037393,0.029783783783783782,0.5920982970087355,0.6812327959963846,0.8374701296574241,0.5920982970087355,0.5806004955545839,0.7025881470367592,0.41319597635224564,0.5203633737081897,0.2114397889619686,0.2142972972972973,0.5868040236477543,0.6557089094631559,0.6083600374488101,0.5868040236477543
UNSW-NB15,BPDA,4,20,1024,3,24.895634651184082,4.741354465484619,15.243161832580288,0.6606058397706845,0.9437554228551013,0.40790170299126444,0.5696110897189064,0.4416836225037393,0.029783783783783782,0.5920982970087355,0.6812327959963846,0.8374701296574241,0.5920982970087355,0.5081742214448817,0.565457349241133,0.4610650313244507,0.5079530955708124,0.02695941189688317,0.4341081081081081,0.5389349686755492,0.49241973422509244,0.5491651043225553,0.5389349686755492
UNSW-NB15,HSJA,4,20,2048,2,24.79539918899536,15.417900323867798,8.09284360880338,0.6813875528348637,0.9610853611432986,0.43911585634871614,0.6028102477136454,0.4784242652016154,0.021783783783783785,0.5608841436512838,0.7352862627915129,0.8577419096636087,0.5608841436512838,0.60045911674683,0.7223990558277601,0.4455792817435807,0.5511849699152715,0.24767307765387203,0.2097837837837838,0.5544207182564193,0.6739129488506419,0.6113833776226706,0.5544207182564193
UNSW-NB15,BPDA,4,20,2048,2,24.79539918899536,8.138315200805664,33.29203711801001,0.6813875528348637,0.9610853611432986,0.43911585634871614,0.6028102477136454,0.4784242652016154,0.021783783783783785,0.5608841436512838,0.7352862627915129,0.8577419096636087,0.5608841436512838,0.34846718165476365,0.37328453796889294,0.2700079414100415,0.31335603287166225,-0.2899986231498679,0.5554054054054054,0.7299920585899585,0.39971357325294943,0.4640470025249697,0.7299920585899585
UNSW-NB15,HSJA,4,20,2048,3,24.91306233406067,14.517496824264526,11.831365690132634,0.6978331632900938,0.964610212611303,0.4683887761404747,0.6305832739368021,0.5027771050036646,0.021054054054054056,0.5316112238595253,0.7730297925097956,0.879490278930258,0.5316112238595253,0.5795195063887675,0.664972743232006,0.4762860672372717,0.5550314263312811,0.18553810588105235,0.294,0.5237139327627283,0.6149860864349747,0.5503961055150184,0.5237139327627283
UNSW-NB15,BPDA,4,20,2048,3,24.91306233406067,2.8564000129699707,21.263907107807416,0.6978331632900938,0.964610212611303,0.4683887761404747,0.6305832739368021,0.5027771050036646,0.021054054054054056,0.5316112238595253,0.7730297925097956,0.879490278930258,0.5316112238595253,0.48519409221201965,0.5390838439298692,0.4483367157857584,0.4895403032529235,-0.021278029060276354,0.46964864864864864,0.5516632842142416,0.49067422690492485,0.5442039920844527,0.5516632842142416
UNSW-NB15,HSJA,8,5,1024,2,142.52948784828186,145.82911443710327,9.363309527279796,0.5755234902589516,0.9786135693215339,0.23418335833406864,0.37792808828764685,0.33519173873331964,0.00627027027027027,0.7658166416659313,0.5788596254420837,0.8004254140264163,0.7658166416659313,0.4818903949861536,0.5704874835309618,0.23879378805258977,0.336666303823845,0.021879559490960775,0.22027027027027027,0.7612062119474102,0.5998278827556932,0.5375577128624918,0.7612062119474102
UNSW-NB15,BPDA,8,5,1024,2,142.52948784828186,107.84839534759521,21.929504931253945,0.5755234902589516,0.9786135693215339,0.23418335833406864,0.37792808828764685,0.33519173873331964,0.00627027027027027,0.7658166416659313,0.5788596254420837,0.8004254140264163,0.7658166416659313,0.3562284409464121,0.3475010933958888,0.19279978822906557,0.24800306456876126,-0.270785075942837,0.44354054054054054,0.8072002117709345,0.37187539826290594,0.4436051088197206,0.8072002117709345
UNSW-NB15,HSJA,8,5,1024,3,143.68790435791016,145.5908064842224,8.107418743623384,0.6191638730991595,0.9810697322227576,0.3143915997529339,0.47618570306887853,0.40055769730372265,0.007432432432432433,0.685608400247066,0.6328346052308375,0.8150039143326006,0.685608400247066,0.5380896856629257,0.6678003492968103,0.32052413306273714,0.4331495006707408,0.14120841975373652,0.19535135135135134,0.6794758669372628,0.6487851306040002,0.5583080414074298,0.6794758669372628
UNSW-NB15,BPDA,8,5,1024,3,143.68790435791016,69.33667731285095,14.522907253558765,0.6191638730991595,0.9810697322227576,0.3143915997529339,0.47618570306887853,0.40055769730372265,0.007432432432432433,0.685608400247066,0.6328346052308375,0.8150039143326006,0.685608400247066,0.4739348005635719,0.5428002373082464,0.2825597811700344,0.37165240098650804,-0.009938940775785676,0.2915945945945946,0.7174402188299656,0.579672513122405,0.5474705500096909,0.7174402188299656
UNSW-NB15,HSJA,8,5,2048,2,147.1979911327362,151.08007311820984,6.668124180148672,0.6212894135937425,0.9880673196302938,0.3160019412335657,0.4788567608223299,0.40657559200795923,0.004675675675675676,0.6839980587664343,0.6321207610040996,0.8080571375034434,0.6839980587664343,0.5546081717922557,0.7117641306473694,0.32111973881584754,0.4425696217925331,0.18626294550710903,0.15932432432432433,0.6788802611841525,0.5892289051824259,0.36493148569251077,0.6788802611841525
UNSW-NB15,BPDA,8,5,2048,2,147.1979911327362,114.35262846946716,31.234513919253757,0.6212894135937425,0.9880673196302938,0.3160019412335657,0.4788567608223299,0.40657559200795923,0.004675675675675676,0.6839980587664343,0.6321207610040996,0.8080571375034434,0.6839980587664343,0.30894427440120487,0.3291270169631775,0.24567634342186534,0.2813439434129089,-0.3719156696578515,0.6135405405405405,0.7543236565781346,0.3504747681370597,0.45394586689809985,0.7543236565781346
UNSW-NB15,HSJA,8,5,2048,3,148.21731090545654,143.4231584072113,10.643492202302873,0.6193096244473595,0.975589855171007,0.3165093090973264,0.4779559952697413,0.3984302681932594,0.009702702702702702,0.6834906909026736,0.63543738716878,0.8231925377788629,0.6834906909026736,0.5128747024243308,0.609266538429372,0.321406511956234,0.42081853103428357,0.0754585621285564,0.25254054054054054,0.678593488043766,0.559393723722399,0.5226421267754545,0.678593488043766
UNSW-NB15,BPDA,8,5,2048,3,148.21731090545654,85.70302295684814,19.042413642326196,0.6193096244473595,0.975589855171007,0.3165093090973264,0.4779559952697413,0.3984302681932594,0.009702702702702702,0.6834906909026736,0.63543738716878,0.8231925377788629,0.6834906909026736,0.42888548802409754,0.46064955034714133,0.2180799435277508,0.2960190439117872,-0.10737137331703299,0.31283783783783786,0.7819200564722492,0.3981015272309281,0.5283001902395874,0.7819200564722492
UNSW-NB15,HSJA,8,10,1024,2,81.32321643829346,58.23037004470825,6.4592139143953675,0.6869261040664626,0.9705033201809258,0.44491749757345805,0.6101279607949904,0.49050597664530554,0.016567567567567568,0.555082502426542,0.7209970413477981,0.8511789384977915,0.555082502426542,0.6223339649225089,0.7661507402422612,0.45206476661078265,0.5686182019977802,0.3005976778131074,0.16905405405405405,0.5479352333892173,0.7195806279675953,0.6521308571618235,0.5479352333892173
UNSW-NB15,BPDA,8,10,1024,2,81.32321643829346,29.36287760734558,38.55851916630228,0.6869261040664626,0.9705033201809258,0.44491749757345805,0.6101279607949904,0.49050597664530554,0.016567567567567568,0.555082502426542,0.7209970413477981,0.8511789384977915,0.555082502426542,0.30134091240343974,0.23290972830850132,0.11724609547339628,0.1559748796807137,-0.39548028625730064,0.4731081081081081,0.8827539045266037,0.33117568968642164,0.42184342054024393,0.8827539045266037
UNSW-NB15,HSJA,8,10,1024,3,76.31602478027344,58.45450186729431,6.08633338191712,0.711752417043191,0.967128027681661,0.49324980146474895,0.6533045053468124,0.5232372237816741,0.02054054054054054,0.506750198535251,0.6991539730302083,0.849041784317431,0.506750198535251,0.6508890832240198,0.789481031654626,0.49900732374481604,0.6115023315536933,0.35085676372791696,0.16302702702702704,0.500992676255184,0.7322405424483868,0.7189031088056944,0.500992676255184
UNSW-NB15,BPDA,8,10,1024,3,76.31602478027344,24.207463264465332,19.513676334839435,0.711752417043191,0.967128027681661,0.49324980146474895,0.6533045053468124,0.5232372237816741,0.02054054054054054,0.506750198535251,0.6991539730302083,0.849041784317431,0.506750198535251,0.5166156536947967,0.6086973601508485,0.34181152386834907,0.43778606543481946,0.07813619314451795,0.2692162162162162,0.6581884761316509,0.5952231360342076,0.6048998905229805,0.6581884761316509
UNSW-NB15,HSJA,8,10,2048,2,75.52064371109009,61.81193780899048,5.091580430452314,0.6643346450954671,0.9763648110261656,0.4000485308391423,0.5675523425030513,0.4619771506697635,0.011864864864864865,0.5999514691608576,0.7375248732474644,0.8547352888781146,0.5999514691608576,0.613418840790944,0.7910595741012156,0.4048133768640254,0.5355610681453378,0.3027708519394954,0.131,0.5951866231359746,0.7206136176103748,0.6455785487370305,0.5951866231359746
UNSW-NB15,BPDA,8,10,2048,2,75.52064371109009,14.905763149261475,28.59641451683428,0.6643346450954671,0.9763648110261656,0.4000485308391423,0.5675523425030513,0.4619771506697635,0.011864864864864865,0.5999514691608576,0.7375248732474644,0.8547352888781146,0.5999514691608576,0.37837049992712435,0.39850746268656717,0.2532648019059384,0.30970300234684794,-0.22432555891637765,0.46835135135135136,0.7467351980940616,0.36403896835598504,0.49476950002623066,0.7467351980940616
UNSW-NB15,HSJA,8,10,2048,3,76.53040981292725,60.0177321434021,7.212262546761883,0.6570106398484186,0.9712190549705023,0.38857760522368306,0.5550741306779687,0.44945521248809567,0.014108108108108109,0.611422394776317,0.7656502589901293,0.867929871063712,0.611422394776317,0.5848880143807997,0.7255449067895993,0.39579105267801995,0.5121822411898203,0.23043442975783443,0.18343243243243243,0.60420894732198,0.7079958701090573,0.6654315414540459,0.60420894732198
UNSW-NB15,BPDA,8,10,2048,3,76.53040981292725,21.300718069076538,26.084632949521446,0.6570106398484186,0.9712190549705023,0.38857760522368306,0.5550741306779687,0.44945521248809567,0.014108108108108109,0.611422394776317,0.7656502589901293,0.867929871063712,0.611422394776317,0.3961643103532041,0.41815737386563095,0.24699991176211064,0.3105576280353354,-0.1848470661936535,0.42108108108108105,0.7530000882378893,0.2990578557358205,0.41800080406238327,0.7530000882378893
UNSW-NB15,HSJA,8,15,1024,2,53.48686718940735,35.067651987075806,11.28236894524608,0.691711606665695,0.9482340253437584,0.46549898526427247,0.6244488503536235,0.4865138418560109,0.031135135135135134,0.5345010147357275,0.7611649020082466,0.8686763994229026,0.5345010147357275,0.5788879172132342,0.6661678980018081,0.4714109238507015,0.5521179160584413,0.1856230716868329,0.28943243243243244,0.5285890761492985,0.6248602815623353,0.5537011929871061,0.5285890761492985
UNSW-NB15,BPDA,8,15,1024,2,53.48686718940735,5.750170469284058,23.71131516299859,0.691711606665695,0.9482340253437584,0.46549898526427247,0.6244488503536235,0.4865138418560109,0.031135135135135134,0.5345010147357275,0.7611649020082466,0.8686763994229026,0.5345010147357275,0.45459845503570906,0.5080161821995804,0.2991705638401129,0.37657577608707726,-0.059300069857581676,0.354972972972973,0.700829436159887,0.4072784042535432,0.48575588263086666,0.700829436159887
UNSW-NB15,HSJA,8,15,1024,3,54.26029849052429,36.89326500892639,9.919593839576347,0.7367730651508526,0.9564043209876543,0.5468543192446836,0.6958401167686521,0.5529855334364167,0.03054054054054054,0.45314568075531636,0.7160757447754822,0.8477608776282426,0.45314568075531636,0.6375771267550892,0.7234674743978076,0.5532295067501986,0.6269985124442167,0.29635708765035657,0.2590810810810811,0.44677049324980145,0.6405424796873994,0.5575140131815014,0.44677049324980145
UNSW-NB15,BPDA,8,15,1024,3,54.26029849052429,10.669543981552124,38.24879755137734,0.7367730651508526,0.9564043209876543,0.5468543192446836,0.6958401167686521,0.5529855334364167,0.03054054054054054,0.45314568075531636,0.7160757447754822,0.8477608776282426,0.45314568075531636,0.35428508963707916,0.3758836022442705,0.26158122297714637,0.3084847617684933,-0.27682821916923306,0.5321351351351351,0.7384187770228536,0.3320615053860885,0.44647593333714203,0.7384187770228536
UNSW-NB15,HSJA,8,15,2048,2,53.59311032295227,37.714202642440796,4.479424768012441,0.7329106544235534,0.9647578846766486,0.5344348363187152,0.687837147237522,0.551566665830927,0.023918918918918917,0.46556516368128475,0.7626406342038677,0.86784682112649,0.46556516368128475,0.688116406743429,0.8326225291091254,0.5426409600282361,0.6570596719910251,0.42414679977253583,0.13364864864864864,0.45735903997176386,0.7515370450084778,0.7212191889821371,0.45735903997176386
UNSW-NB15,BPDA,8,15,2048,2,53.59311032295227,6.259576082229614,28.77253072924258,0.7329106544235534,0.9647578846766486,0.5344348363187152,0.687837147237522,0.551566665830927,0.023918918918918917,0.46556516368128475,0.7626406342038677,0.86784682112649,0.46556516368128475,0.4451853471311276,0.4949088881716013,0.3720550604429542,0.42477742378259936,-0.09408764294240102,0.4652162162162162,0.6279449395570458,0.3848267416251511,0.48440939369252606,0.6279449395570458
UNSW-NB15,HSJA,8,15,2048,3,54.20897603034973,37.9150767326355,9.665743574794728,0.7007967740368265,0.9442393543956044,0.4852422130062649,0.6410503001690272,0.4971026521562055,0.035108108108108105,0.5147577869937351,0.7286594557033871,0.8457269807536993,0.5147577869937351,0.6041393382888792,0.700289271789712,0.49130856789905586,0.5774735532047293,0.23874310012318073,0.2576216216216216,0.5086914321009441,0.6548983320654106,0.5880697363057922,0.5086914321009441
UNSW-NB15,BPDA,8,15,2048,3,54.20897603034973,7.809187412261963,27.599232376232813,0.7007967740368265,0.9442393543956044,0.4852422130062649,0.6410503001690272,0.4971026521562055,0.035108108108108105,0.5147577869937351,0.7286594557033871,0.8457269807536993,0.5147577869937351,0.42480445027449837,0.46121135501666477,0.2655739874702197,0.33706166445019947,-0.1224370328214774,0.38010810810810813,0.7344260125297802,0.36702476622921343,0.4896715448505905,0.7344260125297802
UNSW-NB15,HSJA,8,20,1024,2,42.52466583251953,26.53468418121338,7.4406063256085115,0.7331292814458533,0.937256663671758,0.5522809494396894,0.695019710177114,0.5386771607481703,0.0452972972972973,0.4477190505603106,0.7985295158720884,0.8881830539409646,0.4477190505603106,0.6587232181897682,0.7572392381634725,0.5595605753110385,0.6435620956488647,0.34405385202564626,0.21978378378378377,0.44043942468896147,0.7280170433271884,0.6692794079338238,0.44043942468896147
UNSW-NB15,BPDA,8,20,1024,2,42.52466583251953,4.733877658843994,47.873244910848754,0.7331292814458533,0.937256663671758,0.5522809494396894,0.695019710177114,0.5386771607481703,0.0452972972972973,0.4477190505603106,0.7985295158720884,0.8881830539409646,0.4477190505603106,0.25439683233736576,0.20875811776657113,0.12693020382952439,0.15787091021332053,-0.4875133171297184,0.5894324324324325,0.8730697961704756,0.1911989534867083,0.3801030949947486,0.8730697961704756
UNSW-NB15,HSJA,8,20,1024,3,43.06416630744934,24.109500646591187,7.2268376815818876,0.7742675994752951,0.9402508476808111,0.6300626489014383,0.7545205986078274,0.5989626531380317,0.04905405405405405,0.36993735109856174,0.824931587614262,0.8974164911525833,0.36993735109856174,0.7019992226594762,0.7820697138206971,0.6359966469602047,0.7015097874618295,0.41900430887251944,0.21713513513513513,0.3640033530397953,0.7466175996432327,0.679996285618746,0.3640033530397953
UNSW-NB15,BPDA,8,20,1024,3,43.06416630744934,4.532906532287598,41.768692610406646,0.7742675994752951,0.9402508476808111,0.6300626489014383,0.7545205986078274,0.5989626531380317,0.04905405405405405,0.36993735109856174,0.824931587614262,0.8974164911525833,0.36993735109856174,0.3565806733712287,0.32005274559668456,0.1499161740051178,0.2041883243697984,-0.2732295995336796,0.3902162162162162,0.8500838259948822,0.40288593792106764,0.45598711921366575,0.8500838259948822
UNSW-NB15,HSJA,8,20,2048,2,42.56944489479065,24.20418620109558,5.7851139289705085,0.7577369674002817,0.9312652894808372,0.6046280772963911,0.7332138462361565,0.5708088285149321,0.054675675675675675,0.39537192270360894,0.8027581775060156,0.8865867115635849,0.39537192270360894,0.6998858281105766,0.7947743060518567,0.6132974499249978,0.6923412149963268,0.42190710664437997,0.19402702702702704,0.3867025500750022,0.7422687773805747,0.7236602979128666,0.3867025500750022
UNSW-NB15,BPDA,8,20,2048,2,42.56944489479065,4.342923879623413,46.80804547442064,0.7577369674002817,0.9312652894808372,0.6046280772963911,0.7332138462361565,0.5708088285149321,0.054675675675675675,0.39537192270360894,0.8027581775060156,0.8865867115635849,0.39537192270360894,0.2896565126560754,0.22551965940395693,0.11918732903908938,0.15595324000577285,-0.418669800786859,0.5014864864864865,0.8808126709609106,0.26800064330190954,0.40807758016457885,0.8808126709609106
UNSW-NB15,HSJA,8,20,2048,3,43.143933057785034,26.400790452957153,8.074624690278387,0.7676844969149298,0.9532639153146297,0.607870819729992,0.7423591373806221,0.595439046755076,0.036513513513513514,0.3921291802700079,0.7969122969038039,0.8813913965189074,0.3921291802700079,0.6869382500121459,0.7698187136116553,0.6154372187417277,0.6840253515256274,0.390782394743145,0.22545945945945947,0.3845627812582723,0.6954861570849064,0.6362921314797403,0.3845627812582723
UNSW-NB15,BPDA,8,20,2048,3,43.143933057785034,7.370360374450684,35.744303551474516,0.7676844969149298,0.9532639153146297,0.607870819729992,0.7423591373806221,0.595439046755076,0.036513513513513514,0.3921291802700079,0.7969122969038039,0.8813913965189074,0.3921291802700079,0.41024146140018464,0.4450017059024224,0.2877216976969911,0.3494815251467002,-0.15783458117485075,0.43964864864864867,0.7122783023030089,0.3268343130918795,0.44845313215313676,0.7122783023030089
UNSW-NB15,HSJA,10,5,1024,2,176.26339673995972,167.87258291244507,10.877908953991156,0.6155322353398436,0.9809423347398031,0.30770757963469514,0.4684645351961311,0.3952914374007728,0.0073243243243243245,0.6922924203653049,0.6381610424948905,0.8230970326992358,0.6922924203653049,0.506753145799932,0.5998055461616503,0.31300185299567634,0.41134690091030324,0.06280869066196619,0.25586486486486487,0.6869981470043237,0.6147020966634155,0.5470528401657494,0.6869981470043237
UNSW-NB15,BPDA,10,5,1024,2,176.26339673995972,142.54454684257507,18.669533109847936,0.6155322353398436,0.9809423347398031,0.30770757963469514,0.4684645351961311,0.3952914374007728,0.0073243243243243245,0.6922924203653049,0.6381610424948905,0.8230970326992358,0.6922924203653049,0.4288369042413642,0.46910696689901826,0.2835524574252184,0.3534571652482367,-0.115707191139745,0.39316216216216215,0.7164475425747816,0.40061206569668584,0.4507329523411186,0.7164475425747816
UNSW-NB15,HSJA,10,5,1024,3,184.0332396030426,190.62110567092896,11.663751639702669,0.6220424622261089,0.9720377258235919,0.3228403776581664,0.48469894681062464,0.4007960983260768,0.011378378378378379,0.6771596223418336,0.6267786117318235,0.8118893325418323,0.6771596223418336,0.5054049458290822,0.5909288108854269,0.33051707403158914,0.42392519133645507,0.05408323904059266,0.2803243243243243,0.6694829259684109,0.5833962322421248,0.4341169188571034,0.6694829259684109
UNSW-NB15,BPDA,10,5,1024,3,184.0332396030426,91.08091235160828,17.378419083709858,0.6220424622261089,0.9720377258235919,0.3228403776581664,0.48469894681062464,0.4007960983260768,0.011378378378378379,0.6771596223418336,0.6267786117318235,0.8118893325418323,0.6771596223418336,0.44825827138901037,0.49828040392214257,0.30042795376334597,0.3748486182979192,-0.07414539576995617,0.3706216216216216,0.699572046236654,0.43833104679946866,0.5070222701463116,0.699572046236654
UNSW-NB15,HSJA,10,5,2048,2,186.2387228012085,183.20001077651978,6.53208958849536,0.6093135111499781,0.9764075843103198,0.29762640077649344,0.456196111580727,0.3844250491241195,0.008810810810810811,0.7023735992235066,0.6048319080131928,0.8076685932597292,0.7023735992235066,0.5439926152650245,0.6980268510984541,0.3027883173034501,0.42236445319711985,0.16601790898494193,0.16048648648648647,0.6972116826965499,0.6445388959174475,0.6050307427616287,0.6972116826965499
UNSW-NB15,BPDA,10,5,2048,2,186.2387228012085,69.33389735221863,17.580041782053147,0.6093135111499781,0.9764075843103198,0.29762640077649344,0.456196111580727,0.3844250491241195,0.008810810810810811,0.7023735992235066,0.6048319080131928,0.8076685932597292,0.7023735992235066,0.43351309332944665,0.4587953629032258,0.16063707756110474,0.23795830337886412,-0.09019151589007839,0.23216216216216215,0.8393629224388952,0.5087497680774394,0.44667959358975273,0.8393629224388952
UNSW-NB15,HSJA,10,5,2048,3,183.3265905380249,188.7210237979889,13.449205655152308,0.601746586989263,0.9734994337485844,0.28443483631871525,0.4402410502415624,0.372246198266961,0.009486486486486487,0.7155651636812848,0.6041482793015375,0.8092504701292993,0.7155651636812848,0.4672545304377399,0.5293155711550734,0.29275125738992325,0.37699562524856545,-0.028313683946432067,0.31894594594594594,0.7072487426100768,0.5727312178498095,0.5274309382057498,0.7072487426100768
UNSW-NB15,BPDA,10,5,2048,3,183.3265905380249,83.99032497406006,15.290531020745274,0.601746586989263,0.9734994337485844,0.28443483631871525,0.4402410502415624,0.372246198266961,0.009486486486486487,0.7155651636812848,0.6041482793015375,0.8092504701292993,0.7155651636812848,0.44884127678181024,0.4991617464829798,0.30212653313332744,0.37641885392332003,-0.0731080915125777,0.3714054054054054,0.6978734668666725,0.5717085863216962,0.6752047354535218,0.6978734668666725
UNSW-NB15,HSJA,10,10,1024,2,97.49298095703125,73.02497386932373,11.228926784239423,0.6686707477044163,0.9577100552710309,0.41663725403688345,0.58066499623384,0.45932102845484724,0.02254054054054054,0.5833627459631165,0.7222793954392936,0.849944217465522,0.5833627459631165,0.556381479862022,0.64851284818237,0.4242257125209565,0.5129224121836076,0.14768351035782612,0.2817027027027027,0.5757742874790435,0.6237625235201671,0.5442726030880226,0.5757742874790435
UNSW-NB15,BPDA,10,10,1024,2,97.49298095703125,20.71873426437378,21.89428168877229,0.6686707477044163,0.9577100552710309,0.41663725403688345,0.58066499623384,0.45932102845484724,0.02254054054054054,0.5833627459631165,0.7222793954392936,0.849944217465522,0.5833627459631165,0.4497279308166934,0.5005086086727197,0.29306009000264716,0.3696695652173913,-0.06945911689029413,0.3583243243243243,0.7069399099973529,0.42941800345081693,0.5403549281556146,0.7069399099973529
UNSW-NB15,HSJA,10,10,1024,3,93.13367438316345,67.31415438652039,8.830102511781568,0.7125783413496575,0.963466803559206,0.4968234359834113,0.655585957967049,0.5226324991719168,0.023081081081081083,0.5031765640165887,0.7087659811934055,0.8537483892730767,0.5031765640165887,0.6242773162318418,0.7308259587020649,0.5028015529868526,0.595739675901725,0.2829300663024703,0.22689189189189188,0.49719844701314747,0.6718448706360999,0.6323716213726244,0.49719844701314747
UNSW-NB15,BPDA,10,10,1024,3,93.13367438316345,12.826361894607544,32.86207064082009,0.7125783413496575,0.963466803559206,0.4968234359834113,0.655585957967049,0.5226324991719168,0.023081081081081083,0.5031765640165887,0.7087659811934055,0.8537483892730767,0.5031765640165887,0.3839576349414565,0.404018811457888,0.2501544163063619,0.30899182561307903,-0.21193050002518268,0.4521081081081081,0.7498455836936381,0.40234969957383476,0.5143516702825582,0.7498455836936381
UNSW-NB15,HSJA,10,10,2048,2,92.0245373249054,69.18460035324097,8.74629548656658,0.6862337851625128,0.968838663140178,0.44443218918203475,0.6093426285783416,0.4887658264109297,0.017513513513513514,0.5555678108179652,0.7667485282754739,0.8717548462486235,0.5555678108179652,0.598770830296847,0.7148197316936836,0.4513588634959852,0.5533290064362594,0.24101071288432896,0.22062162162162163,0.5486411365040148,0.6808106277768106,0.6419232920441069,0.5486411365040148
UNSW-NB15,BPDA,10,10,2048,2,92.0245373249054,25.309786796569824,23.920225428751884,0.6862337851625128,0.968838663140178,0.44443218918203475,0.6093426285783416,0.4887658264109297,0.017513513513513514,0.5555678108179652,0.7667485282754739,0.8717548462486235,0.5555678108179652,0.4470315308749939,0.49735018344883813,0.4036883437748169,0.445651247458205,-0.09622673587734656,0.49986486486486487,0.5963116562251831,0.4439725511600898,0.5320665641808701,0.5963116562251831
UNSW-NB15,HSJA,10,10,2048,3,93.2741858959198,74.84783101081848,14.20468347665549,0.6992299470436768,0.9541620666813866,0.4766390187946704,0.6357150212571899,0.49971452991168813,0.028054054054054055,0.5233609812053296,0.716974233642007,0.847691751276068,0.5233609812053296,0.5571831122771219,0.6259724036113793,0.4863672460954734,0.547409191349902,0.13101714353570929,0.35605405405405405,0.5136327539045266,0.6188728137274307,0.5602506970526576,0.5136327539045266
UNSW-NB15,BPDA,10,10,2048,3,93.2741858959198,12.981856107711792,23.017781664480395,0.6992299470436768,0.9541620666813866,0.4766390187946704,0.6357150212571899,0.49971452991168813,0.028054054054054055,0.5233609812053296,0.716974233642007,0.847691751276068,0.5233609812053296,0.46905213039887284,0.5333250947437799,0.2856039883525986,0.3719974715549937,-0.022456718296979213,0.3061891891891892,0.7143960116474014,0.48904800975863366,0.5803402309427417,0.7143960116474014
UNSW-NB15,HSJA,10,15,1024,2,65.1293830871582,41.55485916137695,13.420055385512308,0.7464169460234173,0.9428467946396233,0.5742521838877614,0.7137725864385402,0.5601147097617597,0.042648648648648646,0.4257478161122386,0.7818114618633456,0.8783598142297849,0.4257478161122386,0.6122163921682943,0.6702049315625079,0.5821935939292332,0.6231067984087072,0.23022368741639457,0.351,0.4178064060707668,0.6125535851412164,0.5561121104508744,0.4178064060707668
UNSW-NB15,BPDA,10,15,1024,2,65.1293830871582,10.679523468017578,36.94675217412428,0.7464169460234173,0.9428467946396233,0.5742521838877614,0.7137725864385402,0.5601147097617597,0.042648648648648646,0.4257478161122386,0.7818114618633456,0.8783598142297849,0.4257478161122386,0.3769494242821746,0.36369452950047987,0.1755492808612018,0.23679942868195142,-0.2260576648284127,0.3762972972972973,0.8244507191387982,0.3245300148931249,0.4304441512009577,0.8244507191387982
UNSW-NB15,HSJA,10,15,1024,3,66.12588500976562,43.32679057121277,8.251955497255015,0.7382791624155857,0.9383016364440513,0.5615900467660814,0.702638551556635,0.5464297697164691,0.04524324324324324,0.4384099532339186,0.7801334967721626,0.8772149162998653,0.4384099532339186,0.6557596074430355,0.7467468339723481,0.5671269743227741,0.6446589769307923,0.3342848173499971,0.23564864864864865,0.4328730256772258,0.7017550811311621,0.6655071289729321,0.4328730256772258
UNSW-NB15,BPDA,10,15,1024,3,66.12588500976562,6.804842472076416,33.55924792304329,0.7382791624155857,0.9383016364440513,0.5615900467660814,0.702638551556635,0.5464297697164691,0.04524324324324324,0.4384099532339186,0.7801334967721626,0.8772149162998653,0.4384099532339186,0.40268668318515277,0.4303513219847881,0.2621106503132445,0.3257930958844013,-0.17171092642982044,0.42508108108108106,0.7378893496867555,0.35308440908039423,0.45921945754697546,0.7378893496867555
UNSW-NB15,HSJA,10,15,2048,2,65.25695157051086,43.98358106613159,17.68449691492979,0.7248336005441384,0.9385079475577213,0.5353172152122121,0.6817626318672829,0.5276609778595304,0.04297297297297297,0.46468278478778785,0.7716316241018218,0.8767460778918671,0.46468278478778785,0.5479886313948404,0.598995048418177,0.5417144621900644,0.5689165865468151,0.09689096308530898,0.44432432432432434,0.4582855378099356,0.537866735448499,0.5111293014912597,0.4582855378099356
UNSW-NB15,BPDA,10,15,2048,2,65.25695157051086,10.585186958312988,26.150221056211436,0.7248336005441384,0.9385079475577213,0.5353172152122121,0.6817626318672829,0.5276609778595304,0.04297297297297297,0.46468278478778785,0.7716316241018218,0.8767460778918671,0.46468278478778785,0.463331389982024,0.5187436676798379,0.35012794493955707,0.41807478038694046,-0.049250252963190924,0.39797297297297296,0.649872055060443,0.4205243965840012,0.5167923565817814,0.649872055060443
UNSW-NB15,HSJA,10,15,2048,3,66.07784342765808,42.81031394004822,8.973424670844866,0.7293276004469708,0.9375735712929562,0.5446704314832789,0.6890479579164748,0.5334957191517773,0.04443243243243243,0.4553295685167211,0.755158118124301,0.8696095187624998,0.4553295685167211,0.6395933537385221,0.727807035409817,0.5517956410482662,0.627696013851771,0.3015619742128142,0.25283783783783786,0.4482043589517339,0.6888099123344644,0.6033864121912671,0.4482043589517339
UNSW-NB15,BPDA,10,15,2048,3,66.07784342765808,5.262959718704224,23.134382743040373,0.7293276004469708,0.9375735712929562,0.5446704314832789,0.6890479579164748,0.5334957191517773,0.04443243243243243,0.4553295685167211,0.755158118124301,0.8696095187624998,0.4553295685167211,0.49798377301656704,0.5719010641357493,0.3509220859437042,0.4349537923114781,0.030588051490557638,0.3218378378378378,0.6490779140562958,0.5299176239682725,0.555931316384252,0.6490779140562958
UNSW-NB15,HSJA,10,20,1024,2,51.27323603630066,32.20000338554382,7.555992809600154,0.768206772579313,0.9295627127520293,0.6264890143827759,0.7485108850350535,0.585195034455857,0.05816216216216216,0.373510985617224,0.806214814843521,0.8883576127276723,0.373510985617224,0.6926468444833115,0.7661112439873502,0.6359304685431925,0.6949771579416835,0.3974918982934449,0.23786486486486486,0.36406953145680754,0.7236015048733547,0.6585123352753066,0.36406953145680754
UNSW-NB15,BPDA,10,20,1024,2,51.27323603630066,5.541232109069824,37.914784045085746,0.768206772579313,0.9295627127520293,0.6264890143827759,0.7485108850350535,0.585195034455857,0.05816216216216216,0.373510985617224,0.806214814843521,0.8883576127276723,0.373510985617224,0.38905893212845555,0.3977272727272727,0.21309450277949352,0.27750646365986786,-0.19879827645011888,0.39535135135135135,0.7869054972205065,0.3990688842795853,0.46184909221187675,0.7869054972205065
UNSW-NB15,HSJA,10,20,1024,3,52.136497020721436,31.756754875183105,7.972598746538395,0.76629985910703,0.9240370550950756,0.6271066796082237,0.747151661694942,0.579862853148555,0.06316216216216217,0.37289332039177625,0.7884558202427258,0.8798542725479281,0.37289332039177625,0.6865738716416461,0.7560112226971183,0.6360187064325421,0.6908433070960477,0.38359788566970576,0.25148648648648647,0.36398129356745784,0.6931031444287312,0.6346318826805677,0.36398129356745784
UNSW-NB15,BPDA,10,20,1024,3,52.136497020721436,3.3600337505340576,40.32332507409026,0.76629985910703,0.9240370550950756,0.6271066796082237,0.747151661694942,0.579862853148555,0.06316216216216217,0.37289332039177625,0.7884558202427258,0.8798542725479281,0.37289332039177625,0.36306660836612736,0.2652265821112432,0.08856878143474808,0.13279312055564743,-0.27230016079314334,0.30062162162162165,0.9114312185652519,0.3366206829016434,0.4344966335277093,0.9114312185652519
UNSW-NB15,HSJA,10,20,2048,2,51.21192455291748,32.751044034957886,3.036486420832729,0.7974906476218239,0.9283472334319792,0.685078972910968,0.7883734213365489,0.6282362955310591,0.06478378378378379,0.314921027089032,0.7723061565602486,0.8674056230205244,0.314921027089032,0.7671257834134966,0.8552956835900362,0.6945645460160593,0.7665956540264167,0.5508532302393018,0.14397297297297298,0.30543545398394073,0.7728260002480201,0.7271113912813203,0.30543545398394073
UNSW-NB15,BPDA,10,20,2048,2,51.21192455291748,4.178955316543579,38.84394888986057,0.7974906476218239,0.9283472334319792,0.685078972910968,0.7883734213365489,0.6282362955310591,0.06478378378378379,0.314921027089032,0.7723061565602486,0.8674056230205244,0.314921027089032,0.4090511587232182,0.42694405348346237,0.21413129797935235,0.2852147852147852,-0.15354259562563785,0.3521351351351351,0.7858687020206476,0.40002198524519406,0.47860319563053433,0.7858687020206476
UNSW-NB15,HSJA,10,20,2048,3,51.72315049171448,31.64225935935974,7.449108487586853,0.765303891560997,0.9292905951870069,0.620996205770758,0.7444892561983472,0.580840034952015,0.057891891891891895,0.379003794229242,0.8323500286773141,0.9032938553141107,0.379003794229242,0.6908128066851285,0.7673805424020663,0.6291802700079414,0.6914424242424242,0.39534298703713877,0.23367567567567568,0.3708197299920586,0.7345575328924618,0.6705163437897073,0.3708197299920586
UNSW-NB15,BPDA,10,20,2048,3,51.72315049171448,5.225566148757935,35.03376572899967,0.765303891560997,0.9292905951870069,0.620996205770758,0.7444892561983472,0.580840034952015,0.057891891891891895,0.379003794229242,0.8323500286773141,0.9032938553141107,0.379003794229242,0.4149662342710003,0.4174960712414877,0.15823259507632578,0.22948826644058035,-0.13741050806380842,0.2704864864864865,0.8417674049236742,0.46109117269347355,0.5000811437709437,0.8417674049236742
