Dataset,Attack,Resolution,AddressSize,BloomSize,Hash,TrainTime_s,InferTime_Adv_s,Acc_Drop_pp,Clean_Acc,Clean_Precision,Clean_Recall,Clean_F1,Clean_MCC,Clean_FAR,Clean_ASR,Clean_AUC,Clean_PR_AUC,Clean_Miss_Attack,Adv_Acc,Adv_Precision,Adv_Recall,Adv_F1,Adv_MCC,Adv_FAR,Adv_ASR,Adv_AUC,Adv_PR_AUC,Adv_Miss_Attack
ToN-IoT,FGSM,1,5,1024,2,70.70233941078186,28.33538055419922,0.6136132104527486,0.23693998910185032,1.0,3.104722282591822e-05,6.209251785159888e-05,0.0027121517931016407,0.0,0.9999689527771741,0.5,0.8815418512639485,0.9999689527771741,0.23080385699732284,0.0,0.0,0.0,-0.14074316555290847,0.0258,1.0,0.5036534431370114,0.3822663048494963,1.0
ToN-IoT,RANDOM_LINF,1,5,1024,2,70.70233941078186,4.60071873664856,-0.5851832547560942,0.23693998910185032,1.0,3.104722282591822e-05,6.209251785159888e-05,0.0027121517931016407,0.0,0.9999689527771741,0.5,0.8815418512639485,0.9999689527771741,0.24279182164941127,0.7897196261682243,0.01049396131516036,0.020712688053436283,0.00634040022886055,0.009,0.9895060386848397,0.4980749091868732,0.7783312560442859,0.9895060386848397
ToN-IoT,RANDOM_L2,1,5,1024,2,70.70233941078186,4.670044183731079,-0.6301973512757936,0.23693998910185032,1.0,3.104722282591822e-05,6.209251785159888e-05,0.0027121517931016407,0.0,0.9999689527771741,0.5,0.8815418512639485,0.9999689527771741,0.24324196261460826,0.7822410147991543,0.011487472445589742,0.02264243314362646,0.0047965191133753264,0.0103,0.9885125275544102,0.4982189496724518,0.7742916449170906,0.9885125275544102
ToN-IoT,C&W,1,5,1024,2,70.70233941078186,3.7997729778289795,0.0023691629747218945,0.23693998910185032,1.0,3.104722282591822e-05,6.209251785159888e-05,0.0027121517931016407,0.0,0.9999689527771741,0.5,0.8815418512639485,0.9999689527771741,0.2369162974721031,0.0,0.0,0.0,0.0,0.0,1.0,0.5,0.8815418512639485,1.0
ToN-IoT,FGSM,1,5,1024,3,72.4262330532074,28.91432547569275,0.11845814873605032,0.23698737236134473,1.0,9.314166847775466e-05,0.00018626598783062212,0.00469769600352079,0.0,0.9999068583315223,0.50015,0.8815689712363171,0.9999068583315223,0.23580279087398423,0.0,0.0,0.0,-0.05992070959015407,0.0047,1.0,0.5052224207519638,0.3825931420765299,1.0
ToN-IoT,RANDOM_LINF,1,5,1024,3,72.4262330532074,6.004480361938477,-0.5851832547560942,0.23698737236134473,1.0,9.314166847775466e-05,0.00018626598783062212,0.00469769600352079,0.0,0.9999068583315223,0.50015,0.8815689712363171,0.9999068583315223,0.24283920490890568,0.7741228070175439,0.010959669657549131,0.02161334761977652,0.0027132440866372226,0.0103,0.9890403303424509,0.49768107671768763,0.7663615102711068,0.9890403303424509
ToN-IoT,RANDOM_L2,1,5,1024,3,72.4262330532074,6.154571771621704,-0.5662299509583274,0.23698737236134473,1.0,9.314166847775466e-05,0.00018626598783062212,0.00469769600352079,0.0,0.9999068583315223,0.50015,0.8815689712363171,0.9999068583315223,0.242649671870928,0.775,0.010587102983638113,0.020888848050476277,0.0028764516467963772,0.0099,0.9894128970163619,0.4974177900586792,0.7680795470411906,0.9894128970163619
ToN-IoT,C&W,1,5,1024,3,72.4262330532074,3.8586995601654053,0.007107488924162908,0.23698737236134473,1.0,9.314166847775466e-05,0.00018626598783062212,0.00469769600352079,0.0,0.9999068583315223,0.50015,0.8815689712363171,0.9999068583315223,0.2369162974721031,0.0,0.0,0.0,0.0,0.0,1.0,0.504039343040765,0.8820944171061254,1.0
ToN-IoT,FGSM,1,5,2048,2,71.2673408985138,28.596190452575684,0.6657347958966081,0.23698737236134473,1.0,9.314166847775466e-05,0.00018626598783062212,0.00469769600352079,0.0,0.9999068583315223,0.5005,0.8816322661674447,0.9999068583315223,0.23033002440237865,0.0,0.0,0.0,-0.14613135412992634,0.0278,1.0,0.5112261324474525,0.8824619304703255,1.0
ToN-IoT,RANDOM_LINF,1,5,2048,2,71.2673408985138,5.31680703163147,-0.03553744462081454,0.23698737236134473,1.0,9.314166847775466e-05,0.00018626598783062212,0.00469769600352079,0.0,0.9999068583315223,0.5005,0.8816322661674447,0.9999068583315223,0.23734274680755288,0.8461538461538461,0.0006830389021702009,0.001364975957809834,0.00485042000346672,0.0004,0.9993169610978297,0.496717436120339,0.8753038793257621,0.9993169610978297
ToN-IoT,RANDOM_L2,1,5,2048,2,71.2673408985138,5.233540773391724,-0.028429955696651632,0.23698737236134473,1.0,9.314166847775466e-05,0.00018626598783062212,0.00469769600352079,0.0,0.9999068583315223,0.5005,0.8816322661674447,0.9999068583315223,0.23727167191831125,0.8,0.0006209444565183645,0.0012409257305950239,0.0021136384681694326,0.0005,0.9993790555434816,0.4952651401782111,0.8749031806987663,0.9993790555434816
ToN-IoT,C&W,1,5,2048,2,71.2673408985138,3.76346492767334,0.007107488924162908,0.23698737236134473,1.0,9.314166847775466e-05,0.00018626598783062212,0.00469769600352079,0.0,0.9999068583315223,0.5005,0.8816322661674447,0.9999068583315223,0.2369162974721031,0.0,0.0,0.0,0.0,0.0,1.0,0.504039343040765,0.8820944171061254,1.0
ToN-IoT,FGSM,1,5,2048,3,72.27263641357422,28.40720248222351,1.0898149683716745,0.24485299343741856,1.0,0.010400819646682604,0.020587512291052115,0.049838109329982484,0.0,0.9895991803533174,0.5003500000000001,0.8816051371972893,0.9895991803533174,0.23395484375370182,0.0,0.0,0.0,-0.09781041942689427,0.0125,1.0,0.4915619004005092,0.877746146867713,1.0
ToN-IoT,RANDOM_LINF,1,5,2048,3,72.27263641357422,4.825120210647583,0.793669596531546,0.24485299343741856,1.0,0.010400819646682604,0.020587512291052115,0.049838109329982484,0.0,0.9895991803533174,0.5003500000000001,0.8816051371972893,0.9895991803533174,0.2369162974721031,0.0,0.0,0.0,0.0,0.0,1.0,0.5015872085441958,0.8780539563813324,1.0
ToN-IoT,RANDOM_L2,1,5,2048,3,72.27263641357422,4.69446873664856,0.793669596531546,0.24485299343741856,1.0,0.010400819646682604,0.020587512291052115,0.049838109329982484,0.0,0.9895991803533174,0.5003500000000001,0.8816051371972893,0.9895991803533174,0.2369162974721031,0.0,0.0,0.0,0.0,0.0,1.0,0.500534454655531,0.8776990722405845,1.0
ToN-IoT,C&W,1,5,2048,3,72.27263641357422,3.7325451374053955,0.793669596531546,0.24485299343741856,1.0,0.010400819646682604,0.020587512291052115,0.049838109329982484,0.0,0.9895991803533174,0.5003500000000001,0.8816051371972893,0.9895991803533174,0.2369162974721031,0.0,0.0,0.0,0.0,0.0,1.0,0.49631794839951565,0.8782844504493342,1.0
ToN-IoT,FGSM,1,10,1024,2,39.7090585231781,14.618992328643799,2.1227700253500403,0.25314506384894214,1.0,0.021267347635753983,0.04164893293609777,0.07156605434030314,0.0,0.978732652364246,0.50395,0.8822572988369333,0.978732652364246,0.23191736359544174,0.013824884792626729,9.314166847775466e-05,0.00018503669894529083,-0.12667616066069531,0.0214,0.9999068583315223,0.5010672762271414,0.5183106649096563,0.9999068583315223
ToN-IoT,RANDOM_LINF,1,10,1024,2,39.7090585231781,3.4208686351776123,0.4454026392475524,0.25314506384894214,1.0,0.021267347635753983,0.04164893293609777,0.07156605434030314,0.0,0.978732652364246,0.50395,0.8822572988369333,0.978732652364246,0.24869103745646662,0.7646432374866879,0.02229190598900928,0.04332086400386147,0.0005532572561480076,0.0221,0.9777080940109907,0.5017114471110559,0.7642249006107008,0.9777080940109907
ToN-IoT,RANDOM_L2,1,10,1024,2,39.7090585231781,3.1196727752685547,0.5330616693122292,0.25314506384894214,1.0,0.021267347635753983,0.04164893293609777,0.07156605434030314,0.0,0.978732652364246,0.50395,0.8822572988369333,0.978732652364246,0.24781444715581985,0.7625570776255708,0.02073954484771337,0.04038083723741877,-0.0001803106683147763,0.0208,0.9792604551522867,0.49997313794281095,0.7628094817545823,0.9792604551522867
ToN-IoT,C&W,1,10,1024,2,39.7090585231781,1.9438116550445557,1.6228766376839037,0.25314506384894214,1.0,0.021267347635753983,0.04164893293609777,0.07156605434030314,0.0,0.978732652364246,0.50395,0.8822572988369333,0.978732652364246,0.2369162974721031,0.0,0.0,0.0,0.0,0.0,1.0,0.5025794529479338,0.8794959793137787,1.0
ToN-IoT,FGSM,1,10,1024,3,40.215723514556885,15.586412906646729,0.8884361155203857,0.23698737236134473,1.0,9.314166847775466e-05,0.00018626598783062212,0.00469769600352079,0.0,0.9999068583315223,0.50295,0.8820759193357058,0.9999068583315223,0.22810301120614088,0.0,0.0,0.0,-0.16923096195329884,0.0372,1.0,0.5084115697475861,0.38827890184094915,1.0
ToN-IoT,RANDOM_LINF,1,10,1024,3,40.215723514556885,3.687157392501831,-0.38854272785424915,0.23698737236134473,1.0,9.314166847775466e-05,0.00018626598783062212,0.00469769600352079,0.0,0.9999068583315223,0.50295,0.8820759193357058,0.9999068583315223,0.24087279963988723,0.7434402332361516,0.007917041820609146,0.015667240108134677,-0.004181681583792809,0.0088,0.9920829581793909,0.4973896286752149,0.7528521911271618,0.9920829581793909
ToN-IoT,RANDOM_L2,1,10,1024,3,40.215723514556885,3.0239484310150146,-0.4264493354497856,0.23698737236134473,1.0,9.314166847775466e-05,0.00018626598783062212,0.00469769600352079,0.0,0.9999068583315223,0.50295,0.8820759193357058,0.9999068583315223,0.2412518657158426,0.7534626038781164,0.008444844608649756,0.01670248695118207,-0.002101635315193953,0.0089,0.9915551553913502,0.4983313328572759,0.7599029963684906,0.9915551553913502
ToN-IoT,C&W,1,10,1024,3,40.215723514556885,1.9637577533721924,0.007107488924162908,0.23698737236134473,1.0,9.314166847775466e-05,0.00018626598783062212,0.00469769600352079,0.0,0.9999068583315223,0.50295,0.8820759193357058,0.9999068583315223,0.2369162974721031,0.0,0.0,0.0,0.0,0.0,1.0,0.49203788692601447,0.8691857331339403,1.0
ToN-IoT,FGSM,1,10,2048,2,39.65768098831177,14.649422407150269,1.4996801629984124,0.23705844725058636,0.875,0.00021733055978142755,0.0004345531862060403,0.0036240434737238683,0.0001,0.9997826694402185,0.5002655158496072,0.8815907297530109,0.9997826694402185,0.22206164562060224,0.1441543700340522,0.003942997298891614,0.007676035055908129,-0.21253148054442386,0.0754,0.9960570027011084,0.5068324583191034,0.7952144162268863,0.9960570027011084
ToN-IoT,RANDOM_LINF,1,10,2048,2,39.65768098831177,3.7913904190063477,-1.3362079177426627,0.23705844725058636,0.875,0.00021733055978142755,0.0004345531862060403,0.0036240434737238683,0.0001,0.9997826694402185,0.5002655158496072,0.8815907297530109,0.9997826694402185,0.250420526428013,0.7526595744680851,0.02635909217920457,0.05093439721630621,-0.004062470561665884,0.0279,0.9736409078207954,0.5004618740103698,0.7592343840511224,0.9736409078207954
ToN-IoT,RANDOM_L2,1,10,2048,2,39.65768098831177,3.1047120094299316,-1.3409462436921067,0.23705844725058636,0.875,0.00021733055978142755,0.0004345531862060403,0.0036240434737238683,0.0001,0.9997826694402185,0.5002655158496072,0.8815907297530109,0.9997826694402185,0.25046790968750743,0.7549019607843137,0.026296997733552735,0.050823557649035435,-0.00317984844659259,0.0275,0.9737030022664472,0.5012878667453197,0.7600906682816191,0.9737030022664472
ToN-IoT,C&W,1,10,2048,2,39.65768098831177,1.9652643203735352,0.014214977848325816,0.23705844725058636,0.875,0.00021733055978142755,0.0004345531862060403,0.0036240434737238683,0.0001,0.9997826694402185,0.5002655158496072,0.8815907297530109,0.9997826694402185,0.2369162974721031,0.0,0.0,0.0,0.0,0.0,1.0,0.49855620013039836,0.8758696923647511,1.0
ToN-IoT,FGSM,1,10,2048,3,40.20518612861633,17.3467116355896,0.5899215807055352,0.23698737236134473,1.0,9.314166847775466e-05,0.00018626598783062212,0.00469769600352079,0.0,0.9999068583315223,0.5034000000000001,0.8821575188059134,0.9999068583315223,0.23108815655428938,0.0,0.0,0.0,-0.13741144598674504,0.0246,1.0,0.5071728616225278,0.8815119506631349,1.0
ToN-IoT,RANDOM_LINF,1,10,2048,3,40.20518612861633,3.10471248626709,0.007107488924162908,0.23698737236134473,1.0,9.314166847775466e-05,0.00018626598783062212,0.00469769600352079,0.0,0.9999068583315223,0.5034000000000001,0.8821575188059134,0.9999068583315223,0.2369162974721031,0.0,0.0,0.0,0.0,0.0,1.0,0.49437099413207486,0.8698190246019364,1.0
ToN-IoT,RANDOM_L2,1,10,2048,3,40.20518612861633,3.0279181003570557,0.007107488924162908,0.23698737236134473,1.0,9.314166847775466e-05,0.00018626598783062212,0.00469769600352079,0.0,0.9999068583315223,0.5034000000000001,0.8821575188059134,0.9999068583315223,0.2369162974721031,0.0,0.0,0.0,0.0,0.0,1.0,0.4943720093762613,0.869743792961193,1.0
ToN-IoT,C&W,1,10,2048,3,40.20518612861633,2.0555129051208496,0.007107488924162908,0.23698737236134473,1.0,9.314166847775466e-05,0.00018626598783062212,0.00469769600352079,0.0,0.9999068583315223,0.5034000000000001,0.8821575188059134,0.9999068583315223,0.2369162974721031,0.0,0.0,0.0,0.0,0.0,1.0,0.5012104008196467,0.8762142319784212,1.0
ToN-IoT,FGSM,1,15,1024,2,29.25796341896057,10.40473461151123,3.33341230543249,0.2520789405103177,0.9968944099378882,0.0199323170542395,0.03908318874988585,0.06844786078453496,0.0002,0.9800676829457605,0.5010654910118291,0.8817354439679124,0.9800676829457605,0.2187448174559928,0.007702182284980745,0.00018628333695550932,0.0003637686431429611,-0.24360941036487727,0.0773,0.9998137166630445,0.5071672110279736,0.412691064089188,0.9998137166630445
ToN-IoT,RANDOM_LINF,1,15,1024,2,29.25796341896057,3.0019874572753906,-0.6657347958966109,0.2520789405103177,0.9968944099378882,0.0199323170542395,0.03908318874988585,0.06844786078453496,0.0002,0.9800676829457605,0.5010654910118291,0.8817354439679124,0.9800676829457605,0.2587362884692838,0.78980490874764,0.038964264646527365,0.07426474939345523,0.012429810001813323,0.0334,0.9610357353534726,0.49844223198484894,0.7747076230636704,0.9610357353534726
ToN-IoT,RANDOM_L2,1,15,1024,2,29.25796341896057,2.2031188011169434,-0.6278281883010717,0.2520789405103177,0.9968944099378882,0.0199323170542395,0.03908318874988585,0.06844786078453496,0.0002,0.9800676829457605,0.5010654910118291,0.8817354439679124,0.9800676829457605,0.2583572223933284,0.7913715389568577,0.038157036853053494,0.07280374385403708,0.013002880717053415,0.0324,0.9618429631469465,0.49802540594243844,0.775991682464998,0.9618429631469465
ToN-IoT,C&W,1,15,1024,2,29.25796341896057,1.4212062358856201,1.51626430382146,0.2520789405103177,0.9968944099378882,0.0199323170542395,0.03908318874988585,0.06844786078453496,0.0002,0.9800676829457605,0.5010654910118291,0.8817354439679124,0.9800676829457605,0.2369162974721031,0.0,0.0,0.0,0.0,0.0,1.0,0.5069954391629669,0.8745890119178125,1.0
ToN-IoT,FGSM,1,15,1024,3,29.686280250549316,10.287554025650024,1.8716387500296139,0.23698737236134473,1.0,9.314166847775466e-05,0.00018626598783062212,0.00469769600352079,0.0,0.9999068583315223,0.5082,0.8830300868117493,0.9999068583315223,0.2182709848610486,0.12559467174119887,0.0040982334130212055,0.0079374624173181,-0.23958707492741224,0.0919,0.9959017665869788,0.5004350740476264,0.4953815357732452,0.9959017665869788
ToN-IoT,RANDOM_LINF,1,15,1024,3,29.686280250549316,2.3766555786132812,-1.5920775190125331,0.23698737236134473,1.0,9.314166847775466e-05,0.00018626598783062212,0.00469769600352079,0.0,0.9999068583315223,0.5082,0.8830300868117493,0.9999068583315223,0.25290814755147006,0.7505567928730512,0.03138874227700332,0.06025748003337704,-0.005349145065269353,0.0336,0.9686112577229967,0.4906693175820424,0.7551226047581638,0.9686112577229967
ToN-IoT,RANDOM_L2,1,15,1024,3,29.686280250549316,1.9108986854553223,-1.684474875026651,0.23698737236134473,1.0,9.314166847775466e-05,0.00018626598783062212,0.00469769600352079,0.0,0.9999068583315223,0.5082,0.8830300868117493,0.9999068583315223,0.25383212111161124,0.7602040816326531,0.032382253407432705,0.06211845984336381,-0.0012413718684410012,0.0329,0.9676177465925673,0.4942892110900679,0.7612566520298224,0.9676177465925673
ToN-IoT,C&W,1,15,1024,3,29.686280250549316,1.4321770668029785,0.007107488924162908,0.23698737236134473,1.0,9.314166847775466e-05,0.00018626598783062212,0.00469769600352079,0.0,0.9999068583315223,0.5082,0.8830300868117493,0.9999068583315223,0.2369162974721031,0.0,0.0,0.0,0.0,0.0,1.0,0.4929688829209228,0.8624132312579503,1.0
ToN-IoT,FGSM,1,15,2048,2,29.123276710510254,12.185067653656006,4.4469189035513725,0.2530739889597005,0.9985380116959064,0.021205253190102146,0.04152859270969507,0.07107163652925683,0.0001,0.9787947468098979,0.5007655003259959,0.8816811632758202,0.9787947468098979,0.2086047999241868,0.004149377593360996,0.00015523611412959112,0.000299275752678518,-0.3059856424938074,0.12,0.9998447638858704,0.5093955788754695,0.683302427232868,0.9998447638858704
ToN-IoT,RANDOM_LINF,1,15,2048,2,29.123276710510254,2.4075729846954346,1.082707479447509,0.2530739889597005,0.9985380116959064,0.021205253190102146,0.04152859270969507,0.07107163652925683,0.0001,0.9787947468098979,0.5007655003259959,0.8816811632758202,0.9787947468098979,0.24224691416522542,0.7408993576017131,0.010742339097767705,0.02117762272003917,-0.005518675586503332,0.0121,0.9892576609022323,0.4987942702350274,0.7526782162214024,0.9892576609022323
ToN-IoT,RANDOM_L2,1,15,2048,2,29.123276710510254,2.213092088699341,1.014001753180599,0.2530739889597005,0.9985380116959064,0.021205253190102146,0.04152859270969507,0.07107163652925683,0.0001,0.9787947468098979,0.5007655003259959,0.8816811632758202,0.9787947468098979,0.24293397142789452,0.7656903765690377,0.011363283554286068,0.022394224003426437,0.0006561267163155956,0.0112,0.9886367164457139,0.49803954950479684,0.7666807824687489,0.9886367164457139
ToN-IoT,C&W,1,15,2048,2,29.123276710510254,1.4092381000518799,1.6157691487597408,0.2530739889597005,0.9985380116959064,0.021205253190102146,0.04152859270969507,0.07107163652925683,0.0001,0.9787947468098979,0.5007655003259959,0.8816811632758202,0.9787947468098979,0.2369162974721031,0.0,0.0,0.0,0.0,0.0,1.0,0.5008430795740321,0.8763048979914239,1.0
ToN-IoT,FGSM,1,15,2048,3,29.432941913604736,10.308989763259888,1.6228766376839037,0.24298135468738893,0.9961240310077519,0.007979136266260983,0.01583145963593803,0.04298196046264708,0.0001,0.992020863733739,0.5091,0.883194137102339,0.992020863733739,0.2267525883105499,0.006896551724137931,9.314166847775466e-05,0.00018380100477882614,-0.18148357813205512,0.0432,0.9999068583315223,0.5003902496196716,0.3965777102354252,0.9999068583315223
ToN-IoT,RANDOM_LINF,1,15,2048,3,29.432941913604736,2.918210744857788,-1.040062545902534,0.24298135468738893,0.9961240310077519,0.007979136266260983,0.01583145963593803,0.04298196046264708,0.0001,0.992020863733739,0.5091,0.883194137102339,0.992020863733739,0.2533819801464143,0.7972626176218991,0.02893601167375578,0.05584516747558272,0.013566827254955604,0.0237,0.9710639883262442,0.5005012822503028,0.7787678996101121,0.9710639883262442
ToN-IoT,RANDOM_L2,1,15,2048,3,29.432941913604736,2.2689428329467773,-1.1514132057144217,0.24298135468738893,0.9961240310077519,0.007979136266260983,0.01583145963593803,0.04298196046264708,0.0001,0.992020863733739,0.5091,0.883194137102339,0.992020863733739,0.25449548674453315,0.79585326953748,0.030985128380266385,0.05964796939903774,0.013485978052461394,0.0256,0.9690148716197337,0.5027667282436586,0.7772180072521087,0.9690148716197337
ToN-IoT,C&W,1,15,2048,3,29.432941913604736,1.4301824569702148,0.606505721528583,0.24298135468738893,0.9961240310077519,0.007979136266260983,0.01583145963593803,0.04298196046264708,0.0001,0.992020863733739,0.5091,0.883194137102339,0.992020863733739,0.2369162974721031,0.0,0.0,0.0,0.0,0.0,1.0,0.5107815610543637,0.8805177529431043,1.0
ToN-IoT,FGSM,1,20,1024,2,23.803474187850952,8.147268533706665,3.4874078987893604,0.2527423061432396,0.9970238095238095,0.020801639293365207,0.04075301846050911,0.06998229810528872,0.0002,0.9791983607066348,0.514515073426682,0.884184993302961,0.9791983607066348,0.217868227155346,0.10894941634241245,0.0034772889565028407,0.006739477088786593,-0.24307006026490438,0.0916,0.9965227110434972,0.51826451302431,0.6048315493394912,0.9965227110434972
ToN-IoT,RANDOM_LINF,1,20,1024,2,23.803474187850952,1.9946753978729248,-0.7889312705820994,0.2527423061432396,0.9970238095238095,0.020801639293365207,0.04075301846050911,0.06998229810528872,0.0002,0.9791983607066348,0.514515073426682,0.884184993302961,0.9791983607066348,0.2606316188490606,0.7536746071971617,0.046167220342140394,0.08700485635714704,-0.004900275011666347,0.0486,0.9538327796578596,0.4960624514887143,0.7590370054703386,0.9538327796578596
ToN-IoT,RANDOM_L2,1,20,1024,2,23.803474187850952,1.6226680278778076,-0.9192352341917565,0.2527423061432396,0.9970238095238095,0.020801639293365207,0.04075301846050911,0.06998229810528872,0.0002,0.9791983607066348,0.514515073426682,0.884184993302961,0.9791983607066348,0.2619346584851572,0.7645290581162325,0.047378062032351204,0.08922672123958486,0.0007573352648153184,0.047,0.9526219379676488,0.4955504594988978,0.7635549784799893,0.9526219379676488
ToN-IoT,C&W,1,20,1024,2,23.803474187850952,1.1050505638122559,1.5826008671136509,0.2527423061432396,0.9970238095238095,0.020801639293365207,0.04075301846050911,0.06998229810528872,0.0002,0.9791983607066348,0.514515073426682,0.884184993302961,0.9791983607066348,0.2369162974721031,0.0,0.0,0.0,0.0,0.0,1.0,0.5009223353721008,0.8735549912775452,1.0
ToN-IoT,FGSM,1,20,1024,3,28.98117709159851,9.334084033966064,4.288184984245066,0.24475822691842972,0.996996996996997,0.01030767797820485,0.020404400467088687,0.04905811639329143,0.0001,0.9896923220217951,0.50485,0.8824206876899696,0.9896923220217951,0.20187637707597905,0.06060606060606061,0.0031668167282436588,0.0060191195562374605,-0.33668528572968986,0.1581,0.9968331832717563,0.5036562435965103,0.7879691950416179,0.9968331832717563
ToN-IoT,RANDOM_LINF,1,20,1024,3,28.98117709159851,2.79154896736145,-1.0732308275486298,0.24475822691842972,0.996996996996997,0.01030767797820485,0.020404400467088687,0.04905811639329143,0.0001,0.9896923220217951,0.50485,0.8824206876899696,0.9896923220217951,0.255490535193916,0.7696011004126547,0.03474184234220249,0.06648248819178326,0.0028952257471582775,0.0335,0.9652581576577975,0.501323237293924,0.7672628664146574,0.9652581576577975
ToN-IoT,RANDOM_L2,1,20,1024,3,28.98117709159851,1.8710057735443115,-1.0353242199530905,0.24475822691842972,0.996996996996997,0.01030767797820485,0.020404400467088687,0.04905811639329143,0.0001,0.9896923220217951,0.50485,0.8824206876899696,0.9896923220217951,0.2551114691179606,0.7553191489361702,0.035269645130243096,0.06739240055764839,-0.0035102089795863017,0.0368,0.9647303548697569,0.4973773091371976,0.7608638342943127,0.9647303548697569
ToN-IoT,C&W,1,20,1024,3,28.98117709159851,1.0880956649780273,0.7841929446326612,0.24475822691842972,0.996996996996997,0.01030767797820485,0.020404400467088687,0.04905811639329143,0.0001,0.9896923220217951,0.50485,0.8824206876899696,0.9896923220217951,0.2369162974721031,0.0,0.0,0.0,0.0,0.0,1.0,0.5030952295942128,0.8695312653241487,1.0
ToN-IoT,FGSM,1,20,2048,2,23.63793396949768,9.389951467514038,1.874007913004336,0.24101494941837048,0.9832402234636871,0.005464311217361607,0.01086822279856737,0.033790515437481,0.0003,0.9945356887826384,0.5054,0.8825206052112776,0.9945356887826384,0.22227487028832713,0.0016129032258064516,3.104722282591822e-05,6.0921746017240857e-05,-0.2186635033700841,0.0619,0.9999689527771741,0.5118214365550002,0.6376501003127558,0.9999689527771741
ToN-IoT,RANDOM_LINF,1,20,2048,2,23.63793396949768,2.9341838359832764,0.08528986708995767,0.24101494941837048,0.9832402234636871,0.005464311217361607,0.01086822279856737,0.033790515437481,0.0003,0.9945356887826384,0.5054,0.8825206052112776,0.9945356887826384,0.2401620507474709,0.8246445497630331,0.00540221677170977,0.010734114743985194,0.010262376734718514,0.0037,0.9945977832282902,0.49716204321773416,0.7921794776459319,0.9945977832282902
ToN-IoT,RANDOM_L2,1,20,2048,2,23.63793396949768,1.6027216911315918,0.01895330379776683,0.24101494941837048,0.9832402234636871,0.005464311217361607,0.01086822279856737,0.033790515437481,0.0003,0.9945356887826384,0.5054,0.8825206052112776,0.9945356887826384,0.24082541638039281,0.8286852589641435,0.00645782234779099,0.01281577325939618,0.01193328621871014,0.0043,0.993542177652209,0.4917505200409823,0.7877747100865794,0.993542177652209
ToN-IoT,C&W,1,20,2048,2,23.63793396949768,1.1040525436401367,0.40986519462673787,0.24101494941837048,0.9832402234636871,0.005464311217361607,0.01086822279856737,0.033790515437481,0.0003,0.9945356887826384,0.5054,0.8825206052112776,0.9945356887826384,0.2369162974721031,0.0,0.0,0.0,0.0,0.0,1.0,0.5233691204321773,0.8795406182311732,1.0
ToN-IoT,FGSM,1,20,2048,3,28.868448972702026,10.944784164428711,1.6915823639508165,0.24504252647539623,1.0,0.01064919742928995,0.021073973949373312,0.050434498271432864,0.0,0.9893508025707101,0.5011,0.8817408206319483,0.9893508025707101,0.22812670283588807,0.013123359580052493,0.00015523611412959112,0.0003068425897514575,-0.16833858782366004,0.0376,0.9998447638858704,0.5062858828277811,0.6005333977200962,0.9998447638858704
ToN-IoT,RANDOM_LINF,1,20,2048,3,28.868448972702026,3.4926764965057373,0.01895330379776683,0.24504252647539623,1.0,0.01064919742928995,0.021073973949373312,0.050434498271432864,0.0,0.9893508025707101,0.5011,0.8817408206319483,0.9893508025707101,0.24485299343741856,0.7382645803698435,0.016113508646651557,0.03153864851725814,-0.007596701829768397,0.0184,0.9838864913533485,0.49637644757676413,0.7495087424443166,0.9838864913533485
ToN-IoT,RANDOM_L2,1,20,2048,3,28.868448972702026,1.8410851955413818,0.056859911393303264,0.24504252647539623,1.0,0.01064919742928995,0.021073973949373312,0.050434498271432864,0.0,0.9893508025707101,0.5011,0.8817408206319483,0.9893508025707101,0.2444739273614632,0.7281831187410587,0.015803036418392376,0.03093472711802601,-0.010651514309420596,0.019,0.9841969635816076,0.49657951969946285,0.7446733358172759,0.9841969635816076
ToN-IoT,C&W,1,20,2048,3,28.868448972702026,1.1010618209838867,0.8126229003293128,0.24504252647539623,1.0,0.01064919742928995,0.021073973949373312,0.050434498271432864,0.0,0.9893508025707101,0.5011,0.8817408206319483,0.9893508025707101,0.2369162974721031,0.0,0.0,0.0,0.0,0.0,1.0,0.5092222329162657,0.880078160564049,1.0
ToN-IoT,FGSM,2,5,1024,2,136.67429900169373,56.062416076660156,0.8457911819754055,0.23703475562083914,0.8571428571428571,0.00018628333695550932,0.00037248572138068043,0.002849049645059621,0.0001,0.9998137166630445,0.5002,0.8815780120838763,0.9998137166630445,0.2285768438010851,0.0,0.0,0.0,-0.164579562452032,0.0352,1.0,0.50185,0.8818766005880679,1.0
ToN-IoT,RANDOM_LINF,2,5,1024,2,136.67429900169373,9.09763216972351,-0.004738325949443789,0.23703475562083914,0.8571428571428571,0.00018628333695550932,0.00037248572138068043,0.002849049645059621,0.0001,0.9998137166630445,0.5002,0.8815780120838763,0.9998137166630445,0.23708213888033358,0.6842105263157895,0.00040361389673693686,0.0008067518927640561,-0.003936568476461496,0.0006,0.9995963861032631,0.5000785153218044,0.8790187058451563,0.9995963861032631
ToN-IoT,RANDOM_L2,2,5,1024,2,136.67429900169373,8.982530355453491,-0.0213224667724915,0.23703475562083914,0.8571428571428571,0.00018628333695550932,0.00037248572138068043,0.002849049645059621,0.0001,0.9998137166630445,0.5002,0.8815780120838763,0.9998137166630445,0.23724798028856406,0.7916666666666666,0.0005898972336924462,0.0011789160177457885,0.0016034310930513793,0.0005,0.9994101027663076,0.5002340619081622,0.8788967333608196,0.9994101027663076
ToN-IoT,C&W,2,5,1024,2,136.67429900169373,7.480032682418823,0.011845814873603921,0.23703475562083914,0.8571428571428571,0.00018628333695550932,0.00037248572138068043,0.002849049645059621,0.0001,0.9998137166630445,0.5002,0.8815780120838763,0.9998137166630445,0.2369162974721031,0.0,0.0,0.0,0.0,0.0,1.0,0.4937647272501475,0.8739248315078612,1.0
ToN-IoT,FGSM,2,5,1024,3,139.71812772750854,57.20286321640015,1.0803383164727898,0.2369162974721031,0.5,9.314166847775466e-05,0.00018624864193698588,-0.007377587193415921,0.0003,0.9999068583315223,0.50115,0.8817498696249941,0.9999068583315223,0.2261129143073752,0.15868263473053892,0.0032910056195473315,0.006448276910910363,-0.1802567029358174,0.0562,0.9967089943804527,0.5023107671768761,0.776894305684956,0.9967089943804527
ToN-IoT,RANDOM_LINF,2,5,1024,3,139.71812772750854,8.78455114364624,-1.705797341799145,0.2369162974721031,0.5,9.314166847775466e-05,0.00018624864193698588,-0.007377587193415921,0.0003,0.9999068583315223,0.50115,0.8817498696249941,0.9999068583315223,0.25397427089009456,0.7560455192034139,0.03300319786395107,0.06324557489216123,-0.0030727245470996887,0.0343,0.9669968021360489,0.4989211431587444,0.7635506381409796,0.9669968021360489
ToN-IoT,RANDOM_L2,2,5,1024,3,139.71812772750854,8.673845767974854,-1.8763770759790548,0.2369162974721031,0.5,9.314166847775466e-05,0.00018624864193698588,-0.007377587193415921,0.0003,0.9999068583315223,0.50115,0.8817498696249941,0.9999068583315223,0.25568006823189365,0.7727272727272727,0.03483498401068025,0.0666646861352901,0.004280913890002444,0.033,0.9651650159893198,0.502240870564128,0.7728792598975093,0.9651650159893198
ToN-IoT,C&W,2,5,1024,3,139.71812772750854,6.675181150436401,-0.16110308228103054,0.2369162974721031,0.5,9.314166847775466e-05,0.00018624864193698588,-0.007377587193415921,0.0003,0.9999068583315223,0.50115,0.8817498696249941,0.9999068583315223,0.2385273282949134,0.5469613259668509,0.012294700239063617,0.024048826405125557,-0.06714905619493391,0.0328,0.9877052997609364,0.48618957434257504,0.6633690254056338,0.9877052997609364
ToN-IoT,FGSM,2,5,2048,2,137.3919608592987,56.590009927749634,2.3431021819991016,0.23855101992466063,0.9859154929577465,0.0021733055978142755,0.004337050805452293,0.021512248558248005,0.0001,0.9978266944021857,0.5005999999999999,0.8816503542905894,0.9978266944021857,0.2151199981046696,0.0021645021645021645,6.209444565183644e-05,0.00012072556061932213,-0.26772863663333696,0.0922,0.9999379055543481,0.49698960849452023,0.5264301846659717,0.9999379055543481
ToN-IoT,RANDOM_LINF,2,5,2048,2,137.3919608592987,8.808486938476562,-1.5849700300883702,0.23855101992466063,0.9859154929577465,0.0021733055978142755,0.004337050805452293,0.021512248558248005,0.0001,0.9978266944021857,0.5005999999999999,0.8816503542905894,0.9978266944021857,0.25440072022554433,0.7558945908460472,0.03384147288025086,0.06478262161599953,-0.0031799473268096746,0.0352,0.9661585271197491,0.49781702784935883,0.758322532842566,0.9661585271197491
ToN-IoT,RANDOM_L2,2,5,2048,2,137.3919608592987,8.83641266822815,-1.599185007936696,0.23855101992466063,0.9859154929577465,0.0021733055978142755,0.004337050805452293,0.021512248558248005,0.0001,0.9978266944021857,0.5005999999999999,0.8816503542905894,0.9978266944021857,0.2545428700040276,0.7623413258110014,0.0335620478748176,0.06429357361643917,-0.0003255342771735783,0.0337,0.9664379521251824,0.49500931727157005,0.7614379758896095,0.9664379521251824
ToN-IoT,C&W,2,5,2048,2,137.3919608592987,7.423185348510742,0.16347224525575244,0.23855101992466063,0.9859154929577465,0.0021733055978142755,0.004337050805452293,0.021512248558248005,0.0001,0.9978266944021857,0.5005999999999999,0.8816503542905894,0.9978266944021857,0.2369162974721031,0.0,0.0,0.0,0.0,0.0,1.0,0.501611788630507,0.878693238387377,1.0
ToN-IoT,FGSM,2,5,2048,3,140.34700870513916,57.18639826774597,1.9900968987656642,0.24686678196593143,1.0,0.013039833586885654,0.025743970087958565,0.055860527840767234,0.0,0.9869601664131143,0.5003500000000001,0.8816051371972893,0.9869601664131143,0.22696581297827478,0.007042253521126761,9.314166847775466e-05,0.00018385169296767273,-0.1795424049986567,0.0423,0.9999068583315223,0.5013808764631005,0.756807404840809,0.9999068583315223
ToN-IoT,RANDOM_LINF,2,5,2048,3,140.34700870513916,8.887276411056519,0.464355943045322,0.24686678196593143,1.0,0.013039833586885654,0.025743970087958565,0.055860527840767234,0.0,0.9869601664131143,0.5003500000000001,0.8816051371972893,0.9869601664131143,0.2422232225354782,0.7641509433962265,0.010059300195597504,0.019857199767106915,0.00025284339611428356,0.01,0.9899406998044025,0.499053230463535,0.7627477294870011,0.9899406998044025
ToN-IoT,RANDOM_L2,2,5,2048,3,140.34700870513916,9.02191710472107,0.407496031652016,0.24686678196593143,1.0,0.013039833586885654,0.025743970087958565,0.055860527840767234,0.0,0.9869601664131143,0.5003500000000001,0.8816051371972893,0.9869601664131143,0.24279182164941127,0.7594142259414226,0.011270141885808315,0.0222106647902836,-0.0009236450684975875,0.0115,0.9887298581141917,0.49956778384923467,0.7593718819157161,0.9887298581141917
ToN-IoT,C&W,2,5,2048,3,140.34700870513916,7.586257696151733,0.9950484493828321,0.24686678196593143,1.0,0.013039833586885654,0.025743970087958565,0.055860527840767234,0.0,0.9869601664131143,0.5003500000000001,0.8816051371972893,0.9869601664131143,0.2369162974721031,0.0,0.0,0.0,0.0,0.0,1.0,0.5,0.8815418512639485,1.0
ToN-IoT,FGSM,2,10,1024,2,72.79976320266724,28.046658277511597,2.525527731052618,0.23720059702906962,1.0,0.00037256667391101863,0.000744855839359424,0.00939639390314523,0.0,0.9996274333260889,0.50075,0.8816774896904773,0.9996274333260889,0.21194531971854344,0.002830188679245283,9.314166847775466e-05,0.00018034807177853257,-0.28697771178980597,0.1057,0.9999068583315223,0.5222767471824644,0.687340434808927,0.9999068583315223
ToN-IoT,RANDOM_LINF,2,10,1024,2,72.79976320266724,4.52742338180542,-0.52358501741335,0.23720059702906962,1.0,0.00037256667391101863,0.000744855839359424,0.00939639390314523,0.0,0.9996274333260889,0.50075,0.8816774896904773,0.9996274333260889,0.24243644720320312,0.7422037422037422,0.011083858548852805,0.02184154175588865,-0.005272357673496527,0.0124,0.9889161414511471,0.49636819677729827,0.7520689923619419,0.9889161414511471
ToN-IoT,RANDOM_L2,2,10,1024,2,72.79976320266724,4.5902557373046875,-0.6183515364021896,0.23720059702906962,1.0,0.00037256667391101863,0.000744855839359424,0.00939639390314523,0.0,0.9996274333260889,0.50075,0.8816774896904773,0.9996274333260889,0.24338411239309152,0.7768762677484787,0.01189108634232668,0.023423643813834015,0.003526416614192728,0.011,0.9881089136576733,0.49317759632400876,0.7649278674508739,0.9881089136576733
ToN-IoT,C&W,2,10,1024,2,72.79976320266724,3.8073463439941406,0.028429955696651632,0.23720059702906962,1.0,0.00037256667391101863,0.000744855839359424,0.00939639390314523,0.0,0.9996274333260889,0.50075,0.8816774896904773,0.9996274333260889,0.2369162974721031,0.0,0.0,0.0,0.0,0.0,1.0,0.5046876369958707,0.8773167253356807,1.0
ToN-IoT,FGSM,2,10,1024,3,73.74271202087402,29.054966926574707,1.343315406666823,0.23703475562083914,1.0,0.00015523611412959112,0.0003104240392375986,0.006064843160327904,0.0,0.9998447638858704,0.5006999999999999,0.8816684441284512,0.9998447638858704,0.22360160155417091,0.0017730496453900709,3.104722282591822e-05,6.102584444512251e-05,-0.20837061237092322,0.0563,0.9999689527771741,0.500924840882983,0.6356329154988933,0.9999689527771741
ToN-IoT,RANDOM_LINF,2,10,1024,3,73.74271202087402,4.648591041564941,-0.9571418417872984,0.23703475562083914,1.0,0.00015523611412959112,0.0003104240392375986,0.006064843160327904,0.0,0.9998447638858704,0.5006999999999999,0.8816684441284512,0.9998447638858704,0.24660617403871213,0.7925608011444921,0.017200161445558696,0.03366962440743892,0.008996288991397136,0.0145,0.9827998385544413,0.49908932286007024,0.7743107147023891,0.9827998385544413
ToN-IoT,RANDOM_L2,2,10,1024,3,73.74271202087402,4.576782941818237,-0.8813286265962256,0.23703475562083914,1.0,0.00015523611412959112,0.0003104240392375986,0.006064843160327904,0.0,0.9998447638858704,0.5006999999999999,0.8816684441284512,0.9998447638858704,0.2458480418868014,0.7809239940387481,0.016268744760781148,0.03187347931873479,0.005332819176363791,0.0147,0.9837312552392189,0.498767456301034,0.7692215615271096,0.9837312552392189
ToN-IoT,C&W,2,10,1024,3,73.74271202087402,3.833766222000122,0.011845814873603921,0.23703475562083914,1.0,0.00015523611412959112,0.0003104240392375986,0.006064843160327904,0.0,0.9998447638858704,0.5006999999999999,0.8816684441284512,0.9998447638858704,0.2369162974721031,0.0,0.0,0.0,0.0,0.0,1.0,0.4997504113757025,0.8738520852233639,1.0
ToN-IoT,FGSM,2,10,2048,2,72.6248676776886,28.309430837631226,1.665521571228884,0.23795872918098035,0.9583333333333334,0.0014281722499922382,0.0028520941191059303,0.015494295375452296,0.0002,0.9985718277500077,0.5019,0.8818856560195395,0.9985718277500077,0.2213035134686915,0.13671444321940462,0.0038498556304138597,0.007488827153037806,-0.21830565218321535,0.0783,0.9961501443695862,0.5180648685150112,0.7663748767730009,0.9961501443695862
ToN-IoT,RANDOM_LINF,2,10,2048,2,72.6248676776886,4.490525722503662,-1.6655215712288869,0.23795872918098035,0.9583333333333334,0.0014281722499922382,0.0028520941191059303,0.015494295375452296,0.0002,0.9985718277500077,0.5019,0.8818856560195395,0.9985718277500077,0.2546139448932692,0.7888631090487239,0.031668167282436585,0.060891887051519315,0.010778095688209345,0.0273,0.9683318327175634,0.49844646993076475,0.773991140625024,0.9683318327175634
ToN-IoT,RANDOM_L2,2,10,2048,2,72.6248676776886,4.50648307800293,-1.6276149636333477,0.23795872918098035,0.9583333333333334,0.0014281722499922382,0.0028520941191059303,0.015494295375452296,0.0002,0.9985718277500077,0.5019,0.8818856560195395,0.9985718277500077,0.2542348788173138,0.7844357976653696,0.03129560060852557,0.060189884755478595,0.008898554488949174,0.0277,0.9687043993914745,0.49861772951659483,0.7725408619403399,0.9687043993914745
ToN-IoT,C&W,2,10,2048,2,72.6248676776886,3.786890745162964,0.5899215807055352,0.23795872918098035,0.9583333333333334,0.0014281722499922382,0.0028520941191059303,0.015494295375452296,0.0002,0.9985718277500077,0.5019,0.8818856560195395,0.9985718277500077,0.232059513373925,0.08835341365461848,0.0006830389021702009,0.0013555980035738493,-0.12224428998893384,0.0227,0.9993169610978297,0.49089287931944486,0.4380963581191987,0.9993169610978297
ToN-IoT,FGSM,2,10,2048,3,73.63006949424744,28.994131326675415,3.9517638418346825,0.2371058305100808,0.8333333333333334,0.00031047222825918223,0.0006207131994661867,0.002786187398847613,0.0002,0.9996895277717408,0.5013000000000001,0.8817770191783421,0.9996895277717408,0.19758819209173398,0.0589798087141339,0.0034462417336769227,0.006511982634712974,-0.3577379717882987,0.1771,0.9965537582663231,0.520134134869136,0.8066667389513609,0.9965537582663231
ToN-IoT,RANDOM_LINF,2,10,2048,3,73.63006949424744,4.753329515457153,-3.387903053851074,0.2371058305100808,0.8333333333333334,0.00031047222825918223,0.0006207131994661867,0.002786187398847613,0.0002,0.9996895277717408,0.5013000000000001,0.8817770191783421,0.9996895277717408,0.27098486104859154,0.7711161387631976,0.06349157067900277,0.11732308310146009,0.004891463478634824,0.0607,0.9365084293209972,0.49569446117544785,0.7648821510736697,0.9365084293209972
ToN-IoT,RANDOM_L2,2,10,2048,3,73.63006949424744,4.746330738067627,-3.3760572389774675,0.2371058305100808,0.8333333333333334,0.00031047222825918223,0.0006207131994661867,0.002786187398847613,0.0002,0.9996895277717408,0.5013000000000001,0.8817770191783421,0.9996895277717408,0.2708664028998555,0.7648798521256932,0.0642367040268248,0.11851979148765539,0.0011054065820972616,0.0636,0.9357632959731752,0.49597587630786427,0.7629057075930034,0.9357632959731752
ToN-IoT,C&W,2,10,2048,3,73.63006949424744,3.8168115615844727,0.018953303797769605,0.2371058305100808,0.8333333333333334,0.00031047222825918223,0.0006207131994661867,0.002786187398847613,0.0002,0.9996895277717408,0.5013000000000001,0.8817770191783421,0.9996895277717408,0.2369162974721031,0.0,0.0,0.0,0.0,0.0,1.0,0.4994966981278524,0.8751552971044787,1.0
ToN-IoT,FGSM,2,15,1024,2,51.819721937179565,19.697436332702637,1.8692695870548919,0.24049373356393186,1.0,0.004688130646713652,0.009332509270704574,0.033386857585443755,0.0,0.9953118693532863,0.50145,0.8818041725936463,0.9953118693532863,0.22180103769338294,0.003115264797507788,6.209444565183644e-05,0.0001217618946150802,-0.2221289540881359,0.064,0.9999379055543481,0.5208845726349778,0.4380064731723851,0.9999379055543481
ToN-IoT,RANDOM_LINF,2,15,1024,2,51.819721937179565,3.1610703468322754,-2.6179250870667388,0.24049373356393186,1.0,0.004688130646713652,0.009332509270704574,0.033386857585443755,0.0,0.9953118693532863,0.50145,0.8818041725936463,0.9953118693532863,0.26667298443459925,0.7823741007194245,0.054022167717097704,0.10106583800424011,0.010699820108479424,0.0484,0.9459778322829023,0.49625753205625756,0.7699005588224533,0.9459778322829023
ToN-IoT,RANDOM_L2,2,15,1024,2,51.819721937179565,3.345581293106079,-2.3739013006704752,0.24049373356393186,1.0,0.004688130646713652,0.009332509270704574,0.033386857585443755,0.0,0.9953118693532863,0.50145,0.8818041725936463,0.9953118693532863,0.2642327465706366,0.759567762269248,0.05237666490732404,0.09799593377868138,-0.0019488004314895634,0.0534,0.9476233350926759,0.4931868251109938,0.7593000350112532,0.9476233350926759
ToN-IoT,C&W,2,15,1024,2,51.819721937179565,2.5985751152038574,0.3577436091828756,0.24049373356393186,1.0,0.004688130646713652,0.009332509270704574,0.033386857585443755,0.0,0.9953118693532863,0.50145,0.8818041725936463,0.9953118693532863,0.2369162974721031,0.0,0.0,0.0,0.0,0.0,1.0,0.5063159179111429,0.8714319483443778,1.0
ToN-IoT,FGSM,2,15,1024,3,52.67744183540344,19.377781867980957,5.205051055462107,0.25977872017816106,0.9948717948717949,0.030115806141140674,0.058461909353905495,0.08382665531917893,0.0005,0.9698841938588594,0.50125,0.8817679688981604,0.9698841938588594,0.20772820962354,0.18982880161127896,0.01170480300537117,0.02205000731101038,-0.2995826177753242,0.1609,0.9882951969946289,0.5267386103263064,0.8366470582767758,0.9882951969946289
ToN-IoT,RANDOM_LINF,2,15,1024,3,52.67744183540344,3.089752435684204,-0.5685991139330493,0.25977872017816106,0.9948717948717949,0.030115806141140674,0.058461909353905495,0.08382665531917893,0.0005,0.9698841938588594,0.50125,0.8817679688981604,0.9698841938588594,0.26546471131749155,0.7698163905060457,0.053370176037753424,0.09981998722489983,0.00374239499463202,0.0514,0.9466298239622466,0.4997465537582663,0.7662232900217173,0.9466298239622466
ToN-IoT,RANDOM_L2,2,15,1024,3,52.67744183540344,3.0717999935150146,-0.5070008765903022,0.25977872017816106,0.9948717948717949,0.030115806141140674,0.058461909353905495,0.08382665531917893,0.0005,0.9698841938588594,0.50125,0.8817679688981604,0.9698841938588594,0.2648487289440641,0.752895752895753,0.054487876059486476,0.10162130862767806,-0.005793055428446539,0.0576,0.9455121239405135,0.49478216647520873,0.7571146088808932,0.9455121239405135
ToN-IoT,C&W,2,15,1024,3,52.67744183540344,2.664886474609375,2.5444810348503877,0.25977872017816106,0.9948717948717949,0.030115806141140674,0.058461909353905495,0.08382665531917893,0.0005,0.9698841938588594,0.50125,0.8817679688981604,0.9698841938588594,0.23433390982965718,0.3127147766323024,0.0028252972771585583,0.0056,-0.08825332529259353,0.02,0.9971747027228415,0.4754250442422924,0.5641837885724877,0.9971747027228415
ToN-IoT,FGSM,2,15,2048,2,52.070072650909424,19.221707105636597,3.198370015873392,0.237129522139828,0.8,0.00037256667391101863,0.0007447864945382324,0.0016370232952492552,0.0003,0.9996274333260889,0.5021,0.8819218820404582,0.9996274333260889,0.20514582198109407,0.0029651593773165306,0.0001241888913036729,0.00023839322963227844,-0.3248288267024647,0.1345,0.9998758111086963,0.5296584634729423,0.5427188633859397,0.9998758111086963
ToN-IoT,RANDOM_LINF,2,15,2048,2,52.070072650909424,3.217411756515503,-1.8858537278779424,0.237129522139828,0.8,0.00037256667391101863,0.0007447864945382324,0.0016370232952492552,0.0003,0.9996274333260889,0.5021,0.8819218820404582,0.9996274333260889,0.2559880594186074,0.7820602662929222,0.03464870067372473,0.06635747413485552,0.008348563272155642,0.0311,0.9653512993262753,0.49765458722717243,0.7692743561221721,0.9653512993262753
ToN-IoT,RANDOM_L2,2,15,2048,2,52.070072650909424,3.1216671466827393,-1.7579189272430047,0.237129522139828,0.8,0.00037256667391101863,0.0007447864945382324,0.0016370232952492552,0.0003,0.9996274333260889,0.5021,0.8819218820404582,0.9996274333260889,0.25470871141225804,0.7609451007644198,0.03399670899438045,0.06508559201141227,-0.000944944723470219,0.0344,0.9660032910056195,0.4994971017417492,0.7623369447312216,0.9660032910056195
ToN-IoT,C&W,2,15,2048,2,52.070072650909424,2.5442087650299072,-0.17768722310407825,0.237129522139828,0.8,0.00037256667391101863,0.0007447864945382324,0.0016370232952492552,0.0003,0.9996274333260889,0.5021,0.8819218820404582,0.9996274333260889,0.23890639437086877,0.5289256198347108,0.023844267130305193,0.0456314429161344,-0.10394600422180586,0.0684,0.9761557328696948,0.4693052718184359,0.6636910606303484,0.9761557328696948
ToN-IoT,FGSM,2,15,2048,3,52.682000398635864,19.770748615264893,5.2405885000829215,0.24274443838991686,0.9730769230769231,0.00785494737495731,0.01558409559887893,0.03888190943609196,0.0007,0.9921450526250427,0.50215,0.8819309396195987,0.9921450526250427,0.19033855338908764,0.006030150753768844,0.00037256667391101863,0.0007017749056989971,-0.3960535841715344,0.1978,0.9996274333260889,0.51153039988823,0.41433696640366263,0.9996274333260889
ToN-IoT,RANDOM_LINF,2,15,2048,3,52.682000398635864,3.123661756515503,-1.1158757610936014,0.24274443838991686,0.9730769230769231,0.00785494737495731,0.01558409559887893,0.03888190943609196,0.0007,0.9921450526250427,0.50215,0.8819309396195987,0.9921450526250427,0.25390319600085287,0.7626373626373626,0.03232015896178087,0.062012271400488476,-0.00019190413688751894,0.0324,0.9676798410382191,0.4962017541680896,0.7608609797861166,0.9676798410382191
ToN-IoT,RANDOM_L2,2,15,2048,3,52.682000398635864,3.0787816047668457,-1.137198227866096,0.24274443838991686,0.9730769230769231,0.00785494737495731,0.01558409559887893,0.03888190943609196,0.0007,0.9921450526250427,0.50215,0.8819309396195987,0.9921450526250427,0.2541164206685778,0.7592857142857142,0.03300319786395107,0.06325686572049154,-0.0016544593453181045,0.0337,0.9669968021360489,0.49630158651308637,0.7602395137611565,0.9669968021360489
ToN-IoT,C&W,2,15,2048,3,52.682000398635864,2.5950725078582764,1.4522969035039939,0.24274443838991686,0.9730769230769231,0.00785494737495731,0.01558409559887893,0.03888190943609196,0.0007,0.9921450526250427,0.50215,0.8819309396195987,0.9921450526250427,0.22822146935487692,0.16936936936936936,0.002918438945636313,0.00573800512757905,-0.16118035620806986,0.0461,0.9970815610543637,0.46365886398211675,0.5255588550913071,0.9970815610543637
ToN-IoT,FGSM,2,20,1024,2,41.42248010635376,14.80049204826355,4.134189390888202,0.2476959890070838,0.989247311827957,0.014281722499922381,0.028156944359429517,0.0561395095705486,0.0005,0.9857182775000776,0.5038,0.8822300809341845,0.9857182775000776,0.2063540950982018,0.1192443919716647,0.0062715390108354805,0.011916349585582397,-0.3096297723475945,0.1492,0.9937284609891646,0.5202431509826446,0.7899120592098069,0.9937284609891646
ToN-IoT,RANDOM_LINF,2,20,1024,2,41.42248010635376,2.4484639167785645,-1.1703665095121858,0.2476959890070838,0.989247311827957,0.014281722499922381,0.028156944359429517,0.0561395095705486,0.0005,0.9857182775000776,0.5038,0.8822300809341845,0.9857182775000776,0.25939965410220567,0.7597153804050356,0.04309354528237449,0.08156070043483371,-0.0016850214029436928,0.0439,0.9569064547176255,0.4968986463410848,0.7611476599241912,0.9569064547176255
ToN-IoT,RANDOM_L2,2,20,1024,2,41.42248010635376,2.4025866985321045,-1.26039470255159,0.2476959890070838,0.989247311827957,0.014281722499922381,0.028156944359429517,0.0561395095705486,0.0005,0.9857182775000776,0.5038,0.8822300809341845,0.9857182775000776,0.2602999360325997,0.7623604465709729,0.04452171753236673,0.08413024347315928,-0.00036736647179232373,0.0447,0.9554782824676332,0.49383461144400637,0.760540131783722,0.9554782824676332
ToN-IoT,C&W,2,20,1024,2,41.42248010635376,2.0186116695404053,1.0779691534980707,0.2476959890070838,0.989247311827957,0.014281722499922381,0.028156944359429517,0.0561395095705486,0.0005,0.9857182775000776,0.5038,0.8822300809341845,0.9857182775000776,0.2369162974721031,0.0,0.0,0.0,0.0,0.0,1.0,0.496318929491757,0.8623634014386089,1.0
ToN-IoT,FGSM,2,20,1024,3,51.289947509765625,15.157049179077148,3.0846501930867825,0.23720059702906962,0.9285714285714286,0.00040361389673693686,0.0008068770753809391,0.007089502386689326,0.0001,0.9995963861032631,0.502,0.8819037681709312,0.9995963861032631,0.2063540950982018,0.07621550591327202,0.003601477847806514,0.006877946102991314,-0.31244195192581115,0.1406,0.9963985221521935,0.5285615775093917,0.560692539949941,0.9963985221521935
ToN-IoT,RANDOM_LINF,2,20,1024,3,51.289947509765625,2.657904624938965,-2.8074581250444237,0.23720059702906962,0.9285714285714286,0.00040361389673693686,0.0008068770753809391,0.007089502386689326,0.0001,0.9995963861032631,0.502,0.8819037681709312,0.9995963861032631,0.26527517827951386,0.7567567567567568,0.05476730106491974,0.10214244354371743,-0.003597617662865983,0.0567,0.9452326989350802,0.5000138144617964,0.7593345533135683,0.9452326989350802
ToN-IoT,RANDOM_L2,2,20,1024,3,51.289947509765625,2.3697152137756348,-2.833518917766356,0.23720059702906962,0.9285714285714286,0.00040361389673693686,0.0008068770753809391,0.007089502386689326,0.0001,0.9995963861032631,0.502,0.8819037681709312,0.9995963861032631,0.2655357862067332,0.7592274678111588,0.05492253717904933,0.10243492863140219,-0.002192228065335286,0.0561,0.9450774628209506,0.49310588965817015,0.7583311364885849,0.9450774628209506
ToN-IoT,C&W,2,20,1024,3,51.289947509765625,2.046536922454834,-0.5022625506408585,0.23720059702906962,0.9285714285714286,0.00040361389673693686,0.0008068770753809391,0.007089502386689326,0.0001,0.9995963861032631,0.502,0.8819037681709312,0.9995963861032631,0.2422232225354782,0.5515653775322283,0.03719457294545003,0.06968965416945407,-0.11586802050889977,0.0974,0.96280542705455,0.47377726411872456,0.6704829961328302,0.96280542705455
ToN-IoT,FGSM,2,20,2048,2,40.91280698776245,15.219900846481323,5.619654576038285,0.24980454405458552,0.9927536231884058,0.017013878108603185,0.03345441225847807,0.0621793398001002,0.0004,0.9829861218913968,0.5052,0.8824842655266596,0.9829861218913968,0.19360799829420267,0.004338394793926247,0.0002483777826073458,0.0004698558129973864,-0.38140856434676773,0.1836,0.9997516222173927,0.5045323869104908,0.44775920895385873,0.9997516222173927
ToN-IoT,RANDOM_LINF,2,20,2048,2,40.91280698776245,2.765617609024048,-1.0471700348266944,0.24980454405458552,0.9927536231884058,0.017013878108603185,0.03345441225847807,0.0621793398001002,0.0004,0.9829861218913968,0.5052,0.8824842655266596,0.9829861218913968,0.26027624440285246,0.7735849056603774,0.04327982861933,0.08197347916850431,0.005215603779619671,0.0408,0.95672017138067,0.4929507047719581,0.7656314251938919,0.95672017138067
ToN-IoT,RANDOM_L2,2,20,2048,2,40.91280698776245,2.4075729846954346,-0.997417612357554,0.24980454405458552,0.9927536231884058,0.017013878108603185,0.03345441225847807,0.0621793398001002,0.0004,0.9829861218913968,0.5052,0.8824842655266596,0.9829861218913968,0.25977872017816106,0.7743035815804434,0.04228631748890062,0.08019312293923693,0.005502730893926979,0.0397,0.9577136825110993,0.4951133751435933,0.7663820531229675,0.9577136825110993
ToN-IoT,C&W,2,20,2048,2,40.91280698776245,2.0245957374572754,0.9713568196356243,0.24980454405458552,0.9927536231884058,0.017013878108603185,0.03345441225847807,0.0621793398001002,0.0004,0.9829861218913968,0.5052,0.8824842655266596,0.9829861218913968,0.24009097585822928,0.5825123152709359,0.014685336396659318,0.02864843584385694,-0.05947835613108339,0.0339,0.9853146636033406,0.483999242447763,0.6812237855696202,0.9853146636033406
ToN-IoT,FGSM,2,20,2048,3,51.338255405426025,15.019418001174927,5.1197611883721486,0.24051742519367908,0.9691358024691358,0.004874413983669161,0.009700040159401934,0.03008039169593985,0.0005,0.9951255860163308,0.505,0.8824479327459688,0.9951255860163308,0.1893198133099576,0.0019831432821021317,0.0001241888913036729,0.00023374043125109565,-0.4009974618637206,0.2013,0.9998758111086963,0.49556958614051966,0.5262713758716807,0.9998758111086963
ToN-IoT,RANDOM_LINF,2,20,2048,3,51.338255405426025,2.6399526596069336,-0.38143523893008624,0.24051742519367908,0.9691358024691358,0.004874413983669161,0.009700040159401934,0.03008039169593985,0.0005,0.9951255860163308,0.505,0.8824479327459688,0.9951255860163308,0.24433177758297994,0.7779751332149201,0.013598683597752181,0.026730135481508606,0.004072118586568445,0.0125,0.9864013164022478,0.4967819553540937,0.7666648531269475,0.9864013164022478
ToN-IoT,RANDOM_L2,2,20,2048,3,51.338255405426025,2.6150615215301514,-0.39328105380369016,0.24051742519367908,0.9691358024691358,0.004874413983669161,0.009700040159401934,0.03008039169593985,0.0005,0.9951255860163308,0.505,0.8824479327459688,0.9951255860163308,0.24445023573171598,0.7694915254237288,0.014095439162966872,0.027683770846672156,0.0017943498703753542,0.0136,0.9859045608370332,0.4989598761215809,0.764772394656506,0.9859045608370332
ToN-IoT,C&W,2,20,2048,3,51.338255405426025,1.952829122543335,0.6823189367196586,0.24051742519367908,0.9691358024691358,0.004874413983669161,0.009700040159401934,0.03008039169593985,0.0005,0.9951255860163308,0.505,0.8824479327459688,0.9951255860163308,0.2336942358264825,0.2638888888888889,0.0023595889347697847,0.004677354832753793,-0.09731211998969916,0.0212,0.9976404110652303,0.46868101928032535,0.5563912674264776,0.9976404110652303
ToN-IoT,FGSM,4,5,1024,2,275.59017539024353,116.76676487922668,23.32677864910327,0.45187045416854227,0.9994495210833425,0.28184668881368563,0.43969776227840746,0.2910926723510429,0.0005,0.7181533111863144,0.6396792107795958,0.9145977129671247,0.7181533111863144,0.21860266767750955,0.09013785790031813,0.002639013940203049,0.005127895752895753,-0.2392523529775004,0.0858,0.997360986059797,0.5089463007234003,0.5631903551411873,0.997360986059797
ToN-IoT,RANDOM_LINF,4,5,1024,2,275.59017539024353,17.0137140750885,12.222511786585798,0.45187045416854227,0.9994495210833425,0.28184668881368563,0.43969776227840746,0.2910926723510429,0.0005,0.7181533111863144,0.6396792107795958,0.9145977129671247,0.7181533111863144,0.3296453363026843,0.9768518518518519,0.12446831630910615,0.2208024674359045,0.16499551263059858,0.0095,0.8755316836908938,0.5520206883169301,0.8704570963304917,0.8755316836908938
ToN-IoT,RANDOM_L2,4,5,1024,2,275.59017539024353,16.19437050819397,12.139591082470563,0.45187045416854227,0.9994495210833425,0.28184668881368563,0.43969776227840746,0.2910926723510429,0.0005,0.7181533111863144,0.6396792107795958,0.9145977129671247,0.7181533111863144,0.33047454334383664,0.9802967647774264,0.12512030798845045,0.22191629955947137,0.16781277936868894,0.0081,0.8748796920115496,0.5530803905740631,0.8721361049996318,0.8748796920115496
ToN-IoT,C&W,4,5,1024,2,275.59017539024353,15.3112313747406,21.495415669643915,0.45187045416854227,0.9994495210833425,0.28184668881368563,0.43969776227840746,0.2910926723510429,0.0005,0.7181533111863144,0.6396792107795958,0.9145977129671247,0.7181533111863144,0.2369162974721031,0.0,0.0,0.0,0.0,0.0,1.0,0.4981270079791363,0.8691781282500426,1.0
ToN-IoT,FGSM,4,5,1024,3,278.8265383243561,117.07232570648193,21.34615840223649,0.44935914141533795,0.999888504850039,0.2784314943028346,0.4355723930254019,0.2893000124746763,0.0001,0.7215685056971654,0.6398596960476886,0.9146303740690486,0.7215685056971654,0.23589755739297305,0.42560553633217996,0.003818808407587941,0.007569696596713644,-0.0659022750498733,0.0166,0.996181191592412,0.5183726194541899,0.8065217876478026,0.996181191592412
ToN-IoT,RANDOM_LINF,4,5,1024,3,278.8265383243561,17.18073606491089,12.20118931981331,0.44935914141533795,0.999888504850039,0.2784314943028346,0.4355723930254019,0.2893000124746763,0.0001,0.7215685056971654,0.6398596960476886,0.9146303740690486,0.7215685056971654,0.32734724821720484,0.9685735330223423,0.12248129404824738,0.21746320489498924,0.15794155587876552,0.0128,0.8775187059517526,0.551031200906579,0.8600612548714484,0.8775187059517526
ToN-IoT,RANDOM_L2,4,5,1024,3,278.8265383243561,17.18173313140869,12.082731171077254,0.44935914141533795,0.999888504850039,0.2784314943028346,0.4355723930254019,0.2893000124746763,0.0001,0.7215685056971654,0.6398596960476886,0.9146303740690486,0.7215685056971654,0.3285318297045654,0.9653429602888086,0.12453041075475799,0.22060279397206028,0.15718467763535424,0.0144,0.875469589245242,0.5521206060417896,0.8589769255235346,0.875469589245242
ToN-IoT,C&W,4,5,1024,3,278.8265383243561,14.550899505615234,19.540856215499065,0.44935914141533795,0.999888504850039,0.2784314943028346,0.4355723930254019,0.2893000124746763,0.0001,0.7215685056971654,0.6398596960476886,0.9146303740690486,0.7215685056971654,0.2539505792603473,0.7637564196625092,0.03232015896178087,0.062015965685690455,0.00028901613802382356,0.0322,0.9676798410382191,0.5047830715017542,0.7681622868351918,0.9676798410382191
ToN-IoT,FGSM,4,5,2048,2,277.811208486557,117.4476010799408,24.74590727096117,0.45113601364637873,0.9995580110497237,0.28085317768325624,0.43849826704476597,0.2905520767052905,0.0004,0.7191468223167438,0.6396070166723586,0.914584650693802,0.7191468223167438,0.20367694093676705,0.04712717882504842,0.00226644726629203,0.004324900764263286,-0.32865868619838257,0.1476,0.997733552733708,0.5077604675711757,0.5587921042378181,0.997733552733708
ToN-IoT,RANDOM_LINF,4,5,2048,2,277.811208486557,17.061537742614746,12.021132933734513,0.45113601364637873,0.9995580110497237,0.28085317768325624,0.43849826704476597,0.2905520767052905,0.0004,0.7191468223167438,0.6396070166723586,0.914584650693802,0.7191468223167438,0.3309246843090336,0.9659464537341474,0.12769722748300164,0.22557380645515124,0.1598122147034273,0.0145,0.8723027725169984,0.5523297618678009,0.8641212956870983,0.8723027725169984
ToN-IoT,RANDOM_L2,4,5,2048,2,277.811208486557,16.86058497428894,11.862399014428204,0.45113601364637873,0.9995580110497237,0.28085317768325624,0.43849826704476597,0.2905520767052905,0.0004,0.7191468223167438,0.6396070166723586,0.914584650693802,0.7191468223167438,0.3325120235020967,0.9600912200684151,0.13070880809711571,0.2300923648685577,0.15776124046026493,0.0175,0.8692911919028843,0.5529157518085007,0.8616772690555826,0.8692911919028843
ToN-IoT,C&W,4,5,2048,2,277.811208486557,14.876878261566162,19.822786609490866,0.45113601364637873,0.9995580110497237,0.28085317768325624,0.43849826704476597,0.2905520767052905,0.0004,0.7191468223167438,0.6396070166723586,0.914584650693802,0.7191468223167438,0.25290814755147006,0.7263581488933601,0.03362414232046943,0.06427299703264094,-0.016528384093478322,0.0408,0.9663758576795306,0.49800682262721596,0.7500514422095029,0.9663758576795306
ToN-IoT,FGSM,4,5,2048,3,281.2712755203247,118.36630511283875,24.144139875382027,0.4540737757350328,0.99989092495637,0.28460989164519235,0.4430964062160137,0.29337432079595643,0.0001,0.7153901083548077,0.6397359123226427,0.9146071042979551,0.7153901083548077,0.21263237698121254,0.0725604670558799,0.002701108385854885,0.005208333333333333,-0.2776894920728034,0.1112,0.9972988916141451,0.48974548418144,0.3924811559965054,0.9972988916141451
ToN-IoT,RANDOM_LINF,4,5,2048,3,281.2712755203247,17.356213569641113,9.656708284962923,0.4540737757350328,0.99989092495637,0.28460989164519235,0.4430964062160137,0.29337432079595643,0.0001,0.7153901083548077,0.6397359123226427,0.9146071042979551,0.7153901083548077,0.3575066928854036,0.8943290982336536,0.17920457015119998,0.2985800377622016,0.1311434511775438,0.0682,0.8207954298488,0.5550429941941694,0.83526014098829,0.8207954298488
ToN-IoT,RANDOM_L2,4,5,2048,3,281.2712755203247,16.203837156295776,9.64960079603876,0.4540737757350328,0.99989092495637,0.28460989164519235,0.4430964062160137,0.29337432079595643,0.0001,0.7153901083548077,0.6397359123226427,0.9146071042979551,0.7153901083548077,0.3575777677746452,0.8921915909440936,0.17985656183054427,0.2993643739341636,0.1294674263748989,0.07,0.8201434381694558,0.5530085643764163,0.8329732841951097,0.8201434381694558
ToN-IoT,C&W,4,5,2048,3,281.2712755203247,15.551572799682617,18.706910848397264,0.4540737757350328,0.99989092495637,0.28460989164519235,0.4430964062160137,0.29337432079595643,0.0001,0.7153901083548077,0.6397359123226427,0.9146071042979551,0.7153901083548077,0.2670046672510602,0.7133736559139785,0.06591325405942439,0.12067642461276112,-0.03219966231112405,0.0853,0.9340867459405756,0.47873040920239684,0.742915325865053,0.9340867459405756
ToN-IoT,FGSM,4,10,1024,2,140.00584387779236,57.39223575592041,23.98777511905044,0.44935914141533795,0.999888504850039,0.2784314943028346,0.4355723930254019,0.2893000124746763,0.0001,0.7215685056971654,0.6448619143717594,0.9155378301357433,0.7215685056971654,0.20948139022483356,0.1598119858989424,0.008444844608649756,0.016041992273893427,-0.29083330925656925,0.143,0.9915551553913502,0.5133188146170324,0.6346857890613948,0.9915551553913502
ToN-IoT,RANDOM_LINF,4,10,1024,2,140.00584387779236,8.110894203186035,11.435949678978414,0.44935914141533795,0.999888504850039,0.2784314943028346,0.4355723930254019,0.2893000124746763,0.0001,0.7215685056971654,0.6448619143717594,0.9155378301357433,0.7215685056971654,0.3349996446255538,0.871367061356297,0.1507963612654848,0.25709975385755496,0.09933757303404238,0.0717,0.8492036387345152,0.539591913750815,0.8140249543361261,0.8492036387345152
ToN-IoT,RANDOM_L2,4,10,1024,2,140.00584387779236,7.867543458938599,11.369613115686228,0.44935914141533795,0.999888504850039,0.2784314943028346,0.4355723930254019,0.2893000124746763,0.0001,0.7215685056971654,0.6448619143717594,0.9155378301357433,0.7215685056971654,0.33566301025847567,0.866643209007741,0.15293861964047317,0.25999524978228167,0.09608118193523722,0.0758,0.8470613803595268,0.5378127371231645,0.811520506099916,0.8470613803595268
ToN-IoT,C&W,4,10,1024,2,140.00584387779236,7.364881992340088,17.891918785093225,0.44935914141533795,0.999888504850039,0.2784314943028346,0.4355723930254019,0.2893000124746763,0.0001,0.7215685056971654,0.6448619143717594,0.9155378301357433,0.7215685056971654,0.2704399535644057,0.7293354943273906,0.069856251358316,0.12750042500141667,-0.02228810377602448,0.0835,0.930143748641684,0.5081950976435158,0.7489984477438973,0.930143748641684
ToN-IoT,FGSM,4,10,1024,3,142.22814297676086,57.82845377922058,24.025681726645974,0.4495012911938212,0.9998885793871867,0.2786177776397901,0.4358003108003108,0.28942297641860987,0.0001,0.7213822223602099,0.6407260253345338,0.9147872551905825,0.7213822223602099,0.20924447392736145,0.06804733727810651,0.0028563444999844764,0.005482554155120526,-0.2973576247386751,0.126,0.9971436555000155,0.5148601695178368,0.41942094515499634,0.9971436555000155
ToN-IoT,RANDOM_LINF,4,10,1024,3,142.22814297676086,8.377671718597412,11.39567390840816,0.4495012911938212,0.9998885793871867,0.2786177776397901,0.4358003108003108,0.28942297641860987,0.0001,0.7213822223602099,0.6407260253345338,0.9147872551905825,0.7213822223602099,0.3355445521097396,0.9075778343450166,0.14390387779813096,0.248418908779076,0.12608137044383924,0.0472,0.856096122201869,0.5426701543046974,0.8384680078870306,0.856096122201869
ToN-IoT,RANDOM_L2,4,10,1024,3,142.22814297676086,8.280438661575317,11.388566419483992,0.4495012911938212,0.9998885793871867,0.2786177776397901,0.4358003108003108,0.28942297641860987,0.0001,0.7213822223602099,0.6407260253345338,0.9147872551905825,0.7213822223602099,0.3356156269989813,0.9004229142637448,0.14542519171660095,0.25040763411830746,0.12110281176862765,0.0518,0.854574808283399,0.5424384178335249,0.8362134685988645,0.854574808283399
ToN-IoT,C&W,4,10,1024,3,142.22814297676086,7.631193161010742,18.948565471818807,0.4495012911938212,0.9998885793871867,0.2786177776397901,0.4358003108003108,0.28942297641860987,0.0001,0.7213822223602099,0.6407260253345338,0.9147872551905825,0.7213822223602099,0.26001563647563314,0.7608346709470305,0.044149150858455714,0.08345560185456893,-0.0011385410666170694,0.0447,0.9558508491415443,0.5069035564593747,0.7686912978931467,0.9558508491415443
ToN-IoT,FGSM,4,10,2048,2,140.52912044525146,56.65758156776428,23.731905517780568,0.45251012817171693,0.999231950844854,0.28274705827563723,0.440771483193379,0.2914569999653356,0.0007,0.7172529417243627,0.6399679872085442,0.914649974446707,0.7172529417243627,0.21519107299391124,0.34639865996649916,0.03210282840199944,0.058760015911803146,-0.27034639406062566,0.1951,0.9678971715980006,0.5222553463317705,0.8571742022741412,0.9678971715980006
ToN-IoT,RANDOM_LINF,4,10,2048,2,140.52912044525146,8.286911725997925,10.94553294321116,0.45251012817171693,0.999231950844854,0.28274705827563723,0.440771483193379,0.2914569999653356,0.0007,0.7172529417243627,0.6399679872085442,0.914649974446707,0.7172529417243627,0.3430547987396053,0.8818615751789977,0.16060728367847496,0.2717268548916612,0.11223094696945311,0.0693,0.839392716321525,0.5449651199975163,0.8263638666796856,0.839392716321525
ToN-IoT,RANDOM_L2,4,10,2048,2,140.52912044525146,8.056530714035034,10.926579639413397,0.45251012817171693,0.999231950844854,0.28274705827563723,0.440771483193379,0.2914569999653356,0.0007,0.7172529417243627,0.6399679872085442,0.914649974446707,0.7172529417243627,0.34324433177758296,0.8786702666216673,0.16166288925455619,0.27308247017175824,0.10986339760720965,0.0719,0.8383371107454438,0.5409345726349779,0.8232616853450654,0.8383371107454438
ToN-IoT,C&W,4,10,2048,2,140.52912044525146,7.035762548446655,17.44177781989623,0.45251012817171693,0.999231950844854,0.28274705827563723,0.440771483193379,0.2914569999653356,0.0007,0.7172529417243627,0.6399679872085442,0.914649974446707,0.7172529417243627,0.2780923499727546,0.8201915991156964,0.06911111801049397,0.1274804570054119,0.03520841458170184,0.0488,0.930888881989506,0.5093359449222267,0.7945872403247423,0.930888881989506
ToN-IoT,FGSM,4,10,2048,3,142.525799036026,57.10688281059265,23.630031509867568,0.46328981970669764,0.9988514148480735,0.29699773355273373,0.45785669841573734,0.3003956708176498,0.0011,0.7030022664472663,0.6407723772858518,0.9147982489649096,0.7030022664472663,0.22698950460802197,0.44172461752433934,0.04930298984755813,0.0887051726064127,-0.23061315418561668,0.2007,0.9506970101524419,0.5016623785277408,0.5800120273659902,0.9506970101524419
ToN-IoT,RANDOM_LINF,4,10,2048,3,142.525799036026,7.954800367355347,11.504655405245328,0.46328981970669764,0.9988514148480735,0.29699773355273373,0.45785669841573734,0.3003956708176498,0.0011,0.7030022664472663,0.6407723772858518,0.9147982489649096,0.7030022664472663,0.34824326565424435,0.8702915681639086,0.17144276444472042,0.28645536131140736,0.10605460788864772,0.0823,0.8285572355552796,0.5416022881803223,0.8189970895026414,0.8285572355552796
ToN-IoT,RANDOM_L2,4,10,2048,3,142.525799036026,7.283632755279541,11.559146153663914,0.46328981970669764,0.9988514148480735,0.29699773355273373,0.45785669841573734,0.3003956708176498,0.0011,0.7030022664472663,0.6407723772858518,0.9147982489649096,0.7030022664472663,0.3476983581700585,0.8633820329499534,0.17246732279797572,0.2875035582123541,0.10003704469321904,0.0879,0.8275326772020243,0.5380009267596014,0.8154395966728554,0.8275326772020243
ToN-IoT,C&W,4,10,2048,3,142.525799036026,7.03877329826355,17.517591035087303,0.46328981970669764,0.9988514148480735,0.29699773355273373,0.45785669841573734,0.3003956708176498,0.0011,0.7030022664472663,0.6407723772858518,0.9147982489649096,0.7030022664472663,0.2881139093558246,0.7553769794374853,0.09922692415163463,0.17541163556531283,-0.0060498090145044954,0.1035,0.9007730758483654,0.5072955897419976,0.7645186782627669,0.9007730758483654
ToN-IoT,FGSM,4,15,1024,2,97.22413897514343,38.40971302986145,23.40496102726907,0.4500698903077543,0.9995558023320378,0.2794560526560899,0.43679332265734944,0.2896296411779409,0.0004,0.7205439473439101,0.6434333043559254,0.9152786619041332,0.7205439473439101,0.2160202800350636,0.2859223300970874,0.01828681424446583,0.0343750911902886,-0.2542014159512354,0.1471,0.9817131857555341,0.5279997360986061,0.8182057032876504,0.9817131857555341
ToN-IoT,RANDOM_LINF,4,15,1024,2,97.22413897514343,5.643470048904419,12.205927645762754,0.4500698903077543,0.9995558023320378,0.2794560526560899,0.43679332265734944,0.2896296411779409,0.0004,0.7205439473439101,0.6434333043559254,0.9152786619041332,0.7205439473439101,0.32801061385012675,0.8727942602288152,0.13974354993945792,0.24091420007493444,0.09626260346750128,0.0656,0.8602564500605421,0.5320018178148964,0.8090728397332005,0.8602564500605421
ToN-IoT,RANDOM_L2,4,15,1024,2,97.22413897514343,5.255991458892822,12.040086237532282,0.4500698903077543,0.9995558023320378,0.2794560526560899,0.43679332265734944,0.2896296411779409,0.0004,0.7205439473439101,0.6434333043559254,0.9152786619041332,0.7205439473439101,0.32966902793243147,0.8766596113142198,0.14145114719488341,0.24359728385820456,0.10009393076061453,0.0641,0.8585488528051166,0.5342675509950634,0.8116296354209857,0.8585488528051166
ToN-IoT,C&W,4,15,1024,2,97.22413897514343,4.968757390975952,21.39117249875619,0.4500698903077543,0.9995558023320378,0.2794560526560899,0.43679332265734944,0.2896296411779409,0.0004,0.7205439473439101,0.6434333043559254,0.9152786619041332,0.7205439473439101,0.23615816532019238,0.38571428571428573,0.001676550032599584,0.0033385885189650376,-0.05119954088294793,0.0086,0.9983234499674004,0.5183979757210717,0.6067948347440191,0.9983234499674004
ToN-IoT,FGSM,4,15,1024,3,98.96930003166199,38.683504819869995,23.343362789926317,0.45073325594067615,0.9994465965688988,0.2803564221180415,0.4378818737270876,0.29010879795563266,0.0005,0.7196435778819584,0.6406744760781148,0.9147770500386867,0.7196435778819584,0.21729962804141298,0.34222560975609756,0.027880406097674563,0.05156030201245945,-0.25484065689887125,0.1726,0.9721195939023254,0.5291139883262441,0.8206428488595837,0.9721195939023254
ToN-IoT,RANDOM_LINF,4,15,1024,3,98.96930003166199,5.67288064956665,12.397829846715153,0.45073325594067615,0.9994465965688988,0.2803564221180415,0.4378818737270876,0.29010879795563266,0.0005,0.7196435778819584,0.6406744760781148,0.9147770500386867,0.7196435778819584,0.3267549574735246,0.8694466095089634,0.1385327082492471,0.2389866366728261,0.09306741927125749,0.067,0.8614672917507529,0.538258480548915,0.8098736943658762,0.8614672917507529
ToN-IoT,RANDOM_L2,4,15,1024,3,98.96930003166199,5.299385070800781,12.151436897344164,0.45073325594067615,0.9994465965688988,0.2803564221180415,0.4378818737270876,0.29010879795563266,0.0005,0.7196435778819584,0.6406744760781148,0.9147770500386867,0.7196435778819584,0.3292188869672345,0.8727516264829698,0.141606383309013,0.24367570455456125,0.09695711817272774,0.0665,0.858393616690987,0.5362001179794468,0.8126466570233409,0.858393616690987
ToN-IoT,C&W,4,15,1024,3,98.96930003166199,5.049051523208618,19.258925821507262,0.45073325594067615,0.9994465965688988,0.2803564221180415,0.4378818737270876,0.29010879795563266,0.0005,0.7196435778819584,0.6406744760781148,0.9147770500386867,0.7196435778819584,0.25814399772560354,0.7269503546099291,0.044552764755192646,0.08395986308983998,-0.018823319616931053,0.0539,0.9554472352448073,0.5065079077276538,0.7549633971772232,0.9554472352448073
ToN-IoT,FGSM,4,15,2048,2,97.60347700119019,38.01870656013489,21.6067663294558,0.4499751237887654,0.9995556049327853,0.27933186376478625,0.43664159184663914,0.2895476259060325,0.0004,0.7206681362352138,0.6437067589804092,0.9153275408114283,0.7206681362352138,0.2339074604942074,0.48573995059510444,0.06715514297246111,0.11799683596094049,-0.224010403192088,0.229,0.9328448570275388,0.5087099180353318,0.6260111577346583,0.9328448570275388
ToN-IoT,RANDOM_LINF,4,15,2048,2,97.60347700119019,5.538239479064941,12.814802530266057,0.4499751237887654,0.9995556049327853,0.27933186376478625,0.43664159184663914,0.2895476259060325,0.0004,0.7206681362352138,0.6437067589804092,0.9153275408114283,0.7206681362352138,0.32182709848610486,0.8734889537307211,0.13011891086342325,0.2264976896262869,0.09299008312462298,0.0607,0.8698810891365767,0.5320764786239871,0.8097332550447383,0.8698810891365767
ToN-IoT,RANDOM_L2,4,15,2048,2,97.60347700119019,5.0994086265563965,12.653699447985028,0.4499751237887654,0.9995556049327853,0.27933186376478625,0.43664159184663914,0.2895476259060325,0.0004,0.7206681362352138,0.6437067589804092,0.9153275408114283,0.7206681362352138,0.32343812930891513,0.8738738738738738,0.13250954702101897,0.2301242822095813,0.09425526003620772,0.0616,0.867490452978981,0.5324128193983049,0.810077091911027,0.867490452978981
ToN-IoT,C&W,4,15,2048,2,97.60347700119019,5.011643648147583,16.408822762917858,0.4499751237887654,0.9995556049327853,0.27933186376478625,0.43664159184663914,0.2895476259060325,0.0004,0.7206681362352138,0.6437067589804092,0.9153275408114283,0.7206681362352138,0.28588689615958685,0.7276933245208196,0.10254897699400789,0.17976488516381844,-0.028892420376671106,0.1236,0.8974510230059921,0.4934695333602409,0.7535468771423295,0.8974510230059921
ToN-IoT,FGSM,4,15,2048,3,98.55856227874756,38.326879024505615,24.291027979814732,0.44931175815584357,0.9995542182101861,0.2784625415256605,0.4355786508668836,0.28897342117900804,0.0004,0.7215374584743395,0.6418912415784408,0.9150011254369563,0.7215374584743395,0.20640147835769623,0.26884422110552764,0.023254369896612746,0.042806115159308475,-0.30900791148717555,0.2037,0.9767456301033872,0.5173078844422367,0.5239046008725107,0.9767456301033872
ToN-IoT,RANDOM_LINF,4,15,2048,3,98.55856227874756,5.5312559604644775,12.532872136274259,0.44931175815584357,0.9995542182101861,0.2784625415256605,0.4355786508668836,0.28897342117900804,0.0004,0.7215374584743395,0.6418912415784408,0.9150011254369563,0.7215374584743395,0.323983036793101,0.8801986343885785,0.1320748859014561,0.22968522218022785,0.09904685714982298,0.0579,0.8679251140985439,0.5344745940575615,0.8161031325351547,0.8679251140985439
ToN-IoT,RANDOM_L2,4,15,2048,3,98.55856227874756,5.5582275390625,12.385984031841552,0.44931175815584357,0.9995542182101861,0.2784625415256605,0.4355786508668836,0.28897342117900804,0.0004,0.7215374584743395,0.6418912415784408,0.9150011254369563,0.7215374584743395,0.32545191783742805,0.8745239526959311,0.1354590331894812,0.23458250443572234,0.09595709426432211,0.0626,0.8645409668105188,0.5299044676953645,0.8114364274886099,0.8645409668105188
ToN-IoT,C&W,4,15,2048,3,98.55856227874756,4.959821462631226,20.19474519652207,0.44931175815584357,0.9995542182101861,0.2784625415256605,0.4355786508668836,0.28897342117900804,0.0004,0.7215374584743395,0.6418912415784408,0.9150011254369563,0.7215374584743395,0.24736430619062286,0.6316417910447761,0.03284796174982148,0.062448353205052536,-0.06284170833501125,0.0617,0.9671520382501785,0.48630724021236305,0.7077739152037942,0.9671520382501785
ToN-IoT,FGSM,4,20,1024,2,75.65490484237671,28.2472882270813,23.798242081072758,0.46172617214338174,0.9987385682749921,0.294979664069049,0.4554431714682901,0.29895394576327855,0.0012,0.7050203359309509,0.6413550995063492,0.9149021472313084,0.7050203359309509,0.22374375133265417,0.435796766743649,0.05858610947250768,0.10328689892991051,-0.26024944263668753,0.2443,0.9414138905274924,0.5263204477009531,0.5432191258122181,0.9414138905274924
ToN-IoT,RANDOM_LINF,4,20,1024,2,75.65490484237671,3.9923582077026367,13.120424554005073,0.46172617214338174,0.9987385682749921,0.294979664069049,0.4554431714682901,0.29895394576327855,0.0012,0.7050203359309509,0.6413550995063492,0.9149021472313084,0.7050203359309509,0.330521926603331,0.8565240931239848,0.14735011953180788,0.2514437086092715,0.08542825815374112,0.0795,0.8526498804681921,0.5267880281908784,0.8046326295915939,0.8526498804681921
ToN-IoT,RANDOM_L2,4,20,1024,2,75.65490484237671,3.810842514038086,13.084887109384253,0.46172617214338174,0.9987385682749921,0.294979664069049,0.4554431714682901,0.29895394576327855,0.0012,0.7050203359309509,0.6413550995063492,0.9149021472313084,0.7050203359309509,0.3308773010495392,0.8538543897216274,0.1485609612220187,0.25308756247851266,0.08352970036101395,0.0819,0.8514390387779813,0.5251205517091496,0.8023443279948894,0.8514390387779813
ToN-IoT,C&W,4,20,1024,2,75.65490484237671,3.8896470069885254,17.880072970219622,0.46172617214338174,0.9987385682749921,0.294979664069049,0.4554431714682901,0.29895394576327855,0.0012,0.7050203359309509,0.6413550995063492,0.9149021472313084,0.7050203359309509,0.2829254424411855,0.7644335511982571,0.08714955447235245,0.15646163707811933,0.000979972548727553,0.0865,0.9128504455276476,0.4926546105125896,0.7649741454706217,0.9128504455276476
ToN-IoT,FGSM,4,20,1024,3,95.11257410049438,28.39485502243042,26.13186761117297,0.45416854225402165,0.9995641752015689,0.28482722220497375,0.4433276149515548,0.2931736222588828,0.0004,0.7151727777950262,0.643237334285448,0.9152401626057035,0.7151727777950262,0.19284986614229194,0.2825070159027128,0.037505045173709214,0.06621899410716733,-0.3794804387228745,0.3068,0.9624949548262908,0.4928622527864882,0.5894626644398668,0.9624949548262908
ToN-IoT,RANDOM_LINF,4,20,1024,3,95.11257410049438,3.822809934616089,12.127745267596957,0.45416854225402165,0.9995641752015689,0.28482722220497375,0.4433276149515548,0.2931736222588828,0.0004,0.7151727777950262,0.643237334285448,0.9152401626057035,0.7151727777950262,0.3328910895780521,0.8442971273159953,0.1542115557763358,0.26078966712170537,0.07686610989748816,0.0916,0.8457884442236642,0.5232943369865565,0.7965380302414694,0.8457884442236642
ToN-IoT,RANDOM_L2,4,20,1024,3,95.11257410049438,3.340096950531006,12.073254519178372,0.45416854225402165,0.9995641752015689,0.28482722220497375,0.4433276149515548,0.2931736222588828,0.0004,0.7151727777950262,0.643237334285448,0.9152401626057035,0.7151727777950262,0.3334359970622379,0.84029401937855,0.15616753081436865,0.26338525985076583,0.07381896052782426,0.0956,0.8438324691856314,0.5224334611444006,0.7945146327583269,0.8438324691856314
ToN-IoT,C&W,4,20,1024,3,95.11257410049438,3.8547253608703613,15.527494136321634,0.45416854225402165,0.9995641752015689,0.28482722220497375,0.4433276149515548,0.2931736222588828,0.0004,0.7151727777950262,0.643237334285448,0.9152401626057035,0.7151727777950262,0.2988936008908053,0.7092130518234165,0.1376633860101214,0.23057122799719196,-0.05283070710709053,0.1818,0.8623366139898786,0.47755279425005437,0.7440729370465321,0.8623366139898786
ToN-IoT,FGSM,4,20,2048,2,75.5014967918396,27.90874671936035,23.11355398137838,0.45485559951669075,0.9995655479526447,0.2857275916669254,0.44441761638014293,0.29376712287813483,0.0004,0.7142724083330746,0.6434179701325716,0.9152750184457368,0.7142724083330746,0.22372005970290695,0.4361385003439578,0.059051817814896455,0.10401968826907301,-0.2610135099773763,0.2459,0.9409481821851036,0.5016225527026608,0.5895773248413381,0.9409481821851036
ToN-IoT,RANDOM_LINF,4,20,2048,2,75.5014967918396,4.012813329696655,11.694188443223009,0.45485559951669075,0.9995655479526447,0.2857275916669254,0.44441761638014293,0.29376712287813483,0.0004,0.7142724083330746,0.6434179701325716,0.9152750184457368,0.7142724083330746,0.33791371508446066,0.8458542917410352,0.1618491725915117,0.2717085374752424,0.08049335584278962,0.095,0.8381508274084883,0.5293896845602162,0.8008038137231839,0.8381508274084883
ToN-IoT,RANDOM_L2,4,20,2048,2,75.5014967918396,4.064678192138672,11.786585799237132,0.45485559951669075,0.9995655479526447,0.2857275916669254,0.44441761638014293,0.29376712287813483,0.0004,0.7142724083330746,0.6434179701325716,0.9152750184457368,0.7142724083330746,0.33698974152431943,0.8382447149263292,0.16250116427085598,0.2722284347125062,0.07365470231741503,0.101,0.8374988357291441,0.5224838135303796,0.7971063589190068,0.8374988357291441
ToN-IoT,C&W,4,20,2048,2,75.5014967918396,3.794883966445923,16.811580468620434,0.45485559951669075,0.9995655479526447,0.2857275916669254,0.44441761638014293,0.29376712287813483,0.0004,0.7142724083330746,0.6434179701325716,0.9152750184457368,0.7142724083330746,0.2867397948304864,0.759693751543591,0.09550125741252445,0.169672899773843,-0.0025970455480982487,0.0973,0.9044987425874755,0.5111811232885217,0.7675273884853764,0.9044987425874755
ToN-IoT,FGSM,4,20,2048,3,95.74338173866272,29.07853412628174,21.765500248762113,0.45092278897865384,0.9996681048788583,0.28054270545499704,0.4381303335919317,0.29046245835865603,0.0003,0.719457294545003,0.6438872520103076,0.9153603774326919,0.719457294545003,0.23326778649103272,0.4816229116945107,0.06265329566270297,0.11088216709250254,-0.21975613726006205,0.2172,0.937346704337297,0.5086854140147163,0.6538900547272141,0.937346704337297
ToN-IoT,RANDOM_LINF,4,20,2048,3,95.74338173866272,4.0841124057769775,13.18202279134782,0.45092278897865384,0.9996681048788583,0.28054270545499704,0.4381303335919317,0.29046245835865603,0.0003,0.719457294545003,0.6438872520103076,0.9153603774326919,0.719457294545003,0.31910256106517565,0.8590353963982612,0.12884597472756062,0.22408207343412526,0.0811296452986092,0.0681,0.8711540252724393,0.5252245428296438,0.8025844304908306,0.8711540252724393
ToN-IoT,RANDOM_L2,4,20,2048,3,95.74338173866272,3.8791685104370117,12.795849226468286,0.45092278897865384,0.9996681048788583,0.28054270545499704,0.4381303335919317,0.29046245835865603,0.0003,0.719457294545003,0.6438872520103076,0.9153603774326919,0.719457294545003,0.322964296713971,0.8606036536934074,0.13455866372752956,0.23272922539938246,0.08441876073545672,0.0702,0.8654413362724704,0.5251265810798225,0.8034384406692668,0.8654413362724704
ToN-IoT,C&W,4,20,2048,3,95.74338173866272,3.9434876441955566,19.588239474993486,0.45092278897865384,0.9996681048788583,0.28054270545499704,0.4381303335919317,0.29046245835865603,0.0003,0.719457294545003,0.6438872520103076,0.9153603774326919,0.719457294545003,0.255040394228719,0.7152504220596511,0.03946102021174206,0.07479550403107162,-0.02358455631163836,0.0506,0.960538979788258,0.504389945356888,0.7433627325153458,0.960538979788258
ToN-IoT,FGSM,8,5,1024,2,567.1931173801422,237.65484642982483,23.118292307327824,0.4533156435831221,0.9994531933508312,0.2837405694060666,0.4419993712668972,0.2923423321924857,0.0005,0.7162594305939334,0.6425155049830793,0.9151110146711341,0.7162594305939334,0.22213272050984387,0.4187076602397082,0.04989288708125058,0.08916137265237052,-0.2561535030268525,0.2231,0.9501071129187494,0.5176921341860969,0.8271621147916493,0.9501071129187494
ToN-IoT,RANDOM_LINF,8,5,1024,2,567.1931173801422,34.046813011169434,13.518443933758206,0.4533156435831221,0.9994531933508312,0.2837405694060666,0.4419993712668972,0.2923423321924857,0.0005,0.7162594305939334,0.6425155049830793,0.9151110146711341,0.7162594305939334,0.31813120424554003,0.944041450777202,0.113136079977646,0.20205716820538414,0.13502377828696993,0.0216,0.886863920022354,0.5423484274581638,0.8477029517322987,0.886863920022354
ToN-IoT,RANDOM_L2,8,5,1024,2,567.1931173801422,31.900996923446655,13.21045274704447,0.4533156435831221,0.9994531933508312,0.2837405694060666,0.4419993712668972,0.2923423321924857,0.0005,0.7162594305939334,0.6425155049830793,0.9151110146711341,0.7162594305939334,0.3212111161126774,0.9476597886260695,0.11692384116240802,0.208164054942929,0.13995075933567405,0.0208,0.8830761588375919,0.5398869958707193,0.847748225505563,0.8830761588375919
ToN-IoT,C&W,8,5,1024,2,567.1931173801422,29.90533423423767,21.6399346111019,0.4533156435831221,0.9994531933508312,0.2837405694060666,0.4419993712668972,0.2923423321924857,0.0005,0.7162594305939334,0.6425155049830793,0.9151110146711341,0.7162594305939334,0.2369162974721031,0.0,0.0,0.0,0.0,0.0,1.0,0.5137680260175728,0.8658867740502959,1.0
ToN-IoT,FGSM,8,5,1024,3,578.8211898803711,249.09796047210693,21.07133549716885,0.4499514321590182,0.9997776789684304,0.2792387220963085,0.43654896250455044,0.2897172264415804,0.0002,0.7207612779036915,0.640148472476637,0.9146826479388869,0.7207612779036915,0.23923807718732973,0.5294117647058824,0.02738365053245987,0.05207380073800738,-0.11140445552557979,0.0784,0.9726163494675402,0.5227365922568226,0.8209570432202701,0.9726163494675402
ToN-IoT,RANDOM_LINF,8,5,1024,3,578.8211898803711,34.752326250076294,10.175554976426831,0.4499514321590182,0.9997776789684304,0.2792387220963085,0.43654896250455044,0.2897172264415804,0.0002,0.7207612779036915,0.640148472476637,0.9146826479388869,0.7207612779036915,0.3481958823947499,0.8841812530672337,0.16781023937408798,0.282083398570012,0.11720589620887648,0.0708,0.832189760625912,0.5460891365767332,0.8231237621723568,0.832189760625912
ToN-IoT,RANDOM_L2,8,5,1024,3,578.8211898803711,34.94432306289673,10.161339998578505,0.4499514321590182,0.9997776789684304,0.2792387220963085,0.43654896250455044,0.2897172264415804,0.0002,0.7207612779036915,0.640148472476637,0.9146826479388869,0.7207612779036915,0.34833803217323317,0.8811800940184795,0.16877270328169144,0.28328730001563396,0.11491270928377781,0.0733,0.8312272967183085,0.5427723834952963,0.8222709426325858,0.8312272967183085
ToN-IoT,C&W,8,5,1024,3,578.8211898803711,32.00017428398132,14.966002511312753,0.4499514321590182,0.9997776789684304,0.2792387220963085,0.43654896250455044,0.2897172264415804,0.0002,0.7207612779036915,0.640148472476637,0.9146826479388869,0.7207612779036915,0.3002914070458907,0.7381164322592131,0.12872178583625696,0.21921429704436102,-0.023006292826530755,0.1471,0.8712782141637431,0.4921146993076469,0.7442090827538612,0.8712782141637431
ToN-IoT,FGSM,8,5,2048,2,570.9439537525177,242.86266160011292,21.386434172806748,0.4562770973015234,0.9995683608503291,0.28759042503648047,0.44666795255087277,0.2949945647000429,0.0004,0.7124095749635195,0.6430101058710298,0.9152043006819548,0.7124095749635195,0.2424127555734559,0.548053024026512,0.04107547579868981,0.07642318689888225,-0.1245578909657691,0.1091,0.9589245242013102,0.5228154739358565,0.7558937001512399,0.9589245242013102
ToN-IoT,RANDOM_LINF,8,5,2048,2,570.9439537525177,34.11451983451843,13.824065957497217,0.4562770973015234,0.9995683608503291,0.28759042503648047,0.44666795255087277,0.2949945647000429,0.0004,0.7124095749635195,0.6430101058710298,0.9152043006819548,0.7124095749635195,0.3180364377265512,0.9599677592692101,0.1109317271570058,0.19888118894547882,0.1439985590324605,0.0149,0.8890682728429942,0.5472401254307803,0.8571833911999739,0.8890682728429942
ToN-IoT,RANDOM_L2,8,5,2048,2,570.9439537525177,32.06467318534851,13.689023667938116,0.4562770973015234,0.9995683608503291,0.28759042503648047,0.44666795255087277,0.2949945647000429,0.0004,0.7124095749635195,0.6430101058710298,0.9152043006819548,0.7124095749635195,0.3193868606221422,0.9613040021203286,0.1126082771896054,0.2016008004002001,0.14606255083309225,0.0146,0.8873917228103946,0.5480604660188146,0.8572389229353454,0.8873917228103946
ToN-IoT,C&W,8,5,2048,2,570.9439537525177,30.472235918045044,21.93607998294203,0.4562770973015234,0.9995683608503291,0.28759042503648047,0.44666795255087277,0.2949945647000429,0.0004,0.7124095749635195,0.6430101058710298,0.9152043006819548,0.7124095749635195,0.2369162974721031,0.0,0.0,0.0,0.0,0.0,1.0,0.4959495606817971,0.8597392272802178,1.0
ToN-IoT,FGSM,8,5,2048,3,584.4397640228271,248.203715801239,22.838731076310737,0.4539079343268023,0.9993457638207393,0.2845477971995405,0.4429676172063799,0.2927601111897269,0.0006,0.7154522028004595,0.6402928606911111,0.9147087923106917,0.7154522028004595,0.22552062356369496,0.4211733857751557,0.039895681331304916,0.07288712422007941,-0.22446028011851152,0.1766,0.9601043186686951,0.49281938899065486,0.6587034092249059,0.9601043186686951
ToN-IoT,RANDOM_LINF,8,5,2048,3,584.4397640228271,34.162482500076294,11.661020161576912,0.4539079343268023,0.9993457638207393,0.2845477971995405,0.4429676172063799,0.2927601111897269,0.0006,0.7154522028004595,0.6402928606911111,0.9147087923106917,0.7154522028004595,0.3372977327110332,0.8833001628369821,0.15157254183613275,0.25874496502013994,0.10974850368813122,0.0645,0.8484274581638672,0.5426599040640816,0.8220011704307544,0.8484274581638672
ToN-IoT,RANDOM_L2,8,5,2048,3,584.4397640228271,32.387603998184204,11.402781397332317,0.4539079343268023,0.9993457638207393,0.2845477971995405,0.4429676172063799,0.2927601111897269,0.0006,0.7154522028004595,0.6402928606911111,0.9147087923106917,0.7154522028004595,0.33988012035347914,0.891955266955267,0.1535285168741656,0.261965936481869,0.11785806572260557,0.0599,0.8464714831258344,0.5456749852525691,0.8261083410107188,0.8464714831258344
ToN-IoT,C&W,8,5,2048,3,584.4397640228271,31.924941062927246,17.550759316733394,0.4539079343268023,0.9993457638207393,0.2845477971995405,0.4429676172063799,0.2927601111897269,0.0006,0.7154522028004595,0.6402928606911111,0.9147087923106917,0.7154522028004595,0.2784003411594684,0.7202515723270441,0.08888819895060387,0.15824673889011717,-0.03248103167635235,0.1112,0.9111118010493962,0.4798476776677327,0.7386710451050291,0.9111118010493962
ToN-IoT,FGSM,8,10,1024,2,281.2107095718384,113.60458731651306,22.682366319979153,0.46122864791869034,0.9991564740615774,0.2942034834984011,0.45456071762646005,0.2988947495721339,0.0008,0.7057965165015989,0.6443718277500078,0.9154494252989723,0.7057965165015989,0.2344049847188988,0.4883105425672695,0.06873855133658294,0.12051275072802983,-0.22418413643757,0.232,0.9312614486634171,0.5324368297680774,0.7295792937996941,0.9312614486634171
ToN-IoT,RANDOM_LINF,8,10,1024,2,281.2107095718384,13.729393720626831,13.12279371697979,0.46122864791869034,0.9991564740615774,0.2942034834984011,0.45456071762646005,0.2988947495721339,0.0008,0.7057965165015989,0.6443718277500078,0.9154494252989723,0.7057965165015989,0.3300007107488924,0.8381821311757618,0.15116892793939582,0.2561418275553685,0.07055816681996403,0.094,0.8488310720606042,0.5346671970567233,0.7972635146812134,0.8488310720606042
ToN-IoT,RANDOM_L2,8,10,1024,2,281.2107095718384,12.965919494628906,13.044611338813999,0.46122864791869034,0.9991564740615774,0.2942034834984011,0.45456071762646005,0.2988947495721339,0.0008,0.7057965165015989,0.6443718277500078,0.9154494252989723,0.7057965165015989,0.33078253453055034,0.8389801505817933,0.15222453351547705,0.25769321735474204,0.07155684790475646,0.0941,0.847775466484523,0.537126641621907,0.7979374440621048,0.847775466484523
ToN-IoT,C&W,8,10,1024,2,281.2107095718384,15.35705280303955,18.51263948447014,0.46122864791869034,0.9991564740615774,0.2942034834984011,0.45456071762646005,0.2988947495721339,0.0008,0.7057965165015989,0.6443718277500078,0.9154494252989723,0.7057965165015989,0.27610225307398895,0.766774193548387,0.07379924865720762,0.1346398935115693,0.0024436729789991925,0.0723,0.9262007513427923,0.5060970613803596,0.7652967372259815,0.9262007513427923
ToN-IoT,FGSM,8,10,1024,3,285.9444499015808,116.0624577999115,25.04679096875074,0.4562770973015234,0.9991374663072776,0.28771461392778414,0.4467746601099219,0.29461990861300424,0.0008,0.7122853860722158,0.645331037908659,0.9156213155326958,0.7122853860722158,0.20580918761401598,0.36511197863160055,0.05517091496165668,0.09585715826950049,-0.3379096111463062,0.309,0.9448290850383433,0.5394049784221802,0.797777655959918,0.9448290850383433
ToN-IoT,RANDOM_LINF,8,10,1024,3,285.9444499015808,15.783433675765991,13.177284465398376,0.4562770973015234,0.9991374663072776,0.28771461392778414,0.4467746601099219,0.29461990861300424,0.0008,0.7122853860722158,0.645331037908659,0.9156213155326958,0.7122853860722158,0.3245042526475396,0.8554124206883291,0.13812909435251017,0.23785084202085005,0.08140458520697297,0.0752,0.8618709056474898,0.5329385016610263,0.8034072196848927,0.8618709056474898
ToN-IoT,RANDOM_L2,8,10,1024,3,285.9444499015808,13.97175145149231,13.139377857802842,0.4562770973015234,0.9991374663072776,0.28771461392778414,0.4467746601099219,0.29461990861300424,0.0008,0.7122853860722158,0.645331037908659,0.9156213155326958,0.7122853860722158,0.32488331872349496,0.8530138809659631,0.13927784159706913,0.2394576705455322,0.07979326970531195,0.0773,0.8607221584029309,0.5334207022881804,0.8019196572940214,0.8607221584029309
ToN-IoT,C&W,8,10,1024,3,285.9444499015808,13.723919153213501,20.32741832310645,0.4562770973015234,0.9991374663072776,0.28771461392778414,0.4467746601099219,0.29461990861300424,0.0008,0.7122853860722158,0.645331037908659,0.9156213155326958,0.7122853860722158,0.2530029140704589,0.7642023346303501,0.030488372815051692,0.058637367886785696,0.0004661935352329389,0.0303,0.9695116271849483,0.5195200316681673,0.7735823969283179,0.9695116271849483
ToN-IoT,FGSM,8,10,2048,2,282.21397066116333,112.71959042549133,22.86953019498211,0.4703262337416191,0.9993917274939172,0.3060635226179018,0.468614075535379,0.30691482508379625,0.0006,0.6939364773820982,0.641989353907293,0.915014330914244,0.6939364773820982,0.24163093179179795,0.5129069918277338,0.12276071905368065,0.19810611754095897,-0.27813317655401115,0.3755,0.8772392809463193,0.5490483607066348,0.7895675736624146,0.8772392809463193
ToN-IoT,RANDOM_LINF,8,10,2048,2,282.21397066116333,13.807164430618286,14.61536639105404,0.4703262337416191,0.9993917274939172,0.3060635226179018,0.468614075535379,0.30691482508379625,0.0006,0.6939364773820982,0.641989353907293,0.915014330914244,0.6939364773820982,0.32417256983107867,0.8365929446170718,0.1421031388742277,0.24294055201698514,0.06671661293170385,0.0894,0.8578968611257723,0.529512909435251,0.7922634974322706,0.8578968611257723
ToN-IoT,RANDOM_L2,8,10,2048,2,282.21397066116333,13.50547742843628,14.939941718590822,0.4703262337416191,0.9993917274939172,0.3060635226179018,0.468614075535379,0.30691482508379625,0.0006,0.6939364773820982,0.641989353907293,0.915014330914244,0.6939364773820982,0.32092681655571087,0.8282117734172528,0.13890527492315813,0.23790912233123288,0.05868089596547974,0.0928,0.8610947250768419,0.5272002049116706,0.7902454247426415,0.8610947250768419
ToN-IoT,C&W,8,10,2048,2,282.21397066116333,13.782342672348022,21.440924921225328,0.4703262337416191,0.9993917274939172,0.3060635226179018,0.468614075535379,0.30691482508379625,0.0006,0.6939364773820982,0.641989353907293,0.915014330914244,0.6939364773820982,0.2559169845293658,0.6751091703056769,0.047999006488869574,0.08962578625467404,-0.04955657954536984,0.0744,0.9520009935111304,0.4974298224098855,0.7333030424993993,0.9520009935111304
ToN-IoT,FGSM,8,10,2048,3,286.5238597393036,118.0172061920166,24.061219171266792,0.4524153616527281,0.999231613611416,0.28262286938433356,0.44062053776712895,0.29137501086487716,0.0007,0.7173771306156664,0.6415509935111305,0.9149385366661439,0.7173771306156664,0.21180316994006018,0.3496027241770715,0.03825017852153125,0.06895586712562617,-0.2935071104907862,0.2292,0.9617498214784688,0.5198628861498339,0.5682361672399175,0.9617498214784688
ToN-IoT,RANDOM_LINF,8,10,2048,3,286.5238597393036,16.25592565536499,12.807695041341894,0.4524153616527281,0.999231613611416,0.28262286938433356,0.44062053776712895,0.29137501086487716,0.0007,0.7173771306156664,0.6415509935111305,0.9149385366661439,0.7173771306156664,0.3243384112393092,0.8525028658769583,0.1385327082492471,0.23833560345057822,0.07912428750489386,0.0772,0.8614672917507529,0.5296018193672576,0.798336493449561,0.8614672917507529
ToN-IoT,RANDOM_L2,8,10,2048,3,286.5238597393036,15.360280513763428,12.684498566656405,0.4524153616527281,0.999231613611416,0.28262286938433356,0.44062053776712895,0.29137501086487716,0.0007,0.7173771306156664,0.6415509935111305,0.9149385366661439,0.7173771306156664,0.32557037598616406,0.853953840332955,0.14014716383619485,0.2407787705027337,0.08086353415951095,0.0772,0.8598528361638051,0.5322059284671986,0.7987259055450022,0.8598528361638051
ToN-IoT,C&W,8,10,2048,3,286.5238597393036,14.867844581604004,11.74157170271743,0.4524153616527281,0.999231613611416,0.28262286938433356,0.44062053776712895,0.29137501086487716,0.0007,0.7173771306156664,0.6415509935111305,0.9149385366661439,0.7173771306156664,0.3349996446255538,0.7398609501738123,0.19823651774348786,0.3126912999828595,-0.02768864173462105,0.2245,0.8017634822565122,0.47991191747648165,0.7408550222230722,0.8017634822565122
ToN-IoT,FGSM,8,15,1024,2,191.7097327709198,73.83317804336548,22.992726669667608,0.460399440877538,0.9989421347720301,0.29317892514514576,0.45331477125438047,0.2979938132333831,0.001,0.7068210748548542,0.6476008320655717,0.9160654595845116,0.7068210748548542,0.2304721741808619,0.48160670814173656,0.11055916048309479,0.17983486099537913,-0.3050814984216685,0.3833,0.8894408395169052,0.5317126222484398,0.7046280961575069,0.8894408395169052
ToN-IoT,RANDOM_LINF,8,15,1024,2,191.7097327709198,9.09473443031311,15.364021891065887,0.460399440877538,0.9989421347720301,0.29317892514514576,0.45331477125438047,0.2979938132333831,0.001,0.7068210748548542,0.6476008320655717,0.9160654595845116,0.7068210748548542,0.3067592219668791,0.8391624482282559,0.11322922164612376,0.19953494733962523,0.060620168128300345,0.0699,0.8867707783538763,0.5180353922816604,0.7901815374827781,0.8867707783538763
ToN-IoT,RANDOM_L2,8,15,1024,2,191.7097327709198,8.532235860824585,15.283470349925372,0.460399440877538,0.9989421347720301,0.29317892514514576,0.45331477125438047,0.2979938132333831,0.001,0.7068210748548542,0.6476008320655717,0.9160654595845116,0.7068210748548542,0.30756473737828427,0.8410338517840805,0.1141606383309013,0.201033323309915,0.06231823185609239,0.0695,0.8858393616690987,0.5225840556987178,0.7900662546042265,0.8858393616690987
ToN-IoT,C&W,8,15,1024,2,191.7097327709198,9.85271167755127,20.246866781965934,0.460399440877538,0.9989421347720301,0.29317892514514576,0.45331477125438047,0.2979938132333831,0.001,0.7068210748548542,0.6476008320655717,0.9160654595845116,0.7068210748548542,0.25793077305787865,0.788174139051332,0.037660281287838805,0.0718857413772668,0.011479074734997123,0.0326,0.9623397187121612,0.512813930888882,0.7732165762380904,0.9623397187121612
ToN-IoT,FGSM,8,15,1024,3,195.00038766860962,71.41529083251953,17.27830557464048,0.4675543130611955,0.9989748846745259,0.30255518643857304,0.4644457153750834,0.3041639014782267,0.001,0.697444813561427,0.6420616163184203,0.9150294638144618,0.697444813561427,0.2947712573147907,0.6271875,0.18693532863485363,0.28802410964146474,-0.17341658896980824,0.3579,0.8130646713651464,0.5497825731938278,0.8244369421560311,0.8130646713651464
ToN-IoT,RANDOM_LINF,8,15,1024,3,195.00038766860962,8.998583793640137,14.7906844511834,0.4675543130611955,0.9989748846745259,0.30255518643857304,0.4644457153750834,0.3041639014782267,0.001,0.697444813561427,0.6420616163184203,0.9150294638144618,0.697444813561427,0.3196474685493615,0.8259895444361464,0.1373529137818622,0.2355384001064821,0.05640158155443648,0.0932,0.8626470862181378,0.522244616411562,0.7875438866731427,0.8626470862181378
ToN-IoT,RANDOM_L2,8,15,1024,3,195.00038766860962,8.299854040145874,14.838067710677821,0.4675543130611955,0.9989748846745259,0.30255518643857304,0.4644457153750834,0.3041639014782267,0.001,0.697444813561427,0.6420616163184203,0.9150294638144618,0.697444813561427,0.3191736359544173,0.8224368499257058,0.13747710267316587,0.23557577208522865,0.05337542475347722,0.0956,0.8625228973268341,0.5137244869446428,0.7837539072719901,0.8625228973268341
ToN-IoT,C&W,8,15,1024,3,195.00038766860962,8.645140409469604,21.246653557298206,0.4675543130611955,0.9989748846745259,0.30255518643857304,0.4644457153750834,0.3041639014782267,0.001,0.697444813561427,0.6420616163184203,0.9150294638144618,0.697444813561427,0.25508777748821343,0.7501630789302022,0.03570430624980595,0.06816430561318239,-0.00589931892550134,0.0383,0.9642956937501941,0.48340581048775183,0.7501321186014939,0.9642956937501941
ToN-IoT,FGSM,8,15,2048,2,191.53472328186035,73.10970568656921,21.66599540382383,0.46288706200099505,0.9979118813948632,0.29674935577012634,0.45746284729700626,0.29921880024829933,0.002,0.7032506442298736,0.6457281613834642,0.9156937294348325,0.7032506442298736,0.24622710796275676,0.5221958658082007,0.14353131112421993,0.22517169158832984,-0.29187007079206745,0.423,0.8564686888757801,0.553024531963116,0.766702469276947,0.8564686888757801
ToN-IoT,RANDOM_LINF,8,15,2048,2,191.53472328186035,9.447824478149414,15.603307351512713,0.46288706200099505,0.9979118813948632,0.29674935577012634,0.45746284729700626,0.29921880024829933,0.002,0.7032506442298736,0.6457281613834642,0.9156937294348325,0.7032506442298736,0.3068539884858679,0.8509272467902995,0.11111801049396132,0.19656734862007413,0.06873089288979883,0.0627,0.8888819895060387,0.5215876261293426,0.7931771300618644,0.8888819895060387
ToN-IoT,RANDOM_L2,8,15,2048,2,191.53472328186035,9.958446979522705,15.731242152147646,0.46288706200099505,0.9979118813948632,0.29674935577012634,0.45746284729700626,0.29921880024829933,0.002,0.7032506442298736,0.6457281613834642,0.9156937294348325,0.7032506442298736,0.3055746404795186,0.8415841584158416,0.11083858548852805,0.19587939974211957,0.061712169203730474,0.0672,0.8891614145114719,0.515688596355056,0.7864748079054356,0.8891614145114719
ToN-IoT,C&W,8,15,2048,2,191.53472328186035,9.793221712112427,20.75149849558151,0.46288706200099505,0.9979118813948632,0.29674935577012634,0.45746284729700626,0.29921880024829933,0.002,0.7032506442298736,0.6457281613834642,0.9156937294348325,0.7032506442298736,0.25537207704517995,0.7662337662337663,0.034803936787854324,0.06658351152292706,0.0014038330155050406,0.0342,0.9651960632121457,0.5108596153249092,0.7587415802538062,0.9651960632121457
ToN-IoT,FGSM,8,15,2048,3,196.54128861427307,77.62903904914856,27.638655263095547,0.465587907792177,0.9988629315691544,0.3000093141668478,0.46142826445097057,0.3023776042098711,0.0011,0.6999906858331523,0.6436291160855662,0.9153151266778115,0.6999906858331523,0.18920135516122155,0.21424517593643586,0.023440653233568257,0.042257856882993314,-0.3895898928854769,0.2769,0.9765593467664317,0.5224070259865256,0.7299382721383592,0.9765593467664317
ToN-IoT,RANDOM_LINF,8,15,2048,3,196.54128861427307,10.863520860671997,14.051505603070435,0.465587907792177,0.9988629315691544,0.3000093141668478,0.46142826445097057,0.3023776042098711,0.0011,0.6999906858331523,0.6436291160855662,0.9153151266778115,0.6999906858331523,0.32507285176147266,0.8331244404655327,0.1444627278089975,0.24622956024765835,0.06432737900394093,0.0932,0.8555372721910025,0.5268838973578813,0.7891554872826048,0.8555372721910025
ToN-IoT,RANDOM_L2,8,15,2048,3,196.54128861427307,10.257229328155518,14.169963751806486,0.465587907792177,0.9988629315691544,0.3000093141668478,0.46142826445097057,0.3023776042098711,0.0011,0.6999906858331523,0.6436291160855662,0.9153151266778115,0.6999906858331523,0.32388827027411216,0.8326989305782128,0.1426309416622683,0.24354556539256747,0.0634872465632381,0.0923,0.8573690583377317,0.5264710515694371,0.7891562139059064,0.8573690583377317
ToN-IoT,C&W,8,15,2048,3,196.54128861427307,8.447058200836182,17.85401217749769,0.465587907792177,0.9988629315691544,0.3000093141668478,0.46142826445097057,0.3023776042098711,0.0011,0.6999906858331523,0.6436291160855662,0.9153151266778115,0.6999906858331523,0.2870477860172001,0.747196261682243,0.09928901859728648,0.17528570254049167,-0.012551816374328383,0.1082,0.9007109814027136,0.5175120991027353,0.7569490416897332,0.9007109814027136
ToN-IoT,FGSM,8,20,1024,2,146.33868956565857,48.53121519088745,20.654362813617944,0.482598497950674,0.9986535872283131,0.32239436182433484,0.48743164268782124,0.3167542550012304,0.0014,0.6776056381756652,0.6451757288335559,0.9156184928646892,0.6776056381756652,0.27605486981449456,0.5825834833033393,0.18091216740662547,0.2760891710691526,-0.23657152236113305,0.4175,0.8190878325933745,0.5129398599770251,0.7555961581864944,0.8190878325933745
ToN-IoT,RANDOM_LINF,8,20,1024,2,146.33868956565857,6.091745376586914,15.638844796133522,0.482598497950674,0.9986535872283131,0.32239436182433484,0.48743164268782124,0.3167542550012304,0.0014,0.6776056381756652,0.6451757288335559,0.9156184928646892,0.6776056381756652,0.3262100499893388,0.7953298855978687,0.15756465584153498,0.26302150816273645,0.03200573810806721,0.1306,0.842435344158465,0.510606790027632,0.7738850644684955,0.842435344158465
ToN-IoT,RANDOM_L2,8,20,1024,2,146.33868956565857,5.864370107650757,15.42562012840863,0.482598497950674,0.9986535872283131,0.32239436182433484,0.48743164268782124,0.3167542550012304,0.0014,0.6776056381756652,0.6451757288335559,0.9156184928646892,0.6776056381756652,0.3283422966665877,0.8011549867332605,0.15936539476543823,0.2658483530142946,0.037878056439862924,0.1274,0.8406346052345618,0.5108594352510168,0.7764253746781713,0.8406346052345618
ToN-IoT,C&W,8,20,1024,2,146.33868956565857,7.170883893966675,16.89450117273567,0.482598497950674,0.9986535872283131,0.32239436182433484,0.48743164268782124,0.3167542550012304,0.0014,0.6776056381756652,0.6451757288335559,0.9156184928646892,0.6776056381756652,0.3136534862233173,0.742113918373449,0.15411841410785806,0.25523163144634686,-0.021402008001039863,0.1725,0.8458815858921419,0.49819384644043596,0.749382192488049,0.8458815858921419
ToN-IoT,FGSM,8,20,1024,3,187.25002574920654,51.24583148956299,24.97571607950911,0.4662038901656045,0.9987631416202845,0.3008475891831476,0.4624084369258667,0.3028170524723108,0.0012,0.6991524108168524,0.6465106197025677,0.9158779337601877,0.6991524108168524,0.2164467293705134,0.4467586886862214,0.11254618274395356,0.17979813009944698,-0.3629293847188769,0.4489,0.8874538172560464,0.5216936756807103,0.7383607672526974,0.8874538172560464
ToN-IoT,RANDOM_LINF,8,20,1024,3,187.25002574920654,5.67188835144043,14.591674761306827,0.4662038901656045,0.9987631416202845,0.3008475891831476,0.4624084369258667,0.3028170524723108,0.0012,0.6991524108168524,0.6465106197025677,0.9158779337601877,0.6991524108168524,0.3202871425525362,0.8203167667941016,0.1398987860535875,0.23903241207363005,0.052064363101094246,0.0987,0.8601012139464125,0.517500769971126,0.7822683451319873,0.8601012139464125
ToN-IoT,RANDOM_L2,8,20,1024,3,187.25002574920654,5.411560297012329,14.814376080930607,0.4662038901656045,0.9987631416202845,0.3008475891831476,0.4624084369258667,0.3028170524723108,0.0012,0.6991524108168524,0.6465106197025677,0.9158779337601877,0.6991524108168524,0.3180601293562984,0.8147399375114869,0.13763233878729547,0.23548472775564408,0.046735140310541434,0.1008,0.8623676612127045,0.5129376168151759,0.7794900541611809,0.8623676612127045
ToN-IoT,C&W,8,20,1024,3,187.25002574920654,5.791568279266357,19.550332867397945,0.4662038901656045,0.9987631416202845,0.3008475891831476,0.4624084369258667,0.3028170524723108,0.0012,0.6991524108168524,0.6465106197025677,0.9158779337601877,0.6991524108168524,0.270700561491625,0.7286722257857601,0.07053929026048619,0.12862682933733405,-0.02285700998932061,0.0846,0.9294607097395138,0.5136024139215747,0.7540994024941402,0.9294607097395138
ToN-IoT,FGSM,8,20,2048,2,146.99193000793457,52.74742150306702,23.9380226965813,0.47525409272903885,0.9985133795837463,0.3128007699711261,0.4763705997777725,0.3103431934579284,0.0015,0.687199230028874,0.6493679794467385,0.9163608738807508,0.687199230028874,0.23587386576322586,0.4969520642837351,0.11136638827656867,0.18195652725289777,-0.28427797394419924,0.3631,0.8886336117234314,0.5648636918252662,0.8472929943718222,0.8886336117234314
ToN-IoT,RANDOM_LINF,8,20,2048,2,146.99193000793457,6.383965253829956,17.46310028666872,0.47525409272903885,0.9985133795837463,0.3128007699711261,0.4763705997777725,0.3103431934579284,0.0015,0.687199230028874,0.6493679794467385,0.9163608738807508,0.687199230028874,0.30062308986235164,0.8284876618617151,0.10528113260268869,0.18682166271830752,0.05040663375618611,0.0702,0.8947188673973113,0.5118979586450992,0.7825216869678641,0.8947188673973113
ToN-IoT,RANDOM_L2,8,20,2048,2,146.99193000793457,5.410191059112549,17.44177781989623,0.47525409272903885,0.9985133795837463,0.3128007699711261,0.4763705997777725,0.3103431934579284,0.0015,0.687199230028874,0.6493679794467385,0.9163608738807508,0.687199230028874,0.30083631453007653,0.826634382566586,0.1059952187276848,0.18789730042103525,0.04922309338011256,0.0716,0.8940047812723152,0.5063096370579652,0.7803380089630318,0.8940047812723152
ToN-IoT,C&W,8,20,2048,2,146.99193000793457,6.343698978424072,21.08555047501718,0.47525409272903885,0.9985133795837463,0.3128007699711261,0.4763705997777725,0.3103431934579284,0.0015,0.687199230028874,0.6493679794467385,0.9163608738807508,0.687199230028874,0.26439858797886706,0.7072909220872051,0.06144245397249216,0.11306310166538121,-0.03496307125332788,0.0819,0.9385575460275078,0.49551629823962245,0.7378386720618592,0.9385575460275078
ToN-IoT,FGSM,8,20,2048,3,187.99850845336914,54.54300308227539,27.844772441896282,0.46741216328271223,0.9986673500768837,0.3024620447700953,0.46430273567820035,0.303767358791861,0.0013,0.6975379552299047,0.6449228678319724,0.9155503258362331,0.6975379552299047,0.18896443886374945,0.33687943262411346,0.06488869570616908,0.10881732746726369,-0.41609138666273965,0.4114,0.9351113042938309,0.5439845120928932,0.7453394918633804,0.9351113042938309
ToN-IoT,RANDOM_LINF,8,20,2048,3,187.99850845336914,5.9720635414123535,14.887820133146962,0.46741216328271223,0.9986673500768837,0.3024620447700953,0.46430273567820035,0.303767358791861,0.0013,0.6975379552299047,0.6449228678319724,0.9155503258362331,0.6975379552299047,0.3185339619512426,0.8159970647587599,0.13809804712968424,0.23621879978757301,0.04792299535637276,0.1003,0.8619019528703158,0.5200186376478624,0.7821794145169612,0.8619019528703158
ToN-IoT,RANDOM_L2,8,20,2048,3,187.99850845336914,5.581617593765259,14.894927622071124,0.46741216328271223,0.9986673500768837,0.3024620447700953,0.46430273567820035,0.303767358791861,0.0013,0.6975379552299047,0.6449228678319724,0.9155503258362331,0.6975379552299047,0.318462887062001,0.813022917424518,0.13878108603185446,0.2370912562654149,0.0454529853837909,0.1028,0.8612189139681455,0.515157151727778,0.7794457999479436,0.8612189139681455
ToN-IoT,C&W,8,20,2048,3,187.99850845336914,6.461271524429321,14.463739960671894,0.46741216328271223,0.9986673500768837,0.3024620447700953,0.46430273567820035,0.303767358791861,0.0013,0.6975379552299047,0.6449228678319724,0.9155503258362331,0.6975379552299047,0.3227747636759933,0.7174747959673548,0.18560029805333914,0.2949113243383242,-0.053197137211242654,0.2354,0.8143997019466609,0.5024355180229129,0.7622342878509974,0.8143997019466609
ToN-IoT,FGSM,10,5,1024,2,751.6253991127014,310.3665587902069,21.70864033736881,0.4531024189153972,0.9993433293203459,0.2834921916234593,0.44168722488269724,0.2920636704710098,0.0006,0.7165078083765407,0.6405816371200596,0.9147610959351276,0.7165078083765407,0.23601601554170912,0.493687707641196,0.04613617311931448,0.08438626877537693,-0.17557122165339542,0.1524,0.9538638268806855,0.5303487969201155,0.6447343626022118,0.9538638268806855
ToN-IoT,RANDOM_LINF,10,5,1024,2,751.6253991127014,42.29070258140564,9.87230211566254,0.4531024189153972,0.9993433293203459,0.2834921916234593,0.44168722488269724,0.2920636704710098,0.0006,0.7165078083765407,0.6405816371200596,0.9147610959351276,0.7165078083765407,0.3543793977587718,0.9266781411359725,0.16715824769474372,0.2832268076488072,0.1537192717172823,0.0426,0.8328417523052563,0.5670314632556117,0.8542315841786149,0.8328417523052563
ToN-IoT,RANDOM_L2,10,5,1024,2,751.6253991127014,40.701987981796265,9.80359638939563,0.4531024189153972,0.9993433293203459,0.2834921916234593,0.44168722488269724,0.2920636704710098,0.0006,0.7165078083765407,0.6405816371200596,0.9147610959351276,0.7165078083765407,0.3550664550214409,0.9270423017640007,0.16805861715669534,0.28453532380151386,0.1545070244609681,0.0426,0.8319413828433047,0.565881509826446,0.8539548838266007,0.8319413828433047
ToN-IoT,C&W,10,5,1024,2,751.6253991127014,41.551655292510986,22.106659717121943,0.4531024189153972,0.9993433293203459,0.2834921916234593,0.44168722488269724,0.2920636704710098,0.0006,0.7165078083765407,0.6405816371200596,0.9147610959351276,0.7165078083765407,0.23203582174417778,0.10687022900763359,0.0008693222391257102,0.001724615811031382,-0.12197245867359754,0.0234,0.9991306777608743,0.4842983933062187,0.5205810868227345,0.9991306777608743
ToN-IoT,FGSM,10,5,1024,3,733.7435457706451,311.57925629615784,24.895164538368597,0.4502831149754792,0.9997780244173141,0.2796733832158713,0.43707998738445863,0.29000412573686984,0.0002,0.7203266167841287,0.6410148017634822,0.9148395885950282,0.7203266167841287,0.2013314695917932,0.2654590880699563,0.02639013940203049,0.04800768122899664,-0.335318631601802,0.2352,0.9736098605979695,0.5207540827098016,0.6078221302022847,0.9736098605979695
ToN-IoT,RANDOM_LINF,10,5,1024,3,733.7435457706451,44.245442390441895,9.381885379895284,0.4502831149754792,0.9997780244173141,0.2796733832158713,0.43707998738445863,0.29000412573686984,0.0002,0.7203266167841287,0.6410148017634822,0.9148395885950282,0.7203266167841287,0.35646426117652635,0.912794502617801,0.17321245614579775,0.29117194227708043,0.14488575619967847,0.0533,0.8267875438542023,0.5610444487565587,0.8425701333696192,0.8267875438542023
ToN-IoT,RANDOM_L2,10,5,1024,3,733.7435457706451,41.395081758499146,9.18524485299344,0.4502831149754792,0.9997780244173141,0.2796733832158713,0.43707998738445863,0.29000412573686984,0.0002,0.7203266167841287,0.6410148017634822,0.9148395885950282,0.7203266167841287,0.3584306664455448,0.910385661705873,0.17662765065664876,0.29585521868011855,0.14441768746052192,0.056,0.8233723493433512,0.5591599351113044,0.8421977707728655,0.8233723493433512
ToN-IoT,C&W,10,5,1024,3,733.7435457706451,38.29481506347656,19.358430666445546,0.4502831149754792,0.9997780244173141,0.2796733832158713,0.43707998738445863,0.29000412573686984,0.0002,0.7203266167841287,0.6410148017634822,0.9148395885950282,0.7203266167841287,0.2566988083110237,0.7838205302515295,0.03579744791828371,0.06846793349168646,0.009267556588630007,0.0318,0.9642025520817162,0.4842902682480052,0.7693483907552214,0.9642025520817162
ToN-IoT,FGSM,10,5,2048,2,717.8034291267395,310.461229801178,24.88331872349499,0.45089909734890665,0.9993365767359575,0.2806047999006489,0.43817419339199576,0.2901575123678655,0.0006,0.7193952000993511,0.6405094430128225,0.9147480181684743,0.7193952000993511,0.20206591011395675,0.07063631056625802,0.0037567139619361046,0.007134013324686044,-0.33494680839449364,0.1592,0.9962432860380639,0.5364590921792046,0.8565910631686994,0.9962432860380639
ToN-IoT,RANDOM_LINF,10,5,2048,2,717.8034291267395,43.51339077949524,9.159184060271508,0.45089909734890665,0.9993365767359575,0.2806047999006489,0.43817419339199576,0.2901575123678655,0.0006,0.7193952000993511,0.6405094430128225,0.9147480181684743,0.7193952000993511,0.3593072567461916,0.901710730948678,0.18001179794467384,0.30011128652397834,0.13821518001341063,0.0632,0.8199882020553262,0.5595955447235245,0.8423100188479504,0.8199882020553262
ToN-IoT,RANDOM_L2,10,5,2048,2,717.8034291267395,41.77558255195618,8.863038688431379,0.45089909734890665,0.9993365767359575,0.2806047999006489,0.43817419339199576,0.2901575123678655,0.0006,0.7193952000993511,0.6405094430128225,0.9147480181684743,0.7193952000993511,0.36226871046459286,0.9111111111111111,0.18202986742835853,0.3034364972570127,0.14765532131972942,0.0572,0.8179701325716414,0.5634871914682231,0.8464982045360716,0.8179701325716414
ToN-IoT,C&W,10,5,2048,2,717.8034291267395,36.664703369140625,18.477102039849324,0.45089909734890665,0.9993365767359575,0.2806047999006489,0.43817419339199576,0.2901575123678655,0.0006,0.7193952000993511,0.6405094430128225,0.9147480181684743,0.7193952000993511,0.2661280769504134,0.6880146386093321,0.07004253469527151,0.12714156898106402,-0.05123962578530709,0.1023,0.9299574653047284,0.5022373358378094,0.7265014688587433,0.9299574653047284
ToN-IoT,FGSM,10,5,2048,3,740.2476046085358,304.7778754234314,23.378900234547135,0.4531024189153972,0.9997809179537737,0.2833680027321556,0.4415791765445837,0.29244112391847016,0.0002,0.7166319972678444,0.6431806249805955,0.9152327231863437,0.7166319972678444,0.21931341656992584,0.4037315366675304,0.04837157316278059,0.08639236996783853,-0.2680966666888675,0.2301,0.9516284268372194,0.5369149492377906,0.8020116452161833,0.9516284268372194
ToN-IoT,RANDOM_LINF,10,5,2048,3,740.2476046085358,44.2245078086853,8.566893316591251,0.4531024189153972,0.9997809179537737,0.2833680027321556,0.4415791765445837,0.29244112391847016,0.0002,0.7166319972678444,0.6431806249805955,0.9152327231863437,0.7166319972678444,0.3674334857494847,0.8816682832201745,0.19755347884131763,0.3227819205600365,0.12665975234471438,0.0854,0.8024465211586823,0.5579194200378776,0.8375073340157642,0.8024465211586823
ToN-IoT,RANDOM_L2,10,5,2048,3,740.2476046085358,39.260759353637695,8.185458077661162,0.4531024189153972,0.9997809179537737,0.2833680027321556,0.4415791765445837,0.29244112391847016,0.0002,0.7166319972678444,0.6431806249805955,0.9152327231863437,0.7166319972678444,0.3712478381387856,0.8833153055705787,0.20283150672172373,0.32990783991920214,0.1303355251678721,0.0863,0.7971684932782762,0.5587577043683443,0.8381758507079101,0.7971684932782762
ToN-IoT,C&W,10,5,2048,3,740.2476046085358,41.1776397228241,18.439195432253786,0.4531024189153972,0.9997809179537737,0.2833680027321556,0.4415791765445837,0.29244112391847016,0.0002,0.7166319972678444,0.6431806249805955,0.9152327231863437,0.7166319972678444,0.26871046459285935,0.7932692307692307,0.05635070942904157,0.10522654143838595,0.016995835815367434,0.0473,0.9436492905709585,0.5035531357695053,0.7665511475147463,0.9436492905709585
ToN-IoT,FGSM,10,10,1024,2,354.34358310699463,142.60302209854126,24.74353810798645,0.4554005070008766,0.9987021414665801,0.28669005557452887,0.4454951151851405,0.29348728863330015,0.0012,0.7133099444254711,0.6432320655717346,0.9152429300766718,0.7133099444254711,0.2079651259210121,0.4007472384665367,0.07659349871154025,0.12860680307572006,-0.35213329098904905,0.3689,0.9234065012884598,0.5279337840355182,0.7536323592297327,0.9234065012884598
ToN-IoT,RANDOM_LINF,10,10,1024,2,354.34358310699463,17.41903829574585,10.79627567580374,0.4554005070008766,0.9987021414665801,0.28669005557452887,0.4454951151851405,0.29348728863330015,0.0012,0.7133099444254711,0.6432320655717346,0.9152429300766718,0.7133099444254711,0.3474377502428392,0.878345498783455,0.16812071160234718,0.2822223380413822,0.11211194208375472,0.075,0.8318792883976528,0.5456274333260891,0.8225146935948645,0.8318792883976528
ToN-IoT,RANDOM_L2,10,10,1024,2,354.34358310699463,16.57626485824585,10.770214883081808,0.4554005070008766,0.9987021414665801,0.28669005557452887,0.4454951151851405,0.29348728863330015,0.0012,0.7133099444254711,0.6432320655717346,0.9152429300766718,0.7133099444254711,0.3476983581700585,0.8746794871794872,0.16945574218386164,0.2839085541886655,0.10931816812750568,0.0782,0.8305442578161384,0.542514151324164,0.8209949305248693,0.8305442578161384
ToN-IoT,C&W,10,10,1024,2,354.34358310699463,19.55682349205017,21.848420952877348,0.4554005070008766,0.9987021414665801,0.28669005557452887,0.4454951151851405,0.29348728863330015,0.0012,0.7133099444254711,0.6432320655717346,0.9152429300766718,0.7133099444254711,0.2369162974721031,0.0,0.0,0.0,0.0,0.0,1.0,0.5337820997236796,0.8556728227567155,1.0
ToN-IoT,FGSM,10,10,1024,3,360.5849804878235,145.06989932060242,28.010613850126752,0.45670354663697316,0.9995691976305869,0.288149275047347,0.4473417843543645,0.2953626720575858,0.0004,0.711850724952653,0.6447181160545189,0.9155337635049496,0.711850724952653,0.17659740813570565,0.2460095770151636,0.03828122574435717,0.0662529217377287,-0.44639654270280843,0.3779,0.9617187742556428,0.5167957946536682,0.677792823561949,0.9617187742556428
ToN-IoT,RANDOM_LINF,10,10,1024,3,360.5849804878235,18.38692355155945,9.213674808690092,0.45670354663697316,0.9995691976305869,0.288149275047347,0.4473417843543645,0.2953626720575858,0.0004,0.711850724952653,0.6447181160545189,0.9155337635049496,0.711850724952653,0.36456679855007224,0.8430099312452254,0.20556366233040455,0.33052941616953296,0.08987858695130058,0.1233,0.7944363376695954,0.5438866729796019,0.8130134074958387,0.7944363376695954
ToN-IoT,RANDOM_L2,10,10,1024,3,360.5849804878235,18.880648374557495,9.44585278021275,0.45670354663697316,0.9995691976305869,0.288149275047347,0.4473417843543645,0.2953626720575858,0.0004,0.711850724952653,0.6447181160545189,0.9155337635049496,0.711850724952653,0.36224501883484567,0.8381488110457683,0.20354559284671986,0.32754615173240736,0.08420081995133315,0.1266,0.7964544071532801,0.5402616892793939,0.8104680328944415,0.7964544071532801
ToN-IoT,C&W,10,10,1024,3,360.5849804878235,16.67453622817993,19.735127579426187,0.45670354663697316,0.9995691976305869,0.288149275047347,0.4473417843543645,0.2953626720575858,0.0004,0.711850724952653,0.6447181160545189,0.9155337635049496,0.711850724952653,0.2593522708427113,0.6477379095163807,0.06445403458660623,0.11724176879200317,-0.0777638304462808,0.1129,0.9355459654133937,0.4869286301965289,0.7145023449937541,0.9355459654133937
ToN-IoT,FGSM,10,10,2048,2,356.0120952129364,146.86857557296753,27.420692269421217,0.45511620744391007,0.9994577006507592,0.2861001583408364,0.4448574669917208,0.29389826928276885,0.0005,0.7138998416591635,0.6439899174143874,0.9153787535560387,0.7138998416591635,0.18090928474969792,0.115234375,0.01099071688037505,0.020067458405373998,-0.4268814610083372,0.2718,0.989009283119625,0.5398878760594865,0.6728673587790084,0.989009283119625
ToN-IoT,RANDOM_LINF,10,10,2048,2,356.0120952129364,18.32860279083252,9.841502996991164,0.45511620744391007,0.9994577006507592,0.2861001583408364,0.4448574669917208,0.29389826928276885,0.0005,0.7138998416591635,0.6439899174143874,0.9153787535560387,0.7138998416591635,0.35670117747399843,0.8608335712246645,0.1872458008631128,0.3075863827616983,0.10255996260138771,0.0975,0.8127541991368872,0.5452374584743395,0.8194499953795471,0.8127541991368872
ToN-IoT,RANDOM_L2,10,10,2048,2,356.0120952129364,17.371631145477295,9.633016655215714,0.45511620744391007,0.9994577006507592,0.2861001583408364,0.4448574669917208,0.29389826928276885,0.0005,0.7138998416591635,0.6439899174143874,0.9153787535560387,0.7138998416591635,0.3587860408917529,0.8621515066178541,0.19010214536309727,0.31151586070056725,0.1047954564032131,0.0979,0.8098978546369028,0.5416954562389394,0.8193115785282163,0.8098978546369028
ToN-IoT,C&W,10,10,2048,2,356.0120952129364,19.1728675365448,21.289298490843187,0.45511620744391007,0.9994577006507592,0.2861001583408364,0.4448574669917208,0.29389826928276885,0.0005,0.7138998416591635,0.6439899174143874,0.9153787535560387,0.7138998416591635,0.2422232225354782,0.5648148148148148,0.030302089478096185,0.057518342811680466,-0.09634235666845341,0.0752,0.9696979105219038,0.5127721102797355,0.686350403105995,0.9696979105219038
ToN-IoT,FGSM,10,10,2048,3,362.56305146217346,145.39258742332458,27.091378615934993,0.4573432206401478,0.9989274989274989,0.2891738334006023,0.44851082271928344,0.29535417135434505,0.001,0.7108261665993977,0.6463932627526467,0.9158179413766567,0.7108261665993977,0.18642943448079793,0.282061771323379,0.04281412027694123,0.0743436303843873,-0.40946852222779423,0.351,0.9571858797230588,0.5420027228414419,0.7446987164129467,0.9571858797230588
ToN-IoT,RANDOM_LINF,10,10,2048,3,362.56305146217346,18.402917623519897,12.412044824563479,0.4573432206401478,0.9989274989274989,0.2891738334006023,0.44851082271928344,0.29535417135434505,0.001,0.7108261665993977,0.6463932627526467,0.9158179413766567,0.7108261665993977,0.33322277239451303,0.9088714544357273,0.14027135272749852,0.24303388918773533,0.12527551283273058,0.0453,0.8597286472725014,0.5504289173833401,0.829159663735225,0.8597286472725014
ToN-IoT,RANDOM_L2,10,10,2048,3,362.56305146217346,17.55215096473694,12.393091520765715,0.4573432206401478,0.9989274989274989,0.2891738334006023,0.44851082271928344,0.29535417135434505,0.001,0.7108261665993977,0.6463932627526467,0.9158179413766567,0.7108261665993977,0.3334123054324907,0.9162068260780707,0.1391846999285914,0.2416581316371085,0.13040591411529293,0.041,0.8608153000714086,0.5481993029898476,0.8297336458044947,0.8608153000714086
ToN-IoT,C&W,10,10,2048,3,362.56305146217346,18.346553564071655,19.863062380061123,0.4573432206401478,0.9989274989274989,0.2891738334006023,0.44851082271928344,0.29535417135434505,0.001,0.7108261665993977,0.6463932627526467,0.9158179413766567,0.7108261665993977,0.25871259683953657,0.8006535947712419,0.03803284796174982,0.07261626011440765,0.01713629670695606,0.0305,0.9619671520382502,0.5047741407681082,0.7797772830339763,0.9619671520382502
ToN-IoT,FGSM,10,15,1024,2,241.77682209014893,88.82597184181213,24.21521476462366,0.4604705157667796,0.9992592592592593,0.29317892514514576,0.4533474159245301,0.2983334678771174,0.0007,0.7068210748548542,0.6475438635164085,0.9160223338233779,0.7068210748548542,0.218318368120543,0.43323694505868343,0.0790772765376137,0.1337429111531191,-0.3120668899018175,0.3332,0.9209227234623862,0.539675645006054,0.838542942697467,0.9209227234623862
ToN-IoT,RANDOM_LINF,10,15,1024,2,241.77682209014893,11.838906288146973,12.606316188490608,0.4604705157667796,0.9992592592592593,0.29317892514514576,0.4533474159245301,0.2983334678771174,0.0007,0.7068210748548542,0.6475438635164085,0.9160223338233779,0.7068210748548542,0.33440735388187354,0.8737511353315168,0.14933714179266663,0.25507768998249986,0.10079946835926258,0.0695,0.8506628582073333,0.5380550964016269,0.8141646554634201,0.8506628582073333
ToN-IoT,RANDOM_L2,10,15,1024,2,241.77682209014893,11.253961086273193,12.47838138785567,0.4604705157667796,0.9992592592592593,0.29317892514514576,0.4533474159245301,0.2983334678771174,0.0007,0.7068210748548542,0.6475438635164085,0.9160223338233779,0.7068210748548542,0.3356867018882229,0.8755179246982525,0.15088950293396255,0.2574152542372881,0.10290019373133322,0.0691,0.8491104970660375,0.5373251979260456,0.8134255640748729,0.8491104970660375
ToN-IoT,C&W,10,15,1024,2,241.77682209014893,11.92317533493042,19.57165533417044,0.4604705157667796,0.9992592592592593,0.29317892514514576,0.4533474159245301,0.2983334678771174,0.0007,0.7068210748548542,0.6475438635164085,0.9160223338233779,0.7068210748548542,0.2647539624250752,0.7127852227453821,0.06110093452140706,0.11255361738633114,-0.031296228945009934,0.0793,0.9388990654785929,0.5218123754230185,0.7446606466333834,0.9388990654785929
ToN-IoT,FGSM,10,15,1024,3,244.73750948905945,93.42628693580627,26.75258831054988,0.47049207514984953,0.9983823678091194,0.3065913254059424,0.4691211401425178,0.30614965102938296,0.0016,0.6934086745940575,0.6458309416622684,0.9157161756412908,0.6934086745940575,0.20296619204435074,0.3709706464973888,0.06395727902139153,0.10910439065727451,-0.35893767578850055,0.3493,0.9360427209786084,0.5235897528641063,0.7563142767431128,0.9360427209786084
ToN-IoT,RANDOM_LINF,10,15,1024,3,244.73750948905945,11.599061965942383,12.639484470136697,0.47049207514984953,0.9983823678091194,0.3065913254059424,0.4691211401425178,0.30614965102938296,0.0016,0.6934086745940575,0.6458309416622684,0.9157161756412908,0.6934086745940575,0.34409723044848256,0.8694870957203529,0.1652643671023627,0.27773864496099765,0.10307259093671697,0.0799,0.8347356328976373,0.5409371883635009,0.8136286866762387,0.8347356328976373
ToN-IoT,RANDOM_L2,10,15,1024,3,244.73750948905945,11.105398893356323,12.551825440072017,0.47049207514984953,0.9983823678091194,0.3065913254059424,0.4691211401425178,0.30614965102938296,0.0016,0.6934086745940575,0.6458309416622684,0.9157161756412908,0.6934086745940575,0.34497382074912936,0.8684763289707546,0.16687882268931045,0.27996249804677326,0.10274603162379874,0.0814,0.8331211773106896,0.5387804480114253,0.8122023443637841,0.8331211773106896
ToN-IoT,C&W,10,15,1024,3,244.73750948905945,10.342918395996094,21.682579544646874,0.47049207514984953,0.9983823678091194,0.3065913254059424,0.4691211401425178,0.30614965102938296,0.0016,0.6934086745940575,0.6458309416622684,0.9157161756412908,0.6934086745940575,0.2536662797033808,0.7794466403162056,0.030612561706355366,0.05891139391766744,0.00676437771540335,0.0279,0.9693874382936446,0.5003842559533049,0.766272902053229,0.9693874382936446
ToN-IoT,FGSM,10,15,2048,2,240.32931685447693,89.59098696708679,21.372219194958422,0.4597834585041105,0.9985161632220456,0.29249588624297557,0.4524541350494669,0.29709066905054393,0.0014,0.7075041137570245,0.6469385280511659,0.915937744774087,0.7075041137570245,0.2460612665545263,0.5289963942307693,0.10931727157005806,0.18119130322912647,-0.23821156398497845,0.3135,0.8906827284299419,0.5388708311341551,0.6857342815854024,0.8906827284299419
ToN-IoT,RANDOM_LINF,10,15,2048,2,240.32931685447693,10.056665420532227,11.72024923594494,0.4597834585041105,0.9985161632220456,0.29249588624297557,0.4524541350494669,0.29709066905054393,0.0014,0.7075041137570245,0.6469385280511659,0.915937744774087,0.7075041137570245,0.3425809661446611,0.8416053921568627,0.1705734422055947,0.28365645248728605,0.078991005613833,0.1034,0.8294265577944053,0.5316703079884505,0.8013376198409718,0.8294265577944053
ToN-IoT,RANDOM_L2,10,15,2048,2,240.32931685447693,9.478208541870117,11.860029851453485,0.4597834585041105,0.9985161632220456,0.29249588624297557,0.4524541350494669,0.29709066905054393,0.0014,0.7075041137570245,0.6469385280511659,0.915937744774087,0.7075041137570245,0.34118315998957566,0.8382782475019216,0.16930050606973207,0.28170687606550604,0.07548627442641366,0.1052,0.830699493930268,0.5311797913626627,0.8007763103386025,0.830699493930268
ToN-IoT,C&W,10,15,2048,2,240.32931685447693,10.804688453674316,19.81804828354143,0.4597834585041105,0.9985161632220456,0.29249588624297557,0.4524541350494669,0.29709066905054393,0.0014,0.7075041137570245,0.6469385280511659,0.915937744774087,0.7075041137570245,0.2616029756686962,0.6891793754538853,0.05892762892359278,0.10857191888567914,-0.04592162560327138,0.0856,0.9410723710764072,0.5006418252662299,0.7485324642017168,0.9410723710764072
ToN-IoT,FGSM,10,15,2048,3,244.8685507774353,92.88120579719543,19.190220095240353,0.4618446302921178,0.9987392309308678,0.2951349001831786,0.4556282502935749,0.29905620819237844,0.0012,0.7048650998168214,0.6487963441895122,0.9162544816200386,0.7048650998168214,0.2699424293397143,0.5778075463273052,0.16070042534695272,0.25146355090242184,-0.22617216129168982,0.3782,0.8392995746530473,0.5270008972647398,0.7939571262253463,0.8392995746530473
ToN-IoT,RANDOM_LINF,10,15,2048,3,244.8685507774353,11.912224054336548,10.144755857755456,0.4618446302921178,0.9987392309308678,0.2951349001831786,0.4556282502935749,0.29905620819237844,0.0012,0.7048650998168214,0.6487963441895122,0.9162544816200386,0.7048650998168214,0.36039707171456326,0.8266482827776385,0.20475643453693068,0.32821559210690027,0.07217201797910634,0.1383,0.7952435654630693,0.5279719317582043,0.7984981690444934,0.7952435654630693
ToN-IoT,RANDOM_L2,10,15,2048,3,244.8685507774353,10.62069296836853,10.135279205856573,0.4618446302921178,0.9987392309308678,0.2951349001831786,0.4556282502935749,0.29905620819237844,0.0012,0.7048650998168214,0.6487963441895122,0.9162544816200386,0.7048650998168214,0.3604918382335521,0.8215782983970407,0.2068676456890931,0.3305141496564895,0.0670921629244391,0.1447,0.7931323543109069,0.5277555776335807,0.7969830158486136,0.7931323543109069
ToN-IoT,C&W,10,15,2048,3,244.8685507774353,12.226870775222778,16.179013954369925,0.4618446302921178,0.9987392309308678,0.2951349001831786,0.4556282502935749,0.29905620819237844,0.0012,0.7048650998168214,0.6487963441895122,0.9162544816200386,0.7048650998168214,0.30005449074841856,0.7457127051447539,0.12555496910801328,0.2149234693877551,-0.0156862710918175,0.1379,0.8744450308919867,0.5223870641746097,0.7474932681543196,0.8744450308919867
ToN-IoT,FGSM,10,20,1024,2,183.86088705062866,65.65039324760437,22.526001563647565,0.4710606742637826,0.9984868354685766,0.30730541153093854,0.46996818764541093,0.3067304316774565,0.0015,0.6926945884690614,0.6463303983358689,0.9158069959130322,0.6926945884690614,0.24580065862730696,0.5269280482550625,0.11391226054829395,0.18732768303890535,-0.24686417520584167,0.3294,0.886087739451706,0.5720664845229595,0.8316597625794093,0.886087739451706
ToN-IoT,RANDOM_LINF,10,20,1024,2,183.86088705062866,7.699467658996582,13.790897675851122,0.4710606742637826,0.9984868354685766,0.30730541153093854,0.46996818764541093,0.3067304316774565,0.0015,0.6926945884690614,0.6463303983358689,0.9158069959130322,0.6926945884690614,0.3331516975052714,0.8378243512974052,0.15638486137415009,0.2635723816749954,0.07163850313630715,0.0975,0.8436151386258499,0.5337457868918625,0.7990682385115926,0.8436151386258499
ToN-IoT,RANDOM_L2,10,20,1024,2,183.86088705062866,7.174359321594238,13.388139970148549,0.4710606742637826,0.9984868354685766,0.30730541153093854,0.46996818764541093,0.3067304316774565,0.0015,0.6926945884690614,0.6463303983358689,0.9158069959130322,0.6926945884690614,0.3371792745622971,0.8467715503113733,0.16042100034151946,0.26973976142622225,0.08091317448342349,0.0935,0.8395789996584806,0.5309880297432394,0.799902933563408,0.8395789996584806
ToN-IoT,C&W,10,20,1024,2,183.86088705062866,7.750312328338623,21.42907910635173,0.4710606742637826,0.9984868354685766,0.30730541153093854,0.46996818764541093,0.3067304316774565,0.0015,0.6926945884690614,0.6463303983358689,0.9158069959130322,0.6926945884690614,0.25676988320026534,0.722872340425532,0.04219317582042286,0.07973246501804102,-0.02041904493429254,0.0521,0.9578068241795772,0.5139794995187681,0.7565682401328977,0.9578068241795772
ToN-IoT,FGSM,10,20,1024,3,234.92360377311707,64.58790993690491,23.267549574735245,0.4734298372385036,0.9987011689479468,0.3103480393678785,0.47354209105121037,0.3089522290580277,0.0013,0.6896519606321214,0.649696089602285,0.9164251800839438,0.6896519606321214,0.24075434149115119,0.5104006163328197,0.12341271073302493,0.1987649073680526,-0.2826791942965642,0.3813,0.876587289266975,0.5990624390698251,0.8630862580299802,0.876587289266975
ToN-IoT,RANDOM_LINF,10,20,1024,3,234.92360377311707,7.770790338516235,14.451894145798288,0.4734298372385036,0.9987011689479468,0.3103480393678785,0.47354209105121037,0.3089522290580277,0.0013,0.6896519606321214,0.649696089602285,0.9164251800839438,0.6896519606321214,0.32891089578052074,0.8511484897811539,0.14610823061877115,0.2494037839843129,0.08041320355479033,0.0823,0.8538917693812289,0.5286638501661027,0.8013732343227301,0.8538917693812289
ToN-IoT,RANDOM_L2,10,20,1024,3,234.92360377311707,7.6034345626831055,14.56798313155962,0.4734298372385036,0.9987011689479468,0.3103480393678785,0.47354209105121037,0.3089522290580277,0.0013,0.6896519606321214,0.649696089602285,0.9164251800839438,0.6896519606321214,0.32775000592290743,0.8504570383912249,0.14443168058617156,0.24692799702752197,0.07929126694349936,0.0818,0.8555683194138284,0.5315085395386383,0.8015627752699347,0.8555683194138284
ToN-IoT,C&W,10,20,1024,3,234.92360377311707,9.22887372970581,20.990783956028338,0.4734298372385036,0.9987011689479468,0.3103480393678785,0.47354209105121037,0.3089522290580277,0.0013,0.6896519606321214,0.649696089602285,0.9164251800839438,0.6896519606321214,0.26352199767822027,0.6981997882103776,0.06141140674966624,0.11289309970892072,-0.040931812272394535,0.0855,0.9385885932503337,0.5171425626377721,0.752354088704061,0.9385885932503337
ToN-IoT,FGSM,10,20,2048,2,184.5586245059967,68.24493956565857,25.127342509891253,0.47094221611504655,0.9989896948878562,0.30699493930267935,0.4696606264991569,0.3070817028857968,0.001,0.6930050606973206,0.6560921419479028,0.9176071255265701,0.6930050606973206,0.219668791016134,0.45201687318745054,0.10646092707007358,0.1723332076894082,-0.34244767049767266,0.4157,0.8935390729299264,0.5205812490297742,0.6715847442779721,0.8935390729299264
ToN-IoT,RANDOM_LINF,10,20,2048,2,184.5586245059967,7.840626955032349,15.482480039801938,0.47094221611504655,0.9989896948878562,0.30699493930267935,0.4696606264991569,0.3070817028857968,0.001,0.6930050606973206,0.6560921419479028,0.9176071255265701,0.6930050606973206,0.3161174157170272,0.8581529890722092,0.12434412741780247,0.2172144484217377,0.0788346011851482,0.0662,0.8756558725821976,0.5266634574187339,0.7979630546521025,0.8756558725821976
ToN-IoT,RANDOM_L2,10,20,2048,2,184.5586245059967,7.818131685256958,15.273993698026489,0.47094221611504655,0.9989896948878562,0.30699493930267935,0.4696606264991569,0.3070817028857968,0.001,0.6930050606973206,0.6560921419479028,0.9176071255265701,0.6930050606973206,0.31820227913478166,0.8597190186621934,0.1272936135862647,0.2217534750392125,0.08111441779890853,0.0669,0.8727063864137353,0.5270910009624639,0.7991197820160586,0.8727063864137353
ToN-IoT,C&W,10,20,2048,2,184.5586245059967,8.062522888183594,14.59878225023099,0.47094221611504655,0.9989896948878562,0.30699493930267935,0.4696606264991569,0.3070817028857968,0.001,0.6930050606973206,0.6560921419479028,0.9176071255265701,0.6930050606973206,0.32495439361273665,0.8044903310390036,0.15241081685243255,0.2562710448696197,0.040033790403568914,0.1193,0.8475891831475675,0.5316485531994164,0.786821435035679,0.8475891831475675
ToN-IoT,FGSM,10,20,2048,3,234.79547119140625,64.98460698127747,24.454500225070483,0.4703973086308607,0.9991895451322055,0.3062187587320314,0.46877376425855516,0.3067942206513266,0.0008,0.6937812412679686,0.6482909978577416,0.9161619663765819,0.6937812412679686,0.22585230638015588,0.4676637584822047,0.10484647148312583,0.1712908952574182,-0.31564242228005973,0.3844,0.8951535285168741,0.5193121239405135,0.6725272739676532,0.8951535285168741
ToN-IoT,RANDOM_LINF,10,20,2048,3,234.79547119140625,7.60370397567749,14.383188419531379,0.4703973086308607,0.9991895451322055,0.3062187587320314,0.46877376425855516,0.3067942206513266,0.0008,0.6937812412679686,0.6482909978577416,0.9161619663765819,0.6937812412679686,0.3265654244355469,0.8569811320754717,0.14101648607532055,0.24218187634967608,0.08368390570584526,0.0758,0.8589835139246794,0.5350289918966749,0.8009079853706728,0.8589835139246794
ToN-IoT,RANDOM_L2,10,20,2048,3,234.79547119140625,7.341403484344482,14.338174323011682,0.4703973086308607,0.9991895451322055,0.3062187587320314,0.46877376425855516,0.3067942206513266,0.0008,0.6937812412679686,0.6482909978577416,0.9161619663765819,0.6937812412679686,0.3270155654007439,0.8608844182956917,0.14083020273836505,0.24206200971236458,0.08687086169442579,0.0733,0.8591697972616349,0.5349472243782794,0.8009713396616518,0.8591697972616349
ToN-IoT,C&W,10,20,2048,3,234.79547119140625,9.917527914047241,20.47667559051387,0.4703973086308607,0.9991895451322055,0.3062187587320314,0.46877376425855516,0.3067942206513266,0.0008,0.6937812412679686,0.6482909978577416,0.9161619663765819,0.6937812412679686,0.265630552725722,0.6813285457809695,0.07069452637461579,0.12809766251300947,-0.05638249766329906,0.1065,0.9293054736253842,0.4761168601943556,0.7373491085023693,0.9293054736253842
ToN-IoT,HSJA,1,5,1024,2,70.64260077476501,11.237017393112183,-0.021322466772488724,0.2369162974721031,0.0,0.0,0.0,0.0,0.0,1.0,0.50405,0.8822754462590201,1.0,0.237129522139828,0.7647058823529411,0.00040361389673693686,0.0008068019611493825,7.658167176742702e-05,0.0004,0.9995963861032631,0.49747442329783603,0.7634444315991636,0.9995963861032631
ToN-IoT,BPDA,1,5,1024,2,70.64260077476501,15.752519845962524,-1.2888246582482417,0.2369162974721031,0.0,0.0,0.0,0.0,0.0,1.0,0.50405,0.8822754462590201,1.0,0.24980454405458552,0.8366336633663366,0.02098792263032072,0.04094860223521216,0.024165687386930076,0.0132,0.9790120773696793,0.4802154025272439,0.7942280578481552,0.9790120773696793
ToN-IoT,HSJA,1,5,1024,3,72.01009607315063,11.47933053970337,-0.2369162974721034,0.23693998910185032,1.0,3.104722282591822e-05,6.209251785159888e-05,0.0027121517931016407,0.0,0.9999689527771741,0.5001,0.8815599308171631,0.9999689527771741,0.23930915207657136,0.8435374149659864,0.0038498556304138597,0.007664729880084065,0.011186036682247583,0.0023,0.9961501443695862,0.499443374522649,0.8031040810703006,0.9961501443695862
ToN-IoT,BPDA,1,5,1024,3,72.01009607315063,20.278185844421387,-3.323935653533605,0.23693998910185032,1.0,3.104722282591822e-05,6.209251785159888e-05,0.0027121517931016407,0.0,0.9999689527771741,0.5001,0.8815599308171631,0.9999689527771741,0.2701793456371864,0.787940935192781,0.0596417150485889,0.11088983173146304,0.0144744748143045,0.0517,0.940358284951411,0.5035142553323606,0.7811037488961579,0.940358284951411
ToN-IoT,HSJA,1,5,2048,2,70.69295120239258,11.166220903396606,0.0,0.2369162974721031,0.0,0.0,0.0,0.0,0.0,1.0,0.50025,0.8815870533598711,1.0,0.2369162974721031,0.0,0.0,0.0,0.0,0.0,1.0,0.4992547890341209,0.8811236615288475,1.0
ToN-IoT,BPDA,1,5,2048,2,70.69295120239258,20.901842832565308,0.0,0.2369162974721031,0.0,0.0,0.0,0.0,0.0,1.0,0.50025,0.8815870533598711,1.0,0.2369162974721031,0.5,3.104722282591822e-05,6.209059017105958e-05,-0.004259250111025522,0.0001,0.9999689527771741,0.4819028330590829,0.6360763000198066,0.9999689527771741
ToN-IoT,HSJA,1,5,2048,3,71.63298988342285,11.146259069442749,1.5826008671136509,0.2527423061432396,1.0,0.02073954484771337,0.04063631109894455,0.07065796691874957,0.0,0.9792604551522867,0.5005,0.8816322661674447,0.9792604551522867,0.2369162974721031,0.0,0.0,0.0,0.0,0.0,1.0,0.5001211105591604,0.8801848453200837,1.0
ToN-IoT,BPDA,1,5,2048,3,71.63298988342285,16.468076944351196,1.4759885332512046,0.2527423061432396,1.0,0.02073954484771337,0.04063631109894455,0.07065796691874957,0.0,0.9792604551522867,0.5005,0.8816322661674447,0.9792604551522867,0.23798242081072757,0.6991150442477876,0.0024527306032475393,0.004888311366870862,-0.007794755380296276,0.0034,0.9975472693967524,0.4902671303051942,0.8741951983463162,0.9975472693967524
ToN-IoT,HSJA,1,10,1024,2,39.687357664108276,5.836427927017212,0.7533938259612877,0.24577696699755977,0.9973404255319149,0.011642708559719333,0.023016725487187355,0.05223275381374755,0.0001,0.9883572914402806,0.5006999999999999,0.8816684441284512,0.9883572914402806,0.2382430287379469,0.8888888888888888,0.001987022260858766,0.003965180756482141,0.012230646949000487,0.0008,0.9980129777391412,0.49965571268899994,0.8313947328760641,0.9980129777391412
ToN-IoT,BPDA,1,10,1024,2,39.687357664108276,10.796210289001465,0.3530052832334346,0.24577696699755977,0.9973404255319149,0.011642708559719333,0.023016725487187355,0.05223275381374755,0.0001,0.9883572914402806,0.5006999999999999,0.8816684441284512,0.9883572914402806,0.24224691416522542,0.7151051625239006,0.011611661336893415,0.02285225467432482,-0.012639188849558749,0.0149,0.9883883386631066,0.5022277608742899,0.7855776249094,0.9883883386631066
ToN-IoT,HSJA,1,10,1024,3,40.313472270965576,5.871333837509155,0.7225947072899142,0.2444739273614632,1.0,0.009904064081467913,0.019613871126414165,0.04862409605318372,0.0,0.9900959359185321,0.500715501878357,0.8816721179946337,0.9900959359185321,0.23724798028856406,0.6521739130434783,0.0009314166847775466,0.0018601767167880949,-0.008615876934133123,0.0016,0.9990685833152224,0.5000761045049521,0.7086762962318888,0.9990685833152224
ToN-IoT,BPDA,1,10,1024,3,40.313472270965576,8.396106481552124,-1.8858537278779424,0.2444739273614632,1.0,0.009904064081467913,0.019613871126414165,0.04862409605318372,0.0,0.9900959359185321,0.500715501878357,0.8816721179946337,0.9900959359185321,0.2633324646402426,0.9352068696330992,0.03719457294545003,0.07154374440131382,0.07161765134668398,0.0083,0.96280542705455,0.5031496351951318,0.843968794854761,0.96280542705455
ToN-IoT,HSJA,1,10,2048,2,39.51562142372131,5.806017160415649,0.004738325949443789,0.23693998910185032,0.6666666666666666,6.209444565183644e-05,0.00012417732522041475,-0.0019118056835661775,0.0001,0.9999379055543481,0.5005999999999999,0.8816503542905894,0.9999379055543481,0.23689260584235589,0.0,0.0,0.0,-0.008735569710401075,0.0001,1.0,0.4998595190785184,0.8801443417670295,1.0
ToN-IoT,BPDA,1,10,2048,2,39.51562142372131,8.691318273544312,-0.1231964746854941,0.23693998910185032,0.6666666666666666,6.209444565183644e-05,0.00012417732522041475,-0.0019118056835661775,0.0001,0.9999379055543481,0.5005999999999999,0.8816503542905894,0.9999379055543481,0.23817195384870526,0.6305418719211823,0.003974044521717532,0.007898309268172282,-0.021670142238273175,0.0075,0.9960259554782824,0.48805257381477224,0.8742531415377504,0.9960259554782824
ToN-IoT,HSJA,1,10,2048,3,40.026235818862915,5.884298801422119,-0.030799118671373527,0.23696368073159751,1.0,6.209444565183644e-05,0.00012418118034211915,0.003835607286258294,0.0,0.9999379055543481,0.50345,0.8821665875652587,0.9999379055543481,0.23727167191831125,0.9411764705882353,0.0004967555652146915,0.0009929870291069322,0.008407601732672909,0.0001,0.9995032444347853,0.5005908069173214,0.851111189554745,0.9995032444347853
ToN-IoT,BPDA,1,10,2048,3,40.026235818862915,10.886465311050415,-0.27956123101708363,0.23696368073159751,1.0,6.209444565183644e-05,0.00012418118034211915,0.003835607286258294,0.0,0.9999379055543481,0.50345,0.8821665875652587,0.9999379055543481,0.23975929304176835,0.655440414507772,0.00785494737495731,0.015523853351741064,-0.024321449756353895,0.0133,0.9921450526250427,0.47660422863174895,0.7382269187177963,0.9921450526250427
ToN-IoT,HSJA,1,15,1024,2,29.120909214019775,3.937493085861206,-0.2369162974721034,0.23693998910185032,0.6666666666666666,6.209444565183644e-05,0.00012417732522041475,-0.0019118056835661775,0.0001,0.9999379055543481,0.5042,0.8823026706231454,0.9999379055543481,0.23930915207657136,0.8531468531468531,0.003787761184762023,0.007542037586547972,0.012349972426211154,0.0021,0.996212238815238,0.5003593296904592,0.8097135387540713,0.996212238815238
ToN-IoT,BPDA,1,15,1024,2,29.120909214019775,8.25153923034668,-5.560425501670258,0.23693998910185032,0.6666666666666666,6.209444565183644e-05,0.00012417732522041475,-0.0019118056835661775,0.0001,0.9999379055543481,0.5042,0.8823026706231454,0.9999379055543481,0.2925442441185529,0.8022657054582905,0.09674314632556118,0.17266505970686838,0.029336047764000363,0.0768,0.9032568536744389,0.49366436555000165,0.793534257148066,0.9032568536744389
ToN-IoT,HSJA,1,15,1024,3,29.310301065444946,4.049195766448975,0.009476651898884803,0.23693998910185032,0.5714285714285714,0.0001241888913036729,0.00024832381425378696,-0.005805229543765649,0.0003,0.9998758111086963,0.5032,0.8821212480721319,0.9998758111086963,0.23684522258286148,0.0,0.0,0.0,-0.015130809057740113,0.0003,1.0,0.4970417647241454,0.8773906886988947,1.0
ToN-IoT,BPDA,1,15,1024,3,29.310301065444946,7.468991994857788,-0.40038854272785307,0.23693998910185032,0.5714285714285714,0.0001241888913036729,0.00024832381425378696,-0.005805229543765649,0.0003,0.9998758111086963,0.5032,0.8821212480721319,0.9998758111086963,0.24094387452912885,0.7297297297297297,0.00838275016299792,0.016575094385954142,-0.007376905613910547,0.01,0.9916172498370021,0.49569685646868883,0.8724806169566115,0.9916172498370021
ToN-IoT,HSJA,1,15,2048,2,29.180646896362305,3.974395275115967,-0.15399559335686763,0.23696368073159751,0.6666666666666666,0.0001241888913036729,0.00024833152258264785,-0.0027037976209168947,0.0002,0.9998758111086963,0.5076,0.8829207979646669,0.9998758111086963,0.2385036366651662,0.8316831683168316,0.0026079667173771305,0.005199628597957289,0.00790160937239839,0.0017,0.9973920332826228,0.4995821587134031,0.8054429500400713,0.9973920332826228
ToN-IoT,BPDA,1,15,2048,2,29.180646896362305,7.289549112319946,-1.6299841266080695,0.23696368073159751,0.6666666666666666,0.0001241888913036729,0.00024833152258264785,-0.0027037976209168947,0.0002,0.9998758111086963,0.5076,0.8829207979646669,0.9998758111086963,0.2532635219976782,0.7586206896551724,0.03141978949982924,0.060340458515934774,-0.001896241355145858,0.0322,0.9685802105001707,0.47046645502809775,0.7629279860216561,0.9685802105001707
ToN-IoT,HSJA,1,15,2048,3,29.4823317527771,4.087601184844971,-0.08765903006467679,0.23717690539932243,0.9230769230769231,0.00037256667391101863,0.0007448327229842964,0.006604714622413272,0.0001,0.9996274333260889,0.5006999999999999,0.8816684441284512,0.9996274333260889,0.2380534956999692,0.7352941176470589,0.0023285417119438667,0.004642381851381883,-0.0032167805747605983,0.0027,0.9976714582880561,0.4993109239653513,0.7526870251170592,0.9976714582880561
ToN-IoT,BPDA,1,15,2048,3,29.4823317527771,6.29123592376709,-3.4068563576488438,0.23717690539932243,0.9230769230769231,0.00037256667391101863,0.0007448327229842964,0.006604714622413272,0.0001,0.9996274333260889,0.5006999999999999,0.8816684441284512,0.9996274333260889,0.27124546897581087,0.7883008356545961,0.061504548418144,0.1141063302805138,0.014922274490977388,0.0532,0.938495451581856,0.49346854605855506,0.7941695922461233,0.938495451581856
ToN-IoT,HSJA,1,20,1024,2,23.78404998779297,3.11269474029541,-0.0023691629747218945,0.23703475562083914,0.7777777777777778,0.00021733055978142755,0.00043453969830529516,0.0005046888746439587,0.0002,0.9997826694402185,0.50725,0.8828570749334348,0.9997826694402185,0.23705844725058636,0.75,0.000279425005433264,0.000558641879519568,-0.0005189158533011953,0.0003,0.9997205749945668,0.4981347496041479,0.8296060145591111,0.9997205749945668
ToN-IoT,BPDA,1,20,1024,2,23.78404998779297,5.922226905822754,-0.9595110047620203,0.23703475562083914,0.7777777777777778,0.00021733055978142755,0.00043453969830529516,0.0005046888746439587,0.0002,0.9997826694402185,0.50725,0.8828570749334348,0.9997826694402185,0.24662986566845935,0.9183673469387755,0.0139712502716632,0.027523777485550016,0.03957976876589633,0.004,0.9860287497283368,0.4867060790462293,0.8678118219868467,0.9860287497283368
ToN-IoT,HSJA,1,20,1024,3,24.147103309631348,3.1645562648773193,0.4264493354497856,0.2410386410481177,0.967741935483871,0.00558850010866528,0.011112826053403304,0.032022748756320246,0.0006,0.9944114998913347,0.50475,0.8824025264757562,0.9944114998913347,0.23677414769361985,0.0,0.0,0.0,-0.021398955910913,0.0006,1.0,0.49779535533546515,0.8793133168795486,1.0
ToN-IoT,BPDA,1,20,1024,3,24.147103309631348,6.0129711627960205,0.03553744462081454,0.2410386410481177,0.967741935483871,0.00558850010866528,0.011112826053403304,0.032022748756320246,0.0006,0.9944114998913347,0.50475,0.8824025264757562,0.9944114998913347,0.24068326660190956,0.7054263565891473,0.008475891831475674,0.016750521536384833,-0.013044401969544572,0.0114,0.9915241081685243,0.4459792666645969,0.8505476453500598,0.9915241081685243
ToN-IoT,HSJA,1,20,2048,2,23.736680269241333,3.098240852355957,1.0448008718519723,0.2479329053045559,0.9957356076759062,0.01449905305970381,0.028581920558173695,0.05800070262595567,0.0002,0.9855009469402962,0.5015000000000001,0.881813224590436,0.9855009469402962,0.23748489658603616,0.6304347826086957,0.001800738923903257,0.003591220086065447,-0.014580934527558653,0.0034,0.9981992610760967,0.49762168648514393,0.6975404079325962,0.9981992610760967
ToN-IoT,BPDA,1,20,2048,2,23.736680269241333,6.0907487869262695,0.26060792721931125,0.2479329053045559,0.9957356076759062,0.01449905305970381,0.028581920558173695,0.05800070262595567,0.0002,0.9855009469402962,0.5015000000000001,0.881813224590436,0.9855009469402962,0.24532682603236278,0.8406909788867563,0.013598683597752181,0.026764436296975253,0.020404794067165898,0.0083,0.9864013164022478,0.5024690692042596,0.7992173073786663,0.9864013164022478
ToN-IoT,HSJA,1,20,2048,3,23.988025665283203,3.2792680263519287,0.7913004335568269,0.24556374232983488,0.9919137466307277,0.011425377999937905,0.022590546347452424,0.05067934389066275,0.0003,0.9885746220000621,0.50715,0.8828388722483715,0.9885746220000621,0.23765073799426661,0.6781609195402298,0.001831786146729175,0.003653703244983899,-0.009077072301795434,0.0028,0.9981682138532708,0.49539233599304544,0.7328916535274356,0.9981682138532708
ToN-IoT,BPDA,1,20,2048,3,23.988025665283203,5.774383783340454,-5.212158544386266,0.24556374232983488,0.9919137466307277,0.011425377999937905,0.022590546347452424,0.05067934389066275,0.0003,0.9885746220000621,0.50715,0.8828388722483715,0.9885746220000621,0.29768532777369755,0.8039819862526665,0.1053121798255146,0.1862303722411332,0.032054694473326636,0.0827,0.8946878201744853,0.5017012806979415,0.795121490040066,0.8946878201744853
ToN-IoT,HSJA,2,5,1024,2,135.79985785484314,22.285569429397583,0.0023691629747218945,0.23838517851643015,0.9696969696969697,0.001987022260858766,0.00396591789310612,0.01923020399930956,0.0002,0.9980129777391412,0.5008,0.8816865356812742,0.9980129777391412,0.23836148688668293,0.8279569892473119,0.0023906361575957032,0.004767506655934617,0.007169688042323518,0.0016,0.9976093638424043,0.49811631997267847,0.7991805762225239,0.9976093638424043
ToN-IoT,BPDA,2,5,1024,2,135.79985785484314,32.130263805389404,-0.24639294937098544,0.23838517851643015,0.9696969696969697,0.001987022260858766,0.00396591789310612,0.01923020399930956,0.0002,0.9980129777391412,0.5008,0.8816865356812742,0.9980129777391412,0.24084910801014,0.6224188790560472,0.013101928032537489,0.02566363608720771,-0.04226983968638537,0.0256,0.9868980719674625,0.4744409373156571,0.7221042221830716,0.9868980719674625
ToN-IoT,HSJA,2,5,1024,3,139.50004029273987,22.62668538093567,0.009476651898882027,0.23696368073159751,0.6666666666666666,0.0001241888913036729,0.00024833152258264785,-0.0027037976209168947,0.0002,0.9998758111086963,0.50065,0.8816593989951654,0.9998758111086963,0.2368689142126087,0.0,0.0,0.0,-0.012354107508309339,0.0002,1.0,0.4909089695426743,0.8734100345037425,1.0
ToN-IoT,BPDA,2,5,1024,3,139.50004029273987,31.82087254524231,-0.39565021677841206,0.23696368073159751,0.6666666666666666,0.0001241888913036729,0.00024833152258264785,-0.0027037976209168947,0.0002,0.9998758111086963,0.50065,0.8816593989951654,0.9998758111086963,0.24092018289938164,0.9082125603864735,0.005836877891272626,0.011599210266535044,0.02396185342829735,0.0019,0.9941631221087274,0.4862212254338849,0.8698344951343461,0.9941631221087274
ToN-IoT,HSJA,2,5,2048,2,137.59047770500183,22.351391315460205,-0.11845814873605032,0.23693998910185032,1.0,3.104722282591822e-05,6.209251785159888e-05,0.0027121517931016407,0.0,0.9999689527771741,0.50005,0.8815508908263836,0.9999689527771741,0.23812457058921083,0.6946564885496184,0.0028252972771585583,0.005627705627705628,-0.008979525821211235,0.004,0.9971747027228415,0.4994620587413456,0.7285712317633142,0.9971747027228415
ToN-IoT,BPDA,2,5,2048,2,137.59047770500183,39.34755825996399,-2.345471344973821,0.23693998910185032,1.0,3.104722282591822e-05,6.209251785159888e-05,0.0027121517931016407,0.0,0.9999689527771741,0.50005,0.8815508908263836,0.9999689527771741,0.26039470255158853,0.8567314614830813,0.036946195162842685,0.07083754985415798,0.040628281608496,0.0199,0.9630538048371573,0.4952223508957124,0.8182515848408355,0.9630538048371573
ToN-IoT,HSJA,2,5,2048,3,139.189190864563,22.601199865341187,-0.15162643038214574,0.2369162974721031,0.0,0.0,0.0,0.0,0.0,1.0,0.5011,0.8817408206319483,1.0,0.23843256177592456,0.8478260869565217,0.0024216833804216213,0.004829571839881118,0.009314988465911554,0.0014,0.9975783166195784,0.4973878155174019,0.8044160040646676,0.9975783166195784
ToN-IoT,BPDA,2,5,2048,3,139.189190864563,31.636144876480103,-0.29851453481485046,0.2369162974721031,0.0,0.0,0.0,0.0,0.0,1.0,0.5011,0.8817408206319483,1.0,0.2399014428202516,0.7282608695652174,0.006240491788009563,0.012374942281052794,-0.006644420600360578,0.0075,0.9937595082119904,0.46581715048588906,0.7413377377339225,0.9937595082119904
ToN-IoT,HSJA,2,10,1024,2,72.49220323562622,11.277906656265259,0.026060792721932513,0.23914331066834088,0.9895833333333334,0.002949486168462231,0.005881442501160811,0.02543381261326333,0.0001,0.9970505138315378,0.5006655034307181,0.8816630731421742,0.9970505138315378,0.23888270274112156,0.8373983739837398,0.003197863951069577,0.006371396758629222,0.009448758191446152,0.002,0.9968021360489304,0.49890563507094293,0.8027766101223589,0.9968021360489304
ToN-IoT,BPDA,2,10,1024,2,72.49220323562622,15.73354697227478,-1.724750645596912,0.23914331066834088,0.9895833333333334,0.002949486168462231,0.005881442501160811,0.02543381261326333,0.0001,0.9970505138315378,0.5006655034307181,0.8816630731421742,0.9970505138315378,0.25639081712431,0.7290969899665551,0.04060976745630104,0.07693438814222274,-0.01684090898492199,0.0486,0.9593902325436989,0.4645067698469372,0.7534199692256104,0.9593902325436989
ToN-IoT,HSJA,2,10,1024,3,73.18675398826599,11.350728511810303,0.13978061550853904,0.2391906939278353,0.9615384615384616,0.003104722282591822,0.006189459350725714,0.023196784834116954,0.0004,0.9968952777174082,0.5013000000000001,0.8817770191783421,0.9968952777174082,0.2377928877727499,0.7126436781609196,0.0019249278152069298,0.0038394847659152837,-0.0053913417810373485,0.0025,0.9980750721847931,0.47799309665000467,0.7474736562142736,0.9980750721847931
ToN-IoT,BPDA,2,10,1024,3,73.18675398826599,15.568063497543335,-2.878533014286053,0.2391906939278353,0.9615384615384616,0.003104722282591822,0.006189459350725714,0.023196784834116954,0.0004,0.9968952777174082,0.5013000000000001,0.8817770191783421,0.9968952777174082,0.2679760240706958,0.863964464186563,0.048309478717128755,0.09150249926492209,0.05008964729577331,0.0245,0.9516905212828712,0.4769515616753082,0.8099631525268755,0.9516905212828712
ToN-IoT,HSJA,2,10,2048,2,72.50709557533264,11.516839504241943,-0.021322466772488724,0.23831410362718852,0.9402985074626866,0.001955975038032848,0.003903829470814227,0.0166186703593086,0.0004,0.9980440249619672,0.5010654910118291,0.8817354439679124,0.9980440249619672,0.2385273282949134,0.6717171717171717,0.004129280635847123,0.00820810318758293,-0.014752127694165704,0.0065,0.9958707193641528,0.48152534540035397,0.7229745324654675,0.9958707193641528
ToN-IoT,BPDA,2,10,2048,2,72.50709557533264,15.61536717414856,-3.122556800682319,0.23831410362718852,0.9402985074626866,0.001955975038032848,0.003903829470814227,0.0166186703593086,0.0004,0.9980440249619672,0.5010654910118291,0.8817354439679124,0.9980440249619672,0.2695396716340117,0.8075033497096918,0.05613337886926015,0.1049698095680446,0.02472586648405793,0.0431,0.9438666211307398,0.488381806327424,0.8083428985130925,0.9438666211307398
ToN-IoT,HSJA,2,10,2048,3,73.81620955467224,11.395592212677002,0.007107488924162908,0.23705844725058636,1.0,0.00018628333695550932,0.00037249728387397175,0.006643781524081157,0.0,0.9998137166630445,0.5013000000000001,0.8817770191783421,0.9998137166630445,0.23698737236134473,1.0,9.314166847775466e-05,0.00018626598783062212,0.00469769600352079,0.0,0.9999068583315223,0.4554825856127168,0.8545982029245469,0.9999068583315223
ToN-IoT,BPDA,2,10,2048,3,73.81620955467224,15.778895378112793,-1.4736193702764826,0.23705844725058636,1.0,0.00018628333695550932,0.00037249728387397175,0.006643781524081157,0.0,0.9998137166630445,0.5013000000000001,0.8817770191783421,0.9998137166630445,0.2517946409533512,0.7730434782608696,0.027600981092241298,0.05329895980095327,0.0039202226907842225,0.0261,0.9723990189077587,0.4647697289577447,0.7603454074969657,0.9723990189077587
ToN-IoT,HSJA,2,15,1024,2,52.02221989631653,7.778261661529541,1.3693761993887554,0.2516051079153735,0.9920634920634921,0.019404514266198887,0.03806449648284053,0.0662898214079346,0.0005,0.9805954857338011,0.5013000000000001,0.8817770191783421,0.9805954857338011,0.23791134592148594,0.6296296296296297,0.0031668167282436588,0.006301936918847117,-0.019482212446964558,0.006,0.9968331832717563,0.48908621503306526,0.7028316827475902,0.9968331832717563
ToN-IoT,BPDA,2,15,1024,2,52.02221989631653,10.810699462890625,-0.9618801677367395,0.2516051079153735,0.9920634920634921,0.019404514266198887,0.03806449648284053,0.0662898214079346,0.0005,0.9805954857338011,0.5013000000000001,0.8817770191783421,0.9805954857338011,0.2612239095927409,0.7609359104781281,0.04644664534757366,0.08754937820043891,-0.001116491073873661,0.047,0.9535533546524263,0.47740869167003014,0.7769165359428997,0.9535533546524263
ToN-IoT,HSJA,2,15,1024,3,52.793691635131836,7.8096678256988525,-0.026060792721929738,0.24028050889620697,0.9863013698630136,0.004470800086932224,0.00890125173852573,0.030929387072806142,0.0002,0.9955291999130678,0.50095,0.881713676226594,0.9955291999130678,0.24054111682342627,0.8461538461538461,0.005805830668446707,0.011532531606537158,0.014174082177753193,0.0034,0.9941941693315532,0.49258061100934525,0.8045854550591901,0.9941941693315532
ToN-IoT,BPDA,2,15,1024,3,52.793691635131836,14.195628643035889,-1.1585206946385846,0.24028050889620697,0.9863013698630136,0.004470800086932224,0.00890125173852573,0.030929387072806142,0.0002,0.9955291999130678,0.50095,0.881713676226594,0.9955291999130678,0.2518657158425928,0.7118871725990598,0.03291005619547332,0.06291174550418423,-0.023025042070324624,0.0429,0.9670899438045267,0.48142140395541627,0.7385951554601816,0.9670899438045267
ToN-IoT,HSJA,2,15,2048,2,51.677191972732544,7.802197217941284,-0.13978061550853904,0.24075434149115119,0.9655172413793104,0.005215933434754261,0.010375814470555538,0.030631481918257764,0.0006,0.9947840665652458,0.5016499999999999,0.8818403831562974,0.9947840665652458,0.24215214764623658,0.7649880095923262,0.009904064081467913,0.019554956169925825,0.00044737825458674986,0.0098,0.9900959359185321,0.4567763637492627,0.7595182112852594,0.9900959359185321
ToN-IoT,BPDA,2,15,2048,2,51.677191972732544,10.096060276031494,-8.82987040678528,0.24075434149115119,0.9655172413793104,0.005215933434754261,0.010375814470555538,0.030631481918257764,0.0006,0.9947840665652458,0.5016499999999999,0.8818403831562974,0.9947840665652458,0.329053045559004,0.8451979407065506,0.14781582787419664,0.2516251783732361,0.0757890881173871,0.0872,0.8521841721258033,0.4786897621782732,0.7928988502988709,0.8521841721258033
ToN-IoT,HSJA,2,15,2048,3,52.39823532104492,7.818137884140015,-0.4193418465256227,0.23720059702906962,0.8333333333333334,0.0004657083423887733,0.000930896453284513,0.0034126113560505444,0.0003,0.9995342916576112,0.5037,0.8822119378189154,0.9995342916576112,0.24139401549432585,0.7589041095890411,0.008600080722779348,0.01700742923804261,-0.0009180794465278297,0.0088,0.9913999192772206,0.4949400229749448,0.7632813193531531,0.9913999192772206
ToN-IoT,BPDA,2,15,2048,3,52.39823532104492,10.34439730644226,-7.32782108081215,0.23720059702906962,0.8333333333333334,0.0004657083423887733,0.000930896453284513,0.0034126113560505444,0.0003,0.9995342916576112,0.5037,0.8822119378189154,0.9995342916576112,0.3104788078371911,0.8592918305947698,0.11527833835263436,0.2032849712565015,0.0764133957567836,0.0608,0.8847216616473657,0.4766236393554597,0.7929597642730143,0.8847216616473657
ToN-IoT,HSJA,2,20,1024,2,41.273913621902466,5.925241231918335,1.075599990523346,0.2521026321400649,0.9923195084485407,0.02005650594554317,0.039318320146074254,0.06747797971800154,0.0005,0.9799434940544568,0.5021522012480983,0.8819538581230375,0.9799434940544568,0.24134663223483144,0.8191126279863481,0.007451333478220373,0.014768321949418498,0.011017235434986089,0.0053,0.9925486665217796,0.48305591449594837,0.7892487571520438,0.9925486665217796
ToN-IoT,BPDA,2,20,1024,2,41.273913621902466,8.43001675605774,-3.5821744177782,0.2521026321400649,0.9923195084485407,0.02005650594554317,0.039318320146074254,0.06747797971800154,0.0005,0.9799434940544568,0.5021522012480983,0.8819538581230375,0.9799434940544568,0.2879243763178469,0.8273031316509577,0.08447949330932349,0.15330441151614174,0.04390645806565115,0.0568,0.9155205066906765,0.4808446303828123,0.7969702895441529,0.9155205066906765
ToN-IoT,HSJA,2,20,1024,3,41.69880247116089,5.962090492248535,-0.27245374209291795,0.23708213888033358,0.8181818181818182,0.000279425005433264,0.0005586592178770949,0.002092201925382357,0.0002,0.9997205749945668,0.5013154832500233,0.8817806896735708,0.9997205749945668,0.23980667630126276,0.7541666666666667,0.005619547331491198,0.01115596782643533,-0.0015859090077151717,0.0059,0.9943804526685088,0.4672384271476916,0.7551653539087078,0.9943804526685088
ToN-IoT,BPDA,2,20,1024,3,41.69880247116089,7.861058473587036,-9.540619299201591,0.23708213888033358,0.8181818181818182,0.000279425005433264,0.0005586592178770949,0.002092201925382357,0.0002,0.9997205749945668,0.5013154832500233,0.8817806896735708,0.9997205749945668,0.3324883318723495,0.8236521181001284,0.15936539476543823,0.2670586092973648,0.0592876047054022,0.1099,0.8406346052345618,0.4809259911825887,0.7969364414733853,0.8406346052345618
ToN-IoT,HSJA,2,20,2048,2,41.071929693222046,5.90131139755249,1.2295955838802137,0.25470871141225804,0.9960369881109643,0.02340960601074234,0.04574409998179943,0.07403898861409743,0.0003,0.9765903939892576,0.5024154490980782,0.881979898270458,0.9765903939892576,0.2424127555734559,0.8473053892215568,0.008786364059734857,0.017392373167808745,0.017690340839476956,0.0051,0.9912136359402651,0.4917980905957962,0.8039102653360111,0.9912136359402651
ToN-IoT,BPDA,2,20,2048,2,41.071929693222046,8.135798931121826,-4.0536378497476875,0.25470871141225804,0.9960369881109643,0.02340960601074234,0.04574409998179943,0.07403898861409743,0.0003,0.9765903939892576,0.5024154490980782,0.881979898270458,0.9765903939892576,0.2952450899097349,0.7528759244042728,0.11378807165699029,0.19769668527658657,-0.008668221028323658,0.1203,0.8862119283430098,0.4439642304945823,0.7728042391198873,0.8862119283430098
ToN-IoT,HSJA,2,20,2048,3,41.79899024963379,6.005125284194946,1.0471700348266944,0.2501125352412992,0.998211091234347,0.017324350336862367,0.0340576171875,0.06406459192901119,0.0001,0.9826756496631376,0.50225,0.8819490560667869,0.9826756496631376,0.23964083489303228,0.8248587570621468,0.00453289453258406,0.009016241585870438,0.009428143528817691,0.0031,0.9954671054674159,0.4900736781644882,0.7919560842674044,0.9954671054674159
ToN-IoT,BPDA,2,20,2048,3,41.79899024963379,8.036066055297852,-3.1770475491009034,0.2501125352412992,0.998211091234347,0.017324350336862367,0.0340576171875,0.06406459192901119,0.0001,0.9826756496631376,0.50225,0.8819490560667869,0.9826756496631376,0.28188301073230826,0.7786259541984732,0.08233723493433512,0.14892601431980906,0.010829790351968191,0.0754,0.9176627650656649,0.44671964047315965,0.7847505412218646,0.9176627650656649
ToN-IoT,HSJA,4,5,1024,2,274.4384572505951,45.94942307472229,21.201639460778505,0.44914591674761306,1.0,0.27812102207457545,0.4352029538222363,0.28921083070439557,0.0,0.7218789779254245,0.6421545189232823,0.9150454676708804,0.7218789779254245,0.237129522139828,0.6666666666666666,0.000558850010866528,0.0011167638664846755,-0.005737048438913198,0.0009,0.9994411499891335,0.47663892700797916,0.7149632574127286,0.9994411499891335
ToN-IoT,BPDA,4,5,1024,2,274.4384572505951,66.02558279037476,19.453197185434384,0.44914591674761306,1.0,0.27812102207457545,0.4352029538222363,0.28921083070439557,0.0,0.7218789779254245,0.6421545189232823,0.9150454676708804,0.7218789779254245,0.2546139448932692,0.7888631090487239,0.031668167282436585,0.060891887051519315,0.010778095688209345,0.0273,0.9683318327175634,0.4898595097643516,0.8086470492975708,0.9683318327175634
ToN-IoT,HSJA,4,5,1024,3,281.6277573108673,47.26544952392578,21.016844748750266,0.44914591674761306,1.0,0.27812102207457545,0.4352029538222363,0.28921083070439557,0.0,0.7218789779254245,0.6398442081405817,0.9146267027309019,0.7218789779254245,0.2389774692601104,0.859504132231405,0.003228911173895495,0.006433652953912775,0.012159033242437051,0.0017,0.9967710888261045,0.48329744791828366,0.8031461756588748,0.9967710888261045
ToN-IoT,BPDA,4,5,1024,3,281.6277573108673,64.02975344657898,19.915183965504987,0.44914591674761306,1.0,0.27812102207457545,0.4352029538222363,0.28921083070439557,0.0,0.7218789779254245,0.6398442081405817,0.9146267027309019,0.7218789779254245,0.2499940770925632,0.693006993006993,0.030767797820484957,0.058919706293290526,-0.030863123488779485,0.0439,0.969232202179515,0.48604330156167536,0.7778135996600257,0.969232202179515
ToN-IoT,HSJA,4,5,2048,2,275.7215600013733,46.46304726600647,21.381695846857305,0.4524390532824753,1.0,0.28243658604737804,0.440468697041592,0.29205710095745324,0.0,0.7175634139526219,0.6409632649259523,0.9148293832109957,0.7175634139526219,0.23862209481390226,0.7903225806451613,0.0030426278369399856,0.006061918164104785,0.0034773854743255328,0.0026,0.99695737216306,0.4867490903163712,0.7733779957389768,0.99695737216306
ToN-IoT,BPDA,4,5,2048,2,275.7215600013733,62.333258867263794,20.649624487668504,0.4524390532824753,1.0,0.28243658604737804,0.440468697041592,0.29205710095745324,0.0,0.7175634139526219,0.6409632649259523,0.9148293832109957,0.7175634139526219,0.24594280840579025,0.5749115218246166,0.04539103977149244,0.0841390423572744,-0.11205618603957906,0.1081,0.9546089602285076,0.46349099320065823,0.7257825067420401,0.9546089602285076
ToN-IoT,HSJA,4,5,2048,3,279.94838309288025,47.072967767715454,21.0097372598261,0.4490985334881186,1.0,0.2780589276289236,0.43512692821571725,0.2891698472559537,0.0,0.7219410723710764,0.6396998137166631,0.9146005721063435,0.7219410723710764,0.23900116088985762,0.9313725490196079,0.002949486168462231,0.005880350345083718,0.01948025832932407,0.0007,0.9970505138315378,0.49522874351889223,0.8427443069806249,0.9970505138315378
ToN-IoT,BPDA,4,5,2048,3,279.94838309288025,64.62989139556885,20.40560070127224,0.4490985334881186,1.0,0.2780589276289236,0.43512692821571725,0.2891698472559537,0.0,0.7219410723710764,0.6396998137166631,0.9146005721063435,0.7219410723710764,0.24504252647539623,0.6571952337305225,0.022260858766183365,0.04306306306306306,-0.04056593541265919,0.0374,0.9777391412338167,0.4858434024651495,0.7638621208820007,0.9777391412338167
ToN-IoT,HSJA,4,10,1024,2,142.60010623931885,22.591224908828735,21.1329337345116,0.4509701722381483,0.9997787365859055,0.280573752677823,0.4381788207913111,0.29059828454703546,0.0002,0.7194262473221771,0.6404372489055854,0.9147349416423015,0.7194262473221771,0.23964083489303228,0.844311377245509,0.004377658418454469,0.008710155670867309,0.012040291876280697,0.0026,0.9956223415815455,0.4303423002887392,0.7793110800238288,0.9956223415815455
ToN-IoT,BPDA,4,10,1024,2,142.60010623931885,28.883471488952637,14.838067710677821,0.4509701722381483,0.9997787365859055,0.280573752677823,0.4381788207913111,0.29059828454703546,0.0002,0.7194262473221771,0.6404372489055854,0.9147349416423015,0.7194262473221771,0.30258949513137007,0.7575250836120402,0.12657952746126858,0.21691362294166155,-0.004997721131690799,0.1305,0.8734204725387315,0.45440483560495515,0.7817883899335913,0.8734204725387315
ToN-IoT,HSJA,4,10,1024,3,142.50289154052734,22.61568522453308,20.4127081901964,0.45113601364637873,1.0,0.28072898879195257,0.4383893723788514,0.29093135875074294,0.0,0.7192710112080475,0.6422267161352416,0.9150585745810167,0.7192710112080475,0.2470089317444147,0.7541766109785203,0.019621844825980315,0.0382485550882077,-0.0029814419550308496,0.0206,0.9803781551740197,0.44304903598373135,0.7475962701481914,0.9803781551740197
ToN-IoT,BPDA,4,10,1024,3,142.50289154052734,30.015413284301758,17.67869411736833,0.45113601364637873,1.0,0.28072898879195257,0.4383893723788514,0.29093135875074294,0.0,0.7192710112080475,0.6422267161352416,0.9150585745810167,0.7192710112080475,0.2743490724726954,0.7430769230769231,0.07497904312459251,0.13621365520742265,-0.013590373958083348,0.0835,0.9250209568754075,0.4745881384085194,0.7610936535184032,0.9250209568754075
ToN-IoT,HSJA,4,10,2048,2,140.59424829483032,22.637118577957153,21.64230377407662,0.45369470965907743,0.9994541484716157,0.28423732497128135,0.4426019483187894,0.29266998969730296,0.0005,0.7157626750287187,0.6453311962494954,0.9156233516318921,0.7157626750287187,0.23727167191831125,0.6470588235294118,0.0010245583532553014,0.002045877247365158,-0.009491014893440727,0.0018,0.9989754416467447,0.4430472352448073,0.7325543324218868,0.9989754416467447
ToN-IoT,BPDA,4,10,2048,2,140.59424829483032,28.23168110847473,21.16610201615769,0.45369470965907743,0.9994541484716157,0.28423732497128135,0.4426019483187894,0.29266998969730296,0.0005,0.7157626750287187,0.6453311962494954,0.9156233516318921,0.7157626750287187,0.24203368949750054,0.56826801517067,0.02791145332050048,0.05320943446479832,-0.09041411384028658,0.0683,0.9720885466794995,0.42899834518302343,0.7185136460020511,0.9720885466794995
ToN-IoT,HSJA,4,10,2048,3,142.88286304473877,22.863519430160522,21.104503778814944,0.453528868250847,0.9997813490761999,0.28392685274302215,0.44225747170906277,0.29280949867112904,0.0002,0.7160731472569779,0.643334937439846,0.9152633430994384,0.7160731472569779,0.24248383046269753,0.8466076696165191,0.00891055295103853,0.017635492196141085,0.017675671622477112,0.0052,0.9910894470489615,0.45695435437300136,0.7904549433802538,0.9910894470489615
ToN-IoT,BPDA,4,10,2048,3,142.88286304473877,29.035593032836914,19.78961832784477,0.453528868250847,0.9997813490761999,0.28392685274302215,0.44225747170906277,0.29280949867112904,0.0002,0.7160731472569779,0.643334937439846,0.9152633430994384,0.7160731472569779,0.25563268497239927,0.5974827245804541,0.07516532646154801,0.1335318937701663,-0.12691908922155368,0.1631,0.924834673538452,0.4659745304107548,0.7723361467856078,0.924834673538452
ToN-IoT,HSJA,4,15,1024,2,96.88655161857605,14.964174270629883,21.104503778814944,0.4577459783458504,0.9997855227882038,0.2894532584060356,0.4489334039582029,0.29644910302125643,0.0002,0.7105467415939645,0.6466307460647645,0.9158604567038346,0.7105467415939645,0.24670094055770098,0.7349260523321957,0.02005650594554317,0.03904738878143133,-0.009657719481077274,0.0233,0.9799434940544568,0.46634406377099574,0.7439306727428485,0.9799434940544568
ToN-IoT,BPDA,4,15,1024,2,96.88655161857605,18.20155668258667,11.679973465374683,0.4577459783458504,0.9997855227882038,0.2894532584060356,0.4489334039582029,0.29644910302125643,0.0002,0.7105467415939645,0.6466307460647645,0.9158604567038346,0.7105467415939645,0.3409462436921036,0.8256935172823023,0.17280884224906082,0.2858023106546855,0.06419521754512703,0.1175,0.8271911577509392,0.48356850880188756,0.789852364296583,0.8271911577509392
ToN-IoT,HSJA,4,15,1024,3,98.41450691223145,15.162554264068604,20.51932052405885,0.45044895638370963,0.9997781967394921,0.2798907137756528,0.4373453645757532,0.2901475596703278,0.0002,0.7201092862243472,0.6435930205843088,0.9153085617908201,0.7201092862243472,0.24525575114312115,0.8076923076923077,0.014343816945574218,0.028187059577194105,0.01229683612458238,0.011,0.9856561830544258,0.4692263264925952,0.7764342316724443,0.9856561830544258
ToN-IoT,BPDA,4,15,1024,3,98.41450691223145,18.39259910583496,14.132057144210952,0.45044895638370963,0.9997781967394921,0.2798907137756528,0.4373453645757532,0.2901475596703278,0.0002,0.7201092862243472,0.6435930205843088,0.9153085617908201,0.7201092862243472,0.3091283849416001,0.7596252129471891,0.13843956658076936,0.23419732661046772,-0.003269154747875838,0.1411,0.8615604334192306,0.4501028578968612,0.7756293147688639,0.8615604334192306
ToN-IoT,HSJA,4,15,2048,2,96.80721640586853,15.10720944404602,21.28219100191902,0.45554265677935984,0.9996751137102015,0.2865969139060511,0.44547933305986537,0.29445433341662886,0.0003,0.7134030860939489,0.6455477878853736,0.9156628409358936,0.7134030860939489,0.24272074676016964,0.6991869918699187,0.013350305815144835,0.02620034121374604,-0.01827330732057703,0.0185,0.9866496941848552,0.4700960632121457,0.7300065940437986,0.9866496941848552
ToN-IoT,BPDA,4,15,2048,2,96.80721640586853,17.42004704475403,21.312990120590396,0.45554265677935984,0.9996751137102015,0.2865969139060511,0.44547933305986537,0.29445433341662886,0.0003,0.7134030860939489,0.6455477878853736,0.9156628409358936,0.7134030860939489,0.2424127555734559,0.5331997710360619,0.057840976124685646,0.10436097806906983,-0.16242275654879837,0.1631,0.9421590238753144,0.4530244372690863,0.7763065031005107,0.9421590238753144
ToN-IoT,HSJA,4,15,2048,3,98.864266872406,15.447776794433594,20.730176028809023,0.45580326470657917,0.9994594010163261,0.28700052780278806,0.4459452940325148,0.29449169780759077,0.0005,0.7129994721972119,0.6407053804837158,0.9147843797841035,0.7129994721972119,0.24850150441848895,0.7794285714285715,0.021174205967276226,0.04122838834481925,0.005593043446367346,0.0193,0.9788257940327237,0.4885430500791704,0.7687337730883224,0.9788257940327237
ToN-IoT,BPDA,4,15,2048,3,98.864266872406,19.549830198287964,14.563244805610175,0.45580326470657917,0.9994594010163261,0.28700052780278806,0.4459452940325148,0.29449169780759077,0.0005,0.7129994721972119,0.6407053804837158,0.9147843797841035,0.7129994721972119,0.3101708166504774,0.7358145210494204,0.1497718029122295,0.24888430285050947,-0.027501727685911578,0.1732,0.8502281970877705,0.4445910568474651,0.7729027456675868,0.8502281970877705
ToN-IoT,HSJA,4,20,1024,2,75.22834873199463,11.546188354492188,21.054751356345804,0.4533867184723637,0.9992350562780024,0.2838958055201962,0.44216634429400387,0.2922152466518563,0.0007,0.7161041944798038,0.643355690955944,0.915266260621512,0.7161041944798038,0.24283920490890568,0.757201646090535,0.011425377999937905,0.022511087322220524,-0.0014930556672586672,0.0118,0.9885746220000621,0.4521818823931199,0.7534989236678954,0.9885746220000621
ToN-IoT,BPDA,4,20,1024,2,75.22834873199463,13.728365182876587,17.47968442749177,0.4533867184723637,0.9992350562780024,0.2838958055201962,0.44216634429400387,0.2922152466518563,0.0007,0.7161041944798038,0.643355690955944,0.915266260621512,0.7161041944798038,0.278589874197446,0.6669831023352952,0.10906889378745072,0.18747998719180275,-0.0853422325250223,0.1754,0.8909311062125493,0.4422594212797666,0.7708882116465281,0.8909311062125493
ToN-IoT,HSJA,4,20,1024,3,76.33185935020447,11.528236865997314,21.362742543059536,0.45438176692174653,0.9990214200282701,0.2852618833245366,0.4438004153987345,0.29288760391635027,0.0009,0.7147381166754634,0.6412829085038344,0.9148890569919175,0.7147381166754634,0.24075434149115119,0.75,0.007544475146698128,0.014938677650385762,-0.0027063898066881837,0.0081,0.9924555248533019,0.43772967338321594,0.7514455178179451,0.9924555248533019
ToN-IoT,BPDA,4,20,1024,3,76.33185935020447,13.780893802642822,13.947262432182711,0.45438176692174653,0.9990214200282701,0.2852618833245366,0.4438004153987345,0.29288760391635027,0.0009,0.7147381166754634,0.6412829085038344,0.9148890569919175,0.7147381166754634,0.3149091425999194,0.755272952853598,0.15119997516222175,0.2519595416095403,-0.007800399555603383,0.1578,0.8488000248377783,0.40534909963053806,0.7540269690789434,0.8488000248377783
ToN-IoT,HSJA,4,20,2048,2,75.10217094421387,11.50106167793274,21.04527470444692,0.45570849818759035,0.9994591671173607,0.28687633891148434,0.4457953394123607,0.2944098546792583,0.0005,0.7131236610885157,0.6419894222111832,0.915016360579007,0.7131236610885157,0.24525575114312115,0.775,0.015399422521655439,0.030198788395384944,0.0034774666772406466,0.0144,0.9846005774783445,0.42829103977149247,0.751484272492108,0.9846005774783445
ToN-IoT,BPDA,4,20,2048,2,75.10217094421387,13.434169054031372,16.280887962282932,0.45570849818759035,0.9994591671173607,0.28687633891148434,0.4457953394123607,0.2944098546792583,0.0005,0.7131236610885157,0.6419894222111832,0.915016360579007,0.7131236610885157,0.29289961856476104,0.7109444742010356,0.12363004129280636,0.21063210790796086,-0.04796515216855289,0.1619,0.8763699587071937,0.448865480145301,0.7733415735202918,0.8763699587071937
ToN-IoT,HSJA,4,20,2048,3,76.47597050666809,11.585590600967407,20.554857968679663,0.45307872728564996,0.9992339680455242,0.2834921916234593,0.4416765424335502,0.29194886679180543,0.0007,0.7165078083765407,0.6489267130305194,0.9162895426763917,0.7165078083765407,0.24753014759885333,0.7545454545454545,0.0206153559564097,0.04013418356553537,-0.002930212347637417,0.0216,0.9793846440435903,0.42092544164674467,0.742913733851843,0.9793846440435903
ToN-IoT,BPDA,4,20,2048,3,76.47597050666809,12.98087739944458,16.937146106280647,0.45307872728564996,0.9992339680455242,0.2834921916234593,0.4416765424335502,0.29194886679180543,0.0007,0.7165078083765407,0.6489267130305194,0.9162895426763917,0.7165078083765407,0.2837072662228435,0.6601264796497487,0.12639324412431308,0.21216385240775484,-0.10016264744939994,0.2096,0.8736067558756869,0.40601598621503315,0.7545157570221733,0.8736067558756869
ToN-IoT,HSJA,8,5,1024,2,565.9238631725311,104.76353049278259,19.268402473406145,0.4533393352128693,0.9996718083360683,0.2837095221832407,0.4419830713422007,0.2925514396493125,0.0003,0.7162904778167593,0.640638377472135,0.9147705097884773,0.7162904778167593,0.26065531047880786,0.9140495867768595,0.03433822844546555,0.06618989197761753,0.06099599367346973,0.0104,0.9656617715545345,0.47772406004532897,0.8241642970738339,0.9656617715545345
ToN-IoT,BPDA,8,5,1024,2,565.9238631725311,135.91281294822693,18.63820512213035,0.4533393352128693,0.9996718083360683,0.2837095221832407,0.4419830713422007,0.2925514396493125,0.0003,0.7162904778167593,0.640638377472135,0.9147705097884773,0.7162904778167593,0.26695728399156576,0.6619826264690853,0.08044335434195411,0.14345430888907346,-0.0760171519162757,0.1323,0.9195566456580458,0.48301866403800175,0.7702865286813285,0.9195566456580458
ToN-IoT,HSJA,8,5,1024,3,609.1136338710785,98.31317162513733,20.848634177545076,0.4522021369850032,0.9993405868776789,0.28231239715607437,0.4402537038830251,0.2912850242568621,0.0006,0.7176876028439256,0.6403495886242976,0.9147181989529303,0.7176876028439256,0.24371579520955247,0.7064748201438849,0.015244186407525846,0.029844395818137612,-0.017226463767635675,0.0204,0.9847558135924741,0.4562167080629639,0.7324048663575086,0.9847558135924741
ToN-IoT,BPDA,8,5,1024,3,609.1136338710785,124.33145475387573,16.51780425975503,0.4522021369850032,0.9993405868776789,0.28231239715607437,0.4402537038830251,0.2912850242568621,0.0006,0.7176876028439256,0.6403495886242976,0.9147181989529303,0.7176876028439256,0.2870240943874529,0.7038750722961249,0.11335341053742742,0.1952615252968232,-0.05212302857340916,0.1536,0.8866465894625726,0.4820585535098886,0.7987784951427547,0.8866465894625726
ToN-IoT,HSJA,8,5,2048,2,570.7291309833527,98.48574495315552,21.28692932786846,0.45438176692174653,0.9995646021552194,0.285106647210407,0.4436660546912745,0.29335782900300705,0.0004,0.714893352789593,0.6421545189232823,0.9150454676708804,0.714893352789593,0.24151247364306191,0.7957317073170732,0.008103325157564656,0.016043273811353228,0.0067951881820325,0.0067,0.9918966748424354,0.4821656105436368,0.7760234405700056,0.9918966748424354
ToN-IoT,BPDA,8,5,2048,2,570.7291309833527,127.68861818313599,18.61451349238314,0.45438176692174653,0.9995646021552194,0.285106647210407,0.4436660546912745,0.29335782900300705,0.0004,0.714893352789593,0.6421545189232823,0.9150454676708804,0.714893352789593,0.26823663199791514,0.7133634602969657,0.06861436244527927,0.12518763984478998,-0.03291098835304559,0.0888,0.9313856375547207,0.47354378745071257,0.7867348785987273,0.9313856375547207
ToN-IoT,HSJA,8,5,2048,3,580.6684803962708,97.34508872032166,21.353265891160653,0.451278163424862,0.9998895027624309,0.280946319351734,0.43864368986160596,0.29095937509698355,0.0001,0.719053680648266,0.6404526638517185,0.9147365779633099,0.719053680648266,0.23774550451325546,0.7160493827160493,0.001800738923903257,0.0035924434809538556,-0.004850521107948345,0.0023,0.9981992610760967,0.47529758763078644,0.737473528627642,0.9981992610760967
ToN-IoT,BPDA,8,5,2048,3,580.6684803962708,135.10509490966797,19.9388755952522,0.451278163424862,0.9998895027624309,0.280946319351734,0.43864368986160596,0.29095937509698355,0.0001,0.719053680648266,0.6404526638517185,0.9147365779633099,0.719053680648266,0.25188940747234,0.6040843214756259,0.05694060666273402,0.10407149950347568,-0.10410446184939962,0.1202,0.943059393337266,0.49239558198019195,0.8204086149270723,0.943059393337266
ToN-IoT,HSJA,8,10,1024,2,280.6186912059784,45.84002447128296,18.751924944916958,0.45251012817171693,0.9994511525795828,0.2826849638299854,0.4407173455311116,0.29164589265646856,0.0005,0.7173150361700146,0.6438303719457295,0.91535088220024,0.7173150361700146,0.26499087872254734,0.8864970645792564,0.04219317582042286,0.08055242724201292,0.05634826964073428,0.0174,0.9578068241795772,0.39257062932720665,0.7718252617814123,0.9578068241795772
ToN-IoT,BPDA,8,10,1024,2,280.6186912059784,51.354445934295654,12.402568172664596,0.45251012817171693,0.9994511525795828,0.2826849638299854,0.4407173455311116,0.29164589265646856,0.0005,0.7173150361700146,0.6438303719457295,0.91535088220024,0.7173150361700146,0.32848444644507097,0.7091223893518017,0.2034524511782421,0.3161881785283474,-0.06719115966209303,0.2688,0.7965475488217579,0.45547151106833494,0.7770049715793934,0.7965475488217579
ToN-IoT,HSJA,8,10,1024,3,286.72983837127686,45.738311767578125,21.064228008244683,0.46681987253903195,0.9991769547325103,0.3015306280853178,0.4632593193255265,0.3037141160059703,0.0008,0.6984693719146823,0.645826411872458,0.9158292722735057,0.6984693719146823,0.2561775924565851,0.8965853658536586,0.028532397777018846,0.055304808328819885,0.049533702246671085,0.0106,0.9714676022229811,0.39723342233537207,0.7766336500411781,0.9714676022229811
ToN-IoT,BPDA,8,10,1024,3,286.72983837127686,54.60750102996826,20.502736383235803,0.46681987253903195,0.9991769547325103,0.3015306280853178,0.4632593193255265,0.3037141160059703,0.0008,0.6984693719146823,0.645826411872458,0.9158292722735057,0.6984693719146823,0.2617925087066739,0.595108695652174,0.10199012698314136,0.1741366057939516,-0.15323667202989297,0.2235,0.8980098730168586,0.384098186842187,0.7223866367810763,0.8980098730168586
ToN-IoT,HSJA,8,10,2048,2,287.0322642326355,50.97284460067749,20.327418323106443,0.45831457745978343,0.9991453904497383,0.2903846750908131,0.449987972095261,0.2963798044812308,0.0008,0.7096153249091869,0.6421216306001428,0.9150679048342651,0.7096153249091869,0.255040394228719,0.8272027373823782,0.03002266447266292,0.05794235724129666,0.025451125854427006,0.0202,0.9699773355273371,0.3874521624390698,0.7541462873307629,0.9699773355273371
ToN-IoT,BPDA,8,10,2048,2,287.0322642326355,61.48884963989258,14.191286218578975,0.45831457745978343,0.9991453904497383,0.2903846750908131,0.449987972095261,0.2963798044812308,0.0008,0.7096153249091869,0.6421216306001428,0.9150679048342651,0.7096153249091869,0.3164017152739937,0.7355047030745473,0.16265640038498555,0.26639886097833826,-0.029225334548150128,0.1884,0.8373435996150145,0.45246188798162,0.7828685255029079,0.8373435996150145
ToN-IoT,HSJA,8,10,2048,3,298.4946208000183,46.69122385978699,21.61150465540524,0.45556634840910704,0.9991346673877772,0.2867831972430066,0.44565060066579826,0.2940056844816615,0.0008,0.7132168027569934,0.6460322922164612,0.9157520628862218,0.7132168027569934,0.23945130185505462,0.7772020725388601,0.004657083423887733,0.00925868773532498,0.002250465214024832,0.0043,0.9953429165761123,0.39075285323977776,0.747670627116967,0.9953429165761123
ToN-IoT,BPDA,8,10,2048,3,298.4946208000183,54.69899106025696,19.54322537847378,0.45556634840910704,0.9991346673877772,0.2867831972430066,0.44565060066579826,0.2940056844816615,0.0008,0.7132168027569934,0.6460322922164612,0.9157520628862218,0.7132168027569934,0.2601340946243692,0.5973381009137863,0.0933589990375361,0.161480009666246,-0.1434463730348688,0.2027,0.9066410009624639,0.4044475472693967,0.7494758812314293,0.9066410009624639
ToN-IoT,HSJA,8,15,1024,2,190.8505573272705,28.94892907142639,22.225117865857992,0.4653036082352105,0.999068130047629,0.2995746530472849,0.46093582057467697,0.30231606110436077,0.0009,0.7004253469527151,0.6422781986401317,0.9150687809872341,0.7004253469527151,0.24305242957663056,0.7198641765704584,0.013164022478189326,0.02585523507530947,-0.012092136779079892,0.0165,0.9868359775218106,0.35605878325933743,0.7116409527381441,0.9868359775218106
ToN-IoT,BPDA,8,15,1024,2,190.8505573272705,30.263444423675537,22.642090549408895,0.4653036082352105,0.999068130047629,0.2995746530472849,0.46093582057467697,0.30231606110436077,0.0009,0.7004253469527151,0.6422781986401317,0.9150687809872341,0.7004253469527151,0.23888270274112156,0.5099687725198174,0.06591325405942439,0.11673815022544815,-0.1969168631437202,0.204,0.9340867459405756,0.36852296097364096,0.7325515201422377,0.9340867459405756
ToN-IoT,HSJA,8,15,1024,3,194.39843821525574,30.240360975265503,18.460517899026275,0.46084958184273495,0.9994715704924964,0.2936135862647086,0.45388879556526124,0.2988459248594853,0.0005,0.7063864137352914,0.6465221878977926,0.9158386310081174,0.7063864137352914,0.2762444028524722,0.8779599271402551,0.05985904560837033,0.11207673303298939,0.06329395113047862,0.0268,0.9401409543916297,0.3716313902946382,0.7566086689186715,0.9401409543916297
ToN-IoT,BPDA,8,15,1024,3,194.39843821525574,29.498330116271973,17.85401217749769,0.46084958184273495,0.9994715704924964,0.2936135862647086,0.45388879556526124,0.2988459248594853,0.0005,0.7063864137352914,0.6465221878977926,0.9158386310081174,0.7063864137352914,0.28230946006775803,0.61517191632604,0.15886863920022354,0.2525230093517902,-0.17234015944472597,0.3201,0.8411313607997765,0.40268095097643514,0.7547741474674002,0.8411313607997765
ToN-IoT,HSJA,8,15,2048,2,190.9980354309082,29.996124505996704,20.500367220261083,0.46355042763391696,0.9992693110647182,0.29721506411251514,0.4581588456292326,0.3009890847067229,0.0007,0.7027849358874849,0.6456921823092924,0.915689173403125,0.7027849358874849,0.2585467554313061,0.8826487845766974,0.03269272563569189,0.06305011675947549,0.04795836605846878,0.014,0.9673072743643081,0.4190727576143314,0.7825538315841069,0.9673072743643081
ToN-IoT,BPDA,8,15,2048,2,190.9980354309082,31.275540590286255,19.723281764552585,0.46355042763391696,0.9992693110647182,0.29721506411251514,0.4581588456292326,0.3009890847067229,0.0007,0.7027849358874849,0.6456921823092924,0.915689173403125,0.7027849358874849,0.2663176099883911,0.5870877192982457,0.12987053308081592,0.2126913103167743,-0.1865336041380808,0.2942,0.870129466919184,0.41935178676767365,0.7478398655855192,0.870129466919184
ToN-IoT,HSJA,8,15,2048,3,195.26932740211487,30.665889739990234,20.9978914449525,0.4616787888838873,0.999053129931615,0.2948244279549194,0.4552907896629429,0.2991905035309995,0.0009,0.7051755720450805,0.6485893135459033,0.9162210784469909,0.7051755720450805,0.2516998744343623,0.8861386138613861,0.022229811543357448,0.04337159645031347,0.04043110947731924,0.0092,0.9777701884566425,0.3905216197336149,0.7720264930319127,0.9777701884566425
ToN-IoT,BPDA,8,15,2048,3,195.26932740211487,36.55465841293335,17.110095003435283,0.4616787888838873,0.999053129931615,0.2948244279549194,0.4552907896629429,0.2991905035309995,0.0009,0.7051755720450805,0.6485893135459033,0.9162210784469909,0.7051755720450805,0.2905778388495345,0.7403948206325621,0.10829271321680276,0.18894907908992417,-0.018913941290273906,0.1223,0.8917072867831972,0.38252803408985064,0.7600345432292825,0.8917072867831972
ToN-IoT,HSJA,8,20,1024,2,145.9124367237091,21.501737594604492,21.564121395910824,0.478428771115165,0.9986304050088045,0.3169300506069732,0.48115764417524926,0.3131660354241292,0.0014,0.6830699493930268,0.6439178738861809,0.9154018374203942,0.6830699493930268,0.2627875571560568,0.8962264150943396,0.038343320190009,0.07354035787655938,0.057525902882864494,0.0143,0.961656679809991,0.36952054549970503,0.7566308685561574,0.961656679809991
ToN-IoT,BPDA,8,20,1024,2,145.9124367237091,23.200353860855103,16.38276197019593,0.478428771115165,0.9986304050088045,0.3169300506069732,0.48115764417524926,0.3131660354241292,0.0014,0.6830699493930268,0.6439178738861809,0.9154018374203942,0.6830699493930268,0.3146011514132057,0.6970316067780314,0.18007389239032567,0.2862077473476437,-0.07697821495105397,0.2521,0.8199261076096743,0.42232836008569036,0.7543631349359087,0.8199261076096743
ToN-IoT,HSJA,8,20,1024,3,148.69408011436462,22.275660514831543,22.016631524082538,0.46456916771304696,0.9985472657466017,0.29876742525381106,0.459924485016489,0.30122351406562725,0.0014,0.7012325747461889,0.6486670588965816,0.9162316430939228,0.7012325747461889,0.24440285247222157,0.7841726618705036,0.013536589152100344,0.026613764687929194,0.005730411960389292,0.012,0.9864634108478997,0.3244279052438759,0.7103299079129113,0.9864634108478997
ToN-IoT,BPDA,8,20,1024,3,148.69408011436462,22.476306915283203,21.957402449714515,0.46456916771304696,0.9985472657466017,0.29876742525381106,0.459924485016489,0.30122351406562725,0.0014,0.7012325747461889,0.6486670588965816,0.9162316430939228,0.7012325747461889,0.24499514321590182,0.51861963525172,0.14744326120028564,0.22960885751583426,-0.30262807167183586,0.4408,0.8525567387997144,0.3902290865907045,0.7449395434986787,0.8525567387997144
ToN-IoT,HSJA,8,20,2048,2,145.5129542350769,22.161990880966187,21.057120519320527,0.4790447534885925,0.9981477870930006,0.3178925145145767,0.482209715779311,0.3132505488084084,0.0019,0.6821074854854233,0.6461460445838121,0.9157691247041484,0.6821074854854233,0.2684735482953872,0.8936170212765957,0.04694340091278835,0.08920090852777204,0.06273636634058348,0.018,0.9530565990872116,0.372702789592971,0.7592727816519823,0.9530565990872116
ToN-IoT,BPDA,8,20,2048,2,145.5129542350769,21.391268253326416,24.708000663365635,0.4790447534885925,0.9981477870930006,0.3178925145145767,0.482209715779311,0.3132505488084084,0.0019,0.6821074854854233,0.6461460445838121,0.9157691247041484,0.6821074854854233,0.23196474685493615,0.4860200668896321,0.1127945605265609,0.18309646205019656,-0.30229027083869353,0.3842,0.8872054394734391,0.39329277686360953,0.7312063052875005,0.8872054394734391
ToN-IoT,HSJA,8,20,2048,3,148.68760800361633,23.145929098129272,22.672889668080266,0.4759174583619607,0.9984189723320158,0.3137011394330777,0.4774031987526282,0.31082477434682937,0.0016,0.6862988605669222,0.6446831863764786,0.9155214423149022,0.6862988605669222,0.24918856168115805,0.7997685185185185,0.02145363097270949,0.0417863514044689,0.012472346295366832,0.0173,0.9785463690272905,0.3896298317240523,0.7479624566281758,0.9785463690272905
ToN-IoT,BPDA,8,20,2048,3,148.68760800361633,23.400182008743286,17.363595441730435,0.4759174583619607,0.9984189723320158,0.3137011394330777,0.4774031987526282,0.31082477434682937,0.0016,0.6862988605669222,0.6446831863764786,0.9155214423149022,0.6862988605669222,0.30228150394465636,0.628840945176053,0.2090409512869074,0.31377574797278407,-0.18406539374683087,0.3974,0.7909590487130926,0.4220685802105001,0.7516667878990345,0.7909590487130926
ToN-IoT,HSJA,10,5,1024,2,718.5754928588867,122.82928657531738,21.424340780402282,0.454997749295174,0.999565830891132,0.2859138750038809,0.4446429433634301,0.2938898965349005,0.0004,0.7140861249961191,0.6405867800925208,0.9147582750083254,0.7140861249961191,0.24075434149115119,0.8375,0.006240491788009563,0.012388671453665753,0.013235056841583449,0.0039,0.9937595082119904,0.4601012946691918,0.7892228905306831,0.9937595082119904
ToN-IoT,BPDA,10,5,1024,2,718.5754928588867,156.48473024368286,22.026108175981424,0.454997749295174,0.999565830891132,0.2859138750038809,0.4446429433634301,0.2938898965349005,0.0004,0.7140861249961191,0.6405867800925208,0.9147582750083254,0.7140861249961191,0.23473666753535977,0.4862850327966607,0.05063802042907262,0.09172454517335434,-0.19126632506195393,0.1723,0.9493619795709274,0.4552973734049489,0.785639041743663,0.9493619795709274
ToN-IoT,HSJA,10,5,1024,3,734.5634078979492,123.33287763595581,20.53353550190718,0.4528891942476723,0.9995615957913196,0.28315067217237416,0.4412938814022694,0.2920680552729643,0.0004,0.7168493278276258,0.6405094430128225,0.9147480181684742,0.7168493278276258,0.24755383922860053,0.7519640852974186,0.020801639293365207,0.0404833836858006,-0.003840391383595526,0.0221,0.9791983607066348,0.47012450712533765,0.7522723219967452,0.9791983607066348
ToN-IoT,BPDA,10,5,1024,3,734.5634078979492,153.60842633247375,16.378023644246493,0.4528891942476723,0.9995615957913196,0.28315067217237416,0.4412938814022694,0.2920680552729643,0.0004,0.7168493278276258,0.6405094430128225,0.9147480181684742,0.7168493278276258,0.2891089578052074,0.6753143402833042,0.131733366450371,0.2204613945754962,-0.0863253767036162,0.204,0.868266633549629,0.509972676891552,0.8076076267653696,0.868266633549629
ToN-IoT,HSJA,10,5,2048,2,723.3683776855469,124.46781897544861,20.91970906678671,0.44999881541851267,0.9997777283840854,0.2793008165419603,0.4366248452932754,0.28975821463270224,0.0002,0.7206991834580396,0.6411895743425751,0.9148911440837246,0.7206991834580396,0.2408017247506456,0.8333333333333334,0.006364680679313235,0.012632876290248035,0.012650123855393321,0.0041,0.9936353193206867,0.4614547145207861,0.7873719762999015,0.9936353193206867
ToN-IoT,BPDA,10,5,2048,2,723.3683776855469,150.49705982208252,20.16157691487598,0.44999881541851267,0.9997777283840854,0.2793008165419603,0.4366248452932754,0.28975821463270224,0.0002,0.7206991834580396,0.6411895743425751,0.9148911440837246,0.7206991834580396,0.24838304626975288,0.5912518853695324,0.04868204539103977,0.08995725882791658,-0.1046393688634283,0.1084,0.9513179546089602,0.433223951380049,0.7528132599446834,0.9513179546089602
ToN-IoT,HSJA,10,5,2048,3,739.6806988716125,125.36084532737732,21.43381743230117,0.4551635907034045,0.9993495229835212,0.28619330000931414,0.44495933193348297,0.29384529689721656,0.0006,0.7138066999906858,0.6419740258933838,0.9150127058402886,0.7138066999906858,0.24082541638039281,0.8602620087336245,0.00611630289670589,0.012146248227387631,0.016880382824877124,0.0032,0.9938836971032942,0.49019042503648047,0.8114185640888458,0.9938836971032942
ToN-IoT,BPDA,10,5,2048,3,739.6806988716125,166.9199526309967,21.187424482930183,0.4551635907034045,0.9993495229835212,0.28619330000931414,0.44495933193348297,0.29384529689721656,0.0006,0.7138066999906858,0.6419740258933838,0.9150127058402886,0.7138066999906858,0.24328934587410267,0.5375174337517433,0.059827998385544416,0.10767167681734369,-0.16162426165539845,0.1658,0.9401720016144556,0.45764103511440907,0.7511851894503683,0.9401720016144556
ToN-IoT,HSJA,10,10,1024,2,356.019490480423,57.39794898033142,20.552488805704943,0.45575588144708473,0.9993512812195913,0.28696948057996213,0.44589705243861255,0.29435699537112775,0.0006,0.7130305194200379,0.6418912415784408,0.9150011254369563,0.7130305194200379,0.2502309933900353,0.8393719806763285,0.021577819864013165,0.04207403819959439,0.025379843099935743,0.0133,0.9784221801359868,0.3782813142289422,0.752185186924214,0.9784221801359868
ToN-IoT,BPDA,10,10,1024,2,356.019490480423,64.72595548629761,18.413134639531854,0.45575588144708473,0.9993512812195913,0.28696948057996213,0.44589705243861255,0.29435699537112775,0.0006,0.7130305194200379,0.6418912415784408,0.9150011254369563,0.7130305194200379,0.2716245350517662,0.6204967922355651,0.11711012449936353,0.19703301295445047,-0.13755557345537195,0.2307,0.8828898755006365,0.40689468471545226,0.7773721038479191,0.8828898755006365
ToN-IoT,HSJA,10,10,1024,3,362.60038590431213,58.07317757606506,16.82342628349404,0.45720107086166456,0.9994628276751182,0.2888323139495172,0.4481537683358624,0.2956985545683862,0.0005,0.7111676860504828,0.6470845586637275,0.9159405078970742,0.7111676860504828,0.28896680802672414,0.8975750995294969,0.07699711260827719,0.14182774791261582,0.08371434902644022,0.0283,0.9230028873917228,0.4468812692104691,0.7971628760843429,0.9230028873917228
ToN-IoT,BPDA,10,10,1024,3,362.60038590431213,68.59856534004211,9.021772607737683,0.45720107086166456,0.9994628276751182,0.2888323139495172,0.4481537683358624,0.2956985545683862,0.0005,0.7111676860504828,0.6470845586637275,0.9159405078970742,0.7111676860504828,0.36698334478428773,0.7284454061251664,0.27175634139526217,0.39583945732052006,-0.05139250572760699,0.3263,0.7282436586047378,0.4523503120245894,0.7605386114701669,0.7282436586047378
ToN-IoT,HSJA,10,10,2048,2,354.43079233169556,57.25139856338501,20.853372503494512,0.4565850884882371,0.9994613229907348,0.28802508615604333,0.4471813164300692,0.29516679462429396,0.0005,0.7119749138439566,0.6461501443695861,0.9157761036749543,0.7119749138439566,0.24805136345329196,0.8067885117493473,0.01918718370641746,0.03748294162244124,0.01397444160214595,0.0148,0.9808128162935825,0.37087099878915836,0.7394791615908292,0.9808128162935825
ToN-IoT,BPDA,10,10,2048,2,354.43079233169556,63.41016983985901,14.06572058091876,0.4565850884882371,0.9994613229907348,0.28802508615604333,0.4471813164300692,0.29516679462429396,0.0005,0.7119749138439566,0.6461501443695861,0.9157761036749543,0.7119749138439566,0.3159278826790495,0.6973139273458763,0.18296128411313609,0.2898671913428431,-0.07739421439299526,0.2558,0.8170387158868639,0.4361564516129032,0.7628496637660135,0.8170387158868639
ToN-IoT,HSJA,10,10,2048,3,362.3883550167084,60.0957670211792,21.985832405411166,0.4598308417636049,0.9993631249336589,0.29230960290602004,0.45231803987509006,0.29787453792750057,0.0006,0.70769039709398,0.6470278307305412,0.9159329865745449,0.70769039709398,0.23997251770949324,0.774468085106383,0.005650594554317117,0.011219331771668105,0.002003409258637306,0.0053,0.9943494054456828,0.3603685817628613,0.7293745326922096,0.9943494054456828
ToN-IoT,BPDA,10,10,2048,3,362.3883550167084,62.18985414505005,19.95782889904996,0.4598308417636049,0.9993631249336589,0.29230960290602004,0.45231803987509006,0.29787453792750057,0.0006,0.70769039709398,0.6470278307305412,0.9159329865745449,0.70769039709398,0.2602525527731053,0.5946933282061142,0.09602906020056506,0.1653568564554932,-0.14846679178078448,0.2108,0.903970939799435,0.4135182775000777,0.7649588591942255,0.903970939799435
ToN-IoT,HSJA,10,15,1024,2,239.48912930488586,38.354697704315186,21.632827122177737,0.46347935274467533,0.9985402981962256,0.2973392530038188,0.4582296650717703,0.3002828881149984,0.0014,0.7026607469961812,0.6485530022664473,0.9162124338145738,0.7026607469961812,0.24715108152289797,0.7967032967032966,0.01800738923903257,0.035218750948781005,0.010474902518935934,0.0148,0.9819926107609674,0.41767153124902995,0.7561199946020425,0.9819926107609674
ToN-IoT,BPDA,10,15,1024,2,239.48912930488586,34.46156167984009,17.524698524011466,0.46347935274467533,0.9985402981962256,0.2973392530038188,0.4582296650717703,0.3002828881149984,0.0014,0.7026607469961812,0.6485530022664473,0.9162124338145738,0.7026607469961812,0.28823236750456066,0.6432918761577137,0.1509515973796144,0.2445243543641713,-0.1315797891943497,0.2696,0.8490484026203856,0.39112994038933224,0.7389286174024943,0.8490484026203856
ToN-IoT,HSJA,10,15,1024,3,245.06315183639526,38.82350420951843,20.175791892724305,0.46355042763391696,0.9987486965589155,0.29737030022664473,0.45828847580085647,0.3005283876276753,0.0012,0.7026296997733553,0.6436976652488435,0.9153495242309941,0.7026296997733553,0.2617925087066739,0.9038461538461539,0.03648048682045391,0.07013041272493957,0.0590154207966965,0.0125,0.9635195131795461,0.3610413129870533,0.7541670624593348,0.9635195131795461
ToN-IoT,BPDA,10,15,1024,3,245.06315183639526,38.36939287185669,20.772820962354004,0.46355042763391696,0.9987486965589155,0.29737030022664473,0.45828847580085647,0.3005283876276753,0.0012,0.7026296997733553,0.6436976652488435,0.9153495242309941,0.7026296997733553,0.2558222180103769,0.5604362314450166,0.11487472445589741,0.19066759423874674,-0.2052237875379385,0.2902,0.8851252755441026,0.3924280139091559,0.7391863180491013,0.8851252755441026
ToN-IoT,HSJA,10,15,2048,2,239.8444859981537,37.922390937805176,21.16373285318297,0.4703736170011135,0.99878517918607,0.30631190040050915,0.4688383586380593,0.30641053133623275,0.0012,0.6936880995994908,0.6481299357322488,0.9161814996980107,0.6936880995994908,0.2587362884692838,0.8847117794486216,0.032879008972647394,0.0634017841106388,0.04886994872848117,0.0138,0.9671209910273526,0.3713167282436586,0.7560469546175456,0.9671209910273526
ToN-IoT,BPDA,10,15,2048,2,239.8444859981537,36.68718361854553,20.220805989244,0.4703736170011135,0.99878517918607,0.30631190040050915,0.4688383586380593,0.30641053133623275,0.0012,0.6936880995994908,0.6481299357322488,0.9161814996980107,0.6936880995994908,0.2681655571086735,0.6078142880496976,0.11543357446676394,0.19401972551270677,-0.15033708447814267,0.2399,0.8845664255332361,0.3767077928529294,0.7430770273443246,0.8845664255332361
ToN-IoT,HSJA,10,15,2048,3,244.9139266014099,38.900310039520264,19.770665024047005,0.46122864791869034,0.9989460370994941,0.2942655779440529,0.4546130417056383,0.29870953748870377,0.001,0.705734422055947,0.6450034074327051,0.9155734984430933,0.705734422055947,0.26352199767822027,0.8721007289595759,0.04085814523890838,0.07805919686814164,0.04936943870926629,0.0193,0.9591418547610916,0.3695444456518364,0.7530359442043182,0.9591418547610916
ToN-IoT,BPDA,10,15,2048,3,244.9139266014099,38.9427056312561,16.828164609443487,0.46122864791869034,0.9989460370994941,0.2942655779440529,0.4546130417056383,0.29870953748870377,0.001,0.705734422055947,0.6450034074327051,0.9155734984430933,0.705734422055947,0.2929470018242555,0.6253312135665077,0.18317861467291752,0.28335414465469216,-0.17382895709560886,0.3535,0.8168213853270825,0.4068469076966066,0.7621914106514706,0.8168213853270825
ToN-IoT,HSJA,10,20,1024,2,181.98073816299438,27.62083125114441,23.727167191831125,0.47928166978606457,0.9977617750097314,0.31832717563413954,0.48266446981287514,0.3130986119221213,0.0023,0.6816728243658605,0.648011546462169,0.9161133481833819,0.6816728243658605,0.24200999786775332,0.7694235588972431,0.009531497407556894,0.0188297350343474,0.0014566064391044293,0.0092,0.9904685025924431,0.32780382812257447,0.7114243797929513,0.9904685025924431
ToN-IoT,BPDA,10,20,1024,2,181.98073816299438,22.069162607192993,21.407756639579233,0.47928166978606457,0.9977617750097314,0.31832717563413954,0.48266446981287514,0.3130986119221213,0.0023,0.6816728243658605,0.648011546462169,0.9161133481833819,0.6816728243658605,0.26520410339027223,0.5613188167625308,0.16967307274364307,0.26057933007509837,-0.25983108367993984,0.4271,0.8303269272563569,0.3732242059672762,0.7396822906143563,0.8303269272563569
ToN-IoT,HSJA,10,20,1024,3,186.6164083480835,28.739805221557617,21.94555663484091,0.4653746831244521,0.9988618727366787,0.2997298891614145,0.4610975784496346,0.3021937646062439,0.0011,0.7002701108385855,0.6539370113943307,0.9171999373094197,0.7002701108385855,0.24591911677604303,0.7818991097922848,0.016361886429258902,0.03205303652343156,0.005637063232879366,0.0147,0.983638113570741,0.36950287342047244,0.7323858524457753,0.983638113570741
ToN-IoT,BPDA,10,20,1024,3,186.6164083480835,29.63544988632202,20.65436281361795,0.4653746831244521,0.9988618727366787,0.2997298891614145,0.4610975784496346,0.3021937646062439,0.0011,0.7002701108385855,0.6539370113943307,0.9171999373094197,0.7002701108385855,0.25883105498827264,0.5746569814366425,0.11052811326026887,0.1853973544422456,-0.18379932346508185,0.2635,0.8894718867397311,0.3595676581079822,0.7335602656730468,0.8894718867397311
ToN-IoT,HSJA,10,20,2048,2,182.26959204673767,28.393240928649902,22.049799805728636,0.47809708829870406,0.997848200312989,0.3167437672700177,0.4808521669455377,0.3121663646087321,0.0022,0.6832562327299823,0.6495968487068833,0.9164094870615985,0.6832562327299823,0.2575990902414177,0.8914798206278027,0.03086093948896271,0.05965670387708558,0.04974123470826524,0.0121,0.9691390605110373,0.3334487596634481,0.7327395033944448,0.9691390605110373
ToN-IoT,BPDA,10,20,2048,2,182.26959204673767,25.01591682434082,19.168897628467864,0.47809708829870406,0.997848200312989,0.3167437672700177,0.4808521669455377,0.3121663646087321,0.0022,0.6832562327299823,0.6495968487068833,0.9164094870615985,0.6832562327299823,0.28640811201402544,0.6031604938271605,0.18960538979788258,0.2885151414938347,-0.2112910977322324,0.4018,0.8103946102021174,0.4070783088577727,0.74758831774343,0.8103946102021174
ToN-IoT,HSJA,10,20,2048,3,186.20240759849548,28.1314799785614,23.021156625364256,0.4782629297069345,0.9987271125036717,0.3166816728243659,0.48088256093536375,0.3131126134226778,0.0013,0.6833183271756341,0.644505184886212,0.9154771118871614,0.6833183271756341,0.24805136345329196,0.8435672514619883,0.017914247570554813,0.035083452406287054,0.024293874920534145,0.0107,0.9820857524294452,0.3829192911919028,0.7531795806481986,0.9820857524294452
ToN-IoT,BPDA,10,20,2048,3,186.20240759849548,23.219347953796387,17.891918785093225,0.4782629297069345,0.9987271125036717,0.3166816728243659,0.48088256093536375,0.3131126134226778,0.0013,0.6833183271756341,0.644505184886212,0.9154771118871614,0.6833183271756341,0.29934374185600227,0.6413778302392961,0.1855692508305132,0.2878539780389135,-0.15236341386720378,0.3342,0.8144307491694868,0.3956015632276693,0.7558289713294642,0.8144307491694868
