Dataset,Attack,Resolution,AddressSize,BloomSize,Hash,TrainTime_s,InferTime_Adv_s,Acc_Drop_pp,Clean_Acc,Clean_Precision,Clean_Recall,Clean_F1,Clean_MCC,Clean_FAR,Clean_ASR,Clean_AUC,Clean_PR_AUC,Clean_F1_Macro,Clean_Miss_ddos,Clean_Miss_dos,Clean_Miss_reconnaissance,Clean_Miss_theft,Adv_Acc,Adv_Precision,Adv_Recall,Adv_F1,Adv_MCC,Adv_FAR,Adv_ASR,Adv_AUC,Adv_PR_AUC,Adv_F1_Macro,Adv_Miss_ddos,Adv_Miss_dos,Adv_Miss_reconnaissance,Adv_Miss_theft
Bot-IoT,FGSM,1,5,1024,2,4.094629526138306,13.925642013549805,1.4092825470669479,0.5494112088391364,0.6991982228243201,0.5494112088391364,0.41367624942087444,0.1701307460605382,0.2,0.0,0.6984459608825404,0.27661220325304314,0.3981533158760518,0.0,0.0,0.0,0.0,0.5353183833684669,0.5481152782094489,0.5353183833684669,0.42707923662871056,0.062423555331547656,0.9333333333333333,0.0,0.6881815307480272,0.4789723894529576,0.21829531758366955,0.0,0.0,0.0,0.0
Bot-IoT,RANDOM_LINF,1,5,1024,2,4.094629526138306,17.48524785041809,1.3638511303336487,0.5494112088391364,0.6991982228243201,0.5494112088391364,0.41367624942087444,0.1701307460605382,0.2,0.0,0.6984459608825404,0.27661220325304314,0.3981533158760518,0.0,0.0,0.0,0.0,0.5357726975357999,0.5513786592505774,0.5357726975357999,0.4255569602613218,0.06681686077390124,0.7333333333333333,0.0,0.6700144254097061,0.24931231749779062,0.2918549139422114,0.0,0.0,0.0,0.0
Bot-IoT,RANDOM_L2,1,5,1024,2,4.094629526138306,13.198679447174072,4.4813549465726465,0.5494112088391364,0.6991982228243201,0.5494112088391364,0.41367624942087444,0.1701307460605382,0.2,0.0,0.6984459608825404,0.27661220325304314,0.3981533158760518,0.0,0.0,0.0,0.0,0.50459765937341,0.5140335784901251,0.50459765937341,0.4363124456516742,0.04788581551686102,0.7333333333333333,0.0026353813578575257,0.697590040669767,0.22340900924305132,0.1997429618485058,0.002146108447705914,0.0032278889606197547,0.0022279985146676567,0.0
Bot-IoT,FGSM,1,5,1024,3,3.8245022296905518,11.917176246643066,26.02129824816457,0.7018245256960093,0.7995882252698269,0.7018245256960093,0.665945023067725,0.48681774302723135,0.2,0.0,0.6549222832806587,0.26069948280690775,0.5074387649971159,0.0,0.0,0.0,0.0,0.4416115432143636,0.4323318973233344,0.4416115432143636,0.4171050382264689,-0.12678887094305039,0.9333333333333333,0.0,0.6303313667482884,0.45511184162907714,0.2182064996944845,0.0,0.0,0.0,0.0
Bot-IoT,RANDOM_LINF,1,5,1024,3,3.8245022296905518,17.49557065963745,13.612161081631168,0.7018245256960093,0.7995882252698269,0.7018245256960093,0.665945023067725,0.48681774302723135,0.2,0.0,0.6549222832806587,0.26069948280690775,0.5074387649971159,0.0,0.0,0.0,0.0,0.5657029148796976,0.5680977842830566,0.5657029148796976,0.5616019118624583,0.14908115236716135,0.8,1.817504384729328e-05,0.6620403208278909,0.4315395261181191,0.33298180744319034,0.0,0.0,0.0007426661715558856,0.0
Bot-IoT,RANDOM_L2,1,5,1024,3,3.8245022296905518,12.357455730438232,18.457875990404883,0.7018245256960093,0.7995882252698269,0.7018245256960093,0.665945023067725,0.48681774302723135,0.2,0.0,0.6549222832806587,0.26069948280690775,0.5074387649971159,0.0,0.0,0.0,0.0,0.5172457657919605,0.5314584907677887,0.5172457657919605,0.5184147368511515,0.09596349743918861,0.8666666666666667,0.003416908243291137,0.6689906785713702,0.2131385673621624,0.23490487292023685,0.0025441769501029785,0.004418173014848289,0.003713330857779428,0.0
Bot-IoT,FGSM,1,5,2048,2,3.9827632904052734,11.903929471969604,-5.58170385985316,0.6583103147488552,0.7796284643065665,0.6583103147488552,0.6043216628490643,0.4121697718934186,0.2,0.0,0.6455361121514538,0.2615344695692566,0.4809822660943183,0.0,0.0,0.0,0.0,0.7141273533473868,0.7229011786841353,0.7141273533473868,0.704617386454053,0.43940876420452063,0.9333333333333333,0.0,0.6201949042814376,0.4382523494375456,0.3391419698958765,0.0,0.0,0.0,0.0
Bot-IoT,RANDOM_LINF,1,5,2048,2,3.9827632904052734,16.556154251098633,13.080613505851568,0.6583103147488552,0.7796284643065665,0.6583103147488552,0.6043216628490643,0.4121697718934186,0.2,0.0,0.6455361121514538,0.2615344695692566,0.4809822660943183,0.0,0.0,0.0,0.0,0.5275041796903395,0.5371814494148854,0.5275041796903395,0.5241379933063302,0.07528516243318527,0.7333333333333333,9.08752192364664e-06,0.6535249808998662,0.431011231988981,0.335152805274573,0.0,0.0,0.0003713330857779428,0.0
Bot-IoT,RANDOM_L2,1,5,2048,2,3.9827632904052734,11.195512533187866,15.424874609289818,0.6583103147488552,0.7796284643065665,0.6583103147488552,0.6043216628490643,0.4121697718934186,0.2,0.0,0.6455361121514538,0.2615344695692566,0.4809822660943183,0.0,0.0,0.0,0.0,0.504061568655957,0.5133759032367482,0.504061568655957,0.5025545727281725,0.06479714270373406,0.8666666666666667,0.0023354931343771866,0.6825395420589297,0.22338573227614028,0.22936002573582162,0.001817269250073556,0.002884925758553906,0.0033419977720014855,0.0
Bot-IoT,FGSM,1,5,2048,3,3.9168684482574463,12.747529029846191,7.532528894381047,0.5357817838191467,0.6110902758467804,0.5357817838191467,0.38460011627711316,0.11630660355595752,0.2,0.0,0.6760075510368674,0.2699306027030174,0.3854507070088827,0.0,0.0,0.0,0.0,0.4604564948753362,0.48814441750877746,0.4604564948753362,0.38685021000974507,0.025396638798395467,0.9333333333333333,0.0,0.665072378580749,0.45570074009945155,0.19190147231597676,0.0,0.0,0.0,0.0
Bot-IoT,RANDOM_LINF,1,5,2048,3,3.9168684482574463,17.20943021774292,10.123028276513779,0.5357817838191467,0.6110902758467804,0.5357817838191467,0.38460011627711316,0.11630660355595752,0.2,0.0,0.6760075510368674,0.2699306027030174,0.3854507070088827,0.0,0.0,0.0,0.0,0.43455150105400886,0.5155313268268006,0.43455150105400886,0.38318094145193293,0.05720655966151104,0.7333333333333333,9.08752192364664e-06,0.6705039363306081,0.43336323842224544,0.24727121729291462,0.0,0.0,0.0003713330857779428,0.0
Bot-IoT,RANDOM_L2,1,5,2048,3,3.9168684482574463,12.305005550384521,10.159373409900418,0.5357817838191467,0.6110902758467804,0.5357817838191467,0.38460011627711316,0.11630660355595752,0.2,0.0,0.6760075510368674,0.2699306027030174,0.3854507070088827,0.0,0.0,0.0,0.0,0.43418804972014247,0.5081537572011676,0.43418804972014247,0.39952201253475406,0.05031077794248018,0.8,0.003316945502131024,0.6767714786261786,0.22385302902232365,0.1802112503712244,0.0028037868429706294,0.0039541639767592,0.0025993316004456,0.0
Bot-IoT,FGSM,1,10,1024,2,3.300259590148926,7.779104471206665,18.732281747474012,0.7018154394126627,0.7995844852049016,0.7018154394126627,0.6659364247924421,0.4867947479024776,0.26666666666666666,0.0,0.6417575397361421,0.26073189987201817,0.4988906997819633,0.0,0.0,0.0,0.0,0.5144926219379226,0.5114868569667972,0.5144926219379226,0.48412821848060766,0.02320233501440657,1.0,0.0,0.6833339318728654,0.4620328274088966,0.42056894175422793,0.0,0.0,0.0,0.0
Bot-IoT,RANDOM_LINF,1,10,1024,2,3.300259590148926,11.464010238647461,13.821145598604346,0.7018154394126627,0.7995844852049016,0.7018154394126627,0.6659364247924421,0.4867947479024776,0.26666666666666666,0.0,0.6417575397361421,0.26073189987201817,0.4988906997819633,0.0,0.0,0.0,0.0,0.5636039834266192,0.571827892304824,0.5636039834266192,0.5580841887526419,0.14329380303966024,0.8,0.0,0.6550654157086588,0.28322783736067325,0.3190755926159087,0.0,0.0,0.0,0.0
Bot-IoT,RANDOM_L2,1,10,1024,2,3.300259590148926,8.863149881362915,18.41607908701025,0.7018154394126627,0.7995844852049016,0.7018154394126627,0.6659364247924421,0.4867947479024776,0.26666666666666666,0.0,0.6417575397361421,0.26073189987201817,0.4988906997819633,0.0,0.0,0.0,0.0,0.5176546485425602,0.5219747121890544,0.5176546485425602,0.516451756628001,0.08049761146888082,0.8666666666666667,0.0011450277623794767,0.6419390539880644,0.20587316084221546,0.23352728402298414,0.0008307516571764828,0.001472724338282763,0.001856665428889714,0.0
Bot-IoT,FGSM,1,10,1024,3,3.0417611598968506,8.194102048873901,1.3974703787162812,0.5357726975357999,0.6110873274498239,0.5357726975357999,0.38458507023780486,0.1162301737260939,0.2,0.0,0.6524210725117436,0.37030581512701904,0.3853448157680107,0.0,0.0,0.0,0.0,0.5217979937486371,0.5303708847096811,0.5217979937486371,0.4130509690715038,0.03470168940107169,0.9333333333333333,0.013631282885469961,0.7431221959525234,0.4924540416407952,0.18751377314818812,0.016840028384014955,0.010208198837959974,0.007797994801336799,0.0
Bot-IoT,RANDOM_LINF,1,10,1024,3,3.0417611598968506,10.423853635787964,5.306389474449369,0.5357726975357999,0.6110873274498239,0.5357726975357999,0.38458507023780486,0.1162301737260939,0.2,0.0,0.6524210725117436,0.37030581512701904,0.3853448157680107,0.0,0.0,0.0,0.0,0.48270880279130624,0.5196010243252884,0.48270880279130624,0.38180401078758835,0.0428580354179489,0.6,0.052289601148662775,0.6741764441626421,0.3094031698958706,0.16051209135074535,0.03786842970629468,0.07081181407359587,0.0207946528035648,0.0
Bot-IoT,RANDOM_L2,1,10,1024,3,3.0417611598968506,9.764823198318481,6.941011848513479,0.5357726975357999,0.6110873274498239,0.5357726975357999,0.38458507023780486,0.1162301737260939,0.2,0.0,0.6524210725117436,0.37030581512701904,0.3853448157680107,0.0,0.0,0.0,0.0,0.46636257905066514,0.49812667871246596,0.46636257905066514,0.39089902119769854,0.02892858804932507,0.3333333333333333,0.04202978889686571,0.6447768320661197,0.21931336590639053,0.16656327188730066,0.0338358227037505,0.052755810200129115,0.020423319717786857,0.0
Bot-IoT,FGSM,1,10,2048,2,3.442392110824585,8.044498205184937,4.122446754379583,0.5357726975357999,0.6110873274498239,0.5357726975357999,0.38458507023780486,0.1162301737260939,0.2,0.0,0.7424623353615025,0.3904021890034026,0.3853448157680107,0.0,0.0,0.0,0.0,0.4945482299920041,0.4247642965649331,0.4945482299920041,0.3862972309759244,-0.0812777913279029,0.9333333333333333,0.0,0.6743879135494312,0.2482728177649623,0.20112411709079964,0.0,0.0,0.0,0.0
Bot-IoT,RANDOM_LINF,1,10,2048,2,3.442392110824585,11.170847415924072,0.8304862978847138,0.5357726975357999,0.6110873274498239,0.5357726975357999,0.38458507023780486,0.1162301737260939,0.2,0.0,0.7424623353615025,0.3904021890034026,0.3853448157680107,0.0,0.0,0.0,0.0,0.5274678345569528,0.5175053428789325,0.5274678345569528,0.3992183222494621,0.03320011325864074,0.6666666666666666,4.5437609618233205e-05,0.6930868865254171,0.24578637865418385,0.27193167595534246,0.0,0.0,0.001856665428889714,0.0
Bot-IoT,RANDOM_L2,1,10,2048,2,3.442392110824585,8.806199312210083,3.331031474885504,0.5357726975357999,0.6110873274498239,0.5357726975357999,0.38458507023780486,0.1162301737260939,0.2,0.0,0.7424623353615025,0.3904021890034026,0.3853448157680107,0.0,0.0,0.0,0.0,0.5024623827869449,0.48796335652530626,0.5024623827869449,0.4113888410835779,0.018566560488215467,0.8666666666666667,0.002308230568606247,0.710110210200863,0.207113945290114,0.1861485133920935,0.0017999619238823793,0.002925274370561653,0.001856665428889714,0.0
Bot-IoT,FGSM,1,10,2048,3,3.086195707321167,6.783585786819458,6.8792251217562,0.5357817838191467,0.6110902758467804,0.5357817838191467,0.38460011627711316,0.11630660355595752,0.2,0.0,0.6842990150807831,0.2673385646160437,0.3854507070088827,0.0,0.0,0.0,0.0,0.46698953260158466,0.4290897301436698,0.46698953260158466,0.4260112961368997,0.19599755812306585,0.9333333333333333,0.0,0.6197626761285583,0.4210370797130933,0.19680480985979404,0.0,0.0,0.0,0.0
Bot-IoT,RANDOM_LINF,1,10,2048,3,3.086195707321167,8.171142101287842,18.038998328123867,0.5357817838191467,0.6110902758467804,0.5357817838191467,0.38460011627711316,0.11630660355595752,0.2,0.0,0.6842990150807831,0.2673385646160437,0.3854507070088827,0.0,0.0,0.0,0.0,0.355391800537908,0.547219322236695,0.355391800537908,0.3354457676874679,0.028633968069862917,0.6666666666666666,9.08752192364664e-06,0.6750289095233233,0.2419413824544953,0.23836766297981246,0.0,0.0,0.0003713330857779428,0.0
Bot-IoT,RANDOM_L2,1,10,2048,3,3.086195707321167,7.386814117431641,14.39267282110926,0.5357817838191467,0.6110902758467804,0.5357817838191467,0.38460011627711316,0.11630660355595752,0.2,0.0,0.6842990150807831,0.2673385646160437,0.3854507070088827,0.0,0.0,0.0,0.0,0.39185505560805406,0.5269990261432128,0.39185505560805406,0.36069650295651184,0.03907861531126384,0.8666666666666667,0.00232640561245354,0.6927354314494527,0.21163170276983873,0.15909496711857665,0.0020422644905588538,0.0026630083925112975,0.0022279985146676567,0.0
Bot-IoT,FGSM,1,15,1024,2,3.113461971282959,5.566673517227173,9.197136003489137,0.6583375735988951,0.7797522970621565,0.6583375735988951,0.6043427638160531,0.4122846904664544,0.26666666666666666,0.0,0.7266304751498055,0.28758566354488246,0.47244629819888184,0.0,0.0,0.0,0.0,0.5663662135640037,0.6680447099307267,0.5663662135640037,0.4602943997722728,0.18717789617288275,1.0,0.0,0.8022052437091365,0.5276063315910569,0.20654533633243438,0.0,0.0,0.0,0.0
Bot-IoT,RANDOM_LINF,1,15,1024,2,3.113461971282959,7.28598427772522,10.822672094206586,0.6583375735988951,0.7797522970621565,0.6583375735988951,0.6043427638160531,0.4122846904664544,0.26666666666666666,0.0,0.7266304751498055,0.28758566354488246,0.47244629819888184,0.0,0.0,0.0,0.0,0.5501108526568292,0.5744216447819358,0.5501108526568292,0.467256179407085,0.10830036962844403,0.7333333333333333,0.0,0.6891080952964022,0.3359060980119884,0.3101614123205034,0.0,0.0,0.0,0.0
Bot-IoT,RANDOM_L2,1,15,1024,2,3.113461971282959,6.716768264770508,13.862942501998987,0.6583375735988951,0.7797522970621565,0.6583375735988951,0.6043427638160531,0.4122846904664544,0.26666666666666666,0.0,0.7266304751498055,0.28758566354488246,0.47244629819888184,0.0,0.0,0.0,0.0,0.5197081485789052,0.5214770926435728,0.5197081485789052,0.4323652664240447,0.054824860201764004,0.8666666666666667,0.0022173553493697803,0.6669029497495959,0.20600013031801517,0.1994510030416581,0.0019730351857941467,0.0025823111684958036,0.0007426661715558856,0.0
Bot-IoT,FGSM,1,15,1024,3,2.9016101360321045,9.309417724609375,14.187322817474735,0.6635894453732645,0.776371401742401,0.6635894453732645,0.6120589538744213,0.4193481452296491,0.26666666666666666,0.0,0.7015554647832531,0.36597382664875033,0.47574158423279495,0.0,0.0,0.0,0.0,0.5217162171985171,0.4309843712979939,0.5217162171985171,0.4046942380960095,0.10885866404608072,1.0,9.08752192364664e-06,0.6327161202290046,0.2050904341493323,0.18493324391440563,0.0,0.0,0.0003713330857779428,0.0
Bot-IoT,RANDOM_LINF,1,15,1024,3,2.9016101360321045,8.24665117263794,20.516827796758008,0.6635894453732645,0.776371401742401,0.6635894453732645,0.6120589538744213,0.4193481452296491,0.26666666666666666,0.0,0.7015554647832531,0.36597382664875033,0.47574158423279495,0.0,0.0,0.0,0.0,0.4584211674056844,0.5532261766831581,0.4584211674056844,0.46324984295179744,0.1050278674774849,0.7333333333333333,4.5437609618233205e-05,0.6914503048701015,0.45620223773815277,0.2666333119814793,0.0,0.0,0.001856665428889714,0.0
Bot-IoT,RANDOM_L2,1,15,1024,3,2.9016101360321045,8.024682998657227,19.742676455622586,0.6635894453732645,0.776371401742401,0.6635894453732645,0.6120589538744213,0.4193481452296491,0.26666666666666666,0.0,0.7015554647832531,0.36597382664875033,0.47574158423279495,0.0,0.0,0.0,0.0,0.4661626808170386,0.5279056044775904,0.4661626808170386,0.42056524476207324,0.06992232517850247,0.8666666666666667,0.005107187321089412,0.6288235993733193,0.2080041161830644,0.18663065998558687,0.005209505183544194,0.004962879276952873,0.005569996286669142,0.0
Bot-IoT,FGSM,1,15,2048,2,2.733541965484619,9.620702743530273,20.80668023551646,0.7207966853238351,0.804753883564168,0.7207966853238351,0.6908011348469117,0.5166140580024239,0.26666666666666666,0.0,0.725034011580619,0.3834298917835279,0.5096201496928355,0.0,0.0,0.0,0.0,0.5127298829686705,0.4861148768789711,0.5127298829686705,0.4616420282851038,0.016544894275655093,1.0,0.004343835479503094,0.5702070404348047,0.4164616961824663,0.2085603736878406,0.0,0.009320529373789542,0.005941329372447085,0.0
Bot-IoT,RANDOM_LINF,1,15,2048,2,2.733541965484619,9.298930644989014,18.595987497274113,0.7207966853238351,0.804753883564168,0.7207966853238351,0.6908011348469117,0.5166140580024239,0.26666666666666666,0.0,0.725034011580619,0.3834298917835279,0.5096201496928355,0.0,0.0,0.0,0.0,0.534836810351094,0.5412263176630085,0.534836810351094,0.5234861185722851,0.11620586178094712,0.6666666666666666,0.020419661762434003,0.6653912151278286,0.2601791000223156,0.23471204461480616,0.01410547084580903,0.02862734021949645,0.004827330115113257,0.0
Bot-IoT,RANDOM_L2,1,15,2048,2,2.733541965484619,8.089144706726074,20.887548157301737,0.7207966853238351,0.804753883564168,0.7207966853238351,0.6908011348469117,0.5166140580024239,0.26666666666666666,0.0,0.725034011580619,0.3834298917835279,0.5096201496928355,0.0,0.0,0.0,0.0,0.5119212037508177,0.5349490147388684,0.5119212037508177,0.4928842085311822,0.09481705641454488,0.5333333333333333,0.02015612362664825,0.6695828963406967,0.20689329285293137,0.21805794236317003,0.017341940843559077,0.024128469980632665,0.007426661715558856,0.0
Bot-IoT,FGSM,1,15,2048,3,2.682833194732666,8.204599142074585,1.275714181871046,0.5357726975357999,0.6110877015533136,0.5357726975357999,0.38459209894942337,0.1162284918226008,0.26666666666666666,0.0,0.7335943247615718,0.3526690196335334,0.37690286310863097,0.0,0.0,0.0,0.0,0.5230155557170895,0.33053366137167234,0.5230155557170895,0.3650497294789189,-0.00530768134235913,1.0,0.0,0.6377657763968999,0.23893013229988536,0.16486235802383115,0.0,0.0,0.0,0.0
Bot-IoT,RANDOM_LINF,1,15,2048,3,2.682833194732666,9.69425368309021,0.45885730900632193,0.5357726975357999,0.6110877015533136,0.5357726975357999,0.38459209894942337,0.1162284918226008,0.26666666666666666,0.0,0.7335943247615718,0.3526690196335334,0.37690286310863097,0.0,0.0,0.0,0.0,0.5311841244457367,0.5778370767851028,0.5311841244457367,0.3778550123043343,0.07781031282604477,0.7333333333333333,0.0,0.6183699224156457,0.23185554376707093,0.2697670922723675,0.0,0.0,0.0,0.0
Bot-IoT,RANDOM_L2,1,15,2048,3,2.682833194732666,9.524119853973389,1.9699062295558623,0.5357726975357999,0.6110877015533136,0.5357726975357999,0.38459209894942337,0.1162284918226008,0.26666666666666666,0.0,0.7335943247615718,0.3526690196335334,0.37690286310863097,0.0,0.0,0.0,0.0,0.5160736352402413,0.505641106460945,0.5160736352402413,0.37458613115339195,0.03311377929761221,0.8666666666666667,0.0016084913804854555,0.6529429867124648,0.20402649426022101,0.17408532564385665,0.0013672787691029612,0.001936733376371853,0.0007426661715558856,0.0
Bot-IoT,FGSM,1,20,1024,2,2.706650495529175,5.320062160491943,16.107254488623973,0.5358090426691866,0.6123457309153655,0.5358090426691866,0.38460952942573484,0.11666384354635018,0.26666666666666666,0.0,0.6931638815322765,0.3852374930784213,0.3769095633006416,0.0,0.0,0.0,0.0,0.3747364977829469,0.4344703878198164,0.3747364977829469,0.3952094078485125,0.06406024042570449,1.0,0.0,0.4638016111591604,0.3759269390820533,0.1594817938310799,0.0,0.0,0.0,0.0
Bot-IoT,RANDOM_LINF,1,20,1024,2,2.706650495529175,5.5143537521362305,13.964708875481573,0.5358090426691866,0.6123457309153655,0.5358090426691866,0.38460952942573484,0.11666384354635018,0.26666666666666666,0.0,0.6931638815322765,0.3852374930784213,0.3769095633006416,0.0,0.0,0.0,0.0,0.39616195391437087,0.5162278363223073,0.39616195391437087,0.4309171305597654,0.04600209943836126,0.8666666666666667,0.0,0.6821721920276855,0.22963564979251405,0.23674698020434048,0.0,0.0,0.0,0.0
Bot-IoT,RANDOM_L2,1,20,1024,2,2.706650495529175,5.282320737838745,11.84760485570982,0.5358090426691866,0.6123457309153655,0.5358090426691866,0.38460952942573484,0.11666384354635018,0.26666666666666666,0.0,0.6931638815322765,0.3852374930784213,0.3769095633006416,0.0,0.0,0.0,0.0,0.4173329941120884,0.5041033846710491,0.4173329941120884,0.4332550998049892,0.03847496727450291,0.9333333333333333,0.0010268899773720704,0.6660753837370775,0.2051607047634792,0.1948429074463149,0.0008480589833676595,0.001210458360232408,0.0014853323431117712,0.0
Bot-IoT,FGSM,1,20,1024,3,2.7046420574188232,5.339645624160767,31.360398342661917,0.6772188703932543,0.7830776751666464,0.6772188703932543,0.631760484045419,0.44312182281730045,0.26666666666666666,0.0,0.7416182756139126,0.2612109582588376,0.48423904574626225,0.0,0.0,0.0,0.0,0.3636148869666352,0.4707246313283117,0.3636148869666352,0.3916499252384506,0.11243344252658834,1.0,0.0,0.5859570523277385,0.2219090767776875,0.15761788765030654,0.0,0.0,0.0,0.0
Bot-IoT,RANDOM_LINF,1,20,1024,3,2.7046420574188232,4.669767141342163,37.11837609944028,0.6772188703932543,0.7830776751666464,0.6772188703932543,0.631760484045419,0.44312182281730045,0.26666666666666666,0.0,0.7416182756139126,0.2612109582588376,0.48423904574626225,0.0,0.0,0.0,0.0,0.3060351093988515,0.5530414609124251,0.3060351093988515,0.3722083077654524,0.06607211281311394,0.8,0.0,0.6277765941818986,0.21698632682602875,0.22592040090947735,0.0,0.0,0.0,0.0
Bot-IoT,RANDOM_L2,1,20,1024,3,2.7046420574188232,5.674065113067627,28.497310460129388,0.6772188703932543,0.7830776751666464,0.6772188703932543,0.631760484045419,0.44312182281730045,0.26666666666666666,0.0,0.7416182756139126,0.2612109582588376,0.48423904574626225,0.0,0.0,0.0,0.0,0.39224576579196047,0.5378545032682612,0.39224576579196047,0.4109575784700182,0.06722110459527694,0.9333333333333333,0.0007906144073572578,0.6633879926523523,0.20625990091321844,0.1811332351778915,0.0007269077000294225,0.0008473208521626856,0.0011139992573338284,0.0
Bot-IoT,FGSM,1,20,2048,2,2.626807451248169,8.202771663665771,4.96292796394563,0.5494021225557898,0.6991955751004922,0.5494021225557898,0.4136681917091318,0.17007593548780844,0.26666666666666666,0.0,0.6754572805786946,0.37861964832080675,0.3896054565912924,0.0,0.0,0.0,0.0,0.4997728429163335,0.3044272106095109,0.4997728429163335,0.3565202357622221,-0.07316686964194322,1.0,0.010332512427186231,0.6375776843710229,0.41578264285561933,0.15848201475919377,0.0113016840028384,0.009461749515816655,0.005569996286669142,0.0
Bot-IoT,RANDOM_LINF,1,20,2048,2,2.626807451248169,7.499866247177124,4.316893217998108,0.5494021225557898,0.6991955751004922,0.5494021225557898,0.4136681917091318,0.17007593548780844,0.26666666666666666,0.0,0.6754572805786946,0.37861964832080675,0.3896054565912924,0.0,0.0,0.0,0.0,0.5062331903758087,0.5406364379842462,0.5062331903758087,0.4242245381265289,0.06983082099662775,0.6666666666666666,0.03263329122781509,0.5524672169711002,0.20453359003503263,0.1853609884226456,0.026601360355838627,0.04125645577792124,0.0033419977720014855,0.0
Bot-IoT,RANDOM_L2,1,20,2048,2,2.626807451248169,7.115809440612793,4.818456058733734,0.5494021225557898,0.6991955751004922,0.5494021225557898,0.4136681917091318,0.17007593548780844,0.26666666666666666,0.0,0.6754572805786946,0.37861964832080675,0.3896054565912924,0.0,0.0,0.0,0.0,0.5012175619684525,0.5365554890517845,0.5012175619684525,0.4110769592229533,0.05791848254584334,0.6,0.02834398087985387,0.6725932447360018,0.20464624303066165,0.1813347682336132,0.02493985704148566,0.033529696578437705,0.005941329372447085,0.0
Bot-IoT,FGSM,1,20,2048,3,2.6518354415893555,5.011760950088501,37.0057061859417,0.7018245256960093,0.7995885993733166,0.7018245256960093,0.6659520517793436,0.4868172507742771,0.26666666666666666,0.0,0.7005186344799201,0.27241345891363433,0.4989968123377363,0.0,0.0,0.0,0.0,0.3317674638365923,0.3899666422652092,0.3317674638365923,0.35374321441373424,-0.06362959033123008,1.0,0.006479403131560055,0.6998286587876008,0.45739077005633283,0.1470072131033382,0.0011422835286176638,0.01268963847643641,0.0063126624582250275,1.0
Bot-IoT,RANDOM_LINF,1,20,2048,3,2.6518354415893555,5.71838903427124,30.654394126626443,0.7018245256960093,0.7995885993733166,0.7018245256960093,0.6659520517793436,0.4868172507742771,0.26666666666666666,0.0,0.7005186344799201,0.27241345891363433,0.4989968123377363,0.0,0.0,0.0,0.0,0.39528058442974484,0.5315822952695428,0.39528058442974484,0.44567535575538797,0.07036562000236905,0.6666666666666666,0.02962532147108805,0.6638622100804998,0.4058628227621403,0.19710990137524287,0.022395680091382684,0.03944076823757263,0.004084663943557371,0.0
Bot-IoT,RANDOM_L2,1,20,2048,3,2.6518354415893555,5.8823792934417725,28.81623900559715,0.7018245256960093,0.7995885993733166,0.7018245256960093,0.6659520517793436,0.4868172507742771,0.26666666666666666,0.0,0.7005186344799201,0.27241345891363433,0.4989968123377363,0.0,0.0,0.0,0.0,0.4136621356400378,0.5162092608834536,0.4136621356400378,0.4534177764222334,0.05508581603197803,0.5333333333333333,0.03430539526176607,0.5744142823430621,0.20212295318268833,0.2005359538521362,0.030582045379809273,0.04010652033570045,0.007426661715558856,0.0
Bot-IoT,FGSM,2,5,1024,2,5.690530776977539,21.066479682922363,24.957294468270703,0.6093079886603184,0.7717767841069921,0.6093079886603184,0.5133499172374073,0.3511328000942569,0.26666666666666666,9.08752192364664e-06,0.794383990393599,0.4658268127862401,0.5556910967210711,0.0,0.0,0.0003713330857779428,0.0,0.3597350439776114,0.40395066537940827,0.3597350439776114,0.35156374865216355,-0.08834599836916218,0.9333333333333333,0.008051544424350923,0.7395981233473322,0.4377432933556243,0.18253548902612726,0.0,0.017874435119431892,0.0,0.0
Bot-IoT,RANDOM_LINF,2,5,1024,2,5.690530776977539,22.42495846748352,13.48222722977394,0.6093079886603184,0.7717767841069921,0.6093079886603184,0.5133499172374073,0.3511328000942569,0.26666666666666666,9.08752192364664e-06,0.794383990393599,0.4658268127862401,0.5556910967210711,0.0,0.0,0.0003713330857779428,0.0,0.474485716362579,0.4956937153993261,0.474485716362579,0.47214657265814125,0.06321792168876643,0.6666666666666666,0.0010450650212193637,0.7848381372918551,0.4642259156018871,0.26865619343722286,0.0,0.0022998708844415754,0.0003713330857779428,0.0
Bot-IoT,RANDOM_L2,2,5,1024,2,5.690530776977539,10.190346479415894,21.417278476412015,0.6093079886603184,0.7717767841069921,0.6093079886603184,0.5133499172374073,0.3511328000942569,0.26666666666666666,9.08752192364664e-06,0.794383990393599,0.4658268127862401,0.5556910967210711,0.0,0.0,0.0003713330857779428,0.0,0.3951352038961983,0.499650313431504,0.3951352038961983,0.4168711928833499,0.05580040474227291,0.6,0.02018338619241919,0.7484784365765094,0.23010762427759895,0.19547104620639363,0.016043891379220823,0.024531956100710135,0.028963980690679538,0.0
Bot-IoT,FGSM,2,5,1024,3,5.7967095375061035,8.89512586593628,44.15933706476702,0.6092080395435051,0.7718753446794218,0.6092080395435051,0.5131394004739619,0.351021482130602,0.26666666666666666,0.0,0.8124704210099785,0.6103003240981896,0.5619002477230557,0.0,0.0,0.0,0.0,0.16761466889583485,0.5848983130301885,0.16761466889583485,0.14682049415543172,-0.25727108237616736,0.8,8.178769731281977e-05,0.752267133111671,0.4995285807787064,0.12045454256291524,0.0,0.00016139444803098772,0.0003713330857779428,0.0
Bot-IoT,RANDOM_LINF,2,5,1024,3,5.7967095375061035,19.286877632141113,8.810968961256084,0.6092080395435051,0.7718753446794218,0.6092080395435051,0.5131394004739619,0.351021482130602,0.26666666666666666,0.0,0.8124704210099785,0.6103003240981896,0.5619002477230557,0.0,0.0,0.0,0.0,0.5210983499309443,0.7424401409690548,0.5210983499309443,0.4421922612543232,0.18676703401750713,0.5333333333333333,9.087521923646641e-05,0.7904795631178445,0.5184586800313424,0.31223462355460607,0.0,0.0001815687540348612,0.0003713330857779428,0.0
Bot-IoT,RANDOM_L2,2,5,1024,3,5.7967095375061035,9.665475130081177,22.67118557825107,0.6092080395435051,0.7718753446794218,0.6092080395435051,0.5131394004739619,0.351021482130602,0.26666666666666666,0.0,0.8124704210099785,0.6103003240981896,0.5619002477230557,0.0,0.0,0.0,0.0,0.3824961837609944,0.5378089985312743,0.3824961837609944,0.38926717653777665,0.07533367091527547,0.6666666666666666,0.008823983787860888,0.7137699767843776,0.22648625766030542,0.1778129471872859,0.006403710690735388,0.011559877340219496,0.0103973264017824,0.0
Bot-IoT,FGSM,2,5,2048,2,5.526289463043213,13.577543258666992,45.22152358799157,0.6354401395653122,0.7800830594092621,0.6354401395653122,0.5594095431259907,0.3968273534798331,0.6,0.0,0.7988727962621057,0.5131226636783282,0.5268992529945524,0.0,0.0,0.0,0.0,0.1832249036853965,0.5585157119183506,0.1832249036853965,0.17101169550576598,-0.23596069000982725,0.9333333333333333,0.00014540035077834624,0.7584308584189536,0.4825360346126608,0.09948411630839975,0.0,0.00032278889606197545,0.0,0.0
Bot-IoT,RANDOM_LINF,2,5,2048,2,5.526289463043213,27.483561038970947,10.312931598458963,0.6354401395653122,0.7800830594092621,0.6354401395653122,0.5594095431259907,0.3968273534798331,0.6,0.0,0.7988727962621057,0.5131226636783282,0.5268992529945524,0.0,0.0,0.0,0.0,0.5323108235807226,0.5856938977187216,0.5323108235807226,0.4832898260601402,0.16726477765544126,0.8,0.0002908007015566925,0.7771528581854333,0.4715200024864602,0.28098096919960647,0.0,0.0006254034861200774,0.0003713330857779428,0.0
Bot-IoT,RANDOM_L2,2,5,2048,2,5.526289463043213,10.150822401046753,24.327615032347165,0.6354401395653122,0.7800830594092621,0.6354401395653122,0.5594095431259907,0.3968273534798331,0.6,0.0,0.7988727962621057,0.5131226636783282,0.5268992529945524,0.0,0.0,0.0,0.0,0.39216398924184054,0.5353448159153374,0.39216398924184054,0.4122969925292118,0.08092321836636648,0.5333333333333333,0.0035532210721458367,0.7287197210942148,0.22784563248005263,0.19371038532824897,0.0023018743834265043,0.004680438992898645,0.009654660230226514,0.0
Bot-IoT,FGSM,2,5,2048,3,5.53973126411438,17.816937685012817,45.19880787962492,0.7570146107436214,0.8300731193484789,0.7570146107436214,0.7356754369503967,0.5915977021063448,0.13333333333333333,0.0,0.8108487763272894,0.5913482950566462,0.6745212750018845,0.0,0.0,0.0,0.0,0.3050265319473722,0.4446725210761618,0.3050265319473722,0.3323936692785439,-0.07452007641162683,0.8666666666666667,0.00028171317963304586,0.7804894276496519,0.4994739549750188,0.17869458469360378,0.0,0.0006254034861200774,0.0,0.0
Bot-IoT,RANDOM_LINF,2,5,2048,3,5.53973126411438,27.22475266456604,22.369520971141966,0.7570146107436214,0.8300731193484789,0.7570146107436214,0.7356754369503967,0.5915977021063448,0.13333333333333333,0.0,0.8108487763272894,0.5913482950566462,0.6745212750018845,0.0,0.0,0.0,0.0,0.5333194010322018,0.57359013219856,0.5333194010322018,0.5449755186024288,0.1830398017095294,0.26666666666666666,0.00034532583309857234,0.7805493732535287,0.48564641746341,0.35360679704683434,0.0,0.0007666236281471917,0.0,0.0
Bot-IoT,RANDOM_L2,2,5,2048,3,5.53973126411438,11.404170989990234,37.87072036054372,0.7570146107436214,0.8300731193484789,0.7570146107436214,0.7356754369503967,0.5915977021063448,0.13333333333333333,0.0,0.8108487763272894,0.5913482950566462,0.6745212750018845,0.0,0.0,0.0,0.0,0.37830740713818417,0.5358892473938086,0.37830740713818417,0.42283519429519645,0.0834446860298253,0.4,0.007669868503557765,0.7272110679884979,0.2285725603809199,0.195772752447632,0.006144100797867738,0.009159134925758554,0.012996658002227999,0.0
Bot-IoT,FGSM,2,10,1024,2,3.782794237136841,8.303958654403687,51.220287853456426,0.7323635240241332,0.8198438438665195,0.7323635240241332,0.7035420415012593,0.5541095152592502,0.6,0.0,0.8236484720543915,0.6180160142422225,0.5890954494616882,0.0,0.0,0.0,0.0,0.22016064548956896,0.41637896638205685,0.22016064548956896,0.25886070530304534,-0.13701763685676122,0.9333333333333333,0.0,0.779058930253533,0.5041927486792094,0.15359724619563309,0.0,0.0,0.0,0.0
Bot-IoT,RANDOM_LINF,2,10,1024,2,3.782794237136841,12.387569904327393,17.672821109253466,0.7323635240241332,0.8198438438665195,0.7323635240241332,0.7035420415012593,0.5541095152592502,0.6,0.0,0.8236484720543915,0.6180160142422225,0.5890954494616882,0.0,0.0,0.0,0.0,0.5556353129315985,0.5819269204835403,0.5556353129315985,0.5604740961426559,0.2019439478238056,0.7333333333333333,0.0,0.8007972704646985,0.47230530227717094,0.3840678542335265,0.0,0.0,0.0,0.0
Bot-IoT,RANDOM_L2,2,10,1024,2,3.782794237136841,7.4169182777404785,29.789379952024426,0.7323635240241332,0.8198438438665195,0.7323635240241332,0.7035420415012593,0.5541095152592502,0.6,0.0,0.8236484720543915,0.6180160142422225,0.5890954494616882,0.0,0.0,0.0,0.0,0.43446972450388893,0.539584556137914,0.43446972450388893,0.4581321369373934,0.09769027420030751,0.6666666666666666,0.00468007379067802,0.742675248664943,0.23167472405308995,0.21545813113301632,0.0038076117620588793,0.0054268883150419625,0.009654660230226514,0.0
Bot-IoT,FGSM,2,10,1024,3,3.832155704498291,6.989725828170776,30.210983499309446,0.6181852874900051,0.7750583339694623,0.6181852874900051,0.5293032428451068,0.3672761769017878,0.13333333333333333,0.0,0.82298273658055,0.5383462158357226,0.585476175969988,0.0,0.0,0.0,0.0,0.31607545249691066,0.63152139735919,0.31607545249691066,0.3537096038965036,-0.02189656206472514,0.9333333333333333,0.0,0.7724911563173126,0.5201723443435521,0.19232936051303295,0.0,0.0,0.0,0.0
Bot-IoT,RANDOM_LINF,2,10,1024,3,3.832155704498291,12.117957592010498,9.27618666860508,0.6181852874900051,0.7750583339694623,0.6181852874900051,0.5293032428451068,0.3672761769017878,0.13333333333333333,0.0,0.82298273658055,0.5383462158357226,0.585476175969988,0.0,0.0,0.0,0.0,0.5254234208039543,0.5901462556300862,0.5254234208039543,0.4882748939785677,0.16603404787186388,0.6666666666666666,0.0,0.7790012894241347,0.346594420863571,0.35236191379703397,0.0,0.0,0.0,0.0
Bot-IoT,RANDOM_L2,2,10,1024,3,3.832155704498291,8.874529838562012,21.140146834338886,0.6181852874900051,0.7750583339694623,0.6181852874900051,0.5293032428451068,0.3672761769017878,0.13333333333333333,0.0,0.82298273658055,0.5383462158357226,0.585476175969988,0.0,0.0,0.0,0.0,0.40678381914661627,0.5232234570126464,0.40678381914661627,0.4131252336128525,0.06916711585356228,0.4,0.009232922274424987,0.7111060030360072,0.21124901359667736,0.19294024217508898,0.007096003738382458,0.011297611362169141,0.01708132194578537,0.0
Bot-IoT,FGSM,2,10,2048,2,4.055695533752441,9.287161827087402,46.864323617067676,0.7530166460710911,0.8283359135942345,0.7530166460710911,0.7305763912278175,0.5855107506725522,0.13333333333333333,9.08752192364664e-06,0.8205531197100788,0.5971368952474875,0.6659016544167133,0.0,0.0,0.0003713330857779428,0.0,0.2843734099004143,0.6355276079286696,0.2843734099004143,0.31664146896558604,-0.06083416710127534,0.9333333333333333,9.08752192364664e-06,0.7828990968895676,0.48692239416914374,0.17398571881111224,0.0,0.0,0.0003713330857779428,0.0
Bot-IoT,RANDOM_LINF,2,10,2048,2,4.055695533752441,15.438008308410645,17.919968016282617,0.7530166460710911,0.8283359135942345,0.7530166460710911,0.7305763912278175,0.5855107506725522,0.13333333333333333,9.08752192364664e-06,0.8205531197100788,0.5971368952474875,0.6659016544167133,0.0,0.0,0.0003713330857779428,0.0,0.5738169659082649,0.6139613007447607,0.5738169659082649,0.5718974703751256,0.24108931552588136,0.26666666666666666,1.817504384729328e-05,0.7915755180341535,0.540214048503359,0.4543724949142627,0.0,0.0,0.0007426661715558856,0.0
Bot-IoT,RANDOM_L2,2,10,2048,2,4.055695533752441,9.386975526809692,35.57189067383877,0.7530166460710911,0.8283359135942345,0.7530166460710911,0.7305763912278175,0.5855107506725522,0.13333333333333333,9.08752192364664e-06,0.8205531197100788,0.5971368952474875,0.6659016544167133,0.0,0.0,0.0003713330857779428,0.0,0.39729773933270335,0.551338106808565,0.39729773933270335,0.43355084678147343,0.09619827823469969,0.4,0.007833443898183405,0.5718382629920216,0.2152629338585456,0.19962845892102116,0.0060748714931030305,0.009401226597805035,0.01670998886000743,0.0
Bot-IoT,FGSM,2,10,2048,3,3.7948665618896484,8.865718841552734,46.03565457585229,0.6092989023769717,0.7725661748835636,0.6092989023769717,0.5132003853762415,0.35148498110900506,0.26666666666666666,0.0,0.8227314936571227,0.6129952799961249,0.5619246703515252,0.0,0.0,0.0,0.0,0.1489423566184488,0.4112764098184402,0.1489423566184488,0.16054298217607124,-0.24884255734276306,0.9333333333333333,0.0010814151089139502,0.7856546482218434,0.5023861087278592,0.0868393962129295,0.0,0.0024007424144609425,0.0,0.0
Bot-IoT,RANDOM_LINF,2,10,2048,3,3.7948665618896484,15.945716619491577,4.1406193210729025,0.6092989023769717,0.7725661748835636,0.6092989023769717,0.5132003853762415,0.35148498110900506,0.26666666666666666,0.0,0.8227314936571227,0.6129952799961249,0.5619246703515252,0.0,0.0,0.0,0.0,0.5678927091662427,0.659853011937448,0.5678927091662427,0.5075670347609587,0.23963532181379812,0.6666666666666666,9.08752192364664e-06,0.801953105418945,0.5219663280387247,0.3701799256927698,0.0,2.0174306003873465e-05,0.0,0.0
Bot-IoT,RANDOM_L2,2,10,2048,3,3.7948665618896484,9.439699172973633,17.87362797121465,0.6092989023769717,0.7725661748835636,0.6092989023769717,0.5132003853762415,0.35148498110900506,0.26666666666666666,0.0,0.8227314936571227,0.6129952799961249,0.5619246703515252,0.0,0.0,0.0,0.0,0.4305626226648252,0.5343886034322167,0.4305626226648252,0.4474686900851316,0.09075106888517466,0.6,0.0035532210721458367,0.749139528862004,0.23489234681062507,0.2118286969681292,0.0022326450786617977,0.004619916074887024,0.012253991830672113,0.0
Bot-IoT,FGSM,2,15,1024,2,3.420219898223877,6.71792459487915,40.38580359089919,0.6092898160936251,0.7725548035682419,0.6092898160936251,0.5131915700642525,0.35145368419161443,0.26666666666666666,9.08752192364664e-06,0.8279771421743238,0.6114919042912774,0.5556197239050206,0.0,0.0,0.0003713330857779428,0.0,0.2054317801846333,0.49386671246341823,0.2054317801846333,0.2552002019380764,-0.1151669097849003,0.8666666666666667,0.0,0.7301220535211639,0.5034306388195411,0.3725982571363688,0.0,0.0,0.0,0.0
Bot-IoT,RANDOM_LINF,2,15,1024,2,3.420219898223877,11.403908729553223,8.906374936396022,0.6092898160936251,0.7725548035682419,0.6092898160936251,0.5131915700642525,0.35145368419161443,0.26666666666666666,9.08752192364664e-06,0.8279771421743238,0.6114919042912774,0.5556197239050206,0.0,0.0,0.0003713330857779428,0.0,0.5202260667296649,0.5735354004235745,0.5202260667296649,0.4655576620247351,0.15269639225018522,0.6,9.08752192364664e-06,0.8031144748603202,0.3476321693198927,0.3529445406497518,0.0,0.0,0.0003713330857779428,0.0
Bot-IoT,RANDOM_L2,2,15,1024,2,3.420219898223877,8.766144514083862,19.840808315766523,0.6092898160936251,0.7725548035682419,0.6092898160936251,0.5131915700642525,0.35145368419161443,0.26666666666666666,9.08752192364664e-06,0.8279771421743238,0.6114919042912774,0.5556197239050206,0.0,0.0,0.0003713330857779428,0.0,0.41088173293595986,0.522540698673926,0.41088173293595986,0.4036015200982289,0.06716908402388672,0.4666666666666667,0.010586963041048336,0.7133479090336592,0.21254699560939022,0.18476054923223903,0.00977863929801485,0.011075693996126533,0.018937987374675083,0.0
Bot-IoT,FGSM,2,15,1024,3,3.6920859813690186,11.710307359695435,43.531474885512836,0.7363069709965836,0.8215922321877521,0.7363069709965836,0.7087603999001202,0.560265336682982,0.13333333333333333,0.0,0.820515091303978,0.6364422123723996,0.6629873530086662,0.0,0.0,0.0,0.0,0.30099222214145527,0.3097971219074732,0.30099222214145527,0.2957690471079054,-0.22647585367279688,0.9333333333333333,0.0008905771485173707,0.7690133908263351,0.506574681503478,0.18783534598441973,0.0,0.0006254034861200774,0.024879316747122168,0.0
Bot-IoT,RANDOM_LINF,2,15,1024,3,3.6920859813690186,10.331337451934814,14.284546049284009,0.7363069709965836,0.8215922321877521,0.7363069709965836,0.7087603999001202,0.560265336682982,0.13333333333333333,0.0,0.820515091303978,0.6364422123723996,0.6629873530086662,0.0,0.0,0.0,0.0,0.5934615105037435,0.5997585253084993,0.5934615105037435,0.5936387654545198,0.24288760096290626,0.4666666666666667,9.996274116011305e-05,0.8020860965638412,0.6015997814346299,0.45263506398325093,0.0,4.034861200774693e-05,0.0033419977720014855,0.0
Bot-IoT,RANDOM_L2,2,15,1024,3,3.6920859813690186,9.600950002670288,25.813222359526062,0.7363069709965836,0.8215922321877521,0.7363069709965836,0.7087603999001202,0.560265336682982,0.13333333333333333,0.0,0.820515091303978,0.6364422123723996,0.6629873530086662,0.0,0.0,0.0,0.0,0.478174747401323,0.5357244914434297,0.478174747401323,0.4835899871426797,0.09978816606233935,0.8666666666666667,0.005806926509210203,0.6840105716053955,0.2135847364757208,0.22860993564081475,0.005174890531161841,0.006173337637185281,0.012625324916450055,0.0
Bot-IoT,FGSM,2,15,2048,2,3.4247243404388428,9.135740518569946,14.012866177218875,0.7500454314167333,0.8266246104064958,0.7500454314167333,0.7268419421752471,0.5806575545535654,0.13333333333333333,0.0,0.8182938756464153,0.5848941366611944,0.6707435230723143,0.0,0.0,0.0,0.0,0.6099167696445446,0.7685944700115053,0.6099167696445446,0.6003062380200537,0.33865155751753245,0.9333333333333333,0.0,0.803642070162829,0.5568150138423569,0.3260572922585966,0.0,0.0,0.0,0.0
Bot-IoT,RANDOM_LINF,2,15,2048,2,3.4247243404388428,9.342531681060791,17.75187177436941,0.7500454314167333,0.8266246104064958,0.7500454314167333,0.7268419421752471,0.5806575545535654,0.13333333333333333,0.0,0.8182938756464153,0.5848941366611944,0.6707435230723143,0.0,0.0,0.0,0.0,0.5725267136730392,0.590125630668439,0.5725267136730392,0.5619326129677202,0.2145806689554466,0.5333333333333333,0.0,0.8138992626997416,0.43320308613244596,0.4400921691551213,0.0,0.0,0.0,0.0
Bot-IoT,RANDOM_L2,2,15,2048,2,3.4247243404388428,8.157583951950073,29.81482154539507,0.7500454314167333,0.8266246104064958,0.7500454314167333,0.7268419421752471,0.5806575545535654,0.13333333333333333,0.0,0.8182938756464153,0.5848941366611944,0.6707435230723143,0.0,0.0,0.0,0.0,0.4518972159627826,0.5357248900058501,0.4518972159627826,0.47031602590777616,0.09752214268031713,0.6666666666666666,0.008206032297052917,0.7332132512608863,0.2188484328665282,0.22179560629903688,0.006905623150279513,0.00960296965784377,0.0103973264017824,0.0
Bot-IoT,FGSM,2,15,2048,3,3.5867841243743896,7.4467244148254395,20.772152358799158,0.6648251799084103,0.7922037702803554,0.6648251799084103,0.6067233608396245,0.44684984349150647,0.13333333333333333,0.0,0.8246288041077781,0.612084619009405,0.6190398132022359,0.0,0.0,0.0,0.0,0.4571036563204187,0.5563093999108607,0.4571036563204187,0.4707826904575578,0.09194086705553771,0.7333333333333333,0.00036350087694586564,0.7793115396337679,0.46511052423212573,0.25885715950059024,0.0,0.0007666236281471917,0.0007426661715558856,0.0
Bot-IoT,RANDOM_LINF,2,15,2048,3,3.5867841243743896,8.17768120765686,12.125645126117613,0.6648251799084103,0.7922037702803554,0.6648251799084103,0.6067233608396245,0.44684984349150647,0.13333333333333333,0.0,0.8246288041077781,0.612084619009405,0.6190398132022359,0.0,0.0,0.0,0.0,0.5435687286472342,0.5687681798257413,0.5435687286472342,0.5463403677783545,0.17982827680024716,0.3333333333333333,9.08752192364664e-06,0.8034688985170778,0.3556630243790691,0.4464551077110551,0.0,0.0,0.0003713330857779428,0.0
Bot-IoT,RANDOM_L2,2,15,2048,3,3.5867841243743896,8.681374549865723,21.97881078723559,0.6648251799084103,0.7922037702803554,0.6648251799084103,0.6067233608396245,0.44684984349150647,0.13333333333333333,0.0,0.8246288041077781,0.612084619009405,0.6190398132022359,0.0,0.0,0.0,0.0,0.44503707203605436,0.5285392883518254,0.44503707203605436,0.45881236231164424,0.08684518187268676,0.6666666666666666,0.015539662489435755,0.6982081593802205,0.21737918590232325,0.21504401092035033,0.013292026514823726,0.017773563589412525,0.02265131823245451,0.0
Bot-IoT,FGSM,2,20,1024,2,3.0038819313049316,5.310736417770386,55.79614014683434,0.7126281165951879,0.807584708388235,0.7126281165951879,0.6775738505654095,0.5206445674809425,0.13333333333333333,0.0,0.8363616521969703,0.6407770056126578,0.6496230579505313,0.0,0.0,0.0,0.0,0.15466671512684452,0.49240400162789894,0.15466671512684452,0.1459937090301197,-0.2595463011650325,0.9333333333333333,0.0004089384865640988,0.7326034796680596,0.46053140048715935,0.08258264521143432,0.0,0.000605229180116204,0.005569996286669142,0.0
Bot-IoT,RANDOM_LINF,2,20,1024,2,3.0038819313049316,8.25632095336914,14.323617067674633,0.7126281165951879,0.807584708388235,0.7126281165951879,0.6775738505654095,0.5206445674809425,0.13333333333333333,0.0,0.8363616521969703,0.6407770056126578,0.6496230579505313,0.0,0.0,0.0,0.0,0.5693919459184416,0.6359012189580903,0.5693919459184416,0.5435519844409321,0.2419349610451799,0.6666666666666666,0.0010723275869903037,0.810070216003431,0.4962629892499047,0.2970087139220384,0.00019038058810294398,0.0020577792123950937,0.001856665428889714,0.0
Bot-IoT,RANDOM_L2,2,20,1024,2,3.0038819313049316,8.0074782371521,24.422112379152427,0.7126281165951879,0.807584708388235,0.7126281165951879,0.6775738505654095,0.5206445674809425,0.13333333333333333,0.0,0.8363616521969703,0.6407770056126578,0.6496230579505313,0.0,0.0,0.0,0.0,0.4684069928036636,0.5503983180129102,0.4684069928036636,0.43467354757332294,0.09337607496353663,0.6,0.016384802028334894,0.7185340252669035,0.2169693800988453,0.20224642607008075,0.013551636407691376,0.019649774047772756,0.01708132194578537,0.0
Bot-IoT,FGSM,2,20,1024,3,3.2555642127990723,7.121986627578735,60.62004797557607,0.7324998182743331,0.8199405887103702,0.7324998182743331,0.7037224624935622,0.554368522694071,0.2,0.0,0.8239680330378494,0.5989507392755933,0.6528922683397483,0.0,0.0,0.0,0.0,0.12629933851857236,0.18446592870244052,0.12629933851857236,0.13228470365272135,-0.3255172185455589,1.0,9.08752192364664e-06,0.726034778830398,0.4608388266860432,0.07835540337673763,0.0,0.0,0.0003713330857779428,0.0
Bot-IoT,RANDOM_LINF,2,20,1024,3,3.2555642127990723,9.369016408920288,16.906847423130046,0.7324998182743331,0.8199405887103702,0.7324998182743331,0.7037224624935622,0.554368522694071,0.2,0.0,0.8239680330378494,0.5989507392755933,0.6528922683397483,0.0,0.0,0.0,0.0,0.5634313440430326,0.5967792903952194,0.5634313440430326,0.5711619944076541,0.22312293180255408,0.3333333333333333,0.0,0.8164771235201569,0.36512189450142335,0.45950661592647724,0.0,0.0,0.0,0.0
Bot-IoT,RANDOM_L2,2,20,1024,3,3.2555642127990723,8.661717653274536,26.752744057570695,0.7324998182743331,0.8199405887103702,0.7324998182743331,0.7037224624935622,0.554368522694071,0.2,0.0,0.8239680330378494,0.5989507392755933,0.6528922683397483,0.0,0.0,0.0,0.0,0.46497237769862615,0.5377487484025835,0.46497237769862615,0.46764120748717863,0.09155907485058579,0.8,0.0042802228260375675,0.6094164478835402,0.21421298039093672,0.2169000651274926,0.003219162671558871,0.005326016785022595,0.007797994801336799,0.0
Bot-IoT,FGSM,2,20,2048,2,3.220363140106201,10.140196800231934,59.40975503380097,0.7520716726030384,0.8274874931542598,0.7520716726030384,0.7294477592631069,0.5837357783000291,0.13333333333333333,0.0,0.8301464152498653,0.6184057119123338,0.6718594097663817,0.0,0.0,0.0,0.0,0.15797412226502872,0.16833363061703516,0.15797412226502872,0.15289576232652838,-0.4001279145707725,0.8666666666666667,0.00016357539462563954,0.7825939571410785,0.311424099351977,0.12486259326661002,0.0,0.0003631375080697224,0.0,0.0
Bot-IoT,RANDOM_LINF,2,20,2048,2,3.220363140106201,9.470736980438232,19.99709238932906,0.7520716726030384,0.8274874931542598,0.7520716726030384,0.7294477592631069,0.5837357783000291,0.13333333333333333,0.0,0.8301464152498653,0.6184057119123338,0.6718594097663817,0.0,0.0,0.0,0.0,0.5521007487097478,0.5793654088684306,0.5521007487097478,0.5574029743824584,0.19719782455231707,0.5333333333333333,0.00028171317963304586,0.8082323842525738,0.4547388306771861,0.3504028712899288,0.00024230256667647415,0.0003429632020658489,0.0,0.0
Bot-IoT,RANDOM_L2,2,20,2048,2,3.220363140106201,8.450321435928345,28.031184124445733,0.7520716726030384,0.8274874931542598,0.7520716726030384,0.7294477592631069,0.5837357783000291,0.13333333333333333,0.0,0.8301464152498653,0.6184057119123338,0.6718594097663817,0.0,0.0,0.0,0.0,0.47175983135858107,0.5400855008814471,0.47175983135858107,0.4712918375995469,0.09643719040136632,0.7333333333333333,0.006561190828872875,0.7073236601046599,0.21459390407884765,0.21912872879051518,0.00507104657401478,0.008009199483537767,0.01188265874489417,0.0
Bot-IoT,FGSM,2,20,2048,3,3.250819683074951,7.033143043518066,56.02329723050084,0.7125190811950279,0.8108194352277995,0.7125190811950279,0.6767331961472061,0.5228161323654553,0.13333333333333333,0.0,0.8158178786383171,0.63024914392773,0.6492372028492174,0.0,0.0,0.0,0.0,0.15228610889001962,0.1995998682732769,0.15228610889001962,0.1546518060275221,-0.324742352175003,0.7333333333333333,0.0,0.7658944775507968,0.32878324197253117,0.17218111307383946,0.0,0.0,0.0,0.0
Bot-IoT,RANDOM_LINF,2,20,2048,3,3.250819683074951,9.234224796295166,14.509885876281158,0.7125190811950279,0.8108194352277995,0.7125190811950279,0.6767331961472061,0.5228161323654553,0.13333333333333333,0.0,0.8158178786383171,0.63024914392773,0.6492372028492174,0.0,0.0,0.0,0.0,0.5674202224322163,0.5984942231739562,0.5674202224322163,0.5638378244295397,0.2202739339820142,0.26666666666666666,0.0,0.7884590815586704,0.4162617978724631,0.4656876276779112,0.0,0.0,0.0,0.0
Bot-IoT,RANDOM_L2,2,20,2048,3,3.250819683074951,8.192342758178711,26.034019044849888,0.7125190811950279,0.8108194352277995,0.7125190811950279,0.6767331961472061,0.5228161323654553,0.13333333333333333,0.0,0.8158178786383171,0.63024914392773,0.6492372028492174,0.0,0.0,0.0,0.0,0.45217889074652906,0.5363870772216168,0.45217889074652906,0.44202889286647995,0.0849135948717507,0.5333333333333333,0.012804318390418117,0.7102016950531369,0.21005795249431172,0.20294445289127183,0.010609390955191332,0.015292123950936088,0.014110657259561827,0.0
Bot-IoT,FGSM,4,5,1024,2,8.68677806854248,7.784922122955322,57.433488405902445,0.6796267354801192,0.7990431589615594,0.6796267354801192,0.6290715473149321,0.47161916383075964,0.26666666666666666,0.0,0.809510531962147,0.7719507002712376,0.6121402622868635,0.0,0.0,0.0,0.0,0.10529185142109472,0.14857640967461147,0.10529185142109472,0.10730707391192786,-0.33801070783611686,0.9333333333333333,0.0008905771485173707,0.6958227905584101,0.4627151324220689,0.06660439759500911,0.0,0.0004438347320852163,0.028221314519123655,0.0
Bot-IoT,RANDOM_LINF,4,5,1024,2,8.68677806854248,26.7322359085083,10.861743112597221,0.6796267354801192,0.7990431589615594,0.6796267354801192,0.6290715473149321,0.47161916383075964,0.26666666666666666,0.0,0.809510531962147,0.7719507002712376,0.6121402622868635,0.0,0.0,0.0,0.0,0.571009304354147,0.5714213532884852,0.571009304354147,0.5277005542000558,0.18003482741696933,0.6,1.817504384729328e-05,0.795139248172117,0.5960757129254676,0.4651895440330982,0.0,0.0,0.0007426661715558856,0.0
Bot-IoT,RANDOM_L2,4,5,1024,2,8.68677806854248,8.681379318237305,27.861270625863195,0.6796267354801192,0.7990431589615594,0.6796267354801192,0.6290715473149321,0.47161916383075964,0.26666666666666666,0.0,0.809510531962147,0.7719507002712376,0.6121402622868635,0.0,0.0,0.0,0.0,0.40101402922148727,0.5176158819788964,0.40101402922148727,0.3883578795260329,0.07122749363310092,0.4,0.0032624203705891443,0.7535551683499497,0.24583570332934376,0.18755960266940794,0.002336489035808858,0.004176081342801808,0.0063126624582250275,0.0
Bot-IoT,FGSM,4,5,1024,3,8.640040397644043,6.3189239501953125,64.60074870974776,0.6997619393763175,0.8058334002747274,0.6997619393763175,0.6587453155736278,0.5029302047205024,0.26666666666666666,0.0,0.8084613813873653,0.7260131320315848,0.6249441745925765,0.0,0.0,0.0,0.0,0.05375445227883986,0.16692106467974413,0.05375445227883986,0.048369106281575855,-0.3734293531863632,0.9333333333333333,0.00025445061386210593,0.6902445965527078,0.35634767054797145,0.043119325676771035,0.0,0.0,0.0103973264017824,0.0
Bot-IoT,RANDOM_LINF,4,5,1024,3,8.640040397644043,33.68745446205139,11.668605073780613,0.6997619393763175,0.8058334002747274,0.6997619393763175,0.6587453155736278,0.5029302047205024,0.26666666666666666,0.0,0.8084613813873653,0.7260131320315848,0.6249441745925765,0.0,0.0,0.0,0.0,0.5830758886385113,0.5826585668536713,0.5830758886385113,0.5527340620006979,0.19966532287500263,0.6666666666666666,9.08752192364664e-06,0.7992831137725539,0.5856100398143737,0.47846716410707224,0.0,2.0174306003873465e-05,0.0,0.0
Bot-IoT,RANDOM_L2,4,5,1024,3,8.640040397644043,10.991688013076782,27.591408010467394,0.6997619393763175,0.8058334002747274,0.6997619393763175,0.6587453155736278,0.5029302047205024,0.26666666666666666,0.0,0.8084613813873653,0.7260131320315848,0.6249441745925765,0.0,0.0,0.0,0.0,0.42384785927164353,0.5186715323617255,0.42384785927164353,0.4134795512475411,0.07571458267413712,0.6,0.0010995901527612434,0.7519039174146497,0.2361107617985177,0.2096725027147047,0.0007961370047941293,0.0013516785022595222,0.0029706646862235424,0.0
Bot-IoT,FGSM,4,5,2048,2,8.535431385040283,7.835015535354614,46.23010103947081,0.7214781565748346,0.8149328033672835,0.7214781565748346,0.6889602970494741,0.5370511629754693,0.13333333333333333,0.0,0.7933830569217599,0.6624999821331261,0.654490543902818,0.0,0.0,0.0,0.0,0.2591771461801265,0.39685426113981903,0.2591771461801265,0.2831822751118581,0.013071133063041628,0.9333333333333333,0.0005634263592660917,0.6580383934367576,0.21548850147953075,0.12901038178938365,0.0,0.0,0.023022651318232456,0.0
Bot-IoT,RANDOM_LINF,4,5,2048,2,8.535431385040283,34.041024923324585,14.618012648106415,0.7214781565748346,0.8149328033672835,0.7214781565748346,0.6889602970494741,0.5370511629754693,0.13333333333333333,0.0,0.7933830569217599,0.6624999821331261,0.654490543902818,0.0,0.0,0.0,0.0,0.5752980300937705,0.5764232807250802,0.5752980300937705,0.5516066576010759,0.19495186965019015,0.4666666666666667,2.7262565770939922e-05,0.7844895876386552,0.5220436435244581,0.4682326947515625,0.0,0.0,0.0011139992573338284,0.0
Bot-IoT,RANDOM_L2,4,5,2048,2,8.535431385040283,9.015810012817383,33.77553245620411,0.7214781565748346,0.8149328033672835,0.7214781565748346,0.6889602970494741,0.5370511629754693,0.13333333333333333,0.0,0.7933830569217599,0.6624999821331261,0.654490543902818,0.0,0.0,0.0,0.0,0.3837228320127935,0.5129983993176347,0.3837228320127935,0.3819901563560236,0.06246080248843434,0.5333333333333333,0.0006633891004262048,0.7341055132431854,0.233956479829233,0.20370210566101848,0.000311531871441181,0.0009885409941898,0.0022279985146676567,0.0
Bot-IoT,FGSM,4,5,2048,3,9.127249717712402,4.418406009674072,65.33946354583121,0.6997074216762376,0.8055368284684469,0.6997074216762376,0.65872482390039,0.5026556699400444,0.26666666666666666,0.0,0.8042907786793169,0.7111560210530674,0.6249372109879148,0.0,0.0,0.0,0.0,0.04631278621792542,0.369452982115654,0.04631278621792542,0.037382508028076404,-0.37694356346300845,0.9333333333333333,0.0008724021046700775,0.7043820408387781,0.40519310871624403,0.03233882995657121,0.0008134443309853061,0.0001210458360232408,0.01596732268845154,0.0
Bot-IoT,RANDOM_LINF,4,5,2048,3,9.127249717712402,38.83798265457153,11.060732717889078,0.6997074216762376,0.8055368284684469,0.6997074216762376,0.65872482390039,0.5026556699400444,0.26666666666666666,0.0,0.8042907786793169,0.7111560210530674,0.6249372109879148,0.0,0.0,0.0,0.0,0.5891000944973468,0.5867070165514109,0.5891000944973468,0.5748199202420772,0.2152923200513953,0.4666666666666667,5.4525131541879844e-05,0.7847937249266066,0.5567837154603076,0.6837371147530115,0.0,2.0174306003873465e-05,0.001856665428889714,0.0
Bot-IoT,RANDOM_L2,4,5,2048,3,9.127249717712402,12.462570190429688,31.302246129243294,0.6997074216762376,0.8055368284684469,0.6997074216762376,0.65872482390039,0.5026556699400444,0.26666666666666666,0.0,0.8042907786793169,0.7111560210530674,0.6249372109879148,0.0,0.0,0.0,0.0,0.3866849603838046,0.5182747854183888,0.3866849603838046,0.40690160914095913,0.0692184327868561,0.6666666666666666,0.0012268154596922964,0.7500782105208524,0.23929600900971124,0.19943706565543082,0.0006749857214558923,0.0015332472562943835,0.007426661715558856,0.0
Bot-IoT,FGSM,4,10,1024,2,6.107421398162842,27.684441804885864,61.362397324998184,0.7617485643672313,0.8328310303365541,0.7617485643672313,0.7415402787695102,0.599326689787984,0.13333333333333333,0.0,0.8184560803995637,0.7909640053383891,0.6770242516317126,0.0,0.0,0.0,0.0,0.1481245911172494,0.14170893572073193,0.1481245911172494,0.13991279060684636,-0.523305054622637,0.9333333333333333,0.007397242845848365,0.6832613599276687,0.2916654071484296,0.11755492135562724,0.0048287440073383064,0.0001815687540348612,0.19532120311919793,0.0
Bot-IoT,RANDOM_LINF,4,10,1024,2,6.107421398162842,23.587283611297607,15.358544740859204,0.7617485643672313,0.8328310303365541,0.7617485643672313,0.7415402787695102,0.599326689787984,0.13333333333333333,0.0,0.8184560803995637,0.7909640053383891,0.6770242516317126,0.0,0.0,0.0,0.0,0.6081631169586392,0.6062907547053448,0.6081631169586392,0.6067987212765036,0.2505733208755652,0.4666666666666667,0.0,0.8116407667829307,0.6401195821073478,0.5501134353345438,0.0,0.0,0.0,0.0
Bot-IoT,RANDOM_L2,4,10,1024,2,6.107421398162842,16.532845973968506,29.884785927164355,0.7617485643672313,0.8328310303365541,0.7617485643672313,0.7415402787695102,0.599326689787984,0.13333333333333333,0.0,0.8184560803995637,0.7909640053383891,0.6770242516317126,0.0,0.0,0.0,0.0,0.46290070509558773,0.5370689063709331,0.46290070509558773,0.48241714109011324,0.1057365670579046,0.5333333333333333,0.006461228087712762,0.7415466881671612,0.22276586490629055,0.2332872220191955,0.005157583204970664,0.007444318915429309,0.016338655774229483,0.0
Bot-IoT,FGSM,4,10,1024,3,5.791730880737305,13.99217438697815,55.51991713309587,0.8051083084974922,0.854784182877409,0.8051083084974922,0.7939357823105461,0.6666957011878205,0.13333333333333333,0.0,0.8135634895046652,0.7961806757027505,0.6993517921931438,0.0,0.0,0.0,0.0,0.2499091371665334,0.3125198922599,0.2499091371665334,0.2660047342810707,-0.1583160727842384,0.9333333333333333,0.000936014758135604,0.725397859716345,0.2705318515818537,0.13917823346965158,0.0,0.00028244028405422856,0.03304864463423691,0.0
Bot-IoT,RANDOM_LINF,4,10,1024,3,5.791730880737305,18.743918657302856,20.98931453078432,0.8051083084974922,0.854784182877409,0.8051083084974922,0.7939357823105461,0.6666957011878205,0.13333333333333333,0.0,0.8135634895046652,0.7961806757027505,0.6993517921931438,0.0,0.0,0.0,0.0,0.595215163189649,0.5973972631114959,0.595215163189649,0.5945941449128551,0.23805509366928346,0.4666666666666667,1.817504384729328e-05,0.8028157965659183,0.6096516648405591,0.5042265593531037,0.0,4.034861200774693e-05,0.0,0.0
Bot-IoT,RANDOM_L2,4,10,1024,3,5.791730880737305,11.220620155334473,36.75492476557389,0.8051083084974922,0.854784182877409,0.8051083084974922,0.7939357823105461,0.6666957011878205,0.13333333333333333,0.0,0.8135634895046652,0.7961806757027505,0.6993517921931438,0.0,0.0,0.0,0.0,0.4375590608417533,0.5341860891533313,0.4375590608417533,0.46721056486815904,0.09514661351968769,0.6666666666666666,0.0034441708090620768,0.7471229418979891,0.23006799837720893,0.2218350335690719,0.0021634157738970906,0.004862007746933505,0.004827330115113257,0.0
Bot-IoT,FGSM,4,10,2048,2,5.745213270187378,17.63654923439026,55.19735407428945,0.7387602675001818,0.8240670370534638,0.7387602675001818,0.7117145290419653,0.5651054574017725,0.13333333333333333,0.0,0.8340510155809309,0.8238780362418566,0.6642431223028663,0.0,0.0,0.0,0.0,0.1867867267572872,0.44854188442154036,0.1867867267572872,0.19307583644707974,-0.20564394320589838,0.9333333333333333,0.0014540035077834626,0.757713750739576,0.28324893240109067,0.09622962612133343,0.0,0.0025621368624919303,0.012253991830672113,0.0
Bot-IoT,RANDOM_LINF,4,10,2048,2,5.745213270187378,18.321335077285767,12.16108163116959,0.7387602675001818,0.8240670370534638,0.7387602675001818,0.7117145290419653,0.5651054574017725,0.13333333333333333,0.0,0.8340510155809309,0.8238780362418566,0.6642431223028663,0.0,0.0,0.0,0.0,0.6171494511884859,0.6466298208020901,0.6171494511884859,0.5746265828662156,0.2891566819085175,0.4,9.08752192364664e-06,0.8120401909924517,0.644167723879584,0.5250477792527682,0.0,0.0,0.0003713330857779428,0.0
Bot-IoT,RANDOM_L2,4,10,2048,2,5.745213270187378,11.50827407836914,29.96747110561896,0.7387602675001818,0.8240670370534638,0.7387602675001818,0.7117145290419653,0.5651054574017725,0.13333333333333333,0.0,0.8340510155809309,0.8238780362418566,0.6642431223028663,0.0,0.0,0.0,0.0,0.43908555644399216,0.5410101198843716,0.43908555644399216,0.4330352637638856,0.0911238946695925,0.6666666666666666,0.0047982115756854266,0.7576283271562056,0.23543206569288389,0.20454762727401649,0.0040152996763530005,0.005790025823111685,0.0033419977720014855,0.0
Bot-IoT,FGSM,4,10,2048,3,5.800148010253906,19.639849424362183,49.74558406629352,0.7881533037726248,0.8456930237737871,0.7881533037726248,0.7739241309952187,0.6401150781170846,0.13333333333333333,0.0,0.827760772876178,0.8125106998565602,0.6908416296880365,0.0,0.0,0.0,0.0,0.29069746310968964,0.28393594787131055,0.29069746310968964,0.27238918399104994,-0.26329182068372237,0.9333333333333333,0.00023627557001481265,0.6713191253758957,0.336383147410638,0.18836702551256596,0.0,0.0001815687540348612,0.0063126624582250275,0.0
Bot-IoT,RANDOM_LINF,4,10,2048,3,5.800148010253906,18.45632791519165,18.576906302246133,0.7881533037726248,0.8456930237737871,0.7881533037726248,0.7739241309952187,0.6401150781170846,0.13333333333333333,0.0,0.827760772876178,0.8125106998565602,0.6908416296880365,0.0,0.0,0.0,0.0,0.6023842407501635,0.5990878388764121,0.6023842407501635,0.5988159647036637,0.23783409449973794,0.5333333333333333,0.0,0.8107721322114483,0.624002457075031,0.5311828049229533,0.0,0.0,0.0,0.0
Bot-IoT,RANDOM_L2,4,10,2048,3,5.800148010253906,12.034958124160767,35.53736279712146,0.7881533037726248,0.8456930237737871,0.7881533037726248,0.7739241309952187,0.6401150781170846,0.13333333333333333,0.0,0.827760772876178,0.8125106998565602,0.6908416296880365,0.0,0.0,0.0,0.0,0.4327796758014102,0.5426240583927053,0.4327796758014102,0.46201783082833814,0.10330652338475535,0.8666666666666667,0.0017811542970347415,0.7595410858524299,0.23652022250376267,0.21809063324237657,0.0011422835286176638,0.0024612653324725627,0.0029706646862235424,0.0
Bot-IoT,FGSM,4,15,1024,2,4.574730157852173,13.344922542572021,52.10801773642508,0.7582685178454605,0.8296208742096677,0.7582685178454605,0.7374560342051902,0.5927274114759156,0.13333333333333333,0.0,0.8301427480009277,0.8164128250357047,0.6752914977192407,0.0,0.0,0.0,0.0,0.23718834048120957,0.23169070707539655,0.23718834048120957,0.2308096812967198,-0.3945431898061973,0.9333333333333333,0.03773139102698085,0.5597570799148437,0.24907285127185105,0.12159131045327602,0.03783381505391232,0.016603453841187863,0.42443371704418864,0.0
Bot-IoT,RANDOM_LINF,4,15,1024,2,4.574730157852173,12.075005531311035,12.987933415715636,0.7582685178454605,0.8296208742096677,0.7582685178454605,0.7374560342051902,0.5927274114759156,0.13333333333333333,0.0,0.8301427480009277,0.8164128250357047,0.6752914977192407,0.0,0.0,0.0,0.0,0.6283891836883041,0.6264935133610398,0.6283891836883041,0.623297758380599,0.2830419984954665,0.4,4.5437609618233205e-05,0.8253375952305653,0.6926373347612363,0.7511005720273939,1.7307326191176726e-05,6.05229180116204e-05,0.0003713330857779428,0.0
Bot-IoT,RANDOM_L2,4,15,1024,2,4.574730157852173,12.759099006652832,25.799592934506066,0.7582685178454605,0.8296208742096677,0.7582685178454605,0.7374560342051902,0.5927274114759156,0.13333333333333333,0.0,0.8301427480009277,0.8164128250357047,0.6752914977192407,0.0,0.0,0.0,0.0,0.5002725885003998,0.5452066574055939,0.5002725885003998,0.5083617793977344,0.11989717753925701,0.4666666666666667,0.008923946529021001,0.6307022303468777,0.222945226338603,0.24754919894306923,0.007719067481264819,0.010248547449967721,0.0103973264017824,0.0
Bot-IoT,FGSM,4,15,1024,3,4.786514043807983,13.426881313323975,52.393327033510204,0.7104928400087228,0.8112875665007919,0.7104928400087228,0.6736484465096255,0.5205661881340289,0.13333333333333333,0.0,0.8180855564063668,0.8109370884600354,0.6479010395551927,0.0,0.0,0.0,0.0,0.1865595696736207,0.18228443652245738,0.1865595696736207,0.18269526154546187,-0.5278516167965933,0.9333333333333333,0.0,0.627748801984016,0.26204078989796575,0.20804407768840621,0.0,0.0,0.0,0.0
Bot-IoT,RANDOM_LINF,4,15,1024,3,4.786514043807983,13.595922470092773,8.83277604128807,0.7104928400087228,0.8112875665007919,0.7104928400087228,0.6736484465096255,0.5205661881340289,0.13333333333333333,0.0,0.8180855564063668,0.8109370884600354,0.6479010395551927,0.0,0.0,0.0,0.0,0.6221650795958421,0.6367104455425581,0.6221650795958421,0.5924987225242195,0.2861833786063041,0.4,0.0,0.8174369090025161,0.7139861875246207,0.7486059926536432,0.0,0.0,0.0,0.0
Bot-IoT,RANDOM_L2,4,15,1024,3,4.786514043807983,13.127078771591187,24.197681180489933,0.7104928400087228,0.8112875665007919,0.7104928400087228,0.6736484465096255,0.5205661881340289,0.13333333333333333,0.0,0.8180855564063668,0.8109370884600354,0.6479010395551927,0.0,0.0,0.0,0.0,0.4685160282038235,0.5423896069125579,0.4685160282038235,0.4708325372304832,0.1049377580901862,0.5333333333333333,0.007151879753909907,0.6195154897076026,0.21831170700447905,0.22351216303522317,0.006144100797867738,0.00827146546158812,0.008169327887114742,0.0
Bot-IoT,FGSM,4,15,2048,2,4.860634088516235,17.22784447669983,39.59529693973977,0.7618394272006979,0.8325023928463318,0.7618394272006979,0.741723186910878,0.5991771321478356,0.13333333333333333,0.0,0.8267994868795352,0.8128796166205206,0.6771055640906964,0.0,0.0,0.0,0.0,0.36588645780330015,0.591694486373837,0.36588645780330015,0.36667198403812845,0.0444451142463281,0.9333333333333333,0.0012904281131578229,0.6298883192078544,0.23155165481819653,0.16799582759107654,1.7307326191176726e-05,0.0028244028405422852,0.0003713330857779428,0.0
Bot-IoT,RANDOM_LINF,4,15,2048,2,4.860634088516235,14.078213453292847,15.559351602820382,0.7618394272006979,0.8325023928463318,0.7618394272006979,0.741723186910878,0.5991771321478356,0.13333333333333333,0.0,0.8267994868795352,0.8128796166205206,0.6771055640906964,0.0,0.0,0.0,0.0,0.606245911172494,0.6043814772678753,0.606245911172494,0.5988634684038403,0.24959305179301539,0.4,1.817504384729328e-05,0.8062589426530377,0.6572578798424148,0.7202351151825728,1.7307326191176726e-05,2.0174306003873465e-05,0.0,0.0
Bot-IoT,RANDOM_L2,4,15,2048,2,4.860634088516235,14.668326616287231,28.244711783092246,0.7618394272006979,0.8325023928463318,0.7618394272006979,0.741723186910878,0.5991771321478356,0.13333333333333333,0.0,0.8267994868795352,0.8128796166205206,0.6771055640906964,0.0,0.0,0.0,0.0,0.4793923093697754,0.5385848084751812,0.4793923093697754,0.48026109319561755,0.10409228033718636,0.7333333333333333,0.008351432647831263,0.7369801501306152,0.21772656884156913,0.22913699384667124,0.007044081759808927,0.009320529373789542,0.01856665428889714,0.0
Bot-IoT,FGSM,4,15,2048,3,4.599441289901733,14.065183162689209,69.18841317147634,0.8014737951588282,0.8536463794247624,0.8014737951588282,0.78955458820181,0.6616803764657088,0.13333333333333333,0.0,0.8350663068700971,0.8185914043228933,0.6974826898941408,0.0,0.0,0.0,0.0,0.10958966344406484,0.11005088056048988,0.10958966344406484,0.1038537450264018,-0.5615666435661498,0.9333333333333333,5.4525131541879844e-05,0.630824083100368,0.2197061286508608,0.1038779445568379,0.0,0.0,0.0022279985146676567,0.0
Bot-IoT,RANDOM_LINF,4,15,2048,3,4.599441289901733,14.373927354812622,18.236170676746376,0.8014737951588282,0.8536463794247624,0.8014737951588282,0.78955458820181,0.6616803764657088,0.13333333333333333,0.0,0.8350663068700971,0.8185914043228933,0.6974826898941408,0.0,0.0,0.0,0.0,0.6191120883913644,0.616594960528939,0.6191120883913644,0.612162764833636,0.2662197716685044,0.26666666666666666,3.635008769458656e-05,0.8216690220376721,0.7410042381530781,0.7665417561279186,0.0,4.034861200774693e-05,0.0007426661715558856,0.0
Bot-IoT,RANDOM_L2,4,15,2048,3,4.599441289901733,14.279015064239502,32.72152358799157,0.8014737951588282,0.8536463794247624,0.8014737951588282,0.78955458820181,0.6616803764657088,0.13333333333333333,0.0,0.8350663068700971,0.8185914043228933,0.6974826898941408,0.0,0.0,0.0,0.0,0.47425855927891253,0.5389770277911148,0.47425855927891253,0.4690563717428593,0.10203649259375615,0.6666666666666666,0.011341227360711009,0.7035136123059507,0.22021103776726308,0.223967557642265,0.009034424271794251,0.013960619754680438,0.012625324916450055,0.0
Bot-IoT,FGSM,4,20,1024,2,3.9136414527893066,13.309159517288208,65.37580867921785,0.800301664607109,0.8523827405041945,0.800301664607109,0.7882802254105024,0.6593238119727756,0.13333333333333333,0.0,0.8323787132049759,0.8210462307496253,0.6969467771517001,0.0,0.0,0.0,0.0,0.14654357781493058,0.15376489182668085,0.14654357781493058,0.14881270272082944,-0.6407290192171335,0.9333333333333333,9.08752192364664e-06,0.5892020637781876,0.22801213189429803,0.18413116726190884,0.0,0.0,0.0003713330857779428,0.0
Bot-IoT,RANDOM_LINF,4,20,1024,2,3.9136414527893066,11.676655054092407,18.55782510721814,0.800301664607109,0.8523827405041945,0.800301664607109,0.7882802254105024,0.6593238119727756,0.13333333333333333,0.0,0.8323787132049759,0.8210462307496253,0.6969467771517001,0.0,0.0,0.0,0.0,0.6147234135349277,0.6139700529950102,0.6147234135349277,0.6136682953706866,0.26680632701145923,0.4666666666666667,1.817504384729328e-05,0.8123373840004406,0.4802481892454872,0.524249028624553,0.0,2.0174306003873465e-05,0.0003713330857779428,0.0
Bot-IoT,RANDOM_L2,4,20,1024,2,3.9136414527893066,13.580639839172363,28.373737006614807,0.800301664607109,0.8523827405041945,0.800301664607109,0.7882802254105024,0.6593238119727756,0.13333333333333333,0.0,0.8323787132049759,0.8210462307496253,0.6969467771517001,0.0,0.0,0.0,0.0,0.516564294540961,0.543824340443434,0.516564294540961,0.518164680608016,0.11691113846887916,0.8,0.004561936005670614,0.6134083014423822,0.2169643395918556,0.24496489498541454,0.003980685023970647,0.0049830535829567466,0.00928332714444857,0.0
Bot-IoT,FGSM,4,20,1024,3,4.019616603851318,14.652568578720093,33.378461873955075,0.8081522134186232,0.8559581142258178,0.8081522134186232,0.7975526636103718,0.671068167352629,0.13333333333333333,0.0,0.8453959999773272,0.8231588816907423,0.7008923830704784,0.0,0.0,0.0,0.0,0.47436759467907247,0.3388815697338426,0.47436759467907247,0.36006182922451807,-0.14304648114770377,0.9333333333333333,0.0,0.6363189483516061,0.27278293233084067,0.23775752172942352,0.0,0.0,0.0,0.0
Bot-IoT,RANDOM_LINF,4,20,1024,3,4.019616603851318,12.561687469482422,17.586501417460198,0.8081522134186232,0.8559581142258178,0.8081522134186232,0.7975526636103718,0.671068167352629,0.13333333333333333,0.0,0.8453959999773272,0.8231588816907423,0.7008923830704784,0.0,0.0,0.0,0.0,0.6322871992440212,0.6341112035197293,0.6322871992440212,0.6202649629701261,0.2923286886754877,0.6666666666666666,0.0,0.8218516357714583,0.493057169266972,0.5833028592390418,0.0,0.0,0.0,0.0
Bot-IoT,RANDOM_L2,4,20,1024,3,4.019616603851318,11.664248704910278,31.2831649342153,0.8081522134186232,0.8559581142258178,0.8081522134186232,0.7975526636103718,0.671068167352629,0.13333333333333333,0.0,0.8453959999773272,0.8231588816907423,0.7008923830704784,0.0,0.0,0.0,0.0,0.4953205640764702,0.5289043714964908,0.4953205640764702,0.45875008986012084,0.08670964992031467,0.8,0.004152997519106515,0.7278697319847686,0.21807778232719652,0.22146600359032687,0.0034268505858529915,0.0047006132989025175,0.009654660230226514,0.0
Bot-IoT,FGSM,4,20,2048,2,4.005114555358887,11.303637981414795,45.699462092025875,0.7795576797266845,0.8423391512605869,0.7795576797266845,0.7633797313167866,0.627569020500593,0.13333333333333333,0.0,0.8414769332943702,0.8199694098151206,0.6863398624123703,0.0,0.0,0.0,0.0,0.32256305880642583,0.5429711874730252,0.32256305880642583,0.2676088977146387,-0.13161391298363945,0.9333333333333333,0.000354413355022219,0.7065262359582483,0.29956149396494075,0.13637149761874948,0.0,0.0003631375080697224,0.007797994801336799,0.0
Bot-IoT,RANDOM_LINF,4,20,2048,2,4.005114555358887,10.615936279296875,15.598422621211016,0.7795576797266845,0.8423391512605869,0.7795576797266845,0.7633797313167866,0.627569020500593,0.13333333333333333,0.0,0.8414769332943702,0.8199694098151206,0.6863398624123703,0.0,0.0,0.0,0.0,0.6235734535145744,0.6296073362024521,0.6235734535145744,0.6040725378457316,0.28482789840523104,0.4666666666666667,1.817504384729328e-05,0.8211586377036555,0.473804412658561,0.721376580017619,0.0,2.0174306003873465e-05,0.0003713330857779428,0.0
Bot-IoT,RANDOM_L2,4,20,2048,2,4.005114555358887,12.267972469329834,30.90154103365559,0.7795576797266845,0.8423391512605869,0.7795576797266845,0.7633797313167866,0.627569020500593,0.13333333333333333,0.0,0.8414769332943702,0.8199694098151206,0.6863398624123703,0.0,0.0,0.0,0.0,0.47054226939012866,0.5378102027665939,0.47054226939012866,0.44811155747776604,0.09009602323160332,0.6,0.0045346734398996735,0.6178566545390293,0.21678387034932042,0.21461857412846733,0.00301147475726475,0.006011943189154293,0.010025993316004456,0.0
Bot-IoT,FGSM,4,20,2048,3,3.9130280017852783,11.924323558807373,36.24700152649561,0.7769499164061933,0.8411165378881053,0.7769499164061933,0.7601886851846664,0.6235840066492915,0.13333333333333333,0.0,0.8391518991514484,0.8207850366616587,0.6849784545834596,0.0,0.0,0.0,0.0,0.4144799011412372,0.34398401153165176,0.4144799011412372,0.3368753979621422,-0.14759669171633566,0.9333333333333333,0.00036350087694586564,0.5796587931865367,0.19241832680499807,0.14081956870373818,0.0,0.0007262750161394448,0.0014853323431117712,0.0
Bot-IoT,RANDOM_LINF,4,20,2048,3,3.9130280017852783,12.675307989120483,15.905538998328128,0.7769499164061933,0.8411165378881053,0.7769499164061933,0.7601886851846664,0.6235840066492915,0.13333333333333333,0.0,0.8391518991514484,0.8207850366616587,0.6849784545834596,0.0,0.0,0.0,0.0,0.617894526422912,0.6195632079927631,0.617894526422912,0.6029829188035031,0.2682969306672497,0.4,2.7262565770939922e-05,0.8303566502832151,0.5203074676521882,0.7277284421165929,1.7307326191176726e-05,2.0174306003873465e-05,0.0003713330857779428,0.0
Bot-IoT,RANDOM_L2,4,20,2048,3,3.9130280017852783,12.536804676055908,28.967979937486376,0.7769499164061933,0.8411165378881053,0.7769499164061933,0.7601886851846664,0.6235840066492915,0.13333333333333333,0.0,0.8391518991514484,0.8207850366616587,0.6849784545834596,0.0,0.0,0.0,0.0,0.4872701170313295,0.5467955214687431,0.4872701170313295,0.46088240846230155,0.09834176264419354,0.5333333333333333,0.009223834752501341,0.6177809260026297,0.21780811778812378,0.21690191824320829,0.007892140743176587,0.010369593285990962,0.01670998886000743,0.0
Bot-IoT,FGSM,8,5,1024,2,15.483778715133667,8.871232271194458,65.39670713091517,0.6977084393399724,0.8064232049486839,0.6977084393399724,0.655516954629145,0.500657369246657,0.06666666666666667,9.08752192364664e-06,0.8041905071558986,0.7280218353471942,0.8410414034810418,0.0,0.0,0.0003713330857779428,0.0,0.043741368030820675,0.11501354621613201,0.043741368030820675,0.031359965796039176,-0.3650054623849964,0.9333333333333333,0.0003271507892512791,0.6995052615803881,0.4604809391436956,0.0334514844192091,0.0,0.0,0.013367991088005942,0.0
Bot-IoT,RANDOM_LINF,8,5,1024,2,15.483778715133667,26.939873218536377,13.716653340117757,0.6977084393399724,0.8064232049486839,0.6977084393399724,0.655516954629145,0.500657369246657,0.06666666666666667,9.08752192364664e-06,0.8041905071558986,0.7280218353471942,0.8410414034810418,0.0,0.0,0.0003713330857779428,0.0,0.5605419059387948,0.5678207612215858,0.5605419059387948,0.504562516750662,0.17241696917386964,0.6666666666666666,9.08752192364664e-06,0.7951649344888395,0.5965191575069257,0.4178625650538704,0.0,0.0,0.0003713330857779428,0.0
Bot-IoT,RANDOM_L2,8,5,1024,2,15.483778715133667,10.870737075805664,33.19310169368322,0.6977084393399724,0.8064232049486839,0.6977084393399724,0.655516954629145,0.500657369246657,0.06666666666666667,9.08752192364664e-06,0.8041905071558986,0.7280218353471942,0.8410414034810418,0.0,0.0,0.0003713330857779428,0.0,0.3657774224031402,0.5184240127787245,0.3657774224031402,0.3603777012743242,0.06620127402530833,0.6666666666666666,0.0011268527185321834,0.7483534805397051,0.23953584890883692,0.176402623023085,0.0007615223524117759,0.0014928986442866365,0.0022279985146676567,0.0
Bot-IoT,FGSM,8,5,1024,3,15.674366474151611,8.674818754196167,66.69513702115287,0.7202242494729956,0.8157625581372466,0.7202242494729956,0.6869832905936205,0.5360721999139265,0.13333333333333333,0.0,0.8029479572175251,0.7123456948263274,0.8536274849503587,0.0,0.0,0.0,0.0,0.05327287926146689,0.40048928402121264,0.05327287926146689,0.054779698472002036,-0.19484652318700468,0.9333333333333333,0.0010541525431430104,0.6700930457489513,0.31105933143864295,0.036210496319330536,0.0,0.0,0.043074637950241364,0.0
Bot-IoT,RANDOM_LINF,8,5,1024,3,15.674366474151611,31.233328104019165,18.210729083375732,0.7202242494729956,0.8157625581372466,0.7202242494729956,0.6869832905936205,0.5360721999139265,0.13333333333333333,0.0,0.8029479572175251,0.7123456948263274,0.8536274849503587,0.0,0.0,0.0,0.0,0.5381169586392383,0.589635334355901,0.5381169586392383,0.5037993569412602,0.18195387370655056,0.6,1.817504384729328e-05,0.7941923785604018,0.5637688591821919,0.367717921184815,0.0,4.034861200774693e-05,0.0,0.0
Bot-IoT,RANDOM_L2,8,5,1024,3,15.674366474151611,10.716662406921387,41.85959874972741,0.7202242494729956,0.8157625581372466,0.7202242494729956,0.6869832905936205,0.5360721999139265,0.13333333333333333,0.0,0.8029479572175251,0.7123456948263274,0.8536274849503587,0.0,0.0,0.0,0.0,0.30162826197572146,0.5326515296394451,0.30162826197572146,0.3263516116622244,0.0642412906458715,0.6,0.0025717687043919995,0.7554218228997058,0.24567771884279263,0.15277665619906244,0.0018864985548382631,0.0033085861846352486,0.003713330857779428,0.0
Bot-IoT,FGSM,8,5,2048,2,16.757818937301636,7.6275506019592285,68.05717089481719,0.7236952097114197,0.8164812080985544,0.7236952097114197,0.6918512300848128,0.5409364068976417,0.13333333333333333,0.0,0.8071989643695495,0.7529674423956053,0.8557242318449483,0.0,0.0,0.0,0.0,0.0431235007632478,0.3146593841362378,0.0431235007632478,0.03156438796727759,-0.29534646133149095,0.9333333333333333,0.0003362383111749257,0.7221874987309198,0.37364115070490306,0.031570521717890467,0.0,6.05229180116204e-05,0.012625324916450055,0.0
Bot-IoT,RANDOM_LINF,8,5,2048,2,16.757818937301636,22.028118133544922,17.48200915897361,0.7236952097114197,0.8164812080985544,0.7236952097114197,0.6918512300848128,0.5409364068976417,0.13333333333333333,0.0,0.8071989643695495,0.7529674423956053,0.8557242318449483,0.0,0.0,0.0,0.0,0.5488751181216835,0.5665850347599808,0.5488751181216835,0.5020238530841067,0.1698289539992888,0.7333333333333333,9.08752192364664e-06,0.7902825020477933,0.6217055669841414,0.3672224274878163,0.0,0.0,0.0003713330857779428,0.0
Bot-IoT,RANDOM_L2,8,5,2048,2,16.757818937301636,10.616331338882446,38.816602456931015,0.7236952097114197,0.8164812080985544,0.7236952097114197,0.6918512300848128,0.5409364068976417,0.13333333333333333,0.0,0.8071989643695495,0.7529674423956053,0.8557242318449483,0.0,0.0,0.0,0.0,0.3355291851421095,0.5315505660444675,0.3355291851421095,0.3500598750755411,0.06873076397218235,0.5333333333333333,0.0017811542970347415,0.749480329674016,0.24669531889267254,0.16912120781241657,0.0012980494643382544,0.0021384764364105876,0.005569996286669142,0.0
Bot-IoT,FGSM,8,5,2048,3,15.65170407295227,7.862613201141357,66.52249763756633,0.7123464418114415,0.8112944090916172,0.7123464418114415,0.6763873447939548,0.5229279304464357,0.13333333333333333,0.0,0.8038492733937088,0.7055895331535208,0.8490808934185828,0.0,0.0,0.0,0.0,0.04712146543577815,0.22941712533338762,0.04712146543577815,0.03680001985119456,-0.2605262064774735,0.9333333333333333,0.00036350087694586564,0.6705495033683178,0.2963481773130475,0.034503177397576634,0.0,6.05229180116204e-05,0.013739324173783884,0.0
Bot-IoT,RANDOM_LINF,8,5,2048,3,15.65170407295227,28.384865283966064,13.109689612560881,0.7123464418114415,0.8112944090916172,0.7123464418114415,0.6763873447939548,0.5229279304464357,0.13333333333333333,0.0,0.8038492733937088,0.7055895331535208,0.8490808934185828,0.0,0.0,0.0,0.0,0.5812495456858326,0.5965084766829484,0.5812495456858326,0.5593189431685595,0.22259630946619607,0.5333333333333333,9.08752192364664e-06,0.7921858879838016,0.5996279594429226,0.44557602696300674,0.0,2.0174306003873465e-05,0.0,0.0
Bot-IoT,RANDOM_L2,8,5,2048,3,15.65170407295227,11.147822618484497,33.139492621937926,0.7123464418114415,0.8112944090916172,0.7123464418114415,0.6763873447939548,0.5229279304464357,0.13333333333333333,0.0,0.8038492733937088,0.7055895331535208,0.8490808934185828,0.0,0.0,0.0,0.0,0.3809515155920622,0.5364416398439659,0.3809515155920622,0.38652490468891076,0.08098216570002294,0.5333333333333333,0.0032805954144364373,0.7571009846347112,0.2460816269090008,0.18285060340987297,0.0025268696239118017,0.00401468689477082,0.005941329372447085,0.0
Bot-IoT,FGSM,8,10,1024,2,9.115164041519165,10.048799276351929,47.5130842480192,0.7902794940757433,0.8471937330403384,0.7902794940757433,0.7764043663481089,0.6437455836278873,0.13333333333333333,0.0,0.8202171994086409,0.8097383897804221,0.891890427642419,0.0,0.0,0.0,0.0,0.31514865159555133,0.476427614099989,0.31514865159555133,0.3199160715416889,-0.09893547975558119,0.9333333333333333,0.0013358657227760561,0.7247870938380563,0.27493767699839056,0.15418187546871256,0.000311531871441181,0.0007867979341510652,0.03341997772001486,0.0
Bot-IoT,RANDOM_LINF,8,10,1024,2,9.115164041519165,20.368943452835083,21.0302028058443,0.7902794940757433,0.8471937330403384,0.7902794940757433,0.7764043663481089,0.6437455836278873,0.13333333333333333,0.0,0.8202171994086409,0.8097383897804221,0.891890427642419,0.0,0.0,0.0,0.0,0.5799774660173003,0.5777966691312142,0.5799774660173003,0.5572196970763882,0.1960033402426966,0.4,0.0,0.813129924273753,0.7303412382221566,0.520285770868563,0.0,0.0,0.0,0.0
Bot-IoT,RANDOM_L2,8,10,1024,2,9.115164041519165,13.865058422088623,33.517482009158975,0.7902794940757433,0.8471937330403384,0.7902794940757433,0.7764043663481089,0.6437455836278873,0.13333333333333333,0.0,0.8202171994086409,0.8097383897804221,0.891890427642419,0.0,0.0,0.0,0.0,0.4551046739841535,0.5297130693165982,0.4551046739841535,0.4550396678875306,0.09557273000901592,0.7333333333333333,0.0012722530693105296,0.7661339933087972,0.25317397140772924,0.2270271315807486,0.0007788296786029527,0.001815687540348612,0.001856665428889714,0.0
Bot-IoT,FGSM,8,10,1024,3,9.452020406723022,14.140150308609009,55.065602965762885,0.7233317583775533,0.8157081436754392,0.7233317583775533,0.6914842302191726,0.5399220176016302,0.13333333333333333,0.0,0.820974539530081,0.8077415239663726,0.8555712100690854,0.0,0.0,0.0,0.0,0.1726757287199244,0.30243967393833887,0.1726757287199244,0.2028510690022527,-0.18137293470367702,0.9333333333333333,2.7262565770939922e-05,0.7591653481968137,0.3651560025351591,0.12594597447012884,0.0,4.034861200774693e-05,0.0003713330857779428,0.0
Bot-IoT,RANDOM_LINF,8,10,1024,3,9.452020406723022,17.29693293571472,10.927164352693175,0.7233317583775533,0.8157081436754392,0.7233317583775533,0.6914842302191726,0.5399220176016302,0.13333333333333333,0.0,0.820974539530081,0.8077415239663726,0.8555712100690854,0.0,0.0,0.0,0.0,0.6140601148506215,0.6204756449843277,0.6140601148506215,0.5989827693237793,0.2725984664794652,0.6,0.0,0.8157969562334296,0.6702884929710194,0.4799026791252084,0.0,0.0,0.0,0.0
Bot-IoT,RANDOM_L2,8,10,1024,3,9.452020406723022,12.285294532775879,24.59020862106564,0.7233317583775533,0.8157081436754392,0.7233317583775533,0.6914842302191726,0.5399220176016302,0.13333333333333333,0.0,0.820974539530081,0.8077415239663726,0.8555712100690854,0.0,0.0,0.0,0.0,0.47742967216689686,0.5571774834104445,0.47742967216689686,0.49282709467013996,0.13376785337253788,0.7333333333333333,0.0007360892758153779,0.7765413860254143,0.2532505177250222,0.24978770078503215,0.0002942245452500043,0.0011499354422207877,0.0025993316004456,0.0
Bot-IoT,FGSM,8,10,2048,2,8.733036756515503,15.80666446685791,57.486188849313066,0.8045449589299992,0.8556616124156803,0.8045449589299992,0.7930983957489439,0.6667821109835836,0.13333333333333333,0.0,0.8230112715286337,0.8142704712034327,0.8989816925890374,0.0,0.0,0.0,0.0,0.2296830704368685,0.24142274954946918,0.2296830704368685,0.22438201667477745,-0.256278410746839,0.9333333333333333,0.0,0.7435817251989592,0.25638980680654694,0.14001419940754894,0.0,0.0,0.0,0.0
Bot-IoT,RANDOM_LINF,8,10,2048,2,8.733036756515503,21.871378898620605,21.18103510939885,0.8045449589299992,0.8556616124156803,0.8045449589299992,0.7930983957489439,0.6667821109835836,0.13333333333333333,0.0,0.8230112715286337,0.8142704712034327,0.8989816925890374,0.0,0.0,0.0,0.0,0.5927346078360107,0.6001014991597897,0.5927346078360107,0.5626185245311499,0.23062877516239697,0.5333333333333333,9.08752192364664e-06,0.8158816732573815,0.7153518726939245,0.4796848763992738,0.0,0.0,0.0003713330857779428,0.0
Bot-IoT,RANDOM_L2,8,10,2048,2,8.733036756515503,15.505239248275757,35.01581013302319,0.8045449589299992,0.8556616124156803,0.8045449589299992,0.7930983957489439,0.6667821109835836,0.13333333333333333,0.0,0.8230112715286337,0.8142704712034327,0.8989816925890374,0.0,0.0,0.0,0.0,0.4543868575997674,0.5462118661569743,0.4543868575997674,0.45440990051535124,0.1079786586746434,0.8666666666666667,0.0013994783762415826,0.7716664659878822,0.24840574754367956,0.21849152653200044,0.0009865175928970734,0.001815687540348612,0.0025993316004456,0.0
Bot-IoT,FGSM,8,10,2048,3,9.016512155532837,9.833864212036133,63.633968161663155,0.7755324562041143,0.8387185173499169,0.7755324562041143,0.7587616384844139,0.6200297151511076,0.13333333333333333,0.0,0.8165879713881147,0.8131432882527173,0.8843809056031582,0.0,0.0,0.0,0.0,0.13919277458748275,0.22610299323897298,0.13919277458748275,0.1467156486971944,-0.30499765404642004,0.9333333333333333,9.08752192364664e-06,0.7292846741885403,0.44455973419037453,0.10138513761503229,0.0,0.0,0.0003713330857779428,0.0
Bot-IoT,RANDOM_LINF,8,10,2048,3,9.016512155532837,16.237748622894287,19.667260303845314,0.7755324562041143,0.8387185173499169,0.7755324562041143,0.7587616384844139,0.6200297151511076,0.13333333333333333,0.0,0.8165879713881147,0.8131432882527173,0.8843809056031582,0.0,0.0,0.0,0.0,0.5788598531656611,0.5795784392252787,0.5788598531656611,0.5521547267775407,0.19844993265902686,0.7333333333333333,9.08752192364664e-06,0.8118095547507613,0.6646835215039871,0.437401827564298,0.0,0.0,0.0003713330857779428,0.0
Bot-IoT,RANDOM_L2,8,10,2048,3,9.016512155532837,11.109029054641724,32.946863414988734,0.7755324562041143,0.8387185173499169,0.7755324562041143,0.7587616384844139,0.6200297151511076,0.13333333333333333,0.0,0.8165879713881147,0.8131432882527173,0.8843809056031582,0.0,0.0,0.0,0.0,0.44606382205422695,0.5298668756288122,0.44606382205422695,0.4551616849201383,0.09576248845447721,0.6666666666666666,0.0011359402404558302,0.7758544503152717,0.25038687052944003,0.22842028798931158,0.000882673635750013,0.0013315041962556487,0.0029706646862235424,0.0
Bot-IoT,FGSM,8,15,1024,2,7.141745328903198,14.355184078216553,51.412917060405604,0.8136675874100457,0.859687264493054,0.8136675874100457,0.8038293731198969,0.680299770560595,0.13333333333333333,0.0,0.833111776353423,0.8194984559579399,0.9035465534832294,0.0,0.0,0.0,0.0,0.2995384168059897,0.4396495013812646,0.2995384168059897,0.3421386036656124,0.007221511948546487,0.9333333333333333,0.00017266291654928617,0.710921755375854,0.3088672936849076,0.17573353609292422,0.0,0.0,0.007055328629780914,0.0
Bot-IoT,RANDOM_LINF,8,15,1024,2,7.141745328903198,17.23591685295105,19.709965835574618,0.8136675874100457,0.859687264493054,0.8136675874100457,0.8038293731198969,0.680299770560595,0.13333333333333333,0.0,0.833111776353423,0.8194984559579399,0.9035465534832294,0.0,0.0,0.0,0.0,0.6165679290542996,0.6176599807933013,0.6165679290542996,0.6108802667469897,0.27435301266458717,0.6,1.817504384729328e-05,0.8269438853330072,0.703986198910051,0.4810407917816499,0.0,2.0174306003873465e-05,0.0003713330857779428,0.0
Bot-IoT,RANDOM_L2,8,15,1024,2,7.141745328903198,20.363057136535645,34.68870393254343,0.8136675874100457,0.859687264493054,0.8136675874100457,0.8038293731198969,0.680299770560595,0.13333333333333333,0.0,0.833111776353423,0.8194984559579399,0.9035465534832294,0.0,0.0,0.0,0.0,0.46678054808461145,0.5389571235230869,0.46678054808461145,0.48287791874768665,0.107385236837779,0.6666666666666666,0.005225325106096818,0.7749543083790631,0.22577647806370682,0.23286110554220246,0.004292216895411828,0.00605229180116204,0.010025993316004456,0.0
Bot-IoT,FGSM,8,15,1024,3,7.302450895309448,21.710205793380737,53.75536090717452,0.7392236679508614,0.8213384952025259,0.7392236679508614,0.7129047260018195,0.5636177416089537,0.13333333333333333,0.0,0.8255410244766421,0.8138124798666132,0.8647374131463847,0.0,0.0,0.0,0.0,0.2016700588791161,0.21021023949289186,0.2016700588791161,0.19691722620689936,-0.3598280605492805,0.9333333333333333,0.0003271507892512791,0.7739120085032006,0.3555401202187091,0.13611068318206815,0.0,0.000302614590058102,0.007797994801336799,0.0
Bot-IoT,RANDOM_LINF,8,15,1024,3,7.302450895309448,16.887046337127686,14.92694628189285,0.7392236679508614,0.8213384952025259,0.7392236679508614,0.7129047260018195,0.5636177416089537,0.13333333333333333,0.0,0.8255410244766421,0.8138124798666132,0.8647374131463847,0.0,0.0,0.0,0.0,0.5899542051319329,0.5950503826236542,0.5899542051319329,0.5794317986984965,0.22934366146345186,0.26666666666666666,2.7262565770939922e-05,0.818600504256225,0.5990583410365508,0.498297161435249,0.0,0.0,0.0011139992573338284,0.0
Bot-IoT,RANDOM_L2,8,15,1024,3,7.302450895309448,17.946075916290283,30.023806062368248,0.7392236679508614,0.8213384952025259,0.7392236679508614,0.7129047260018195,0.5636177416089537,0.13333333333333333,0.0,0.8255410244766421,0.8138124798666132,0.8647374131463847,0.0,0.0,0.0,0.0,0.4389856073271789,0.5301546682082847,0.4389856073271789,0.45924210453561193,0.09092375060258974,0.6,0.004789124053761779,0.6934086451599437,0.22181571045039394,0.2187618873668254,0.003980685023970647,0.005326016785022595,0.012253991830672113,0.0
Bot-IoT,FGSM,8,15,2048,2,6.838321685791016,19.797531843185425,50.12629933851858,0.8032910518281602,0.8543004327631089,0.8032910518281602,0.7917400425849164,0.6642558080000788,0.06666666666666667,0.0,0.8337511937848099,0.8275687235466075,0.9058330060760177,0.0,0.0,0.0,0.0,0.3020280584429745,0.34101623317187246,0.3020280584429745,0.3118555290103194,-0.1736848695317441,0.9333333333333333,8.178769731281977e-05,0.7412685743890052,0.26420247886172293,0.1812253462456235,0.0,0.0,0.0033419977720014855,0.0
Bot-IoT,RANDOM_LINF,8,15,2048,2,6.838321685791016,16.724990844726562,18.933997237769862,0.8032910518281602,0.8543004327631089,0.8032910518281602,0.7917400425849164,0.6642558080000788,0.06666666666666667,0.0,0.8337511937848099,0.8275687235466075,0.9058330060760177,0.0,0.0,0.0,0.0,0.6139510794504616,0.6118119537115817,0.6139510794504616,0.6041310969274726,0.25948385653821004,0.2,9.08752192364664e-06,0.8240340861145299,0.7064271263802513,0.7071106041903553,0.0,2.0174306003873465e-05,0.0,0.0
Bot-IoT,RANDOM_L2,8,15,2048,2,6.838321685791016,18.787161350250244,31.66297157810569,0.8032910518281602,0.8543004327631089,0.8032910518281602,0.7917400425849164,0.6642558080000788,0.06666666666666667,0.0,0.8337511937848099,0.8275687235466075,0.9058330060760177,0.0,0.0,0.0,0.0,0.48666133604710327,0.5442326815387204,0.48666133604710327,0.49445715543397384,0.11812901221926363,0.4,0.002235530393217074,0.7661890211924411,0.22970160468300285,0.2504862703396773,0.0016615033143529657,0.0027033570045190444,0.005941329372447085,0.0
Bot-IoT,FGSM,8,15,2048,3,6.939844846725464,28.253541231155396,32.35898088245984,0.7647561241549756,0.835430435711366,0.7647561241549756,0.7450890856920213,0.6048915215497215,0.13333333333333333,0.0,0.8347008630610573,0.8263661144622223,0.678530866603105,0.0,0.0,0.0,0.0,0.44116631533037726,0.4192178570097149,0.44116631533037726,0.35983052336889143,0.009266195512805225,0.9333333333333333,0.00010905026308375969,0.6866711707979327,0.30622512673419094,0.18312571895062107,0.0,6.05229180116204e-05,0.0033419977720014855,0.0
Bot-IoT,RANDOM_LINF,8,15,2048,3,6.939844846725464,18.292474031448364,15.244057570691282,0.7647561241549756,0.835430435711366,0.7647561241549756,0.7450890856920213,0.6048915215497215,0.13333333333333333,0.0,0.8347008630610573,0.8263661144622223,0.678530866603105,0.0,0.0,0.0,0.0,0.6123155484480628,0.6173469791677645,0.6123155484480628,0.5969615185652489,0.26696826878934365,0.6666666666666666,9.08752192364664e-06,0.8244177807868137,0.5811809209607723,0.4649302457891894,0.0,0.0,0.0003713330857779428,0.0
Bot-IoT,RANDOM_L2,8,15,2048,3,6.939844846725464,19.797523736953735,31.322235952605944,0.7647561241549756,0.835430435711366,0.7647561241549756,0.7450890856920213,0.6048915215497215,0.13333333333333333,0.0,0.8347008630610573,0.8263661144622223,0.678530866603105,0.0,0.0,0.0,0.0,0.4515337646289162,0.5446968199959284,0.4515337646289162,0.454175291322353,0.10275126529946636,0.8,0.003162457629429031,0.7541878897729718,0.2233089617709732,0.21406099394795053,0.0026134062548676855,0.0035506778566817302,0.007797994801336799,0.0
Bot-IoT,FGSM,8,20,1024,2,6.000067710876465,18.66370701789856,73.83332121828887,0.8212637202878534,0.8638542290372238,0.8212637202878534,0.812546926619739,0.6921906969232399,0.13333333333333333,0.0,0.8485175664024982,0.8372841320674997,0.9072441672785043,0.0,0.0,0.0,0.0,0.08293050810496475,0.08085138074985784,0.08293050810496475,0.07550597937323665,-0.5442861162955792,0.8666666666666667,0.006806553920811334,0.6649307825451295,0.22477207543190358,0.059248536906296036,0.0001384586095294138,0.014182537120723046,0.014110657259561827,0.0
Bot-IoT,RANDOM_LINF,8,20,1024,2,6.000067710876465,15.750805377960205,23.419895326015848,0.8212637202878534,0.8638542290372238,0.8212637202878534,0.812546926619739,0.6921906969232399,0.13333333333333333,0.0,0.8485175664024982,0.8372841320674997,0.9072441672785043,0.0,0.0,0.0,0.0,0.587064767027695,0.5909960572910014,0.587064767027695,0.583681527735432,0.2257505046760252,0.26666666666666666,0.0001999254823202261,0.8126521175908378,0.45844720573168923,0.4389745948892827,0.00012115128333823707,0.0002622659780503551,0.0007426661715558856,0.0
Bot-IoT,RANDOM_L2,8,20,1024,2,6.000067710876465,18.062586545944214,37.148360834484265,0.8212637202878534,0.8638542290372238,0.8212637202878534,0.812546926619739,0.6921906969232399,0.13333333333333333,0.0,0.8485175664024982,0.8372841320674997,0.9072441672785043,0.0,0.0,0.0,0.0,0.4497801119430108,0.524343946088115,0.4497801119430108,0.45377098352454076,0.07545584481589857,0.6,0.024445433974609465,0.6120940878664136,0.2146435635648992,0.21213969748907852,0.02229183613423562,0.027033570045190445,0.023022651318232456,0.0
Bot-IoT,FGSM,8,20,1024,3,7.234113693237305,23.27862310409546,50.53881660245694,0.7985389256378571,0.851570890525245,0.7985389256378571,0.7861914105222478,0.6566673165339568,0.06666666666666667,0.0,0.83446532388901,0.8335078063693786,0.9034408185285507,0.0,0.0,0.0,0.0,0.2931507596132878,0.26417151392646976,0.2931507596132878,0.27153214296671957,-0.310832501539172,0.9333333333333333,0.03207895239047264,0.7392860429275342,0.276964136351097,0.17896066702204955,0.01273819207670607,0.052049709489993545,0.07946528035647976,0.0
Bot-IoT,RANDOM_LINF,8,20,1024,3,7.234113693237305,18.790287971496582,17.88907465290398,0.7985389256378571,0.851570890525245,0.7985389256378571,0.7861914105222478,0.6566673165339568,0.06666666666666667,0.0,0.83446532388901,0.8335078063693786,0.9034408185285507,0.0,0.0,0.0,0.0,0.6196481791088173,0.624366057340133,0.6196481791088173,0.6004471493510027,0.27353846402398857,0.5333333333333333,1.817504384729328e-05,0.8138811512037784,0.6877276977509554,0.7153968187195814,0.0,2.0174306003873465e-05,0.0003713330857779428,0.0
Bot-IoT,RANDOM_L2,8,20,1024,3,7.234113693237305,21.116660356521606,29.792105837028426,0.7985389256378571,0.851570890525245,0.7985389256378571,0.7861914105222478,0.6566673165339568,0.06666666666666667,0.0,0.83446532388901,0.8335078063693786,0.9034408185285507,0.0,0.0,0.0,0.0,0.5006178672675728,0.5385263859392236,0.5006178672675728,0.48323668137174175,0.10278563184362415,0.6,0.00941467271289792,0.7320377271413621,0.22016066962650674,0.23554725661066578,0.00872289240035307,0.009320529373789542,0.025993316004455997,0.0
Bot-IoT,FGSM,8,20,2048,2,5.804425239562988,18.31934952735901,33.80824307625209,0.8184742313004288,0.8611765157895024,0.8184742313004288,0.8095248960519426,0.6868677312265145,0.06666666666666667,0.0,0.848332990905794,0.8394873849235257,0.913395732342671,0.0,0.0,0.0,0.0,0.480391800537908,0.7005854148052015,0.480391800537908,0.5604197599489316,0.24417469224482544,0.9333333333333333,0.01958360974545851,0.7148305623606132,0.3010761701922436,0.24734757370473193,0.0363626923276623,0.00010087153001936733,0.0181953212031192,0.0
Bot-IoT,RANDOM_LINF,8,20,2048,2,5.804425239562988,18.176133394241333,21.571745293305224,0.8184742313004288,0.8611765157895024,0.8184742313004288,0.8095248960519426,0.6868677312265145,0.06666666666666667,0.0,0.848332990905794,0.8394873849235257,0.913395732342671,0.0,0.0,0.0,0.0,0.6027567783673766,0.6125291708286063,0.6027567783673766,0.6017532024013709,0.2640352159836414,0.6666666666666666,2.7262565770939922e-05,0.8192992917670538,0.4623868267922792,0.4613426900887019,0.0,4.034861200774693e-05,0.0003713330857779428,0.0
Bot-IoT,RANDOM_L2,8,20,2048,2,5.804425239562988,19.75189208984375,36.68405175546994,0.8184742313004288,0.8611765157895024,0.8184742313004288,0.8095248960519426,0.6868677312265145,0.06666666666666667,0.0,0.848332990905794,0.8394873849235257,0.913395732342671,0.0,0.0,0.0,0.0,0.45163371374572947,0.5329642353787641,0.45163371374572947,0.47012317803442055,0.09216946090755139,0.6666666666666666,0.008078806990121864,0.6411695790404721,0.2191626196427534,0.22149006455169848,0.006438325343117742,0.009845061329890251,0.010768659487560341,0.0
Bot-IoT,FGSM,8,20,2048,3,6.782972097396851,29.58960771560669,36.923929635821764,0.8052809478810787,0.855275860954986,0.8052809478810787,0.794079940909506,0.6672907575055177,0.06666666666666667,0.0,0.8389609824273145,0.8307516865751593,0.9068280324787885,0.0,0.0,0.0,0.0,0.43604165152286106,0.4923169758562924,0.43604165152286106,0.4282289633858824,0.016364844773491254,0.9333333333333333,0.03127925046119174,0.6838674011629516,0.2723422568599957,0.19040371499229777,0.030824347946485746,0.006334732085216269,0.500185666542889,0.0
Bot-IoT,RANDOM_LINF,8,20,2048,3,6.782972097396851,18.09749126434326,19.94530057425311,0.8052809478810787,0.855275860954986,0.8052809478810787,0.794079940909506,0.6672907575055177,0.06666666666666667,0.0,0.8389609824273145,0.8307516865751593,0.9068280324787885,0.0,0.0,0.0,0.0,0.6058279421385476,0.6109141989546534,0.6058279421385476,0.6057226626937258,0.2631878431066381,0.6,2.7262565770939922e-05,0.8177668783412507,0.5132199015770976,0.4628736972796171,1.7307326191176726e-05,4.034861200774693e-05,0.0,0.0
Bot-IoT,RANDOM_L2,8,20,2048,3,6.782972097396851,21.39266014099121,31.404921131060554,0.8052809478810787,0.855275860954986,0.8052809478810787,0.794079940909506,0.6672907575055177,0.06666666666666667,0.0,0.8389609824273145,0.8307516865751593,0.9068280324787885,0.0,0.0,0.0,0.0,0.4912317365704732,0.5393107434180644,0.4912317365704732,0.4922021610237879,0.10694048617561705,0.7333333333333333,0.008687670959006188,0.7433480218093298,0.22043085320136102,0.2368854055556513,0.0076325308503089355,0.009401226597805035,0.0181953212031192,0.0
Bot-IoT,FGSM,10,5,1024,2,18.92762279510498,10.710485696792603,64.85789052845824,0.7803118412444574,0.8423372171074509,0.7803118412444574,0.7643677794192517,0.628429831002817,0.13333333333333333,0.0,0.8116376132973973,0.7499333919025464,0.8867607918545005,0.0,0.0,0.0,0.0,0.13173293595987498,0.3973935603991629,0.13173293595987498,0.16516162346038893,-0.18891576073793745,0.9333333333333333,0.0006543015785025582,0.7232101077125452,0.5255073160836798,0.08742588260028032,0.0,0.0,0.026735982176011884,0.0
Bot-IoT,RANDOM_LINF,10,5,1024,2,18.92762279510498,25.659107208251953,19.23021007487098,0.7803118412444574,0.8423372171074509,0.7803118412444574,0.7643677794192517,0.628429831002817,0.13333333333333333,0.0,0.8116376132973973,0.7499333919025464,0.8867607918545005,0.0,0.0,0.0,0.0,0.5880097404957476,0.5861356128853252,0.5880097404957476,0.5725243993288927,0.21380737323543964,0.7333333333333333,9.08752192364664e-06,0.8020291213291506,0.6222354774075851,0.4508701544057196,0.0,0.0,0.0003713330857779428,0.0
Bot-IoT,RANDOM_L2,10,5,1024,2,18.92762279510498,12.200648546218872,38.23417169441012,0.7803118412444574,0.8423372171074509,0.7803118412444574,0.7643677794192517,0.628429831002817,0.13333333333333333,0.0,0.8116376132973973,0.7499333919025464,0.8867607918545005,0.0,0.0,0.0,0.0,0.39797012430035617,0.536559872866567,0.39797012430035617,0.41569300744516136,0.08854153704065983,0.6666666666666666,0.00039076344271680557,0.7594739603130884,0.28855632859794683,0.22199957356993177,0.0002769172190588276,0.00046400903808908975,0.0014853323431117712,0.0
Bot-IoT,FGSM,10,5,1024,3,18.53426766395569,8.958633661270142,71.24463909282547,0.7505724358508395,0.829266067651877,0.7505724358508395,0.7270648648897993,0.5833050796090669,0.0,9.08752192364664e-06,0.8115666891220391,0.7948843086278623,0.8786828189036504,0.0,0.0,0.0003713330857779428,0.0,0.03812604492258487,0.33522639896405076,0.03812604492258487,0.02598967951917177,-0.28471414466463857,0.9333333333333333,0.0008905771485173707,0.6563067245332984,0.4973171304425958,0.02465111557420946,0.00022499524048529742,0.00014122014202711428,0.028963980690679538,0.0
Bot-IoT,RANDOM_LINF,10,5,1024,3,18.53426766395569,30.643455266952515,18.986697681180488,0.7505724358508395,0.829266067651877,0.7505724358508395,0.7270648648897993,0.5833050796090669,0.0,9.08752192364664e-06,0.8115666891220391,0.7948843086278623,0.8786828189036504,0.0,0.0,0.0003713330857779428,0.0,0.5607054590390347,0.5738771005334882,0.5607054590390347,0.5183387219362945,0.18332249513315393,0.5333333333333333,1.817504384729328e-05,0.7999364945101807,0.6083504735160542,0.4233338208325918,0.0,0.0,0.0007426661715558856,0.0
Bot-IoT,RANDOM_L2,10,5,1024,3,18.53426766395569,11.889302968978882,37.94159337064767,0.7505724358508395,0.829266067651877,0.7505724358508395,0.7270648648897993,0.5833050796090669,0.0,9.08752192364664e-06,0.8115666891220391,0.7948843086278623,0.8786828189036504,0.0,0.0,0.0003713330857779428,0.0,0.37115650214436285,0.5224980375100303,0.37115650214436285,0.36285459709425355,0.073822658075474,0.8,0.002708081533246699,0.7555068921548573,0.2441031039048794,0.16780136313780064,0.0021807231000882674,0.003288411878631375,0.0033419977720014855,0.0
Bot-IoT,FGSM,10,5,2048,2,18.46850037574768,8.932409286499023,71.15922802936686,0.7541342589227302,0.8294549968585806,0.7541342589227302,0.7318901068067062,0.5876981823000778,0.13333333333333333,0.0,0.8111298640572698,0.7235233509626899,0.8728924703997976,0.0,0.0,0.0,0.0,0.04254197862906157,0.2759028859870476,0.04254197862906157,0.03304637394005706,-0.33352135273864036,0.9333333333333333,0.0007360892758153779,0.6691012184975424,0.4664060930084647,0.029819361988226822,0.0,0.0,0.030077979948013367,0.0
Bot-IoT,RANDOM_LINF,10,5,2048,2,18.46850037574768,24.040791749954224,17.357527077124367,0.7541342589227302,0.8294549968585806,0.7541342589227302,0.7318901068067062,0.5876981823000778,0.13333333333333333,0.0,0.8111298640572698,0.7235233509626899,0.8728924703997976,0.0,0.0,0.0,0.0,0.5805589881514865,0.5929976176293501,0.5805589881514865,0.5370646312753169,0.21232839766474126,0.5333333333333333,9.08752192364664e-06,0.8038470212634206,0.6449271732567079,0.462492567742305,0.0,0.0,0.0003713330857779428,0.0
Bot-IoT,RANDOM_L2,10,5,2048,2,18.46850037574768,11.219168424606323,37.603583630151924,0.7541342589227302,0.8294549968585806,0.7541342589227302,0.7318901068067062,0.5876981823000778,0.13333333333333333,0.0,0.8111298640572698,0.7235233509626899,0.8728924703997976,0.0,0.0,0.0,0.0,0.378098422621211,0.5496779320980463,0.378098422621211,0.37530475582076356,0.08165712738376582,0.6666666666666666,0.0023900182659190665,0.7581520578864642,0.25150274550185864,0.1763218389042801,0.0014884300524411983,0.0033691091026468688,0.003713330857779428,0.0
Bot-IoT,FGSM,10,5,2048,3,18.931434869766235,9.410519123077393,64.09373409900414,0.6862960674565676,0.8017576476289069,0.6862960674565676,0.6389563446798768,0.48240635386802877,0.13333333333333333,0.0,0.7987240147137948,0.6896617956815139,0.8329507402340479,0.0,0.0,0.0,0.0,0.04535872646652613,0.420291386949015,0.04535872646652613,0.031238324995573278,-0.33312123247585756,0.9333333333333333,0.0008178769731281976,0.6837174495278691,0.5081597991803534,0.028251956591296118,0.0,0.00010087153001936733,0.03156331229112514,0.0
Bot-IoT,RANDOM_LINF,10,5,2048,3,18.931434869766235,17.47160768508911,13.419531874681978,0.6862960674565676,0.8017576476289069,0.6862960674565676,0.6389563446798768,0.48240635386802877,0.13333333333333333,0.0,0.7987240147137948,0.6896617956815139,0.8329507402340479,0.0,0.0,0.0,0.0,0.5521007487097478,0.5724121766626289,0.5521007487097478,0.45541988724821275,0.1683819741039758,0.6,1.817504384729328e-05,0.7936857004250276,0.5980935147001791,0.4070034352049022,0.0,0.0,0.0007426661715558856,0.0
Bot-IoT,RANDOM_L2,10,5,2048,3,18.931434869766235,10.785475254058838,33.42661917569237,0.6862960674565676,0.8017576476289069,0.6862960674565676,0.6389563446798768,0.48240635386802877,0.13333333333333333,0.0,0.7987240147137948,0.6896617956815139,0.8329507402340479,0.0,0.0,0.0,0.0,0.35202987569964383,0.5460483855222426,0.35202987569964383,0.34031733130025604,0.06652053891762774,0.8666666666666667,0.0015267036831726356,0.7566677282792391,0.24325005652340076,0.1570421043506158,0.0010557468976617802,0.0020577792123950937,0.001856665428889714,0.0
Bot-IoT,FGSM,10,10,1024,2,11.13926887512207,21.395370483398438,62.61357854183325,0.8199734680526277,0.862753945930315,0.8199734680526277,0.8111294347683966,0.6898439826634843,0.13333333333333333,0.0,0.821821298820647,0.8126743946456036,0.9066468121874603,0.0,0.0,0.0,0.0,0.19383768263429527,0.34723435157683075,0.19383768263429527,0.23074942077245222,-0.1264976600116718,0.9333333333333333,6.361265346552648e-05,0.6853206402351143,0.28164212222648743,0.12807121486712267,3.461465238235345e-05,2.0174306003873465e-05,0.0014853323431117712,0.0
Bot-IoT,RANDOM_LINF,10,10,1024,2,11.13926887512207,25.604451656341553,22.564876063095152,0.8199734680526277,0.862753945930315,0.8199734680526277,0.8111294347683966,0.6898439826634843,0.13333333333333333,0.0,0.821821298820647,0.8126743946456036,0.9066468121874603,0.0,0.0,0.0,0.0,0.5943247074216762,0.5909241296696851,0.5943247074216762,0.5846503833823868,0.2230564168219357,0.7333333333333333,9.08752192364664e-06,0.8203209795307747,0.7567397007359349,0.46708910670789106,0.0,0.0,0.0003713330857779428,0.0
Bot-IoT,RANDOM_L2,10,10,1024,2,11.13926887512207,17.237117052078247,35.91535218434252,0.8199734680526277,0.862753945930315,0.8199734680526277,0.8111294347683966,0.6898439826634843,0.13333333333333333,0.0,0.821821298820647,0.8126743946456036,0.9066468121874603,0.0,0.0,0.0,0.0,0.4608199462092026,0.5442815434167033,0.4608199462092026,0.47803188455337753,0.11507461981677956,0.5333333333333333,0.001490353595478049,0.7611832348210908,0.27294100989016096,0.24218716979254498,0.0009692102667058966,0.002017430600387347,0.0029706646862235424,0.0
Bot-IoT,FGSM,10,10,1024,3,10.472953081130981,9.344817638397217,71.18012648106418,0.7873173657047321,0.8444107765745522,0.7873173657047321,0.7730728146526061,0.6381206010344908,0.06666666666666667,0.0,0.8158729648405654,0.8072863137472245,0.8979053797871807,0.0,0.0,0.0,0.0,0.07551610089409028,0.28074505074556383,0.07551610089409028,0.0766446059163894,-0.32533448672861515,0.9333333333333333,0.0035077834625276035,0.7010615826254826,0.3055712283452903,0.046340645231831214,0.0,0.006354906391220142,0.02636464909023394,0.0
Bot-IoT,RANDOM_LINF,10,10,1024,3,10.472953081130981,22.49921488761902,19.74903685396525,0.7873173657047321,0.8444107765745522,0.7873173657047321,0.7730728146526061,0.6381206010344908,0.06666666666666667,0.0,0.8158729648405654,0.8072863137472245,0.8979053797871807,0.0,0.0,0.0,0.0,0.5898269971650796,0.5950921874369872,0.5898269971650796,0.5542282284199903,0.21774019655089075,0.4666666666666667,9.08752192364664e-06,0.8111440554466146,0.7071596637135747,0.7142420514301553,0.0,0.0,0.0003713330857779428,0.0
Bot-IoT,RANDOM_L2,10,10,1024,3,10.472953081130981,16.211779594421387,32.617939957839646,0.7873173657047321,0.8444107765745522,0.7873173657047321,0.7730728146526061,0.6381206010344908,0.06666666666666667,0.0,0.8158729648405654,0.8072863137472245,0.8979053797871807,0.0,0.0,0.0,0.0,0.4611379661263357,0.5325142142584848,0.4611379661263357,0.4546397276799941,0.09850672919414788,0.6666666666666666,0.0005997764469606783,0.7706185765931327,0.27191105618150196,0.24033611373292113,0.0003288391976323578,0.0008271465461588121,0.0022279985146676567,0.0
Bot-IoT,FGSM,10,10,2048,2,11.048956394195557,12.691890716552734,55.18826779094279,0.7534437013883841,0.8292813426123854,0.7534437013883841,0.7309819857975008,0.5867460443011053,0.06666666666666667,0.0,0.8245419373802111,0.8182800400416476,0.8799249474463583,0.0,0.0,0.0,0.0,0.20156102347895616,0.5079229977584563,0.20156102347895616,0.24236949805155045,-0.11389837506328167,0.9333333333333333,9.087521923646641e-05,0.7201113116791712,0.4788455890712832,0.12957017112570926,0.0,0.0,0.003713330857779428,0.0
Bot-IoT,RANDOM_LINF,10,10,2048,2,11.048956394195557,15.712280511856079,14.905139201860873,0.7534437013883841,0.8292813426123854,0.7534437013883841,0.7309819857975008,0.5867460443011053,0.06666666666666667,0.0,0.8245419373802111,0.8182800400416476,0.8799249474463583,0.0,0.0,0.0,0.0,0.6043923093697754,0.6085620729592152,0.6043923093697754,0.5861675460220485,0.249957272277445,0.5333333333333333,1.817504384729328e-05,0.8176893714830612,0.6805581879936249,0.48721226252625166,0.0,0.0,0.0007426661715558856,0.0
Bot-IoT,RANDOM_L2,10,10,2048,2,11.048956394195557,12.696098804473877,30.06469433742822,0.7534437013883841,0.8292813426123854,0.7534437013883841,0.7309819857975008,0.5867460443011053,0.06666666666666667,0.0,0.8245419373802111,0.8182800400416476,0.8799249474463583,0.0,0.0,0.0,0.0,0.4527967580141019,0.5486680773397752,0.4527967580141019,0.4674021363782204,0.11469316744981939,0.8,0.0016811915558746285,0.7764922463178013,0.26203798754711205,0.22547372839111227,0.0011249762024264872,0.0022796965784377017,0.0025993316004456,0.0
Bot-IoT,FGSM,10,10,2048,3,10.853760719299316,28.791269302368164,67.64101911754017,0.8179199680162826,0.8613497722612592,0.8179199680162826,0.8088188571961648,0.6863992621712273,0.13333333333333333,0.0,0.8202081946208455,0.8153051240421959,0.9056695293554657,0.0,0.0,0.0,0.0,0.141509776840881,0.1330578371422069,0.141509776840881,0.13062802639896057,-0.5057279339548278,0.9333333333333333,9.08752192364664e-06,0.7303733682344087,0.34313665245300584,0.12090638957156752,0.0,0.0,0.0003713330857779428,0.0
Bot-IoT,RANDOM_LINF,10,10,2048,3,10.853760719299316,20.522202730178833,19.678163843861306,0.8179199680162826,0.8613497722612592,0.8179199680162826,0.8088188571961648,0.6863992621712273,0.13333333333333333,0.0,0.8202081946208455,0.8153051240421959,0.9056695293554657,0.0,0.0,0.0,0.0,0.6211383295776696,0.6235617384802108,0.6211383295776696,0.6047954439433119,0.2765188423289483,0.7333333333333333,0.0,0.8205535563596961,0.7354783628233978,0.6848720827975641,0.0,0.0,0.0,0.0
Bot-IoT,RANDOM_L2,10,10,2048,3,10.853760719299316,15.091804027557373,34.87860725448863,0.8179199680162826,0.8613497722612592,0.8179199680162826,0.8088188571961648,0.6863992621712273,0.13333333333333333,0.0,0.8202081946208455,0.8153051240421959,0.9056695293554657,0.0,0.0,0.0,0.0,0.4691338954713964,0.5457343049727885,0.4691338954713964,0.46990809373318354,0.11574642676525833,0.9333333333333333,0.00025445061386210593,0.7614048853624544,0.261989293788524,0.23338191298090968,0.00010384395714706036,0.0004236604260813428,0.0003713330857779428,0.0
Bot-IoT,FGSM,10,15,1024,2,8.494399070739746,15.701483726501465,66.46161953914371,0.8566002762230137,0.8850246565190255,0.8566002762230137,0.851917939838985,0.7486529185339708,0.06666666666666667,0.0,0.8335494445533456,0.8206881556099598,0.9313095223335097,0.0,0.0,0.0,0.0,0.19198408083157664,0.3179111743309332,0.19198408083157664,0.2241805908514101,-0.1373552375479423,0.8666666666666667,0.0004634636181059787,0.7226309212313285,0.452313045786247,0.12328168916243834,0.000882673635750013,0.0,0.0,0.0
Bot-IoT,RANDOM_LINF,10,15,1024,2,8.494399070739746,17.3870792388916,24.311259722323175,0.8566002762230137,0.8850246565190255,0.8566002762230137,0.851917939838985,0.7486529185339708,0.06666666666666667,0.0,0.8335494445533456,0.8206881556099598,0.9313095223335097,0.0,0.0,0.0,0.0,0.613487678999782,0.6118413507052144,0.613487678999782,0.6088873688189408,0.2635345163816373,0.4666666666666667,0.0,0.8231248050682772,0.7174046166430443,0.7295608722803508,0.0,0.0,0.0,0.0
Bot-IoT,RANDOM_L2,10,15,1024,2,8.494399070739746,22.291852235794067,39.96329141527949,0.8566002762230137,0.8850246565190255,0.8566002762230137,0.851917939838985,0.7486529185339708,0.06666666666666667,0.0,0.8335494445533456,0.8206881556099598,0.9313095223335097,0.0,0.0,0.0,0.0,0.4569673620702188,0.535267736339384,0.4569673620702188,0.4788580369582261,0.10206748031617764,0.6,0.0031533701075053843,0.7489705555035177,0.22296684758700835,0.23293852589286707,0.002405718340573565,0.003792769528728212,0.007426661715558856,0.0
Bot-IoT,FGSM,10,15,1024,3,9.04469108581543,26.769748210906982,68.1289525332558,0.8210819946209202,0.8631804444057932,0.8210819946209202,0.8124232503771776,0.6914244186075833,0.13333333333333333,0.0,0.8362504055962934,0.8267761919510974,0.907197113298001,0.0,0.0,0.0,0.0,0.13979246928836228,0.14943035246865097,0.13979246928836228,0.13487062588915133,-0.4220833086368708,0.9333333333333333,0.009841786243309312,0.7443556217566394,0.2310642836476875,0.08849430293639417,0.0,0.020517269205939315,0.024507983661344226,0.0
Bot-IoT,RANDOM_LINF,10,15,1024,3,9.04469108581543,22.089004039764404,20.982954132441666,0.8210819946209202,0.8631804444057932,0.8210819946209202,0.8124232503771776,0.6914244186075833,0.13333333333333333,0.0,0.8362504055962934,0.8267761919510974,0.907197113298001,0.0,0.0,0.0,0.0,0.6112524532965036,0.612685487049945,0.6112524532965036,0.6097132041256919,0.2671430806624727,0.4666666666666667,1.817504384729328e-05,0.8254647154603258,0.6067727676922376,0.5047595026260754,0.0,0.0,0.0007426661715558856,0.0
Bot-IoT,RANDOM_L2,10,15,1024,3,9.04469108581543,22.647886991500854,36.825797775677835,0.8210819946209202,0.8631804444057932,0.8210819946209202,0.8124232503771776,0.6914244186075833,0.13333333333333333,0.0,0.8362504055962934,0.8267761919510974,0.907197113298001,0.0,0.0,0.0,0.0,0.45282401686414187,0.5373776987427343,0.45282401686414187,0.4649888636366968,0.09976656260679068,0.7333333333333333,0.008614970783617016,0.73128126111777,0.2261078914350386,0.21971494100955544,0.007286384326485401,0.010228373143963848,0.007426661715558856,0.0
Bot-IoT,FGSM,10,15,2048,2,8.258174657821655,17.044180631637573,60.65366722395872,0.7867994475539726,0.8455480170324754,0.7867994475539726,0.7722128070295118,0.6384500110878958,0.06666666666666667,0.0,0.8412626803523244,0.8327273424561895,0.8975265549213299,0.0,0.0,0.0,0.0,0.1802627753143854,0.25579836456778926,0.1802627753143854,0.19700141319029682,-0.24358455201744744,0.9333333333333333,0.002989794712879745,0.5753344089909043,0.17541982608380394,0.09700954778382707,0.0005365271119264785,0.00010087153001936733,0.10880059413293725,0.0
Bot-IoT,RANDOM_LINF,10,15,2048,2,8.258174657821655,15.162506580352783,17.589227302464206,0.7867994475539726,0.8455480170324754,0.7867994475539726,0.7722128070295118,0.6384500110878958,0.06666666666666667,0.0,0.8412626803523244,0.8327273424561895,0.8975265549213299,0.0,0.0,0.0,0.0,0.6109071745293305,0.6148950511337682,0.6109071745293305,0.5976224241661724,0.26419796156304315,0.4,0.0,0.8265933548948471,0.7517385492993812,0.718283186019732,0.0,0.0,0.0,0.0
Bot-IoT,RANDOM_L2,10,15,2048,2,8.258174657821655,19.937320470809937,34.9249472995566,0.7867994475539726,0.8455480170324754,0.7867994475539726,0.7722128070295118,0.6384500110878958,0.06666666666666667,0.0,0.8412626803523244,0.8327273424561895,0.8975265549213299,0.0,0.0,0.0,0.0,0.4375499745584066,0.5335770899915838,0.4375499745584066,0.4615921853963273,0.09331334732938716,0.7333333333333333,0.007915231595496224,0.7443260817698285,0.22093288040825515,0.21663306526333465,0.006940237802661867,0.008977566171723692,0.00928332714444857,0.0
Bot-IoT,FGSM,10,15,2048,3,8.00645136833191,20.3252272605896,64.67434760485571,0.8309587846187395,0.8692675826005032,0.8309587846187395,0.8235476468914479,0.7074029364406984,0.06666666666666667,0.0,0.8318408229813758,0.8124310970351013,0.9193270603714062,0.0,0.0,0.0,0.0,0.18421530857018245,0.4617795819477592,0.18421530857018245,0.2342622462371604,-0.05473980487310173,0.8,0.0824965240228642,0.7221870871211247,0.22241303089423287,0.11167815907070004,0.00044999048097059483,0.1816494512588767,0.017823988117341254,0.0
Bot-IoT,RANDOM_LINF,10,15,2048,3,8.00645136833191,26.073726654052734,20.66947735698189,0.8309587846187395,0.8692675826005032,0.8309587846187395,0.8235476468914479,0.7074029364406984,0.06666666666666667,0.0,0.8318408229813758,0.8124310970351013,0.9193270603714062,0.0,0.0,0.0,0.0,0.6242640110489206,0.6218862329885557,0.6242640110489206,0.6206180143856311,0.2818574723200437,0.26666666666666666,9.08752192364664e-06,0.8272271671844058,0.6676312263096891,0.569535071025189,0.0,2.0174306003873465e-05,0.0,0.0
Bot-IoT,RANDOM_L2,10,15,2048,3,8.00645136833191,25.95112419128418,35.384713236897575,0.8309587846187395,0.8692675826005032,0.8309587846187395,0.8235476468914479,0.7074029364406984,0.06666666666666667,0.0,0.8318408229813758,0.8124310970351013,0.9193270603714062,0.0,0.0,0.0,0.0,0.47711165224976376,0.5449005595578844,0.47711165224976376,0.4885913962470641,0.11669228350995471,0.6666666666666666,0.006379440390399942,0.7757391242265915,0.229839114324982,0.23638265452481372,0.00507104657401478,0.007646061975468044,0.011139992573338284,0.0
Bot-IoT,FGSM,10,20,1024,2,6.569218158721924,32.54494762420654,37.15744711783092,0.8314312713527658,0.8700998649197096,0.8314312713527658,0.8240022257710067,0.708623329161023,0.13333333333333333,0.0,0.8633776178430381,0.8541764824094921,0.9120919346722655,0.0,0.0,0.0,0.0,0.4598568001744566,0.5629352613841487,0.4598568001744566,0.36876441175289265,0.004633287375677604,0.7333333333333333,0.02310048072990976,0.7718987045541117,0.24477914527889988,0.19717350791232163,0.04124335831357413,0.0001210458360232408,0.05681396212402525,0.0
Bot-IoT,RANDOM_LINF,10,20,1024,2,6.569218158721924,21.321651697158813,19.15661117976303,0.8314312713527658,0.8700998649197096,0.8314312713527658,0.8240022257710067,0.708623329161023,0.13333333333333333,0.0,0.8633776178430381,0.8541764824094921,0.9120919346722655,0.0,0.0,0.0,0.0,0.6398651595551356,0.638273499943494,0.6398651595551356,0.6384866093907494,0.31192206546004975,0.4,1.817504384729328e-05,0.8456944475322444,0.7218279542996294,0.7602477954284844,0.0,2.0174306003873465e-05,0.0003713330857779428,0.0
Bot-IoT,RANDOM_L2,10,20,1024,2,6.569218158721924,23.67094087600708,32.03187468198008,0.8314312713527658,0.8700998649197096,0.8314312713527658,0.8240022257710067,0.708623329161023,0.13333333333333333,0.0,0.8633776178430381,0.8541764824094921,0.9120919346722655,0.0,0.0,0.0,0.0,0.5111125245329651,0.5498768341027024,0.5111125245329651,0.5041760004820469,0.1253511760128224,0.5333333333333333,0.008760371134395362,0.7634825731149624,0.22661236835479212,0.24844781949131658,0.007113311064573634,0.010389767591994836,0.014110657259561827,0.0
Bot-IoT,FGSM,10,20,1024,3,6.835338115692139,34.915955781936646,23.23816965908265,0.8286963000654213,0.8681249447815581,0.8286963000654213,0.8209759408634943,0.7039568983189199,0.0,1.817504384729328e-05,0.8503619940257984,0.8306386091862269,0.9125997398358529,0.0,0.0,0.0007426661715558856,0.0,0.5963146034745948,0.7282369247947993,0.5963146034745948,0.5314714484924212,0.28615961314871,0.9333333333333333,0.0018811170381948547,0.6539098610064163,0.32861391293687225,0.3057996198053071,0.0,0.0,0.07686594875603417,0.0
Bot-IoT,RANDOM_LINF,10,20,1024,3,6.835338115692139,19.690626859664917,20.95842116740568,0.8286963000654213,0.8681249447815581,0.8286963000654213,0.8209759408634943,0.7039568983189199,0.0,1.817504384729328e-05,0.8503619940257984,0.8306386091862269,0.9125997398358529,0.0,0.0,0.0007426661715558856,0.0,0.6191120883913644,0.6203285804724513,0.6191120883913644,0.6076103604739679,0.2744785272372725,0.4,0.0,0.8198239995572724,0.5881264197755562,0.5383893748903682,0.0,0.0,0.0,0.0
Bot-IoT,RANDOM_L2,10,20,1024,3,6.835338115692139,25.089608907699585,34.437013883840955,0.8286963000654213,0.8681249447815581,0.8286963000654213,0.8209759408634943,0.7039568983189199,0.0,1.817504384729328e-05,0.8503619940257984,0.8306386091862269,0.9125997398358529,0.0,0.0,0.0007426661715558856,0.0,0.4843261612270117,0.5366346806390863,0.4843261612270117,0.4652215558535815,0.09602197988424632,0.5333333333333333,0.006143164820385129,0.7502045485890797,0.21811215075177032,0.22413238231339308,0.004586441440661832,0.007424144609425436,0.01596732268845154,0.0
Bot-IoT,FGSM,10,20,2048,2,7.053009510040283,22.972187995910645,50.53427346078361,0.8363287780766155,0.8713201012897779,0.8363287780766155,0.8297150914280894,0.7150035037581297,0.06666666666666667,9.08752192364664e-06,0.8430932186277827,0.8325940428280877,0.7154805889717516,0.0,0.0,0.0003713330857779428,0.0,0.3309860434687795,0.39927042751097314,0.3309860434687795,0.30251936243660815,-0.06997389615218566,0.8,0.0034259957652147837,0.6028928578547728,0.17951167115998012,0.13238184627598043,0.005642188338323612,0.0001815687540348612,0.015595989602673598,0.0
Bot-IoT,RANDOM_LINF,10,20,2048,2,7.053009510040283,27.489723682403564,21.928836228828963,0.8363287780766155,0.8713201012897779,0.8363287780766155,0.8297150914280894,0.7150035037581297,0.06666666666666667,9.08752192364664e-06,0.8430932186277827,0.8325940428280877,0.7154805889717516,0.0,0.0,0.0003713330857779428,0.0,0.6170404157883259,0.6179327566376591,0.6170404157883259,0.6120688797191536,0.274655099486743,0.4,3.635008769458656e-05,0.8257343876214627,0.486131238093981,0.5058180191293805,0.0,4.034861200774693e-05,0.0007426661715558856,0.0
Bot-IoT,RANDOM_L2,10,20,2048,2,7.053009510040283,24.74661087989807,37.048411717671,0.8363287780766155,0.8713201012897779,0.8363287780766155,0.8297150914280894,0.7150035037581297,0.06666666666666667,9.08752192364664e-06,0.8430932186277827,0.8325940428280877,0.7154805889717516,0.0,0.0,0.0003713330857779428,0.0,0.4658446608999055,0.5355891393520914,0.4658446608999055,0.4615383482018334,0.09237242095146198,0.6666666666666666,0.007651693459710471,0.7193298535087111,0.21448315558097603,0.2175403886112981,0.006040256840720677,0.00913896061975468,0.014853323431117713,0.0
Bot-IoT,FGSM,10,20,2048,3,6.982486724853516,34.28538799285889,28.925274405757072,0.838027913062441,0.8735848159189782,0.838027913062441,0.8314446447437283,0.7187789183777421,0.06666666666666667,0.0,0.8488814320307272,0.8405939593926502,0.9226661305271577,0.0,0.0,0.0,0.0,0.5487751690048702,0.6754022479984858,0.5487751690048702,0.440204882053482,0.1678546210118012,0.3333333333333333,2.7262565770939922e-05,0.7819767271562202,0.28069192284024,0.4044050981415818,0.0,6.05229180116204e-05,0.0,0.0
Bot-IoT,RANDOM_LINF,10,20,2048,3,6.982486724853516,23.025556087493896,22.878352838554918,0.838027913062441,0.8735848159189782,0.838027913062441,0.8314446447437283,0.7187789183777421,0.06666666666666667,0.0,0.8488814320307272,0.8405939593926502,0.9226661305271577,0.0,0.0,0.0,0.0,0.6092443846768918,0.6077134966318836,0.6092443846768918,0.6019313675287581,0.25483543452395585,0.2,1.817504384729328e-05,0.8195780106058692,0.5890214511146388,0.5504786200151544,0.0,2.0174306003873465e-05,0.0003713330857779428,0.0
Bot-IoT,RANDOM_L2,10,20,2048,3,6.982486724853516,25.398879528045654,34.53241985898089,0.838027913062441,0.8735848159189782,0.838027913062441,0.8314446447437283,0.7187789183777421,0.06666666666666667,0.0,0.8488814320307272,0.8405939593926502,0.9226661305271577,0.0,0.0,0.0,0.0,0.4927037144726321,0.5363012805381178,0.4927037144726321,0.4758257306881465,0.09861757554606962,0.7333333333333333,0.010423387646422698,0.6402441226689974,0.21903747623020284,0.22978670384985675,0.008463282507485419,0.011963363460296967,0.024136650575566285,0.0
Bot-IoT,FGSM,16,10,2048,2,70.21538459998555,12.661351999733597,64.47081485789053,0.7499909137166534,0.8267144704425187,0.7499909137166534,0.7267548700451606,0.5806588542716126,0.06666666666666667,0.0,0.8199550650083172,0.8205054765046998,0.8781238975532215,0.0,0.0,0.0,0.0,0.10528276513774805,0.14798649387190432,0.10528276513774805,0.09769006373658862,-0.3371384062997021,0.9333333333333333,0.0,0.7346532665300967,0.25096167191360624,0.07897366699828319,0.0,0.0,0.0,0.0
Bot-IoT,RANDOM_LINF,16,10,2048,2,70.21538459998555,16.38772779982537,17.528349204041582,0.7499909137166534,0.8267144704425187,0.7499909137166534,0.7267548700451606,0.5806588542716126,0.06666666666666667,0.0,0.8199550650083172,0.8205054765046998,0.8781238975532215,0.0,0.0,0.0,0.0,0.5747074216762376,0.5886798436093347,0.5747074216762376,0.5255124701717633,0.20286233186305344,0.4,0.0,0.8181013750712454,0.7567337553845578,0.4831700449225858,0.0,0.0,0.0,0.0
Bot-IoT,RANDOM_L2,16,10,2048,2,70.21538459998555,13.739879100117832,32.24449371229193,0.7499909137166534,0.8267144704425187,0.7499909137166534,0.7267548700451606,0.5806588542716126,0.06666666666666667,0.0,0.8199550650083172,0.8205054765046998,0.8781238975532215,0.0,0.0,0.0,0.0,0.4275459765937341,0.5363798253333554,0.4275459765937341,0.4266083518184935,0.09355679428995865,0.8666666666666667,0.0005634263592660917,0.7859600071966591,0.26418274227880384,0.20876445537477317,0.000311531871441181,0.0008473208521626856,0.0007426661715558856,0.0
Bot-IoT,FGSM,16,20,2048,2,44.66862830007449,39.141832099994645,43.10987133822782,0.8235898088245984,0.8654710205891623,0.8235898088245984,0.815151657573406,0.6961122224487648,0.13333333333333333,0.0,0.8462735305011844,0.8387585442665445,0.9083451885046152,0.0,0.0,0.0,0.0,0.39249109544232025,0.4406646272957014,0.39249109544232025,0.37377623388532905,-0.030273416808121026,0.8666666666666667,1.817504384729328e-05,0.707221536806828,0.2273088744779988,0.2228257042344493,0.0,0.0,0.0007426661715558856,0.0
Bot-IoT,RANDOM_LINF,16,20,2048,2,44.66862830007449,24.480300800176337,21.96427273388094,0.8235898088245984,0.8654710205891623,0.8235898088245984,0.815151657573406,0.6961122224487648,0.13333333333333333,0.0,0.8462735305011844,0.8387585442665445,0.9083451885046152,0.0,0.0,0.0,0.0,0.603947081485789,0.6024447334561405,0.603947081485789,0.5935760825272611,0.24433738278382697,0.13333333333333333,3.635008769458656e-05,0.833843536737094,0.5959434530937218,0.5451290006041086,0.0,4.034861200774693e-05,0.0007426661715558856,0.0
Bot-IoT,RANDOM_L2,16,20,2048,2,44.66862830007449,35.94742460013367,35.41015483026823,0.8235898088245984,0.8654710205891623,0.8235898088245984,0.815151657573406,0.6961122224487648,0.13333333333333333,0.0,0.8462735305011844,0.8387585442665445,0.9083451885046152,0.0,0.0,0.0,0.0,0.4694882605219161,0.5284331075088478,0.4694882605219161,0.4683522104360476,0.09183281871468535,0.6666666666666666,0.01065966321643751,0.760000833020619,0.22348292626897134,0.22527108695860512,0.009328648817044255,0.011822143318269852,0.017823988117341254,0.0
Bot-IoT,FGSM,32,10,2048,2,125.70571359992027,15.66648600017652,59.694155702551434,0.8614341789634368,0.8872578881646556,0.8614341789634368,0.8572750557499359,0.7557597983125762,0.13333333333333333,0.0,0.8201360901752295,0.8172425668448738,0.9261532206214088,0.0,0.0,0.0,0.0,0.2644926219379225,0.22499283284431099,0.2644926219379225,0.22165629806270784,-0.2109354522271384,0.9333333333333333,0.0,0.7569845027367987,0.3598899743877121,0.1331074285897675,0.0,0.0,0.0,0.0
Bot-IoT,RANDOM_LINF,32,10,2048,2,125.70571359992027,18.452374099986628,28.183833684669622,0.8614341789634368,0.8872578881646556,0.8614341789634368,0.8572750557499359,0.7557597983125762,0.13333333333333333,0.0,0.8201360901752295,0.8172425668448738,0.9261532206214088,0.0,0.0,0.0,0.0,0.5795958421167405,0.6071287290263264,0.5795958421167405,0.5241079009720148,0.22294826684073082,0.7333333333333333,0.0,0.8167809692375307,0.7526853424068338,0.4078254187499667,0.0,0.0,0.0,0.0
Bot-IoT,RANDOM_L2,32,10,2048,2,125.70571359992027,17.185681899776682,40.391255360907174,0.8614341789634368,0.8872578881646556,0.8614341789634368,0.8572750557499359,0.7557597983125762,0.13333333333333333,0.0,0.8201360901752295,0.8172425668448738,0.9261532206214088,0.0,0.0,0.0,0.0,0.457521625354365,0.5561449698776529,0.457521625354365,0.4433613200744653,0.11872467659830044,0.8666666666666667,9.087521923646641e-05,0.7840138288272867,0.29778170504329127,0.23867170164434884,5.192197857353018e-05,0.0001210458360232408,0.0003713330857779428,0.0
Bot-IoT,FGSM,32,20,2048,2,74.44435889995657,57.10413430002518,57.405320927527804,0.8735734535145744,0.8941223661648697,0.8735734535145744,0.8704724062778828,0.7746527545709752,0.13333333333333333,0.0,0.8567144425183273,0.8457566029096284,0.931718799229784,0.0,0.0,0.0,0.0,0.29952024423929635,0.29411811788066017,0.29952024423929635,0.27544086621456215,-0.23543934785856294,0.9333333333333333,0.00034532583309857234,0.7311659896921453,0.5590088955127831,0.15288423179280106,0.0,0.0007666236281471917,0.0,0.0
Bot-IoT,RANDOM_LINF,32,20,2048,2,74.44435889995657,32.39564090012573,24.011412371883402,0.8735734535145744,0.8941223661648697,0.8735734535145744,0.8704724062778828,0.7746527545709752,0.13333333333333333,0.0,0.8567144425183273,0.8457566029096284,0.931718799229784,0.0,0.0,0.0,0.0,0.6334593297957404,0.6325607112042947,0.6334593297957404,0.6285498684790485,0.30211836487158095,0.2,0.0,0.8402520571647685,0.8005430609969144,0.7769163675925783,0.0,0.0,0.0,0.0
Bot-IoT,RANDOM_L2,32,20,2048,2,74.44435889995657,56.515310999937356,36.85578251072181,0.8735734535145744,0.8941223661648697,0.8735734535145744,0.8704724062778828,0.7746527545709752,0.13333333333333333,0.0,0.8567144425183273,0.8457566029096284,0.931718799229784,0.0,0.0,0.0,0.0,0.5050156284073563,0.553841677180562,0.5050156284073563,0.5119626123276689,0.1382256396102181,0.7333333333333333,0.004907261838769186,0.7578838892921859,0.24121208554404916,0.2547786874159964,0.0037903044358677026,0.006092640413169787,0.007055328629780914,0.0
Bot-IoT,C&W,16,10,2048,2,70.82274689991027,127.6993088000454,0.0,0.7499909137166534,0.8267144704425187,0.7499909137166534,0.7267548700451606,0.5806588542716126,0.06666666666666667,0.0,0.8199550650083172,0.8205054765046998,0.8781238975532215,0.0,0.0,0.0,0.0,0.7499909137166534,0.8267144704425187,0.7499909137166534,0.7267548700451606,0.5806588542716126,0.06666666666666667,0.0,0.8199550650083172,0.8205054765046998,0.8781238975532215,0.0,0.0,0.0,0.0
Bot-IoT,C&W,16,20,2048,2,45.68856499996036,43.85834000026807,0.0,0.8235898088245984,0.8654710205891623,0.8235898088245984,0.815151657573406,0.6961122224487648,0.13333333333333333,0.0,0.8462735305011844,0.8387585442665445,0.9083451885046152,0.0,0.0,0.0,0.0,0.8235898088245984,0.8654710205891623,0.8235898088245984,0.815151657573406,0.6961122224487648,0.13333333333333333,0.0,0.8462735305011844,0.8387585442665445,0.9083451885046152,0.0,0.0,0.0,0.0
Bot-IoT,C&W,32,10,2048,2,126.80399319995195,201.241560500348,0.0,0.8614341789634368,0.8872578881646556,0.8614341789634368,0.8572750557499359,0.7557597983125762,0.13333333333333333,0.0,0.8201360901752295,0.8172425668448738,0.9261532206214088,0.0,0.0,0.0,0.0,0.8614341789634368,0.8872578881646556,0.8614341789634368,0.8572750557499359,0.7557597983125762,0.13333333333333333,0.0,0.8201360901752295,0.8172425668448738,0.9261532206214088,0.0,0.0,0.0,0.0
Bot-IoT,C&W,32,20,2048,2,72.98952260008082,87.64129219995812,0.0,0.8735734535145744,0.8941223661648697,0.8735734535145744,0.8704724062778828,0.7746527545709752,0.13333333333333333,0.0,0.8567144425183273,0.8457566029096284,0.931718799229784,0.0,0.0,0.0,0.0,0.8735734535145744,0.8941223661648697,0.8735734535145744,0.8704724062778828,0.7746527545709752,0.13333333333333333,0.0,0.8567144425183273,0.8457566029096284,0.931718799229784,0.0,0.0,0.0,0.0
Bot-IoT,C&W,1,5,1024,2,24.788724600104615,26.399336399976164,0.0,0.701833611979356,0.7995923395213812,0.701833611979356,0.6659606500921728,0.4868402452065853,0.2,0.0,0.7053352805284736,0.36954038288203883,0.5075448775671925,0.0,0.0,0.0,0.0,0.701833611979356,0.7995923395213812,0.701833611979356,0.6659606500921728,0.4868402452065853,0.2,0.0,0.7053352805284736,0.36954038288203883,0.5075448775671925,0.0,0.0,0.0,0.0
Bot-IoT,C&W,1,5,1024,3,24.788242399925366,26.638214899925515,0.0,0.701833611979356,0.7995923395213812,0.701833611979356,0.6659606500921728,0.4868402452065853,0.2,0.0,0.7053352805284736,0.36954038288203883,0.5075448775671925,0.0,0.0,0.0,0.0,0.701833611979356,0.7995923395213812,0.701833611979356,0.6659606500921728,0.4868402452065853,0.2,0.0,0.7053352805284736,0.36954038288203883,0.5075448775671925,0.0,0.0,0.0,0.0
Bot-IoT,C&W,1,5,2048,2,24.455804799916223,26.308879400137812,0.0,0.701833611979356,0.7995923395213812,0.701833611979356,0.6659606500921728,0.4868402452065853,0.2,0.0,0.7053352805284736,0.36954038288203883,0.5075448775671925,0.0,0.0,0.0,0.0,0.701833611979356,0.7995923395213812,0.701833611979356,0.6659606500921728,0.4868402452065853,0.2,0.0,0.7053352805284736,0.36954038288203883,0.5075448775671925,0.0,0.0,0.0,0.0
Bot-IoT,C&W,1,5,2048,3,24.441034599905834,26.383665399625897,0.0,0.701833611979356,0.7995923395213812,0.701833611979356,0.6659606500921728,0.4868402452065853,0.2,0.0,0.7053352805284736,0.36954038288203883,0.5075448775671925,0.0,0.0,0.0,0.0,0.701833611979356,0.7995923395213812,0.701833611979356,0.6659606500921728,0.4868402452065853,0.2,0.0,0.7053352805284736,0.36954038288203883,0.5075448775671925,0.0,0.0,0.0,0.0
Bot-IoT,C&W,1,10,1024,2,21.416525000007823,16.37366300006397,0.0,0.677173438976521,0.7829167927207545,0.677173438976521,0.631723275053558,0.4429504190900123,0.2,0.0,0.6709665340784963,0.3683207955477064,0.49276840576144315,0.0,0.0,0.0,0.0,0.677173438976521,0.7829167927207545,0.677173438976521,0.631723275053558,0.4429504190900123,0.2,0.0,0.6709665340784963,0.3683207955477064,0.49276840576144315,0.0,0.0,0.0,0.0
Bot-IoT,C&W,1,10,1024,3,22.408914600033313,16.516645699972287,0.0,0.677173438976521,0.7829167927207545,0.677173438976521,0.631723275053558,0.4429504190900123,0.2,0.0,0.6709665340784963,0.3683207955477064,0.49276840576144315,0.0,0.0,0.0,0.0,0.677173438976521,0.7829167927207545,0.677173438976521,0.631723275053558,0.4429504190900123,0.2,0.0,0.6709665340784963,0.3683207955477064,0.49276840576144315,0.0,0.0,0.0,0.0
Bot-IoT,C&W,1,10,2048,2,21.54234730009921,15.939828200265765,0.0,0.677173438976521,0.7829167927207545,0.677173438976521,0.631723275053558,0.4429504190900123,0.2,0.0,0.6709665340784963,0.3683207955477064,0.49276840576144315,0.0,0.0,0.0,0.0,0.677173438976521,0.7829167927207545,0.677173438976521,0.631723275053558,0.4429504190900123,0.2,0.0,0.6709665340784963,0.3683207955477064,0.49276840576144315,0.0,0.0,0.0,0.0
Bot-IoT,C&W,1,10,2048,3,20.561541199916974,16.150902200024575,0.0,0.677173438976521,0.7829167927207545,0.677173438976521,0.631723275053558,0.4429504190900123,0.2,0.0,0.6709665340784963,0.3683207955477064,0.49276840576144315,0.0,0.0,0.0,0.0,0.677173438976521,0.7829167927207545,0.677173438976521,0.631723275053558,0.4429504190900123,0.2,0.0,0.6709665340784963,0.3683207955477064,0.49276840576144315,0.0,0.0,0.0,0.0
Bot-IoT,C&W,1,15,1024,2,19.502006700029597,12.121904600178823,0.0,0.6771643526931744,0.7829132513967105,0.6771643526931744,0.6317147678558286,0.44292599791468107,0.26666666666666666,0.0,0.6972001392874927,0.2697803019282671,0.4842203752427414,0.0,0.0,0.0,0.0,0.6771643526931744,0.7829132513967105,0.6771643526931744,0.6317147678558286,0.44292599791468107,0.26666666666666666,0.0,0.6972001392874927,0.2697803019282671,0.4842203752427414,0.0,0.0,0.0,0.0
Bot-IoT,C&W,1,15,1024,3,19.360136799979955,12.025083899730816,0.0,0.6771643526931744,0.7829132513967105,0.6771643526931744,0.6317147678558286,0.44292599791468107,0.26666666666666666,0.0,0.6972001392874927,0.2697803019282671,0.4842203752427414,0.0,0.0,0.0,0.0,0.6771643526931744,0.7829132513967105,0.6771643526931744,0.6317147678558286,0.44292599791468107,0.26666666666666666,0.0,0.6972001392874927,0.2697803019282671,0.4842203752427414,0.0,0.0,0.0,0.0
Bot-IoT,C&W,1,15,2048,2,20.287766499910504,11.916949299862608,0.0,0.6771643526931744,0.7829132513967105,0.6771643526931744,0.6317147678558286,0.44292599791468107,0.26666666666666666,0.0,0.6972001392874927,0.2697803019282671,0.4842203752427414,0.0,0.0,0.0,0.0,0.6771643526931744,0.7829132513967105,0.6771643526931744,0.6317147678558286,0.44292599791468107,0.26666666666666666,0.0,0.6972001392874927,0.2697803019282671,0.4842203752427414,0.0,0.0,0.0,0.0
Bot-IoT,C&W,1,15,2048,3,19.47881419979967,12.32469530007802,0.0,0.6771643526931744,0.7829132513967105,0.6771643526931744,0.6317147678558286,0.44292599791468107,0.26666666666666666,0.0,0.6972001392874927,0.2697803019282671,0.4842203752427414,0.0,0.0,0.0,0.0,0.6771643526931744,0.7829132513967105,0.6771643526931744,0.6317147678558286,0.44292599791468107,0.26666666666666666,0.0,0.6972001392874927,0.2697803019282671,0.4842203752427414,0.0,0.0,0.0,0.0
Bot-IoT,C&W,1,20,1024,2,18.924952200148255,8.6761055001989,0.0,0.6771643526931744,0.7830071860417057,0.6771643526931744,0.6316830535091531,0.4429609471169732,0.26666666666666666,0.0,0.7660756360597638,0.3997579003978895,0.4838081169521419,0.0,0.0,0.0,0.0,0.6771643526931744,0.7830071860417057,0.6771643526931744,0.6316830535091531,0.4429609471169732,0.26666666666666666,0.0,0.7660756360597638,0.3997579003978895,0.4838081169521419,0.0,0.0,0.0,0.0
Bot-IoT,C&W,1,20,1024,3,18.821407800074667,8.622133699944243,0.0,0.6771643526931744,0.7830071860417057,0.6771643526931744,0.6316830535091531,0.4429609471169732,0.26666666666666666,0.0,0.7660756360597638,0.3997579003978895,0.4838081169521419,0.0,0.0,0.0,0.0,0.6771643526931744,0.7830071860417057,0.6771643526931744,0.6316830535091531,0.4429609471169732,0.26666666666666666,0.0,0.7660756360597638,0.3997579003978895,0.4838081169521419,0.0,0.0,0.0,0.0
Bot-IoT,C&W,1,20,2048,2,19.11524839978665,8.85928659979254,0.0,0.6771643526931744,0.7830071860417057,0.6771643526931744,0.6316830535091531,0.4429609471169732,0.26666666666666666,0.0,0.7660756360597638,0.3997579003978895,0.4838081169521419,0.0,0.0,0.0,0.0,0.6771643526931744,0.7830071860417057,0.6771643526931744,0.6316830535091531,0.4429609471169732,0.26666666666666666,0.0,0.7660756360597638,0.3997579003978895,0.4838081169521419,0.0,0.0,0.0,0.0
Bot-IoT,C&W,1,20,2048,3,19.214713300112635,8.608490800252184,0.0,0.6771643526931744,0.7830071860417057,0.6771643526931744,0.6316830535091531,0.4429609471169732,0.26666666666666666,0.0,0.7660756360597638,0.3997579003978895,0.4838081169521419,0.0,0.0,0.0,0.0,0.6771643526931744,0.7830071860417057,0.6771643526931744,0.6316830535091531,0.4429609471169732,0.26666666666666666,0.0,0.7660756360597638,0.3997579003978895,0.4838081169521419,0.0,0.0,0.0,0.0
Bot-IoT,C&W,2,5,1024,2,31.114639800041914,44.92225299985148,0.0,0.6092262121101985,0.771893476827714,0.6092262121101985,0.5131597096865578,0.3510851596526113,0.13333333333333333,0.0,0.8058105266072279,0.53921991452419,0.5784579481623979,0.0,0.0,0.0,0.0,0.6092262121101985,0.771893476827714,0.6092262121101985,0.5131597096865578,0.3510851596526113,0.13333333333333333,0.0,0.8058105266072279,0.53921991452419,0.5784579481623979,0.0,0.0,0.0,0.0
Bot-IoT,C&W,2,5,1024,3,31.367829399881884,45.00698629999533,0.0,0.6092262121101985,0.771893476827714,0.6092262121101985,0.5131597096865578,0.3510851596526113,0.13333333333333333,0.0,0.8058105266072279,0.53921991452419,0.5784579481623979,0.0,0.0,0.0,0.0,0.6092262121101985,0.771893476827714,0.6092262121101985,0.5131597096865578,0.3510851596526113,0.13333333333333333,0.0,0.8058105266072279,0.53921991452419,0.5784579481623979,0.0,0.0,0.0,0.0
Bot-IoT,C&W,2,5,2048,2,30.215342999901623,44.44403980043717,0.0,0.6092262121101985,0.771893476827714,0.6092262121101985,0.5131597096865578,0.3510851596526113,0.13333333333333333,0.0,0.8058105266072279,0.53921991452419,0.5784579481623979,0.0,0.0,0.0,0.0,0.6092262121101985,0.771893476827714,0.6092262121101985,0.5131597096865578,0.3510851596526113,0.13333333333333333,0.0,0.8058105266072279,0.53921991452419,0.5784579481623979,0.0,0.0,0.0,0.0
Bot-IoT,C&W,2,5,2048,3,30.925226600142196,45.26215750002302,0.0,0.6092262121101985,0.771893476827714,0.6092262121101985,0.5131597096865578,0.3510851596526113,0.13333333333333333,0.0,0.8058105266072279,0.53921991452419,0.5784579481623979,0.0,0.0,0.0,0.0,0.6092262121101985,0.771893476827714,0.6092262121101985,0.5131597096865578,0.3510851596526113,0.13333333333333333,0.0,0.8058105266072279,0.53921991452419,0.5784579481623979,0.0,0.0,0.0,0.0
Bot-IoT,C&W,2,10,1024,2,24.38452269998379,20.416407600045204,0.0,0.6093352475103584,0.7727227130037636,0.6093352475103584,0.513232891736032,0.35164146232499066,0.13333333333333333,0.0,0.8103386653480342,0.6185723884324672,0.5784872554308681,0.0,0.0,0.0,0.0,0.6093352475103584,0.7727227130037636,0.6093352475103584,0.513232891736032,0.35164146232499066,0.13333333333333333,0.0,0.8103386653480342,0.6185723884324672,0.5784872554308681,0.0,0.0,0.0,0.0
Bot-IoT,C&W,2,10,1024,3,25.769836199935526,21.371752599952742,0.0,0.6093352475103584,0.7727227130037636,0.6093352475103584,0.513232891736032,0.35164146232499066,0.13333333333333333,0.0,0.8103386653480342,0.6185723884324672,0.5784872554308681,0.0,0.0,0.0,0.0,0.6093352475103584,0.7727227130037636,0.6093352475103584,0.513232891736032,0.35164146232499066,0.13333333333333333,0.0,0.8103386653480342,0.6185723884324672,0.5784872554308681,0.0,0.0,0.0,0.0
Bot-IoT,C&W,2,10,2048,2,23.42462219996378,21.046398399863392,0.0,0.6093352475103584,0.7727227130037636,0.6093352475103584,0.513232891736032,0.35164146232499066,0.13333333333333333,0.0,0.809923649183591,0.6183647416009881,0.5784872554308681,0.0,0.0,0.0,0.0,0.6093352475103584,0.7727227130037636,0.6093352475103584,0.513232891736032,0.35164146232499066,0.13333333333333333,0.0,0.809923649183591,0.6183647416009881,0.5784872554308681,0.0,0.0,0.0,0.0
Bot-IoT,C&W,2,10,2048,3,23.814630299806595,20.986291600158438,0.0,0.6093352475103584,0.7727227130037636,0.6093352475103584,0.513232891736032,0.35164146232499066,0.13333333333333333,0.0,0.809923649183591,0.6183647416009881,0.5784872554308681,0.0,0.0,0.0,0.0,0.6093352475103584,0.7727227130037636,0.6093352475103584,0.513232891736032,0.35164146232499066,0.13333333333333333,0.0,0.809923649183591,0.6183647416009881,0.5784872554308681,0.0,0.0,0.0,0.0
Bot-IoT,C&W,2,15,1024,2,22.24814740009606,17.64870709995739,0.0,0.6420095224249474,0.7844402861797656,0.6420095224249474,0.5699886906385333,0.40920187760719,0.13333333333333333,0.0,0.8160081045238646,0.6095406371251104,0.603131206980967,0.0,0.0,0.0,0.0,0.6420095224249474,0.7844402861797656,0.6420095224249474,0.5699886906385333,0.40920187760719,0.13333333333333333,0.0,0.8160081045238646,0.6095406371251104,0.603131206980967,0.0,0.0,0.0,0.0
Bot-IoT,C&W,2,15,1024,3,22.232584099983796,17.820233599981293,0.0,0.6420095224249474,0.7844402861797656,0.6420095224249474,0.5699886906385333,0.40920187760719,0.13333333333333333,0.0,0.8160081045238646,0.6095406371251104,0.603131206980967,0.0,0.0,0.0,0.0,0.6420095224249474,0.7844402861797656,0.6420095224249474,0.5699886906385333,0.40920187760719,0.13333333333333333,0.0,0.8160081045238646,0.6095406371251104,0.603131206980967,0.0,0.0,0.0,0.0
Bot-IoT,C&W,2,15,2048,2,23.373767799930647,17.95291190012358,0.0,0.6420095224249474,0.7844402861797656,0.6420095224249474,0.5699886906385333,0.40920187760719,0.13333333333333333,0.0,0.8160081045238646,0.6095406371251104,0.603131206980967,0.0,0.0,0.0,0.0,0.6420095224249474,0.7844402861797656,0.6420095224249474,0.5699886906385333,0.40920187760719,0.13333333333333333,0.0,0.8160081045238646,0.6095406371251104,0.603131206980967,0.0,0.0,0.0,0.0
Bot-IoT,C&W,2,15,2048,3,22.16128890006803,17.914031500229612,0.0,0.6420095224249474,0.7844402861797656,0.6420095224249474,0.5699886906385333,0.40920187760719,0.13333333333333333,0.0,0.8160081045238646,0.6095406371251104,0.603131206980967,0.0,0.0,0.0,0.0,0.6420095224249474,0.7844402861797656,0.6420095224249474,0.5699886906385333,0.40920187760719,0.13333333333333333,0.0,0.8160081045238646,0.6095406371251104,0.603131206980967,0.0,0.0,0.0,0.0
Bot-IoT,C&W,2,20,1024,2,20.834992799907923,14.163457199931145,0.0,0.7043232536163407,0.807443064320596,0.7043232536163407,0.665271749936868,0.5099521617707482,0.2,0.0,0.80526970570413,0.5802455463396327,0.636371274520399,0.0,0.0,0.0,0.0,0.7043232536163407,0.807443064320596,0.7043232536163407,0.665271749936868,0.5099521617707482,0.2,0.0,0.80526970570413,0.5802455463396327,0.636371274520399,0.0,0.0,0.0,0.0
Bot-IoT,C&W,2,20,1024,3,20.905655100010335,14.330895400373265,0.0,0.7043232536163407,0.807443064320596,0.7043232536163407,0.665271749936868,0.5099521617707482,0.2,0.0,0.80526970570413,0.5802455463396327,0.636371274520399,0.0,0.0,0.0,0.0,0.7043232536163407,0.807443064320596,0.7043232536163407,0.665271749936868,0.5099521617707482,0.2,0.0,0.80526970570413,0.5802455463396327,0.636371274520399,0.0,0.0,0.0,0.0
Bot-IoT,C&W,2,20,2048,2,20.67171340016648,14.02137740002945,0.0,0.7043232536163407,0.807443064320596,0.7043232536163407,0.665271749936868,0.5099521617707482,0.2,0.0,0.80526970570413,0.5802455463396327,0.636371274520399,0.0,0.0,0.0,0.0,0.7043232536163407,0.807443064320596,0.7043232536163407,0.665271749936868,0.5099521617707482,0.2,0.0,0.80526970570413,0.5802455463396327,0.636371274520399,0.0,0.0,0.0,0.0
Bot-IoT,C&W,2,20,2048,3,20.679324599914253,14.086705600144342,0.0,0.7043232536163407,0.807443064320596,0.7043232536163407,0.665271749936868,0.5099521617707482,0.2,0.0,0.80526970570413,0.5802455463396327,0.636371274520399,0.0,0.0,0.0,0.0,0.7043232536163407,0.807443064320596,0.7043232536163407,0.665271749936868,0.5099521617707482,0.2,0.0,0.80526970570413,0.5802455463396327,0.636371274520399,0.0,0.0,0.0,0.0
Bot-IoT,C&W,4,5,1024,2,43.19811869994737,80.81341890012845,0.0,0.6093897652104383,0.7725467728208116,0.6093897652104383,0.513363469309568,0.3516532333681202,0.13333333333333333,0.0,0.808953877358557,0.7269914685487889,0.5785446659974005,0.0,0.0,0.0,0.0,0.6093897652104383,0.7725467728208116,0.6093897652104383,0.513363469309568,0.3516532333681202,0.13333333333333333,0.0,0.808953877358557,0.7269914685487889,0.5785446659974005,0.0,0.0,0.0,0.0
Bot-IoT,C&W,4,5,1024,3,43.106202099937946,80.95482029998675,0.0,0.6093897652104383,0.7725467728208116,0.6093897652104383,0.513363469309568,0.3516532333681202,0.13333333333333333,0.0,0.808953877358557,0.7269914685487889,0.5785446659974005,0.0,0.0,0.0,0.0,0.6093897652104383,0.7725467728208116,0.6093897652104383,0.513363469309568,0.3516532333681202,0.13333333333333333,0.0,0.808953877358557,0.7269914685487889,0.5785446659974005,0.0,0.0,0.0,0.0
Bot-IoT,C&W,4,5,2048,2,43.17199469986372,80.35972280008718,0.0,0.6093897652104383,0.7725467728208116,0.6093897652104383,0.513363469309568,0.3516532333681202,0.13333333333333333,0.0,0.808953877358557,0.7269914685487889,0.5785446659974005,0.0,0.0,0.0,0.0,0.6093897652104383,0.7725467728208116,0.6093897652104383,0.513363469309568,0.3516532333681202,0.13333333333333333,0.0,0.808953877358557,0.7269914685487889,0.5785446659974005,0.0,0.0,0.0,0.0
Bot-IoT,C&W,4,5,2048,3,42.891479099867865,80.85321520012803,0.0,0.6093897652104383,0.7725467728208116,0.6093897652104383,0.513363469309568,0.3516532333681202,0.13333333333333333,0.0,0.808953877358557,0.7269914685487889,0.5785446659974005,0.0,0.0,0.0,0.0,0.6093897652104383,0.7725467728208116,0.6093897652104383,0.513363469309568,0.3516532333681202,0.13333333333333333,0.0,0.808953877358557,0.7269914685487889,0.5785446659974005,0.0,0.0,0.0,0.0
Bot-IoT,C&W,4,10,1024,2,30.968189700040966,36.50535129965283,0.0,0.7310369266555208,0.8197530837662896,0.7310369266555208,0.7016826723587166,0.5524370345257775,0.13333333333333333,0.0,0.8252108178565596,0.8113139896771724,0.65994767050282,0.0,0.0,0.0,0.0,0.7310369266555208,0.8197530837662896,0.7310369266555208,0.7016826723587166,0.5524370345257775,0.13333333333333333,0.0,0.8252108178565596,0.8113139896771724,0.65994767050282,0.0,0.0,0.0,0.0
Bot-IoT,C&W,4,10,1024,3,30.61887750006281,37.02514999988489,0.0,0.7310369266555208,0.8197530837662896,0.7310369266555208,0.7016826723587166,0.5524370345257775,0.13333333333333333,0.0,0.8251697559969735,0.8111952350724547,0.65994767050282,0.0,0.0,0.0,0.0,0.7310369266555208,0.8197530837662896,0.7310369266555208,0.7016826723587166,0.5524370345257775,0.13333333333333333,0.0,0.8251697559969735,0.8111952350724547,0.65994767050282,0.0,0.0,0.0,0.0
Bot-IoT,C&W,4,10,2048,2,30.62042809999548,36.48768639983609,0.0,0.7310369266555208,0.8197530837662896,0.7310369266555208,0.7016826723587166,0.5524370345257775,0.13333333333333333,0.0,0.8252108178565596,0.8113139896771724,0.65994767050282,0.0,0.0,0.0,0.0,0.7310369266555208,0.8197530837662896,0.7310369266555208,0.7016826723587166,0.5524370345257775,0.13333333333333333,0.0,0.8252108178565596,0.8113139896771724,0.65994767050282,0.0,0.0,0.0,0.0
Bot-IoT,C&W,4,10,2048,3,30.786088699940592,36.65843049972318,0.0,0.7310369266555208,0.8197530837662896,0.7310369266555208,0.7016826723587166,0.5524370345257775,0.13333333333333333,0.0,0.8251697559969735,0.8111952350724547,0.65994767050282,0.0,0.0,0.0,0.0,0.7310369266555208,0.8197530837662896,0.7310369266555208,0.7016826723587166,0.5524370345257775,0.13333333333333333,0.0,0.8251697559969735,0.8111952350724547,0.65994767050282,0.0,0.0,0.0,0.0
Bot-IoT,C&W,4,15,1024,2,27.415991300018504,29.262081500142813,0.0,0.7624482081849241,0.8324339833753174,0.7624482081849241,0.7425524665720726,0.5998389337192196,0.13333333333333333,0.0,0.8310225670667515,0.8248140494725984,0.6774630119939575,0.0,0.0,0.0,0.0,0.7624482081849241,0.8324339833753174,0.7624482081849241,0.7425524665720726,0.5998389337192196,0.13333333333333333,0.0,0.8310225670667515,0.8248140494725984,0.6774630119939575,0.0,0.0,0.0,0.0
Bot-IoT,C&W,4,15,1024,3,26.093330199830234,27.557723000179976,0.0,0.7624482081849241,0.8324339833753174,0.7624482081849241,0.7425524665720726,0.5998389337192196,0.13333333333333333,0.0,0.8310225670667515,0.8248140494725984,0.6774630119939575,0.0,0.0,0.0,0.0,0.7624482081849241,0.8324339833753174,0.7624482081849241,0.7425524665720726,0.5998389337192196,0.13333333333333333,0.0,0.8310225670667515,0.8248140494725984,0.6774630119939575,0.0,0.0,0.0,0.0
Bot-IoT,C&W,4,15,2048,2,26.927126199938357,27.030004700412974,0.0,0.7624482081849241,0.8324339833753174,0.7624482081849241,0.7425524665720726,0.5998389337192196,0.13333333333333333,0.0,0.8310225670667515,0.8248140494725984,0.6774630119939575,0.0,0.0,0.0,0.0,0.7624482081849241,0.8324339833753174,0.7624482081849241,0.7425524665720726,0.5998389337192196,0.13333333333333333,0.0,0.8310225670667515,0.8248140494725984,0.6774630119939575,0.0,0.0,0.0,0.0
Bot-IoT,C&W,4,15,2048,3,26.556378500070423,27.680519400397316,0.0,0.7624482081849241,0.8324339833753174,0.7624482081849241,0.7425524665720726,0.5998389337192196,0.13333333333333333,0.0,0.8310225670667515,0.8248140494725984,0.6774630119939575,0.0,0.0,0.0,0.0,0.7624482081849241,0.8324339833753174,0.7624482081849241,0.7425524665720726,0.5998389337192196,0.13333333333333333,0.0,0.8310225670667515,0.8248140494725984,0.6774630119939575,0.0,0.0,0.0,0.0
Bot-IoT,C&W,4,20,1024,2,23.631853100145236,21.380995200015604,0.0,0.7583866395289671,0.8312119263876069,0.7583866395289671,0.7373161216974304,0.5941029404051811,0.13333333333333333,0.0,0.842022405926041,0.8321033650175995,0.6752187335155797,0.0,0.0,0.0,0.0,0.7583866395289671,0.8312119263876069,0.7583866395289671,0.7373161216974304,0.5941029404051811,0.13333333333333333,0.0,0.842022405926041,0.8321033650175995,0.6752187335155797,0.0,0.0,0.0,0.0
Bot-IoT,C&W,4,20,1024,3,24.23606439982541,19.861255899770185,0.0,0.7583866395289671,0.8312119263876069,0.7583866395289671,0.7373161216974304,0.5941029404051811,0.13333333333333333,0.0,0.8420221047757778,0.8321032056613789,0.6752187335155797,0.0,0.0,0.0,0.0,0.7583866395289671,0.8312119263876069,0.7583866395289671,0.7373161216974304,0.5941029404051811,0.13333333333333333,0.0,0.8420221047757778,0.8321032056613789,0.6752187335155797,0.0,0.0,0.0,0.0
Bot-IoT,C&W,4,20,2048,2,24.53214850020595,19.548186599975452,0.0,0.7583866395289671,0.8312119263876069,0.7583866395289671,0.7373161216974304,0.5941029404051811,0.13333333333333333,0.0,0.8420221047757778,0.8321032056613789,0.6752187335155797,0.0,0.0,0.0,0.0,0.7583866395289671,0.8312119263876069,0.7583866395289671,0.7373161216974304,0.5941029404051811,0.13333333333333333,0.0,0.8420221047757778,0.8321032056613789,0.6752187335155797,0.0,0.0,0.0,0.0
Bot-IoT,C&W,4,20,2048,3,24.323379900073633,19.630343499826267,0.0,0.7583866395289671,0.8312119263876069,0.7583866395289671,0.7373161216974304,0.5941029404051811,0.13333333333333333,0.0,0.8420221047757778,0.8321032056613789,0.6752187335155797,0.0,0.0,0.0,0.0,0.7583866395289671,0.8312119263876069,0.7583866395289671,0.7373161216974304,0.5941029404051811,0.13333333333333333,0.0,0.8420221047757778,0.8321032056613789,0.6752187335155797,0.0,0.0,0.0,0.0
Bot-IoT,C&W,8,5,1024,2,69.69347260007635,144.7448388999328,0.0,0.6551392018608708,0.7892111908016076,0.6551392018608708,0.5913409653827676,0.4312410554811792,0.13333333333333333,0.0,0.8082693300326754,0.7357308162073307,0.812377306849293,0.0,0.0,0.0,0.0,0.6551392018608708,0.7892111908016076,0.6551392018608708,0.5913409653827676,0.4312410554811792,0.13333333333333333,0.0,0.8082693300326754,0.7357308162073307,0.812377306849293,0.0,0.0,0.0,0.0
Bot-IoT,C&W,8,5,1024,3,69.5216457999777,146.79155389987864,0.0,0.6551392018608708,0.7892111908016076,0.6551392018608708,0.5913409653827676,0.4312410554811792,0.13333333333333333,0.0,0.8082693300326754,0.7357308162073307,0.812377306849293,0.0,0.0,0.0,0.0,0.6551392018608708,0.7892111908016076,0.6551392018608708,0.5913409653827676,0.4312410554811792,0.13333333333333333,0.0,0.8082693300326754,0.7357308162073307,0.812377306849293,0.0,0.0,0.0,0.0
Bot-IoT,C&W,8,5,2048,2,70.1540902000852,144.8935645003803,0.0,0.6551392018608708,0.7892111908016076,0.6551392018608708,0.5913409653827676,0.4312410554811792,0.13333333333333333,0.0,0.8082693300326754,0.7357308162073307,0.812377306849293,0.0,0.0,0.0,0.0,0.6551392018608708,0.7892111908016076,0.6551392018608708,0.5913409653827676,0.4312410554811792,0.13333333333333333,0.0,0.8082693300326754,0.7357308162073307,0.812377306849293,0.0,0.0,0.0,0.0
Bot-IoT,C&W,8,5,2048,3,69.69227329990827,146.12189589976333,0.0,0.6551392018608708,0.7892111908016076,0.6551392018608708,0.5913409653827676,0.4312410554811792,0.13333333333333333,0.0,0.8082693300326754,0.7357308162073307,0.812377306849293,0.0,0.0,0.0,0.0,0.6551392018608708,0.7892111908016076,0.6551392018608708,0.5913409653827676,0.4312410554811792,0.13333333333333333,0.0,0.8082693300326754,0.7357308162073307,0.812377306849293,0.0,0.0,0.0,0.0
Bot-IoT,C&W,8,10,1024,2,43.31308489991352,70.29985240008682,0.0,0.800410700007269,0.8528989884113877,0.800410700007269,0.7883407063453941,0.6598642718435873,0.13333333333333333,0.0,0.819231373224208,0.8095875527684548,0.8969647349270027,0.0,0.0,0.0,0.0,0.800410700007269,0.8528989884113877,0.800410700007269,0.7883407063453941,0.6598642718435873,0.13333333333333333,0.0,0.819231373224208,0.8095875527684548,0.8969647349270027,0.0,0.0,0.0,0.0
Bot-IoT,C&W,8,10,1024,3,53.11759479995817,71.05625589983538,0.0,0.800410700007269,0.8528989884113877,0.800410700007269,0.7883407063453941,0.6598642718435873,0.13333333333333333,0.0,0.819231373224208,0.8095875527684548,0.8969647349270027,0.0,0.0,0.0,0.0,0.800410700007269,0.8528989884113877,0.800410700007269,0.7883407063453941,0.6598642718435873,0.13333333333333333,0.0,0.819231373224208,0.8095875527684548,0.8969647349270027,0.0,0.0,0.0,0.0
Bot-IoT,C&W,8,10,2048,2,44.110363099956885,69.76706579979509,0.0,0.800410700007269,0.8528989884113877,0.800410700007269,0.7883407063453941,0.6598642718435873,0.13333333333333333,0.0,0.819231373224208,0.8095875527684548,0.8969647349270027,0.0,0.0,0.0,0.0,0.800410700007269,0.8528989884113877,0.800410700007269,0.7883407063453941,0.6598642718435873,0.13333333333333333,0.0,0.819231373224208,0.8095875527684548,0.8969647349270027,0.0,0.0,0.0,0.0
Bot-IoT,C&W,8,10,2048,3,52.3290885000024,70.1989777002018,0.0,0.800410700007269,0.8528989884113877,0.800410700007269,0.7883407063453941,0.6598642718435873,0.13333333333333333,0.0,0.819231373224208,0.8095875527684548,0.8969647349270027,0.0,0.0,0.0,0.0,0.800410700007269,0.8528989884113877,0.800410700007269,0.7883407063453941,0.6598642718435873,0.13333333333333333,0.0,0.819231373224208,0.8095875527684548,0.8969647349270027,0.0,0.0,0.0,0.0
Bot-IoT,C&W,8,15,1024,2,42.42686209990643,44.32229129970074,0.0,0.8131860143926728,0.8584354788394405,0.8131860143926728,0.8034239064959771,0.6787233501733674,0.06666666666666667,0.0,0.8294942111041305,0.8271692965728926,0.9108059442836985,0.0,0.0,0.0,0.0,0.8131860143926728,0.8584354788394405,0.8131860143926728,0.8034239064959771,0.6787233501733674,0.06666666666666667,0.0,0.8294942111041305,0.8271692965728926,0.9108059442836985,0.0,0.0,0.0,0.0
Bot-IoT,C&W,8,15,1024,3,40.87890799995512,44.688070700038224,0.0,0.8131860143926728,0.8584354788394405,0.8131860143926728,0.8034239064959771,0.6787233501733674,0.06666666666666667,0.0,0.8294942111041305,0.8271692965728926,0.9108059442836985,0.0,0.0,0.0,0.0,0.8131860143926728,0.8584354788394405,0.8131860143926728,0.8034239064959771,0.6787233501733674,0.06666666666666667,0.0,0.8294942111041305,0.8271692965728926,0.9108059442836985,0.0,0.0,0.0,0.0
Bot-IoT,C&W,8,15,2048,2,35.01196249993518,44.44979670015164,0.0,0.8131860143926728,0.8584354788394405,0.8131860143926728,0.8034239064959771,0.6787233501733674,0.06666666666666667,0.0,0.8294942111041305,0.8271692965728924,0.9108059442836985,0.0,0.0,0.0,0.0,0.8131860143926728,0.8584354788394405,0.8131860143926728,0.8034239064959771,0.6787233501733674,0.06666666666666667,0.0,0.8294942111041305,0.8271692965728924,0.9108059442836985,0.0,0.0,0.0,0.0
Bot-IoT,C&W,8,15,2048,3,35.1258252998814,44.28659660019912,0.0,0.8131860143926728,0.8584354788394405,0.8131860143926728,0.8034239064959771,0.6787233501733674,0.06666666666666667,0.0,0.8294942111041305,0.8271692965728924,0.9108059442836985,0.0,0.0,0.0,0.0,0.8131860143926728,0.8584354788394405,0.8131860143926728,0.8034239064959771,0.6787233501733674,0.06666666666666667,0.0,0.8294942111041305,0.8271692965728924,0.9108059442836985,0.0,0.0,0.0,0.0
Bot-IoT,C&W,8,20,1024,2,30.66381399985403,35.850561999948695,0.0,0.8197826561023479,0.8616926506132342,0.8197826561023479,0.8110517695945022,0.688745610314352,0.0,0.0,0.8455401523552002,0.8369815088415482,0.9209749658907118,0.0,0.0,0.0,0.0,0.8197826561023479,0.8616926506132342,0.8197826561023479,0.8110517695945022,0.688745610314352,0.0,0.0,0.8455401523552002,0.8369815088415482,0.9209749658907118,0.0,0.0,0.0,0.0
Bot-IoT,C&W,8,20,1024,3,30.717656900174916,33.02349460008554,0.0,0.8197826561023479,0.8616926506132342,0.8197826561023479,0.8110517695945022,0.688745610314352,0.0,0.0,0.8455401523552,0.8369815088415482,0.9209749658907118,0.0,0.0,0.0,0.0,0.8197826561023479,0.8616926506132342,0.8197826561023479,0.8110517695945022,0.688745610314352,0.0,0.0,0.8455401523552,0.8369815088415482,0.9209749658907118,0.0,0.0,0.0,0.0
Bot-IoT,C&W,8,20,2048,2,31.79742700001225,35.919348899973556,0.0,0.8197826561023479,0.8616926506132342,0.8197826561023479,0.8110517695945022,0.688745610314352,0.0,0.0,0.8455401523552002,0.8369815088415482,0.9209749658907118,0.0,0.0,0.0,0.0,0.8197826561023479,0.8616926506132342,0.8197826561023479,0.8110517695945022,0.688745610314352,0.0,0.0,0.8455401523552002,0.8369815088415482,0.9209749658907118,0.0,0.0,0.0,0.0
Bot-IoT,C&W,8,20,2048,3,32.027345900190994,33.548253500135615,0.0,0.8197826561023479,0.8616926506132342,0.8197826561023479,0.8110517695945022,0.688745610314352,0.0,0.0,0.8455401523552,0.8369815088415482,0.9209749658907118,0.0,0.0,0.0,0.0,0.8197826561023479,0.8616926506132342,0.8197826561023479,0.8110517695945022,0.688745610314352,0.0,0.0,0.8455401523552,0.8369815088415482,0.9209749658907118,0.0,0.0,0.0,0.0
Bot-IoT,C&W,10,5,1024,2,82.87378729996271,168.87219049991108,0.0,0.7163353202006252,0.8138953490221857,0.7163353202006252,0.6817025753787904,0.5298379377507294,0.06666666666666667,0.0,0.8060257801982367,0.7173929132233496,0.8587818407558678,0.0,0.0,0.0,0.0,0.7163353202006252,0.8138953490221857,0.7163353202006252,0.6817025753787904,0.5298379377507294,0.06666666666666667,0.0,0.8060257801982367,0.7173929132233496,0.8587818407558678,0.0,0.0,0.0,0.0
Bot-IoT,C&W,10,5,1024,3,82.54727079998702,171.05673220031895,0.0,0.7163353202006252,0.8138953490221857,0.7163353202006252,0.6817025753787904,0.5298379377507294,0.06666666666666667,0.0,0.8060257801982367,0.7173929132233496,0.8587818407558678,0.0,0.0,0.0,0.0,0.7163353202006252,0.8138953490221857,0.7163353202006252,0.6817025753787904,0.5298379377507294,0.06666666666666667,0.0,0.8060257801982367,0.7173929132233496,0.8587818407558678,0.0,0.0,0.0,0.0
Bot-IoT,C&W,10,5,2048,2,82.92006310005672,168.87633589981124,0.0,0.7163353202006252,0.8138953490221857,0.7163353202006252,0.6817025753787904,0.5298379377507294,0.06666666666666667,0.0,0.8060257801982367,0.7173929132233496,0.8587818407558678,0.0,0.0,0.0,0.0,0.7163353202006252,0.8138953490221857,0.7163353202006252,0.6817025753787904,0.5298379377507294,0.06666666666666667,0.0,0.8060257801982367,0.7173929132233496,0.8587818407558678,0.0,0.0,0.0,0.0
Bot-IoT,C&W,10,5,2048,3,83.36437280010432,171.31936010019854,0.0,0.7163353202006252,0.8138953490221857,0.7163353202006252,0.6817025753787904,0.5298379377507294,0.06666666666666667,0.0,0.8060257801982367,0.7173929132233496,0.8587818407558678,0.0,0.0,0.0,0.0,0.7163353202006252,0.8138953490221857,0.7163353202006252,0.6817025753787904,0.5298379377507294,0.06666666666666667,0.0,0.8060257801982367,0.7173929132233496,0.8587818407558678,0.0,0.0,0.0,0.0
Bot-IoT,C&W,10,10,1024,2,51.14685510005802,77.5021345000714,0.0,0.7336992076760922,0.8216281718369802,0.7336992076760922,0.7050846985193778,0.5570957719343811,0.06666666666666667,0.0,0.8193453953351841,0.8073975591877339,0.8688203511514117,0.0,0.0,0.0,0.0,0.7336992076760922,0.8216281718369802,0.7336992076760922,0.7050846985193778,0.5570957719343811,0.06666666666666667,0.0,0.8193453953351841,0.8073975591877339,0.8688203511514117,0.0,0.0,0.0,0.0
Bot-IoT,C&W,10,10,1024,3,51.316101299831644,78.47003800002858,0.0,0.7336992076760922,0.8216281718369802,0.7336992076760922,0.7050846985193778,0.5570957719343811,0.06666666666666667,0.0,0.8193449798898425,0.8074012286959785,0.8688203511514117,0.0,0.0,0.0,0.0,0.7336992076760922,0.8216281718369802,0.7336992076760922,0.7050846985193778,0.5570957719343811,0.06666666666666667,0.0,0.8193449798898425,0.8074012286959785,0.8688203511514117,0.0,0.0,0.0,0.0
Bot-IoT,C&W,10,10,2048,2,50.90436729998328,78.50604500016198,0.0,0.7336992076760922,0.8216281718369802,0.7336992076760922,0.7050846985193778,0.5570957719343811,0.06666666666666667,0.0,0.8193453953351841,0.8073975591877339,0.8688203511514117,0.0,0.0,0.0,0.0,0.7336992076760922,0.8216281718369802,0.7336992076760922,0.7050846985193778,0.5570957719343811,0.06666666666666667,0.0,0.8193453953351841,0.8073975591877339,0.8688203511514117,0.0,0.0,0.0,0.0
Bot-IoT,C&W,10,10,2048,3,50.211836399976164,78.5403859000653,0.0,0.7336992076760922,0.8216281718369802,0.7336992076760922,0.7050846985193778,0.5570957719343811,0.06666666666666667,0.0,0.8193449798898425,0.8074012286959785,0.8688203511514117,0.0,0.0,0.0,0.0,0.7336992076760922,0.8216281718369802,0.7336992076760922,0.7050846985193778,0.5570957719343811,0.06666666666666667,0.0,0.8193449798898425,0.8074012286959785,0.8688203511514117,0.0,0.0,0.0,0.0
Bot-IoT,C&W,10,15,1024,2,47.287447600159794,50.955297000240535,0.0,0.8367013156938286,0.8720551186101885,0.8367013156938286,0.8300641267902467,0.716032741847208,0.06666666666666667,0.0,0.8264241169945556,0.8216339065407483,0.9220895006290004,0.0,0.0,0.0,0.0,0.8367013156938286,0.8720551186101885,0.8367013156938286,0.8300641267902467,0.716032741847208,0.06666666666666667,0.0,0.8264241169945556,0.8216339065407483,0.9220895006290004,0.0,0.0,0.0,0.0
Bot-IoT,C&W,10,15,1024,3,46.846932999789715,51.14474170003086,0.0,0.8367013156938286,0.8720551186101885,0.8367013156938286,0.8300641267902467,0.716032741847208,0.06666666666666667,0.0,0.8264241169945556,0.8216339065407483,0.9220895006290004,0.0,0.0,0.0,0.0,0.8367013156938286,0.8720551186101885,0.8367013156938286,0.8300641267902467,0.716032741847208,0.06666666666666667,0.0,0.8264241169945556,0.8216339065407483,0.9220895006290004,0.0,0.0,0.0,0.0
Bot-IoT,C&W,10,15,2048,2,39.569074500119314,51.070649300236255,0.0,0.8367013156938286,0.8720551186101885,0.8367013156938286,0.8300641267902467,0.716032741847208,0.06666666666666667,0.0,0.8264241169945556,0.8216339065407483,0.9220895006290004,0.0,0.0,0.0,0.0,0.8367013156938286,0.8720551186101885,0.8367013156938286,0.8300641267902467,0.716032741847208,0.06666666666666667,0.0,0.8264241169945556,0.8216339065407483,0.9220895006290004,0.0,0.0,0.0,0.0
Bot-IoT,C&W,10,15,2048,3,40.49322730000131,51.66751280031167,0.0,0.8367013156938286,0.8720551186101885,0.8367013156938286,0.8300641267902467,0.716032741847208,0.06666666666666667,0.0,0.8264241169945556,0.8216339065407483,0.9220895006290004,0.0,0.0,0.0,0.0,0.8367013156938286,0.8720551186101885,0.8367013156938286,0.8300641267902467,0.716032741847208,0.06666666666666667,0.0,0.8264241169945556,0.8216339065407483,0.9220895006290004,0.0,0.0,0.0,0.0
Bot-IoT,C&W,10,20,1024,2,35.78524160012603,36.96542979986407,0.0,0.8310133023188195,0.868906001359098,0.8310133023188195,0.8236580450504979,0.7071623464196027,0.06666666666666667,0.0,0.8436732480794804,0.8364856314914357,0.719381110486027,0.0,0.0,0.0,0.0,0.8310133023188195,0.868906001359098,0.8310133023188195,0.8236580450504979,0.7071623464196027,0.06666666666666667,0.0,0.8436732480794804,0.8364856314914357,0.719381110486027,0.0,0.0,0.0,0.0
Bot-IoT,C&W,10,20,1024,3,34.65555559983477,37.39915380021557,0.0,0.8310133023188195,0.868906001359098,0.8310133023188195,0.8236580450504979,0.7071623464196027,0.06666666666666667,0.0,0.8436732480794804,0.8364856314914357,0.719381110486027,0.0,0.0,0.0,0.0,0.8310133023188195,0.868906001359098,0.8310133023188195,0.8236580450504979,0.7071623464196027,0.06666666666666667,0.0,0.8436732480794804,0.8364856314914357,0.719381110486027,0.0,0.0,0.0,0.0
Bot-IoT,C&W,10,20,2048,2,34.524217299884185,40.331675600027665,0.0,0.8310133023188195,0.868906001359098,0.8310133023188195,0.8236580450504979,0.7071623464196027,0.06666666666666667,0.0,0.8436732480794804,0.8364856314914357,0.719381110486027,0.0,0.0,0.0,0.0,0.8310133023188195,0.868906001359098,0.8310133023188195,0.8236580450504979,0.7071623464196027,0.06666666666666667,0.0,0.8436732480794804,0.8364856314914357,0.719381110486027,0.0,0.0,0.0,0.0
Bot-IoT,C&W,10,20,2048,3,34.751266499981284,37.50092670018785,0.0,0.8310133023188195,0.868906001359098,0.8310133023188195,0.8236580450504979,0.7071623464196027,0.06666666666666667,0.0,0.8436732480794804,0.8364856314914357,0.719381110486027,0.0,0.0,0.0,0.0,0.8310133023188195,0.868906001359098,0.8310133023188195,0.8236580450504979,0.7071623464196027,0.06666666666666667,0.0,0.8436732480794804,0.8364856314914357,0.719381110486027,0.0,0.0,0.0,0.0
