Dataset,Attack,Resolution,AddressSize,BloomSize,Hash,TrainTime_s,InferTime_Adv_s,Acc_Drop_pp,Clean_Acc,Clean_Precision,Clean_Recall,Clean_F1,Clean_MCC,Clean_FAR,Clean_ASR,Clean_AUC,Clean_PR_AUC,Clean_F1_Macro,Clean_Miss_analysis,Clean_Miss_backdoor,Clean_Miss_dos,Clean_Miss_exploits,Clean_Miss_fuzzers,Clean_Miss_generic,Clean_Miss_reconnaissance,Clean_Miss_shellcode,Clean_Miss_worms,Adv_Acc,Adv_Precision,Adv_Recall,Adv_F1,Adv_MCC,Adv_FAR,Adv_ASR,Adv_AUC,Adv_PR_AUC,Adv_F1_Macro,Adv_Miss_analysis,Adv_Miss_backdoor,Adv_Miss_dos,Adv_Miss_exploits,Adv_Miss_fuzzers,Adv_Miss_generic,Adv_Miss_reconnaissance,Adv_Miss_shellcode,Adv_Miss_worms
UNSW-NB15,FGSM,1,5,1024,2,6.065199851989746,74.29631972312927,-12.977942962639071,0.06358402565223728,0.7952015100398077,0.06358402565223728,0.05686943450738707,-0.006663969670900968,0.9617027027027027,0.00013235683402453013,0.6796465153318774,0.17248587022268072,0.031180495640817922,0.0,0.0,0.0,0.00035932446999640676,0.0003299241174529858,0.0,0.0,0.0,0.0,0.193363455278628,0.5555195494403974,0.193363455278628,0.23961333746950636,0.07343463961942484,0.6379189189189189,0.13332745080737668,0.5561662621445258,0.1618060259321467,0.06982766973212753,0.0103397341211226,0.030874785591766724,0.06847640009782342,0.2391304347826087,0.33107885186407127,0.006729903025806793,0.23684210526315788,0.25925925925925924,0.38636363636363635
UNSW-NB15,RANDOM_LINF,1,5,1024,2,6.065199851989746,64.42893815040588,-8.974639265413206,0.06358402565223728,0.7952015100398077,0.06358402565223728,0.05686943450738707,-0.006663969670900968,0.9617027027027027,0.00013235683402453013,0.6796465153318774,0.17248587022268072,0.031180495640817922,0.0,0.0,0.0,0.00035932446999640676,0.0003299241174529858,0.0,0.0,0.0,0.0,0.15333041830636934,0.5043713933691273,0.15333041830636934,0.1826083871959894,0.029085334088341304,0.7525135135135135,0.1815494573369805,0.5843869288478634,0.1242976996536925,0.06154858324361978,0.03988183161004431,0.05317324185248713,0.13915382734164833,0.37181099532878187,0.32695480039590896,0.020083726352604525,0.2808924485125858,0.2698412698412698,0.4318181818181818
UNSW-NB15,RANDOM_L2,1,5,1024,2,6.065199851989746,63.55630326271057,-9.709468979254726,0.06358402565223728,0.7952015100398077,0.06358402565223728,0.05686943450738707,-0.006663969670900968,0.9617027027027027,0.00013235683402453013,0.6796465153318774,0.17248587022268072,0.031180495640817922,0.0,0.0,0.0,0.00035932446999640676,0.0003299241174529858,0.0,0.0,0.0,0.0,0.16067871544478454,0.4998243576794986,0.16067871544478454,0.1913016801467912,0.0331872798800021,0.7427837837837837,0.18863054795729287,0.5930327681696286,0.12533653504701928,0.06526481694036879,0.04431314623338257,0.06174957118353345,0.14208853020298362,0.37486525332375137,0.3282744968657209,0.034338402840337026,0.2768878718535469,0.2777777777777778,0.45454545454545453
UNSW-NB15,FGSM,1,5,1024,3,5.9560112953186035,84.87536334991455,-2.596803187096147,0.09996113297381334,0.7544960263845775,0.09996113297381334,0.14130228173344372,0.047522802408381554,0.8795675675675676,0.0011029736168710845,0.6705584680813681,0.17045611192301263,0.06094552206277544,0.0,0.0,0.0019564685742235266,0.0035932446999640674,0.0003299241174529858,0.0,0.0,0.0,0.0,0.12592916484477482,0.5798639976506356,0.12592916484477482,0.17684098651519295,0.05156820422235223,0.7919459459459459,0.0689579105267802,0.5130282182768349,0.1575171507469681,0.05838516521645165,0.005908419497784343,0.02058319039451115,0.041330398630472,0.09423284225655768,0.20405806664467172,0.013194849239573949,0.09897025171624714,0.11904761904761904,0.3409090909090909
UNSW-NB15,RANDOM_LINF,1,5,1024,3,5.9560112953186035,71.04498982429504,-1.9117718505562848,0.09996113297381334,0.7544960263845775,0.09996113297381334,0.14130228173344372,0.047522802408381554,0.8795675675675676,0.0011029736168710845,0.6705584680813681,0.17045611192301263,0.06094552206277544,0.0,0.0,0.0019564685742235266,0.0035932446999640674,0.0003299241174529858,0.0,0.0,0.0,0.0,0.11907885147937619,0.5308145733809959,0.11907885147937619,0.15154587135860723,0.034792390646843106,0.833,0.10502514779846465,0.5670878616589812,0.12471268749155547,0.0573853212160224,0.025110782865583457,0.024013722126929673,0.07410124724871607,0.2081386992454186,0.1791487957769713,0.021726458587250277,0.15560640732265446,0.15343915343915343,0.2727272727272727
UNSW-NB15,RANDOM_L2,1,5,1024,3,5.9560112953186035,67.53189301490784,-2.64903075353447,0.09996113297381334,0.7544960263845775,0.09996113297381334,0.14130228173344372,0.047522802408381554,0.8795675675675676,0.0011029736168710845,0.6705584680813681,0.17045611192301263,0.06094552206277544,0.0,0.0,0.0019564685742235266,0.0035932446999640674,0.0003299241174529858,0.0,0.0,0.0,0.0,0.12645144050915805,0.5207805384040166,0.12645144050915805,0.16005802094556523,0.036902708441776934,0.8218378378378378,0.11768728492014471,0.5773030410222292,0.12549909605247273,0.06072786537571191,0.025110782865583457,0.03945111492281304,0.08192712154561017,0.20993532159540065,0.18310788518640714,0.046261459382120715,0.16304347826086957,0.15079365079365079,0.29545454545454547
UNSW-NB15,FGSM,1,5,2048,2,5.89399266242981,75.27832841873169,-11.674682990817665,0.06358402565223728,0.7952015100398077,0.06358402565223728,0.05686943450738707,-0.006663969670900968,0.9617027027027027,0.00013235683402453013,0.6703721556312374,0.1704590190496064,0.031180495640817922,0.0,0.0,0.0,0.00035932446999640676,0.0003299241174529858,0.0,0.0,0.0,0.0,0.18033085556041392,0.5536197173371012,0.18033085556041392,0.22743322119274756,0.06650472570870528,0.6663513513513514,0.12538604076590487,0.5317638540615137,0.1608414785756676,0.06688659473188488,0.0103397341211226,0.0274442538593482,0.06285155294693079,0.22134387351778656,0.30320026393929395,0.01467860738699592,0.2036613272311213,0.25396825396825395,0.38636363636363635
UNSW-NB15,RANDOM_LINF,1,5,2048,2,5.89399266242981,65.14888453483582,-8.649127921099936,0.06358402565223728,0.7952015100398077,0.06358402565223728,0.05686943450738707,-0.006663969670900968,0.9617027027027027,0.00013235683402453013,0.6703721556312374,0.1704590190496064,0.031180495640817922,0.0,0.0,0.0,0.00035932446999640676,0.0003299241174529858,0.0,0.0,0.0,0.0,0.15007530486323664,0.5056301511757757,0.15007530486323664,0.17938105573975083,0.02911309937407249,0.7601081081081081,0.17438012882731846,0.5682912701746754,0.1275173630103123,0.06088616650564467,0.03988183161004431,0.04974271012006861,0.13010516018586452,0.34863456701401363,0.31573738040250743,0.024164061258014943,0.27088100686498856,0.26455026455026454,0.4318181818181818
UNSW-NB15,RANDOM_L2,1,5,2048,2,5.89399266242981,64.51034164428711,-9.258854394403148,0.06358402565223728,0.7952015100398077,0.06358402565223728,0.05686943450738707,-0.006663969670900968,0.9617027027027027,0.00013235683402453013,0.6703721556312374,0.1704590190496064,0.031180495640817922,0.0,0.0,0.0,0.00035932446999640676,0.0003299241174529858,0.0,0.0,0.0,0.0,0.15617256959626877,0.4989764952950761,0.15617256959626877,0.18633267351967506,0.03190979607245461,0.7527297297297297,0.18249801464748963,0.5780596436281187,0.12840346381897688,0.06413525036353111,0.0413589364844904,0.0548885077186964,0.1305942773294204,0.34782608695652173,0.3150775321676014,0.04414180488580361,0.26973684210526316,0.2671957671957672,0.45454545454545453
UNSW-NB15,FGSM,1,5,2048,3,5.9228034019470215,75.19369649887085,-12.06213865811592,0.06358402565223728,0.7952015100398077,0.06358402565223728,0.05686943450738707,-0.006663969670900968,0.9617027027027027,0.00013235683402453013,0.6703570353286037,0.17045262951463364,0.031180495640817922,0.0,0.0,0.0,0.00035932446999640676,0.0003299241174529858,0.0,0.0,0.0,0.0,0.18420541223339648,0.5484925646245726,0.18420541223339648,0.22449143659752277,0.06278875926395512,0.6441351351351351,0.13990117356392834,0.5296750391224585,0.1594713071391621,0.06377311778548161,0.0103397341211226,0.03430531732418525,0.07043286867204696,0.24065756378009343,0.3343780930386011,0.014996555561443485,0.2620137299771167,0.2777777777777778,0.38636363636363635
UNSW-NB15,RANDOM_LINF,1,5,2048,3,5.9228034019470215,65.63373494148254,-8.821600349803235,0.06358402565223728,0.7952015100398077,0.06358402565223728,0.05686943450738707,-0.006663969670900968,0.9617027027027027,0.00013235683402453013,0.6703570353286037,0.17045262951463364,0.031180495640817922,0.0,0.0,0.0,0.00035932446999640676,0.0003299241174529858,0.0,0.0,0.0,0.0,0.15180002915026963,0.5025887171855689,0.15180002915026963,0.18051564847276294,0.02728460693772347,0.751,0.18496867554928087,0.5662752555816674,0.12664402072158631,0.06009246539980919,0.03988183161004431,0.05317324185248713,0.13988750305698214,0.3711821775062882,0.3281095348069944,0.028138413438609507,0.2808924485125858,0.2698412698412698,0.4318181818181818
UNSW-NB15,RANDOM_L2,1,5,2048,3,5.9228034019470215,64.51760220527649,-9.51877763202643,0.06358402565223728,0.7952015100398077,0.06358402565223728,0.05686943450738707,-0.006663969670900968,0.9617027027027027,0.00013235683402453013,0.6703570353286037,0.17045262951463364,0.031180495640817922,0.0,0.0,0.0,0.00035932446999640676,0.0003299241174529858,0.0,0.0,0.0,0.0,0.15877180197250157,0.4946714733713104,0.15877180197250157,0.18789572201386753,0.029748285002787946,0.7407027027027027,0.19628518485837818,0.5760706909007549,0.12730315468483813,0.06329991944479688,0.04431314623338257,0.06174957118353345,0.14306676449009537,0.3750449155587495,0.3307489277466183,0.051560595622913465,0.27717391304347827,0.2777777777777778,0.45454545454545453
UNSW-NB15,FGSM,1,10,1024,2,3.974163055419922,42.84256362915039,-13.892532672593887,0.0677986688043531,0.7948549173250767,0.0677986688043531,0.05651808166390007,-0.020279978076839664,0.9618378378378378,0.00013235683402453013,0.6537312854100381,0.17083798327337035,0.0313151993332002,0.0,0.0,0.0,0.00035932446999640676,0.0003299241174529858,0.0,0.0,0.0,0.0,0.206723995530292,0.557830613010397,0.206723995530292,0.23693183153545033,0.05046249882187465,0.6684594594594595,0.12309185564281303,0.5691335960219868,0.16254112653015182,0.07764888181180869,0.0103397341211226,0.024013722126929673,0.05575935436537051,0.2172116421128279,0.2999010227647641,0.01467860738699592,0.20165903890160183,0.25396825396825395,0.38636363636363635
UNSW-NB15,RANDOM_LINF,1,10,1024,2,3.974163055419922,34.82469630241394,-10.143079240149637,0.0677986688043531,0.7948549173250767,0.0677986688043531,0.05651808166390007,-0.020279978076839664,0.9618378378378378,0.00013235683402453013,0.6537312854100381,0.17083798327337035,0.0313151993332002,0.0,0.0,0.0,0.00035932446999640676,0.0003299241174529858,0.0,0.0,0.0,0.0,0.16922946120584947,0.5322092650799958,0.16922946120584947,0.1863880222443972,0.0231712754905421,0.7634054054054054,0.17122562428306715,0.5572204407394193,0.1306382618606681,0.06726512493583248,0.03988183161004431,0.04974271012006861,0.12570310589386158,0.33884297520661155,0.30534477070273836,0.026707646653595464,0.2705949656750572,0.26455026455026454,0.4318181818181818
UNSW-NB15,RANDOM_L2,1,10,1024,2,3.974163055419922,34.28456163406372,-10.613127338094545,0.0677986688043531,0.7948549173250767,0.0677986688043531,0.05651808166390007,-0.020279978076839664,0.9618378378378378,0.00013235683402453013,0.6537312854100381,0.17083798327337035,0.0313151993332002,0.0,0.0,0.0,0.00035932446999640676,0.0003299241174529858,0.0,0.0,0.0,0.0,0.17392994218529856,0.5305904854081497,0.17392994218529856,0.1918768666576913,0.024436584194358634,0.7572432432432432,0.18057884055413395,0.5607596290470929,0.13063201783674547,0.06998533360421473,0.0413589364844904,0.051457975986277875,0.12423575446319393,0.33794466403162055,0.30633454305509733,0.049758889301043926,0.26916475972540044,0.2671957671957672,0.45454545454545453
UNSW-NB15,FGSM,1,10,1024,3,4.009166479110718,44.178497314453125,-2.534858864111156,0.32032502550648595,0.8239450285641072,0.32032502550648595,0.3644730975891596,0.2912623163631774,0.878945945945946,0.0011029736168710845,0.6756573214163573,0.1822640905942035,0.16076615726201365,0.0,0.0,0.0019564685742235266,0.0035932446999640674,0.0003299241174529858,0.0,0.0,0.0,0.0,0.3456736141475975,0.5312192185786772,0.3456736141475975,0.38764683373628556,0.25225215250259975,0.7455675675675676,0.11845936645195447,0.5339037208068935,0.17143008918438926,0.1512771920120431,0.0103397341211226,0.02058319039451115,0.06260699437515285,0.22062522457779374,0.31590234246123394,0.0050871707911610406,0.15503432494279176,0.20105820105820105,0.22727272727272727
UNSW-NB15,RANDOM_LINF,1,10,1024,3,4.009166479110718,35.75115942955017,10.970218141184473,0.32032502550648595,0.8239450285641072,0.32032502550648595,0.3644730975891596,0.2912623163631774,0.878945945945946,0.0011029736168710845,0.6756573214163573,0.1822640905942035,0.16076615726201365,0.0,0.0,0.0019564685742235266,0.0035932446999640674,0.0003299241174529858,0.0,0.0,0.0,0.0,0.21062284409464122,0.46481423818215206,0.21062284409464122,0.2684880318645943,0.09098448260166546,0.7414864864864865,0.1745345451336804,0.5548463498621714,0.13602006764228775,0.10024952670163056,0.03840472673559823,0.051457975986277875,0.1318170701883101,0.3463887890765361,0.3183767733421313,0.024693974882094218,0.27088100686498856,0.26455026455026454,0.4090909090909091
UNSW-NB15,RANDOM_L2,1,10,1024,3,4.009166479110718,36.04371523857117,10.48073653014624,0.32032502550648595,0.8239450285641072,0.32032502550648595,0.3644730975891596,0.2912623163631774,0.878945945945946,0.0011029736168710845,0.6756573214163573,0.1822640905942035,0.16076615726201365,0.0,0.0,0.0019564685742235266,0.0035932446999640674,0.0003299241174529858,0.0,0.0,0.0,0.0,0.21551766020502355,0.4628771455034155,0.21551766020502355,0.27324049868615136,0.09333078646840356,0.7358918918918919,0.18137298155828113,0.5563800143829281,0.13606391527903552,0.10262603039350911,0.04283604135893648,0.06174957118353345,0.13426265590608952,0.3456701401365433,0.3180468492246783,0.04138625404059138,0.2654462242562929,0.2751322751322751,0.4318181818181818
UNSW-NB15,FGSM,1,10,2048,2,3.673734188079834,39.388558864593506,-12.363358111062528,0.08769372783364912,0.7210790555213233,0.08769372783364912,0.09155605769291364,-0.004547597762240432,0.9166216216216216,0.0001764757786993735,0.6671593501727155,0.17471895474178264,0.03893401773826494,0.0,0.0,0.0,0.0005389867049946101,0.0003299241174529858,0.0,0.0,0.0,0.0,0.2113273089442744,0.5208226198413791,0.2113273089442744,0.2331082559427059,0.03587263869027164,0.6542432432432432,0.1847039618812318,0.5688839945127329,0.15476219129567187,0.07628220292841492,0.0103397341211226,0.0274442538593482,0.11371973587674249,0.41807402084081924,0.3228307489277466,0.023316199459488103,0.20451945080091533,0.2619047619047619,0.45454545454545453
UNSW-NB15,RANDOM_LINF,1,10,2048,2,3.673734188079834,26.882834434509277,-18.827430403731235,0.08769372783364912,0.7210790555213233,0.08769372783364912,0.09155605769291364,-0.004547597762240432,0.9166216216216216,0.0001764757786993735,0.6671593501727155,0.17471895474178264,0.03893401773826494,0.0,0.0,0.0,0.0005389867049946101,0.0003299241174529858,0.0,0.0,0.0,0.0,0.27596803187096147,0.523408574520943,0.27596803187096147,0.28290148609855276,0.08357452454807271,0.49908108108108107,0.2569928527309627,0.5765980361533088,0.13672027488929475,0.08764204935503886,0.06646971935007386,0.0686106346483705,0.19613597456590853,0.5241645706072584,0.4605740679643682,0.029622171586031476,0.4041762013729977,0.36772486772486773,0.5681818181818182
UNSW-NB15,RANDOM_L2,1,10,2048,2,3.673734188079834,27.10228657722473,-19.1675168828645,0.08769372783364912,0.7210790555213233,0.08769372783364912,0.09155605769291364,-0.004547597762240432,0.9166216216216216,0.0001764757786993735,0.6671593501727155,0.17471895474178264,0.03893401773826494,0.0,0.0,0.0,0.0005389867049946101,0.0003299241174529858,0.0,0.0,0.0,0.0,0.27936889666229414,0.5352745652001794,0.27936889666229414,0.2862538104649089,0.08383514054443686,0.49472972972972973,0.26634606900202945,0.5806360142861493,0.1369133013623372,0.08951077675369959,0.07090103397341212,0.0686106346483705,0.1929567131327953,0.5254222062522458,0.47047179148795776,0.04811615706639818,0.40274599542334094,0.4021164021164021,0.6363636363636364
UNSW-NB15,FGSM,1,10,2048,3,3.6826388835906982,42.570887088775635,-12.752028372929114,0.08369771170383326,0.7675449638742559,0.08369771170383326,0.09353273667944967,0.010939784093251765,0.917108108108108,0.00013235683402453013,0.6585533517471343,0.16941059174944442,0.042897700415309235,0.0,0.0,0.0,0.00035932446999640676,0.0003299241174529858,0.0,0.0,0.0,0.0,0.21121799543312442,0.5630317283419132,0.21121799543312442,0.2384323820747555,0.09396929100055487,0.6544054054054054,0.1236874613959234,0.5504782312390978,0.1556677541035501,0.07623906992219462,0.0103397341211226,0.025728987993138937,0.05380288579114698,0.2135285662953647,0.2858792477730122,0.013883736950877006,0.2540045766590389,0.24867724867724866,0.25
UNSW-NB15,RANDOM_LINF,1,10,2048,3,3.6826388835906982,36.24471950531006,-7.478258757226837,0.08369771170383326,0.7675449638742559,0.08369771170383326,0.09353273667944967,0.010939784093251765,0.917108108108108,0.00013235683402453013,0.6585533517471343,0.16941059174944442,0.042897700415309235,0.0,0.0,0.0,0.00035932446999640676,0.0003299241174529858,0.0,0.0,0.0,0.0,0.15848029927610163,0.4966227574235273,0.15848029927610163,0.18076164563668454,0.03155251099656324,0.7548108108108108,0.17539486455483985,0.5512454363591669,0.11872360380418001,0.0615906660109181,0.03988183161004431,0.05317324185248713,0.12839325018341893,0.35285662953647146,0.31012867040580666,0.027290551640082667,0.2648741418764302,0.26455026455026454,0.4318181818181818
UNSW-NB15,RANDOM_L2,1,10,2048,3,3.6826388835906982,37.09479784965515,-8.09648739250838,0.08369771170383326,0.7675449638742559,0.08369771170383326,0.09353273667944967,0.010939784093251765,0.917108108108108,0.00013235683402453013,0.6585533517471343,0.16941059174944442,0.042897700415309235,0.0,0.0,0.0,0.00035932446999640676,0.0003299241174529858,0.0,0.0,0.0,0.0,0.16466258562891706,0.4914406873655477,0.16466258562891706,0.18783793432404555,0.03402302789809929,0.7464594594594595,0.18569663813641576,0.5603839132889818,0.11970835209930522,0.06496762646275098,0.04283604135893648,0.05317324185248713,0.12961604304230864,0.35375494071146246,0.31111844275816564,0.05177256107254517,0.26001144164759726,0.26455026455026454,0.4090909090909091
UNSW-NB15,FGSM,1,15,1024,2,2.9342434406280518,27.430052042007446,-12.784822426274111,0.08675849001603265,0.7893035736039717,0.08675849001603265,0.09914022764549571,0.012662129798409694,0.9087837837837838,0.0013676872849201448,0.6395652019304996,0.15957381498101914,0.04318373311194855,0.0014771048744460858,0.0,0.006847640009782343,0.0016169601149838304,0.001814582645991422,0.0,0.0008581235697940503,0.0026455026455026454,0.0,0.21460671427877376,0.553653537977813,0.21460671427877376,0.23979268808540358,0.09290575505055738,0.644972972972973,0.13370246183711285,0.5488179171598305,0.15334394421746794,0.07534328975650598,0.0103397341211226,0.030874785591766724,0.061139642944485206,0.23616600790513834,0.3322335862751567,0.006676911663398866,0.2568649885583524,0.2698412698412698,0.38636363636363635
UNSW-NB15,RANDOM_LINF,1,15,1024,2,2.9342434406280518,24.33986210823059,-7.6191517271534765,0.08675849001603265,0.7893035736039717,0.08675849001603265,0.09914022764549571,0.012662129798409694,0.9087837837837838,0.0013676872849201448,0.6395652019304996,0.15957381498101914,0.04318373311194855,0.0014771048744460858,0.0,0.006847640009782343,0.0016169601149838304,0.001814582645991422,0.0,0.0008581235697940503,0.0026455026455026454,0.0,0.16295000728756742,0.5082496239012627,0.16295000728756742,0.1855256785862559,0.03355003733950973,0.746,0.17876996382246538,0.5537807449860175,0.1182466239197418,0.06379952906329459,0.03988183161004431,0.05317324185248713,0.13352898019075568,0.36830758174631695,0.3254701418673705,0.017328175507392296,0.28003432494279173,0.2698412698412698,0.4318181818181818
UNSW-NB15,RANDOM_L2,1,15,1024,2,2.9342434406280518,24.044039487838745,-8.277461983190012,0.08675849001603265,0.7893035736039717,0.08675849001603265,0.09914022764549571,0.012662129798409694,0.9087837837837838,0.0013676872849201448,0.6395652019304996,0.15957381498101914,0.04318373311194855,0.0014771048744460858,0.0,0.006847640009782343,0.0016169601149838304,0.001814582645991422,0.0,0.0008581235697940503,0.0026455026455026454,0.0,0.16953310984793277,0.5051632807761809,0.1695331098479328,0.19347556727224544,0.03820125400802746,0.7373513513513513,0.18355686931968587,0.5590926862366341,0.11953950978924702,0.06710098339891399,0.04431314623338257,0.0548885077186964,0.13524089019320126,0.3715415019762846,0.32629495216100296,0.026654655291187535,0.2757437070938215,0.2777777777777778,0.45454545454545453
UNSW-NB15,FGSM,1,15,1024,3,3.1256790161132812,32.935296297073364,-12.018413253655929,0.06790798231550309,0.7629260285110535,0.06790798231550309,0.057157158711347154,-0.01992306224289867,0.9608108108108108,0.00013235683402453013,0.6579436070916465,0.17187721782544516,0.031884378027797255,0.0,0.0,0.0,0.00035932446999640676,0.0003299241174529858,0.0,0.0,0.0,0.0,0.18809211485206237,0.5424622816943199,0.18809211485206237,0.20842022573369745,0.037803299521028816,0.7336756756756757,0.12108444366010765,0.5698520422316149,0.15295243933398464,0.06884016579862713,0.0103397341211226,0.022298456260720412,0.07630227439471754,0.22233201581027667,0.31210821511052456,0.00810767844841291,0.15560640732265446,0.20105820105820105,0.38636363636363635
UNSW-NB15,RANDOM_LINF,1,15,1024,3,3.1256790161132812,29.233723402023315,-9.694893844434729,0.06790798231550309,0.7629260285110535,0.06790798231550309,0.057157158711347154,-0.01992306224289867,0.9608108108108108,0.00013235683402453013,0.6579436070916465,0.17187721782544516,0.031884378027797255,0.0,0.0,0.0,0.00035932446999640676,0.0003299241174529858,0.0,0.0,0.0,0.0,0.16485692075985037,0.5003185201055772,0.16485692075985037,0.18461382337759805,0.009798741333789968,0.7613513513513513,0.17069619694696903,0.5659290722300319,0.1356542370045979,0.065436153218361,0.03840472673559823,0.051457975986277875,0.13426265590608952,0.34791591807402084,0.30649950511382384,0.017752106406655716,0.27145308924485123,0.26455026455026454,0.4090909090909091
UNSW-NB15,RANDOM_L2,1,15,1024,3,3.1256790161132812,29.045143127441406,-10.13943545644464,0.06790798231550309,0.7629260285110535,0.06790798231550309,0.057157158711347154,-0.01992306224289867,0.9608108108108108,0.00013235683402453013,0.6579436070916465,0.17187721782544516,0.031884378027797255,0.0,0.0,0.0,0.00035932446999640676,0.0003299241174529858,0.0,0.0,0.0,0.0,0.16930233687994947,0.4966135131167796,0.16930233687994947,0.19060756872477258,0.013563825844255015,0.7553243243243243,0.17415953410394425,0.5595219288715437,0.1347799440308219,0.06761400842470226,0.04283604135893648,0.058319039451114926,0.13646368305209097,0.3493532159540065,0.3061695809963708,0.025064914418949712,0.26687643020594964,0.2751322751322751,0.4318181818181818
UNSW-NB15,FGSM,1,15,2048,2,2.908935546875,28.364299297332764,-9.425253850264783,0.11022445707622795,0.7517695557405986,0.11022445707622795,0.15324586231198045,0.042960215299509566,0.8797027027027027,0.0012573899232330363,0.6806062330284034,0.1730527498165741,0.06648269710642477,0.0,0.0,0.0019564685742235266,0.0038627380524613726,0.0008248102936324645,0.0,0.0002860411899313501,0.0,0.0,0.20447699557887578,0.5316972576309322,0.20447699557887578,0.24269278893207064,0.06039302072314155,0.5986486486486486,0.21565340157063442,0.5672215584371634,0.15795433452430355,0.06939229614845399,0.06942392909896603,0.08576329331046312,0.18610907312301297,0.3201581027667984,0.4439129000329924,0.02442901807005458,0.5572082379862701,0.5740740740740741,0.8409090909090909
UNSW-NB15,RANDOM_LINF,1,15,2048,2,2.908935546875,24.210837841033936,-7.712675508915125,0.11022445707622795,0.7517695557405986,0.11022445707622795,0.15324586231198045,0.042960215299509566,0.8797027027027027,0.0012573899232330363,0.6806062330284034,0.1730527498165741,0.06648269710642477,0.0,0.0,0.0019564685742235266,0.0038627380524613726,0.0008248102936324645,0.0,0.0002860411899313501,0.0,0.0,0.1873512121653792,0.4903938847727049,0.1873512121653792,0.20795960543265496,-0.010336986121881428,0.6453513513513514,0.3812318009353216,0.5686268140697556,0.1223027558593113,0.0649873414891218,0.25997045790251105,0.28130360205831906,0.34653949620934216,0.4687387711103126,0.5531177829099307,0.26251920936887285,0.5037185354691075,0.5529100529100529,0.6818181818181818
UNSW-NB15,RANDOM_L2,1,15,2048,2,2.908935546875,24.37760853767395,-8.287178739736676,0.11022445707622795,0.7517695557405986,0.11022445707622795,0.15324586231198045,0.042960215299509566,0.8797027027027027,0.0012573899232330363,0.6806062330284034,0.1730527498165741,0.06648269710642477,0.0,0.0,0.0019564685742235266,0.0038627380524613726,0.0008248102936324645,0.0,0.0002860411899313501,0.0,0.0,0.19309624447359472,0.48767049565429643,0.19309624447359472,0.21432306756204728,-0.005520484204348782,0.6401351351351351,0.3841877702285361,0.5611450581763906,0.12280943358539231,0.06837959316814547,0.26292466765140327,0.31732418524871353,0.34849596478356565,0.46577434423284225,0.5433850214450676,0.2747072227226962,0.4994279176201373,0.5052910052910053,0.6363636363636364
UNSW-NB15,FGSM,1,15,2048,3,2.8832831382751465,27.947276830673218,-8.77908953991158,0.10756449497157848,0.7903629916058657,0.10756449497157848,0.13196465406165803,0.02918594118218915,0.8634324324324324,0.0017868172593311568,0.6669253674056359,0.16400663634388468,0.049246443412282896,0.0014771048744460858,0.0,0.008070432868672046,0.0025152712899748474,0.001979544704717915,0.00010598272481585502,0.0011441647597254005,0.0026455026455026454,0.0,0.19535539037069427,0.5300513103855965,0.19535539037069427,0.21808757588093966,0.07419203319523307,0.6898648648648649,0.14051883878937615,0.5555473269907825,0.13671624011058217,0.0707186843179644,0.0103397341211226,0.025728987993138937,0.07092198581560284,0.26410348544735895,0.31210821511052456,0.013724762863653225,0.2425629290617849,0.2724867724867725,0.36363636363636365
UNSW-NB15,RANDOM_LINF,1,15,2048,3,2.8832831382751465,23.36251449584961,-9.951173298353009,0.10756449497157848,0.7903629916058657,0.10756449497157848,0.13196465406165803,0.02918594118218915,0.8634324324324324,0.0017868172593311568,0.6669253674056359,0.16400663634388468,0.049246443412282896,0.0014771048744460858,0.0,0.008070432868672046,0.0025152712899748474,0.001979544704717915,0.00010598272481585502,0.0011441647597254005,0.0026455026455026454,0.0,0.20707622795510858,0.586125114310678,0.20707622795510858,0.22851498448213403,0.06272782829929742,0.6451351351351351,0.20105003088326126,0.559449099227239,0.11631069968383097,0.07165527953044545,0.04579025110782865,0.058319039451114926,0.1496698459280998,0.40702479338842973,0.35450346420323325,0.029304223411583914,0.30749427917620137,0.28835978835978837,0.45454545454545453
UNSW-NB15,RANDOM_L2,1,15,2048,3,2.8832831382751465,23.700321674346924,-10.563328960792887,0.10756449497157848,0.7903629916058657,0.10756449497157848,0.13196465406165803,0.02918594118218915,0.8634324324324324,0.0017868172593311568,0.6669253674056359,0.16400663634388468,0.049246443412282896,0.0014771048744460858,0.0,0.008070432868672046,0.0025152712899748474,0.001979544704717915,0.00010598272481585502,0.0011441647597254005,0.0026455026455026454,0.0,0.21319778457950736,0.512268585295502,0.21319778457950736,0.23446415298227494,0.06544582557818591,0.6361621621621621,0.20896938145239566,0.5680410590089403,0.11707675603065067,0.074135017964898,0.050221565731166914,0.060034305317324184,0.1491807287845439,0.40172475745598274,0.35433850214450674,0.052885379683111654,0.29805491990846683,0.28835978835978837,0.5681818181818182
UNSW-NB15,FGSM,1,20,1024,2,2.800593852996826,21.749147653579712,-13.161346742457367,0.09473837632998106,0.7556894380446044,0.09473837632998106,0.11299220660126551,0.02095525845757303,0.9081081081081082,0.0016985793699814701,0.6678859160249283,0.17055035464962337,0.04733556591448902,0.0014771048744460858,0.0,0.008070432868672046,0.002335609054976644,0.001649620587264929,0.00010598272481585502,0.0011441647597254005,0.0026455026455026454,0.0,0.22635184375455472,0.5456067439325611,0.22635184375455472,0.2455960364420945,0.09434113703135788,0.6762432432432433,0.16257831112679785,0.5330068791639407,0.15513237965449775,0.08978981618032766,0.0103397341211226,0.0411663807890223,0.08290535583272193,0.27407473948975924,0.3837017485978225,0.00805468708600498,0.375,0.37037037037037035,0.45454545454545453
UNSW-NB15,RANDOM_LINF,1,20,1024,2,2.800593852996826,15.565400123596191,-13.859738619248892,0.09473837632998106,0.7556894380446044,0.09473837632998106,0.11299220660126551,0.02095525845757303,0.9081081081081082,0.0016985793699814701,0.6678859160249283,0.17055035464962337,0.04733556591448902,0.0014771048744460858,0.0,0.008070432868672046,0.002335609054976644,0.001649620587264929,0.00010598272481585502,0.0011441647597254005,0.0026455026455026454,0.0,0.23333576252246999,0.4753613722775078,0.23333576252246999,0.24191777509945997,0.055546434673511655,0.6006216216216216,0.2740227653754522,0.5635343405080531,0.12034681990128397,0.0815709802325014,0.04431314623338257,0.060034305317324184,0.169479090242113,0.442597915918074,0.40778620917189046,0.14556727253457685,0.38415331807780323,0.3862433862433862,0.6590909090909091
UNSW-NB15,RANDOM_L2,1,20,1024,2,2.800593852996826,15.88718581199646,-13.969052130398874,0.09473837632998106,0.7556894380446044,0.09473837632998106,0.11299220660126551,0.02095525845757303,0.9081081081081082,0.0016985793699814701,0.6678859160249283,0.17055035464962337,0.04733556591448902,0.0014771048744460858,0.0,0.008070432868672046,0.002335609054976644,0.001649620587264929,0.00010598272481585502,0.0011441647597254005,0.0026455026455026454,0.0,0.2344288976339698,0.47952672624365317,0.2344288976339698,0.24450061121454494,0.0564334562894073,0.6021081081081081,0.2750375011029736,0.5713283261797064,0.12156906338791831,0.08286279776704783,0.05465288035450517,0.06174957118353345,0.16312056737588654,0.4409809558030902,0.4067964368195315,0.15176726193630438,0.37700228832951943,0.37566137566137564,0.6590909090909091
UNSW-NB15,FGSM,1,20,1024,3,2.8494625091552734,22.68217372894287,-7.1199533595685764,0.33104989554486713,0.8113624905131822,0.33104989554486713,0.3703331837264616,0.29541555123345853,0.8636756756756757,0.0017868172593311568,0.6525193244366873,0.1763641787860551,0.15748139305446937,0.0014771048744460858,0.0,0.008070432868672046,0.0025152712899748474,0.001979544704717915,0.00010598272481585502,0.0011441647597254005,0.0026455026455026454,0.0,0.4022494291405529,0.5112957311612717,0.4022494291405529,0.43002461384397733,0.2791893895452166,0.624054054054054,0.16692402717726992,0.571100343101026,0.17743468355997888,0.15567383994725342,0.0206794682422452,0.044596912521440824,0.10295915871851308,0.32527847646424723,0.3662157703728143,0.009750410683058661,0.2734553775743707,0.2804232804232804,0.4318181818181818
UNSW-NB15,RANDOM_LINF,1,20,1024,3,2.8494625091552734,19.535547971725464,6.493222562308704,0.33104989554486713,0.8113624905131822,0.33104989554486713,0.3703331837264616,0.29541555123345853,0.8636756756756757,0.0017868172593311568,0.6525193244366873,0.1763641787860551,0.15748139305446937,0.0014771048744460858,0.0,0.008070432868672046,0.0025152712899748474,0.001979544704717915,0.00010598272481585502,0.0011441647597254005,0.0026455026455026454,0.0,0.2661176699217801,0.46453509826783623,0.2661176699217801,0.3139947912174897,0.11548402409746283,0.6104864864864865,0.21801376511073856,0.5699482364898459,0.11897173392972567,0.10580372371500238,0.04431314623338257,0.06518010291595197,0.17143555881633651,0.44843693855551564,0.3917848894754207,0.02082560542631551,0.34496567505720827,0.3333333333333333,0.5
UNSW-NB15,RANDOM_L2,1,20,1024,3,2.8494625091552734,20.00916886329651,5.700092309187194,0.33104989554486713,0.8113624905131822,0.33104989554486713,0.3703331837264616,0.29541555123345853,0.8636756756756757,0.0017868172593311568,0.6525193244366873,0.1763641787860551,0.15748139305446937,0.0014771048744460858,0.0,0.008070432868672046,0.0025152712899748474,0.001979544704717915,0.00010598272481585502,0.0011441647597254005,0.0026455026455026454,0.0,0.2740489724529952,0.4689126154485684,0.2740489724529952,0.32169836112599526,0.12163402880053859,0.5997567567567568,0.22229330274419837,0.5682860539009519,0.1202774030587563,0.10925695615924202,0.056129985228951254,0.06689536878216124,0.1719246759598924,0.44870643190801296,0.39574397888485646,0.029304223411583914,0.3412471395881007,0.35185185185185186,0.5454545454545454
UNSW-NB15,FGSM,1,20,2048,2,2.732832193374634,23.332101821899414,-6.9365495797502845,0.3269324199582179,0.7387285154886818,0.3269324199582179,0.37160356551695245,0.2916610266958481,0.8638108108108108,0.0018750551486808435,0.6666870845312151,0.18174052192497692,0.16039765444337414,0.0014771048744460858,0.0,0.008070432868672046,0.0025152712899748474,0.0024744308808973938,0.00010598272481585502,0.0014302059496567505,0.0026455026455026454,0.0,0.39629791575572076,0.49095594997491376,0.39629791575572076,0.4257999924721089,0.268359218345321,0.6067837837837838,0.21110915026912555,0.5515323428268992,0.16905946837055924,0.1508399696134937,0.03545051698670606,0.0686106346483705,0.14135485448764978,0.34620912684153793,0.45216100296931705,0.011976047904191617,0.5431922196796338,0.5158730158730159,0.29545454545454547
UNSW-NB15,RANDOM_LINF,1,20,2048,2,2.732832193374634,21.04124426841736,5.466890152067238,0.3269324199582179,0.7387285154886818,0.3269324199582179,0.37160356551695245,0.2916610266958481,0.8638108108108108,0.0018750551486808435,0.6666870845312151,0.18174052192497692,0.16039765444337414,0.0014771048744460858,0.0,0.008070432868672046,0.0025152712899748474,0.0024744308808973938,0.00010598272481585502,0.0014302059496567505,0.0026455026455026454,0.0,0.27226351843754554,0.49464120287841523,0.27226351843754554,0.3256374689626283,0.11126463145699923,0.5739189189189189,0.24300714726903733,0.5763940124841942,0.1372353886442476,0.10839266446862009,0.09896602658788774,0.11492281303602059,0.21545610173636587,0.4560725835429393,0.4703068294292313,0.021355519050394785,0.42305491990846683,0.4417989417989418,0.5454545454545454
UNSW-NB15,RANDOM_L2,1,20,2048,2,2.732832193374634,20.982313632965088,4.696837195744058,0.3269324199582179,0.7387285154886818,0.3269324199582179,0.37160356551695245,0.2916610266958481,0.8638108108108108,0.0018750551486808435,0.6666870845312151,0.18174052192497692,0.16039765444337414,0.0014771048744460858,0.0,0.008070432868672046,0.0025152712899748474,0.0024744308808973938,0.00010598272481585502,0.0014302059496567505,0.0026455026455026454,0.0,0.27996404800077734,0.49558238675003463,0.27996404800077734,0.3332352124729548,0.11784114259465549,0.5640540540540541,0.24563222447719052,0.5679789936196896,0.13706108209398893,0.11165293989900389,0.1019202363367799,0.12521440823327615,0.22450476889214968,0.4527488321954725,0.464863081491257,0.028350378888241216,0.4201945080091533,0.4947089947089947,0.5909090909090909
UNSW-NB15,FGSM,1,20,2048,3,2.6639089584350586,23.277692317962646,-15.256522372831949,0.06454355536122043,0.7953066781072523,0.06454355536122043,0.058671457221002254,-0.0057654221561616505,0.9597297297297297,0.00013235683402453013,0.6685314613784964,0.1677882682266343,0.03177001449251174,0.0,0.0,0.0,0.00035932446999640676,0.0003299241174529858,0.0,0.0,0.0,0.0,0.2171087790895399,0.5632171708324625,0.2171087790895399,0.24148501722786617,0.09688483841342373,0.6364864864864865,0.13301861819465277,0.5543160898091339,0.154875569702487,0.07486795653947281,0.0103397341211226,0.036020583190394515,0.06969919295671313,0.23131512756018685,0.33305839656878916,0.009697419320650734,0.2339816933638444,0.2777777777777778,0.38636363636363635
UNSW-NB15,RANDOM_LINF,1,20,2048,3,2.6639089584350586,19.676442861557007,-8.853179808579895,0.06454355536122043,0.7953066781072523,0.06454355536122043,0.058671457221002254,-0.0057654221561616505,0.9597297297297297,0.00013235683402453013,0.6685314613784964,0.1677882682266343,0.03177001449251174,0.0,0.0,0.0,0.00035932446999640676,0.0003299241174529858,0.0,0.0,0.0,0.0,0.1530753534470194,0.5125428302316632,0.1530753534470194,0.17220978399030876,0.02478587911725858,0.7535675675675676,0.18150533839230565,0.5569083352869916,0.11927994426671758,0.05625906956443273,0.03988183161004431,0.05317324185248713,0.13352898019075568,0.3606719367588933,0.3276146486308149,0.02787345662656987,0.2791762013729977,0.2698412698412698,0.4318181818181818
UNSW-NB15,RANDOM_L2,1,20,2048,3,2.6639089584350586,20.845552444458008,-9.44468736335811,0.06454355536122043,0.7953066781072523,0.06454355536122043,0.058671457221002254,-0.0057654221561616505,0.9597297297297297,0.00013235683402453013,0.6685314613784964,0.1677882682266343,0.03177001449251174,0.0,0.0,0.0,0.00035932446999640676,0.0003299241174529858,0.0,0.0,0.0,0.0,0.15899042899480154,0.5131127058570139,0.15899042899480154,0.17793716563718187,0.026870383785866335,0.7447027027027027,0.1921380040589429,0.5640524060344801,0.11952412463744944,0.05878606217661018,0.04579025110782865,0.05660377358490566,0.13768647591098068,0.3640855192238591,0.32893434510062686,0.05007683747549149,0.27631578947368424,0.2777777777777778,0.45454545454545453
UNSW-NB15,FGSM,2,5,1024,2,10.034266710281372,127.17550015449524,-4.631249089054071,0.23161103823543702,0.7503458316080921,0.23161103823543702,0.3328465788035607,0.16803681395663886,0.7289189189189189,0.0030883261272390363,0.6687686761230566,0.17083982439141368,0.12714116703325903,0.004431314623338257,0.0,0.008314991440449988,0.0053898670499461015,0.0059386341141537445,0.00010598272481585502,0.0011441647597254005,0.0026455026455026454,0.0,0.27792352912597773,0.5124552598813125,0.27792352912597773,0.29178557796911714,0.08441573845848598,0.5124594594594595,0.3300097061678285,0.5677006413043185,0.16256484121564918,0.10345413394855218,0.013293943870014771,0.03430531732418525,0.06456346294937637,0.2234099892202659,0.361101946552293,0.4794658470669281,0.238558352402746,0.2619047619047619,0.22727272727272727
UNSW-NB15,RANDOM_LINF,2,5,1024,2,10.034266710281372,114.48884415626526,-4.337317203517463,0.23161103823543702,0.7503458316080921,0.23161103823543702,0.3328465788035607,0.16803681395663886,0.7289189189189189,0.0030883261272390363,0.6687686761230566,0.17083982439141368,0.12714116703325903,0.004431314623338257,0.0,0.008314991440449988,0.0053898670499461015,0.0059386341141537445,0.00010598272481585502,0.0011441647597254005,0.0026455026455026454,0.0,0.27498421027061165,0.5345674724731786,0.27498421027061165,0.3022157050470932,0.0983544514348297,0.5584054054054054,0.30221477102267713,0.622651750803228,0.14776784304076498,0.10740218983666203,0.04283604135893648,0.04974271012006861,0.13255074590364394,0.34351419331656485,0.3426261959749258,0.3234062847755816,0.2797482837528604,0.2698412698412698,0.36363636363636365
UNSW-NB15,RANDOM_L2,2,5,1024,2,10.034266710281372,77.06703424453735,1.20244862264976,0.23161103823543702,0.7503458316080921,0.23161103823543702,0.3328465788035607,0.16803681395663886,0.7289189189189189,0.0030883261272390363,0.6687686761230566,0.17083982439141368,0.12714116703325903,0.004431314623338257,0.0,0.008314991440449988,0.0053898670499461015,0.0059386341141537445,0.00010598272481585502,0.0011441647597254005,0.0026455026455026454,0.0,0.21958655200893942,0.44981821493903223,0.21958655200893942,0.23316595922785513,0.06938417982183971,0.7756216216216216,0.1781081796523427,0.5968156917865004,0.13877386577587691,0.09799460395447587,0.033973412112259974,0.03945111492281304,0.06798728295426755,0.15567732662594322,0.17057076872319366,0.23395686503099994,0.1461670480549199,0.14285714285714285,0.06818181818181818
UNSW-NB15,FGSM,2,5,1024,3,10.123326063156128,146.7077088356018,-16.74318612447165,0.2309308652771705,0.7289303343848578,0.2309308652771705,0.3190276186618803,0.15846215684821205,0.7309729729729729,0.0018529956763434219,0.6670870110168452,0.16952868528801376,0.11845032325682314,0.004431314623338257,0.0,0.0022010271460014674,0.005030542579949695,0.002144506763444408,0.00015897408722378252,0.0,0.0,0.0,0.398362726521887,0.5960196781303133,0.398362726521887,0.46572337688551485,0.25800972468018996,0.4829189189189189,0.1388423188917321,0.5951311798251688,0.16391938422085137,0.17105907893494932,0.0103397341211226,0.030874785591766724,0.06749816581071166,0.2386812791951132,0.348399868030353,0.01489057283662763,0.23684210526315788,0.25925925925925924,0.38636363636363635
UNSW-NB15,RANDOM_LINF,2,5,1024,3,10.123326063156128,123.65401315689087,-7.7551863188067784,0.2309308652771705,0.7289303343848578,0.2309308652771705,0.3190276186618803,0.15846215684821205,0.7309729729729729,0.0018529956763434219,0.6670870110168452,0.16952868528801376,0.11845032325682314,0.004431314623338257,0.0,0.0022010271460014674,0.005030542579949695,0.002144506763444408,0.00015897408722378252,0.0,0.0,0.0,0.3084827284652383,0.5599762830572139,0.3084827284652383,0.3574400731434662,0.150287058942024,0.5464594594594595,0.2330142063001853,0.6379433613519867,0.14997053173268585,0.12807543719502718,0.04283604135893648,0.05317324185248713,0.1367082416238689,0.372799137621272,0.3312438139227978,0.1421758253404695,0.2808924485125858,0.2698412698412698,0.4318181818181818
UNSW-NB15,RANDOM_L2,2,5,1024,3,10.123326063156128,84.05292439460754,-0.949812952436474,0.2309308652771705,0.7289303343848578,0.2309308652771705,0.3190276186618803,0.15846215684821205,0.7309729729729729,0.0018529956763434219,0.6670870110168452,0.16952868528801376,0.11845032325682314,0.004431314623338257,0.0,0.0022010271460014674,0.005030542579949695,0.002144506763444408,0.00015897408722378252,0.0,0.0,0.0,0.24042899480153523,0.48250684797446275,0.24042899480153523,0.26491325097634866,0.10300133744136074,0.7757837837837838,0.13985705461925352,0.6102796938119035,0.1411795880224659,0.11085679799973613,0.029542097488921712,0.03945111492281304,0.07116654438738078,0.16996047430830039,0.15786869020125371,0.13836044724709873,0.14130434782608695,0.12698412698412698,0.09090909090909091
UNSW-NB15,FGSM,2,5,2048,2,10.15734052658081,137.3420693874359,-13.364184035368998,0.36388038672691053,0.7765786060180816,0.36388038672691053,0.4177321791231229,0.3234284971887113,0.8223243243243243,0.0006176652254478073,0.6643495723372459,0.16946244588771178,0.1831169258595217,0.0029542097488921715,0.0,0.0007336757153338225,0.0008983111749910168,0.002144506763444408,0.0,0.0,0.0,0.0,0.4975222270806005,0.632068384380836,0.4975222270806005,0.5388186246041371,0.3882684678453207,0.5181621621621622,0.13996735198094062,0.6056119165185312,0.16666287864567636,0.21646227897236056,0.013293943870014771,0.03430531732418525,0.06823184152604549,0.2390406036651096,0.3578027053777631,0.013936728313284935,0.23712814645308924,0.25925925925925924,0.38636363636363635
UNSW-NB15,RANDOM_LINF,2,5,2048,2,10.15734052658081,122.54429197311401,4.821940436282368,0.36388038672691053,0.7765786060180816,0.36388038672691053,0.4177321791231229,0.3234284971887113,0.8223243243243243,0.0006176652254478073,0.6643495723372459,0.16946244588771178,0.1831169258595217,0.0029542097488921715,0.0,0.0007336757153338225,0.0008983111749910168,0.002144506763444408,0.0,0.0,0.0,0.0,0.31566098236408685,0.5434016073757743,0.31566098236408685,0.370188986634429,0.15851646667509647,0.597027027027027,0.2699197035206918,0.6421937756946506,0.15383612090546323,0.14567304175125945,0.04283604135893648,0.05317324185248713,0.13646368305209097,0.37064319080129354,0.34526558891454967,0.22775687562927244,0.2803203661327231,0.2698412698412698,0.4318181818181818
UNSW-NB15,RANDOM_L2,2,5,2048,2,10.15734052658081,83.55676341056824,12.580770538794148,0.36388038672691053,0.7765786060180816,0.36388038672691053,0.4177321791231229,0.3234284971887113,0.8223243243243243,0.0006176652254478073,0.6643495723372459,0.16946244588771178,0.1831169258595217,0.0029542097488921715,0.0,0.0007336757153338225,0.0008983111749910168,0.002144506763444408,0.0,0.0,0.0,0.0,0.23807268133896906,0.4734144725325042,0.23807268133896906,0.25922179605286677,0.09348481721237469,0.7755945945945946,0.16187240801200034,0.6188346487275231,0.1453602465110146,0.10878059389703243,0.03249630723781388,0.04288164665523156,0.07165566153093667,0.17723679482572763,0.17073573078192017,0.17948174447565046,0.15560640732265446,0.1402116402116402,0.13636363636363635
UNSW-NB15,FGSM,2,5,2048,3,9.96885633468628,125.77857232093811,-1.629985910703008,0.25278142156148276,0.7555330522229932,0.25278142156148276,0.3549672610087872,0.17441474174130733,0.6879189189189189,0.0018971146210182653,0.6802368545441578,0.18662650038600742,0.1323950886317726,0.004431314623338257,0.0,0.002445585717779408,0.005120373697448796,0.002144506763444408,0.00015897408722378252,0.0,0.0,0.0,0.26908128066851283,0.6221997601667745,0.26908128066851283,0.3262046860253493,0.140776966795678,0.5547837837837838,0.09538515838701138,0.5805819029392789,0.18038750584623287,0.11344750703936438,0.023633677991137372,0.04288164665523156,0.051112741501589634,0.1752605102407474,0.21527548663807325,0.011605108367336124,0.14759725400457666,0.17989417989417988,0.3409090909090909
UNSW-NB15,RANDOM_LINF,2,5,2048,3,9.96885633468628,115.42362713813782,-2.4607685954428415,0.25278142156148276,0.7555330522229932,0.25278142156148276,0.3549672610087872,0.17441474174130733,0.6879189189189189,0.0018971146210182653,0.6802368545441578,0.18662650038600742,0.1323950886317726,0.004431314623338257,0.0,0.002445585717779408,0.005120373697448796,0.002144506763444408,0.00015897408722378252,0.0,0.0,0.0,0.27738910751591117,0.6147900149899728,0.27738910751591117,0.347865312824342,0.17034377209212212,0.6479459459459459,0.10745168975558105,0.6403631853886168,0.1668770368729372,0.1289541608744467,0.028064992614475627,0.03430531732418525,0.07874786011249695,0.21236076176787638,0.1999340151765094,0.01610937417200996,0.16018306636155608,0.15079365079365079,0.29545454545454547
UNSW-NB15,RANDOM_L2,2,5,2048,3,9.96885633468628,81.09947466850281,1.8449691492979619,0.25278142156148276,0.7555330522229932,0.25278142156148276,0.3549672610087872,0.17441474174130733,0.6879189189189189,0.0018971146210182653,0.6802368545441578,0.18662650038600742,0.1323950886317726,0.004431314623338257,0.0,0.002445585717779408,0.005120373697448796,0.002144506763444408,0.00015897408722378252,0.0,0.0,0.0,0.23433173006850314,0.5613403060147155,0.23433173006850314,0.2612441411830425,0.12180910969272121,0.790027027027027,0.07650225006617842,0.6135204359639794,0.15534942295657167,0.10929268633405911,0.022156573116691284,0.029159519725557463,0.055025678650036686,0.12028386633129716,0.1184427581656219,0.03953155635631392,0.10383295194508009,0.10317460317460317,0.13636363636363635
UNSW-NB15,FGSM,2,10,1024,2,5.668869495391846,53.93054413795471,6.8952533644269565,0.4027109750765195,0.7760516701110743,0.4027109750765195,0.47930215381375113,0.3623959488375925,0.7105405405405405,0.004500132356834025,0.6633759451261672,0.16842672693485666,0.19552454547248144,0.004431314623338257,0.008576329331046312,0.012717045732452923,0.008084800574919152,0.0049488617617947876,0.0010068358857506226,0.0011441647597254005,0.0026455026455026454,0.0,0.3337584414322499,0.25625950933439307,0.3337584414322499,0.2788044816916111,0.025952714841644138,0.34518918918918917,0.6569531456807554,0.577679840076627,0.16107656244860302,0.0984182927547153,0.0103397341211226,0.07375643224699828,0.18048422597212033,0.5152712899748473,0.47080171560541073,0.9667214244078215,0.5474828375286042,0.6005291005291006,0.4318181818181818
UNSW-NB15,RANDOM_LINF,2,10,1024,2,5.668869495391846,47.38272309303284,1.0749161929747897,0.4027109750765195,0.7760516701110743,0.4027109750765195,0.47930215381375113,0.3623959488375925,0.7105405405405405,0.004500132356834025,0.6633759451261672,0.16842672693485666,0.19552454547248144,0.004431314623338257,0.008576329331046312,0.012717045732452923,0.008084800574919152,0.0049488617617947876,0.0010068358857506226,0.0011441647597254005,0.0026455026455026454,0.0,0.3919618131467716,0.5306011681418565,0.3919618131467716,0.40321565201673387,0.177807421262338,0.37464864864864866,0.4035780464131298,0.6194827944400274,0.1518729221795083,0.14327877477967002,0.09748892171344166,0.09433962264150944,0.22377109317681584,0.5300035932446999,0.5041240514681623,0.34534470881246354,0.45423340961098396,0.4444444444444444,0.6818181818181818
UNSW-NB15,RANDOM_L2,2,10,1024,2,5.668869495391846,38.073376417160034,10.506243016081235,0.4027109750765195,0.7760516701110743,0.4027109750765195,0.47930215381375113,0.3623959488375925,0.7105405405405405,0.004500132356834025,0.6633759451261672,0.16842672693485666,0.19552454547248144,0.004431314623338257,0.008576329331046312,0.012717045732452923,0.008084800574919152,0.0049488617617947876,0.0010068358857506226,0.0011441647597254005,0.0026455026455026454,0.0,0.29764854491570714,0.48035621004461865,0.29764854491570714,0.32000805342036703,0.11091577482525702,0.6077027027027027,0.26614753375099265,0.6075381633509653,0.1448242200635526,0.12185984987046275,0.06794682422451995,0.08061749571183534,0.14159941305942772,0.3239310097017607,0.30781920158363574,0.2532987123098935,0.28918764302059496,0.2830687830687831,0.5227272727272727
UNSW-NB15,FGSM,2,10,1024,3,5.896138429641724,64.1902859210968,9.54792790166642,0.38845163484428896,0.7753680606401115,0.38845163484428896,0.4499208499131963,0.34399521631303087,0.7656216216216216,0.0017426983146563134,0.6637090191722154,0.1675751492565873,0.18721738006083108,0.004431314623338257,0.0,0.007336757153338224,0.001706791232482932,0.0029693170570768723,0.00021196544963171003,0.0011441647597254005,0.0026455026455026454,0.0,0.29297235582762476,0.4618686345736867,0.29297235582762476,0.3193042207409038,0.10004833852040591,0.5153783783783784,0.30558987029030266,0.5747012950108964,0.16069292949758085,0.11474467491987342,0.013293943870014771,0.06174957118353345,0.0851063829787234,0.27048149478979516,0.4094358297591554,0.3201208203062901,0.4971395881006865,0.4523809523809524,0.38636363636363635
UNSW-NB15,RANDOM_LINF,2,10,1024,3,5.896138429641724,52.985769271850586,2.8081426419861053,0.38845163484428896,0.7753680606401115,0.38845163484428896,0.4499208499131963,0.34399521631303087,0.7656216216216216,0.0017426983146563134,0.6637090191722154,0.1675751492565873,0.18721738006083108,0.004431314623338257,0.0,0.007336757153338224,0.001706791232482932,0.0029693170570768723,0.00021196544963171003,0.0011441647597254005,0.0026455026455026454,0.0,0.3603702084244279,0.5359564480310921,0.3603702084244279,0.39331520856207713,0.1761454913231346,0.464,0.3281346510191476,0.6374699061967943,0.1541183425262112,0.14286614664366618,0.053175775480059084,0.058319039451114926,0.1689899730985571,0.45589292130794107,0.4147146156384032,0.2735944041121297,0.3469679633867277,0.3201058201058201,0.6363636363636364
UNSW-NB15,RANDOM_L2,2,10,1024,3,5.896138429641724,40.50044775009155,11.81071758247097,0.38845163484428896,0.7753680606401115,0.38845163484428896,0.4499208499131963,0.34399521631303087,0.7656216216216216,0.0017426983146563134,0.6637090191722154,0.1675751492565873,0.18721738006083108,0.004431314623338257,0.0,0.007336757153338224,0.001706791232482932,0.0029693170570768723,0.00021196544963171003,0.0011441647597254005,0.0026455026455026454,0.0,0.27034445901957926,0.4656064651048889,0.27034445901957926,0.2980834016376141,0.10674954960755031,0.6968918918918919,0.21148416129886174,0.6193640527343496,0.148017903838343,0.12053880809930803,0.04579025110782865,0.044596912521440824,0.09366593299095133,0.2551203736974488,0.23853513691850875,0.21297228551746064,0.21367276887871853,0.21693121693121692,0.29545454545454547
UNSW-NB15,FGSM,2,10,2048,2,6.2889416217803955,66.89532113075256,-4.821940436282368,0.25361949181363264,0.7450371135231602,0.25361949181363264,0.35158786575870965,0.1715535964397769,0.6897567567567567,0.0005294273360981205,0.671779347729922,0.1688904117598542,0.12956234469115005,0.0029542097488921715,0.0,0.0007336757153338225,0.0008983111749910168,0.0011547344110854503,0.00010598272481585502,0.0,0.0,0.0,0.3018388961764563,0.45911402019956443,0.3018388961764563,0.3080424348958929,0.09860175784251043,0.46183783783783783,0.34353216271066794,0.5827106705722367,0.15129026314636623,0.10804772632849188,0.0103397341211226,0.030874785591766724,0.06872095866960137,0.23823212360761767,0.35928736390630156,0.5027290551640082,0.24056064073226543,0.2619047619047619,0.22727272727272727
UNSW-NB15,RANDOM_LINF,2,10,2048,2,6.2889416217803955,59.583033323287964,-6.936549579750278,0.25361949181363264,0.7450371135231602,0.25361949181363264,0.35158786575870965,0.1715535964397769,0.6897567567567567,0.0005294273360981205,0.671779347729922,0.1688904117598542,0.12956234469115005,0.0029542097488921715,0.0,0.0007336757153338225,0.0008983111749910168,0.0011547344110854503,0.00010598272481585502,0.0,0.0,0.0,0.3229849876111354,0.5406118280402317,0.3229849876111354,0.3612085446799582,0.14965165773633715,0.5051891891891892,0.2755228094943969,0.6367989937515947,0.14942379441004391,0.12801473561969295,0.04283604135893648,0.05317324185248713,0.13573000733675716,0.36911606180380885,0.35235895743978884,0.23967993217105613,0.2820366132723112,0.2698412698412698,0.4318181818181818
UNSW-NB15,RANDOM_L2,2,10,2048,2,6.2889416217803955,42.64635133743286,-0.23684594082494792,0.25361949181363264,0.7450371135231602,0.25361949181363264,0.35158786575870965,0.1715535964397769,0.6897567567567567,0.0005294273360981205,0.671779347729922,0.1688904117598542,0.12956234469115005,0.0029542097488921715,0.0,0.0007336757153338225,0.0008983111749910168,0.0011547344110854503,0.00010598272481585502,0.0,0.0,0.0,0.2559879512218821,0.47909743758537654,0.2559879512218821,0.2830487041730603,0.10350174853998587,0.7225675675675676,0.17629930292067414,0.611938189506374,0.1427439105333098,0.11399616402702031,0.03988183161004431,0.05317324185248713,0.08339447297627782,0.20463528566295364,0.19646981194325305,0.18207832123363893,0.17848970251716248,0.15343915343915343,0.13636363636363635
UNSW-NB15,FGSM,2,10,2048,3,6.163410425186157,61.799341678619385,15.312393722975271,0.5127775348588641,0.7863376205977706,0.5127775348588641,0.5915567843125316,0.4430659581295016,0.46337837837837836,0.0025809582634783376,0.6648322251940756,0.16562643798949925,0.21859080070971446,0.004431314623338257,0.008576329331046312,0.005380288579114698,0.0036830758174631693,0.004124051468162322,0.0008478617985268401,0.0011441647597254005,0.0026455026455026454,0.0,0.3596535976291114,0.5210648734259218,0.3596535976291114,0.3718582400521239,0.14966180722742753,0.4678918918918919,0.3786508426718433,0.5809523002369281,0.1505558094429316,0.1463358912718093,0.0103397341211226,0.030874785591766724,0.07874786011249695,0.2391304347826087,0.3871659518310788,0.5694981717979969,0.255720823798627,0.3941798941798942,0.4318181818181818
UNSW-NB15,RANDOM_LINF,2,10,2048,3,6.163410425186157,53.5338568687439,11.924889471894284,0.5127775348588641,0.7863376205977706,0.5127775348588641,0.5915567843125316,0.4430659581295016,0.46337837837837836,0.0025809582634783376,0.6648322251940756,0.16562643798949925,0.21859080070971446,0.004431314623338257,0.008576329331046312,0.005380288579114698,0.0036830758174631693,0.004124051468162322,0.0008478617985268401,0.0011441647597254005,0.0026455026455026454,0.0,0.3935286401399213,0.5650075683155885,0.3935286401399213,0.4330387022783601,0.22405732493217495,0.4604054054054054,0.24567634342186534,0.6207657959115707,0.14838685588630457,0.1606107562608532,0.047267355982274745,0.058319039451114926,0.1347517730496454,0.3274344232842257,0.36869020125371166,0.17577234910709555,0.33781464530892447,0.3306878306878307,0.38636363636363635
UNSW-NB15,RANDOM_L2,2,10,2048,3,6.163410425186157,39.055285692214966,24.222659476266823,0.5127775348588641,0.7863376205977706,0.5127775348588641,0.5915567843125316,0.4430659581295016,0.46337837837837836,0.0025809582634783376,0.6648322251940756,0.16562643798949925,0.21859080070971446,0.004431314623338257,0.008576329331046312,0.005380288579114698,0.0036830758174631693,0.004124051468162322,0.0008478617985268401,0.0011441647597254005,0.0026455026455026454,0.0,0.2705509400961959,0.5086583129576805,0.2705509400961959,0.29472772502346717,0.12249583037406314,0.723,0.16266654901614752,0.6010085327495799,0.14221523748870463,0.11982110704939856,0.0310192023633678,0.03773584905660377,0.0748349229640499,0.17085878548329142,0.19844935664797098,0.17073816967834243,0.17906178489702518,0.17724867724867724,0.11363636363636363
UNSW-NB15,FGSM,2,15,1024,2,4.541938304901123,40.12949824333191,-12.829762425302436,0.24294320555798474,0.7483881337917463,0.24294320555798474,0.3421688969515241,0.1692627715753324,0.7273783783783784,0.0009264978381717109,0.6734289172305198,0.17104832708480783,0.130874349335173,0.0014771048744460858,0.0,0.001467351430667645,0.0017966223499820337,0.001814582645991422,0.00015897408722378252,0.0002860411899313501,0.0,0.0,0.3712408298110091,0.5123317528651176,0.3712408298110091,0.3961829913091179,0.1773994746049762,0.3531351351351351,0.22586693726286067,0.6039111372242368,0.1586843210428278,0.12876193905390304,0.0103397341211226,0.07204116638078903,0.14844705306921008,0.39750269493352497,0.487957769712966,0.02527687986858142,0.44136155606407323,0.4470899470899471,0.25
UNSW-NB15,RANDOM_LINF,2,15,1024,2,4.541938304901123,35.22074270248413,-15.057328863625322,0.24294320555798474,0.7483881337917463,0.24294320555798474,0.3421688969515241,0.1692627715753324,0.7273783783783784,0.0009264978381717109,0.6734289172305198,0.17104832708480783,0.130874349335173,0.0014771048744460858,0.0,0.001467351430667645,0.0017966223499820337,0.001814582645991422,0.00015897408722378252,0.0002860411899313501,0.0,0.0,0.39351649419423795,0.5458166728249304,0.39351649419423795,0.42276387261625564,0.20525280451195652,0.39254054054054055,0.2860672372716845,0.6562758136628052,0.16064392565161895,0.14737448941083392,0.060561299852289516,0.07718696397941681,0.18684274883834678,0.47475745598275243,0.5095677994061366,0.11027502517089714,0.41962242562929064,0.4470899470899471,0.6136363636363636
UNSW-NB15,RANDOM_L2,2,15,1024,2,4.541938304901123,27.65061068534851,-6.801729582665309,0.24294320555798474,0.7483881337917463,0.24294320555798474,0.3421688969515241,0.1692627715753324,0.7273783783783784,0.0009264978381717109,0.6734289172305198,0.17104832708480783,0.130874349335173,0.0014771048744460858,0.0,0.001467351430667645,0.0017966223499820337,0.001814582645991422,0.00015897408722378252,0.0002860411899313501,0.0,0.0,0.3109605013846378,0.4979405916789204,0.3109605013846378,0.3450692875971805,0.14603784937394276,0.6381081081081081,0.19452042707138445,0.6368800087589459,0.15547035483138216,0.1363209519806426,0.03545051698670606,0.05660377358490566,0.12081193445830277,0.2919511318720805,0.33305839656878916,0.09967675268931164,0.2820366132723112,0.30423280423280424,0.36363636363636365
UNSW-NB15,FGSM,2,15,1024,3,4.510965585708618,37.14885187149048,0.8295680901715008,0.36445124617402713,0.7622181497787831,0.36445124617402713,0.4651226140611317,0.2626967513840534,0.4624864864864865,0.0035736345186623136,0.6695048702295032,0.17193954719438834,0.1634480580118412,0.0014771048744460858,0.008576329331046312,0.010760577158229395,0.004311893639956881,0.006763444407786209,0.0009538445233426952,0.0011441647597254005,0.0026455026455026454,0.0,0.3561555652723121,0.4995790855910225,0.3561555652723121,0.3180881491463255,0.09579223314925528,0.3117837837837838,0.5100811788582017,0.6109720832392376,0.19028351063733537,0.11274520944159032,0.0103397341211226,0.0634648370497427,0.14477867449254098,0.43774703557312256,0.4797096667766414,0.6669492872661756,0.5354691075514875,0.6084656084656085,0.4090909090909091
UNSW-NB15,RANDOM_LINF,2,15,1024,3,4.510965585708618,27.813974857330322,-6.736141475975316,0.36445124617402713,0.7622181497787831,0.36445124617402713,0.4651226140611317,0.2626967513840534,0.4624864864864865,0.0035736345186623136,0.6695048702295032,0.17193954719438834,0.1634480580118412,0.0014771048744460858,0.008576329331046312,0.010760577158229395,0.004311893639956881,0.006763444407786209,0.0009538445233426952,0.0011441647597254005,0.0026455026455026454,0.0,0.4318126609337803,0.5549839094802492,0.4318126609337803,0.4432605367050768,0.237102248744313,0.29035135135135137,0.3144136592252713,0.6394692920351521,0.15934379844496618,0.1534294844196857,0.07385524372230429,0.06518010291595197,0.1851308388359012,0.47682357168523176,0.5065984823490597,0.1741296168724498,0.44336384439359267,0.4470899470899471,0.5454545454545454
UNSW-NB15,RANDOM_L2,2,15,1024,3,4.510965585708618,24.39125108718872,3.8259728902492354,0.36445124617402713,0.7622181497787831,0.36445124617402713,0.4651226140611317,0.2626967513840534,0.4624864864864865,0.0035736345186623136,0.6695048702295032,0.17193954719438834,0.1634480580118412,0.0014771048744460858,0.008576329331046312,0.010760577158229395,0.004311893639956881,0.006763444407786209,0.0009538445233426952,0.0011441647597254005,0.0026455026455026454,0.0,0.3261915172715348,0.521250692698154,0.3261915172715348,0.3604723321258562,0.15947845204785793,0.5991621621621621,0.19926321362393012,0.6260144047205844,0.15473135987664766,0.13921347132389672,0.051698670605613,0.06174957118353345,0.11689899730985572,0.29491555874955083,0.28505443747937975,0.12882200201367178,0.2637299771167048,0.2751322751322751,0.36363636363636365
UNSW-NB15,FGSM,2,15,2048,2,4.442692041397095,45.52240562438965,-0.26963999416994566,0.26287470242433075,0.749165698150509,0.26287470242433075,0.3609492505634223,0.18917958997633827,0.7339189189189189,0.001279449395570458,0.6794839826951157,0.1822203867241214,0.1409480121189555,0.004431314623338257,0.0,0.0034238200048911714,0.0018864534674811354,0.002144506763444408,0.00010598272481585502,0.0011441647597254005,0.0026455026455026454,0.0,0.2655711023660302,0.5352893197458312,0.2655711023660302,0.3120769609757396,0.11162082754435772,0.5991081081081081,0.13134209829700874,0.6035010291650579,0.176673704692382,0.11259490981367315,0.01772525849335303,0.03945111492281304,0.06480802152115432,0.23077614085519224,0.3347080171560541,0.006358963488951301,0.2351258581235698,0.2619047619047619,0.3409090909090909
UNSW-NB15,RANDOM_LINF,2,15,2048,2,4.442692041397095,41.70081400871277,-3.679006947480934,0.26287470242433075,0.749165698150509,0.26287470242433075,0.3609492505634223,0.18917958997633827,0.7339189189189189,0.001279449395570458,0.6794839826951157,0.1822203867241214,0.1409480121189555,0.004431314623338257,0.0,0.0034238200048911714,0.0018864534674811354,0.002144506763444408,0.00010598272481585502,0.0011441647597254005,0.0026455026455026454,0.0,0.2996647718991401,0.5390959905451688,0.2996647718991401,0.3513423395578659,0.15132342930790638,0.6405945945945946,0.191829171446219,0.6464459283250887,0.1552981428278329,0.13351787798372494,0.04431314623338257,0.05317324185248713,0.13206162876008803,0.35734818541142654,0.33602771362586603,0.052037517884584814,0.28003432494279173,0.26455026455026454,0.4318181818181818
UNSW-NB15,RANDOM_L2,2,15,2048,2,4.442692041397095,31.231776237487793,-0.47126269251324127,0.26287470242433075,0.749165698150509,0.26287470242433075,0.3609492505634223,0.18917958997633827,0.7339189189189189,0.001279449395570458,0.6794839826951157,0.1822203867241214,0.1409480121189555,0.004431314623338257,0.0,0.0034238200048911714,0.0018864534674811354,0.002144506763444408,0.00010598272481585502,0.0011441647597254005,0.0026455026455026454,0.0,0.26758732934946317,0.5061296356442092,0.26758732934946317,0.3050271957008056,0.12481590714165747,0.7308378378378378,0.14784258360540015,0.6291982319121232,0.14788410863262716,0.12324057056169795,0.0413589364844904,0.04974271012006861,0.09733431156762044,0.2399389148401006,0.22451336192675683,0.07567166551852048,0.20165903890160183,0.1931216931216931,0.20454545454545456
UNSW-NB15,FGSM,2,15,2048,3,4.401524543762207,36.40605115890503,-9.40582033717145,0.4168002720691833,0.7712079167797619,0.4168002720691833,0.49062333328110935,0.3682083296549196,0.6882702702702703,0.0024486014294538075,0.6863462440510585,0.1785835646791007,0.19738389732885409,0.004431314623338257,0.0,0.006603081438004402,0.004850880344951491,0.0031342791158033654,0.00015897408722378252,0.0011441647597254005,0.0026455026455026454,0.0,0.5108584754408978,0.5897845973107819,0.5108584754408978,0.5350969647107918,0.3379770731728211,0.23291891891891892,0.20885908409070855,0.6462451451782375,0.17267264555916548,0.19106618264625708,0.028064992614475627,0.08747855917667238,0.1276595744680851,0.3148580668343514,0.42230287033982183,0.021991415399289917,0.6207093821510298,0.5396825396825397,0.5
UNSW-NB15,RANDOM_LINF,2,15,2048,3,4.401524543762207,32.94270086288452,-1.555895642034688,0.4168002720691833,0.7712079167797619,0.4168002720691833,0.49062333328110935,0.3682083296549196,0.6882702702702703,0.0024486014294538075,0.6863462440510585,0.1785835646791007,0.19738389732885409,0.004431314623338257,0.0,0.006603081438004402,0.004850880344951491,0.0031342791158033654,0.00015897408722378252,0.0011441647597254005,0.0026455026455026454,0.0,0.4323592284895302,0.5528929321152781,0.4323592284895302,0.441216574159615,0.23633661851062546,0.2938108108108108,0.3306714903379511,0.6579064671973565,0.14696953281276287,0.15612653668850657,0.056129985228951254,0.051457975986277875,0.17950599168500855,0.4519403521379806,0.4227977565160013,0.2728525250384187,0.36613272311212813,0.36507936507936506,0.6136363636363636
UNSW-NB15,RANDOM_L2,2,15,2048,3,4.401524543762207,26.65424919128418,12.071855414662586,0.4168002720691833,0.7712079167797619,0.4168002720691833,0.49062333328110935,0.3682083296549196,0.6882702702702703,0.0024486014294538075,0.6863462440510585,0.1785835646791007,0.19738389732885409,0.004431314623338257,0.0,0.006603081438004402,0.004850880344951491,0.0031342791158033654,0.00015897408722378252,0.0011441647597254005,0.0026455026455026454,0.0,0.29608171792255744,0.5015600150122148,0.29608171792255744,0.3213610933500373,0.1240143484497458,0.6077027027027027,0.21395482220065296,0.6389615532689159,0.1399125085289225,0.12422126102070719,0.04579025110782865,0.058319039451114926,0.11689899730985572,0.2682357168523176,0.26822830748927745,0.189338137883525,0.24742562929061784,0.23809523809523808,0.36363636363636365
UNSW-NB15,FGSM,2,20,1024,2,3.91110897064209,33.260568618774414,-2.136471845697907,0.28595199922265946,0.7564233017392513,0.28595199922265946,0.39111582484473223,0.21110055490481286,0.6877837837837838,0.0028015529868525547,0.6840004345511396,0.1806619013695981,0.15038894130195724,0.005908419497784343,0.0,0.007825874296894107,0.005749191519942508,0.0029693170570768723,0.00021196544963171003,0.0011441647597254005,0.0026455026455026454,0.0,0.30731671767963853,0.5665858035922618,0.30731671767963853,0.32705454127535566,0.14721368888337769,0.46478378378378377,0.17171093267449042,0.6441400198131433,0.18243742117742048,0.10825500007448699,0.0103397341211226,0.05660377358490566,0.08045977011494253,0.2618577075098814,0.3462553612669086,0.046738381643792064,0.3870137299771167,0.3915343915343915,0.4090909090909091
UNSW-NB15,RANDOM_LINF,2,20,1024,2,3.91110897064209,27.93058466911316,-5.319924209298938,0.28595199922265946,0.7564233017392513,0.28595199922265946,0.39111582484473223,0.21110055490481286,0.6877837837837838,0.0028015529868525547,0.6840004345511396,0.1806619013695981,0.15038894130195724,0.005908419497784343,0.0,0.007825874296894107,0.005749191519942508,0.0029693170570768723,0.00021196544963171003,0.0011441647597254005,0.0026455026455026454,0.0,0.33915124131564883,0.5373587252471088,0.33915124131564883,0.36573493199051044,0.1584691213286947,0.46178378378378376,0.2915159269390276,0.667938006809333,0.16183062155432298,0.12892638336554998,0.05465288035450517,0.051457975986277875,0.1516263145023233,0.41124685591088755,0.41092048828769384,0.22097398124105772,0.32608695652173914,0.3333333333333333,0.5227272727272727
UNSW-NB15,RANDOM_L2,2,20,1024,2,3.91110897064209,23.723548650741577,-0.42024972064325095,0.28595199922265946,0.7564233017392513,0.28595199922265946,0.39111582484473223,0.21110055490481286,0.6877837837837838,0.0028015529868525547,0.6840004345511396,0.1806619013695981,0.15038894130195724,0.005908419497784343,0.0,0.007825874296894107,0.005749191519942508,0.0029693170570768723,0.00021196544963171003,0.0011441647597254005,0.0026455026455026454,0.0,0.29015449642909197,0.5097985410027883,0.29015449642909197,0.32107674290236254,0.1257411341341245,0.6342162162162163,0.19879996470484426,0.6394976264004645,0.15307139605017622,0.12318783574157832,0.05760709010339734,0.04631217838765009,0.10222548300317927,0.2544915558749551,0.255361266908611,0.17275184144984368,0.22282608695652173,0.24867724867724866,0.3181818181818182
UNSW-NB15,FGSM,2,20,1024,3,3.967745542526245,30.942031145095825,-2.319875625516199,0.5171743671962299,0.7885350961330919,0.5171743671962299,0.5947003591144899,0.4420427196529504,0.46272972972972976,0.0018971146210182653,0.6470807168720907,0.17767871234915664,0.2227810015764818,0.004431314623338257,0.0,0.0070921985815602835,0.0026949335249730508,0.0026393929396238865,0.00010598272481585502,0.0014302059496567505,0.0026455026455026454,0.0,0.5403731234513919,0.6622323291798046,0.5403731234513919,0.560084567642879,0.38371315468884254,0.2849189189189189,0.17989499691167388,0.5987526044497279,0.16272202275623432,0.20469891278520408,0.12259970457902511,0.16638078902229847,0.1078503301540719,0.1862199065756378,0.5037941273507094,0.028509352975465,0.465675057208238,0.6084656084656085,0.25
UNSW-NB15,RANDOM_LINF,2,20,1024,3,3.967745542526245,27.0898654460907,3.2247485789243524,0.5171743671962299,0.7885350961330919,0.5171743671962299,0.5947003591144899,0.4420427196529504,0.46272972972972976,0.0018971146210182653,0.6470807168720907,0.17767871234915664,0.2227810015764818,0.004431314623338257,0.0,0.0070921985815602835,0.0026949335249730508,0.0026393929396238865,0.00010598272481585502,0.0014302059496567505,0.0026455026455026454,0.0,0.48492688140698637,0.587585752099966,0.48492688140698637,0.496423695896434,0.2944896333274846,0.28964864864864864,0.28505250154416306,0.621542128189857,0.15512121925765363,0.1751035666174264,0.15214180206794684,0.18696397941680962,0.22474932746392762,0.3249191519942508,0.521774991751897,0.1723809019129882,0.43707093821510296,0.5634920634920635,0.38636363636363635
UNSW-NB15,RANDOM_L2,2,20,1024,3,3.967745542526245,24.266417980194092,16.392168294223385,0.5171743671962299,0.7885350961330919,0.5171743671962299,0.5947003591144899,0.4420427196529504,0.46272972972972976,0.0018971146210182653,0.6470807168720907,0.17767871234915664,0.2227810015764818,0.004431314623338257,0.0,0.0070921985815602835,0.0026949335249730508,0.0026393929396238865,0.00010598272481585502,0.0014302059496567505,0.0026455026455026454,0.0,0.35325268425399603,0.5362506209897304,0.35325268425399603,0.38251876577892807,0.1974810426865805,0.6067837837837838,0.17221830053825113,0.6153177903267926,0.15136517664731047,0.14041653601523926,0.08567208271787297,0.1269296740994854,0.12545854732208364,0.20104204096298958,0.3003959089409436,0.11043399925812093,0.26058352402745993,0.2724867724867725,0.11363636363636363
UNSW-NB15,FGSM,2,20,2048,2,3.8316521644592285,33.99585199356079,18.319729874168004,0.5369115289316426,0.7938041855407448,0.5369115289316426,0.611950042637351,0.4585340176312187,0.4215945945945946,0.0024044824847789643,0.6602845887787694,0.17287139167838392,0.22994002574265138,0.005908419497784343,0.0,0.009782342871117632,0.0024254401724757456,0.004453975585615309,0.0002649568120396375,0.0014302059496567505,0.0026455026455026454,0.0,0.35371423018996256,0.5526611444390445,0.35371423018996256,0.35685325922199956,0.18000519749849206,0.3842702702702703,0.1945424865437219,0.5867016448813176,0.14311000592848766,0.12544796584038256,0.047267355982274745,0.08747855917667238,0.09097578870139399,0.15019762845849802,0.3474100956779941,0.21456202638969848,0.1238558352402746,0.18783068783068782,0.75
UNSW-NB15,RANDOM_LINF,2,20,2048,2,3.8316521644592285,28.223922967910767,7.676237671865133,0.5369115289316426,0.7938041855407448,0.5369115289316426,0.611950042637351,0.4585340176312187,0.4215945945945946,0.0024044824847789643,0.6602845887787694,0.17287139167838392,0.22994002574265138,0.005908419497784343,0.0,0.009782342871117632,0.0024254401724757456,0.004453975585615309,0.0002649568120396375,0.0014302059496567505,0.0026455026455026454,0.0,0.4601491522129913,0.6252346022659199,0.4601491522129913,0.4907892654029765,0.29802708144357376,0.30383783783783785,0.24077914056295774,0.6433990418740392,0.15222431776517248,0.17812990202858986,0.03249630723781388,0.051457975986277875,0.10516018586451455,0.23975925260510242,0.37842296271857473,0.2186423612951089,0.34096109839816935,0.3439153439153439,0.5
UNSW-NB15,RANDOM_L2,2,20,2048,2,3.8316521644592285,22.898168563842773,21.089005489967448,0.5369115289316426,0.7938041855407448,0.5369115289316426,0.611950042637351,0.4585340176312187,0.4215945945945946,0.0024044824847789643,0.6602845887787694,0.17287139167838392,0.22994002574265138,0.005908419497784343,0.0,0.009782342871117632,0.0024254401724757456,0.004453975585615309,0.0002649568120396375,0.0014302059496567505,0.0026455026455026454,0.0,0.32602147403196813,0.552845490710686,0.32602147403196813,0.36021118733956703,0.17044564151116784,0.5974054054054054,0.16776228712609195,0.6271878560392892,0.14656790452854407,0.13743015478320292,0.03840472673559823,0.051457975986277875,0.0851063829787234,0.18415379087315847,0.24133949191685913,0.15091940013777755,0.2139588100686499,0.1984126984126984,0.38636363636363635
UNSW-NB15,FGSM,2,20,2048,3,3.9497132301330566,31.49218249320984,-3.960792887334208,0.38706699703638925,0.76915203964452,0.38706699703638925,0.48847034030743874,0.2836458274007589,0.4225945945945946,0.0044339539398217595,0.6732341982573188,0.18606080658193952,0.17131934573148438,0.004431314623338257,0.010291595197255575,0.012472487160674981,0.009162773984908373,0.0028043549983503796,0.0009008531609347676,0.0011441647597254005,0.0026455026455026454,0.0,0.42667492590973133,0.6083192175208787,0.42667492590973133,0.4522361413562147,0.25814453519977565,0.26,0.16674755139857056,0.6246214903886749,0.1919457793992591,0.15348441529734957,0.0103397341211226,0.06518010291595197,0.08779652726828076,0.26967301473230326,0.38584625536126693,0.013247840601981876,0.39244851258581237,0.46825396825396826,0.3409090909090909
UNSW-NB15,RANDOM_LINF,2,20,2048,3,3.9497132301330566,23.434843063354492,-7.2159063304668924,0.38706699703638925,0.76915203964452,0.38706699703638925,0.48847034030743874,0.2836458274007589,0.4225945945945946,0.0044339539398217595,0.6732341982573188,0.18606080658193952,0.17131934573148438,0.004431314623338257,0.010291595197255575,0.012472487160674981,0.009162773984908373,0.0028043549983503796,0.0009008531609347676,0.0011441647597254005,0.0026455026455026454,0.0,0.4592260603410582,0.6031500891020546,0.4592260603410582,0.4753174869999858,0.2813446640436541,0.24364864864864866,0.24545574869849113,0.6337644227735674,0.1693720507353428,0.1651083991776932,0.06351550960118169,0.06689536878216124,0.14062117877231597,0.39013654329859865,0.4320356318046849,0.11239467966721424,0.3501144164759725,0.3888888888888889,0.36363636363636365
UNSW-NB15,RANDOM_L2,2,20,2048,3,3.9497132301330566,20.791460514068604,0.7506194432298496,0.38706699703638925,0.76915203964452,0.38706699703638925,0.48847034030743874,0.2836458274007589,0.4225945945945946,0.0044339539398217595,0.6732341982573188,0.18606080658193952,0.17131934573148438,0.004431314623338257,0.010291595197255575,0.012472487160674981,0.009162773984908373,0.0028043549983503796,0.0009008531609347676,0.0011441647597254005,0.0026455026455026454,0.0,0.37956080260409075,0.55386846360424,0.37956080260409075,0.406094643518786,0.205912504110142,0.4554594594594595,0.1999691167387276,0.6176716017064114,0.1624527432888278,0.14706931442199392,0.051698670605613,0.04974271012006861,0.11371973587674249,0.283596837944664,0.3096337842296272,0.12903396746330348,0.2694508009153318,0.2962962962962963,0.29545454545454547
UNSW-NB15,FGSM,4,5,1024,2,17.68843412399292,24.399829149246216,28.842977214205902,0.4175411747558665,0.7695974823817249,0.4175411747558665,0.4827363941673315,0.3654723849653525,0.7131891891891892,0.004301597105797229,0.6573898711364682,0.170725264837773,0.20149514283868086,0.004431314623338257,0.0,0.001222792858889704,0.0022457779374775422,0.025239194985153413,0.00015897408722378252,0.0011441647597254005,0.005291005291005291,0.0,0.12911140261380752,0.14042597768222173,0.12911140261380752,0.09150084831918408,-0.10342454634138067,0.904918918918919,0.21640342363010676,0.37542569720767205,0.11559994930983977,0.03823632065638187,0.9098966026587888,0.8198970840480274,0.6397652237710931,0.2863816025871362,0.40085780270537774,0.003338455831699433,0.11327231121281464,0.047619047619047616,0.11363636363636363
UNSW-NB15,RANDOM_LINF,4,5,1024,2,17.68843412399292,66.25857329368591,23.033571393868726,0.4175411747558665,0.7695974823817249,0.4175411747558665,0.4827363941673315,0.3654723849653525,0.7131891891891892,0.004301597105797229,0.6573898711364682,0.170725264837773,0.20149514283868086,0.004431314623338257,0.0,0.001222792858889704,0.0022457779374775422,0.025239194985153413,0.00015897408722378252,0.0011441647597254005,0.005291005291005291,0.0,0.18720546081717923,0.6151908193346783,0.18720546081717923,0.15369075288931394,0.10868644655031585,0.9894594594594595,0.0016765198976440483,0.5997583237173115,0.15046347353486988,0.09115849230824616,0.0014771048744460858,0.0,0.0004891171435558817,0.0015271289974847287,0.0024744308808973938,0.0014837581474219702,0.003146453089244851,0.0,0.045454545454545456
UNSW-NB15,RANDOM_L2,4,5,1024,2,17.68843412399292,50.84601163864136,24.5117329835301,0.4175411747558665,0.7695974823817249,0.4175411747558665,0.4827363941673315,0.3654723849653525,0.7131891891891892,0.004301597105797229,0.6573898711364682,0.170725264837773,0.20149514283868086,0.004431314623338257,0.0,0.001222792858889704,0.0022457779374775422,0.025239194985153413,0.00015897408722378252,0.0011441647597254005,0.005291005291005291,0.0,0.1724238449205655,0.6089101986849952,0.1724238449205655,0.12804853936224397,0.08847796050372116,0.9986216216216216,0.0001985352510367952,0.6037188705185136,0.14629675706798798,0.08013105975014397,0.0,0.0,0.0004891171435558817,8.983111749910169e-05,0.0001649620587264929,0.00021196544963171003,0.0002860411899313501,0.0,0.0
UNSW-NB15,FGSM,4,5,1024,3,17.878086805343628,23.09044075012207,40.8528883058835,0.5324418209201769,0.7604182787204004,0.5324418209201769,0.599216568946611,0.4491506751492499,0.4557027027027027,0.006375187505514868,0.6708938236042199,0.17893020548571037,0.2300007315343679,0.005908419497784343,0.0,0.009048667155783811,0.005659360402443406,0.02771362586605081,0.00031794817444756504,0.002288329519450801,0.007936507936507936,0.0,0.12391293786134189,0.131718659180887,0.12391293786134189,0.08316877527220351,-0.12314786101182328,0.9192432432432432,0.21752845671931528,0.3552028802291263,0.09420867162369764,0.03732294667034487,0.9542097488921714,0.8593481989708405,0.6549278552213255,0.29518505210204815,0.3790828109534807,0.003444438556515288,0.10411899313501144,0.047619047619047616,0.11363636363636363
UNSW-NB15,RANDOM_LINF,4,5,1024,3,17.878086805343628,69.68353295326233,33.164504688335036,0.5324418209201769,0.7604182787204004,0.5324418209201769,0.599216568946611,0.4491506751492499,0.4557027027027027,0.006375187505514868,0.6708938236042199,0.17893020548571037,0.2300007315343679,0.005908419497784343,0.0,0.009048667155783811,0.005659360402443406,0.02771362586605081,0.00031794817444756504,0.002288329519450801,0.007936507936507936,0.0,0.2007967740368265,0.5768514883032373,0.2007967740368265,0.16236256766648335,0.1212550894370391,0.9873513513513513,0.0028015529868525547,0.617319631590977,0.14929635537870822,0.09498814948899141,0.0,0.0,0.0004891171435558817,0.0018864534674811354,0.0011547344110854503,0.004822213979121403,0.0011441647597254005,0.0,0.045454545454545456
UNSW-NB15,RANDOM_L2,4,5,1024,3,17.878086805343628,53.33488988876343,35.04955545838799,0.5324418209201769,0.7604182787204004,0.5324418209201769,0.599216568946611,0.4491506751492499,0.4557027027027027,0.006375187505514868,0.6708938236042199,0.17893020548571037,0.2300007315343679,0.005908419497784343,0.0,0.009048667155783811,0.005659360402443406,0.02771362586605081,0.00031794817444756504,0.002288329519450801,0.007936507936507936,0.0,0.18194626633629696,0.5297489831793748,0.18194626633629696,0.1339985418532946,0.09800115435389739,0.999,0.000352951557398747,0.6135455116963927,0.1434560933226064,0.08297407568836453,0.0,0.0,0.0,8.983111749910169e-05,0.0,0.0007418790737109851,0.0,0.0026455026455026454,0.0
UNSW-NB15,FGSM,4,5,2048,2,17.705045700073242,21.19971489906311,19.840402273721033,0.33289607928873344,0.7390913495722085,0.33289607928873344,0.42561331758121324,0.26055451957545406,0.6888648648648649,0.006242830671490338,0.6613720708242081,0.17064652935854321,0.17456675052379106,0.005908419497784343,0.0,0.011494252873563218,0.007276320517427237,0.02210491586935005,0.0006888877113030576,0.0008581235697940503,0.0026455026455026454,0.0,0.1344920565515231,0.14402675914719465,0.1344920565515231,0.09534793001528519,-0.11049476658793347,0.8942432432432432,0.233102444189535,0.35113004644260537,0.08071339163501229,0.0368032088509407,0.9556868537666174,0.855917667238422,0.6742479823917829,0.3229428674092706,0.4226327944572748,0.00445127444226591,0.11327231121281464,0.05555555555555555,0.13636363636363635
UNSW-NB15,RANDOM_LINF,4,5,2048,2,17.705045700073242,68.58565759658813,14.129378613418842,0.33289607928873344,0.7390913495722085,0.33289607928873344,0.42561331758121324,0.26055451957545406,0.6888648648648649,0.006242830671490338,0.6613720708242081,0.17064652935854321,0.17456675052379106,0.005908419497784343,0.0,0.011494252873563218,0.007276320517427237,0.02210491586935005,0.0006888877113030576,0.0008581235697940503,0.0026455026455026454,0.0,0.19160229315454502,0.555062548071575,0.19160229315454502,0.1555975914269494,0.11004971631803727,0.9876756756756757,0.0034853966293126267,0.6188481023389191,0.14893139601389233,0.09093954926481329,0.0,0.0017152658662092624,0.0004891171435558817,0.002784764642472152,0.0026393929396238865,0.0050871707911610406,0.002574370709382151,0.005291005291005291,0.022727272727272728
UNSW-NB15,RANDOM_L2,4,5,2048,2,17.705045700073242,52.22776818275452,15.480007773405239,0.33289607928873344,0.7390913495722085,0.33289607928873344,0.42561331758121324,0.26055451957545406,0.6888648648648649,0.006242830671490338,0.6613720708242081,0.17064652935854321,0.17456675052379106,0.005908419497784343,0.0,0.011494252873563218,0.007276320517427237,0.02210491586935005,0.0006888877113030576,0.0008581235697940503,0.0026455026455026454,0.0,0.17809600155468105,0.5349206317581351,0.17809600155468105,0.1322480577189749,0.09366500330837758,0.9985675675675676,0.00048530839142327714,0.6205972861919664,0.14392627539890498,0.08156019307648703,0.0,0.0,0.0,0.00017966223499820338,0.0008248102936324645,0.0006358963488951301,0.0005720823798627002,0.0026455026455026454,0.0
UNSW-NB15,FGSM,4,5,2048,3,18.39810085296631,53.44800686836243,18.316086090463006,0.31580673371228685,0.719089035709883,0.31580673371228685,0.39099295071879914,0.23939391298959284,0.7543783783783784,0.00586781964175417,0.6551488383762117,0.16948942276496687,0.16111969008496357,0.005908419497784343,0.0,0.00880410858400587,0.005210204814947898,0.025899043220059387,0.00037093953685549255,0.0008581235697940503,0.0026455026455026454,0.0,0.1326458728076568,0.14070952794249064,0.1326458728076568,0.09336009195105639,-0.1030669377329507,0.8986756756756756,0.23308038471719755,0.3768499947653945,0.09504564111119945,0.03687737188465802,0.9409158050221565,0.8507718696397941,0.6786500366837858,0.33435141933165646,0.40778620917189046,0.004504265804673838,0.10097254004576658,0.05291005291005291,0.13636363636363635
UNSW-NB15,RANDOM_LINF,4,5,2048,3,18.39810085296631,69.72232937812805,13.715201865617258,0.31580673371228685,0.719089035709883,0.31580673371228685,0.39099295071879914,0.23939391298959284,0.7543783783783784,0.00586781964175417,0.6551488383762117,0.16948942276496687,0.16111969008496357,0.005908419497784343,0.0,0.00880410858400587,0.005210204814947898,0.025899043220059387,0.00037093953685549255,0.0008581235697940503,0.0026455026455026454,0.0,0.17865471505611427,0.5816464408640619,0.17865471505611427,0.14392476641703647,0.0945958833868307,0.9877567567567568,0.002205947233742169,0.6114596950626812,0.1492732516778716,0.0871845220639465,0.0,0.0,0.0007336757153338225,0.002874595759971254,0.003629165291982844,0.0018017063218695353,0.002002288329519451,0.0,0.045454545454545456
UNSW-NB15,RANDOM_L2,4,5,2048,3,18.39810085296631,54.482381105422974,14.798620220570374,0.31580673371228685,0.719089035709883,0.31580673371228685,0.39099295071879914,0.23939391298959284,0.7543783783783784,0.00586781964175417,0.6551488383762117,0.16948942276496687,0.16111969008496357,0.005908419497784343,0.0,0.00880410858400587,0.005210204814947898,0.025899043220059387,0.00037093953685549255,0.0008581235697940503,0.0026455026455026454,0.0,0.1678205315065831,0.5940889031533552,0.1678205315065831,0.12153292892640025,0.08018522963739966,0.9983513513513513,0.0001985352510367952,0.6093977989528858,0.1453969993985468,0.07891456763479988,0.0,0.0,0.0,0.00035932446999640676,0.0003299241174529858,0.00015897408722378252,0.0,0.0,0.0
UNSW-NB15,FGSM,4,10,1024,2,9.916773557662964,19.169647216796875,24.900403245396685,0.35607054365252877,0.7272727533403568,0.35607054365252877,0.4392606596969036,0.26951675345085085,0.6731891891891892,0.011095914585723109,0.679143236268015,0.1749174685977832,0.17861118499866532,0.007385524372230428,0.0,0.01173881144534116,0.023176428314768235,0.0278785879247773,0.0006358963488951301,0.002288329519450801,0.007936507936507936,0.0,0.10706651119856192,0.1382052467506644,0.10706651119856192,0.0928709205792881,-0.11551500507565012,0.8962972972972973,0.23105091326215477,0.36365269617843937,0.0932258293685419,0.042063246975770976,0.9246676514032496,0.8250428816466552,0.6629982880899975,0.3220445562342796,0.4204882876938304,0.0051401621535689685,0.11355835240274599,0.0582010582010582,0.13636363636363635
UNSW-NB15,RANDOM_LINF,4,10,1024,2,9.916773557662964,36.356101512908936,17.21080503327989,0.35607054365252877,0.7272727533403568,0.35607054365252877,0.4392606596969036,0.26951675345085085,0.6731891891891892,0.011095914585723109,0.679143236268015,0.1749174685977832,0.17861118499866532,0.007385524372230428,0.0,0.01173881144534116,0.023176428314768235,0.0278785879247773,0.0006358963488951301,0.002288329519450801,0.007936507936507936,0.0,0.1839624933197299,0.5961553123978933,0.1839624933197299,0.15845424974399877,0.1001158520751686,0.9733783783783784,0.006838436424600723,0.6498782933428211,0.1539228595876911,0.09089930275851785,0.004431314623338257,0.0017152658662092624,0.0019564685742235266,0.008983111749910169,0.008413064995051138,0.006252980764135446,0.006864988558352402,0.005291005291005291,0.06818181818181818
UNSW-NB15,RANDOM_L2,4,10,1024,2,9.916773557662964,28.675294399261475,19.090997425059513,0.35607054365252877,0.7272727533403568,0.35607054365252877,0.4392606596969036,0.26951675345085085,0.6731891891891892,0.011095914585723109,0.679143236268015,0.1749174685977832,0.17861118499866532,0.007385524372230428,0.0,0.01173881144534116,0.023176428314768235,0.0278785879247773,0.0006358963488951301,0.002288329519450801,0.007936507936507936,0.0,0.16516056940193363,0.5963154421807129,0.16516056940193363,0.12584852300440663,0.07800205752812221,0.993,0.0015441630636195182,0.6391146049325822,0.14821268291937692,0.07885468916276314,0.0,0.0,0.0004891171435558817,0.002066115702479339,0.0013196964698119432,0.0015367495098298977,0.0017162471395881006,0.005291005291005291,0.0
UNSW-NB15,FGSM,4,10,1024,3,10.155533790588379,23.484784841537476,26.405285915561382,0.3753825972890249,0.7602212375073277,0.3753825972890249,0.47590068335775826,0.29495739864708564,0.5929189189189189,0.0057354628077296394,0.6603362704582603,0.1685158739772929,0.18684809429220758,0.007385524372230428,0.003430531732418525,0.009048667155783811,0.00422206252245778,0.0255691191026064,0.00042393089926342006,0.0014302059496567505,0.0026455026455026454,0.0,0.11132973813341107,0.14711633117164366,0.11132973813341107,0.09257731120235291,-0.13788480678859605,0.8959459459459459,0.24333803935409865,0.32708495817998023,0.07677820596008772,0.03575713350708064,0.9645494830132939,0.8662092624356775,0.7028613352898019,0.35339561624146604,0.4138898053447707,0.006464946213767156,0.11784897025171624,0.04497354497354497,0.11363636363636363
UNSW-NB15,RANDOM_LINF,4,10,1024,3,10.155533790588379,39.26653051376343,18.210416363018023,0.3753825972890249,0.7602212375073277,0.3753825972890249,0.47590068335775826,0.29495739864708564,0.5929189189189189,0.0057354628077296394,0.6603362704582603,0.1685158739772929,0.18684809429220758,0.007385524372230428,0.003430531732418525,0.009048667155783811,0.00422206252245778,0.0255691191026064,0.00042393089926342006,0.0014302059496567505,0.0026455026455026454,0.0,0.19327843365884467,0.4864399539698906,0.19327843365884467,0.1662282135659565,0.10790891875655435,0.9773243243243244,0.013345980764140121,0.6261617744787827,0.14906096366938576,0.0940677518829333,0.0014771048744460858,0.0017152658662092624,0.00293470286133529,0.010330578512396695,0.011217419993401518,0.019712786815749034,0.008295194508009153,0.015873015873015872,0.022727272727272728
UNSW-NB15,RANDOM_L2,4,10,1024,3,10.155533790588379,32.00786066055298,19.584122819802747,0.3753825972890249,0.7602212375073277,0.3753825972890249,0.47590068335775826,0.29495739864708564,0.5929189189189189,0.0057354628077296394,0.6603362704582603,0.1685158739772929,0.18684809429220758,0.007385524372230428,0.003430531732418525,0.009048667155783811,0.00422206252245778,0.0255691191026064,0.00042393089926342006,0.0014302059496567505,0.0026455026455026454,0.0,0.17954136909099744,0.4593196218243515,0.17954136909099744,0.1414622270874265,0.09458208065580802,0.995054054054054,0.0033089208506132534,0.6179756824159931,0.14497815656967078,0.08519436680710432,0.0014771048744460858,0.0,0.0009782342871117633,0.001706791232482932,0.003464203233256351,0.005405118965608606,0.0005720823798627002,0.0026455026455026454,0.0
UNSW-NB15,FGSM,4,10,2048,2,9.878557682037354,46.66472935676575,38.97148131953554,0.5299640480007773,0.7643247050499625,0.5299640480007773,0.5933415839574765,0.4529978989885389,0.5055945945945945,0.005492808612018001,0.6600503869739532,0.17390184558107918,0.2405185707683334,0.007385524372230428,0.0017152658662092624,0.007581315725116165,0.004132231404958678,0.02391949851534147,0.0008478617985268401,0.0011441647597254005,0.0026455026455026454,0.0,0.14024923480542195,0.3806551604730856,0.14024923480542195,0.10747972135558796,-0.08990396734593847,0.8896216216216216,0.24241154151592695,0.36353968849948926,0.08816967897571852,0.04362922603389149,0.9394387001477105,0.8490566037735849,0.6842748838346784,0.35186848724398134,0.4302210491586935,0.005299136240792751,0.11441647597254005,0.06613756613756613,0.22727272727272727
UNSW-NB15,RANDOM_LINF,4,10,2048,2,9.878557682037354,40.441720485687256,33.938201428363215,0.5299640480007773,0.7643247050499625,0.5299640480007773,0.5933415839574765,0.4529978989885389,0.5055945945945945,0.005492808612018001,0.6600503869739532,0.17390184558107918,0.2405185707683334,0.007385524372230428,0.0017152658662092624,0.007581315725116165,0.004132231404958678,0.02391949851534147,0.0008478617985268401,0.0011441647597254005,0.0026455026455026454,0.0,0.19058203371714522,0.5582801579220991,0.19058203371714522,0.1556958629869087,0.10254508939404282,0.9708648648648649,0.007875231624459543,0.6291288899549391,0.15462949301363693,0.0825362190697785,0.0,0.0017152658662092624,0.00293470286133529,0.009342436219906576,0.01022764764104256,0.007153833925070213,0.010011441647597255,0.013227513227513227,0.06818181818181818
UNSW-NB15,RANDOM_L2,4,10,2048,2,9.878557682037354,32.84577703475952,35.8281105766895,0.5299640480007773,0.7643247050499625,0.5299640480007773,0.5933415839574765,0.4529978989885389,0.5055945945945945,0.005492808612018001,0.6600503869739532,0.17390184558107918,0.2405185707683334,0.007385524372230428,0.0017152658662092624,0.007581315725116165,0.004132231404958678,0.02391949851534147,0.0008478617985268401,0.0011441647597254005,0.0026455026455026454,0.0,0.17168294223388234,0.5507884584046534,0.17168294223388234,0.12098779639540595,0.08168152970096029,0.9928918918918919,0.0019412335656931086,0.626369554984452,0.150101009655232,0.0715599301328851,0.0,0.0,0.0017119100024455857,0.0021559468199784403,0.0024744308808973938,0.0017487149594616078,0.002574370709382151,0.0,0.0
UNSW-NB15,FGSM,4,10,2048,3,10.139794111251831,33.15390062332153,20.71733955205752,0.34754408978283047,0.7362986782353854,0.34754408978283047,0.4394183751247854,0.27118368238678975,0.6691891891891892,0.0064193064501897115,0.6617961080891267,0.17232113816498287,0.17821150432662475,0.007385524372230428,0.0,0.009782342871117632,0.007815307222421847,0.025239194985153413,0.00010598272481585502,0.0008581235697940503,0.0026455026455026454,0.0,0.14037069426225526,0.17329630839170335,0.14037069426225526,0.09908226375931084,-0.07067744515716201,0.8937027027027027,0.2126974322774199,0.3456643004194329,0.08177768878636134,0.037712527562585085,0.8183161004431314,0.7324185248713551,0.6336512594766447,0.29437657204455625,0.3891454965357968,0.0042393089926342,0.0929633867276888,0.06084656084656084,0.13636363636363635
UNSW-NB15,RANDOM_LINF,4,10,2048,3,10.139794111251831,37.31915235519409,15.012388864596996,0.34754408978283047,0.7362986782353854,0.34754408978283047,0.4394183751247854,0.27118368238678975,0.6691891891891892,0.0064193064501897115,0.6617961080891267,0.17232113816498287,0.17821150432662475,0.007385524372230428,0.0,0.009782342871117632,0.007815307222421847,0.025239194985153413,0.00010598272481585502,0.0008581235697940503,0.0026455026455026454,0.0,0.1974202011368605,0.579959666214164,0.1974202011368605,0.1677800902792042,0.11435135400436185,0.9798648648648649,0.0040589429100855905,0.6261103074692592,0.15409081279300857,0.09444581532034609,0.0014771048744460858,0.0,0.00293470286133529,0.005749191519942508,0.006928406466512702,0.002013671771501245,0.006578947368421052,0.007936507936507936,0.022727272727272728
UNSW-NB15,RANDOM_L2,4,10,2048,3,10.139794111251831,29.74754786491394,16.55613856094835,0.34754408978283047,0.7362986782353854,0.34754408978283047,0.4394183751247854,0.27118368238678975,0.6691891891891892,0.0064193064501897115,0.6617961080891267,0.17232113816498287,0.17821150432662475,0.007385524372230428,0.0,0.009782342871117632,0.007815307222421847,0.025239194985153413,0.00010598272481585502,0.0008581235697940503,0.0026455026455026454,0.0,0.18198270417334694,0.5709930231758495,0.18198270417334694,0.13993435496914605,0.09650448379054145,0.9958378378378379,0.0008603194211594459,0.6212139239803951,0.1487037116183957,0.08270417404572523,0.0,0.0,0.0,0.001437297879985627,0.002144506763444408,0.00037093953685549255,0.0008581235697940503,0.0,0.0
UNSW-NB15,FGSM,4,15,1024,2,7.297950744628906,46.09898924827576,31.78715444784531,0.4426589904289948,0.7539729591024469,0.4426589904289948,0.5380643150593394,0.3468199145530159,0.4530540540540541,0.0077208153180975915,0.679172093282505,0.18095817112695903,0.20579963318735234,0.005908419497784343,0.0,0.0070921985815602835,0.015810276679841896,0.02111514351699109,0.00042393089926342006,0.0011441647597254005,0.0026455026455026454,0.0,0.12478744595054171,0.14905746866054975,0.12478744595054171,0.09459186827456342,-0.1114516424827835,0.8981351351351351,0.24505867819641755,0.39370296617921846,0.10599869404523647,0.04104624018591587,0.9320531757754801,0.8747855917667239,0.6784054781120078,0.331297161336687,0.4618937644341801,0.005617084415240316,0.15789473684210525,0.09788359788359788,0.25
UNSW-NB15,RANDOM_LINF,4,15,1024,2,7.297950744628906,29.953657627105713,23.25098382160035,0.4426589904289948,0.7539729591024469,0.4426589904289948,0.5380643150593394,0.3468199145530159,0.4530540540540541,0.0077208153180975915,0.679172093282505,0.18095817112695903,0.20579963318735234,0.005908419497784343,0.0,0.0070921985815602835,0.015810276679841896,0.02111514351699109,0.00042393089926342006,0.0011441647597254005,0.0026455026455026454,0.0,0.2101491522129913,0.5186188659031044,0.2101491522129913,0.20516207954744778,0.10887210643826505,0.9079459459459459,0.032339186446660194,0.6592551014390523,0.15285365586090718,0.09962654094115073,0.007385524372230428,0.012006861063464836,0.020053802885791148,0.05533596837944664,0.040580666446717255,0.019606804090933176,0.03546910755148741,0.031746031746031744,0.09090909090909091
UNSW-NB15,RANDOM_L2,4,15,1024,2,7.297950744628906,28.252437829971313,26.02147403196813,0.4426589904289948,0.7539729591024469,0.4426589904289948,0.5380643150593394,0.3468199145530159,0.4530540540540541,0.0077208153180975915,0.679172093282505,0.18095817112695903,0.20579963318735234,0.005908419497784343,0.0,0.0070921985815602835,0.015810276679841896,0.02111514351699109,0.00042393089926342006,0.0011441647597254005,0.0026455026455026454,0.0,0.1824442501093135,0.5016707826626028,0.1824442501093135,0.1490273250272992,0.08933254801189215,0.9702972972972973,0.011338568781434749,0.6444502980278205,0.14616324001935568,0.08479925869690694,0.004431314623338257,0.003430531732418525,0.008314991440449988,0.01760689902982393,0.01583635763774332,0.007524773461925706,0.009439359267734555,0.018518518518518517,0.022727272727272728
UNSW-NB15,FGSM,4,15,1024,3,7.44542670249939,55.850059032440186,39.70631103337706,0.4915707136957684,0.731238223049972,0.4915707136957684,0.5441984884470966,0.41372010631864065,0.6046486486486486,0.011117974058060531,0.6713082383471196,0.1733245922972994,0.2243931679105046,0.005908419497784343,0.010291595197255575,0.013939838591342627,0.022008623787279913,0.027053777631144835,0.0009008531609347676,0.002288329519450801,0.007936507936507936,0.0,0.09450760336199776,0.14755396030269494,0.09450760336199776,0.09732063625685622,-0.12586429789110354,0.8658918918918919,0.2892438012882732,0.3719711092990031,0.09740936302509323,0.03234448077555308,0.9778434268833087,0.902229845626072,0.7625336268036195,0.43999281351060004,0.4978554932365556,0.0084786179852684,0.19250572082379863,0.12433862433862433,0.22727272727272727
UNSW-NB15,RANDOM_LINF,4,15,1024,3,7.44542670249939,30.820425987243652,29.183063693339168,0.4915707136957684,0.731238223049972,0.4915707136957684,0.5441984884470966,0.41372010631864065,0.6046486486486486,0.011117974058060531,0.6713082383471196,0.1733245922972994,0.2243931679105046,0.005908419497784343,0.010291595197255575,0.013939838591342627,0.022008623787279913,0.027053777631144835,0.0009008531609347676,0.002288329519450801,0.007936507936507936,0.0,0.1997400767623767,0.5183121706123525,0.1997400767623767,0.19251010560246556,0.10644616313608825,0.9368918918918919,0.027155210447366098,0.639330941710319,0.14958183260668284,0.09959763977226795,0.0029542097488921715,0.005145797598627788,0.012717045732452923,0.03566295364714337,0.02721873968987133,0.025912776217476553,0.031178489702517163,0.026455026455026454,0.09090909090909091
UNSW-NB15,RANDOM_L2,4,15,1024,3,7.44542670249939,28.443139791488647,31.483505805762036,0.4915707136957684,0.731238223049972,0.4915707136957684,0.5441984884470966,0.41372010631864065,0.6046486486486486,0.011117974058060531,0.6713082383471196,0.1733245922972994,0.2243931679105046,0.005908419497784343,0.010291595197255575,0.013939838591342627,0.022008623787279913,0.027053777631144835,0.0009008531609347676,0.002288329519450801,0.007936507936507936,0.0,0.176735655638148,0.49683781315804876,0.176735655638148,0.15061180336347857,0.08648061305439932,0.9772432432432433,0.011095914585723109,0.6344823355767767,0.144167868028861,0.08784754420511257,0.0029542097488921715,0.0,0.004402054292002935,0.011318720804886813,0.01072253381722204,0.013353823326797732,0.009439359267734555,0.015873015873015872,0.022727272727272728
UNSW-NB15,FGSM,4,15,2048,2,7.445128679275513,11.779654026031494,34.04387115580819,0.46716950881795655,0.7743484164521202,0.46716950881795655,0.5355880470770009,0.4099379584514653,0.6279189189189189,0.006904614841612988,0.6634056104464463,0.17116685752605182,0.22363161925683211,0.005908419497784343,0.0,0.004157495720224994,0.006647502694933525,0.03398218409765754,0.0002649568120396375,0.0014302059496567505,0.005291005291005291,0.0,0.12673079725987466,0.1509150733500079,0.12673079725987466,0.09959133225726202,-0.11497458953619884,0.8928378378378379,0.2408232595076326,0.36029487473434396,0.09998412502400192,0.04474392683848232,0.9512555391432792,0.8576329331046312,0.6928344338469064,0.35734818541142654,0.4038271197624546,0.004398283079857983,0.1124141876430206,0.0582010582010582,0.36363636363636365
UNSW-NB15,RANDOM_LINF,4,15,2048,2,7.445128679275513,27.840562105178833,27.26036049166788,0.46716950881795655,0.7743484164521202,0.46716950881795655,0.5355880470770009,0.4099379584514653,0.6279189189189189,0.006904614841612988,0.6634056104464463,0.17116685752605182,0.22363161925683211,0.005908419497784343,0.0,0.004157495720224994,0.006647502694933525,0.03398218409765754,0.0002649568120396375,0.0014302059496567505,0.005291005291005291,0.0,0.19456590390127776,0.4943901236726905,0.19456590390127776,0.16330171073655453,0.10558971363661092,0.9692972972972973,0.016125474278655256,0.6254809648765658,0.15179828262452688,0.09221088836630034,0.004431314623338257,0.003430531732418525,0.003668378576669112,0.0159899389148401,0.009237875288683603,0.02363414763393567,0.007437070938215103,0.010582010582010581,0.022727272727272728
UNSW-NB15,RANDOM_L2,4,15,2048,2,7.445128679275513,23.669151544570923,29.439343147257446,0.46716950881795655,0.7743484164521202,0.46716950881795655,0.5355880470770009,0.4099379584514653,0.6279189189189189,0.006904614841612988,0.6634056104464463,0.17116685752605182,0.22363161925683211,0.005908419497784343,0.0,0.004157495720224994,0.006647502694933525,0.03398218409765754,0.0002649568120396375,0.0014302059496567505,0.005291005291005291,0.0,0.1727760773453821,0.4870484616232917,0.1727760773453821,0.12895851856087337,0.08094224529502832,0.9887567567567568,0.005757522280067061,0.6217171308464728,0.14668393769707938,0.0776961498125113,0.0,0.0,0.0019564685742235266,0.005479698167445203,0.00395908940943583,0.0084786179852684,0.002002288329519451,0.0,0.022727272727272728
UNSW-NB15,FGSM,4,15,2048,3,7.2861855030059814,68.01928687095642,37.88320458630909,0.4869674002817859,0.7622415664314496,0.4869674002817859,0.5558351413332984,0.42316930133397535,0.5801891891891892,0.007147269037324627,0.6644326574363555,0.17095431490029914,0.22546315212817158,0.005908419497784343,0.0,0.0119833700171191,0.009162773984908373,0.02490927086770043,0.00021196544963171003,0.0037185354691075517,0.0026455026455026454,0.0,0.10813535441869504,0.14692522176833736,0.10813535441869504,0.0906166195829883,-0.13945341275466938,0.8892702702702703,0.24825730168534368,0.3835792005367614,0.10100863818113295,0.03339939114407089,0.9512555391432792,0.8576329331046312,0.6989483981413549,0.3730686309737693,0.4194985153414715,0.006305972126543374,0.1158466819221968,0.06878306878306878,0.13636363636363635
UNSW-NB15,RANDOM_LINF,4,15,2048,3,7.2861855030059814,36.41236639022827,27.461983190011175,0.4869674002817859,0.7622415664314496,0.4869674002817859,0.5558351413332984,0.42316930133397535,0.5801891891891892,0.007147269037324627,0.6644326574363555,0.17095431490029914,0.22546315212817158,0.005908419497784343,0.0,0.0119833700171191,0.009162773984908373,0.02490927086770043,0.00021196544963171003,0.0037185354691075517,0.0026455026455026454,0.0,0.2123475683816742,0.5324398669349417,0.2123475683816742,0.19084985799423224,0.12690923678093144,0.9561351351351352,0.017956410482661254,0.6296467730545324,0.1516991160421004,0.10544611294706471,0.0,0.003430531732418525,0.0070921985815602835,0.02218828602227812,0.014351699109204884,0.020984579513539294,0.013443935926773455,0.010582010582010581,0.045454545454545456
UNSW-NB15,RANDOM_L2,4,15,2048,3,7.2861855030059814,31.968159914016724,29.617888548802405,0.4869674002817859,0.7622415664314496,0.4869674002817859,0.5558351413332984,0.42316930133397535,0.5801891891891892,0.007147269037324627,0.6644326574363555,0.17095431490029914,0.22546315212817158,0.005908419497784343,0.0,0.0119833700171191,0.009162773984908373,0.02490927086770043,0.00021196544963171003,0.0037185354691075517,0.0026455026455026454,0.0,0.19078851479376185,0.5124186357021097,0.19078851479376185,0.15443146069867233,0.10698276615176944,0.9855675675675676,0.006750198535251037,0.6266707847350976,0.14841596582573063,0.09361290260965499,0.0,0.0,0.0022010271460014674,0.008354293927416457,0.0059386341141537445,0.007789730273965343,0.005148741418764302,0.007936507936507936,0.0
UNSW-NB15,FGSM,4,20,1024,2,6.059706926345825,38.17788052558899,43.17276393139969,0.5558592041976388,0.7935018041491834,0.5558592041976388,0.6241798751492225,0.4798218920321952,0.4538378378378378,0.0054266301950057355,0.6744318502005946,0.18135733511141358,0.2523516505832384,0.005908419497784343,0.0,0.0031792614331132307,0.0037729069349622707,0.026558891454965358,0.00037093953685549255,0.004576659038901602,0.007936507936507936,0.0,0.12413156488364184,0.17391404244102301,0.12413156488364184,0.11173568507036628,-0.030129835087223646,0.8934054054054054,0.19441012970969734,0.47143530160364333,0.09867138807820748,0.056124250870555725,0.6868537666174298,0.6260720411663808,0.520909757887014,0.28341717570966585,0.35912240184757505,0.0038153780933707806,0.1152745995423341,0.09788359788359788,0.20454545454545456
UNSW-NB15,RANDOM_LINF,4,20,1024,2,6.059706926345825,21.931832551956177,30.576203663217218,0.5558592041976388,0.7935018041491834,0.5558592041976388,0.6241798751492225,0.4798218920321952,0.4538378378378378,0.0054266301950057355,0.6744318502005946,0.18135733511141358,0.2523516505832384,0.005908419497784343,0.0,0.0031792614331132307,0.0037729069349622707,0.026558891454965358,0.00037093953685549255,0.004576659038901602,0.007936507936507936,0.0,0.2500971675654666,0.5427460285655884,0.2500971675654666,0.2515146684109382,0.15892277054068762,0.9048648648648648,0.03280243536574605,0.6638918131881291,0.16390107836743525,0.12366846948548349,0.004431314623338257,0.005145797598627788,0.01883101002690144,0.056503772906934965,0.04091059056417024,0.020560648614275874,0.03489702517162471,0.03439153439153439,0.09090909090909091
UNSW-NB15,RANDOM_L2,4,20,1024,2,6.059706926345825,20.94830060005188,34.01836466987319,0.5558592041976388,0.7935018041491834,0.5558592041976388,0.6241798751492225,0.4798218920321952,0.4538378378378378,0.0054266301950057355,0.6744318502005946,0.18135733511141358,0.2523516505832384,0.005908419497784343,0.0,0.0031792614331132307,0.0037729069349622707,0.026558891454965358,0.00037093953685549255,0.004576659038901602,0.007936507936507936,0.0,0.21567555749890688,0.5054657179713555,0.21567555749890688,0.2005852531491703,0.12545618170418574,0.9478378378378378,0.02362569487337863,0.6496125082817976,0.1584494664726553,0.10664878644200933,0.0014771048744460858,0.008576329331046312,0.014673514306676448,0.03925619834710744,0.029693170570768722,0.01663928779608924,0.018020594965675058,0.021164021164021163,0.06818181818181818
UNSW-NB15,FGSM,4,20,1024,3,6.034743309020996,47.221664905548096,48.016567069912064,0.5801753874556673,0.7611657909462388,0.5801753874556673,0.6217124847446992,0.49347183010143175,0.44756756756756755,0.0073458042883614225,0.6916059289588496,0.18285140455579937,0.25014664339569564,0.007385524372230428,0.0,0.010760577158229395,0.007545813869924541,0.029858132629495215,0.00031794817444756504,0.002860411899313501,0.007936507936507936,0.0,0.10000971675654667,0.1671322842552792,0.10000971675654667,0.0999910672427296,-0.10298499974649548,0.8707297297297297,0.24669107914938676,0.4031635182120351,0.1054273526950393,0.034231783147347705,0.9010339734121122,0.8061749571183533,0.6659329909513328,0.351598993891484,0.4630484988452656,0.006835885750622648,0.13672768878718536,0.09523809523809523,0.36363636363636365
UNSW-NB15,RANDOM_LINF,4,20,1024,3,6.034743309020996,24.014464139938354,34.69125006072973,0.5801753874556673,0.7611657909462388,0.5801753874556673,0.6217124847446992,0.49347183010143175,0.44756756756756755,0.0073458042883614225,0.6916059289588496,0.18285140455579937,0.25014664339569564,0.007385524372230428,0.0,0.010760577158229395,0.007545813869924541,0.029858132629495215,0.00031794817444756504,0.002860411899313501,0.007936507936507936,0.0,0.23326288684837002,0.5109351963685919,0.23326288684837002,0.23407073622843655,0.12649368803255767,0.8807837837837837,0.052810376775787524,0.6484074144968176,0.15585278760876306,0.10367313183577449,0.008862629246676515,0.022298456260720412,0.030814380044020543,0.09962270930650377,0.07423292642692181,0.023316199459488103,0.06350114416475973,0.06084656084656084,0.11363636363636363
UNSW-NB15,RANDOM_L2,4,20,1024,3,6.034743309020996,22.759973764419556,38.355681873390665,0.5801753874556673,0.7611657909462388,0.5801753874556673,0.6217124847446992,0.49347183010143175,0.44756756756756755,0.0073458042883614225,0.6916059289588496,0.18285140455579937,0.25014664339569564,0.007385524372230428,0.0,0.010760577158229395,0.007545813869924541,0.029858132629495215,0.00031794817444756504,0.002860411899313501,0.007936507936507936,0.0,0.19661856872176067,0.48737448469125627,0.19661856872176067,0.17398282970522852,0.0972184056221206,0.9443783783783783,0.026669902055942822,0.6381437853916962,0.14593725172533217,0.08639054275452096,0.0029542097488921715,0.005145797598627788,0.018586451455123502,0.04877829680201222,0.03530188056746948,0.014148693762916645,0.02631578947368421,0.023809523809523808,0.06818181818181818
UNSW-NB15,FGSM,4,20,2048,2,5.94799542427063,59.91946792602539,46.297915755720744,0.5565272312102221,0.7679735752524941,0.5565272312102221,0.6080246491133887,0.4719145701863547,0.45575675675675675,0.0048089649695579285,0.6658880882895979,0.1812276605179867,0.23694131332474097,0.007385524372230428,0.0,0.003668378576669112,0.0029644268774703555,0.025239194985153413,0.00031794817444756504,0.0014302059496567505,0.0026455026455026454,0.0,0.09354807365301462,0.1209623954622292,0.09354807365301462,0.07947921538959714,-0.11148340828253699,0.9226756756756757,0.24194829259684109,0.4187046180997548,0.12086870819271109,0.04026319472445182,0.8670605612998523,0.7735849056603774,0.7031058938615798,0.39633489040603664,0.32250082481029363,0.007948704361189126,0.14302059496567507,0.08994708994708994,0.09090909090909091
UNSW-NB15,RANDOM_LINF,4,20,2048,2,5.94799542427063,22.68409013748169,34.07302142544819,0.5565272312102221,0.7679735752524941,0.5565272312102221,0.6080246491133887,0.4719145701863547,0.45575675675675675,0.0048089649695579285,0.6658880882895979,0.1812276605179867,0.23694131332474097,0.007385524372230428,0.0,0.003668378576669112,0.0029644268774703555,0.025239194985153413,0.00031794817444756504,0.0014302059496567505,0.0026455026455026454,0.0,0.21579701695574016,0.5535535295953754,0.21579701695574016,0.20578557233831882,0.12547038497637447,0.9261081081081081,0.023934527486102534,0.6417034592669693,0.1618889011744686,0.1011789467129525,0.004431314623338257,0.003430531732418525,0.010760577158229395,0.0321595400646784,0.025734081161332894,0.023263208097080174,0.020594965675057208,0.021164021164021163,0.06818181818181818
UNSW-NB15,RANDOM_L2,4,20,2048,2,5.94799542427063,22.20593762397766,37.00991109167761,0.5565272312102221,0.7679735752524941,0.5565272312102221,0.6080246491133887,0.4719145701863547,0.45575675675675675,0.0048089649695579285,0.6658880882895979,0.1812276605179867,0.23694131332474097,0.007385524372230428,0.0,0.003668378576669112,0.0029644268774703555,0.025239194985153413,0.00031794817444756504,0.0014302059496567505,0.0026455026455026454,0.0,0.18642812029344605,0.5249645266858296,0.18642812029344605,0.15747446115049696,0.09382119413909111,0.9626756756756757,0.013853348627900821,0.6362201628656547,0.1559604652650247,0.08418630011096104,0.0014771048744460858,0.0017152658662092624,0.005624847150892639,0.01751706791232483,0.011877268228307489,0.01610937417200996,0.007723112128146453,0.013227513227513227,0.0
UNSW-NB15,FGSM,4,20,2048,3,6.064391374588013,53.1704580783844,43.6610309478696,0.556345042024972,0.7804294027592004,0.556345042024972,0.6243735560229806,0.4817179503052669,0.4538648648648649,0.006066354892790965,0.6589571673208577,0.17490155770917293,0.2546198632997191,0.005908419497784343,0.0,0.008559550012227928,0.007006827164929932,0.023094688221709007,0.0004769222616713476,0.002288329519450801,0.0026455026455026454,0.0,0.11973473254627605,0.1492366260873829,0.11973473254627605,0.10097351619300578,-0.12319221913027345,0.8804594594594595,0.24565428394952793,0.5125930751441594,0.13602549649721082,0.04174289164266276,0.9453471196454948,0.8456260720411664,0.6896551724137931,0.3703736974487963,0.4039920818211811,0.006994859837846431,0.12585812356979406,0.07936507936507936,0.20454545454545456
UNSW-NB15,RANDOM_LINF,4,20,2048,3,6.064391374588013,22.611720323562622,32.823203614633435,0.556345042024972,0.7804294027592004,0.556345042024972,0.6243735560229806,0.4817179503052669,0.4538648648648649,0.006066354892790965,0.6589571673208577,0.17490155770917293,0.2546198632997191,0.005908419497784343,0.0,0.008559550012227928,0.007006827164929932,0.023094688221709007,0.0004769222616713476,0.002288329519450801,0.0026455026455026454,0.0,0.2281130058786377,0.545216610945122,0.2281130058786377,0.2367498203733559,0.12614991236980236,0.8757567567567568,0.043854231006794316,0.6355375638586575,0.1590142799410523,0.11045718806713847,0.005908419497784343,0.003430531732418525,0.0239667400342382,0.06036651095939633,0.04552952820851204,0.0412272799533676,0.04004576659038902,0.031746031746031744,0.13636363636363635
UNSW-NB15,RANDOM_L2,4,20,2048,3,6.064391374588013,21.73687243461609,36.364961375892726,0.556345042024972,0.7804294027592004,0.556345042024972,0.6243735560229806,0.4817179503052669,0.4538648648648649,0.006066354892790965,0.6589571673208577,0.17490155770917293,0.2546198632997191,0.005908419497784343,0.0,0.008559550012227928,0.007006827164929932,0.023094688221709007,0.0004769222616713476,0.002288329519450801,0.0026455026455026454,0.0,0.1926954282660448,0.5251358021417125,0.1926954282660448,0.18115787339704692,0.09493799939552705,0.9339189189189189,0.025522809494396895,0.6304955910435546,0.15308919060723272,0.09287191705147839,0.0014771048744460858,0.0017152658662092624,0.013450721447786746,0.03476464247215235,0.026723853513691852,0.025011923056541784,0.02030892448512586,0.018518518518518517,0.022727272727272728
UNSW-NB15,FGSM,8,5,1024,2,34.077696323394775,47.8743417263031,32.93130253121508,0.46716950881795655,0.7527613704286631,0.46716950881795655,0.5595551664196312,0.36844878319710844,0.40821621621621623,0.009551751522103592,0.6663758545886596,0.17051870079800863,0.2102446251560503,0.007385524372230428,0.0017152658662092624,0.006113964294448521,0.011588214157384117,0.03183767733421313,0.0037093953685549256,0.002002288329519451,0.007936507936507936,0.0,0.13785648350580576,0.1888505849740056,0.13785648350580576,0.09174971156564234,-0.1119738781856637,0.8997297297297298,0.22734492190946792,0.37645218546646886,0.1130978374912397,0.0344314556432615,0.9497784342688331,0.8593481989708405,0.6644656395206652,0.31135465325188644,0.41702408446057404,0.003762386730962853,0.1026887871853547,0.03968253968253968,0.13636363636363635
UNSW-NB15,RANDOM_LINF,8,5,1024,2,34.077696323394775,54.14932894706726,31.051110139435455,0.46716950881795655,0.7527613704286631,0.46716950881795655,0.5595551664196312,0.36844878319710844,0.40821621621621623,0.009551751522103592,0.6663758545886596,0.17051870079800863,0.2102446251560503,0.007385524372230428,0.0017152658662092624,0.006113964294448521,0.011588214157384117,0.03183767733421313,0.0037093953685549256,0.002002288329519451,0.007936507936507936,0.0,0.15665840742360201,0.25779986309084874,0.15665840742360201,0.08140693589186127,0.07216402227416821,1.0,0.0,0.6256440082632557,0.14982116056265118,0.0546545089004552,0.0,0.0,0.0,0.0,0.0,0.0,0.0,0.0,0.0
UNSW-NB15,RANDOM_L2,8,5,1024,2,34.077696323394775,51.4272620677948,31.519943642812027,0.46716950881795655,0.7527613704286631,0.46716950881795655,0.5595551664196312,0.36844878319710844,0.40821621621621623,0.009551751522103592,0.6663758545886596,0.17051870079800863,0.2102446251560503,0.007385524372230428,0.0017152658662092624,0.006113964294448521,0.011588214157384117,0.03183767733421313,0.0037093953685549256,0.002002288329519451,0.007936507936507936,0.0,0.15197007238983629,0.24396138447685686,0.15197007238983629,0.07628405840052618,0.05806102859185772,1.0,0.0,0.6221736837433735,0.1450369533481764,0.05209722866243519,0.0,0.0,0.0,0.0,0.0,0.0,0.0,0.0,0.0
UNSW-NB15,FGSM,8,5,1024,3,33.76383090019226,44.55844068527222,42.1925861147549,0.5570130690375553,0.7925617908746116,0.5570130690375553,0.6242301810525438,0.4787175411283528,0.43654054054054053,0.007676696373422748,0.668622049518476,0.17601699756219857,0.24770983361584892,0.007385524372230428,0.0,0.006358522866226461,0.005120373697448796,0.03233256351039261,0.0026495681203963753,0.002860411899313501,0.010582010582010581,0.0,0.1350872078900063,0.14110602245168108,0.1350872078900063,0.08503922983665411,-0.11287026665760069,0.9128378378378378,0.21708726727256683,0.3678255728978884,0.09831339457319027,0.03343507035211255,0.9394387001477105,0.8524871355060034,0.6554169723648814,0.28988501616960116,0.39409435829759154,0.003444438556515288,0.09467963386727689,0.0291005291005291,0.11363636363636363
UNSW-NB15,RANDOM_LINF,8,5,1024,3,33.76383090019226,55.3116180896759,40.60511101394355,0.5570130690375553,0.7925617908746116,0.5570130690375553,0.6242301810525438,0.4787175411283528,0.43654054054054053,0.007676696373422748,0.668622049518476,0.17601699756219857,0.24770983361584892,0.007385524372230428,0.0,0.006358522866226461,0.005120373697448796,0.03233256351039261,0.0026495681203963753,0.002860411899313501,0.010582010582010581,0.0,0.1509619588981198,0.2517944009716918,0.1509619588981198,0.06983268685375936,0.0600765684480435,1.0,0.0,0.6271833050453033,0.15442144668654798,0.0474268382778513,0.0,0.0,0.0,0.0,0.0,0.0,0.0,0.0,0.0
UNSW-NB15,RANDOM_L2,8,5,1024,3,33.76383090019226,53.75078892707825,41.093378030413454,0.5570130690375553,0.7925617908746116,0.5570130690375553,0.6242301810525438,0.4787175411283528,0.43654054054054053,0.007676696373422748,0.668622049518476,0.17601699756219857,0.24770983361584892,0.007385524372230428,0.0,0.006358522866226461,0.005120373697448796,0.03233256351039261,0.0026495681203963753,0.002860411899313501,0.010582010582010581,0.0,0.1460792887334208,0.2382332574727179,0.1460792887334208,0.06504166909659252,0.044569898581281145,1.0,0.0,0.6244562416895636,0.14903433604730187,0.04531500909942645,0.0,0.0,0.0,0.0,0.0,0.0,0.0,0.0,0.0
UNSW-NB15,FGSM,8,5,2048,2,37.71529960632324,48.70659565925598,42.529028810183156,0.5607418743623378,0.7664650310625108,0.5607418743623378,0.621064515667151,0.4758181334957447,0.42308108108108106,0.006904614841612988,0.6648416501480722,0.169984979124375,0.24239307232575857,0.007385524372230428,0.0,0.005380288579114698,0.005749191519942508,0.025899043220059387,0.0027555508452122303,0.003432494279176201,0.0026455026455026454,0.0,0.13545158626050624,0.13926306136291397,0.13545158626050624,0.08961438258525307,-0.11450514388742307,0.9036486486486487,0.22741110032648018,0.3660229632344465,0.09429993162818515,0.03445184503426439,0.9364844903988183,0.8456260720411664,0.6681340180973343,0.3140495867768595,0.4025074232926427,0.004557257167081765,0.11384439359267734,0.06349206349206349,0.13636363636363635
UNSW-NB15,RANDOM_LINF,8,5,2048,2,37.71529960632324,54.57277703285217,39.58120779283875,0.5607418743623378,0.7664650310625108,0.5607418743623378,0.621064515667151,0.4758181334957447,0.42308108108108106,0.006904614841612988,0.6648416501480722,0.169984979124375,0.24239307232575857,0.007385524372230428,0.0,0.005380288579114698,0.005749191519942508,0.025899043220059387,0.0027555508452122303,0.003432494279176201,0.0026455026455026454,0.0,0.16492979643395034,0.25307846764500125,0.16492979643395034,0.09624697206721028,0.08695583424311824,1.0,0.0,0.620724692108683,0.15105696103662689,0.058897323340510455,0.0,0.0,0.0,0.0,0.0,0.0,0.0,0.0,0.0
UNSW-NB15,RANDOM_L2,8,5,2048,2,37.71529960632324,54.74192690849304,40.3245396686586,0.5607418743623378,0.7664650310625108,0.5607418743623378,0.621064515667151,0.4758181334957447,0.42308108108108106,0.006904614841612988,0.6648416501480722,0.169984979124375,0.24239307232575857,0.007385524372230428,0.0,0.005380288579114698,0.005749191519942508,0.025899043220059387,0.0027555508452122303,0.003432494279176201,0.0026455026455026454,0.0,0.15749647767575184,0.24759366988127202,0.15749647767575184,0.08628701299038725,0.06835091008059808,1.0,0.0,0.6228982994136238,0.14693676496566327,0.055633062478326264,0.0,0.0,0.0,0.0,0.0,0.0,0.0,0.0,0.0
UNSW-NB15,FGSM,8,5,2048,3,37.38275408744812,46.95638966560364,44.04241364232618,0.5736044308409852,0.761592261163731,0.5736044308409852,0.6271676074004844,0.4848846209259335,0.40443243243243243,0.00926497838171711,0.6725454470387197,0.1725486966008549,0.2458272962687877,0.007385524372230428,0.0,0.010760577158229395,0.008893280632411068,0.03348729792147806,0.002914524932436013,0.002860411899313501,0.010582010582010581,0.0,0.13318029441772336,0.37388057827005083,0.13318029441772336,0.09137292719949856,-0.12057308842507394,0.8997297297297298,0.23142592429189093,0.3816942743773552,0.13238326282374488,0.03493192463651513,0.9423929098966026,0.8456260720411664,0.6771826852531181,0.3305785123966942,0.4018475750577367,0.0047692226167134755,0.10297482837528604,0.05026455026455026,0.13636363636363635
UNSW-NB15,RANDOM_LINF,8,5,2048,3,37.38275408744812,55.23721098899841,40.67434290433852,0.5736044308409852,0.761592261163731,0.5736044308409852,0.6271676074004844,0.4848846209259335,0.40443243243243243,0.00926497838171711,0.6725454470387197,0.1725486966008549,0.2458272962687877,0.007385524372230428,0.0,0.010760577158229395,0.008893280632411068,0.03348729792147806,0.002914524932436013,0.002860411899313501,0.010582010582010581,0.0,0.16686100179759997,0.2538610916799786,0.16686100179759997,0.09786872276748511,0.0952108491105019,1.0,0.0,0.618619384786189,0.15226686498593722,0.059071858886847003,0.0,0.0,0.0,0.0,0.0,0.0,0.0,0.0,0.0
UNSW-NB15,RANDOM_L2,8,5,2048,3,37.38275408744812,53.98066329956055,41.468687752028366,0.5736044308409852,0.761592261163731,0.5736044308409852,0.6271676074004844,0.4848846209259335,0.40443243243243243,0.00926497838171711,0.6725454470387197,0.1725486966008549,0.2458272962687877,0.007385524372230428,0.0,0.010760577158229395,0.008893280632411068,0.03348729792147806,0.002914524932436013,0.002860411899313501,0.010582010582010581,0.0,0.15891755332070154,0.24329920353509257,0.15891755332070154,0.08789188862284834,0.07270303655933233,1.0,0.0,0.6195238773429423,0.1485059595216392,0.05571164141288617,0.0,0.0,0.0,0.0,0.0,0.0,0.0,0.0,0.0
UNSW-NB15,FGSM,8,10,1024,2,18.717347383499146,28.011632204055786,44.5088179565661,0.5781348685808677,0.7636021230402746,0.5781348685808677,0.6335943774191453,0.4916417037115049,0.40654054054054056,0.010742963028324363,0.6681441053984629,0.16769463062277867,0.25014024014499825,0.007385524372230428,0.0,0.00880410858400587,0.013384836507366151,0.036291652919828436,0.002808542207620158,0.005148741418764302,0.015873015873015872,0.0,0.13304668901520672,0.13974955534348824,0.13304668901520672,0.08871345761330002,-0.08922855666232708,0.9143243243243243,0.20888114356304596,0.35149749911698375,0.08384176783804509,0.03888462754471072,0.8641063515509602,0.7735849056603774,0.6204450966006358,0.2877290693496227,0.3756186077202244,0.004080334905410418,0.08981693363844394,0.05291005291005291,0.11363636363636363
UNSW-NB15,RANDOM_LINF,8,10,1024,2,18.717347383499146,33.09814977645874,41.540348831560024,0.5781348685808677,0.7636021230402746,0.5781348685808677,0.6335943774191453,0.4916417037115049,0.40654054054054056,0.010742963028324363,0.6681441053984629,0.16769463062277867,0.25014024014499825,0.007385524372230428,0.0,0.00880410858400587,0.013384836507366151,0.036291652919828436,0.002808542207620158,0.005148741418764302,0.015873015873015872,0.0,0.16273138026526746,0.7018975095313391,0.16273138026526746,0.09650336716391736,0.07685915543035551,0.9998378378378379,0.0,0.6416169522104231,0.15295010151617805,0.0634768510681917,0.0,0.0,0.0,0.0,0.0,0.0,0.0,0.0,0.0
UNSW-NB15,RANDOM_L2,8,10,1024,2,18.717347383499146,32.01187205314636,42.1707234125249,0.5781348685808677,0.7636021230402746,0.5781348685808677,0.6335943774191453,0.4916417037115049,0.40654054054054056,0.010742963028324363,0.6681441053984629,0.16769463062277867,0.25014024014499825,0.007385524372230428,0.0,0.00880410858400587,0.013384836507366151,0.036291652919828436,0.002808542207620158,0.005148741418764302,0.015873015873015872,0.0,0.15642763445561872,0.6816127241819734,0.15642763445561872,0.08824710497147188,0.06330268126329708,0.9999729729729729,0.0,0.643934264543869,0.1463554142298512,0.06008175062615799,0.0,0.0,0.0,0.0,0.0,0.0,0.0,0.0,0.0
UNSW-NB15,FGSM,8,10,1024,3,18.72540831565857,38.594844818115234,44.75173687023272,0.5791672739639508,0.7801204830469298,0.5791672739639508,0.6417276992834496,0.4993966882958511,0.41035135135135137,0.007478161122385953,0.6632744923076398,0.17100695385889375,0.26284649672235816,0.0206794682422452,0.0,0.0119833700171191,0.007186489399928135,0.030517980864401186,0.00010598272481585502,0.002002288329519451,0.005291005291005291,0.0,0.13164990526162368,0.14193291864312998,0.13164990526162368,0.09354628712260393,-0.12222810331621009,0.8947297297297298,0.2392129180270008,0.38003598547177425,0.09423618091931234,0.0358788125529927,0.946824224519941,0.8473413379073756,0.6930789924186843,0.3464786201940352,0.4071263609369845,0.0049281967039372584,0.12185354691075514,0.06613756613756613,0.13636363636363635
UNSW-NB15,RANDOM_LINF,8,10,1024,3,18.72540831565857,32.616413593292236,40.54923966380022,0.5791672739639508,0.7801204830469298,0.5791672739639508,0.6417276992834496,0.4993966882958511,0.41035135135135137,0.007478161122385953,0.6632744923076398,0.17100695385889375,0.26284649672235816,0.0206794682422452,0.0,0.0119833700171191,0.007186489399928135,0.030517980864401186,0.00010598272481585502,0.002002288329519451,0.005291005291005291,0.0,0.1736748773259486,0.7031043317886885,0.1736748773259486,0.10921764809102469,0.10358984641201736,0.9999189189189189,0.0,0.6399259858949333,0.15020340274258098,0.06708489398518812,0.0,0.0,0.0,0.0,0.0,0.0,0.0,0.0,0.0
UNSW-NB15,RANDOM_L2,8,10,1024,3,18.72540831565857,31.9973623752594,41.288927755915076,0.5791672739639508,0.7801204830469298,0.5791672739639508,0.6417276992834496,0.4993966882958511,0.41035135135135137,0.007478161122385953,0.6632744923076398,0.17100695385889375,0.26284649672235816,0.0206794682422452,0.0,0.0119833700171191,0.007186489399928135,0.030517980864401186,0.00010598272481585502,0.002002288329519451,0.005291005291005291,0.0,0.16627799640480007,0.6886058898872145,0.16627799640480007,0.1017478419939577,0.08354047301208528,0.9999189189189189,0.0,0.639578247928766,0.14745433886834913,0.06455364969225416,0.0,0.0,0.0,0.0,0.0,0.0,0.0,0.0,0.0
UNSW-NB15,FGSM,8,10,2048,2,18.21519923210144,26.875248908996582,44.50031579458776,0.5808677063596172,0.7752360725751885,0.5808677063596172,0.6410005921703865,0.495167228838129,0.3970810810810811,0.009242918909379687,0.6689967735688184,0.17847132898339627,0.2556272584169923,0.013293943870014771,0.003430531732418525,0.006603081438004402,0.007635644987423643,0.0417354008578027,0.0012717926977902601,0.0037185354691075517,0.015873015873015872,0.0,0.1358645484137395,0.14626901185803218,0.1358645484137395,0.09033955530843879,-0.1054393858618804,0.9051891891891892,0.22077119915291626,0.38575203118321677,0.09769469971275321,0.03573997872207092,0.9335302806499262,0.8353344768439108,0.644656395206652,0.307402084081926,0.3992081821181128,0.003550421281331143,0.09267734553775744,0.03968253968253968,0.11363636363636363
UNSW-NB15,RANDOM_LINF,8,10,2048,2,18.21519923210144,30.79197096824646,40.44842831462858,0.5808677063596172,0.7752360725751885,0.5808677063596172,0.6410005921703865,0.495167228838129,0.3970810810810811,0.009242918909379687,0.6689967735688184,0.17847132898339627,0.2556272584169923,0.013293943870014771,0.003430531732418525,0.006603081438004402,0.007635644987423643,0.0417354008578027,0.0012717926977902601,0.0037185354691075517,0.015873015873015872,0.0,0.1763834232133314,0.7033165276791103,0.1763834232133314,0.11362699899244312,0.10827566448560746,0.9999729729729729,0.0,0.6414432306702628,0.1661496249540187,0.06755566651379644,0.0,0.0,0.0,0.0,0.0,0.0,0.0,0.0,0.0
UNSW-NB15,RANDOM_L2,8,10,2048,2,18.21519923210144,29.215673446655273,41.329009376670065,0.5808677063596172,0.7752360725751885,0.5808677063596172,0.6410005921703865,0.495167228838129,0.3970810810810811,0.009242918909379687,0.6689967735688184,0.17847132898339627,0.2556272584169923,0.013293943870014771,0.003430531732418525,0.006603081438004402,0.007635644987423643,0.0417354008578027,0.0012717926977902601,0.0037185354691075517,0.015873015873015872,0.0,0.16757761259291648,0.2478163615338461,0.16757761259291648,0.10254583589422313,0.08936805002685641,1.0,0.0,0.6380563895582835,0.15984939287094052,0.0636239676218849,0.0,0.0,0.0,0.0,0.0,0.0,0.0,0.0,0.0
UNSW-NB15,FGSM,8,10,2048,3,18.176284551620483,42.40790033340454,35.772239226546176,0.49362337851625127,0.7617814428407145,0.49362337851625127,0.5804143988435266,0.3960442025826707,0.40383783783783783,0.009639989411453278,0.6708631124563975,0.17893373160977386,0.22579237380920833,0.0206794682422452,0.0,0.010271460014673514,0.010959396334890407,0.034147146156384034,0.0013777754226061152,0.005720823798627002,0.015873015873015872,0.0,0.13590098625078947,0.15159632317186017,0.13590098625078947,0.09237021167205622,-0.11142164062016391,0.9024054054054054,0.22655078090532074,0.35780553442527596,0.08519527207660443,0.03760087461765075,0.9423929098966026,0.8421955403087479,0.6664221080948888,0.32258354293927416,0.3912900032992412,0.004292300355042128,0.09925629290617849,0.05026455026455026,0.13636363636363635
UNSW-NB15,RANDOM_LINF,8,10,2048,3,18.176284551620483,33.79722046852112,33.58111062527328,0.49362337851625127,0.7617814428407145,0.49362337851625127,0.5804143988435266,0.3960442025826707,0.40383783783783783,0.009639989411453278,0.6708631124563975,0.17893373160977386,0.22579237380920833,0.0206794682422452,0.0,0.010271460014673514,0.010959396334890407,0.034147146156384034,0.0013777754226061152,0.005720823798627002,0.015873015873015872,0.0,0.15781227226351843,0.7049648285819449,0.15781227226351843,0.08796536470220959,0.06964955615791622,0.9998378378378379,0.0,0.6441431042900296,0.15983506887635987,0.058689784865578964,0.0,0.0,0.0,0.0,0.0,0.0,0.0,0.0,0.0
UNSW-NB15,RANDOM_L2,8,10,2048,3,18.176284551620483,31.84579372406006,34.347519797891465,0.49362337851625127,0.7617814428407145,0.49362337851625127,0.5804143988435266,0.3960442025826707,0.40383783783783783,0.009639989411453278,0.6708631124563975,0.17893373160977386,0.22579237380920833,0.0206794682422452,0.0,0.010271460014673514,0.010959396334890407,0.034147146156384034,0.0013777754226061152,0.005720823798627002,0.015873015873015872,0.0,0.15014818053733664,0.6960687794189923,0.15014818053733664,0.07689434735346534,0.052068927975016395,0.999945945945946,0.0,0.643204756738313,0.15433910435557807,0.05320461429022148,0.0,0.0,0.0,0.0,0.0,0.0,0.0,0.0,0.0
UNSW-NB15,FGSM,8,15,1024,2,12.805622100830078,39.218830585479736,45.44284117961425,0.5844507603361998,0.7800178227733672,0.5844507603361998,0.6439087689830708,0.5063044704568774,0.40854054054054056,0.008404658960557664,0.688775363887966,0.19390037620267042,0.25782788666589357,0.028064992614475627,0.003430531732418525,0.003912937148447053,0.010330578512396695,0.034147146156384034,0.0004769222616713476,0.002574370709382151,0.010582010582010581,0.0,0.13002234854005734,0.16296278443285206,0.13002234854005734,0.10294206979348276,-0.1074278362402603,0.8834324324324324,0.23656578134651018,0.3619750126421433,0.0887496601957078,0.04532971553238344,0.8892171344165436,0.79073756432247,0.673514306676449,0.3464786201940352,0.4237875288683603,0.004610248529489693,0.10497711670480549,0.047619047619047616,0.20454545454545456
UNSW-NB15,RANDOM_LINF,8,15,1024,2,12.805622100830078,21.80659031867981,41.62537045134334,0.5844507603361998,0.7800178227733672,0.5844507603361998,0.6439087689830708,0.5063044704568774,0.40854054054054056,0.008404658960557664,0.688775363887966,0.19390037620267042,0.25782788666589357,0.028064992614475627,0.003430531732418525,0.003912937148447053,0.010330578512396695,0.034147146156384034,0.0004769222616713476,0.002574370709382151,0.010582010582010581,0.0,0.16819705582276637,0.6144883397150063,0.16819705582276637,0.11115512357302748,0.08148303327756656,0.9984324324324324,0.00033089208506132534,0.6609226802364517,0.16769334390564425,0.07117066367906642,0.0,0.0,0.0,0.0009881422924901185,0.0003299241174529858,5.299136240792751e-05,0.0002860411899313501,0.0,0.0
UNSW-NB15,RANDOM_L2,8,15,1024,2,12.805622100830078,21.888887643814087,42.31283097701988,0.5844507603361998,0.7800178227733672,0.5844507603361998,0.6439087689830708,0.5063044704568774,0.40854054054054056,0.008404658960557664,0.688775363887966,0.19390037620267042,0.25782788666589357,0.028064992614475627,0.003430531732418525,0.003912937148447053,0.010330578512396695,0.034147146156384034,0.0004769222616713476,0.002574370709382151,0.010582010582010581,0.0,0.16132245056600106,0.5985866228416707,0.16132245056600106,0.10248815102570638,0.06985051830233321,0.9985945945945945,0.00033089208506132534,0.6566187109226883,0.16231123979165246,0.06720670715029212,0.0,0.0,0.0,0.0008084800574919152,0.0004948861761794787,0.00015897408722378252,0.0,0.0,0.0
UNSW-NB15,FGSM,8,15,1024,3,13.153834342956543,102.152423620224,49.738862167808385,0.6007870572802798,0.7677496722706998,0.6007870572802798,0.6513521600946275,0.515164228525112,0.39237837837837836,0.017140210006176652,0.6645001037372277,0.17193841779847757,0.2641613859596143,0.014771048744460856,0.012006861063464836,0.010760577158229395,0.03269852676967301,0.04816892114813593,0.0018017063218695353,0.005720823798627002,0.015873015873015872,0.0,0.10339843560219598,0.13552762944710078,0.10339843560219598,0.0853558702231106,-0.13041032648004142,0.9045945945945946,0.22412423894820435,0.3937204111506408,0.1277640278875673,0.035508816794156704,0.9113737075332349,0.8336192109777015,0.6757153338224505,0.3085698886094143,0.3833718244803695,0.004186317630226273,0.12242562929061784,0.06084656084656084,0.11363636363636363
UNSW-NB15,RANDOM_LINF,8,15,1024,3,13.153834342956543,27.105868101119995,44.727444978866046,0.6007870572802798,0.7677496722706998,0.6007870572802798,0.6513521600946275,0.515164228525112,0.39237837837837836,0.017140210006176652,0.6645001037372277,0.17193841779847757,0.2641613859596143,0.014771048744460856,0.012006861063464836,0.010760577158229395,0.03269852676967301,0.04816892114813593,0.0018017063218695353,0.005720823798627002,0.015873015873015872,0.0,0.1535126074916193,0.6165041145432992,0.1535126074916193,0.10703555756466566,0.07034764266783547,0.9981351351351352,0.00037501102973616873,0.6434167074424428,0.1584261531637888,0.07076582199379576,0.0014771048744460858,0.0,0.0,0.0004491555874955084,0.0003299241174529858,0.0004769222616713476,0.0,0.0,0.0
UNSW-NB15,RANDOM_L2,8,15,1024,3,13.153834342956543,26.810241222381592,45.318952533644264,0.6007870572802798,0.7677496722706998,0.6007870572802798,0.6513521600946275,0.515164228525112,0.39237837837837836,0.017140210006176652,0.6645001037372277,0.17193841779847757,0.2641613859596143,0.014771048744460856,0.012006861063464836,0.010760577158229395,0.03269852676967301,0.04816892114813593,0.0018017063218695353,0.005720823798627002,0.015873015873015872,0.0,0.14759753194383715,0.5131653757862418,0.14759753194383715,0.09756363725322834,0.05826680882937651,0.9991351351351352,0.00046324891908585547,0.636689043679657,0.15554029424847948,0.06631642493333645,0.0,0.0,0.0,0.0007186489399928135,0.0,0.0005829049864872026,0.0005720823798627002,0.0,0.0
UNSW-NB15,FGSM,8,15,2048,2,13.005172967910767,44.825745582580566,47.06918330661226,0.5843171549336832,0.7649438298258858,0.5843171549336832,0.6353237376848863,0.4953745925904703,0.40483783783783783,0.006573722756551663,0.6848993340657965,0.17669748123297424,0.2557947939576172,0.007385524372230428,0.0017152658662092624,0.004891171435558816,0.009162773984908373,0.02391949851534147,0.0006358963488951301,0.002574370709382151,0.010582010582010581,0.0,0.11362532186756061,0.13225805877055336,0.11362532186756061,0.08829887045657471,-0.1178725879156519,0.903054054054054,0.23027883173034502,0.3825335654827613,0.1229173346204302,0.03668818418508657,0.9527326440177253,0.8627787307032591,0.6749816581071166,0.3199784405318002,0.41141537446387333,0.0047692226167134755,0.10469107551487414,0.031746031746031744,0.1590909090909091
UNSW-NB15,RANDOM_LINF,8,15,2048,2,13.005172967910767,26.71458077430725,41.55856775008503,0.5843171549336832,0.7649438298258858,0.5843171549336832,0.6353237376848863,0.4953745925904703,0.40483783783783783,0.006573722756551663,0.6848993340657965,0.17669748123297424,0.2557947939576172,0.007385524372230428,0.0017152658662092624,0.004891171435558816,0.009162773984908373,0.02391949851534147,0.0006358963488951301,0.002574370709382151,0.010582010582010581,0.0,0.16873147743283293,0.6346424292943813,0.16873147743283293,0.10531342554697591,0.08610659062833409,0.9980810810810811,0.0001985352510367952,0.6478841160996023,0.15776456667920233,0.06692008107097028,0.0,0.0,0.0,8.983111749910169e-05,0.0,0.00042393089926342006,0.0,0.0,0.0
UNSW-NB15,RANDOM_L2,8,15,2048,2,13.005172967910767,26.711585521697998,42.10999368410825,0.5843171549336832,0.7649438298258858,0.5843171549336832,0.6353237376848863,0.4953745925904703,0.40483783783783783,0.006573722756551663,0.6848993340657965,0.17669748123297424,0.2557947939576172,0.007385524372230428,0.0017152658662092624,0.004891171435558816,0.009162773984908373,0.02391949851534147,0.0006358963488951301,0.002574370709382151,0.010582010582010581,0.0,0.1632172180926007,0.5661918268388527,0.1632172180926007,0.09834246568468226,0.07431529705427556,0.9986216216216216,0.000352951557398747,0.6485265480699403,0.15219502234422982,0.06501642361827359,0.0,0.0,0.00024455857177794083,0.00026949335249730504,0.0,0.0006358963488951301,0.0,0.0,0.0
UNSW-NB15,FGSM,8,15,2048,3,13.222348690032959,67.21972036361694,45.591021716950884,0.588313171063499,0.7657472359737102,0.588313171063499,0.6402803825166906,0.4990978883799482,0.40375675675675676,0.010787081972999206,0.653593109587275,0.18749477016474586,0.25869822329443054,0.007385524372230428,0.0,0.004891171435558816,0.02218828602227812,0.031012867040580667,0.0006888877113030576,0.003432494279176201,0.010582010582010581,0.0,0.13240295389399018,0.32835287760517257,0.13240295389399018,0.1072388089244694,-0.06666371927108779,0.9081351351351351,0.2256022235948116,0.3858518055143493,0.09803863640333318,0.04823239430204902,0.9084194977843427,0.8044596912521441,0.6715578381022255,0.3311174991016888,0.36605080831408776,0.0049811880663451855,0.10869565217391304,0.03439153439153439,0.11363636363636363
UNSW-NB15,RANDOM_LINF,8,15,2048,3,13.222348690032959,25.82516312599182,42.01161152407327,0.588313171063499,0.7657472359737102,0.588313171063499,0.6402803825166906,0.4990978883799482,0.40375675675675676,0.010787081972999206,0.653593109587275,0.18749477016474586,0.25869822329443054,0.007385524372230428,0.0,0.004891171435558816,0.02218828602227812,0.031012867040580667,0.0006888877113030576,0.003432494279176201,0.010582010582010581,0.0,0.16819705582276637,0.7090417980260367,0.16819705582276637,0.1117712786222009,0.08494968769989164,0.9995945945945945,0.0,0.6438060226753283,0.16621530987909114,0.0716402960655899,0.0,0.0,0.0,0.0,0.0,0.0,0.0,0.0,0.0
UNSW-NB15,RANDOM_L2,8,15,2048,3,13.222348690032959,25.812062978744507,42.939561774279746,0.588313171063499,0.7657472359737102,0.588313171063499,0.6402803825166906,0.4990978883799482,0.40375675675675676,0.010787081972999206,0.653593109587275,0.18749477016474586,0.25869822329443054,0.007385524372230428,0.0,0.004891171435558816,0.02218828602227812,0.031012867040580667,0.0006888877113030576,0.003432494279176201,0.010582010582010581,0.0,0.15891755332070154,0.646770439179782,0.15891755332070154,0.10135331954198529,0.06867234577544369,0.9998108108108108,2.2059472337421688e-05,0.6493607673336987,0.15985096145369831,0.0664391935850697,0.0,0.0,0.0,0.0,0.0,5.299136240792751e-05,0.0,0.0,0.0
UNSW-NB15,FGSM,8,20,1024,2,10.259527206420898,61.2150502204895,48.07000923091873,0.6009328086284799,0.7706372620848269,0.6009328086284799,0.6516105138449758,0.5175671857338906,0.3925135135135135,0.017162269478514073,0.6831805937411297,0.1769128029584113,0.26432082436084536,0.014771048744460856,0.00686106346483705,0.011005135730007337,0.027308659719726913,0.05625206202573408,0.0021196544963171,0.007437070938215103,0.021164021164021163,0.0,0.12023271631929262,0.18832011991227462,0.12023271631929262,0.11616934871276317,-0.08225744560818911,0.8468648648648649,0.26431659754698666,0.4479967103138843,0.13406535877890344,0.04079006459696595,0.9675036927621861,0.8816466552315609,0.7297627781853754,0.39624505928853754,0.46585285384361597,0.006835885750622648,0.12271167048054919,0.06613756613756613,0.25
UNSW-NB15,RANDOM_LINF,8,20,1024,2,10.259527206420898,25.986087560653687,42.29461205849488,0.6009328086284799,0.7706372620848269,0.6009328086284799,0.6516105138449758,0.5175671857338906,0.3925135135135135,0.017162269478514073,0.6831805937411297,0.1769128029584113,0.26432082436084536,0.014771048744460856,0.00686106346483705,0.011005135730007337,0.027308659719726913,0.05625206202573408,0.0021196544963171,0.007437070938215103,0.021164021164021163,0.0,0.17798668804353107,0.622195547973768,0.17798668804353107,0.13966426774725238,0.09705526036477763,0.9931081081081081,0.0011691520338833496,0.6577608212874646,0.1664268128564366,0.08469627334292008,0.0,0.0,0.0009782342871117633,0.0018864534674811354,0.0008248102936324645,0.0008478617985268401,0.002002288329519451,0.0,0.0
UNSW-NB15,RANDOM_L2,8,20,1024,2,10.259527206420898,26.489004373550415,43.80799689063791,0.6009328086284799,0.7706372620848269,0.6009328086284799,0.6516105138449758,0.5175671857338906,0.3925135135135135,0.017162269478514073,0.6831805937411297,0.1769128029584113,0.26432082436084536,0.014771048744460856,0.00686106346483705,0.011005135730007337,0.027308659719726913,0.05625206202573408,0.0021196544963171,0.007437070938215103,0.021164021164021163,0.0,0.16285283972210077,0.5636269449687037,0.16285283972210077,0.11972573600360506,0.07478249574232221,0.9944864864864865,0.0018088767316685784,0.6512822688357082,0.1610601543642737,0.07508889454369935,0.0,0.0017152658662092624,0.001467351430667645,0.0032339202299676607,0.001979544704717915,0.0013247840601981877,0.0005720823798627002,0.0,0.0
UNSW-NB15,FGSM,8,20,1024,3,10.391246795654297,71.45732998847961,46.01248603216247,0.5907545061458486,0.7599112335786781,0.5907545061458486,0.6414948273156552,0.5015205230215509,0.3996756756756757,0.009639989411453278,0.6730939014165012,0.1795122839247591,0.2552584626605941,0.025110782865583457,0.0017152658662092624,0.006358522866226461,0.010869565217391304,0.03942593203563181,0.0008478617985268401,0.004004576659038902,0.007936507936507936,0.0,0.13062964582422387,0.1589527754797593,0.13062964582422387,0.10427710807619424,-0.11255481846907413,0.8800270270270271,0.2498014647489632,0.37774604440418763,0.09088950782657176,0.04261094147299616,0.9675036927621861,0.8747855917667239,0.7082416238689166,0.34908372260150916,0.44539755856153085,0.006094006676911664,0.14988558352402745,0.08465608465608465,0.13636363636363635
UNSW-NB15,RANDOM_LINF,8,20,1024,3,10.391246795654297,23.807101488113403,41.34358451149007,0.5907545061458486,0.7599112335786781,0.5907545061458486,0.6414948273156552,0.5015205230215509,0.3996756756756757,0.009639989411453278,0.6730939014165012,0.1795122839247591,0.2552584626605941,0.025110782865583457,0.0017152658662092624,0.006358522866226461,0.010869565217391304,0.03942593203563181,0.0008478617985268401,0.004004576659038902,0.007936507936507936,0.0,0.17731866103094787,0.6067915943599321,0.17731866103094787,0.12787225542255254,0.09340299793956515,0.9856756756756757,0.0026471366804906027,0.6657270086590656,0.16240469300208085,0.07683429495946813,0.0029542097488921715,0.0017152658662092624,0.0022010271460014674,0.006018684872439813,0.0026393929396238865,0.0007948704361189126,0.002860411899313501,0.0,0.0
UNSW-NB15,RANDOM_L2,8,20,1024,3,10.391246795654297,24.519539833068848,42.43671962298985,0.5907545061458486,0.7599112335786781,0.5907545061458486,0.6414948273156552,0.5015205230215509,0.3996756756756757,0.009639989411453278,0.6730939014165012,0.1795122839247591,0.2552584626605941,0.025110782865583457,0.0017152658662092624,0.006358522866226461,0.010869565217391304,0.03942593203563181,0.0008478617985268401,0.004004576659038902,0.007936507936507936,0.0,0.16638730991595005,0.5411923798575631,0.16638730991595005,0.11336174378250943,0.07469069093069189,0.9885945945945946,0.003750110297361687,0.6555925055631178,0.15431897232982744,0.07151297594807803,0.0014771048744460858,0.0,0.002690144289557349,0.008264462809917356,0.00395908940943583,0.0014307667850140427,0.0037185354691075517,0.005291005291005291,0.0
UNSW-NB15,FGSM,8,20,2048,2,10.564297199249268,93.56024312973022,46.79347033960064,0.5867827819073993,0.7682464919805978,0.5867827819073993,0.6433715351141038,0.4999521411956456,0.40124324324324323,0.012309185564281303,0.6787834873398019,0.18686638055122656,0.2599027037002552,0.014771048744460856,0.005145797598627788,0.004891171435558816,0.021649299317283505,0.042725173210161664,0.000529913624079275,0.003146453089244851,0.007936507936507936,0.022727272727272728,0.1188480785113929,0.18386369156091123,0.1188480785113929,0.09117607681253022,-0.08378884322417678,0.9174324324324324,0.12165798994088062,0.42828993067461124,0.12502607015580963,0.04105369499519808,0.4667651403249631,0.3687821612349914,0.2863780875519687,0.17804527488321956,0.23919498515341472,0.0025435853955805203,0.08667048054919908,0.05555555555555555,0.20454545454545456
UNSW-NB15,RANDOM_LINF,8,20,2048,2,10.564297199249268,23.857576847076416,40.30389156099694,0.5867827819073993,0.7682464919805978,0.5867827819073993,0.6433715351141038,0.4999521411956456,0.40124324324324323,0.012309185564281303,0.6787834873398019,0.18686638055122656,0.2599027037002552,0.014771048744460856,0.005145797598627788,0.004891171435558816,0.021649299317283505,0.042725173210161664,0.000529913624079275,0.003146453089244851,0.007936507936507936,0.022727272727272728,0.18374386629742992,0.6554881529708789,0.18374386629742992,0.1357158374668586,0.10548953016838987,0.9944864864864865,0.0005073678637606988,0.6578952381224379,0.16651231557318696,0.081661559926795,0.0,0.0,0.0,0.0008084800574919152,0.0,0.0006358963488951301,0.0005720823798627002,0.0,0.0
UNSW-NB15,RANDOM_L2,8,20,2048,2,10.564297199249268,24.298306941986084,41.60350774911335,0.5867827819073993,0.7682464919805978,0.5867827819073993,0.6433715351141038,0.4999521411956456,0.40124324324324323,0.012309185564281303,0.6787834873398019,0.18686638055122656,0.2599027037002552,0.014771048744460856,0.005145797598627788,0.004891171435558816,0.021649299317283505,0.042725173210161664,0.000529913624079275,0.003146453089244851,0.007936507936507936,0.022727272727272728,0.17074770441626586,0.6002278823950676,0.17074770441626586,0.11877921924542448,0.08367927879066803,0.9958108108108108,0.0008823788934968676,0.6497112220404334,0.16010477408086923,0.07409528185514466,0.0,0.0,0.0007336757153338225,0.0015271289974847287,0.0004948861761794787,0.0009008531609347676,0.0,0.0,0.0
UNSW-NB15,FGSM,8,20,2048,3,10.344348907470703,80.42734217643738,45.69912063353252,0.5846086576300831,0.7717923288001521,0.5846086576300831,0.6467032488242461,0.5063391836122285,0.3979189189189189,0.01058854672196241,0.6880593531056123,0.19342910616244285,0.27486631391869476,0.019202363367799114,0.0017152658662092624,0.007581315725116165,0.011318720804886813,0.042725173210161664,0.000529913624079275,0.009153318077803204,0.021164021164021163,0.0,0.12761745129475782,0.29200362566225013,0.12761745129475782,0.09088739801676161,-0.0859872475018678,0.9114594594594595,0.2053516279890585,0.3324989563658544,0.07574505645705472,0.0390187921240484,0.8242245199409158,0.7272727272727273,0.6358522866226461,0.29500538986704994,0.33932695480039593,0.003232473106883578,0.08895881006864989,0.026455026455026454,0.09090909090909091
UNSW-NB15,RANDOM_LINF,8,20,2048,3,10.344348907470703,22.61711597442627,40.29781858815527,0.5846086576300831,0.7717923288001521,0.5846086576300831,0.6467032488242461,0.5063391836122285,0.3979189189189189,0.01058854672196241,0.6880593531056123,0.19342910616244285,0.27486631391869476,0.019202363367799114,0.0017152658662092624,0.007581315725116165,0.011318720804886813,0.042725173210161664,0.000529913624079275,0.009153318077803204,0.021164021164021163,0.0,0.18163047174853034,0.6282721085122683,0.18163047174853034,0.13224024742268858,0.09954284470092387,0.9917027027027027,0.0011691520338833496,0.667382722030306,0.1689961523084385,0.08180390590474858,0.0,0.0,0.0004891171435558817,0.001706791232482932,0.0008248102936324645,0.0013777754226061152,0.0002860411899313501,0.0,0.0
UNSW-NB15,RANDOM_L2,8,20,2048,3,10.344348907470703,23.693717002868652,41.25127532429675,0.5846086576300831,0.7717923288001521,0.5846086576300831,0.6467032488242461,0.5063391836122285,0.3979189189189189,0.01058854672196241,0.6880593531056123,0.19342910616244285,0.27486631391869476,0.019202363367799114,0.0017152658662092624,0.007581315725116165,0.011318720804886813,0.042725173210161664,0.000529913624079275,0.009153318077803204,0.021164021164021163,0.0,0.17209590438711558,0.5883939994063138,0.17209590438711558,0.11951848358409127,0.08455528995362012,0.9938108108108108,0.0013676872849201448,0.6648623502267147,0.1631598928348022,0.07500092250595233,0.0,0.0,0.0009782342871117633,0.0022457779374775422,0.0006598482349059716,0.0012717926977902601,0.0011441647597254005,0.0,0.022727272727272728
UNSW-NB15,FGSM,10,5,1024,2,41.47186541557312,54.53593826293945,42.82174610115143,0.5657095661468202,0.7696888192269647,0.5657095661468202,0.6275178611861395,0.48481708908106824,0.4213513513513514,0.00952969204976617,0.6688152529568966,0.1691555431560207,0.2507935517031425,0.0206794682422452,0.0,0.008559550012227928,0.013744160977362559,0.020125371164632134,0.0049281967039372584,0.002860411899313501,0.010582010582010581,0.022727272727272728,0.13749210513530583,0.13558745474200612,0.13749210513530583,0.08870683548780285,-0.10678064258907993,0.9065405405405406,0.21759463513632754,0.37935645037040777,0.11381447042765547,0.034017236715374835,0.9335302806499262,0.8439108061749572,0.644656395206652,0.2917714696370823,0.4033322335862752,0.0027555508452122303,0.09725400457665904,0.03439153439153439,0.13636363636363635
UNSW-NB15,RANDOM_LINF,10,5,1024,2,41.47186541557312,56.049203395843506,41.93752125540495,0.5657095661468202,0.7696888192269647,0.5657095661468202,0.6275178611861395,0.48481708908106824,0.4213513513513514,0.00952969204976617,0.6688152529568966,0.1691555431560207,0.2507935517031425,0.0206794682422452,0.0,0.008559550012227928,0.013744160977362559,0.020125371164632134,0.0049281967039372584,0.002860411899313501,0.010582010582010581,0.022727272727272728,0.14633435359277072,0.2554736703807307,0.14633435359277072,0.06273032362217482,0.04804326504561738,1.0,0.0,0.6354541662635246,0.15685531520562476,0.043084141275093094,0.0,0.0,0.0,0.0,0.0,0.0,0.0,0.0,0.0
UNSW-NB15,RANDOM_L2,10,5,1024,2,41.47186541557312,53.97300052642822,42.363843948889865,0.5657095661468202,0.7696888192269647,0.5657095661468202,0.6275178611861395,0.48481708908106824,0.4213513513513514,0.00952969204976617,0.6688152529568966,0.1691555431560207,0.2507935517031425,0.0206794682422452,0.0,0.008559550012227928,0.013744160977362559,0.020125371164632134,0.0049281967039372584,0.002860411899313501,0.010582010582010581,0.022727272727272728,0.1420711266579216,0.2593785690355896,0.1420711266579216,0.056443603254966355,0.03484815979017118,1.0,0.0,0.6325452476345339,0.14769629501649614,0.0422635651938471,0.0,0.0,0.0,0.0,0.0,0.0,0.0,0.0,0.0
UNSW-NB15,FGSM,10,5,1024,3,42.726218700408936,52.4640851020813,40.837098576495166,0.5451221882135743,0.7532944261207258,0.5451221882135743,0.611607608825862,0.4527870828652826,0.4110810810810811,0.010412070943263038,0.6701314210190268,0.1703240649891446,0.23999568110384298,0.007385524372230428,0.0017152658662092624,0.011494252873563218,0.013744160977362559,0.026558891454965358,0.004292300355042128,0.005148741418764302,0.013227513227513227,0.022727272727272728,0.13675120244862266,0.14457247640393867,0.13675120244862266,0.08952577997128133,-0.11203296324699011,0.9042432432432432,0.22138886437836408,0.37673185601034814,0.13178923747421506,0.033984762467347336,0.930576070901034,0.8387650085763293,0.6475910980679873,0.3027308659719727,0.4048168921148136,0.004080334905410418,0.09839816933638444,0.05026455026455026,0.11363636363636363
UNSW-NB15,RANDOM_LINF,10,5,1024,3,42.726218700408936,53.07245755195618,40.35004615459359,0.5451221882135743,0.7532944261207258,0.5451221882135743,0.611607608825862,0.4527870828652826,0.4110810810810811,0.010412070943263038,0.6701314210190268,0.1703240649891446,0.23999568110384298,0.007385524372230428,0.0017152658662092624,0.011494252873563218,0.013744160977362559,0.026558891454965358,0.004292300355042128,0.005148741418764302,0.013227513227513227,0.022727272727272728,0.14162172666763834,0.25915766968951703,0.14162172666763834,0.050229153579190236,0.036658125212948915,1.0,0.0,0.6267463526890913,0.15249701943291405,0.03608254524361391,0.0,0.0,0.0,0.0,0.0,0.0,0.0,0.0,0.0
UNSW-NB15,RANDOM_L2,10,5,1024,3,42.726218700408936,53.54500865936279,40.6549093912452,0.5451221882135743,0.7532944261207258,0.5451221882135743,0.611607608825862,0.4527870828652826,0.4110810810810811,0.010412070943263038,0.6701314210190268,0.1703240649891446,0.23999568110384298,0.007385524372230428,0.0017152658662092624,0.011494252873563218,0.013744160977362559,0.026558891454965358,0.004292300355042128,0.005148741418764302,0.013227513227513227,0.022727272727272728,0.13857309430112227,0.26771466282432316,0.13857309430112227,0.04714821100287303,0.023846026010317115,1.0,0.0,0.6201431035041837,0.14562758474718002,0.03589669290088821,0.0,0.0,0.0,0.0,0.0,0.0,0.0,0.0,0.0
UNSW-NB15,FGSM,10,5,2048,2,41.56607747077942,61.19171118736267,43.05980663654472,0.5660617985716367,0.7674912956485465,0.5660617985716367,0.6278483088425585,0.48052819640516575,0.4098918918918919,0.009551751522103592,0.6799911076990008,0.1757059925193968,0.2464156698122893,0.007385524372230428,0.0017152658662092624,0.012717045732452923,0.014552641034854473,0.025734081161332894,0.002225637221132955,0.003146453089244851,0.010582010582010581,0.0,0.13546373220618957,0.1458893953970207,0.13546373220618957,0.0867723963997387,-0.11403190144841756,0.9086486486486487,0.2179696461660637,0.3687764763232583,0.10085490246521758,0.03306097206045204,0.914327917282127,0.823327615780446,0.6458791880655417,0.30048508803449514,0.38947542065324975,0.0037093953685549256,0.09868421052631579,0.03968253968253968,0.11363636363636363
UNSW-NB15,RANDOM_LINF,10,5,2048,2,41.56607747077942,62.76539993286133,40.354904532866925,0.5660617985716367,0.7674912956485465,0.5660617985716367,0.6278483088425585,0.48052819640516575,0.4098918918918919,0.009551751522103592,0.6799911076990008,0.1757059925193968,0.2464156698122893,0.007385524372230428,0.0017152658662092624,0.012717045732452923,0.014552641034854473,0.025734081161332894,0.002225637221132955,0.003146453089244851,0.010582010582010581,0.0,0.1625127532429675,0.2588092271682974,0.1625127532429675,0.0884730497679342,0.09375570977698758,1.0,0.0,0.6454806409057743,0.1571057935184304,0.05508604711939358,0.0,0.0,0.0,0.0,0.0,0.0,0.0,0.0,0.0
UNSW-NB15,RANDOM_L2,10,5,2048,2,41.56607747077942,63.500982999801636,41.26585045911674,0.5660617985716367,0.7674912956485465,0.5660617985716367,0.6278483088425585,0.48052819640516575,0.4098918918918919,0.009551751522103592,0.6799911076990008,0.1757059925193968,0.2464156698122893,0.007385524372230428,0.0017152658662092624,0.012717045732452923,0.014552641034854473,0.025734081161332894,0.002225637221132955,0.003146453089244851,0.010582010582010581,0.0,0.1534032939804693,0.2623704663305207,0.1534032939804693,0.07524497462029896,0.066862146012994,1.0,0.0,0.6347819290194048,0.15016866537849455,0.04915003168268864,0.0,0.0,0.0,0.0,0.0,0.0,0.0,0.0,0.0
UNSW-NB15,FGSM,10,5,2048,3,42.45857357978821,63.62060022354126,43.15697420201137,0.5681751931205363,0.7673427028590377,0.5681751931205363,0.6299818061938572,0.4840704171974112,0.41283783783783784,0.011691520338833495,0.6677568714365406,0.17158833000782228,0.25666327971597136,0.007385524372230428,0.0,0.0070921985815602835,0.024254401724757457,0.02721873968987133,0.002225637221132955,0.004004576659038902,0.010582010582010581,0.022727272727272728,0.1366054511004227,0.13309775218746145,0.1366054511004227,0.0915017266150245,-0.08577406070739288,0.9034054054054054,0.2255801641224742,0.3642315659948251,0.09697653104893068,0.03529715034285622,0.946824224519941,0.855917667238422,0.6639765223771094,0.30695292849443045,0.4122401847575058,0.0036034126437390706,0.10554919908466819,0.031746031746031744,0.13636363636363635
UNSW-NB15,RANDOM_LINF,10,5,2048,3,42.45857357978821,60.92508292198181,41.288927755915076,0.5681751931205363,0.7673427028590377,0.5681751931205363,0.6299818061938572,0.4840704171974112,0.41283783783783784,0.011691520338833495,0.6677568714365406,0.17158833000782228,0.25666327971597136,0.007385524372230428,0.0,0.0070921985815602835,0.024254401724757457,0.02721873968987133,0.002225637221132955,0.004004576659038902,0.010582010582010581,0.022727272727272728,0.1552859155613856,0.261664652728855,0.1552859155613856,0.07765363849086566,0.07235772065020857,1.0,0.0,0.6382089640902172,0.15520626159224304,0.04971959447137348,0.0,0.0,0.0,0.0,0.0,0.0,0.0,0.0,0.0
UNSW-NB15,RANDOM_L2,10,5,2048,3,42.45857357978821,60.18057155609131,42.119710440654906,0.5681751931205363,0.7673427028590377,0.5681751931205363,0.6299818061938572,0.4840704171974112,0.41283783783783784,0.011691520338833495,0.6677568714365406,0.17158833000782228,0.25666327971597136,0.007385524372230428,0.0,0.0070921985815602835,0.024254401724757457,0.02721873968987133,0.002225637221132955,0.004004576659038902,0.010582010582010581,0.022727272727272728,0.14697808871398726,0.25652112258780213,0.14697808871398726,0.06495819232414152,0.048567513479888774,1.0,0.0,0.6308577876535739,0.14712672799904253,0.04535966792833128,0.0,0.0,0.0,0.0,0.0,0.0,0.0,0.0,0.0
UNSW-NB15,FGSM,10,10,1024,2,22.50561761856079,77.2693932056427,45.48413739493758,0.5837827333236166,0.7682850268592117,0.5837827333236166,0.6399703190891606,0.49813864498249666,0.41054054054054057,0.01268419659401747,0.660822748356406,0.17025061467201402,0.2611003660494098,0.0206794682422452,0.003430531732418525,0.006358522866226461,0.00799496945742005,0.04140547674034972,0.008849557522123894,0.005720823798627002,0.015873015873015872,0.0,0.12894135937424087,0.351639070400959,0.12894135937424087,0.0916468770529786,-0.06456231609088105,0.9126756756756756,0.21841083561281213,0.3810565326582711,0.13482444396114723,0.03984501653967127,0.9423929098966026,0.8593481989708405,0.6585962337979946,0.29545454545454547,0.3876608380072583,0.0038153780933707806,0.0975400457665904,0.031746031746031744,0.11363636363636363
UNSW-NB15,RANDOM_LINF,10,10,1024,2,22.50561761856079,32.49472641944885,43.61973473254628,0.5837827333236166,0.7682850268592117,0.5837827333236166,0.6399703190891606,0.49813864498249666,0.41054054054054057,0.01268419659401747,0.660822748356406,0.17025061467201402,0.2611003660494098,0.0206794682422452,0.003430531732418525,0.006358522866226461,0.00799496945742005,0.04140547674034972,0.008849557522123894,0.005720823798627002,0.015873015873015872,0.0,0.14758538599815382,0.7078406095852208,0.14758538599815382,0.06783931832308651,0.048925572697728494,0.9999729729729729,0.0,0.6431711829116574,0.1592384005282098,0.04756095694770672,0.0,0.0,0.0,0.0,0.0,0.0,0.0,0.0,0.0
UNSW-NB15,RANDOM_L2,10,10,1024,2,22.50561761856079,32.217095375061035,44.24525093523782,0.5837827333236166,0.7682850268592117,0.5837827333236166,0.6399703190891606,0.49813864498249666,0.41054054054054057,0.01268419659401747,0.660822748356406,0.17025061467201402,0.2611003660494098,0.0206794682422452,0.003430531732418525,0.006358522866226461,0.00799496945742005,0.04140547674034972,0.008849557522123894,0.005720823798627002,0.015873015873015872,0.0,0.1413302239712384,0.24956185069977274,0.1413302239712384,0.060308397754383,0.033330171216582063,1.0,0.0,0.6383410680273545,0.1530367041285219,0.04403556740929641,0.0,0.0,0.0,0.0,0.0,0.0,0.0,0.0,0.0
UNSW-NB15,FGSM,10,10,1024,3,22.613157749176025,40.63115835189819,45.25579361609095,0.5809405820337171,0.7633048035830905,0.5809405820337171,0.632299186201371,0.489564551445537,0.4093243243243243,0.009022324186005471,0.6747402515020215,0.1744767730255969,0.2520247841945879,0.007385524372230428,0.0,0.006113964294448521,0.011318720804886813,0.031507753216760144,0.0016427322346457527,0.007151029748283753,0.015873015873015872,0.0,0.12838264587280765,0.15725859728804384,0.12838264587280765,0.09325160355045616,-0.09283378798585927,0.8986486486486487,0.2240801200035295,0.3735500902333197,0.10237821343724882,0.03645313919544436,0.9379615952732644,0.8473413379073756,0.6539496209342137,0.3031800215594682,0.4206532497525569,0.003921360818186635,0.09610983981693363,0.03968253968253968,0.11363636363636363
UNSW-NB15,RANDOM_LINF,10,10,1024,3,22.613157749176025,36.38389039039612,43.31487149589467,0.5809405820337171,0.7633048035830905,0.5809405820337171,0.632299186201371,0.489564551445537,0.4093243243243243,0.009022324186005471,0.6747402515020215,0.1744767730255969,0.2520247841945879,0.007385524372230428,0.0,0.006113964294448521,0.011318720804886813,0.031507753216760144,0.0016427322346457527,0.007151029748283753,0.015873015873015872,0.0,0.14779186707477043,0.26602171801966484,0.14779186707477043,0.06806333861848529,0.04983091685542752,1.0,0.0,0.6646912081294616,0.17165317268473335,0.04817049672748377,0.0,0.0,0.0,0.0,0.0,0.0,0.0,0.0,0.0
UNSW-NB15,RANDOM_L2,10,10,1024,3,22.613157749176025,33.33535814285278,43.685322839236264,0.5809405820337171,0.7633048035830905,0.5809405820337171,0.632299186201371,0.489564551445537,0.4093243243243243,0.009022324186005471,0.6747402515020215,0.1744767730255969,0.2520247841945879,0.007385524372230428,0.0,0.006113964294448521,0.011318720804886813,0.031507753216760144,0.0016427322346457527,0.007151029748283753,0.015873015873015872,0.0,0.14408735364135453,0.7139883999845936,0.14408735364135453,0.06354248601668293,0.040137574950391684,0.999945945945946,0.0,0.6588328632388109,0.16505315522223235,0.047125338247297324,0.0,0.0,0.0,0.0,0.0,0.0,0.0,0.0,0.0
UNSW-NB15,FGSM,10,10,2048,2,27.85649561882019,67.11343836784363,46.50075304863237,0.5945926249817811,0.7751590837167841,0.5945926249817811,0.6477942737489499,0.5103488220253248,0.40678378378378377,0.008647313156269302,0.6682274783337377,0.17552941077270606,0.2657135741180251,0.0206794682422452,0.0,0.008559550012227928,0.014013654329859864,0.020785219399538105,0.0023846113083567377,0.003432494279176201,0.010582010582010581,0.0,0.1295850944954574,0.14736821738435818,0.1295850944954574,0.09621621945338658,-0.07126284935810807,0.8991081081081082,0.21911673872760964,0.3783326114468558,0.12097273215368431,0.03877818508487305,0.8788774002954209,0.7718696397941681,0.6368305209097579,0.3089292130794107,0.39557901682613,0.004504265804673838,0.09639588100686498,0.05026455026455026,0.13636363636363635
UNSW-NB15,RANDOM_LINF,10,10,2048,2,27.85649561882019,41.026718854904175,44.297478501676146,0.5945926249817811,0.7751590837167841,0.5945926249817811,0.6477942737489499,0.5103488220253248,0.40678378378378377,0.008647313156269302,0.6682274783337377,0.17552941077270606,0.2657135741180251,0.0206794682422452,0.0,0.008559550012227928,0.014013654329859864,0.020785219399538105,0.0023846113083567377,0.003432494279176201,0.010582010582010581,0.0,0.15161783996501968,0.7054171327091228,0.15161783996501968,0.07210569663547535,0.06183742227044048,0.9999729729729729,0.0,0.659676832936309,0.16524037193127278,0.04769618600668293,0.0,0.0,0.0,0.0,0.0,0.0,0.0,0.0,0.0
UNSW-NB15,RANDOM_L2,10,10,2048,2,27.85649561882019,37.21086764335632,45.169557401739304,0.5945926249817811,0.7751590837167841,0.5945926249817811,0.6477942737489499,0.5103488220253248,0.40678378378378377,0.008647313156269302,0.6682274783337377,0.17552941077270606,0.2657135741180251,0.0206794682422452,0.0,0.008559550012227928,0.014013654329859864,0.020785219399538105,0.0023846113083567377,0.003432494279176201,0.010582010582010581,0.0,0.1428970509643881,0.2567542137742998,0.1428970509643881,0.05991536951960387,0.03688470274421873,1.0,0.0,0.649388984677711,0.15970370964970765,0.0436835517065949,0.0,0.0,0.0,0.0,0.0,0.0,0.0,0.0,0.0
UNSW-NB15,FGSM,10,10,2048,3,25.70362901687622,47.757755517959595,44.4833114706311,0.574843317300685,0.767587354604089,0.574843317300685,0.6338991799075874,0.49266549776315577,0.40845945945945944,0.012595958704667785,0.6668384524399336,0.17165534287479206,0.2522496521513362,0.0206794682422452,0.0017152658662092624,0.008070432868672046,0.014822134387351778,0.04585945232596503,0.0023316199459488102,0.008295194508009153,0.018518518518518517,0.0,0.13001020259437399,0.1348389200081214,0.13001020259437399,0.08333378929017117,-0.11350292960687815,0.916108108108108,0.20579281743580694,0.37365189323325315,0.11675947495375807,0.03379857163293691,0.8936484490398818,0.8061749571183533,0.6167767180239667,0.2710204814947898,0.3808973935994721,0.003126490382067723,0.09439359267734554,0.031746031746031744,0.11363636363636363
UNSW-NB15,RANDOM_LINF,10,10,2048,3,25.70362901687622,33.64146852493286,41.53913423699169,0.574843317300685,0.767587354604089,0.574843317300685,0.6338991799075874,0.49266549776315577,0.40845945945945944,0.012595958704667785,0.6668384524399336,0.17165534287479206,0.2522496521513362,0.0206794682422452,0.0017152658662092624,0.008070432868672046,0.014822134387351778,0.04585945232596503,0.0023316199459488102,0.008295194508009153,0.018518518518518517,0.0,0.1594519749307681,0.708562386485816,0.1594519749307681,0.08534966396215399,0.07834110012808429,0.999945945945946,0.0,0.6545816226993371,0.16549027701897032,0.05497427267841393,0.0,0.0,0.0,0.0,0.0,0.0,0.0,0.0,0.0
UNSW-NB15,RANDOM_L2,10,10,2048,3,25.70362901687622,33.9729061126709,42.345625030364864,0.574843317300685,0.767587354604089,0.574843317300685,0.6338991799075874,0.49266549776315577,0.40845945945945944,0.012595958704667785,0.6668384524399336,0.17165534287479206,0.2522496521513362,0.0206794682422452,0.0017152658662092624,0.008070432868672046,0.014822134387351778,0.04585945232596503,0.0023316199459488102,0.008295194508009153,0.018518518518518517,0.0,0.15138706699703638,0.7091909526386843,0.15138706699703638,0.07398881361166647,0.057594741759709175,0.9999729729729729,0.0,0.6501023678628491,0.15868459232303408,0.050526471328466785,0.0,0.0,0.0,0.0,0.0,0.0,0.0,0.0,0.0
UNSW-NB15,FGSM,10,15,1024,2,18.707900047302246,109.84120655059814,48.0032065296604,0.591543992615265,0.7705996610698064,0.591543992615265,0.6469558033506158,0.5061116270076346,0.4042972972972973,0.016103414806317832,0.6723638207197167,0.17804648562703396,0.2713530403108654,0.029542097488921712,0.005145797598627788,0.009537784299339692,0.025871361839741286,0.054767403497195645,0.0007418790737109851,0.007723112128146453,0.018518518518518517,0.0,0.11151192731866102,0.19058277732903559,0.11151192731866102,0.08512563420014835,-0.13782714750632322,0.9064324324324324,0.21900644136592254,0.37400645871739197,0.11387345998704915,0.033976438080684165,0.9335302806499262,0.8284734133790738,0.6424553680606505,0.30524613726194755,0.3960739030023095,0.003444438556515288,0.08781464530892448,0.026455026455026454,0.11363636363636363
UNSW-NB15,RANDOM_LINF,10,15,1024,2,18.707900047302246,26.046637773513794,43.45090608754798,0.591543992615265,0.7705996610698064,0.591543992615265,0.6469558033506158,0.5061116270076346,0.4042972972972973,0.016103414806317832,0.6723638207197167,0.17804648562703396,0.2713530403108654,0.029542097488921712,0.005145797598627788,0.009537784299339692,0.025871361839741286,0.054767403497195645,0.0007418790737109851,0.007723112128146453,0.018518518518518517,0.0,0.15703493173978525,0.6830751113862487,0.15703493173978525,0.08975001488113825,0.06599400412460821,0.9996216216216216,2.2059472337421688e-05,0.6668585860074574,0.16877531323032843,0.06098787747458605,0.0,0.0,0.0,8.983111749910169e-05,0.0,0.0,0.0,0.0,0.0
UNSW-NB15,RANDOM_L2,10,15,1024,2,18.707900047302246,25.587738275527954,44.43715687703445,0.591543992615265,0.7705996610698064,0.591543992615265,0.6469558033506158,0.5061116270076346,0.4042972972972973,0.016103414806317832,0.6723638207197167,0.17804648562703396,0.2713530403108654,0.029542097488921712,0.005145797598627788,0.009537784299339692,0.025871361839741286,0.054767403497195645,0.0007418790737109851,0.007723112128146453,0.018518518518518517,0.0,0.14717242384492057,0.619946261274303,0.14717242384492057,0.07671713237927061,0.04703806745115364,0.9994864864864865,8.823788934968675e-05,0.6581370838893166,0.16038891184931062,0.05479110474543951,0.0,0.0,0.00024455857177794083,8.983111749910169e-05,0.0001649620587264929,0.0,0.0002860411899313501,0.0,0.0
UNSW-NB15,FGSM,10,15,1024,3,19.401779413223267,81.60903978347778,45.07724821454598,0.5937788466209979,0.7730327972368138,0.5937788466209979,0.6465076757658109,0.5076435004560711,0.4017027027027027,0.010676784611312098,0.6862520024675548,0.1776932044573729,0.2804998702253326,0.0206794682422452,0.0017152658662092624,0.006358522866226461,0.013025512037369746,0.04041570438799076,0.0018546976842774628,0.004290617848970252,0.007936507936507936,0.0,0.14300636447553808,0.32014821596310605,0.14300636447553808,0.11472093152025352,-0.08779067487247859,0.8837567567567568,0.24975734580428835,0.39577913557958855,0.10806765829447904,0.043408281949686156,0.9630723781388478,0.8679245283018868,0.7128882367326975,0.3650736615163493,0.42758165621906963,0.005988023952095809,0.1261441647597254,0.06878306878306878,0.29545454545454547
UNSW-NB15,RANDOM_LINF,10,15,1024,3,19.401779413223267,25.131915807724,44.02905310207452,0.5937788466209979,0.7730327972368138,0.5937788466209979,0.6465076757658109,0.5076435004560711,0.4017027027027027,0.010676784611312098,0.6862520024675548,0.1776932044573729,0.2804998702253326,0.0206794682422452,0.0017152658662092624,0.006358522866226461,0.013025512037369746,0.04041570438799076,0.0018546976842774628,0.004290617848970252,0.007936507936507936,0.0,0.15348831560025264,0.7008907382270984,0.15348831560025264,0.07768282451099785,0.06228803706672064,0.9994324324324324,0.0,0.6717843433993198,0.15980439834427043,0.05093064121753965,0.0,0.0,0.0,0.0,0.0,0.0,0.0,0.0,0.0
UNSW-NB15,RANDOM_L2,10,15,1024,3,19.401779413223267,25.17940664291382,44.62298984598941,0.5937788466209979,0.7730327972368138,0.5937788466209979,0.6465076757658109,0.5076435004560711,0.4017027027027027,0.010676784611312098,0.6862520024675548,0.1776932044573729,0.2804998702253326,0.0206794682422452,0.0017152658662092624,0.006358522866226461,0.013025512037369746,0.04041570438799076,0.0018546976842774628,0.004290617848970252,0.007936507936507936,0.0,0.1475489481611038,0.6691548272035165,0.1475489481611038,0.07036807141742134,0.04628447262184358,0.9995675675675676,2.2059472337421688e-05,0.6571549441450768,0.15308343744001573,0.047922418313889034,0.0,0.0,0.0,8.983111749910169e-05,0.0,0.0,0.0,0.0,0.0
UNSW-NB15,FGSM,10,15,2048,2,16.95928192138672,59.04545593261719,46.752174124277325,0.5950541709177477,0.7670017012898076,0.5950541709177477,0.6445497697958582,0.5086484791506732,0.41154054054054057,0.010478249360275303,0.6752977473136562,0.1853526158190995,0.2812900785001084,0.023633677991137372,0.0,0.007336757153338224,0.017157743442328423,0.030353018805674696,0.0014307667850140427,0.006006864988558352,0.015873015873015872,0.0,0.1275324296749745,0.1457369842813658,0.1275324296749745,0.0980777889808752,-0.1226094879298046,0.881972972972973,0.2554266301950057,0.4098294670423077,0.11947309154279917,0.0363035976854985,0.9542097488921714,0.8679245283018868,0.7192467595989239,0.38582464965864177,0.43088089739359947,0.006623920300990938,0.1198512585812357,0.06084656084656084,0.2727272727272727
UNSW-NB15,RANDOM_LINF,10,15,2048,2,16.95928192138672,26.521186590194702,44.520963902249434,0.5950541709177477,0.7670017012898076,0.5950541709177477,0.6445497697958582,0.5086484791506732,0.41154054054054057,0.010478249360275303,0.6752977473136562,0.1853526158190995,0.2812900785001084,0.023633677991137372,0.0,0.007336757153338224,0.017157743442328423,0.030353018805674696,0.0014307667850140427,0.006006864988558352,0.015873015873015872,0.0,0.14984453189525337,0.6195254972448565,0.14984453189525337,0.07912592211467077,0.05198925728653189,0.9996756756756757,6.617841701226507e-05,0.6604376675296311,0.1706768753190214,0.05379499927567982,0.0,0.0,0.0,0.00026949335249730504,0.0,0.0,0.0,0.0,0.0
UNSW-NB15,RANDOM_L2,10,15,2048,2,16.95928192138672,26.916393280029297,45.29466064227761,0.5950541709177477,0.7670017012898076,0.5950541709177477,0.6445497697958582,0.5086484791506732,0.41154054054054057,0.010478249360275303,0.6752977473136562,0.1853526158190995,0.2812900785001084,0.023633677991137372,0.0,0.007336757153338224,0.017157743442328423,0.030353018805674696,0.0014307667850140427,0.006006864988558352,0.015873015873015872,0.0,0.14210756449497158,0.6003020839655686,0.14210756449497158,0.06816967928397197,0.035561697283443286,0.9997297297297297,6.617841701226507e-05,0.6571632417874428,0.1613918563709302,0.04898967890632518,0.0,0.0,0.00024455857177794083,0.00017966223499820338,0.0,0.0,0.0,0.0,0.0
UNSW-NB15,FGSM,10,15,2048,3,15.975701332092285,111.52339768409729,45.66511198561919,0.5832118738765,0.7382318614292986,0.5832118738765,0.6334668597771552,0.48822347918690523,0.3928648648648649,0.01579458219359393,0.6819459748217132,0.1788236326852765,0.25187127418841226,0.007385524372230428,0.003430531732418525,0.006113964294448521,0.02712899748472871,0.05278785879247773,0.0016957235970536803,0.006578947368421052,0.015873015873015872,0.022727272727272728,0.12656075402030803,0.12712578394329113,0.12656075402030803,0.08476506574657273,-0.08723349932275724,0.9155135135135135,0.21922703608929675,0.41735384976317996,0.11116568573097083,0.03484449513055123,0.9261447562776958,0.8353344768439108,0.6556615309366594,0.30416816385195833,0.3808973935994721,0.003974352180594563,0.1015446224256293,0.03439153439153439,0.11363636363636363
UNSW-NB15,RANDOM_LINF,10,15,2048,3,15.975701332092285,26.339734315872192,43.74848175678958,0.5832118738765,0.7382318614292986,0.5832118738765,0.6334668597771552,0.48822347918690523,0.3928648648648649,0.01579458219359393,0.6819459748217132,0.1788236326852765,0.25187127418841226,0.007385524372230428,0.003430531732418525,0.006113964294448521,0.02712899748472871,0.05278785879247773,0.0016957235970536803,0.006578947368421052,0.015873015873015872,0.022727272727272728,0.1457270563086042,0.7062082264710473,0.1457270563086042,0.06393766574657614,0.044184808925761626,0.9998108108108108,0.0,0.6614288785586175,0.16461329975531283,0.04683834210312869,0.0,0.0,0.0,0.0,0.0,0.0,0.0,0.0,0.0
UNSW-NB15,RANDOM_L2,10,15,2048,3,15.975701332092285,26.7561674118042,44.25496769178447,0.5832118738765,0.7382318614292986,0.5832118738765,0.6334668597771552,0.48822347918690523,0.3928648648648649,0.01579458219359393,0.6819459748217132,0.1788236326852765,0.25187127418841226,0.007385524372230428,0.003430531732418525,0.006113964294448521,0.02712899748472871,0.05278785879247773,0.0016957235970536803,0.006578947368421052,0.015873015873015872,0.022727272727272728,0.1406621969586552,0.6974336710447203,0.1406621969586552,0.05880638890347475,0.03234186851794133,0.9998918918918919,0.0,0.6552255306663353,0.15638828736319163,0.04455712521083839,0.0,0.0,0.0,0.0,0.0,0.0,0.0,0.0,0.0
UNSW-NB15,FGSM,10,20,1024,2,12.410621404647827,111.3904299736023,48.708885973861925,0.5930257979886314,0.766312795446792,0.5930257979886314,0.6415782934753087,0.5062879569254977,0.41316216216216217,0.014934262772434483,0.6848227699492871,0.17816931323250101,0.2608087787290204,0.01624815361890694,0.003430531732418525,0.010516018586451455,0.031440891124685594,0.035961728802375456,0.0015897408722378252,0.005720823798627002,0.007936507936507936,0.0,0.10593693825001214,0.15943021043238498,0.10593693825001214,0.10197503740956997,-0.12145786518361067,0.8712702702702703,0.23499955881055326,0.37767783484349576,0.10527554067014396,0.037816021134968965,0.8729689807976366,0.7821612349914236,0.6710687209586697,0.35330578512396693,0.40201253711646323,0.005776058502464099,0.09954233409610984,0.06878306878306878,0.20454545454545456
UNSW-NB15,RANDOM_LINF,10,20,1024,2,12.410621404647827,26.942021369934082,43.67074770441627,0.5930257979886314,0.766312795446792,0.5930257979886314,0.6415782934753087,0.5062879569254977,0.41316216216216217,0.014934262772434483,0.6848227699492871,0.17816931323250101,0.2608087787290204,0.01624815361890694,0.003430531732418525,0.010516018586451455,0.031440891124685594,0.035961728802375456,0.0015897408722378252,0.005720823798627002,0.007936507936507936,0.0,0.15631832094446874,0.6346989224200601,0.15631832094446874,0.0990247848836261,0.06287031611520458,0.997054054054054,0.00046324891908585547,0.6748481421299835,0.16568321833836352,0.06528604103421227,0.0,0.0,0.0004891171435558817,0.00035932446999640676,0.0001649620587264929,0.0006888877113030576,0.0002860411899313501,0.0,0.0
UNSW-NB15,RANDOM_L2,10,20,1024,2,12.410621404647827,27.157914638519287,44.449302822717776,0.5930257979886314,0.766312795446792,0.5930257979886314,0.6415782934753087,0.5062879569254977,0.41316216216216217,0.014934262772434483,0.6848227699492871,0.17816931323250101,0.2608087787290204,0.01624815361890694,0.003430531732418525,0.010516018586451455,0.031440891124685594,0.035961728802375456,0.0015897408722378252,0.005720823798627002,0.007936507936507936,0.0,0.14853276976145363,0.6416360135521049,0.14853276976145363,0.09105012480635724,0.04973517224901278,0.9970270270270271,0.00037501102973616873,0.659822578209873,0.15713007186104508,0.060893292582579084,0.0,0.0,0.00024455857177794083,0.0006288178224937119,0.0,0.00031794817444756504,0.0005720823798627002,0.0026455026455026454,0.0
UNSW-NB15,FGSM,10,20,1024,3,12.60557222366333,122.9132080078125,48.16353301268037,0.6037749599183793,0.7610796608553043,0.6037749599183793,0.6473017236358126,0.5141915873867471,0.3974864864864865,0.013301861819465279,0.6855992590953373,0.18633870030477223,0.2620738818173582,0.029542097488921712,0.003430531732418525,0.008070432868672046,0.012396694214876033,0.0580666446717255,0.0011658099729744051,0.008581235697940504,0.015873015873015872,0.0,0.12213962979157557,0.16652146557951622,0.12213962979157557,0.09435257857858491,-0.11217773908430756,0.8916216216216216,0.23733786287831996,0.5052421843167021,0.1140985562768058,0.035949735995390655,0.9571639586410635,0.8644939965694682,0.6894106138420152,0.3360582105641394,0.41982843945892445,0.004398283079857983,0.11327231121281464,0.042328042328042326,0.1590909090909091
UNSW-NB15,RANDOM_LINF,10,20,1024,3,12.60557222366333,28.27471685409546,40.709566146820194,0.6037749599183793,0.7610796608553043,0.6037749599183793,0.6473017236358126,0.5141915873867471,0.3974864864864865,0.013301861819465279,0.6855992590953373,0.18633870030477223,0.2620738818173582,0.029542097488921712,0.003430531732418525,0.008070432868672046,0.012396694214876033,0.0580666446717255,0.0011658099729744051,0.008581235697940504,0.015873015873015872,0.0,0.19667929845017734,0.6752398823340899,0.19667929845017734,0.1518141110648393,0.12453633741354031,0.995,0.00028677314038648194,0.6743130460296236,0.1736282167165106,0.08809325113769323,0.0,0.0,0.0004891171435558817,0.0006288178224937119,0.0001649620587264929,0.00010598272481585502,0.0002860411899313501,0.0,0.0
UNSW-NB15,RANDOM_L2,10,20,1024,3,12.60557222366333,28.613699674606323,42.13550017004324,0.6037749599183793,0.7610796608553043,0.6037749599183793,0.6473017236358126,0.5141915873867471,0.3974864864864865,0.013301861819465279,0.6855992590953373,0.18633870030477223,0.2620738818173582,0.029542097488921712,0.003430531732418525,0.008070432868672046,0.012396694214876033,0.0580666446717255,0.0011658099729744051,0.008581235697940504,0.015873015873015872,0.0,0.18241995821794685,0.5968782567326606,0.18241995821794685,0.13341934927746968,0.10257508681042023,0.9970270270270271,0.000705903114797494,0.660725749332142,0.1650716355506535,0.07999078703790877,0.0,0.0,0.0007336757153338225,0.001167804527488322,0.0006598482349059716,0.000529913624079275,0.0002860411899313501,0.0026455026455026454,0.0
UNSW-NB15,FGSM,10,20,2048,2,12.84313178062439,108.9711377620697,49.35626487878346,0.6045280085507457,0.7536884284960569,0.6045280085507457,0.6564184652451632,0.5146786641102462,0.3882162162162162,0.019787346686667255,0.6927836608499647,0.19257690205193678,0.2705094493185983,0.023633677991137372,0.003430531732418525,0.009537784299339692,0.028386633129716135,0.07307819201583636,0.00105982724815855,0.014588100686498856,0.026455026455026454,0.0,0.11096535976291114,0.37378764494364675,0.11096535976291114,0.10849281094715801,-0.14463584611609379,0.8715135135135135,0.2652430953851584,0.3869151057568566,0.08650060948667106,0.04184112519852855,0.96602658788774,0.8782161234991424,0.727072633895818,0.393100970176069,0.45430550973276146,0.007100842562662286,0.16704805491990846,0.07936507936507936,0.1590909090909091
UNSW-NB15,RANDOM_LINF,10,20,2048,2,12.84313178062439,26.97397232055664,45.84365738716416,0.6045280085507457,0.7536884284960569,0.6045280085507457,0.6564184652451632,0.5146786641102462,0.3882162162162162,0.019787346686667255,0.6927836608499647,0.19257690205193678,0.2705094493185983,0.023633677991137372,0.003430531732418525,0.009537784299339692,0.028386633129716135,0.07307819201583636,0.00105982724815855,0.014588100686498856,0.026455026455026454,0.0,0.14609143467910413,0.6207677698191761,0.14609143467910413,0.08330468181617341,0.050757872596761316,0.9957027027027027,0.0007941410041471808,0.6730875043016461,0.16816239512466014,0.05978409314943085,0.0,0.0,0.00024455857177794083,0.0015271289974847287,0.0008248102936324645,0.0006358963488951301,0.0002860411899313501,0.0,0.0
UNSW-NB15,RANDOM_L2,10,20,2048,2,12.84313178062439,27.406973838806152,46.353787105864065,0.6045280085507457,0.7536884284960569,0.6045280085507457,0.6564184652451632,0.5146786641102462,0.3882162162162162,0.019787346686667255,0.6927836608499647,0.19257690205193678,0.2705094493185983,0.023633677991137372,0.003430531732418525,0.009537784299339692,0.028386633129716135,0.07307819201583636,0.00105982724815855,0.014588100686498856,0.026455026455026454,0.0,0.14099013749210512,0.5937391816202666,0.14099013749210512,0.0762123539761264,0.03912593906025939,0.9956216216216216,0.0011029736168710845,0.6604243531614096,0.1590280150239233,0.05555040554212618,0.0,0.0,0.0007336757153338225,0.001706791232482932,0.001814582645991422,0.0007948704361189126,0.0002860411899313501,0.0026455026455026454,0.0
UNSW-NB15,FGSM,10,20,2048,3,12.628434181213379,122.1108877658844,49.1850070446485,0.6032769761453627,0.7396569853034011,0.6032769761453627,0.6388660329620524,0.5105576913639986,0.40702702702702703,0.01202241242389482,0.6718142163262948,0.17493145139863353,0.2587240173836414,0.01624815361890694,0.003430531732418525,0.0119833700171191,0.01545095220984549,0.04338502144506763,0.0009008531609347676,0.006864988558352402,0.018518518518518517,0.0,0.11142690569887771,0.14237992668942887,0.11142690569887771,0.08428119589320164,-0.114391545897829,0.9090810810810811,0.22860231183270097,0.4215245919164522,0.12469753012309534,0.03445405590349467,0.9453471196454948,0.869639794168096,0.6747370995353387,0.313600431189364,0.40316727152754867,0.004610248529489693,0.1169908466819222,0.05291005291005291,0.13636363636363635
UNSW-NB15,RANDOM_LINF,10,20,2048,3,12.628434181213379,23.958802223205566,43.88937472671623,0.6032769761453627,0.7396569853034011,0.6032769761453627,0.6388660329620524,0.5105576913639986,0.40702702702702703,0.01202241242389482,0.6718142163262948,0.17493145139863353,0.2587240173836414,0.01624815361890694,0.003430531732418525,0.0119833700171191,0.01545095220984549,0.04338502144506763,0.0009008531609347676,0.006864988558352402,0.018518518518518517,0.0,0.16438322887820045,0.6319216351333214,0.16438322887820045,0.10240692638966124,0.07762357764600206,0.9953243243243243,0.0007720815318097591,0.667213016859235,0.15979453009109323,0.06773400132676005,0.0,0.0,0.00024455857177794083,0.0005389867049946101,0.0004948861761794787,0.0012717926977902601,0.0002860411899313501,0.0,0.0
UNSW-NB15,RANDOM_L2,10,20,2048,3,12.628434181213379,25.137291193008423,44.87684011077103,0.6032769761453627,0.7396569853034011,0.6032769761453627,0.6388660329620524,0.5105576913639986,0.40702702702702703,0.01202241242389482,0.6718142163262948,0.17493145139863353,0.2587240173836414,0.01624815361890694,0.003430531732418525,0.0119833700171191,0.01545095220984549,0.04338502144506763,0.0009008531609347676,0.006864988558352402,0.018518518518518517,0.0,0.15450857503765242,0.5702457988319005,0.15450857503765242,0.0902245411354581,0.058342232307459996,0.9962702702702703,0.0011691520338833496,0.65882689600688,0.15579513784621798,0.060248598148367916,0.0,0.0,0.00024455857177794083,0.0013474667624865254,0.0004948861761794787,0.0017487149594616078,0.0002860411899313501,0.0,0.0
UNSW-NB15,FGSM,16,10,2048,2,150.12021530000493,59.05479869991541,48.74168002720691,0.5928071709663314,0.7584636839815573,0.5928071709663314,0.645722615850901,0.5045611292063132,0.40283783783783783,0.018044648372010943,0.6744347923309422,0.17204936965579806,0.26779782729770707,0.014771048744460856,0.012006861063464836,0.013695280019564686,0.03251886453467481,0.050478389970306826,0.0024376026707646653,0.006292906178489702,0.023809523809523808,0.0,0.10539037069426226,0.29160404028210435,0.10539037069426226,0.046794599680979494,-0.15629525220907609,0.971,0.20885908409070855,0.3571443279593129,0.08907867820366115,0.024403004635929756,0.8892171344165436,0.855917667238422,0.6541941795059917,0.3095580309019044,0.25057736720554274,0.003974352180594563,0.18449656750572083,0.015873015873015872,0.022727272727272728
UNSW-NB15,RANDOM_LINF,16,10,2048,2,150.12021530000493,61.89748110016808,43.75819851333625,0.5928071709663314,0.7584636839815573,0.5928071709663314,0.645722615850901,0.5045611292063132,0.40283783783783783,0.018044648372010943,0.6744347923309422,0.17204936965579806,0.26779782729770707,0.014771048744460856,0.012006861063464836,0.013695280019564686,0.03251886453467481,0.050478389970306826,0.0024376026707646653,0.006292906178489702,0.023809523809523808,0.0,0.15522518583296896,0.2583629567555534,0.15522518583296896,0.07625914596643811,0.07556683744002494,1.0,0.0,0.6658435046476654,0.16265242051730305,0.05064499662129727,0.0,0.0,0.0,0.0,0.0,0.0,0.0,0.0,0.0
UNSW-NB15,RANDOM_L2,16,10,2048,2,150.12021530000493,61.07203479995951,44.35456444638779,0.5928071709663314,0.7584636839815573,0.5928071709663314,0.645722615850901,0.5045611292063132,0.40283783783783783,0.018044648372010943,0.6744347923309422,0.17204936965579806,0.26779782729770707,0.014771048744460856,0.012006861063464836,0.013695280019564686,0.03251886453467481,0.050478389970306826,0.0024376026707646653,0.006292906178489702,0.023809523809523808,0.0,0.14926152650245347,0.2572758131778505,0.14926152650245347,0.0685452264945127,0.05506743513656128,1.0,0.0,0.652192858440013,0.15825591180708323,0.0475102247881546,0.0,0.0,0.0,0.0,0.0,0.0,0.0,0.0,0.0
UNSW-NB15,FGSM,16,20,2048,2,83.75419969996437,164.90622599981725,51.03847835592479,0.6077588301025117,0.7439450511335944,0.6077588301025117,0.6481417780712637,0.514536829096391,0.3934594594594595,0.019015265154857495,0.6843160937296808,0.1798430863645386,0.26426581161757834,0.014771048744460856,0.0017152658662092624,0.0119833700171191,0.03251886453467481,0.060870999670075886,0.0020666631339091726,0.006578947368421052,0.023809523809523808,0.0,0.09737404654326386,0.11659169757430991,0.09737404654326386,0.04565171035474539,-0.1408287310517578,0.9751081081081081,0.21691079149386747,0.36918079683458005,0.10496057095053304,0.027588078922827542,0.9025110782865583,0.8747855917667239,0.6666666666666666,0.3294107078692059,0.24925767073573077,0.0037093953685549256,0.20881006864988558,0.013227513227513227,0.06818181818181818
UNSW-NB15,RANDOM_LINF,16,20,2048,2,83.75419969996437,30.74189870012924,44.90720497497935,0.6077588301025117,0.7439450511335944,0.6077588301025117,0.6481417780712637,0.514536829096391,0.3934594594594595,0.019015265154857495,0.6843160937296808,0.1798430863645386,0.26426581161757834,0.014771048744460856,0.0017152658662092624,0.0119833700171191,0.03251886453467481,0.060870999670075886,0.0020666631339091726,0.006578947368421052,0.023809523809523808,0.0,0.15868678035271827,0.6677574556907521,0.15868678035271827,0.08589592832237337,0.07365878507922502,0.9993513513513513,4.4118944674843376e-05,0.668913729574912,0.16433457062309845,0.05564866486998139,0.0,0.0,0.00024455857177794083,8.983111749910169e-05,0.0,0.0,0.0,0.0,0.0
UNSW-NB15,RANDOM_L2,16,20,2048,2,83.75419969996437,32.20085590030067,45.208424427925955,0.6077588301025117,0.7439450511335944,0.6077588301025117,0.6481417780712637,0.514536829096391,0.3934594594594595,0.019015265154857495,0.6843160937296808,0.1798430863645386,0.26426581161757834,0.014771048744460856,0.0017152658662092624,0.0119833700171191,0.03251886453467481,0.060870999670075886,0.0020666631339091726,0.006578947368421052,0.023809523809523808,0.0,0.1556745858232522,0.6460848790737892,0.1556745858232522,0.08459575695036908,0.0635276878897973,0.9986756756756757,0.00013235683402453013,0.6614406171243742,0.16154923346073327,0.05603980162849147,0.0,0.0,0.00024455857177794083,0.00035932446999640676,0.0,5.299136240792751e-05,0.0,0.0,0.0
UNSW-NB15,FGSM,32,10,2048,2,293.5228088002186,113.68576679984108,50.989894573191464,0.6136131759218773,0.7384647579017104,0.6136131759218773,0.6442735168577474,0.5189817294461644,0.38356756756756755,0.019125562516544604,0.6736621011861891,0.17422690327463872,0.27231237364473354,0.03545051698670606,0.0017152658662092624,0.01173881144534116,0.03072224218469278,0.0628505443747938,0.002013671771501245,0.007437070938215103,0.018518518518518517,0.0,0.10371423018996259,0.060515674906432226,0.10371423018996259,0.04467199573123137,-0.17121228540689742,0.972027027027027,0.2140871790346775,0.3567407134298308,0.0925828403519833,0.023496573783341378,0.8936484490398818,0.8593481989708405,0.6585962337979946,0.32527847646424723,0.2507423292642692,0.00402734354300249,0.1950800915331808,0.015873015873015872,0.022727272727272728
UNSW-NB15,RANDOM_LINF,32,10,2048,2,293.5228088002186,115.96713039977476,46.18981683913909,0.6136131759218773,0.7384647579017104,0.6136131759218773,0.6442735168577474,0.5189817294461644,0.38356756756756755,0.019125562516544604,0.6736621011861891,0.17422690327463872,0.27231237364473354,0.03545051698670606,0.0017152658662092624,0.01173881144534116,0.03072224218469278,0.0628505443747938,0.002013671771501245,0.007437070938215103,0.018518518518518517,0.0,0.15171500753048633,0.2567518693000523,0.15171500753048633,0.06739685151787327,0.07296369401961371,1.0,0.0,0.6792844395730503,0.16578674489787634,0.043673515886970396,0.0,0.0,0.0,0.0,0.0,0.0,0.0,0.0,0.0
UNSW-NB15,RANDOM_L2,32,10,2048,2,293.5228088002186,116.00185000011697,46.72788223291066,0.6136131759218773,0.7384647579017104,0.6136131759218773,0.6442735168577474,0.5189817294461644,0.38356756756756755,0.019125562516544604,0.6736621011861891,0.17422690327463872,0.27231237364473354,0.03545051698670606,0.0017152658662092624,0.01173881144534116,0.03072224218469278,0.0628505443747938,0.002013671771501245,0.007437070938215103,0.018518518518518517,0.0,0.14633435359277072,0.2583498140891762,0.14633435359277072,0.05950042446137263,0.05151093825044022,1.0,0.0,0.6683957089983004,0.16169344952287318,0.040930762426169234,0.0,0.0,0.0,0.0,0.0,0.0,0.0,0.0,0.0
UNSW-NB15,FGSM,32,20,2048,2,171.00011330004781,243.66800679988228,50.443327017441575,0.6281640188505077,0.7559454320130937,0.6281640188505077,0.6538315900970364,0.5340294708898154,0.3763783783783784,0.026162534192182122,0.6861973798922472,0.18691668958437718,0.28251736719482407,0.060561299852289516,0.003430531732418525,0.015407190022010272,0.039435860582105645,0.08957439788848565,0.0014307667850140427,0.016876430205949658,0.0291005291005291,0.022727272727272728,0.12373074867609192,0.33641683419515966,0.12373074867609192,0.0853386650961499,-0.11336321178441781,0.9197567567567567,0.2358819377040501,0.3887233028626604,0.09795046790906176,0.0371469486625277,0.9290989660265879,0.8816466552315609,0.6762044509660063,0.35977362558390225,0.31227317716925107,0.007312808012293996,0.2116704805491991,0.015873015873015872,0.06818181818181818
UNSW-NB15,RANDOM_LINF,32,20,2048,2,171.00011330004781,70.78035049978644,45.62260117572754,0.6281640188505077,0.7559454320130937,0.6281640188505077,0.6538315900970364,0.5340294708898154,0.3763783783783784,0.026162534192182122,0.6861973798922472,0.18691668958437718,0.28251736719482407,0.060561299852289516,0.003430531732418525,0.015407190022010272,0.039435860582105645,0.08957439788848565,0.0014307667850140427,0.016876430205949658,0.0291005291005291,0.022727272727272728,0.1719380070932323,0.7133192645894662,0.1719380070932323,0.1053357500897439,0.10326923898093295,0.9998918918918919,0.0,0.686439820644033,0.1822872669376891,0.0643502013229784,0.0,0.0,0.0,0.0,0.0,0.0,0.0,0.0,0.0
UNSW-NB15,RANDOM_L2,32,20,2048,2,171.00011330004781,71.71644469979219,46.58941845212068,0.6281640188505077,0.7559454320130937,0.6281640188505077,0.6538315900970364,0.5340294708898154,0.3763783783783784,0.026162534192182122,0.6861973798922472,0.18691668958437718,0.28251736719482407,0.060561299852289516,0.003430531732418525,0.015407190022010272,0.039435860582105645,0.08957439788848565,0.0014307667850140427,0.016876430205949658,0.0291005291005291,0.022727272727272728,0.16226983432930087,0.7111016984031341,0.16226983432930087,0.09374145769181692,0.07968811695783692,0.9998378378378379,0.0,0.6780427080093444,0.17594734523630942,0.05973559652003309,0.0,0.0,0.0,0.0,0.0,0.0,0.0,0.0,0.0
UNSW-NB15,C&W,16,10,2048,2,152.34107699990273,538.4060245996807,0.0,0.5928071709663314,0.7584636839815573,0.5928071709663314,0.645722615850901,0.5045611292063132,0.40283783783783783,0.018044648372010943,0.6744347923309422,0.17204936965579806,0.26779782729770707,0.014771048744460856,0.012006861063464836,0.013695280019564686,0.03251886453467481,0.050478389970306826,0.0024376026707646653,0.006292906178489702,0.023809523809523808,0.0,0.5928071709663314,0.7584636839815573,0.5928071709663314,0.645722615850901,0.5045611292063132,0.40283783783783783,0.018044648372010943,0.6744347923309422,0.17204936965579806,0.26779782729770707,0.014771048744460856,0.012006861063464836,0.013695280019564686,0.03251886453467481,0.050478389970306826,0.0024376026707646653,0.006292906178489702,0.023809523809523808,0.0
UNSW-NB15,C&W,16,20,2048,2,84.6751276999712,273.6904923999682,0.0,0.6077588301025117,0.7439450511335944,0.6077588301025117,0.6481417780712637,0.514536829096391,0.3934594594594595,0.019015265154857495,0.6843160937296808,0.1798430863645386,0.26426581161757834,0.014771048744460856,0.0017152658662092624,0.0119833700171191,0.03251886453467481,0.060870999670075886,0.0020666631339091726,0.006578947368421052,0.023809523809523808,0.0,0.6077588301025117,0.7439450511335944,0.6077588301025117,0.6481417780712637,0.514536829096391,0.3934594594594595,0.019015265154857495,0.6843160937296808,0.1798430863645386,0.26426581161757834,0.014771048744460856,0.0017152658662092624,0.0119833700171191,0.03251886453467481,0.060870999670075886,0.0020666631339091726,0.006578947368421052,0.023809523809523808,0.0
UNSW-NB15,C&W,32,10,2048,2,297.20404370012693,1006.0328287999146,0.0,0.6136131759218773,0.7384647579017104,0.6136131759218773,0.6442735168577474,0.5189817294461644,0.38356756756756755,0.019125562516544604,0.6736621011861891,0.17422690327463872,0.27231237364473354,0.03545051698670606,0.0017152658662092624,0.01173881144534116,0.03072224218469278,0.0628505443747938,0.002013671771501245,0.007437070938215103,0.018518518518518517,0.0,0.6136131759218773,0.7384647579017104,0.6136131759218773,0.6442735168577474,0.5189817294461644,0.38356756756756755,0.019125562516544604,0.6736621011861891,0.17422690327463872,0.27231237364473354,0.03545051698670606,0.0017152658662092624,0.01173881144534116,0.03072224218469278,0.0628505443747938,0.002013671771501245,0.007437070938215103,0.018518518518518517,0.0
UNSW-NB15,C&W,32,20,2048,2,157.64921500021592,482.326929199975,0.0,0.6281640188505077,0.7559454320130937,0.6281640188505077,0.6538315900970364,0.5340294708898154,0.3763783783783784,0.026162534192182122,0.6861973798922472,0.18691668958437718,0.28251736719482407,0.060561299852289516,0.003430531732418525,0.015407190022010272,0.039435860582105645,0.08957439788848565,0.0014307667850140427,0.016876430205949658,0.0291005291005291,0.022727272727272728,0.6281640188505077,0.7559454320130937,0.6281640188505077,0.6538315900970364,0.5340294708898154,0.3763783783783784,0.026162534192182122,0.6861973798922472,0.18691668958437718,0.28251736719482407,0.060561299852289516,0.003430531732418525,0.015407190022010272,0.039435860582105645,0.08957439788848565,0.0014307667850140427,0.016876430205949658,0.0291005291005291,0.022727272727272728
UNSW-NB15,C&W,1,5,1024,2,30.78808999992907,113.45764650008641,0.0,0.06341398241267066,0.7951826592252886,0.06341398241267066,0.05655386107923503,-0.006805032646520298,0.962081081081081,0.00013235683402453013,0.670629315266029,0.17038301803790717,0.031109741410548362,0.0,0.0,0.0,0.00035932446999640676,0.0003299241174529858,0.0,0.0,0.0,0.0,0.06341398241267066,0.7951826592252886,0.06341398241267066,0.05655386107923503,-0.006805032646520298,0.962081081081081,0.00013235683402453013,0.670629315266029,0.17038301803790717,0.031109741410548362,0.0,0.0,0.0,0.00035932446999640676,0.0003299241174529858,0.0,0.0,0.0,0.0
UNSW-NB15,C&W,1,5,1024,3,29.684054099954665,114.76790319988504,0.0,0.06341398241267066,0.7951826592252886,0.06341398241267066,0.05655386107923503,-0.006805032646520298,0.962081081081081,0.00013235683402453013,0.670629315266029,0.17038301803790717,0.031109741410548362,0.0,0.0,0.0,0.00035932446999640676,0.0003299241174529858,0.0,0.0,0.0,0.0,0.06341398241267066,0.7951826592252886,0.06341398241267066,0.05655386107923503,-0.006805032646520298,0.962081081081081,0.00013235683402453013,0.670629315266029,0.17038301803790717,0.031109741410548362,0.0,0.0,0.0,0.00035932446999640676,0.0003299241174529858,0.0,0.0,0.0,0.0
UNSW-NB15,C&W,1,5,2048,2,29.424366199877113,113.30206660018303,0.0,0.06341398241267066,0.7951826592252886,0.06341398241267066,0.05655386107923503,-0.006805032646520298,0.962081081081081,0.00013235683402453013,0.670629315266029,0.17038301803790717,0.031109741410548362,0.0,0.0,0.0,0.00035932446999640676,0.0003299241174529858,0.0,0.0,0.0,0.0,0.06341398241267066,0.7951826592252886,0.06341398241267066,0.05655386107923503,-0.006805032646520298,0.962081081081081,0.00013235683402453013,0.670629315266029,0.17038301803790717,0.031109741410548362,0.0,0.0,0.0,0.00035932446999640676,0.0003299241174529858,0.0,0.0,0.0,0.0
UNSW-NB15,C&W,1,5,2048,3,29.782845299923792,115.38732410036027,0.0,0.06341398241267066,0.7951826592252886,0.06341398241267066,0.05655386107923503,-0.006805032646520298,0.962081081081081,0.00013235683402453013,0.670629315266029,0.17038301803790717,0.031109741410548362,0.0,0.0,0.0,0.00035932446999640676,0.0003299241174529858,0.0,0.0,0.0,0.0,0.06341398241267066,0.7951826592252886,0.06341398241267066,0.05655386107923503,-0.006805032646520298,0.962081081081081,0.00013235683402453013,0.670629315266029,0.17038301803790717,0.031109741410548362,0.0,0.0,0.0,0.00035932446999640676,0.0003299241174529858,0.0,0.0,0.0,0.0
UNSW-NB15,C&W,1,10,1024,2,21.823688499862328,61.0957844001241,0.0,0.10655638147986202,0.7537191519191005,0.10655638147986202,0.1546517263831872,0.05254600164394027,0.8795675675675676,0.0011029736168710845,0.672740075477045,0.16304426250711995,0.06916441763853698,0.0,0.0,0.0019564685742235266,0.0035932446999640674,0.0003299241174529858,0.0,0.0,0.0,0.0,0.10655638147986202,0.7537191519191005,0.10655638147986202,0.1546517263831872,0.05254600164394027,0.8795675675675676,0.0011029736168710845,0.672740075477045,0.16304426250711995,0.06916441763853698,0.0,0.0,0.0019564685742235266,0.0035932446999640674,0.0003299241174529858,0.0,0.0,0.0,0.0
UNSW-NB15,C&W,1,10,1024,3,22.0355243999511,61.639174399664626,0.0,0.10655638147986202,0.7537191519191005,0.10655638147986202,0.1546517263831872,0.05254600164394027,0.8795675675675676,0.0011029736168710845,0.672740075477045,0.16304426250711995,0.06916441763853698,0.0,0.0,0.0019564685742235266,0.0035932446999640674,0.0003299241174529858,0.0,0.0,0.0,0.0,0.10655638147986202,0.7537191519191005,0.10655638147986202,0.1546517263831872,0.05254600164394027,0.8795675675675676,0.0011029736168710845,0.672740075477045,0.16304426250711995,0.06916441763853698,0.0,0.0,0.0019564685742235266,0.0035932446999640674,0.0003299241174529858,0.0,0.0,0.0,0.0
UNSW-NB15,C&W,1,10,2048,2,21.7470416999422,60.79958329978399,0.0,0.10655638147986202,0.7537191519191005,0.10655638147986202,0.1546517263831872,0.05254600164394027,0.8795675675675676,0.0011029736168710845,0.672740075477045,0.16304426250711995,0.06916441763853698,0.0,0.0,0.0019564685742235266,0.0035932446999640674,0.0003299241174529858,0.0,0.0,0.0,0.0,0.10655638147986202,0.7537191519191005,0.10655638147986202,0.1546517263831872,0.05254600164394027,0.8795675675675676,0.0011029736168710845,0.672740075477045,0.16304426250711995,0.06916441763853698,0.0,0.0,0.0019564685742235266,0.0035932446999640674,0.0003299241174529858,0.0,0.0,0.0,0.0
UNSW-NB15,C&W,1,10,2048,3,25.439506800146773,61.043504500063136,0.0,0.10655638147986202,0.7537191519191005,0.10655638147986202,0.1546517263831872,0.05254600164394027,0.8795675675675676,0.0011029736168710845,0.672740075477045,0.16304426250711995,0.06916441763853698,0.0,0.0,0.0019564685742235266,0.0035932446999640674,0.0003299241174529858,0.0,0.0,0.0,0.0,0.10655638147986202,0.7537191519191005,0.10655638147986202,0.1546517263831872,0.05254600164394027,0.8795675675675676,0.0011029736168710845,0.672740075477045,0.16304426250711995,0.06916441763853698,0.0,0.0,0.0019564685742235266,0.0035932446999640674,0.0003299241174529858,0.0,0.0,0.0,0.0
UNSW-NB15,C&W,1,15,1024,2,20.73988140001893,42.29279680037871,0.0,0.0737744740805519,0.79448846524328,0.0737744740805519,0.06891935276726037,-0.011640191675165456,0.962081081081081,0.00013235683402453013,0.6545551763072226,0.17304713398169996,0.036932046746125755,0.0,0.0,0.0,0.00035932446999640676,0.0003299241174529858,0.0,0.0,0.0,0.0,0.0737744740805519,0.79448846524328,0.0737744740805519,0.06891935276726037,-0.011640191675165456,0.962081081081081,0.00013235683402453013,0.6545551763072226,0.17304713398169996,0.036932046746125755,0.0,0.0,0.0,0.00035932446999640676,0.0003299241174529858,0.0,0.0,0.0,0.0
UNSW-NB15,C&W,1,15,1024,3,20.840661800000817,42.175291599938646,0.0,0.0737744740805519,0.79448846524328,0.0737744740805519,0.06891935276726037,-0.011640191675165456,0.962081081081081,0.00013235683402453013,0.6545551763072226,0.17304713398169996,0.036932046746125755,0.0,0.0,0.0,0.00035932446999640676,0.0003299241174529858,0.0,0.0,0.0,0.0,0.0737744740805519,0.79448846524328,0.0737744740805519,0.06891935276726037,-0.011640191675165456,0.962081081081081,0.00013235683402453013,0.6545551763072226,0.17304713398169996,0.036932046746125755,0.0,0.0,0.0,0.00035932446999640676,0.0003299241174529858,0.0,0.0,0.0,0.0
UNSW-NB15,C&W,1,15,2048,2,21.3260600999929,41.929053500294685,0.0,0.0737744740805519,0.79448846524328,0.0737744740805519,0.06891935276726037,-0.011640191675165456,0.962081081081081,0.00013235683402453013,0.6545551763072226,0.17304713398169996,0.036932046746125755,0.0,0.0,0.0,0.00035932446999640676,0.0003299241174529858,0.0,0.0,0.0,0.0,0.0737744740805519,0.79448846524328,0.0737744740805519,0.06891935276726037,-0.011640191675165456,0.962081081081081,0.00013235683402453013,0.6545551763072226,0.17304713398169996,0.036932046746125755,0.0,0.0,0.0,0.00035932446999640676,0.0003299241174529858,0.0,0.0,0.0,0.0
UNSW-NB15,C&W,1,15,2048,3,19.30964200012386,43.35250460007228,0.0,0.0737744740805519,0.79448846524328,0.0737744740805519,0.06891935276726037,-0.011640191675165456,0.962081081081081,0.00013235683402453013,0.6545551763072226,0.17304713398169996,0.036932046746125755,0.0,0.0,0.0,0.00035932446999640676,0.0003299241174529858,0.0,0.0,0.0,0.0,0.0737744740805519,0.79448846524328,0.0737744740805519,0.06891935276726037,-0.011640191675165456,0.962081081081081,0.00013235683402453013,0.6545551763072226,0.17304713398169996,0.036932046746125755,0.0,0.0,0.0,0.00035932446999640676,0.0003299241174529858,0.0,0.0,0.0,0.0
UNSW-NB15,C&W,1,20,1024,2,17.781499300152063,33.68065689969808,0.0,0.11027304085896128,0.7528177011895647,0.11027304085896128,0.15330377594418051,0.04311433674249152,0.879945945945946,0.0011029736168710845,0.6660724465294173,0.1748896996611426,0.06657688507040208,0.0,0.0,0.0019564685742235266,0.0035932446999640674,0.0003299241174529858,0.0,0.0,0.0,0.0,0.11027304085896128,0.7528177011895647,0.11027304085896128,0.15330377594418051,0.04311433674249152,0.879945945945946,0.0011029736168710845,0.6660724465294173,0.1748896996611426,0.06657688507040208,0.0,0.0,0.0019564685742235266,0.0035932446999640674,0.0003299241174529858,0.0,0.0,0.0,0.0
UNSW-NB15,C&W,1,20,1024,3,18.307036000071093,33.529089900199324,0.0,0.11027304085896128,0.7528177011895647,0.11027304085896128,0.15330377594418051,0.04311433674249152,0.879945945945946,0.0011029736168710845,0.6660724465294173,0.1748896996611426,0.06657688507040208,0.0,0.0,0.0019564685742235266,0.0035932446999640674,0.0003299241174529858,0.0,0.0,0.0,0.0,0.11027304085896128,0.7528177011895647,0.11027304085896128,0.15330377594418051,0.04311433674249152,0.879945945945946,0.0011029736168710845,0.6660724465294173,0.1748896996611426,0.06657688507040208,0.0,0.0,0.0019564685742235266,0.0035932446999640674,0.0003299241174529858,0.0,0.0,0.0,0.0
UNSW-NB15,C&W,1,20,2048,2,17.769213600084186,33.60386080015451,0.0,0.11027304085896128,0.7528177011895647,0.11027304085896128,0.15330377594418051,0.04311433674249152,0.879945945945946,0.0011029736168710845,0.6660724465294173,0.1748896996611426,0.06657688507040208,0.0,0.0,0.0019564685742235266,0.0035932446999640674,0.0003299241174529858,0.0,0.0,0.0,0.0,0.11027304085896128,0.7528177011895647,0.11027304085896128,0.15330377594418051,0.04311433674249152,0.879945945945946,0.0011029736168710845,0.6660724465294173,0.1748896996611426,0.06657688507040208,0.0,0.0,0.0019564685742235266,0.0035932446999640674,0.0003299241174529858,0.0,0.0,0.0,0.0
UNSW-NB15,C&W,1,20,2048,3,18.17779519991018,33.99991969997063,0.0,0.11027304085896128,0.7528177011895647,0.11027304085896128,0.15330377594418051,0.04311433674249152,0.879945945945946,0.0011029736168710845,0.6660724465294173,0.1748896996611426,0.06657688507040208,0.0,0.0,0.0019564685742235266,0.0035932446999640674,0.0003299241174529858,0.0,0.0,0.0,0.0,0.11027304085896128,0.7528177011895647,0.11027304085896128,0.15330377594418051,0.04311433674249152,0.879945945945946,0.0011029736168710845,0.6660724465294173,0.1748896996611426,0.06657688507040208,0.0,0.0,0.0019564685742235266,0.0035932446999640674,0.0003299241174529858,0.0,0.0,0.0,0.0
UNSW-NB15,C&W,2,5,1024,2,46.05977650010027,224.81021310016513,0.0,0.17507166107953165,0.7249820495816803,0.17507166107953165,0.23909694606690302,0.11005669424903707,0.8565945945945946,0.001279449395570458,0.6681545037391572,0.16843477209399532,0.09889426630772995,0.004431314623338257,0.0,0.00293470286133529,0.0015271289974847287,0.003299241174529858,0.00010598272481585502,0.0008581235697940503,0.0026455026455026454,0.0,0.17507166107953165,0.7249820495816803,0.17507166107953165,0.23909694606690302,0.11005669424903707,0.8565945945945946,0.001279449395570458,0.6681545037391572,0.16843477209399532,0.09889426630772995,0.004431314623338257,0.0,0.00293470286133529,0.0015271289974847287,0.003299241174529858,0.00010598272481585502,0.0008581235697940503,0.0026455026455026454,0.0
UNSW-NB15,C&W,2,5,1024,3,48.585756100015715,220.2015186001081,0.0,0.17507166107953165,0.7249820495816803,0.17507166107953165,0.23909694606690302,0.11005669424903707,0.8565945945945946,0.001279449395570458,0.6681545037391572,0.16843477209399532,0.09889426630772995,0.004431314623338257,0.0,0.00293470286133529,0.0015271289974847287,0.003299241174529858,0.00010598272481585502,0.0008581235697940503,0.0026455026455026454,0.0,0.17507166107953165,0.7249820495816803,0.17507166107953165,0.23909694606690302,0.11005669424903707,0.8565945945945946,0.001279449395570458,0.6681545037391572,0.16843477209399532,0.09889426630772995,0.004431314623338257,0.0,0.00293470286133529,0.0015271289974847287,0.003299241174529858,0.00010598272481585502,0.0008581235697940503,0.0026455026455026454,0.0
UNSW-NB15,C&W,2,5,2048,2,46.24461539997719,218.51832550019026,0.0,0.17507166107953165,0.7249820495816803,0.17507166107953165,0.23909694606690302,0.11005669424903707,0.8565945945945946,0.001279449395570458,0.6681545037391572,0.16843477209399532,0.09889426630772995,0.004431314623338257,0.0,0.00293470286133529,0.0015271289974847287,0.003299241174529858,0.00010598272481585502,0.0008581235697940503,0.0026455026455026454,0.0,0.17507166107953165,0.7249820495816803,0.17507166107953165,0.23909694606690302,0.11005669424903707,0.8565945945945946,0.001279449395570458,0.6681545037391572,0.16843477209399532,0.09889426630772995,0.004431314623338257,0.0,0.00293470286133529,0.0015271289974847287,0.003299241174529858,0.00010598272481585502,0.0008581235697940503,0.0026455026455026454,0.0
UNSW-NB15,C&W,2,5,2048,3,48.15937489992939,219.79311010008678,0.0,0.17507166107953165,0.7249820495816803,0.17507166107953165,0.23909694606690302,0.11005669424903707,0.8565945945945946,0.001279449395570458,0.6681545037391572,0.16843477209399532,0.09889426630772995,0.004431314623338257,0.0,0.00293470286133529,0.0015271289974847287,0.003299241174529858,0.00010598272481585502,0.0008581235697940503,0.0026455026455026454,0.0,0.17507166107953165,0.7249820495816803,0.17507166107953165,0.23909694606690302,0.11005669424903707,0.8565945945945946,0.001279449395570458,0.6681545037391572,0.16843477209399532,0.09889426630772995,0.004431314623338257,0.0,0.00293470286133529,0.0015271289974847287,0.003299241174529858,0.00010598272481585502,0.0008581235697940503,0.0026455026455026454,0.0
UNSW-NB15,C&W,2,10,1024,2,30.23690989986062,102.42284619994462,0.0,0.37495748919010835,0.772659591494173,0.37495748919010835,0.4397570736418604,0.33002407442276677,0.7746756756756756,0.001500044118944675,0.6680153203094703,0.17056094022860402,0.18252979413376594,0.004431314623338257,0.0,0.0034238200048911714,0.002066115702479339,0.003464203233256351,0.00010598272481585502,0.0011441647597254005,0.0026455026455026454,0.0,0.37495748919010835,0.772659591494173,0.37495748919010835,0.4397570736418604,0.33002407442276677,0.7746756756756756,0.001500044118944675,0.6680153203094703,0.17056094022860402,0.18252979413376594,0.004431314623338257,0.0,0.0034238200048911714,0.002066115702479339,0.003464203233256351,0.00010598272481585502,0.0011441647597254005,0.0026455026455026454,0.0
UNSW-NB15,C&W,2,10,1024,3,35.99832429992966,104.21180869964883,0.0,0.37495748919010835,0.772659591494173,0.37495748919010835,0.4397570736418604,0.33002407442276677,0.7746756756756756,0.001500044118944675,0.6680153203094703,0.17056094022860402,0.18252979413376594,0.004431314623338257,0.0,0.0034238200048911714,0.002066115702479339,0.003464203233256351,0.00010598272481585502,0.0011441647597254005,0.0026455026455026454,0.0,0.37495748919010835,0.772659591494173,0.37495748919010835,0.4397570736418604,0.33002407442276677,0.7746756756756756,0.001500044118944675,0.6680153203094703,0.17056094022860402,0.18252979413376594,0.004431314623338257,0.0,0.0034238200048911714,0.002066115702479339,0.003464203233256351,0.00010598272481585502,0.0011441647597254005,0.0026455026455026454,0.0
UNSW-NB15,C&W,2,10,2048,2,30.194235200062394,103.14887969987467,0.0,0.37495748919010835,0.772659591494173,0.37495748919010835,0.4397570736418604,0.33002407442276677,0.7746756756756756,0.001500044118944675,0.6680153203094703,0.17056094022860402,0.18252979413376594,0.004431314623338257,0.0,0.0034238200048911714,0.002066115702479339,0.003464203233256351,0.00010598272481585502,0.0011441647597254005,0.0026455026455026454,0.0,0.37495748919010835,0.772659591494173,0.37495748919010835,0.4397570736418604,0.33002407442276677,0.7746756756756756,0.001500044118944675,0.6680153203094703,0.17056094022860402,0.18252979413376594,0.004431314623338257,0.0,0.0034238200048911714,0.002066115702479339,0.003464203233256351,0.00010598272481585502,0.0011441647597254005,0.0026455026455026454,0.0
UNSW-NB15,C&W,2,10,2048,3,29.90035709994845,103.05703529994935,0.0,0.37495748919010835,0.772659591494173,0.37495748919010835,0.4397570736418604,0.33002407442276677,0.7746756756756756,0.001500044118944675,0.6680153203094703,0.17056094022860402,0.18252979413376594,0.004431314623338257,0.0,0.0034238200048911714,0.002066115702479339,0.003464203233256351,0.00010598272481585502,0.0011441647597254005,0.0026455026455026454,0.0,0.37495748919010835,0.772659591494173,0.37495748919010835,0.4397570736418604,0.33002407442276677,0.7746756756756756,0.001500044118944675,0.6680153203094703,0.17056094022860402,0.18252979413376594,0.004431314623338257,0.0,0.0034238200048911714,0.002066115702479339,0.003464203233256351,0.00010598272481585502,0.0011441647597254005,0.0026455026455026454,0.0
UNSW-NB15,C&W,2,15,1024,2,25.159855799982324,73.784822399728,0.0,0.2377690326968858,0.7530704745669652,0.2377690326968858,0.3365386088478696,0.16485100813385994,0.7332972972972973,0.0018971146210182653,0.6808901097804054,0.1674870101133486,0.1288700098336933,0.004431314623338257,0.0,0.0034238200048911714,0.001976284584980237,0.006598482349059716,0.00010598272481585502,0.0011441647597254005,0.0026455026455026454,0.0,0.2377690326968858,0.7530704745669652,0.2377690326968858,0.3365386088478696,0.16485100813385994,0.7332972972972973,0.0018971146210182653,0.6808901097804054,0.1674870101133486,0.1288700098336933,0.004431314623338257,0.0,0.0034238200048911714,0.001976284584980237,0.006598482349059716,0.00010598272481585502,0.0011441647597254005,0.0026455026455026454,0.0
UNSW-NB15,C&W,2,15,1024,3,24.747857099864632,75.18284910032526,0.0,0.2377690326968858,0.7530704745669652,0.2377690326968858,0.3365386088478696,0.16485100813385994,0.7332972972972973,0.0018971146210182653,0.6808901097804054,0.1674870101133486,0.1288700098336933,0.004431314623338257,0.0,0.0034238200048911714,0.001976284584980237,0.006598482349059716,0.00010598272481585502,0.0011441647597254005,0.0026455026455026454,0.0,0.2377690326968858,0.7530704745669652,0.2377690326968858,0.3365386088478696,0.16485100813385994,0.7332972972972973,0.0018971146210182653,0.6808901097804054,0.1674870101133486,0.1288700098336933,0.004431314623338257,0.0,0.0034238200048911714,0.001976284584980237,0.006598482349059716,0.00010598272481585502,0.0011441647597254005,0.0026455026455026454,0.0
UNSW-NB15,C&W,2,15,2048,2,24.508069599978626,74.61111390008591,0.0,0.2377690326968858,0.7530704745669652,0.2377690326968858,0.3365386088478696,0.16485100813385994,0.7332972972972973,0.0018971146210182653,0.6808901097804054,0.1674870101133486,0.1288700098336933,0.004431314623338257,0.0,0.0034238200048911714,0.001976284584980237,0.006598482349059716,0.00010598272481585502,0.0011441647597254005,0.0026455026455026454,0.0,0.2377690326968858,0.7530704745669652,0.2377690326968858,0.3365386088478696,0.16485100813385994,0.7332972972972973,0.0018971146210182653,0.6808901097804054,0.1674870101133486,0.1288700098336933,0.004431314623338257,0.0,0.0034238200048911714,0.001976284584980237,0.006598482349059716,0.00010598272481585502,0.0011441647597254005,0.0026455026455026454,0.0
UNSW-NB15,C&W,2,15,2048,3,27.965730299940333,76.27889290009625,0.0,0.2377690326968858,0.7530704745669652,0.2377690326968858,0.3365386088478696,0.16485100813385994,0.7332972972972973,0.0018971146210182653,0.6808901097804054,0.1674870101133486,0.1288700098336933,0.004431314623338257,0.0,0.0034238200048911714,0.001976284584980237,0.006598482349059716,0.00010598272481585502,0.0011441647597254005,0.0026455026455026454,0.0,0.2377690326968858,0.7530704745669652,0.2377690326968858,0.3365386088478696,0.16485100813385994,0.7332972972972973,0.0018971146210182653,0.6808901097804054,0.1674870101133486,0.1288700098336933,0.004431314623338257,0.0,0.0034238200048911714,0.001976284584980237,0.006598482349059716,0.00010598272481585502,0.0011441647597254005,0.0026455026455026454,0.0
UNSW-NB15,C&W,2,20,1024,2,22.25271870009601,56.120108500123024,0.0,0.2777899237234611,0.753880723121149,0.2777899237234611,0.3671632238395358,0.2009082419622339,0.7317027027027027,0.0025368393188034944,0.671660978277736,0.1729270471897809,0.14892871217555875,0.004431314623338257,0.0,0.008070432868672046,0.00422206252245778,0.00395908940943583,0.00010598272481585502,0.0014302059496567505,0.0026455026455026454,0.0,0.2777899237234611,0.753880723121149,0.2777899237234611,0.3671632238395358,0.2009082419622339,0.7317027027027027,0.0025368393188034944,0.671660978277736,0.1729270471897809,0.14892871217555875,0.004431314623338257,0.0,0.008070432868672046,0.00422206252245778,0.00395908940943583,0.00010598272481585502,0.0014302059496567505,0.0026455026455026454,0.0
UNSW-NB15,C&W,2,20,1024,3,22.18362019979395,54.798879999667406,0.0,0.2777899237234611,0.753880723121149,0.2777899237234611,0.3671632238395358,0.2009082419622339,0.7317027027027027,0.0025368393188034944,0.671660978277736,0.1729270471897809,0.14892871217555875,0.004431314623338257,0.0,0.008070432868672046,0.00422206252245778,0.00395908940943583,0.00010598272481585502,0.0014302059496567505,0.0026455026455026454,0.0,0.2777899237234611,0.753880723121149,0.2777899237234611,0.3671632238395358,0.2009082419622339,0.7317027027027027,0.0025368393188034944,0.671660978277736,0.1729270471897809,0.14892871217555875,0.004431314623338257,0.0,0.008070432868672046,0.00422206252245778,0.00395908940943583,0.00010598272481585502,0.0014302059496567505,0.0026455026455026454,0.0
UNSW-NB15,C&W,2,20,2048,2,22.09838189999573,54.523322500055656,0.0,0.2777899237234611,0.753880723121149,0.2777899237234611,0.3671632238395358,0.2009082419622339,0.7317027027027027,0.0025368393188034944,0.671660978277736,0.1729270471897809,0.14892871217555875,0.004431314623338257,0.0,0.008070432868672046,0.00422206252245778,0.00395908940943583,0.00010598272481585502,0.0014302059496567505,0.0026455026455026454,0.0,0.2777899237234611,0.753880723121149,0.2777899237234611,0.3671632238395358,0.2009082419622339,0.7317027027027027,0.0025368393188034944,0.671660978277736,0.1729270471897809,0.14892871217555875,0.004431314623338257,0.0,0.008070432868672046,0.00422206252245778,0.00395908940943583,0.00010598272481585502,0.0014302059496567505,0.0026455026455026454,0.0
UNSW-NB15,C&W,2,20,2048,3,22.482900299830362,56.50625759991817,0.0,0.2777899237234611,0.753880723121149,0.2777899237234611,0.3671632238395358,0.2009082419622339,0.7317027027027027,0.0025368393188034944,0.671660978277736,0.1729270471897809,0.14892871217555875,0.004431314623338257,0.0,0.008070432868672046,0.00422206252245778,0.00395908940943583,0.00010598272481585502,0.0014302059496567505,0.0026455026455026454,0.0,0.2777899237234611,0.753880723121149,0.2777899237234611,0.3671632238395358,0.2009082419622339,0.7317027027027027,0.0025368393188034944,0.671660978277736,0.1729270471897809,0.14892871217555875,0.004431314623338257,0.0,0.008070432868672046,0.00422206252245778,0.00395908940943583,0.00010598272481585502,0.0014302059496567505,0.0026455026455026454,0.0
UNSW-NB15,C&W,4,5,1024,2,78.98914810013957,392.0123217999935,0.0,0.29190351260749164,0.7286078411549742,0.29190351260749164,0.37055702613237357,0.2154786164337366,0.7591081081081081,0.004786905497220506,0.6566538074123843,0.16918553129059372,0.15337004538673835,0.004431314623338257,0.0,0.004402054292002935,0.005120373697448796,0.021939953810623556,0.00031794817444756504,0.0,0.0,0.0,0.29190351260749164,0.7286078411549742,0.29190351260749164,0.37055702613237357,0.2154786164337366,0.7591081081081081,0.004786905497220506,0.6566538074123843,0.16918553129059372,0.15337004538673835,0.004431314623338257,0.0,0.004402054292002935,0.005120373697448796,0.021939953810623556,0.00031794817444756504,0.0,0.0,0.0
UNSW-NB15,C&W,4,5,1024,3,80.20137270004489,398.9767695995979,0.0,0.29190351260749164,0.7286078411549742,0.29190351260749164,0.37055702613237357,0.2154786164337366,0.7591081081081081,0.004786905497220506,0.6566538074123843,0.16918553129059372,0.15337004538673835,0.004431314623338257,0.0,0.004402054292002935,0.005120373697448796,0.021939953810623556,0.00031794817444756504,0.0,0.0,0.0,0.29190351260749164,0.7286078411549742,0.29190351260749164,0.37055702613237357,0.2154786164337366,0.7591081081081081,0.004786905497220506,0.6566538074123843,0.16918553129059372,0.15337004538673835,0.004431314623338257,0.0,0.004402054292002935,0.005120373697448796,0.021939953810623556,0.00031794817444756504,0.0,0.0,0.0
UNSW-NB15,C&W,4,5,2048,2,79.47754570003599,393.3504909002222,0.0,0.29190351260749164,0.7286078411549742,0.29190351260749164,0.37055702613237357,0.2154786164337366,0.7591081081081081,0.004786905497220506,0.6566538074123843,0.16918553129059372,0.15337004538673835,0.004431314623338257,0.0,0.004402054292002935,0.005120373697448796,0.021939953810623556,0.00031794817444756504,0.0,0.0,0.0,0.29190351260749164,0.7286078411549742,0.29190351260749164,0.37055702613237357,0.2154786164337366,0.7591081081081081,0.004786905497220506,0.6566538074123843,0.16918553129059372,0.15337004538673835,0.004431314623338257,0.0,0.004402054292002935,0.005120373697448796,0.021939953810623556,0.00031794817444756504,0.0,0.0,0.0
UNSW-NB15,C&W,4,5,2048,3,79.877787000034,398.9407401001081,0.0,0.29190351260749164,0.7286078411549742,0.29190351260749164,0.37055702613237357,0.2154786164337366,0.7591081081081081,0.004786905497220506,0.6566538074123843,0.16918553129059372,0.15337004538673835,0.004431314623338257,0.0,0.004402054292002935,0.005120373697448796,0.021939953810623556,0.00031794817444756504,0.0,0.0,0.0,0.29190351260749164,0.7286078411549742,0.29190351260749164,0.37055702613237357,0.2154786164337366,0.7591081081081081,0.004786905497220506,0.6566538074123843,0.16918553129059372,0.15337004538673835,0.004431314623338257,0.0,0.004402054292002935,0.005120373697448796,0.021939953810623556,0.00031794817444756504,0.0,0.0,0.0
UNSW-NB15,C&W,4,10,1024,2,47.927049400052056,182.85496140015312,0.0,0.4495578875771268,0.7681789537075436,0.4495578875771268,0.5464625752059495,0.3521446220291788,0.4164864864864865,0.006772258007588458,0.6719449748093672,0.17385235713539143,0.20360869511360308,0.005908419497784343,0.0,0.012961604304230863,0.008354293927416457,0.022599802045529527,0.0006358963488951301,0.002002288329519451,0.0026455026455026454,0.0,0.4495578875771268,0.7681789537075436,0.4495578875771268,0.5464625752059495,0.3521446220291788,0.4164864864864865,0.006772258007588458,0.6719449748093672,0.17385235713539143,0.20360869511360308,0.005908419497784343,0.0,0.012961604304230863,0.008354293927416457,0.022599802045529527,0.0006358963488951301,0.002002288329519451,0.0026455026455026454,0.0
UNSW-NB15,C&W,4,10,1024,3,46.900968299945816,181.38141310028732,0.0,0.44954574163144345,0.768152197262789,0.44954574163144345,0.546448489156606,0.35212298572849865,0.4164864864864865,0.0067943174799258805,0.6719693754774179,0.1739090789271645,0.203595916726169,0.005908419497784343,0.0,0.012961604304230863,0.008354293927416457,0.02276476410425602,0.0006358963488951301,0.002002288329519451,0.0026455026455026454,0.0,0.44954574163144345,0.768152197262789,0.44954574163144345,0.546448489156606,0.35212298572849865,0.4164864864864865,0.0067943174799258805,0.6719693754774179,0.1739090789271645,0.203595916726169,0.005908419497784343,0.0,0.012961604304230863,0.008354293927416457,0.02276476410425602,0.0006358963488951301,0.002002288329519451,0.0026455026455026454,0.0
UNSW-NB15,C&W,4,10,2048,2,46.58076579985209,181.207187499851,0.0,0.44954574163144345,0.768152197262789,0.44954574163144345,0.546448489156606,0.35212298572849865,0.4164864864864865,0.0067943174799258805,0.6719693754774179,0.1739090789271645,0.203595916726169,0.005908419497784343,0.0,0.012961604304230863,0.008354293927416457,0.02276476410425602,0.0006358963488951301,0.002002288329519451,0.0026455026455026454,0.0,0.44954574163144345,0.768152197262789,0.44954574163144345,0.546448489156606,0.35212298572849865,0.4164864864864865,0.0067943174799258805,0.6719693754774179,0.1739090789271645,0.203595916726169,0.005908419497784343,0.0,0.012961604304230863,0.008354293927416457,0.02276476410425602,0.0006358963488951301,0.002002288329519451,0.0026455026455026454,0.0
UNSW-NB15,C&W,4,10,2048,3,58.546943300170824,181.8731846001465,0.0,0.44954574163144345,0.768152197262789,0.44954574163144345,0.546448489156606,0.35212298572849865,0.4164864864864865,0.0067943174799258805,0.6719693754774179,0.1739090789271645,0.203595916726169,0.005908419497784343,0.0,0.012961604304230863,0.008354293927416457,0.02276476410425602,0.0006358963488951301,0.002002288329519451,0.0026455026455026454,0.0,0.44954574163144345,0.768152197262789,0.44954574163144345,0.546448489156606,0.35212298572849865,0.4164864864864865,0.0067943174799258805,0.6719693754774179,0.1739090789271645,0.203595916726169,0.005908419497784343,0.0,0.012961604304230863,0.008354293927416457,0.02276476410425602,0.0006358963488951301,0.002002288329519451,0.0026455026455026454,0.0
UNSW-NB15,C&W,4,15,1024,2,36.96725939982571,113.0101065998897,0.0,0.5628917067482874,0.7854058288097878,0.5628917067482874,0.6271607241305588,0.48355815810399627,0.41945945945945945,0.005845760169416747,0.6592382175558222,0.17141454417154564,0.24594969381620127,0.005908419497784343,0.0,0.013695280019564686,0.007635644987423643,0.016826129990102277,0.000529913624079275,0.002002288329519451,0.0026455026455026454,0.0,0.5628917067482874,0.7854058288097878,0.5628917067482874,0.6271607241305588,0.48355815810399627,0.41945945945945945,0.005845760169416747,0.6592382175558222,0.17141454417154564,0.24594969381620127,0.005908419497784343,0.0,0.013695280019564686,0.007635644987423643,0.016826129990102277,0.000529913624079275,0.002002288329519451,0.0026455026455026454,0.0
UNSW-NB15,C&W,4,15,1024,3,42.95025709993206,115.62497230013832,0.0,0.5628917067482874,0.7854058288097878,0.5628917067482874,0.6271607241305588,0.48355815810399627,0.41945945945945945,0.005845760169416747,0.6592453276850975,0.1714408979023936,0.24594969381620127,0.005908419497784343,0.0,0.013695280019564686,0.007635644987423643,0.016826129990102277,0.000529913624079275,0.002002288329519451,0.0026455026455026454,0.0,0.5628917067482874,0.7854058288097878,0.5628917067482874,0.6271607241305588,0.48355815810399627,0.41945945945945945,0.005845760169416747,0.6592453276850975,0.1714408979023936,0.24594969381620127,0.005908419497784343,0.0,0.013695280019564686,0.007635644987423643,0.016826129990102277,0.000529913624079275,0.002002288329519451,0.0026455026455026454,0.0
UNSW-NB15,C&W,4,15,2048,2,35.50974670005962,113.43109000008553,0.0,0.5628917067482874,0.7854058288097878,0.5628917067482874,0.6271607241305588,0.48355815810399627,0.41945945945945945,0.005845760169416747,0.6592457452415894,0.17143999623494172,0.24594969381620127,0.005908419497784343,0.0,0.013695280019564686,0.007635644987423643,0.016826129990102277,0.000529913624079275,0.002002288329519451,0.0026455026455026454,0.0,0.5628917067482874,0.7854058288097878,0.5628917067482874,0.6271607241305588,0.48355815810399627,0.41945945945945945,0.005845760169416747,0.6592457452415894,0.17143999623494172,0.24594969381620127,0.005908419497784343,0.0,0.013695280019564686,0.007635644987423643,0.016826129990102277,0.000529913624079275,0.002002288329519451,0.0026455026455026454,0.0
UNSW-NB15,C&W,4,15,2048,3,36.86206359998323,114.33556429971941,0.0,0.5628917067482874,0.7854058288097878,0.5628917067482874,0.6271607241305588,0.48355815810399627,0.41945945945945945,0.005845760169416747,0.6592453276850975,0.1714408979023936,0.24594969381620127,0.005908419497784343,0.0,0.013695280019564686,0.007635644987423643,0.016826129990102277,0.000529913624079275,0.002002288329519451,0.0026455026455026454,0.0,0.5628917067482874,0.7854058288097878,0.5628917067482874,0.6271607241305588,0.48355815810399627,0.41945945945945945,0.005845760169416747,0.6592453276850975,0.1714408979023936,0.24594969381620127,0.005908419497784343,0.0,0.013695280019564686,0.007635644987423643,0.016826129990102277,0.000529913624079275,0.002002288329519451,0.0026455026455026454,0.0
UNSW-NB15,C&W,4,20,1024,2,30.43566929991357,83.09415649995208,0.0,0.5656731283097702,0.791159617249323,0.5656731283097702,0.6323456141811032,0.4880493985158519,0.41502702702702704,0.00822818318185829,0.6794868417226219,0.18766342842231998,0.2507190415507684,0.005908419497784343,0.008576329331046312,0.015651748593788213,0.01006108515989939,0.024579346750247442,0.0013247840601981877,0.003146453089244851,0.007936507936507936,0.0,0.5656731283097702,0.791159617249323,0.5656731283097702,0.6323456141811032,0.4880493985158519,0.41502702702702704,0.00822818318185829,0.6794868417226219,0.18766342842231998,0.2507190415507684,0.005908419497784343,0.008576329331046312,0.015651748593788213,0.01006108515989939,0.024579346750247442,0.0013247840601981877,0.003146453089244851,0.007936507936507936,0.0
UNSW-NB15,C&W,4,20,1024,3,31.275663299951702,82.9317139997147,0.0,0.5656731283097702,0.791159617249323,0.5656731283097702,0.6323456141811032,0.4880493985158519,0.41502702702702704,0.00822818318185829,0.6794868417226219,0.18766342842231998,0.2507190415507684,0.005908419497784343,0.008576329331046312,0.015651748593788213,0.01006108515989939,0.024579346750247442,0.0013247840601981877,0.003146453089244851,0.007936507936507936,0.0,0.5656731283097702,0.791159617249323,0.5656731283097702,0.6323456141811032,0.4880493985158519,0.41502702702702704,0.00822818318185829,0.6794868417226219,0.18766342842231998,0.2507190415507684,0.005908419497784343,0.008576329331046312,0.015651748593788213,0.01006108515989939,0.024579346750247442,0.0013247840601981877,0.003146453089244851,0.007936507936507936,0.0
UNSW-NB15,C&W,4,20,2048,2,30.197988899890333,82.78303689952008,0.0,0.5656731283097702,0.791159617249323,0.5656731283097702,0.6323456141811032,0.4880493985158519,0.41502702702702704,0.00822818318185829,0.6794868417226219,0.18766342842231998,0.2507190415507684,0.005908419497784343,0.008576329331046312,0.015651748593788213,0.01006108515989939,0.024579346750247442,0.0013247840601981877,0.003146453089244851,0.007936507936507936,0.0,0.5656731283097702,0.791159617249323,0.5656731283097702,0.6323456141811032,0.4880493985158519,0.41502702702702704,0.00822818318185829,0.6794868417226219,0.18766342842231998,0.2507190415507684,0.005908419497784343,0.008576329331046312,0.015651748593788213,0.01006108515989939,0.024579346750247442,0.0013247840601981877,0.003146453089244851,0.007936507936507936,0.0
UNSW-NB15,C&W,4,20,2048,3,32.40562350000255,82.65339529979974,0.0,0.5656731283097702,0.791159617249323,0.5656731283097702,0.6323456141811032,0.4880493985158519,0.41502702702702704,0.00822818318185829,0.6794868417226219,0.18766342842231998,0.2507190415507684,0.005908419497784343,0.008576329331046312,0.015651748593788213,0.01006108515989939,0.024579346750247442,0.0013247840601981877,0.003146453089244851,0.007936507936507936,0.0,0.5656731283097702,0.791159617249323,0.5656731283097702,0.6323456141811032,0.4880493985158519,0.41502702702702704,0.00822818318185829,0.6794868417226219,0.18766342842231998,0.2507190415507684,0.005908419497784343,0.008576329331046312,0.015651748593788213,0.01006108515989939,0.024579346750247442,0.0013247840601981877,0.003146453089244851,0.007936507936507936,0.0
UNSW-NB15,C&W,8,5,1024,2,148.0977229999844,715.6186015997082,0.0,0.5687581985133362,0.7766511719906917,0.5687581985133362,0.6319421333313289,0.4931799835352191,0.40118918918918917,0.013081267096091061,0.663167497770029,0.17670846261278148,0.25115598213832535,0.007385524372230428,0.008576329331046312,0.012472487160674981,0.02865612648221344,0.02441438469152095,0.0022786285835408827,0.005148741418764302,0.010582010582010581,0.0,0.5687581985133362,0.7766511719906917,0.5687581985133362,0.6319421333313289,0.4931799835352191,0.40118918918918917,0.013081267096091061,0.663167497770029,0.17670846261278148,0.25115598213832535,0.007385524372230428,0.008576329331046312,0.012472487160674981,0.02865612648221344,0.02441438469152095,0.0022786285835408827,0.005148741418764302,0.010582010582010581,0.0
UNSW-NB15,C&W,8,5,1024,3,149.61486610001884,734.3781415997073,0.0,0.5687581985133362,0.7766511719906917,0.5687581985133362,0.6319421333313289,0.4931799835352191,0.40118918918918917,0.013081267096091061,0.6631828356977317,0.17674389031476348,0.25115598213832535,0.007385524372230428,0.008576329331046312,0.012472487160674981,0.02865612648221344,0.02441438469152095,0.0022786285835408827,0.005148741418764302,0.010582010582010581,0.0,0.5687581985133362,0.7766511719906917,0.5687581985133362,0.6319421333313289,0.4931799835352191,0.40118918918918917,0.013081267096091061,0.6631828356977317,0.17674389031476348,0.25115598213832535,0.007385524372230428,0.008576329331046312,0.012472487160674981,0.02865612648221344,0.02441438469152095,0.0022786285835408827,0.005148741418764302,0.010582010582010581,0.0
UNSW-NB15,C&W,8,5,2048,2,148.03182729985565,720.0608677000273,0.0,0.5686610309478696,0.7761400736557814,0.5686610309478696,0.6317765920349784,0.4928617517770163,0.40118918918918917,0.013654813376864026,0.6614154064908412,0.17361914653696078,0.2510823029107481,0.007385524372230428,0.010291595197255575,0.014428955734898509,0.030183255479698166,0.02441438469152095,0.0022786285835408827,0.005148741418764302,0.010582010582010581,0.0,0.5686610309478696,0.7761400736557814,0.5686610309478696,0.6317765920349784,0.4928617517770163,0.40118918918918917,0.013654813376864026,0.6614154064908412,0.17361914653696078,0.2510823029107481,0.007385524372230428,0.010291595197255575,0.014428955734898509,0.030183255479698166,0.02441438469152095,0.0022786285835408827,0.005148741418764302,0.010582010582010581,0.0
UNSW-NB15,C&W,8,5,2048,3,148.88019590009935,729.060180099681,0.0,0.5686610309478696,0.7761400736557814,0.5686610309478696,0.6317765920349784,0.4928617517770163,0.40118918918918917,0.013654813376864026,0.6614154064908412,0.17361914653696078,0.2510823029107481,0.007385524372230428,0.010291595197255575,0.014428955734898509,0.030183255479698166,0.02441438469152095,0.0022786285835408827,0.005148741418764302,0.010582010582010581,0.0,0.5686610309478696,0.7761400736557814,0.5686610309478696,0.6317765920349784,0.4928617517770163,0.40118918918918917,0.013654813376864026,0.6614154064908412,0.17361914653696078,0.2510823029107481,0.007385524372230428,0.010291595197255575,0.014428955734898509,0.030183255479698166,0.02441438469152095,0.0022786285835408827,0.005148741418764302,0.010582010582010581,0.0
UNSW-NB15,C&W,8,10,1024,2,82.3766948999837,308.6221372000873,0.0,0.5183768158188796,0.759036915392379,0.5183768158188796,0.5984232718262145,0.42664542299545316,0.3976756756756757,0.01255183975999294,0.6774024007481828,0.17781016966360494,0.2279407577259295,0.007385524372230428,0.008576329331046312,0.012227928588897041,0.024883219547251166,0.029198284394589245,0.0014837581474219702,0.005720823798627002,0.018518518518518517,0.0,0.5183768158188796,0.759036915392379,0.5183768158188796,0.5984232718262145,0.42664542299545316,0.3976756756756757,0.01255183975999294,0.6774024007481828,0.17781016966360494,0.2279407577259295,0.007385524372230428,0.008576329331046312,0.012227928588897041,0.024883219547251166,0.029198284394589245,0.0014837581474219702,0.005720823798627002,0.018518518518518517,0.0
UNSW-NB15,C&W,8,10,1024,3,82.45395640004426,310.9490093004424,0.0,0.5183768158188796,0.759036915392379,0.5183768158188796,0.5984232718262145,0.42664542299545316,0.3976756756756757,0.01255183975999294,0.6774024007481828,0.17781016966360494,0.2279407577259295,0.007385524372230428,0.008576329331046312,0.012227928588897041,0.024883219547251166,0.029198284394589245,0.0014837581474219702,0.005720823798627002,0.018518518518518517,0.0,0.5183768158188796,0.759036915392379,0.5183768158188796,0.5984232718262145,0.42664542299545316,0.3976756756756757,0.01255183975999294,0.6774024007481828,0.17781016966360494,0.2279407577259295,0.007385524372230428,0.008576329331046312,0.012227928588897041,0.024883219547251166,0.029198284394589245,0.0014837581474219702,0.005720823798627002,0.018518518518518517,0.0
UNSW-NB15,C&W,8,10,2048,2,80.49164110003039,307.25737620005384,0.0,0.5183768158188796,0.759036915392379,0.5183768158188796,0.5984232718262145,0.42664542299545316,0.3976756756756757,0.01255183975999294,0.6774024007481828,0.17781016966360494,0.2279407577259295,0.007385524372230428,0.008576329331046312,0.012227928588897041,0.024883219547251166,0.029198284394589245,0.0014837581474219702,0.005720823798627002,0.018518518518518517,0.0,0.5183768158188796,0.759036915392379,0.5183768158188796,0.5984232718262145,0.42664542299545316,0.3976756756756757,0.01255183975999294,0.6774024007481828,0.17781016966360494,0.2279407577259295,0.007385524372230428,0.008576329331046312,0.012227928588897041,0.024883219547251166,0.029198284394589245,0.0014837581474219702,0.005720823798627002,0.018518518518518517,0.0
UNSW-NB15,C&W,8,10,2048,3,104.51576590002514,312.8537103002891,0.0,0.5183768158188796,0.759036915392379,0.5183768158188796,0.5984232718262145,0.42664542299545316,0.3976756756756757,0.01255183975999294,0.6774024007481828,0.17781016966360494,0.2279407577259295,0.007385524372230428,0.008576329331046312,0.012227928588897041,0.024883219547251166,0.029198284394589245,0.0014837581474219702,0.005720823798627002,0.018518518518518517,0.0,0.5183768158188796,0.759036915392379,0.5183768158188796,0.5984232718262145,0.42664542299545316,0.3976756756756757,0.01255183975999294,0.6774024007481828,0.17781016966360494,0.2279407577259295,0.007385524372230428,0.008576329331046312,0.012227928588897041,0.024883219547251166,0.029198284394589245,0.0014837581474219702,0.005720823798627002,0.018518518518518517,0.0
UNSW-NB15,C&W,8,15,1024,2,74.35912679997273,196.36808779952116,0.0,0.5831511441480833,0.7733507004263497,0.5831511441480833,0.642041894719629,0.5016988019030646,0.39472972972972975,0.01436071649166152,0.6798405433213304,0.17683280015820152,0.2529094666357168,0.007385524372230428,0.008576329331046312,0.013695280019564686,0.02596119295724039,0.04074562850544375,0.0011128186105664776,0.006006864988558352,0.018518518518518517,0.0,0.5831511441480833,0.7733507004263497,0.5831511441480833,0.642041894719629,0.5016988019030646,0.39472972972972975,0.01436071649166152,0.6798405433213304,0.17683280015820152,0.2529094666357168,0.007385524372230428,0.008576329331046312,0.013695280019564686,0.02596119295724039,0.04074562850544375,0.0011128186105664776,0.006006864988558352,0.018518518518518517,0.0
UNSW-NB15,C&W,8,15,1024,3,59.78729170002043,195.7362814003136,0.0,0.5831511441480833,0.7733507004263497,0.5831511441480833,0.642041894719629,0.5016988019030646,0.39472972972972975,0.01436071649166152,0.6803049199497819,0.17763660603688422,0.2529094666357168,0.007385524372230428,0.008576329331046312,0.013695280019564686,0.02596119295724039,0.04074562850544375,0.0011128186105664776,0.006006864988558352,0.018518518518518517,0.0,0.5831511441480833,0.7733507004263497,0.5831511441480833,0.642041894719629,0.5016988019030646,0.39472972972972975,0.01436071649166152,0.6803049199497819,0.17763660603688422,0.2529094666357168,0.007385524372230428,0.008576329331046312,0.013695280019564686,0.02596119295724039,0.04074562850544375,0.0011128186105664776,0.006006864988558352,0.018518518518518517,0.0
UNSW-NB15,C&W,8,15,2048,2,73.88043739995919,194.29834609967656,0.0,0.5831511441480833,0.7733507004263497,0.5831511441480833,0.642041894719629,0.5016988019030646,0.39472972972972975,0.01436071649166152,0.680385484881921,0.17762682373671954,0.2529094666357168,0.007385524372230428,0.008576329331046312,0.013695280019564686,0.02596119295724039,0.04074562850544375,0.0011128186105664776,0.006006864988558352,0.018518518518518517,0.0,0.5831511441480833,0.7733507004263497,0.5831511441480833,0.642041894719629,0.5016988019030646,0.39472972972972975,0.01436071649166152,0.680385484881921,0.17762682373671954,0.2529094666357168,0.007385524372230428,0.008576329331046312,0.013695280019564686,0.02596119295724039,0.04074562850544375,0.0011128186105664776,0.006006864988558352,0.018518518518518517,0.0
UNSW-NB15,C&W,8,15,2048,3,60.12905619991943,195.6793487998657,0.0,0.5831511441480833,0.7733507004263497,0.5831511441480833,0.642041894719629,0.5016988019030646,0.39472972972972975,0.01436071649166152,0.680385484881921,0.17762682373671954,0.2529094666357168,0.007385524372230428,0.008576329331046312,0.013695280019564686,0.02596119295724039,0.04074562850544375,0.0011128186105664776,0.006006864988558352,0.018518518518518517,0.0,0.5831511441480833,0.7733507004263497,0.5831511441480833,0.642041894719629,0.5016988019030646,0.39472972972972975,0.01436071649166152,0.680385484881921,0.17762682373671954,0.2529094666357168,0.007385524372230428,0.008576329331046312,0.013695280019564686,0.02596119295724039,0.04074562850544375,0.0011128186105664776,0.006006864988558352,0.018518518518518517,0.0
UNSW-NB15,C&W,8,20,1024,2,48.067074599908665,144.63217079965398,0.0,0.5943375601224311,0.7641058819081603,0.5943375601224311,0.6443811759682154,0.5077906013668271,0.39335135135135135,0.014823965410747375,0.683277241673202,0.18765121587133837,0.2544040827655496,0.007385524372230428,0.0137221269296741,0.016385424309122036,0.026500179662234998,0.03942593203563181,0.0012717926977902601,0.007151029748283753,0.023809523809523808,0.0,0.5943375601224311,0.7641058819081603,0.5943375601224311,0.6443811759682154,0.5077906013668271,0.39335135135135135,0.014823965410747375,0.683277241673202,0.18765121587133837,0.2544040827655496,0.007385524372230428,0.0137221269296741,0.016385424309122036,0.026500179662234998,0.03942593203563181,0.0012717926977902601,0.007151029748283753,0.023809523809523808,0.0
UNSW-NB15,C&W,8,20,1024,3,49.16047120001167,144.55819170014001,0.0,0.5943375601224311,0.7641058819081603,0.5943375601224311,0.6443811759682154,0.5077906013668271,0.39335135135135135,0.014823965410747375,0.6832834036004157,0.18764881647359183,0.2544040827655496,0.007385524372230428,0.0137221269296741,0.016385424309122036,0.026500179662234998,0.03942593203563181,0.0012717926977902601,0.007151029748283753,0.023809523809523808,0.0,0.5943375601224311,0.7641058819081603,0.5943375601224311,0.6443811759682154,0.5077906013668271,0.39335135135135135,0.014823965410747375,0.6832834036004157,0.18764881647359183,0.2544040827655496,0.007385524372230428,0.0137221269296741,0.016385424309122036,0.026500179662234998,0.03942593203563181,0.0012717926977902601,0.007151029748283753,0.023809523809523808,0.0
UNSW-NB15,C&W,8,20,2048,2,49.282395699992776,143.70708650001325,0.0,0.5943375601224311,0.7641058819081603,0.5943375601224311,0.6443811759682154,0.5077906013668271,0.39335135135135135,0.014823965410747375,0.6833165288228927,0.18765101035870643,0.2544040827655496,0.007385524372230428,0.0137221269296741,0.016385424309122036,0.026500179662234998,0.03942593203563181,0.0012717926977902601,0.007151029748283753,0.023809523809523808,0.0,0.5943375601224311,0.7641058819081603,0.5943375601224311,0.6443811759682154,0.5077906013668271,0.39335135135135135,0.014823965410747375,0.6833165288228927,0.18765101035870643,0.2544040827655496,0.007385524372230428,0.0137221269296741,0.016385424309122036,0.026500179662234998,0.03942593203563181,0.0012717926977902601,0.007151029748283753,0.023809523809523808,0.0
UNSW-NB15,C&W,8,20,2048,3,50.2423698999919,145.48017069976777,0.0,0.5943375601224311,0.7641058819081603,0.5943375601224311,0.6443811759682154,0.5077906013668271,0.39335135135135135,0.014823965410747375,0.6833225834743689,0.18764852903850252,0.2544040827655496,0.007385524372230428,0.0137221269296741,0.016385424309122036,0.026500179662234998,0.03942593203563181,0.0012717926977902601,0.007151029748283753,0.023809523809523808,0.0,0.5943375601224311,0.7641058819081603,0.5943375601224311,0.6443811759682154,0.5077906013668271,0.39335135135135135,0.014823965410747375,0.6833225834743689,0.18764852903850252,0.2544040827655496,0.007385524372230428,0.0137221269296741,0.016385424309122036,0.026500179662234998,0.03942593203563181,0.0012717926977902601,0.007151029748283753,0.023809523809523808,0.0
UNSW-NB15,C&W,10,5,1024,2,182.90494569996372,832.2821075001266,0.0,0.5745518146042851,0.7680124526509424,0.5745518146042851,0.6329228739311367,0.48979547255101324,0.4136756756756757,0.010676784611312098,0.6658090909472664,0.1683489281187111,0.255388712277426,0.025110782865583457,0.0017152658662092624,0.007336757153338224,0.016618756737333814,0.026888815572418345,0.00402734354300249,0.002860411899313501,0.0026455026455026454,0.022727272727272728,0.5745518146042851,0.7680124526509424,0.5745518146042851,0.6329228739311367,0.48979547255101324,0.4136756756756757,0.010676784611312098,0.6658090909472664,0.1683489281187111,0.255388712277426,0.025110782865583457,0.0017152658662092624,0.007336757153338224,0.016618756737333814,0.026888815572418345,0.00402734354300249,0.002860411899313501,0.0026455026455026454,0.022727272727272728
UNSW-NB15,C&W,10,5,1024,3,193.01974239991978,835.8958420997951,0.0,0.5745518146042851,0.7680124526509424,0.5745518146042851,0.6329228739311367,0.48979547255101324,0.4136756756756757,0.010676784611312098,0.6658090909472664,0.1683489281187111,0.255388712277426,0.025110782865583457,0.0017152658662092624,0.007336757153338224,0.016618756737333814,0.026888815572418345,0.00402734354300249,0.002860411899313501,0.0026455026455026454,0.022727272727272728,0.5745518146042851,0.7680124526509424,0.5745518146042851,0.6329228739311367,0.48979547255101324,0.4136756756756757,0.010676784611312098,0.6658090909472664,0.1683489281187111,0.255388712277426,0.025110782865583457,0.0017152658662092624,0.007336757153338224,0.016618756737333814,0.026888815572418345,0.00402734354300249,0.002860411899313501,0.0026455026455026454,0.022727272727272728
UNSW-NB15,C&W,10,5,2048,2,188.96801670012064,833.8046337999403,0.0,0.5745518146042851,0.7680124526509424,0.5745518146042851,0.6329228739311367,0.48979547255101324,0.4136756756756757,0.010676784611312098,0.6658090909472664,0.1683489281187111,0.255388712277426,0.025110782865583457,0.0017152658662092624,0.007336757153338224,0.016618756737333814,0.026888815572418345,0.00402734354300249,0.002860411899313501,0.0026455026455026454,0.022727272727272728,0.5745518146042851,0.7680124526509424,0.5745518146042851,0.6329228739311367,0.48979547255101324,0.4136756756756757,0.010676784611312098,0.6658090909472664,0.1683489281187111,0.255388712277426,0.025110782865583457,0.0017152658662092624,0.007336757153338224,0.016618756737333814,0.026888815572418345,0.00402734354300249,0.002860411899313501,0.0026455026455026454,0.022727272727272728
UNSW-NB15,C&W,10,5,2048,3,185.30058389995247,846.5515455000568,0.0,0.5745518146042851,0.7680124526509424,0.5745518146042851,0.6329228739311367,0.48979547255101324,0.4136756756756757,0.010676784611312098,0.6658090909472664,0.1683489281187111,0.255388712277426,0.025110782865583457,0.0017152658662092624,0.007336757153338224,0.016618756737333814,0.026888815572418345,0.00402734354300249,0.002860411899313501,0.0026455026455026454,0.022727272727272728,0.5745518146042851,0.7680124526509424,0.5745518146042851,0.6329228739311367,0.48979547255101324,0.4136756756756757,0.010676784611312098,0.6658090909472664,0.1683489281187111,0.255388712277426,0.025110782865583457,0.0017152658662092624,0.007336757153338224,0.016618756737333814,0.026888815572418345,0.00402734354300249,0.002860411899313501,0.0026455026455026454,0.022727272727272728
UNSW-NB15,C&W,10,10,1024,2,96.96223259996623,388.42563849990256,0.0,0.5869406792012826,0.769740209620347,0.5869406792012826,0.6387746560220333,0.4965543032552779,0.40318918918918917,0.014404835436336362,0.6706141117821652,0.17146710269920987,0.25980320474909957,0.025110782865583457,0.0137221269296741,0.011249694301785278,0.021739130434782608,0.03678653909600792,0.005352127603200679,0.0037185354691075517,0.005291005291005291,0.022727272727272728,0.5869406792012826,0.769740209620347,0.5869406792012826,0.6387746560220333,0.4965543032552779,0.40318918918918917,0.014404835436336362,0.6706141117821652,0.17146710269920987,0.25980320474909957,0.025110782865583457,0.0137221269296741,0.011249694301785278,0.021739130434782608,0.03678653909600792,0.005352127603200679,0.0037185354691075517,0.005291005291005291,0.022727272727272728
UNSW-NB15,C&W,10,10,1024,3,128.20537069998682,398.1087889003102,0.0,0.5869406792012826,0.769740209620347,0.5869406792012826,0.6387746560220333,0.4965543032552779,0.40318918918918917,0.014404835436336362,0.6706141117821652,0.17146710269920987,0.25980320474909957,0.025110782865583457,0.0137221269296741,0.011249694301785278,0.021739130434782608,0.03678653909600792,0.005352127603200679,0.0037185354691075517,0.005291005291005291,0.022727272727272728,0.5869406792012826,0.769740209620347,0.5869406792012826,0.6387746560220333,0.4965543032552779,0.40318918918918917,0.014404835436336362,0.6706141117821652,0.17146710269920987,0.25980320474909957,0.025110782865583457,0.0137221269296741,0.011249694301785278,0.021739130434782608,0.03678653909600792,0.005352127603200679,0.0037185354691075517,0.005291005291005291,0.022727272727272728
UNSW-NB15,C&W,10,10,2048,2,96.84589800005779,384.5192116997205,0.0,0.5869406792012826,0.769740209620347,0.5869406792012826,0.6387746560220333,0.4965543032552779,0.40318918918918917,0.014404835436336362,0.6706141117821652,0.17146710269920987,0.25980320474909957,0.025110782865583457,0.0137221269296741,0.011249694301785278,0.021739130434782608,0.03678653909600792,0.005352127603200679,0.0037185354691075517,0.005291005291005291,0.022727272727272728,0.5869406792012826,0.769740209620347,0.5869406792012826,0.6387746560220333,0.4965543032552779,0.40318918918918917,0.014404835436336362,0.6706141117821652,0.17146710269920987,0.25980320474909957,0.025110782865583457,0.0137221269296741,0.011249694301785278,0.021739130434782608,0.03678653909600792,0.005352127603200679,0.0037185354691075517,0.005291005291005291,0.022727272727272728
UNSW-NB15,C&W,10,10,2048,3,125.54088640003465,392.92211240017787,0.0,0.5869406792012826,0.769740209620347,0.5869406792012826,0.6387746560220333,0.4965543032552779,0.40318918918918917,0.014404835436336362,0.6706141117821652,0.17146710269920987,0.25980320474909957,0.025110782865583457,0.0137221269296741,0.011249694301785278,0.021739130434782608,0.03678653909600792,0.005352127603200679,0.0037185354691075517,0.005291005291005291,0.022727272727272728,0.5869406792012826,0.769740209620347,0.5869406792012826,0.6387746560220333,0.4965543032552779,0.40318918918918917,0.014404835436336362,0.6706141117821652,0.17146710269920987,0.25980320474909957,0.025110782865583457,0.0137221269296741,0.011249694301785278,0.021739130434782608,0.03678653909600792,0.005352127603200679,0.0037185354691075517,0.005291005291005291,0.022727272727272728
UNSW-NB15,C&W,10,15,1024,2,87.83939249999821,216.47580440016463,0.0,0.5874143710829325,0.7578583939574502,0.5874143710829325,0.6432330862237499,0.4988158652801115,0.40275675675675676,0.016257831112679786,0.6816337833001451,0.1810861211221258,0.2653734732344549,0.025110782865583457,0.012006861063464836,0.014428955734898509,0.035932446999640676,0.03134279115803365,0.0018017063218695353,0.006578947368421052,0.015873015873015872,0.022727272727272728,0.5874143710829325,0.7578583939574502,0.5874143710829325,0.6432330862237499,0.4988158652801115,0.40275675675675676,0.016257831112679786,0.6816337833001451,0.1810861211221258,0.2653734732344549,0.025110782865583457,0.012006861063464836,0.014428955734898509,0.035932446999640676,0.03134279115803365,0.0018017063218695353,0.006578947368421052,0.015873015873015872,0.022727272727272728
UNSW-NB15,C&W,10,15,1024,3,71.44197629997507,218.02730349986814,0.0,0.5874143710829325,0.7578583939574502,0.5874143710829325,0.6432330862237499,0.4988158652801115,0.40275675675675676,0.016257831112679786,0.6816337833001451,0.1810861211221258,0.2653734732344549,0.025110782865583457,0.012006861063464836,0.014428955734898509,0.035932446999640676,0.03134279115803365,0.0018017063218695353,0.006578947368421052,0.015873015873015872,0.022727272727272728,0.5874143710829325,0.7578583939574502,0.5874143710829325,0.6432330862237499,0.4988158652801115,0.40275675675675676,0.016257831112679786,0.6816337833001451,0.1810861211221258,0.2653734732344549,0.025110782865583457,0.012006861063464836,0.014428955734898509,0.035932446999640676,0.03134279115803365,0.0018017063218695353,0.006578947368421052,0.015873015873015872,0.022727272727272728
UNSW-NB15,C&W,10,15,2048,2,69.9546001998242,216.42509160004556,0.0,0.5874143710829325,0.7578583939574502,0.5874143710829325,0.6432330862237499,0.4988158652801115,0.40275675675675676,0.016257831112679786,0.6816337833001451,0.1810861211221258,0.2653734732344549,0.025110782865583457,0.012006861063464836,0.014428955734898509,0.035932446999640676,0.03134279115803365,0.0018017063218695353,0.006578947368421052,0.015873015873015872,0.022727272727272728,0.5874143710829325,0.7578583939574502,0.5874143710829325,0.6432330862237499,0.4988158652801115,0.40275675675675676,0.016257831112679786,0.6816337833001451,0.1810861211221258,0.2653734732344549,0.025110782865583457,0.012006861063464836,0.014428955734898509,0.035932446999640676,0.03134279115803365,0.0018017063218695353,0.006578947368421052,0.015873015873015872,0.022727272727272728
UNSW-NB15,C&W,10,15,2048,3,71.21064629987814,218.99075109977275,0.0,0.5874143710829325,0.7578583939574502,0.5874143710829325,0.6432330862237499,0.4988158652801115,0.40275675675675676,0.016257831112679786,0.6816337833001451,0.1810861211221258,0.2653734732344549,0.025110782865583457,0.012006861063464836,0.014428955734898509,0.035932446999640676,0.03134279115803365,0.0018017063218695353,0.006578947368421052,0.015873015873015872,0.022727272727272728,0.5874143710829325,0.7578583939574502,0.5874143710829325,0.6432330862237499,0.4988158652801115,0.40275675675675676,0.016257831112679786,0.6816337833001451,0.1810861211221258,0.2653734732344549,0.025110782865583457,0.012006861063464836,0.014428955734898509,0.035932446999640676,0.03134279115803365,0.0018017063218695353,0.006578947368421052,0.015873015873015872,0.022727272727272728
UNSW-NB15,C&W,10,20,1024,2,56.34268980007619,162.76133419992402,0.0,0.6028761599378127,0.7660086142619446,0.6028761599378127,0.6434182631594613,0.5119212550680186,0.4052972972972973,0.010147357275213978,0.6814729308007401,0.179887364295218,0.2641694589277733,0.025110782865583457,0.003430531732418525,0.006603081438004402,0.013654329859863456,0.03810623556581986,0.0007948704361189126,0.004004576659038902,0.005291005291005291,0.0,0.6028761599378127,0.7660086142619446,0.6028761599378127,0.6434182631594613,0.5119212550680186,0.4052972972972973,0.010147357275213978,0.6814729308007401,0.179887364295218,0.2641694589277733,0.025110782865583457,0.003430531732418525,0.006603081438004402,0.013654329859863456,0.03810623556581986,0.0007948704361189126,0.004004576659038902,0.005291005291005291,0.0
UNSW-NB15,C&W,10,20,1024,3,56.97584810014814,164.73736459948123,0.0,0.6028761599378127,0.7660086142619446,0.6028761599378127,0.6434182631594613,0.5119212550680186,0.4052972972972973,0.010147357275213978,0.6817412630275757,0.17993650702172498,0.2641694589277733,0.025110782865583457,0.003430531732418525,0.006603081438004402,0.013654329859863456,0.03810623556581986,0.0007948704361189126,0.004004576659038902,0.005291005291005291,0.0,0.6028761599378127,0.7660086142619446,0.6028761599378127,0.6434182631594613,0.5119212550680186,0.4052972972972973,0.010147357275213978,0.6817412630275757,0.17993650702172498,0.2641694589277733,0.025110782865583457,0.003430531732418525,0.006603081438004402,0.013654329859863456,0.03810623556581986,0.0007948704361189126,0.004004576659038902,0.005291005291005291,0.0
UNSW-NB15,C&W,10,20,2048,2,56.49521200009622,162.92466329969466,0.0,0.6028761599378127,0.7660086142619446,0.6028761599378127,0.6434182631594613,0.5119212550680186,0.4052972972972973,0.010147357275213978,0.681739504156828,0.1799349109037073,0.2641694589277733,0.025110782865583457,0.003430531732418525,0.006603081438004402,0.013654329859863456,0.03810623556581986,0.0007948704361189126,0.004004576659038902,0.005291005291005291,0.0,0.6028761599378127,0.7660086142619446,0.6028761599378127,0.6434182631594613,0.5119212550680186,0.4052972972972973,0.010147357275213978,0.681739504156828,0.1799349109037073,0.2641694589277733,0.025110782865583457,0.003430531732418525,0.006603081438004402,0.013654329859863456,0.03810623556581986,0.0007948704361189126,0.004004576659038902,0.005291005291005291,0.0
UNSW-NB15,C&W,10,20,2048,3,57.33819800009951,166.06332899979316,0.0,0.6028761599378127,0.7660086142619446,0.6028761599378127,0.6434182631594613,0.5119212550680186,0.4052972972972973,0.010147357275213978,0.6817412630275757,0.17993650702172498,0.2641694589277733,0.025110782865583457,0.003430531732418525,0.006603081438004402,0.013654329859863456,0.03810623556581986,0.0007948704361189126,0.004004576659038902,0.005291005291005291,0.0,0.6028761599378127,0.7660086142619446,0.6028761599378127,0.6434182631594613,0.5119212550680186,0.4052972972972973,0.010147357275213978,0.6817412630275757,0.17993650702172498,0.2641694589277733,0.025110782865583457,0.003430531732418525,0.006603081438004402,0.013654329859863456,0.03810623556581986,0.0007948704361189126,0.004004576659038902,0.005291005291005291,0.0
