Dataset;Attack;Binarization;Resolution;AddressSize;BloomSize;Hash;TrainTime_s;InferTime_Adv_s;Acc_Drop_pp;Clean_Acc;Clean_Precision;Clean_Recall;Clean_F1;Clean_MCC;Clean_FAR;Clean_ASR;Clean_AUC;Clean_PR_AUC;Clean_F1_Macro;Clean_Miss_analysis;Clean_Miss_backdoor;Clean_Miss_dos;Clean_Miss_exploits;Clean_Miss_fuzzers;Clean_Miss_generic;Clean_Miss_reconnaissance;Clean_Miss_shellcode;Clean_Miss_worms;Adv_Acc;Adv_Precision;Adv_Recall;Adv_F1;Adv_MCC;Adv_FAR;Adv_ASR;Adv_AUC;Adv_PR_AUC;Adv_F1_Macro;Adv_Miss_analysis;Adv_Miss_backdoor;Adv_Miss_dos;Adv_Miss_exploits;Adv_Miss_fuzzers;Adv_Miss_generic;Adv_Miss_reconnaissance;Adv_Miss_shellcode;Adv_Miss_worms
UNSW-NB15;FGSM;distributive;1;5;1024;2;5,660545587539673;99,20417523384094;-26,529174561531367;0,0343608803381431;0,4121660046758458;0,0343608803381431;0,0268895282255948;-0,0421094457394837;0,9758378378378378;0,0019853525103679;0,4168888456079563;0,1368195120837409;0,0185573933621281;0,0;0,0102915951972555;0,0110051357300073;0,0017067912324829;0,0019795447047179;0,0003709395368554;0,0002860411899313;0,0;0,0;0,2996526259534567;0,2677898677823874;0,2996526259534567;0,2771796156313037;0,0612015680847687;0,4422432432432432;0,3675769875584576;0,5551305372699791;0,1153985828693041;0,0766541722907984;0,9911373707533236;0,9416809605488852;0,8466617754952311;0,5851598993891484;0,6778290993071594;0,0129298924275343;0,2874713958810068;0,1851851851851851;0,8863636363636364
UNSW-NB15;RANDOM_LINF;distributive;1;5;1024;2;5,660545587539673;99,57273817062378;-23,297138415197008;0,0343608803381431;0,4121660046758458;0,0343608803381431;0,0268895282255948;-0,0421094457394837;0,9758378378378378;0,0019853525103679;0,4168888456079563;0,1368195120837409;0,0185573933621281;0,0;0,0102915951972555;0,0110051357300073;0,0017067912324829;0,0019795447047179;0,0003709395368554;0,0002860411899313;0,0;0,0;0,2673322644901132;0,22296392582058;0,2673322644901132;0,2399616186947398;0,0023898087411514;0,5082972972972973;0,4982573016853437;0,4765797618166694;0,10243816052191;0,07637282317667;0,5036927621861153;0,4682675814751286;0,4971875764245537;0,4999101688825009;0,4884526558891455;0,4987547029834137;0,505720823798627;0,5555555555555556;0,5454545454545454
UNSW-NB15;RANDOM_L2;distributive;1;5;1024;2;5,660545587539673;98,66486287117004;-23,659087596560266;0,0343608803381431;0,4121660046758458;0,0343608803381431;0,0268895282255948;-0,0421094457394837;0,9758378378378378;0,0019853525103679;0,4168888456079563;0,1368195120837409;0,0185573933621281;0,0;0,0102915951972555;0,0110051357300073;0,0017067912324829;0,0019795447047179;0,0003709395368554;0,0002860411899313;0,0;0,0;0,2709517563037458;0,2252002078142768;0,2709517563037458;0,2427668959736918;0,0066189206950378;0,5022702702702703;0,4963822465366628;0,4758308531607357;0,1026836893307949;0,0776290461174718;0,5007385524372231;0,4888507718696398;0,4944974321349963;0,4930830039525691;0,4971956450016496;0,4972179534735838;0,5025743707093822;0,5026455026455027;0,5227272727272727
UNSW-NB15;FGSM;distributive;1;5;1024;3;5,391593456268311;98,22952914237976;-12,23096730311422;0,0685152795996696;0,441925761413115;0,0685152795996696;0,0978692358511357;0,0191722399163253;0,8832702702702703;0,0034192182123003;0,4438020443318238;0,1373947786590672;0,0306343647146892;0,0;0,0102915951972555;0,0136952800195646;0,0059288537549407;0,0021445067634444;0,0006358963488951;0,0005720823798627;0,0;0,0;0,1908249526308118;0,186673172698323;0,1908249526308118;0,1868732810031484;-0,0623979659092486;0,5912972972972973;0,4801464748963205;0,5653655313108581;0,1148898495551375;0,0461089781426007;0,9778434268833088;0,9433962264150944;0,8486182440694546;0,5959396334890406;0,7838997030682943;0,214191086852843;0,4033180778032036;0,5687830687830688;0,7045454545454546
UNSW-NB15;RANDOM_LINF;distributive;1;5;1024;3;5,391593456268311;97,52324199676514;-14,34922023028713;0,0685152795996696;0,441925761413115;0,0685152795996696;0,0978692358511357;0,0191722399163253;0,8832702702702703;0,0034192182123003;0,4438020443318238;0,1373947786590672;0,0306343647146892;0,0;0,0102915951972555;0,0136952800195646;0,0059288537549407;0,0021445067634444;0,0006358963488951;0,0005720823798627;0,0;0,0;0,2120074819025409;0,2092975039057344;0,2120074819025409;0,2045186972943529;-0,0204078027871395;0,6076486486486486;0,43942468896144;0,4932155276902713;0,1004677488256335;0,0649748093299397;0,4800590841949778;0,4596912521440823;0,4397163120567376;0,4072044556234279;0,4325305179808644;0,4551428117216893;0,4522311212814645;0,4867724867724867;0,4545454545454545
UNSW-NB15;RANDOM_L2;distributive;1;5;1024;3;5,391593456268311;97,50143146514893;-14,674731574600395;0,0685152795996696;0,441925761413115;0,0685152795996696;0,0978692358511357;0,0191722399163253;0,8832702702702703;0,0034192182123003;0,4438020443318238;0,1373947786590672;0,0306343647146892;0,0;0,0102915951972555;0,0136952800195646;0,0059288537549407;0,0021445067634444;0,0006358963488951;0,0005720823798627;0,0;0,0;0,2152625953456736;0,2127437161482973;0,2152625953456736;0,2079424468384107;-0,0160557639130018;0,6010540540540541;0,4367113738639371;0,4844481070391069;0,1004926431441391;0,0661578211591632;0,4726735598227474;0,451114922813036;0,433846906334067;0,4001077973409989;0,4340151765094028;0,4543479412855704;0,4568077803203661;0,4312169312169312;0,4772727272727273
UNSW-NB15;FGSM;distributive;1;5;2048;2;5,3683083057403564;64,8022871017456;-31,5187290482437;0,1226376135645921;0,4432496998621072;0,1226376135645921;0,1722949880424967;0,0518906744489069;0,7689459459459459;0,0040589429100855;0,4695876773549172;0,1368142492534926;0,048322395921309;0,0;0,0171526586620926;0,0141843971631205;0,0079051383399209;0,0023094688221709;0,0006358963488951;0,0005720823798627;0,0;0,0;0,4378249040470291;0,2904975437958679;0,4378249040470291;0,3275668413115596;0,1317107223656321;0,0664324324324324;0,7002117709344392;0,591973547940143;0,146137885574324;0,0877249831036534;0,9955686853766618;0,9828473413379074;0,9334800684764;0,8529464606539705;0,8785879247773012;0,5196332997721371;0,5062929061784897;0,6322751322751323;0,9545454545454546
UNSW-NB15;RANDOM_LINF;distributive;1;5;2048;2;5,3683083057403564;70,8559501171112;-23,670018947675263;0,1226376135645921;0,4432496998621072;0,1226376135645921;0,1722949880424967;0,0518906744489069;0,7689459459459459;0,0040589429100855;0,4695876773549172;0,1368142492534926;0,048322395921309;0,0;0,0171526586620926;0,0141843971631205;0,0079051383399209;0,0023094688221709;0,0006358963488951;0,0005720823798627;0,0;0,0;0,3593378030413447;0,2283859984871067;0,3593378030413447;0,2701038316644368;0,01158329458066;0,2349189189189189;0,7467131386217242;0,4995864713650751;0,1006053140939632;0,0738119932227889;0,7444608567208272;0,6998284734133791;0,7368549767669357;0,7956342076895436;0,7649290663147477;0,7095543426421493;0,7705949656750573;0,8174603174603174;0,8636363636363636
UNSW-NB15;RANDOM_L2;distributive;1;5;2048;2;5,3683083057403564;69,58932495117188;-23,755040567458583;0,1226376135645921;0,4432496998621072;0,1226376135645921;0,1722949880424967;0,0518906744489069;0,7689459459459459;0,0040589429100855;0,4695876773549172;0,1368142492534926;0,048322395921309;0,0;0,0171526586620926;0,0141843971631205;0,0079051383399209;0,0023094688221709;0,0006358963488951;0,0005720823798627;0,0;0,0;0,360188019239178;0,2307225795981529;0,360188019239178;0,2712320956821206;0,0151089453454769;0,235;0,7425659578222888;0,5016337818472871;0,1009412389733584;0,0755680082573545;0,7163958641063516;0,725557461406518;0,7300073367571533;0,7895256916996047;0,7650940283734741;0,7073816967834243;0,7617276887871853;0,7777777777777778;0,8181818181818182
UNSW-NB15;FGSM;distributive;1;5;2048;3;5,307307481765747;75,18879270553589;-18,367099062332997;0,0788271874848175;0,4427358038964853;0,0788271874848175;0,1136381947771398;0,032700152818622;0,8572432432432432;0,0019853525103679;0,4274464612480527;0,1399519131807924;0,0324014137523599;0,0;0,0102915951972555;0,0110051357300073;0,0017067912324829;0,0019795447047179;0,0003709395368554;0,0002860411899313;0,0;0,0;0,2624981781081475;0,2293198294033002;0,2624981781081475;0,2439465796753585;0,0269250554453794;0,4237027027027027;0,4538736433424512;0,4491812744194564;0,1031302997110237;0,056148770569765;0,9926144756277696;0,948542024013722;0,9129371484470532;0,8234818541142652;0,7043879907621247;0,0253828625933972;0,4353546910755149;0,3624338624338624;0,9545454545454546
UNSW-NB15;RANDOM_LINF;distributive;1;5;2048;3;5,307307481765747;55,32329249382019;-21,53354710197736;0,0788271874848175;0,4427358038964853;0,0788271874848175;0,1136381947771398;0,032700152818622;0,8572432432432432;0,0019853525103679;0,4274464612480527;0,1399519131807924;0,0324014137523599;0,0;0,0102915951972555;0,0110051357300073;0,0017067912324829;0,0019795447047179;0,0003709395368554;0,0002860411899313;0,0;0,0;0,2941626585045911;0,197306740953232;0,2941626585045911;0,2344391667292078;-0,0201274972013653;0,3715135135135135;0,6687549633812759;0,4715876480592474;0,0959681885057208;0,0617255168341015;0,6883308714918759;0,6723842195540308;0,6681340180973343;0,6444484369385555;0,6436819531507754;0,690795400349743;0,6618993135011442;0,7116402116402116;0,7045454545454546
UNSW-NB15;RANDOM_L2;distributive;1;5;2048;3;5,307307481765747;54,811853647232056;-21,60885196521401;0,0788271874848175;0,4427358038964853;0,0788271874848175;0,1136381947771398;0,032700152818622;0,8572432432432432;0,0019853525103679;0,4274464612480527;0,1399519131807924;0,0324014137523599;0,0;0,0102915951972555;0,0110051357300073;0,0017067912324829;0,0019795447047179;0,0003709395368554;0,0002860411899313;0,0;0,0;0,2949157071369577;0,1983347649847292;0,2949157071369577;0,2353723730921605;-0,0174639615549736;0,3702432432432432;0,6639901173563928;0,4661340247506896;0,095910298665703;0,061755350310924;0,6750369276218612;0,6878216123499142;0,6666666666666666;0,6341178584261589;0,6514351699109205;0,6862911345450692;0,6501716247139588;0,6825396825396826;0,5909090909090909
UNSW-NB15;FGSM;distributive;1;10;1024;2;3,440203905105591;31,409159421920776;-11,73662731380265;0,203092357770976;0,4550541831954661;0,203092357770976;0,2579000800648096;0,1124799220262652;0,6293783783783784;0,0056031059737051;0,5335087214370977;0,1558949646107044;0,0830485721206565;0,0;0,006861063464837;0,0068476400097823;0,0155407833273445;0,0041240514681623;0,0010068358857506;0,0014302059496567;0,0;0,0;0,3204586309090025;0,2142243807908556;0,3204586309090025;0,2554202794934623;-0,041021184387866;0,3200810810810811;0,665357804641313;0,4685051024446285;0,1117025639238617;0,063488859503541;0,93205317577548;0,9605488850771868;0,8549767669356811;0,7683255479698168;0,8546684262619597;0,4456573578506703;0,8555491990846682;0,8677248677248677;0,2727272727272727
UNSW-NB15;RANDOM_LINF;distributive;1;10;1024;2;3,440203905105591;25,985621213912964;-14,830199679347034;0,203092357770976;0,4550541831954661;0,203092357770976;0,2579000800648096;0,1124799220262652;0,6293783783783784;0,0056031059737051;0,5335087214370977;0,1558949646107044;0,0830485721206565;0,0;0,006861063464837;0,0068476400097823;0,0155407833273445;0,0041240514681623;0,0010068358857506;0,0014302059496567;0,0;0,0;0,3513943545644464;0,355314012958888;0,3513943545644464;0,2795734981520761;0,013553620810018;0,3131891891891892;0,6758581134739257;0,4978433799794157;0,1015280796193156;0,0857090308983127;0,6750369276218612;0,7015437392795884;0,6947909024211298;0,642202659001078;0,6603431210821511;0,6939218907318108;0,681350114416476;0,7142857142857143;0,7272727272727273
UNSW-NB15;RANDOM_L2;distributive;1;10;1024;2;3,440203905105591;25,58259105682373;-14,706311033377055;0,203092357770976;0,4550541831954661;0,203092357770976;0,2579000800648096;0,1124799220262652;0,6293783783783784;0,0056031059737051;0,5335087214370977;0,1558949646107044;0,0830485721206565;0,0;0,006861063464837;0,0068476400097823;0,0155407833273445;0,0041240514681623;0,0010068358857506;0,0014302059496567;0,0;0,0;0,3501554681047466;0,3493804428758897;0,3501554681047466;0,2781339211508828;0,0088666903925658;0,315027027027027;0,6849466160769434;0,4908491818036422;0,1007845939731529;0,0864918085683277;0,691285081240768;0,7186963979416809;0,6864759109806798;0,6531620553359684;0,6707357307819202;0,7070107572465688;0,6816361556064073;0,716931216931217;0,5227272727272727
UNSW-NB15;FGSM;distributive;1;10;1024;3;3,45355224609375;47,76041388511658;-19,51367633483943;0,1002890735072632;0,450571237263154;0,1002890735072632;0,1408007437629497;0,0313273743332167;0,8305135135135135;0,0025588987911409;0,521076254305617;0,1496324440070367;0,0438279668436948;0,0;0,0120068610634648;0,0151626314502323;0,0023356090549766;0,0019795447047179;0,0004239308992634;0,0002860411899313;0,0;0,0;0,2954258368556576;0,2381665459784235;0,2954258368556576;0,2635694531731569;0,0235193247491268;0,4021621621621621;0,5375011029736169;0,5031913145930541;0,1036971971609587;0,0726097858713053;0,9926144756277696;0,9948542024013722;0,9126925898752752;0,7353575278476464;0,7868690201253712;0,1509194001377775;0,9204805491990846;0,843915343915344;0,9318181818181818
UNSW-NB15;RANDOM_LINF;distributive;1;10;1024;3;3,45355224609375;43,905760526657104;-24,07326434436185;0,1002890735072632;0,450571237263154;0,1002890735072632;0,1408007437629497;0,0313273743332167;0,8305135135135135;0,0025588987911409;0,521076254305617;0,1496324440070367;0,0438279668436948;0,0;0,0120068610634648;0,0151626314502323;0,0023356090549766;0,0019795447047179;0,0004239308992634;0,0002860411899313;0,0;0,0;0,3410217169508818;0,2344906650486274;0,3410217169508818;0,2769900869582791;0,0296296099840201;0,299;0,6257831112679785;0,4996885384501207;0,1041436298947944;0,0799119961056857;0,6070901033973413;0,5728987993138936;0,6167767180239667;0,6588214157384118;0,6441768393269548;0,5980605161358699;0,6558924485125858;0,6613756613756614;0,75
UNSW-NB15;RANDOM_L2;distributive;1;10;1024;3;3,45355224609375;43,96924614906311;-24,263955691590144;0,1002890735072632;0,450571237263154;0,1002890735072632;0,1408007437629497;0,0313273743332167;0,8305135135135135;0,0025588987911409;0,521076254305617;0,1496324440070367;0,0438279668436948;0,0;0,0120068610634648;0,0151626314502323;0,0023356090549766;0,0019795447047179;0,0004239308992634;0,0002860411899313;0,0;0,0;0,3429286304231647;0,2356653507094058;0,3429286304231647;0,278442517821535;0,0322207683491077;0,2955135135135135;0,6237536398129356;0,4978518241926503;0,1050591494533158;0,0808697535667479;0,6026587887740029;0,5969125214408233;0,623624358033749;0,6497484728710026;0,6459914219729462;0,5981135074982777;0,6458810068649885;0,6455026455026455;0,7272727272727273
UNSW-NB15;FGSM;distributive;1;10;2048;2;3,4655299186706543;44,22069501876831;-3,340135062915997;0,2144852548219404;0,4428627669896681;0,2144852548219404;0,2743911886895667;0,1129491295093138;0,583972972972973;0,0157725227212565;0,5182039949330625;0,1421077213176149;0,0818052216867143;0,0679468242245199;0,0188679245283018;0,0305698214722426;0,0399748472871002;0,0075882547014186;0,0014837581474219;0,0040045766590389;0,0;0,0;0,2478866054511004;0,1993847960575308;0,2478866054511004;0,2157564693222989;-0,070141696178299;0,5153783783783784;0,596466072531545;0,479244159583379;0,1144320408363981;0,0601731533496931;0,638109305760709;0,6157804459691252;0,6590853509415505;0,7189184333453108;0,3762784559551303;0,5381802766149117;0,789187643020595;0,8597883597883598;0,6590909090909091
UNSW-NB15;RANDOM_LINF;distributive;1;10;2048;2;3,4655299186706543;38,857152462005615;-9,3341592576398;0,2144852548219404;0,4428627669896681;0,2144852548219404;0,2743911886895667;0,1129491295093138;0,583972972972973;0,0157725227212565;0,5182039949330625;0,1421077213176149;0,0818052216867143;0,0679468242245199;0,0188679245283018;0,0305698214722426;0,0399748472871002;0,0075882547014186;0,0014837581474219;0,0040045766590389;0,0;0,0;0,3078268473983384;0,2782269641193309;0,3078268473983384;0,270314083732516;0,0390295905276293;0,4541351351351351;0,4685431924468367;0,5036235896121094;0,1024878801121565;0,0908426239437034;0,5081240768094535;0,5197255574614065;0,4988994864269993;0,4705353934602946;0,5131969646981195;0,4409941179587727;0,4788329519450801;0,5158730158730159;0,2954545454545454
UNSW-NB15;RANDOM_L2;distributive;1;10;2048;2;3,4655299186706543;38,53878474235535;-9,53821114511976;0,2144852548219404;0,4428627669896681;0,2144852548219404;0,2743911886895667;0,1129491295093138;0,583972972972973;0,0157725227212565;0,5182039949330625;0,1421077213176149;0,0818052216867143;0,0679468242245199;0,0188679245283018;0,0305698214722426;0,0399748472871002;0,0075882547014186;0,0014837581474219;0,0040045766590389;0,0;0,0;0,309867366273138;0,2851700647943026;0,309867366273138;0,2726503403446996;0,0423895479446533;0,4511081081081081;0,4654328068472602;0,511266971847371;0,1019356079542436;0,0923308477023022;0,5435745937961596;0,5728987993138936;0,4944974321349963;0,471703197987783;0,4976905311778291;0,4382385671135604;0,4651029748283752;0,4973544973544973;0,5227272727272727
UNSW-NB15;FGSM;distributive;1;10;2048;3;3,481491804122925;36,41007351875305;4,493999902832435;0,4240878394791818;0,7286622418158213;0,4240878394791818;0,4932324318487822;0,341834194141134;0,6137297297297297;0,0115371040324715;0,5986071873665899;0,1554576088719486;0,1840483273388981;0,001477104874446;0,0102915951972555;0,0251895328931279;0,0101509162773984;0,0016496205872649;0,0139367283132849;0,0077231121281464;0,0;0,0;0,3791478404508575;0,2557882258480622;0,3791478404508575;0,2905192955099851;0,0999558383933535;0,2465405405405405;0,6106061942998323;0,5795438765707839;0,1400721132306449;0,0909442720074763;0,1152141802067946;0,1732418524871355;0,2303741746148202;0,5020661157024794;0,4783899703068294;0,8083832335329342;0,7008009153318078;0,8888888888888888;0,6590909090909091
UNSW-NB15;RANDOM_LINF;distributive;1;10;2048;3;3,481491804122925;39,55573058128357;9,132536559296506;0,4240878394791818;0,7286622418158213;0,4240878394791818;0,4932324318487822;0,341834194141134;0,6137297297297297;0,0115371040324715;0,5986071873665899;0,1554576088719486;0,1840483273388981;0,001477104874446;0,0102915951972555;0,0251895328931279;0,0101509162773984;0,0016496205872649;0,0139367283132849;0,0077231121281464;0,0;0,0;0,3327624738862167;0,3401939621457853;0,3327624738862167;0,2850313860529331;0,0110182669176342;0,3507567567567567;0,6531589164387188;0,5283341877922773;0,1027799499812855;0,0924356173326707;0,5406203840472673;0,5334476843910806;0,5859623379799462;0,662504491555875;0,5682942923127681;0,7179269779026018;0,5529176201372997;0,5423280423280423;0,6818181818181818
UNSW-NB15;RANDOM_L2;distributive;1;10;2048;3;3,481491804122925;39,93570399284363;9,07909439828985;0,4240878394791818;0,7286622418158213;0,4240878394791818;0,4932324318487822;0,341834194141134;0,6137297297297297;0,0115371040324715;0,5986071873665899;0,1554576088719486;0,1840483273388981;0,001477104874446;0,0102915951972555;0,0251895328931279;0,0101509162773984;0,0016496205872649;0,0139367283132849;0,0077231121281464;0,0;0,0;0,3332968954962833;0,3359217833632665;0,3332968954962833;0,2845178747823837;0,0104019998994145;0,3469729729729729;0,654107473749228;0,5281431342879087;0,102987612727864;0,0898597117921727;0,5406203840472673;0,548885077186964;0,5822939594032771;0,6644807761408552;0,5557571758495546;0,7201526151237349;0,5643592677345538;0,6031746031746031;0,6363636363636364
UNSW-NB15;FGSM;distributive;1;15;1024;2;2,7563462257385254;21,958744287490845;-20,096681727639314;0,121459456833309;0,5103152345711587;0,121459456833309;0,159464217919717;0,0036299173094331;0,8026756756756757;0,0052280949439689;0,4982254267515918;0,1635213446281634;0,0563829807596853;0,0;0,0102915951972555;0,0269014428955734;0,0062881782249371;0,0051138238205212;0,0004769222616713;0,0031464530892448;0,0;0,0;0,3224262741097022;0,2383522749764007;0,3224262741097022;0,2690089199830409;0,0059245257109759;0,3378108108108108;0,5742742433600988;0,5532237120789472;0,1284486463863025;0,0800752835794256;0,7503692762186115;0,7221269296740995;0,7111763267302519;0,6798418972332015;0,7716925107225339;0,374225001324784;0,7314073226544623;0,8518518518518519;0,2045454545454545
UNSW-NB15;RANDOM_LINF;distributive;1;15;1024;2;2,7563462257385254;16,68134355545044;-21,234756838167417;0,121459456833309;0,5103152345711587;0,121459456833309;0,159464217919717;0,0036299173094331;0,8026756756756757;0,0052280949439689;0,4982254267515918;0,1635213446281634;0,0563829807596853;0,0;0,0102915951972555;0,0269014428955734;0,0062881782249371;0,0051138238205212;0,0004769222616713;0,0031464530892448;0,0;0,0;0,3338070252149832;0,2455913765964068;0,3338070252149832;0,281307378079575;0,0322015369107921;0,3414324324324324;0,5806714903379511;0,5151126133408308;0,1019205410157746;0,0886148073605914;0,5923190546528804;0,5866209262435678;0,5947664465639521;0,6196550485088035;0,5981524249422633;0,544592231466271;0,5986842105263158;0,5952380952380952;0,6590909090909091
UNSW-NB15;RANDOM_L2;distributive;1;15;1024;2;2,7563462257385254;16,823314666748047;-21,402370888597385;0,121459456833309;0,5103152345711587;0,121459456833309;0,159464217919717;0,0036299173094331;0,8026756756756757;0,0052280949439689;0,4982254267515918;0,1635213446281634;0,0563829807596853;0,0;0,0102915951972555;0,0269014428955734;0,0062881782249371;0,0051138238205212;0,0004769222616713;0,0031464530892448;0,0;0,0;0,3354831657192829;0,2466434882220983;0,3354831657192829;0,282625917408786;0,0343794709671342;0,3357837837837837;0,5782008294361599;0,5107140281569087;0,1022127192667573;0,0885962444316937;0,5923190546528804;0,6106346483704974;0,5984348251406212;0,6203736974487962;0,593038601121742;0,5388691643262148;0,5969679633867276;0,582010582010582;0,6818181818181818
UNSW-NB15;FGSM;distributive;1;15;1024;3;2,767543315887451;16,00301957130432;-20,85944711655249;0,2055579847446922;0,4609304337295142;0,2055579847446922;0,2671277413696979;0,1123456227497525;0,602027027027027;0,003353039795288;0,524334172765699;0,1456250735611798;0,0766705016139787;0,0;0,0137221269296741;0,0149180728784543;0,0058390226374416;0,0003299241174529;0,0006358963488951;0,0011441647597254;0,0;0,0;0,4141524559102171;0,2271510347543202;0,4141524559102171;0,2873450081582567;0,0284310476024852;0,0919729729729729;0,8307376687549634;0,5578884245150486;0,1078115652041793;0,0724819028273289;0,8700147710487445;0,8747855917667239;0,8190266568843237;0,8681279195113187;0,8982184097657538;0,7738328652429654;0,9041762013729976;0,7962962962962963;0,8409090909090909
UNSW-NB15;RANDOM_LINF;distributive;1;15;1024;3;2,767543315887451;16,339906930923462;-17,46344070349317;0,2055579847446922;0,4609304337295142;0,2055579847446922;0,2671277413696979;0,1123456227497525;0,602027027027027;0,003353039795288;0,524334172765699;0,1456250735611798;0,0766705016139787;0,0;0,0137221269296741;0,0149180728784543;0,0058390226374416;0,0003299241174529;0,0006358963488951;0,0011441647597254;0,0;0,0;0,3801923917796239;0,2471489218173499;0,3801923917796239;0,2964279925869065;0,0524612657035019;0,2079459459459459;0,6809317921115327;0,5192214875576283;0,1088085402967346;0,0896842598523995;0,6661742983751846;0,6500857632933105;0,6747370995353387;0,7713798059647862;0,6812933025404158;0,6325578930634307;0,6667620137299771;0,6825396825396826;0,8181818181818182
UNSW-NB15;RANDOM_L2;distributive;1;15;1024;3;2,767543315887451;16,533677577972412;-17,67113637467813;0,2055579847446922;0,4609304337295142;0,2055579847446922;0,2671277413696979;0,1123456227497525;0,602027027027027;0,003353039795288;0,524334172765699;0,1456250735611798;0,0766705016139787;0,0;0,0137221269296741;0,0149180728784543;0,0058390226374416;0,0003299241174529;0,0006358963488951;0,0011441647597254;0,0;0,0;0,3822693484914735;0,2493066732012857;0,3822693484914735;0,2986553399426763;0,056508122936945;0,2067027027027027;0,6778214065119562;0,5150965539890909;0,1088602254985393;0,0912091446553488;0,6395864106351551;0,62778730703259;0,6742479823917829;0,7708408192597916;0,6709006928406467;0,6301732817550739;0,6721967963386728;0,6587301587301587;0,7272727272727273
UNSW-NB15;FGSM;distributive;1;15;2048;2;2,7588753700256348;27,09184193611145;-31,09483554389545;0,0988194140795802;0,4268102782999605;0,0988194140795802;0,1295070644437345;0,0070973889368207;0,8505135135135136;0,0094855731050913;0,5042840959838253;0,1487381536712655;0,0499390536098161;0,0;0,0154373927958833;0,0183418928833455;0,0121272008623787;0,0070933685252391;0,0083726352604525;0,0025743707093821;0,0;0,0227272727272727;0,4097677695185347;0,2393718463239608;0,4097677695185347;0,2966956281604667;0,043473612196056;0,1473783783783784;0,7981337686402541;0,5098255101987738;0,1180344215183619;0,0796591030872158;0,6809453471196455;0,7066895368782161;0,6375641966250917;0,7987782968020122;0,871164632134609;0,7911080493879498;0,9170480549199084;0,925925925925926;0,9772727272727272
UNSW-NB15;RANDOM_LINF;distributive;1;15;2048;2;2,7588753700256348;27,984840869903564;-24,94412864985668;0,0988194140795802;0,4268102782999605;0,0988194140795802;0,1295070644437345;0,0070973889368207;0,8505135135135136;0,0094855731050913;0,5042840959838253;0,1487381536712655;0,0499390536098161;0,0;0,0154373927958833;0,0183418928833455;0,0121272008623787;0,0070933685252391;0,0083726352604525;0,0025743707093821;0,0;0,0227272727272727;0,348260700578147;0,3293052453598462;0,348260700578147;0,2770656260571136;0,0007883406950319;0,306054054054054;0,7149474984558369;0,5243471531351751;0,1058233575788952;0,0854351675024431;0,6514032496307238;0,6157804459691252;0,6280264123257521;0,6802910528206971;0,650940283734741;0,7970960733400456;0,631578947368421;0,6296296296296297;0,7954545454545454
UNSW-NB15;RANDOM_L2;distributive;1;15;2048;2;2,7588753700256348;28,091988801956177;-25,03157945877666;0,0988194140795802;0,4268102782999605;0,0988194140795802;0,1295070644437345;0,0070973889368207;0,8505135135135136;0,0094855731050913;0,5042840959838253;0,1487381536712655;0,0499390536098161;0,0;0,0154373927958833;0,0183418928833455;0,0121272008623787;0,0070933685252391;0,0083726352604525;0,0025743707093821;0,0;0,0227272727272727;0,3491352086673468;0,3348096408997905;0,3491352086673468;0,2781543553507619;0,0030697823925761;0,3077027027027027;0,7138886437836407;0,5286714315615291;0,1062320591298883;0,0867027184534095;0,6248153618906942;0,6329331046312179;0,6314502323306432;0,6693316564858067;0,6575387660838007;0,7972550474272694;0,6387299771167048;0,6296296296296297;0,7954545454545454
UNSW-NB15;FGSM;distributive;1;15;2048;3;2,797780513763428;21,89342761039734;-4,207355584705824;0,3570543652528786;0,6612554670709231;0,3570543652528786;0,4073515095259014;0,2764176404898387;0,7680810810810811;0,0136768728492014;0,5783139183382242;0,1745034671332627;0,1668122302415058;0,0;0,0102915951972555;0,0180973343115676;0,0049407114624505;0,0021445067634444;0,0237401303587515;0,0068649885583524;0,0;0,0;0,3991279210999368;0,2497624703665782;0,3991279210999368;0,3053202226220716;0,071959391716877;0,163;0,6823877172858025;0,5866182955198571;0,1322080000728443;0,0805006576282679;0,96602658788774;0,9656946826758148;0,9144044998777208;0,8288717211642113;0,8286044209831739;0,4628265592708389;0,7525743707093822;0,843915343915344;1,0
UNSW-NB15;RANDOM_LINF;distributive;1;15;2048;3;2,797780513763428;19,02000594139099;-1,8194626633629696;0,3570543652528786;0,6612554670709231;0,3570543652528786;0,4073515095259014;0,2764176404898387;0,7680810810810811;0,0136768728492014;0,5783139183382242;0,1745034671332627;0,1668122302415058;0,0;0,0102915951972555;0,0180973343115676;0,0049407114624505;0,0021445067634444;0,0237401303587515;0,0068649885583524;0,0;0,0;0,3752489918865083;0,3026638983643587;0,3752489918865083;0,2762344242304508;-0,0159388676225791;0,220054054054054;0,8141489455572223;0,5112886759246017;0,1013320459364716;0,0778510799964867;0,7828655834564254;0,7632933104631218;0,7818537539740767;0,7958138699245418;0,7575057736720554;0,8604737427799268;0,772883295194508;0,8068783068783069;0,8863636363636364
UNSW-NB15;RANDOM_L2;distributive;1;15;2048;3;2,797780513763428;18,65010905265808;-1,849827527571296;0,3570543652528786;0,6612554670709231;0,3570543652528786;0,4073515095259014;0,2764176404898387;0,7680810810810811;0,0136768728492014;0,5783139183382242;0,1745034671332627;0,1668122302415058;0,0;0,0102915951972555;0,0180973343115676;0,0049407114624505;0,0021445067634444;0,0237401303587515;0,0068649885583524;0,0;0,0;0,3755526405285915;0,326314986180928;0,3755526405285915;0,2771942684464847;-0,0143893975795159;0,2194864864864865;0,8115018088767316;0,5090283968090153;0,1009332834181951;0,0774508034239296;0,7843426883308715;0,8044596912521441;0,7816091954022989;0,7946460653970535;0,7631144836687562;0,8533729002172646;0,7657322654462243;0,7962962962962963;0,8409090909090909
UNSW-NB15;FGSM;distributive;1;20;1024;2;2,4670441150665283;23,03134512901306;-5,98916581645047;0,3757834134965748;0,6597735177962392;0,3757834134965748;0,4387732702970218;0,2989182354600449;0,7367837837837837;0,042795376334598;0,4802271162768096;0,1461327237107325;0,1913727644065591;0,0753323485967503;0,0102915951972555;0,0154071900220102;0,0223679482572763;0,1370834708017156;0,0364050659742462;0,0140160183066361;0,0105820105820105;0,0;0,4356750716610795;0,2502600609402449;0,4356750716610795;0,3125077034918214;0,0909854470029956;0,087054054054054;0,7580737668754963;0,5422613246371808;0,117953692130587;0,0830624112893943;0,9601181683899556;0,948542024013722;0,8417706040596723;0,7790154509522098;0,9173540085780272;0,6266228604737428;0,9450800915331808;0,8386243386243386;0,9318181818181818
UNSW-NB15;RANDOM_LINF;distributive;1;20;1024;2;2,4670441150665283;22,982796669006348;3,099645338386048;0,3757834134965748;0,6597735177962392;0,3757834134965748;0,4387732702970218;0,2989182354600449;0,7367837837837837;0,042795376334598;0,4802271162768096;0,1461327237107325;0,1913727644065591;0,0753323485967503;0,0102915951972555;0,0154071900220102;0,0223679482572763;0,1370834708017156;0,0364050659742462;0,0140160183066361;0,0105820105820105;0,0;0,3447869601127143;0,3773508956526086;0,3447869601127144;0,2744355476186656;-0,0057264938129669;0,3172702702702702;0,6920718256419306;0,4995586371132799;0,1057756375304806;0,0794659977377612;0,670605612998523;0,660377358490566;0,677916360968452;0,7016708587854833;0,6766743648960739;0,6965714588522071;0,687929061784897;0,6878306878306878;0,8863636363636364
UNSW-NB15;RANDOM_L2;distributive;1;20;1024;2;2,4670441150665283;23,031461238861084;3,0632075013360573;0,3757834134965748;0,6597735177962392;0,3757834134965748;0,4387732702970218;0,2989182354600449;0,7367837837837837;0,042795376334598;0,4802271162768096;0,1461327237107325;0,1913727644065591;0,0753323485967503;0,0102915951972555;0,0154071900220102;0,0223679482572763;0,1370834708017156;0,0364050659742462;0,0140160183066361;0,0105820105820105;0,0;0,3451513384832143;0,3708218624880192;0,3451513384832143;0,2749097518075155;-0,0048073891949079;0,317972972972973;0,6916526956675196;0,4967545517028242;0,1053357567116276;0,0798052309373424;0,654357459379616;0,6569468267581475;0,6603081438004402;0,6973589651455264;0,6829429231276807;0,6978432515499974;0,7053775743707094;0,6825396825396826;0,7272727272727273
UNSW-NB15;FGSM;distributive;1;20;1024;3;2,521801471710205;14,52117395401001;11,363746781324394;0,3273453821114512;0,6901449876002098;0,3273453821114512;0,3737093881421612;0,2693891175319629;0,8226216216216217;0,0015000441189446;0,5132901924048341;0,1783682757235294;0,1532716700748542;0,0;0,0;0,0066030814380044;0,0032339202299676;0,0001649620587264;5,299136240792751e-05;0,000858123569794;0,0;0,0;0,2137079142982072;0,2174810220244152;0,2137079142982072;0,1948179831854279;-0,153120517319826;0,5863513513513513;0,7818759375275743;0,4731923323338273;0,1071370067143101;0,0583765008124146;0,9896602658788776;0,9691252144082332;0,9197847884568354;0,8719906575637801;0,6920158363576377;0,7090774203804779;0,7994851258581236;0,873015873015873;0,9090909090909092
UNSW-NB15;RANDOM_LINF;distributive;1;20;1024;3;2,521801471710205;11,17634916305542;-1,217023757469754;0,3273453821114512;0,6901449876002098;0,3273453821114512;0,3737093881421612;0,2693891175319629;0,8226216216216217;0,0015000441189446;0,5132901924048341;0,1783682757235294;0,1532716700748542;0,0;0,0;0,0066030814380044;0,0032339202299676;0,0001649620587264;5,299136240792751e-05;0,000858123569794;0,0;0,0;0,3395156196861487;0,3432365211224972;0,3395156196861487;0,2862450909144271;0,0162358034744317;0,3349459459459459;0,6389746757257566;0,5021333518816719;0,1044016866473479;0,0903248776470983;0,6514032496307238;0,6483704974271012;0,6395206651993153;0,6362738052461373;0,6087099967007589;0,6489852154098882;0,6378718535469108;0,6666666666666666;0,6818181818181818
UNSW-NB15;RANDOM_L2;distributive;1;20;1024;3;2,521801471710205;11,112288236618042;-1,3117621337997376;0,3273453821114512;0,6901449876002098;0,3273453821114512;0,3737093881421612;0,2693891175319629;0,8226216216216217;0,0015000441189446;0,5132901924048341;0,1783682757235294;0,1532716700748542;0,0;0,0;0,0066030814380044;0,0032339202299676;0,0001649620587264;5,299136240792751e-05;0,000858123569794;0,0;0,0;0,3404630034494486;0,3431907607849992;0,3404630034494486;0,2867984442326845;0,0195843173334303;0,336027027027027;0,6343642460072355;0,5031400389913616;0,104702108727784;0,0913579713502864;0,6159527326440177;0,6672384219554031;0,6397652237710931;0,6245059288537549;0,616133289343451;0,6452758200413332;0,6344393592677345;0,5846560846560847;0,7272727272727273
UNSW-NB15;FGSM;distributive;1;20;2048;2;2,5973479747772217;15,11176347732544;-9,32565709566147;0,2378662002623524;0,4633373041014748;0,2378662002623524;0,2867414459268213;0,1420985768931773;0,5869189189189189;0,0083164210712079;0,5627616677960463;0,1756846820111217;0,0968292953415401;0,0384047267355982;0,0034305317324185;0,0129616043042308;0,020391663672296;0,0064335202903332;0,000688887711303;0,0045766590389016;0,0026455026455026;0,0;0,3311227712189671;0,2516733665631793;0,3311227712189671;0,2558706432737139;-0,0475040452762184;0,3544594594594594;0,7952439777640519;0,4721722785894207;0,1049252229784284;0,0767047727215368;0,4756277695716396;0,4922813036020583;0,6167767180239667;0,6896334890406036;0,6504453975585616;0,9451539399077952;0,8847254004576659;0,8756613756613757;0,8863636363636364
UNSW-NB15;RANDOM_LINF;distributive;1;20;2048;2;2,5973479747772217;12,107821464538574;-11,548365155711023;0,2378662002623524;0,4633373041014748;0,2378662002623524;0,2867414459268213;0,1420985768931773;0,5869189189189189;0,0083164210712079;0,5627616677960463;0,1756846820111217;0,0968292953415401;0,0384047267355982;0,0034305317324185;0,0129616043042308;0,020391663672296;0,0064335202903332;0,000688887711303;0,0045766590389016;0,0026455026455026;0,0;0,3533498518194626;0,3471101172514429;0,3533498518194626;0,2897515104038408;0,0352367960582897;0,2939189189189189;0,6336804023647754;0,5142031890147811;0,1014881054127051;0,0924967913780762;0,638109305760709;0,6466552315608919;0,6434336023477623;0,6745418613007546;0,6134938964038271;0,6158656139049336;0,619279176201373;0,6375661375661376;0,6818181818181818
UNSW-NB15;RANDOM_L2;distributive;1;20;2048;2;2,5973479747772217;12,347811698913574;-11,401399212942724;0,2378662002623524;0,4633373041014748;0,2378662002623524;0,2867414459268213;0,1420985768931773;0,5869189189189189;0,0083164210712079;0,5627616677960463;0,1756846820111217;0,0968292953415401;0,0384047267355982;0,0034305317324185;0,0129616043042308;0,020391663672296;0,0064335202903332;0,000688887711303;0,0045766590389016;0,0026455026455026;0,0;0,3518801923917796;0,3353069828187384;0,3518801923917796;0,2890034581919335;0,0347647697706176;0,297;0,629312626841966;0,5111751017678884;0,1015487355593297;0,0929732599358906;0,6454948301329394;0,6174957118353345;0,6162876008804109;0,673194394538268;0,5971626525899043;0,6167134757034604;0,6284324942791762;0,6111111111111112;0,7045454545454546
UNSW-NB15;FGSM;distributive;1;20;2048;3;2,481072425842285;19,012451171875;-0,240489724529952;0,2546397512510324;0,447577296137874;0,2546397512510324;0,2979853827183779;0,1292494110922001;0,5719189189189189;0,0276625783111267;0,5431297176156965;0,155204942716395;0,1153613328838293;0,0369276218611521;0,0257289879931389;0,0190755685986793;0,0254222062522457;0,127185747278126;0,001430766785014;0,0143020594965675;0,0132275132275132;0,0;0,2570446484963319;0,1700049499487065;0,2570446484963319;0,2027327603117098;-0,1460292137725218;0,4914594594594594;0,7965454866319598;0,5340895414339265;0,1129659724031871;0,0560801828891948;0,7223042836041359;0,7289879931389366;0,6268036194668624;0,7855731225296443;0,7693830419003629;0,8270361931005246;0,9241990846681922;0,925925925925926;0,7954545454545454
UNSW-NB15;RANDOM_LINF;distributive;1;20;2048;3;2,481072425842285;15,48526382446289;-10,715153281834528;0,2546397512510324;0,447577296137874;0,2546397512510324;0,2979853827183779;0,1292494110922001;0,5719189189189189;0,0276625783111267;0,5431297176156965;0,155204942716395;0,1153613328838293;0,0369276218611521;0,0257289879931389;0,0190755685986793;0,0254222062522457;0,127185747278126;0,001430766785014;0,0143020594965675;0,0132275132275132;0,0;0,3617912840693776;0,2408240045280644;0,3617912840693776;0,2852316651752641;0,0277058072242912;0,2785675675675675;0,6614312185652519;0,514045409318606;0,1036518573021993;0,0851476876050596;0,6558345642540621;0,7135506003430532;0,6744925409635608;0,6909809558030902;0,6829429231276807;0,6299613163054422;0,6744851258581236;0,6798941798941799;0,7045454545454546
UNSW-NB15;RANDOM_L2;distributive;1;20;2048;3;2,481072425842285;15,797935485839844;-10,919205169314484;0,2546397512510324;0,447577296137874;0,2546397512510324;0,2979853827183779;0,1292494110922001;0,5719189189189189;0,0276625783111267;0,5431297176156965;0,155204942716395;0,1153613328838293;0,0369276218611521;0,0257289879931389;0,0190755685986793;0,0254222062522457;0,127185747278126;0,001430766785014;0,0143020594965675;0,0132275132275132;0,0;0,3638318029441772;0,2418640720112717;0,3638318029441772;0,2865347448575165;0,0297441645901832;0,2749729729729729;0,6631959763522457;0,5087457599237895;0,1040545761954411;0,0856602402926073;0,6735598227474151;0,7032590051457976;0,6798728295426755;0,6889148401006109;0,6939953810623557;0,6291664458693234;0,6847826086956522;0,6481481481481481;0,6818181818181818
UNSW-NB15;FGSM;distributive;2;5;1024;2;9,083673477172852;110,97393536567688;-2,6198804838944767;0,2745348102803284;0,5282324893064938;0,2745348102803284;0,3368560724895245;0,2022535212096481;0,4955945945945946;0,0096399894114532;0,5562597727323814;0,1453127086449892;0,1124381310186778;0,0147710487444608;0,0102915951972555;0,0185864514551235;0,0148221343873517;0,0209501814582645;0,001430766785014;0,0071510297482837;0,0;0,0227272727272727;0,3007336151192732;0,2081107757418142;0,3007336151192732;0,2437876265561517;-0,0516000463296523;0,3598378378378378;0,6710491485043678;0,4967533393822194;0,1397008699917757;0,0607234741113108;0,9911373707533236;0,9777015437392796;0,9444852042064076;0,8921128278835788;0,8274496865720884;0,4014095702400508;0,709954233409611;0,7328042328042328;0,8181818181818182
UNSW-NB15;RANDOM_LINF;distributive;2;5;1024;2;9,083673477172852;109,48919725418092;-7,92765874751008;0,2745348102803284;0,5282324893064938;0,2745348102803284;0,3368560724895245;0,2022535212096481;0,4955945945945946;0,0096399894114532;0,5562597727323814;0,1453127086449892;0,1124381310186778;0,0147710487444608;0,0102915951972555;0,0185864514551235;0,0148221343873517;0,0209501814582645;0,001430766785014;0,0071510297482837;0,0;0,0227272727272727;0,3538113977554292;0,2520509572207344;0,3538113977554292;0,2910279940496388;0,0551699876699761;0,2863783783783784;0,5754213359216448;0,5185251489113492;0,1093664456207283;0,0873895731072849;0,5317577548005908;0,4991423670668953;0,5605282465150404;0,669690980955803;0,6283404816892115;0,5032589687880875;0,602974828375286;0,6375661375661376;0,7272727272727273
UNSW-NB15;RANDOM_L2;distributive;2;5;1024;2;9,083673477172852;108,31025075912476;-7,835349560316763;0,2745348102803284;0,5282324893064938;0,2745348102803284;0,3368560724895245;0,2022535212096481;0,4955945945945946;0,0096399894114532;0,5562597727323814;0,1453127086449892;0,1124381310186778;0,0147710487444608;0,0102915951972555;0,0185864514551235;0,0148221343873517;0,0209501814582645;0,001430766785014;0,0071510297482837;0,0;0,0227272727272727;0,352888305883496;0,2523922150117512;0,352888305883496;0,2912055206615588;0,05438104031404;0,289027027027027;0,5736345186623136;0,5147915410860573;0,1088423528364184;0,0872157859498435;0,5155096011816839;0,5265866209262435;0,558082660797261;0,662594322673374;0,6219069613988782;0,5084521223040644;0,5886727688787186;0,6216931216931217;0,7272727272727273
UNSW-NB15;FGSM;distributive;2;5;1024;3;9,07836413383484;183,0696485042572;1,1526502453480996;0,2554778215031822;0,4899406237610801;0,2554778215031822;0,3192569399697876;0,1603057151046148;0,5184864864864865;0,0025588987911409;0,5389490006731842;0,1376607593999244;0,1053580651820735;0,0;0,0102915951972555;0,0110051357300073;0,0031440891124685;0,0036291652919828;0,0003709395368554;0,0002860411899313;0,0;0,0;0,2439513190497012;0,2438795863582963;0,2439513190497012;0,2312118603390865;-0,0329802583354107;0,5069189189189189;0,4313068031412688;0,5360384240350669;0,1202370023259252;0,0594985050266379;0,9615952732644018;0,915951972555746;0,8691611640988016;0,700503054257995;0,6707357307819202;0,0955964177839012;0,2874713958810068;0,2671957671957672;0,8863636363636364
UNSW-NB15;RANDOM_LINF;distributive;2;5;1024;3;9,07836413383484;174,6832959651947;-7,943448476898412;0,2554778215031822;0,4899406237610801;0,2554778215031822;0,3192569399697876;0,1603057151046148;0,5184864864864865;0,0025588987911409;0,5389490006731842;0,1376607593999244;0,1053580651820735;0,0;0,0102915951972555;0,0110051357300073;0,0031440891124685;0,0036291652919828;0,0003709395368554;0,0002860411899313;0,0;0,0;0,3349123062721663;0,3966129192292723;0,3349123062721663;0,2798086609821651;0,0428825257488089;0,3678648648648648;0,5520382952439777;0,4889341033781939;0,1055937269018219;0,0884430194439819;0,4519940915805022;0,444253859348199;0,4861824406945463;0,5681818181818182;0,5046189376443418;0,5859784855068624;0,5151601830663616;0,5476190476190477;0,5
UNSW-NB15;RANDOM_L2;distributive;2;5;1024;3;9,07836413383484;175,6342270374298;-7,966525773696742;0,2554778215031822;0,4899406237610801;0,2554778215031822;0,3192569399697876;0,1603057151046148;0,5184864864864865;0,0025588987911409;0,5389490006731842;0,1376607593999244;0,1053580651820735;0,0;0,0102915951972555;0,0110051357300073;0,0031440891124685;0,0036291652919828;0,0003709395368554;0,0002860411899313;0,0;0,0;0,3351430792401496;0,4029050565534968;0,3351430792401496;0,2801772641846842;0,0428594608311248;0,3661081081081081;0,551266213712168;0,4900244488790907;0,1049658064761703;0,0882545118009807;0,4194977843426883;0,4476843910806174;0,4886280264123258;0,5673733381243262;0,5179808644011877;0,5809972974405172;0,517162471395881;0,5132275132275133;0,5681818181818182
UNSW-NB15;FGSM;distributive;2;5;2048;2;9,257194519042969;194,35439658164975;-5,667298255842201;0,2522105621143662;0,4786556896313051;0,2522105621143662;0,3108159866983731;0,181498957661166;0,5182972972972973;0,0023824230124415;0,5493537764467917;0,1475985788786262;0,0890495442481254;0,0;0,0102915951972555;0,0146735143066764;0,0018864534674811;0,0021445067634444;0,0003709395368554;0,0002860411899313;0,0;0,0;0,3088835446727882;0,2673013023811079;0,3088835446727882;0,2808513827773665;0,0621088832759885;0,4244324324324324;0,3799082325950763;0,5739054748167388;0,1188276543680384;0,0771278202259448;0,9911373707533236;0,9416809605488852;0,8645145512350207;0,6189363995688106;0,687066974595843;0,0156324519103386;0,2877574370709382;0,1904761904761904;0,8863636363636364
UNSW-NB15;RANDOM_LINF;distributive;2;5;2048;2;9,257194519042969;192,02635097503665;-12,369431083904193;0,2522105621143662;0,4786556896313051;0,2522105621143662;0,3108159866983731;0,181498957661166;0,5182972972972973;0,0023824230124415;0,5493537764467917;0,1475985788786262;0,0890495442481254;0,0;0,0102915951972555;0,0146735143066764;0,0018864534674811;0,0021445067634444;0,0003709395368554;0,0002860411899313;0,0;0,0;0,3759048729534081;0,2539234261848671;0,3759048729534081;0,3026272422070928;0,0744603808764607;0,2491621621621621;0,5666196064590135;0,4907328211454099;0,1047929157352045;0,0880845823785609;0,5288035450516987;0,4854202401372213;0,5663976522377109;0,677596119295724;0,5658198614318707;0,5046897355731016;0,5640732265446224;0,6005291005291006;0,75
UNSW-NB15;RANDOM_L2;distributive;2;5;2048;2;9,257194519042969;192,27712392807007;-12,823689452460767;0,2522105621143662;0,4786556896313051;0,2522105621143662;0,3108159866983731;0,181498957661166;0,5182972972972973;0,0023824230124415;0,5493537764467917;0,1475985788786262;0,0890495442481254;0,0;0,0102915951972555;0,0146735143066764;0,0018864534674811;0,0021445067634444;0,0003709395368554;0,0002860411899313;0,0;0,0;0,3804474566389739;0,2559936026261732;0,3804474566389739;0,305652458105314;0,0806025931005821;0,2407837837837838;0,5648548486720197;0,4925050713389641;0,1053985913247272;0,0885041113332914;0,5361890694239291;0,5094339622641509;0,5610173636585962;0,6687028386633129;0,5725833058396569;0,5034709342377193;0,568649885583524;0,582010582010582;0,6363636363636364
UNSW-NB15;FGSM;distributive;2;5;2048;3;9,179445028305054;140,7096815109253;9,468979254724774;0,253449448574066;0,4951189263325278;0,253449448574066;0,3108999979970595;0,1849979643537803;0,513054054054054;0,0136989323215388;0,607703121146163;0,1614899923164349;0,1061996256122934;0,103397341211226;0,1166380789022298;0,0227439471753484;0,0203018325547969;0,0232596502804355;0,0011128186105664;0,0005720823798627;0,0;0,0;0,1587596560268182;0,1284820632017077;0,1587596560268182;0,1355569518914235;-0,1894083326756671;0,7268378378378378;0,679740580605312;0,4980346168956193;0,1116173223534648;0,0415496263484243;0,8242245199409158;0,8096054888507719;0,7742724382489606;0,6997844053180021;0,6695809963708347;0,6053203327857559;0,8555491990846682;0,843915343915344;0,8181818181818182
UNSW-NB15;RANDOM_LINF;distributive;2;5;2048;3;9,179445028305054;110,801411151886;-8,802166836709906;0,253449448574066;0,4951189263325278;0,253449448574066;0,3108999979970595;0,1849979643537803;0,513054054054054;0,0136989323215388;0,607703121146163;0,1614899923164349;0,1061996256122934;0,103397341211226;0,1166380789022298;0,0227439471753484;0,0203018325547969;0,0232596502804355;0,0011128186105664;0,0005720823798627;0,0;0,0;0,341471116941165;0,2722696841410333;0,3414711169411651;0,2946809014986935;0,0728971055367557;0,3494324324324324;0,4673960998852907;0,508897030618662;0,1101774228926666;0,0906753302724463;0,4002954209748892;0,4288164665523156;0,4269992663242846;0,5701581027667985;0,4932365555922138;0,40347623337396;0,5040045766590389;0,4735449735449735;0,6590909090909091
UNSW-NB15;RANDOM_L2;distributive;2;5;2048;3;9,179445028305054;111,1941373348236;-8,77544575620658;0,253449448574066;0,4951189263325278;0,253449448574066;0,3108999979970595;0,1849979643537803;0,513054054054054;0,0136989323215388;0,607703121146163;0,1614899923164349;0,1061996256122934;0,103397341211226;0,1166380789022298;0,0227439471753484;0,0203018325547969;0,0232596502804355;0,0011128186105664;0,0005720823798627;0,0;0,0;0,3412039061361318;0,2700756028479826;0,3412039061361318;0,2944843765485378;0,0724884698280363;0,3490810810810811;0,4673519809406159;0,5086357584194099;0,1102671347908024;0,0906238369083389;0,397341211225997;0,3979416809605489;0,4492540963560772;0,5732123607617678;0,4783899703068294;0,4035822160987759;0,5002860411899314;0,4708994708994709;0,5454545454545454
UNSW-NB15;FGSM;distributive;2;10;1024;2;5,341068744659424;37,097466707229614;22,30481465286887;0,4590924549385415;0,7015188313706442;0,4590924549385415;0,538812072755753;0,3671051514092153;0,4812702702702702;0,0203167740227653;0,5967335747581506;0,1570000880417913;0,2056721872548526;0,0280649926144756;0,0205831903945111;0,0273905600391293;0,0217391304347826;0,0514681623226657;0,0047162312543055;0,0334668192219679;0,0476190476190476;0,0;0,2360443084098528;0,1909695574936587;0,2360443084098528;0,2081755534149084;-0,1006922378840138;0,5228108108108108;0,5647004323656578;0,4823336519622782;0,1373743552217256;0,052355464143053;0,9807976366322008;0,948542024013722;0,9156272927366104;0,8390226374416098;0,6634774001979544;0,2242064543479413;0,8006292906178489;0,5502645502645502;0,8636363636363636
UNSW-NB15;RANDOM_LINF;distributive;2;10;1024;2;5,341068744659424;40,042009592056274;11,443910022834377;0,4590924549385415;0,7015188313706442;0,4590924549385415;0,538812072755753;0,3671051514092153;0,4812702702702702;0,0203167740227653;0,5967335747581506;0,1570000880417913;0,2056721872548526;0,0280649926144756;0,0205831903945111;0,0273905600391293;0,0217391304347826;0,0514681623226657;0,0047162312543055;0,0334668192219679;0,0476190476190476;0,0;0,3446533547101977;0,2600943107618905;0,3446533547101977;0,2887308082531402;0,0588016896208057;0,3524054054054054;0,5092649783817171;0,5142238121727466;0,1036228939273455;0,0855022355385814;0,5982274741506647;0,58147512864494;0,5654194179505991;0,5455443765720446;0,5615308479049819;0,4525992263261088;0,5174485125858124;0,4814814814814814;0,4772727272727273
UNSW-NB15;RANDOM_L2;distributive;2;10;1024;2;5,341068744659424;39,15985345840454;11,732983530097652;0,4590924549385415;0,7015188313706442;0,4590924549385415;0,538812072755753;0,3671051514092153;0,4812702702702702;0,0203167740227653;0,5967335747581506;0,1570000880417913;0,2056721872548526;0,0280649926144756;0,0205831903945111;0,0273905600391293;0,0217391304347826;0,0514681623226657;0,0047162312543055;0,0334668192219679;0,0476190476190476;0,0;0,341762619637565;0,4412530657329321;0,341762619637565;0,2868135841868072;0,0556230133838041;0,3591351351351351;0,509882643607165;0,5122789983064802;0,1030041854660675;0,0853882835135871;0,5716395864106352;0,5643224699828473;0,5573489850819271;0,5521020481494789;0,5607060376113494;0,4547188808224259;0,5097254004576659;0,5;0,5
UNSW-NB15;FGSM;distributive;2;10;1024;3;5,421134471893311;37,98820066452026;-12,153233250740902;0,3019360637419229;0,4717486308220978;0,3019360637419229;0,3475901512571663;0,192115461019362;0,4668108108108108;0,0151327980234712;0,5908273579054054;0,1561489377453789;0,1222185802968482;0,0236336779911373;0,0257289879931389;0,0315480557593543;0,0271289974847287;0,0197954470471791;0,0024905940331725;0,0151601830663615;0,0105820105820105;0,0;0,4234683962493319;0,2041312435284788;0,4234683962493319;0,2721956410427906;-0,0470257989092855;0,0607567567567567;0,968300538251125;0,5210783043627587;0,1292968584149332;0,0616869271108479;1,0;0,9982847341337908;0,9853264856933236;0,9896694214876032;0,9155394259320356;0,9613692968046208;0,9948512585812356;0,9973544973544972;0,9772727272727272
UNSW-NB15;RANDOM_LINF;distributive;2;10;1024;3;5,421134471893311;47,76579165458679;-11,380751105281057;0,3019360637419229;0,4717486308220978;0,3019360637419229;0,3475901512571663;0,192115461019362;0,4668108108108108;0,0151327980234712;0,5908273579054054;0,1561489377453789;0,1222185802968482;0,0236336779911373;0,0257289879931389;0,0315480557593543;0,0271289974847287;0,0197954470471791;0,0024905940331725;0,0151601830663615;0,0105820105820105;0,0;0,4157435747947335;0,4144041032666398;0,4157435747947335;0,2918794222802894;0,0137498342440194;0,1178648648648648;0,8832833318627018;0,4929733965682217;0,0918259868430028;0,0817630132208455;0,880354505169867;0,8576329331046312;0,8476400097823429;0,8456701401365433;0,8634114153744639;0,929839436171904;0,8381006864988558;0,8386243386243386;0,8409090909090909
UNSW-NB15;RANDOM_L2;distributive;2;10;1024;3;5,421134471893311;49,17992067337036;-11,547150561142688;0,3019360637419229;0,4717486308220978;0,3019360637419229;0,3475901512571663;0,192115461019362;0,4668108108108108;0,0151327980234712;0,5908273579054054;0,1561489377453789;0,1222185802968482;0,0236336779911373;0,0257289879931389;0,0315480557593543;0,0271289974847287;0,0197954470471791;0,0024905940331725;0,0151601830663615;0,0105820105820105;0,0;0,4174075693533498;0,4705688149225813;0,4174075693533498;0,2935879909960294;0,0181975084421847;0,1161891891891891;0,8812759198799964;0,49855064304272;0,0922301514952307;0,0830224828998229;0,8833087149187593;0,8833619210977701;0,8476400097823429;0,8410887531440892;0,8573078192015836;0,9320650733930368;0,8223684210526315;0,8174603174603174;0,8636363636363636
UNSW-NB15;FGSM;distributive;2;10;2048;2;5,324117660522461;36,00401449203491;31,594033911480345;0,5336928533255599;0,7483010112154076;0,5336928533255599;0,5996386696048984;0,4446271103440502;0,4344324324324324;0,0077869937351098;0,5984053345722645;0,1534586969250433;0,2415041728809563;0,0103397341211226;0,0;0,0136952800195646;0,015900107797341;0,00940283734741;0,0019606804090933;0,0051487414187643;0,0026455026455026;0,0;0,2177525142107564;0,2009233108244857;0,2177525142107564;0,1944231376786178;-0,0973209830551814;0,6030540540540541;0,4901173563928351;0,452441117836625;0,1037206054410644;0,0518234401344821;0,9069423929098966;0,8936535162950258;0,8738077769625825;0,7076895436579231;0,7683932695480039;0,0778973027396534;0,903604118993135;0,843915343915344;0,5909090909090909
UNSW-NB15;RANDOM_LINF;distributive;2;10;2048;2;5,324117660522461;28,524052381515503;15,940339114803482;0,5336928533255599;0,7483010112154076;0,5336928533255599;0,5996386696048984;0,4446271103440502;0,4344324324324324;0,0077869937351098;0,5984053345722645;0,1534586969250433;0,2415041728809563;0,0103397341211226;0,0;0,0136952800195646;0,015900107797341;0,00940283734741;0,0019606804090933;0,0051487414187643;0,0026455026455026;0,0;0,3742894621775251;0,4897618264508798;0,3742894621775251;0,3004729711452545;0,0725510881428606;0,2805405405405405;0,5591855642813024;0,5332939621281454;0,1161530390286504;0,0865193917277594;0,5376661742983752;0,483704974271012;0,549767669356811;0,6159719726913403;0,5201253711646321;0,5450161623655344;0,5517734553775744;0,5396825396825397;0,6136363636363636
UNSW-NB15;RANDOM_L2;distributive;2;10;2048;2;5,324117660522461;28,18094277381897;15,882038575523488;0,5336928533255599;0,7483010112154076;0,5336928533255599;0,5996386696048984;0,4446271103440502;0,4344324324324324;0,0077869937351098;0,5984053345722645;0,1534586969250433;0,2415041728809563;0,0103397341211226;0,0;0,0136952800195646;0,015900107797341;0,00940283734741;0,0019606804090933;0,0051487414187643;0,0026455026455026;0,0;0,374872467570325;0,4901363050304695;0,374872467570325;0,3009353274495732;0,0731490957768589;0,2794324324324324;0,5600679431747992;0,5424144439763406;0,1167704207304172;0,087098039228055;0,5435745937961596;0,4922813036020583;0,5590608950843727;0,614893999281351;0,5105575717584956;0,5477187218483387;0,5572082379862701;0,5317460317460317;0,5227272727272727
UNSW-NB15;FGSM;distributive;2;10;2048;3;5,398305654525757;37,62866711616516;-9,292863042316474;0,2994339989311568;0,4636717786079595;0,2994339989311568;0,3435621463973733;0,1863670795708791;0,4512972972972973;0,0095517515221035;0,5976609461589042;0,170010340305185;0,1108779431097505;0,0088626292466765;0,0154373927958833;0,0183418928833455;0,0187747035573122;0,0141867370504783;0,0016957235970536;0,0042906178489702;0,0026455026455026;0,0;0,3923626293543215;0,2685836222117201;0,3923626293543216;0,3146091038878628;0,0998331416486366;0,2325135135135135;0,5430159710579723;0,5512523345714185;0,1124876072858751;0,0881769906600989;0,4726735598227474;0,4356775300171526;0,677671802396674;0,6136363636363636;0,5526228967337512;0,4918128345079752;0,4819794050343249;0,2645502645502645;0,5454545454545454
UNSW-NB15;RANDOM_LINF;distributive;2;10;2048;3;5,398305654525757;42,55480432510376;-3,4057231696059844;0,2994339989311568;0,4636717786079595;0,2994339989311568;0,3435621463973733;0,1863670795708791;0,4512972972972973;0,0095517515221035;0,5976609461589042;0,170010340305185;0,1108779431097505;0,0088626292466765;0,0154373927958833;0,0183418928833455;0,0187747035573122;0,0141867370504783;0,0016957235970536;0,0042906178489702;0,0026455026455026;0,0;0,3334912306272166;0,4660780945167929;0,3334912306272166;0,2714642700828165;0,014074445425375;0,3795135135135135;0,6253198623488926;0,5257962028080467;0,1113696954315247;0,0870193207444509;0,6292466765140325;0,62778730703259;0,5844949865492786;0,5661157024793388;0,5618607720224348;0,7008637592072492;0,5663615560640732;0,6058201058201058;0,5
UNSW-NB15;RANDOM_L2;distributive;2;10;2048;3;5,398305654525757;42,57574677467346;-3,2915512801826754;0,2994339989311568;0,4636717786079595;0,2994339989311568;0,3435621463973733;0,1863670795708791;0,4512972972972973;0,0095517515221035;0,5976609461589042;0,170010340305185;0,1108779431097505;0,0088626292466765;0,0154373927958833;0,0183418928833455;0,0187747035573122;0,0141867370504783;0,0016957235970536;0,0042906178489702;0,0026455026455026;0,0;0,3323495117329835;0,3812422779086053;0,3323495117329835;0,2705454842784181;0,0130676133093774;0,379027027027027;0,6216800494132181;0,516907471530729;0,1113923039219528;0,0852403077172646;0,6440177252584933;0,6518010291595198;0,5796038151137197;0,5665648580668343;0,5681293302540416;0,6939218907318108;0,5506292906178489;0,5370370370370371;0,5
UNSW-NB15;FGSM;distributive;2;15;1024;2;4,148880243301392;33,06812405586243;25,790701063984844;0,4263834232133314;0,7084626377302983;0,4263834232133314;0,5103595197232232;0,3199344232379323;0,5105675675675676;0,0084487779052325;0,6514070886536594;0,1582365733999413;0,2018475724338775;0,0236336779911373;0,0034305317324185;0,0117388114453411;0,016798418972332;0,0176509402837347;0,000688887711303;0,000858123569794;0,0185185185185185;0,0;0,1684764125734829;0,1372205796829556;0,1684764125734829;0,1408899761269981;-0,2587551735950048;0,6527567567567567;0,8123621282978911;0,439890662617228;0,0900255891324608;0,036896709935368;0,8862629246676514;0,8216123499142367;0,8914159941305942;0,9049586776859504;0,6438469152095018;0,8293678130464734;0,6495995423340961;0,4365079365079365;0,8636363636363636
UNSW-NB15;RANDOM_LINF;distributive;2;15;1024;2;4,148880243301392;26,739219427108765;7,181897682553561;0,4263834232133314;0,7084626377302983;0,4263834232133314;0,5103595197232232;0,3199344232379323;0,5105675675675676;0,0084487779052325;0,6514070886536594;0,1582365733999413;0,2018475724338775;0,0236336779911373;0,0034305317324185;0,0117388114453411;0,016798418972332;0,0176509402837347;0,000688887711303;0,000858123569794;0,0185185185185185;0,0;0,3545644463877958;0,3898356114051765;0,3545644463877958;0,3021475352815697;0,0779068253096484;0,3378918918918919;0,4726683137739345;0,5372456075681253;0,1146677115811581;0,0903873114247277;0,4963072378138848;0,5437392795883362;0,4974321349963316;0,5605461731943946;0,5379412735070934;0,3901224100471623;0,4805491990846682;0,455026455026455;0,5681818181818182
UNSW-NB15;RANDOM_L2;distributive;2;15;1024;2;4,148880243301392;27,227579832077023;6,928047417771949;0,4263834232133314;0,7084626377302983;0,4263834232133314;0,5103595197232232;0,3199344232379323;0,5105675675675676;0,0084487779052325;0,6514070886536594;0,1582365733999413;0,2018475724338775;0,0236336779911373;0,0034305317324185;0,0117388114453411;0,016798418972332;0,0176509402837347;0,000688887711303;0,000858123569794;0,0185185185185185;0,0;0,3571029490356119;0,3905644069263472;0,3571029490356119;0,3037592450598509;0,0811550532008442;0,3332972972972973;0,4718962322421248;0,5367647849524024;0,1139979604938905;0,090660603843337;0,4948301329394387;0,4974271012006861;0,4830031792614331;0,5542579949694574;0,5440448696799736;0,3955805203751788;0,4733981693363844;0,4867724867724867;0,4545454545454545
UNSW-NB15;FGSM;distributive;2;15;1024;3;4,145028114318848;29,991796493530277;24,80687946363504;0,5224214157314289;0,7521098429590315;0,5224214157314289;0,5945019447187386;0,4223057994523999;0,4201621621621622;0,0178240536486367;0,5969082107617688;0,1574635689554473;0,2543962707011378;0,0236336779911373;0,0102915951972555;0,0271460014673514;0,0356629536471433;0,0171560541075552;0,0076307561867415;0,0082951945080091;0,0026455026455026;0,0;0,2743526210950784;0,1933445796885188;0,2743526210950784;0,2147608022233448;-0,1124098431440863;0,4091891891891892;0,7779052325068384;0,5513434091491728;0,1221744423151455;0,0550921266032056;0,8138847858197932;0,8078902229845626;0,8557104426510149;0,9216672655407834;0,7457934675024744;0,6587356260929469;0,9001716247139588;0,9206349206349206;0,8181818181818182
UNSW-NB15;RANDOM_LINF;distributive;2;15;1024;3;4,145028114318848;24,570632934570312;12,43866297429918;0,5224214157314289;0,7521098429590315;0,5224214157314289;0,5945019447187386;0,4223057994523999;0,4201621621621622;0,0178240536486367;0,5969082107617688;0,1574635689554473;0,2543962707011378;0,0236336779911373;0,0102915951972555;0,0271460014673514;0,0356629536471433;0,0171560541075552;0,0076307561867415;0,0082951945080091;0,0026455026455026;0,0;0,398034785988437;0,4811830759267303;0,398034785988437;0,3019563996992899;0,0579201270199274;0,1791351351351351;0,7148592605664873;0,5307904456992093;0,1090318696698382;0,0887032865206425;0,6824224519940916;0,7015437392795884;0,6703350452433358;0,7432626661875674;0,7000989772352358;0,7252397859148959;0,6618993135011442;0,6507936507936508;0,6818181818181818
UNSW-NB15;RANDOM_L2;distributive;2;15;1024;3;4,145028114318848;24,192270040512085;12,52975756692416;0,5224214157314289;0,7521098429590315;0,5224214157314289;0,5945019447187386;0,4223057994523999;0,4201621621621622;0,0178240536486367;0,5969082107617688;0,1574635689554473;0,2543962707011378;0,0236336779911373;0,0102915951972555;0,0271460014673514;0,0356629536471433;0,0171560541075552;0,0076307561867415;0,0082951945080091;0,0026455026455026;0,0;0,3971238400621872;0,4427282305954492;0,3971238400621872;0,3021802124344774;0,0590667160424208;0,1827567567567567;0,7076237536398129;0,5199688225939976;0,1097019082211889;0,0888279345394569;0,6661742983751846;0,7015437392795884;0,6720469552457814;0,7370643190801294;0,6966347740019796;0,7148004875205342;0,6521739130434783;0,6481481481481481;0,6363636363636364
UNSW-NB15;FGSM;distributive;2;15;2048;2;4,1776509284973145;8,237782955169678;10,772239226546176;0,5552883447505222;0,7045551869973017;0,5552883447505222;0,5993252729844617;0,4523869643425219;0,4399459459459459;0,036045177799347;0,6354904584328727;0,1889048612581061;0,238300485040373;0,035450516986706;0,0411663807890223;0,0645634629493763;0,0618038088393819;0,0760475090729132;0,0041863176302262;0,0217391304347826;0,0423280423280423;0,0454545454545454;0,4475659524850605;0,2993269899528807;0,4475659524850605;0,2875781974373897;0,0249245574946826;0,0164864864864864;0,9804553075090444;0,5539619668141904;0,1215693634888834;0,069821921480462;1,0;1,0;0,9782342871117632;0,9612827883578872;0,9726162982514022;0,995707699644958;0,9696796338672768;0,9656084656084656;1,0
UNSW-NB15;RANDOM_LINF;distributive;2;15;2048;2;4,1776509284973145;13,714528560638428;15,171500753048628;0,5552883447505222;0,7045551869973017;0,5552883447505222;0,5993252729844617;0,4523869643425219;0,4399459459459459;0,036045177799347;0,6354904584328727;0,1889048612581061;0,238300485040373;0,035450516986706;0,0411663807890223;0,0645634629493763;0,0618038088393819;0,0760475090729132;0,0041863176302262;0,0217391304347826;0,0423280423280423;0,0454545454545454;0,4035733372200359;0,3125601689823934;0,4035733372200359;0,2960934085315065;0,0414621639957404;0,1532162162162162;0,7552501544163064;0,512910709939588;0,1052695179179293;0,0793023442998692;0,741506646971935;0,7632933104631218;0,7838102225483004;0,822403880704276;0,8159023424612339;0,6791902919824069;0,808066361556064;0,8042328042328042;0,8636363636363636
UNSW-NB15;RANDOM_L2;distributive;2;15;2048;2;4,1776509284973145;13,435691833496094;15,036680755963657;0,5552883447505222;0,7045551869973017;0,5552883447505222;0,5993252729844617;0,4523869643425219;0,4399459459459459;0,036045177799347;0,6354904584328727;0,1889048612581061;0,238300485040373;0,035450516986706;0,0411663807890223;0,0645634629493763;0,0618038088393819;0,0760475090729132;0,0041863176302262;0,0217391304347826;0,0423280423280423;0,0454545454545454;0,4049215371908857;0,3229818164648009;0,4049215371908857;0,2965266640161652;0,0414583886308301;0,1511621621621621;0,762551839759993;0,5140434077801517;0,1048175395296369;0,079946062377092;0,7754800590841949;0,7941680960548885;0,7874786011249695;0,8212360761767876;0,8267898383371824;0,6887817285782417;0,818649885583524;0,8306878306878307;0,7272727272727273
UNSW-NB15;FGSM;distributive;2;15;2048;3;4,130045652389526;23,017547369003296;14,012777534858865;0,3353859981538162;0,4689877592713184;0,3353859981538162;0,3673997407842365;0,2144856286607974;0,4473243243243243;0,02181681814171;0,6229517901934788;0,1622708623780577;0,1285607696034609;0,0265878877400295;0,0188679245283018;0,0276351186109073;0,03799856270212;0,0593863411415374;0,0019076890466853;0,0071510297482837;0,0079365079365079;0,0;0,1952582228052276;0,15346272124544;0,1952582228052276;0,1708862560428236;-0,1538622602369351;0,640918918918919;0,7553604517779935;0,5973605272558562;0,1499425846086629;0,0665619473395706;0,6395864106351551;0,660377358490566;0,6045487894350697;0,6233381243262667;0,6111844275816563;0,8933283874728419;0,8852974828375286;0,8518518518518519;0,75
UNSW-NB15;RANDOM_LINF;distributive;2;15;2048;3;4,130045652389526;20,394155740737915;1,5060972647330306;0,3353859981538162;0,4689877592713184;0,3353859981538162;0,3673997407842365;0,2144856286607974;0,4473243243243243;0,02181681814171;0,6229517901934788;0,1622708623780577;0,1285607696034609;0,0265878877400295;0,0188679245283018;0,0276351186109073;0,03799856270212;0,0593863411415374;0,0019076890466853;0,0071510297482837;0,0079365079365079;0,0;0,3203250255064859;0,2531620439246854;0,3203250255064859;0,2793374012451085;0,044362724938943;0,3743243243243243;0,5271552104473661;0,543183771736878;0,1161445727450071;0,0903354116647631;0,5391432791728212;0,5265866209262435;0,4930300807043287;0,5635106000718649;0,5648300890795117;0,502252132902337;0,5154462242562929;0,5476190476190477;0,5681818181818182
UNSW-NB15;RANDOM_L2;distributive;2;15;2048;3;4,130045652389526;20,335360288619995;1,6870718554146624;0,3353859981538162;0,4689877592713184;0,3353859981538162;0,3673997407842365;0,2144856286607974;0,4473243243243243;0,02181681814171;0,6229517901934788;0,1622708623780577;0,1285607696034609;0,0265878877400295;0,0188679245283018;0,0276351186109073;0,03799856270212;0,0593863411415374;0,0019076890466853;0,0071510297482837;0,0079365079365079;0,0;0,3185152795996696;0,2527387317982577;0,3185152795996696;0,2783904812007707;0,0427918026827252;0,3773243243243243;0,5252580958263479;0,5340185214729732;0,1160470481801072;0,0886645430177043;0,5096011816838996;0,5385934819897084;0,5067253607238934;0,5648580668343515;0,5653249752556911;0,49705897938636;0,5062929061784897;0,5079365079365079;0,5227272727272727
UNSW-NB15;FGSM;distributive;2;20;1024;2;3,521192789077759;19,87604308128357;14,960161298158672;0,3836661322450566;0,7223675942036093;0,3836661322450566;0,4520864208366096;0,2642326649765376;0,4215675675675676;0,0182211241507103;0,618337228096711;0,1495593065534539;0,1733027081821246;0,0236336779911373;0,0137221269296741;0,032770848618244;0,0260510240747394;0,0405806664467172;0,0059880239520958;0,0054347826086956;0,0;0,0;0,2340645192634698;0,1966518941203989;0,2340645192634698;0,2122389174735834;-0,0774686334426699;0,5284594594594595;0,5576634606900203;0,5058069476528236;0,1009806193719831;0,0594349656073613;0,8833087149187593;0,8507718696397941;0,7368549767669357;0,6401365432985986;0,7278126031012867;0,4485718827831063;0,2880434782608695;0,3386243386243386;0,7954545454545454
UNSW-NB15;RANDOM_LINF;distributive;2;20;1024;2;3,521192789077759;15,134233474731444;3,0887139872710465;0,3836661322450566;0,7223675942036093;0,3836661322450566;0,4520864208366096;0,2642326649765376;0,4215675675675676;0,0182211241507103;0,618337228096711;0,1495593065534539;0,1733027081821246;0,0236336779911373;0,0137221269296741;0,032770848618244;0,0260510240747394;0,0405806664467172;0,0059880239520958;0,0054347826086956;0,0;0,0;0,3527789923723461;0,2490125412214149;0,3527789923723461;0,2892585596176111;0,0425742387281877;0,3144324324324324;0,5931571516809317;0,5399641755452755;0,1116435943607704;0,0898264079174577;0,6174298375184638;0,5917667238421955;0,5749572022499388;0,6246855910887531;0,6009567799406137;0,5849186582587038;0,545766590389016;0,544973544973545;0,5909090909090909
UNSW-NB15;RANDOM_L2;distributive;2;20;1024;2;3,521192789077759;14,69463300704956;2,884662099791085;0,3836661322450566;0,7223675942036093;0,3836661322450566;0,4520864208366096;0,2642326649765376;0,4215675675675676;0,0182211241507103;0,618337228096711;0,1495593065534539;0,1733027081821246;0,0236336779911373;0,0137221269296741;0,032770848618244;0,0260510240747394;0,0405806664467172;0,0059880239520958;0,0054347826086956;0,0;0,0;0,3548195112471457;0,251106002250859;0,3548195112471457;0,2906800953798019;0,044828924686371;0,3129189189189189;0,5956498720550605;0,5415028023291644;0,1108648117973633;0,0917936341321104;0,6011816838995568;0,5574614065180102;0,5896307165566154;0,6194753862738053;0,5894094358297591;0,5955699221026972;0,5477688787185355;0,5529100529100529;0,6136363636363636
UNSW-NB15;FGSM;distributive;2;20;1024;3;3,569597721099853;26,070438623428345;-1,1927318661030972;0,3314628576981003;0,446707324778806;0,3314628576981004;0,3580681072994143;0,1938445015954609;0,438;0,0373246271949175;0,591447087224989;0,1618985151263131;0,138912763815735;0,0295420974889217;0,0222984562607204;0,0445096600635852;0,038896873877111;0,0460244143846915;0,0066769116633988;0,1747711670480549;0,0714285714285714;0,0227272727272727;0,3433901763591313;0,2340473340279404;0,3433901763591313;0,2736489922167751;0,0061532904559744;0,2817567567567567;0,668865260742963;0,5081318163839808;0,1330754181306641;0,0722929193976839;0,983751846381093;0,9708404802744426;0,9112252384446076;0,8275242544017247;0,7845595513032002;0,4159821949022309;0,9116132723112128;0,8386243386243386;0,9318181818181818
UNSW-NB15;RANDOM_LINF;distributive;2;20;1024;3;3,569597721099853;19,49493908882141;-3,7057280279842617;0,3314628576981003;0,446707324778806;0,3314628576981004;0,3580681072994143;0,1938445015954609;0,438;0,0373246271949175;0,591447087224989;0,1618985151263131;0,138912763815735;0,0295420974889217;0,0222984562607204;0,0445096600635852;0,038896873877111;0,0460244143846915;0,0066769116633988;0,1747711670480549;0,0714285714285714;0,0227272727272727;0,368520137977943;0,2728856915010275;0,368520137977943;0,2983662111047535;0,05711126357947;0,2512702702702702;0,6075178681725933;0,534344945869907;0,1148392512062878;0,0900955697294746;0,6262924667651403;0,6072041166380789;0,6175103937393006;0,7142472152353575;0,6428571428571429;0,5282179004822214;0,6209954233409611;0,5846560846560847;0,6590909090909091
UNSW-NB15;RANDOM_L2;distributive;2;20;1024;3;3,569597721099853;18,928683042526245;-4,053102074527526;0,3314628576981003;0,446707324778806;0,3314628576981004;0,3580681072994143;0,1938445015954609;0,438;0,0373246271949175;0,591447087224989;0,1618985151263131;0,138912763815735;0,0295420974889217;0,0222984562607204;0,0445096600635852;0,038896873877111;0,0460244143846915;0,0066769116633988;0,1747711670480549;0,0714285714285714;0,0227272727272727;0,3719938784433756;0,4821845893332201;0,3719938784433756;0,3003883578434974;0,0602169265756941;0,2451891891891892;0,6117312273890408;0,5375482180885751;0,1149882754419496;0,0905900652922045;0,6129985228951256;0,6586620926243568;0,6294937637564196;0,7049047790154509;0,6421972946222368;0,5389751470510307;0,6235697940503433;0,6349206349206349;0,6136363636363636
UNSW-NB15;FGSM;distributive;2;20;2048;2;3,5139431953430176;20,00222420692444;8,93820142836321;0,3164990526162367;0,4717634993742951;0,3164990526162367;0,3561038966595694;0,2024504183985448;0,456;0,0137651107385511;0,6394243779558294;0,2018574643349324;0,1260328054351362;0,0295420974889217;0,0222984562607204;0,0237221814624602;0,0251527128997484;0,0285384361596832;0,001430766785014;0,0037185354691075;0,0026455026455026;0,0;0,2271170383326045;0,3822842910599938;0,2271170383326045;0,1797065527365212;-0,2140145488262035;0,5237567567567567;0,8611797405806053;0,4700471865691891;0,1050808637536827;0,0491166714334404;0,9793205317577548;0,9794168096054888;0,9364147713377354;0,8821415738411786;0,8215110524579347;0,8274601239997881;0,9098970251716249;0,9074074074074074;0,8409090909090909
UNSW-NB15;RANDOM_LINF;distributive;2;20;2048;2;3,5139431953430176;12,324036836624146;-9,613516008356417;0,3164990526162367;0,4717634993742951;0,3164990526162367;0,3561038966595694;0,2024504183985448;0,456;0,0137651107385511;0,6394243779558294;0,2018574643349324;0,1260328054351362;0,0295420974889217;0,0222984562607204;0,0237221814624602;0,0251527128997484;0,0285384361596832;0,001430766785014;0,0037185354691075;0,0026455026455026;0,0;0,4126342126998008;0,2508841374845062;0,4126342126998008;0,3038788545931487;0,0622248790894807;0,1265675675675675;0,7475072796258714;0,5691254916948227;0,1241949783848948;0,086036123691205;0,757754800590842;0,7753001715265866;0,7828319882611886;0,8336327703916637;0,7942923127680633;0,6683270626887817;0,7691647597254004;0,753968253968254;0,8863636363636364
UNSW-NB15;RANDOM_L2;distributive;2;20;2048;2;3,5139431953430176;12,24025535583496;-9,601370062673082;0,3164990526162367;0,4717634993742951;0,3164990526162367;0,3561038966595694;0,2024504183985448;0,456;0,0137651107385511;0,6394243779558294;0,2018574643349324;0,1260328054351362;0,0295420974889217;0,0222984562607204;0,0237221814624602;0,0251527128997484;0,0285384361596832;0,001430766785014;0,0037185354691075;0,0026455026455026;0,0;0,4125127532429675;0,4757333120405894;0,4125127532429675;0,3030921773709781;0,0609100322670241;0,1248918918918919;0,7495588105532516;0,5626032666077755;0,1235407077291885;0,0842219042660975;0,7858197932053176;0,758147512864494;0,7818537539740767;0,8407294286740927;0,7985813262949522;0,6679561231519262;0,7668764302059496;0,7566137566137566;0,8181818181818182
UNSW-NB15;FGSM;distributive;2;20;2048;3;3,5586376190185547;18,543917894363403;-0,3157945877666046;0,3429650682602147;0,6990242419428921;0,3429650682602147;0,3761132527023502;0,2116294372246555;0,4087837837837837;0,019985881937704;0,637867383327481;0,1732067599095453;0,1330000201600313;0,0384047267355982;0,0377358490566037;0,0266568843237955;0,0294646065397053;0,0498185417354008;0,002861533570028;0,0148741418764302;0,0291005291005291;0,0454545454545454;0,3461230141378807;0,2284447865281889;0,3461230141378807;0,2722946007345468;-0,0059586068582078;0,2644054054054054;0,6410041471807995;0,4769831703424493;0,1081514375613674;0,0662952110533983;0,93205317577548;0,9073756432247;0,8916605527023722;0,8740567732662594;0,76905311778291;0,3288114037411901;0,9327803203661328;0,9312169312169312;0,9545454545454546
UNSW-NB15;RANDOM_LINF;distributive;2;20;2048;3;3,5586376190185547;14,893620491027832;-2,8870912889277567;0,3429650682602147;0,6990242419428921;0,3429650682602147;0,3761132527023502;0,2116294372246555;0,4087837837837837;0,019985881937704;0,637867383327481;0,1732067599095453;0,1330000201600313;0,0384047267355982;0,0377358490566037;0,0266568843237955;0,0294646065397053;0,0498185417354008;0,002861533570028;0,0148741418764302;0,0291005291005291;0,0454545454545454;0,3718359811494923;0,3395581011986906;0,3718359811494922;0,29768579298864;0,0528975264574657;0,2579459459459459;0,6083340686490779;0,5539110216210996;0,1251763307051474;0,0867707617766881;0,6129985228951256;0,5506003430531733;0,5947664465639521;0,695292849443047;0,6535796766743649;0,5404059138360447;0,6398741418764302;0,6375661375661376;0,7045454545454546
UNSW-NB15;RANDOM_L2;distributive;2;20;2048;3;3,5586376190185547;14,77177357673645;-3,1081475003643777;0,3429650682602147;0,6990242419428921;0,3429650682602147;0,3761132527023502;0,2116294372246555;0,4087837837837837;0,019985881937704;0,637867383327481;0,1732067599095453;0,1330000201600313;0,0384047267355982;0,0377358490566037;0,0266568843237955;0,0294646065397053;0,0498185417354008;0,002861533570028;0,0148741418764302;0,0291005291005291;0,0454545454545454;0,3740465432638585;0,3454025422368217;0,3740465432638585;0,2980956672478682;0,0536009856502219;0,2518918918918919;0,6145768993205682;0,5562176098908239;0,1241921345548673;0,0864284808901963;0,604135893648449;0,5866209262435678;0,6079726094399609;0,691609773625584;0,6483008907951171;0,5543956335117376;0,6455949656750573;0,6534391534391535;0,6363636363636364
UNSW-NB15;FGSM;distributive;4;5;1024;2;16,940786600112915;151,08230686187744;-22,57809843074382;0,1560754020308021;0,6636010307187341;0,1560754020308021;0,2091236374096516;0,0586353801829597;0,858027027027027;0,0056472249183799;0,5051922748231517;0,1497227686032867;0,0924784696622575;0,0132939438700147;0,0102915951972555;0,0180973343115676;0,0073661516349263;0,010062685582316;0,0011128186105664;0,000858123569794;0,0;0,0;0,3818563863382403;0,215005466624249;0,3818563863382403;0,2733943925362092;0,0032278699183726;0,167054054054054;0,7867951998588194;0,4184793869267389;0,1006703016331722;0,0670580932503609;0,9867060561299852;0,981132075471698;0,979212521398875;0,9304707150556952;0,8921148135928736;0,5722537226432092;0,9865560640732264;0,9682539682539684;0,9772727272727272
UNSW-NB15;RANDOM_LINF;distributive;4;5;1024;2;16,940786600112915;153,31857085227966;-23,88014380799689;0,1560754020308021;0,6636010307187341;0,1560754020308021;0,2091236374096516;0,0586353801829597;0,858027027027027;0,0056472249183799;0,5051922748231517;0,1497227686032867;0,0924784696622575;0,0132939438700147;0,0102915951972555;0,0180973343115676;0,0073661516349263;0,010062685582316;0,0011128186105664;0,000858123569794;0,0;0,0;0,394876840110771;0,2417993395873406;0,3948768401107709;0,2870078815880652;0,0267628124338256;0,1689189189189189;0,803516279890585;0,4988940016057726;0,1222990773275594;0,0828328118228183;0,8508124076809453;0,8370497427101201;0,7989728539985327;0,7701221703197988;0,7485978225008248;0,8534788829420804;0,7302631578947368;0,7619047619047619;0,8181818181818182
UNSW-NB15;RANDOM_L2;distributive;4;5;1024;2;16,940786600112915;152,47848796844482;-23,89836272652189;0,1560754020308021;0,6636010307187341;0,1560754020308021;0,2091236374096516;0,0586353801829597;0,858027027027027;0,0056472249183799;0,5051922748231517;0,1497227686032867;0,0924784696622575;0,0132939438700147;0,0102915951972555;0,0180973343115676;0,0073661516349263;0,010062685582316;0,0011128186105664;0,000858123569794;0,0;0,0;0,395059029296021;0,2419409254307915;0,395059029296021;0,2868548887917728;0,0273580641523884;0,168054054054054;0,8028544957204624;0,5015681787472022;0,1205430691289437;0,0825392267888028;0,8227474150664698;0,8319039451114922;0,7887013939838592;0,7750628817822494;0,745298581326295;0,8522070902442902;0,7391304347826086;0,7513227513227513;0,7272727272727273
UNSW-NB15;FGSM;distributive;4;5;1024;3;16,892723321914673;134,56116580963135;0,7336151192731899;0,290045182917942;0,6773455567155172;0,290045182917942;0,3719683677926531;0,2038626126290418;0,7335675675675676;0,0060222359481161;0,532489120860288;0,144990524538276;0,150297081565343;0,001477104874446;0,0102915951972555;0,0171191000244558;0,0117678763923823;0,0056087099967007;0,0005299136240792;0,0051487414187643;0,0079365079365079;0,0;0,2827090317252101;0,2047374826218886;0,28270903172521;0,2343431430201184;-0,0567245288176177;0,4468108108108108;0,5952086826083121;0,4217158340215233;0,1111331946753326;0,0606788993925661;0,9896602658788776;0,9656946826758148;0,896551724137931;0,7477542220625225;0,7279775651600132;0,3740130358751523;0,6032608695652174;0,373015873015873;0,8636363636363636
UNSW-NB15;RANDOM_LINF;distributive;4;5;1024;3;16,892723321914673;193,52048182487488;-3,709371811689255;0,290045182917942;0,6773455567155172;0,290045182917942;0,3719683677926531;0,2038626126290418;0,7335675675675676;0,0060222359481161;0,532489120860288;0,144990524538276;0,150297081565343;0,001477104874446;0,0102915951972555;0,0171191000244558;0,0117678763923823;0,0056087099967007;0,0005299136240792;0,0051487414187643;0,0079365079365079;0,0;0,3271389010348345;0,4813543750000717;0,3271389010348345;0,2780681195463216;0,0501010521115473;0,407;0,4538957028147887;0,4954104418123695;0,1266602068229506;0,0782124708121705;0,3958641063515509;0,3825042881646655;0,4331132306187332;0,5563241106719368;0,5514681623226658;0,357426739441471;0,5203089244851259;0,5105820105820106;0,4772727272727273
UNSW-NB15;RANDOM_L2;distributive;4;5;1024;3;16,892723321914673;195,6798539161682;-3,3474226303259966;0,290045182917942;0,6773455567155172;0,290045182917942;0,3719683677926531;0,2038626126290418;0,7335675675675676;0,0060222359481161;0,532489120860288;0,144990524538276;0,150297081565343;0,001477104874446;0,0102915951972555;0,0171191000244558;0,0117678763923823;0,0056087099967007;0,0005299136240792;0,0051487414187643;0,0079365079365079;0,0;0,323519409221202;0,4777316960643509;0,323519409221202;0,2760931147553911;0,048338637010993;0,4184864864864865;0,4481822994793965;0,4980212275176381;0,1252696953570602;0,0779109347495203;0,3929098966026588;0,3773584905660377;0,4292002934702861;0,5453647143370464;0,5428901352688882;0,3581156271527741;0,5020022883295194;0,4761904761904761;0,4772727272727273
UNSW-NB15;FGSM;distributive;4;5;2048;2;16,967395067214966;44,80672359466553;-9,216343584511494;0,336260506243016;0,6981687378897393;0,336260506243016;0,4250653959620604;0,2693973891523256;0,6495135135135135;0,0111400335303979;0,5369993023684869;0,1590593800505372;0,1666527868367179;0,001477104874446;0,0120068610634648;0,0261677671802396;0,0251527128997484;0,010722533817222;0,001430766785014;0,0051487414187643;0,0;0,0;0,428423942088131;0,2211645022706847;0,428423942088131;0,2875967798701511;0,0272009279740197;0,0589189189189189;0,872672725668402;0,4731461886197446;0,1266819908963882;0,0677112849113996;0,9940915805022156;0,9931389365351628;0,9782342871117632;0,9595759971254042;0,9021774991751896;0,7577234910709554;0,9891304347826086;0,9444444444444444;0,9772727272727272
UNSW-NB15;RANDOM_LINF;distributive;4;5;2048;2;16,967395067214966;91,18560409545898;-9,84914735461303;0,336260506243016;0,6981687378897393;0,336260506243016;0,4250653959620604;0,2693973891523256;0,6495135135135135;0,0111400335303979;0,5369993023684869;0,1590593800505372;0,1666527868367179;0,001477104874446;0,0120068610634648;0,0261677671802396;0,0251527128997484;0,010722533817222;0,001430766785014;0,0051487414187643;0,0;0,0;0,4347519797891463;0,4647426467899482;0,4347519797891463;0,3011950900226357;0,0677394997283001;0,0575675675675675;0,8122959498808788;0,4980941008220528;0,1284305969295932;0,0743879910620794;0,8360413589364845;0,8473413379073756;0,8813890926876987;0,9115163492633848;0,9046519300560872;0,687827884054899;0,9058924485125858;0,8968253968253969;0,9545454545454546
UNSW-NB15;RANDOM_L2;distributive;4;5;2048;2;16,967395067214966;91,220153093338;-9,493271146091436;0,336260506243016;0,6981687378897393;0,336260506243016;0,4250653959620604;0,2693973891523256;0,6495135135135135;0,0111400335303979;0,5369993023684869;0,1590593800505372;0,1666527868367179;0,001477104874446;0,0120068610634648;0,0261677671802396;0,0251527128997484;0,010722533817222;0,001430766785014;0,0051487414187643;0,0;0,0;0,4311932177039304;0,4638359361797539;0,4311932177039304;0,2993005746845356;0,0606332302532866;0,0654594594594594;0,8133768640254125;0,5034201192302575;0,1250916031726318;0,0740130831289075;0,8714918759231906;0,8782161234991424;0,8784543898263634;0,9126841537908732;0,9058066644671724;0,6897885644639924;0,8964530892448512;0,8888888888888888;0,9090909090909092
UNSW-NB15;FGSM;distributive;4;5;2048;3;16,924797534942627;184,8155701160431;21,35621629500073;0,4112738667832677;0,7289305773860082;0,4112738667832677;0,4977938394795553;0,3370739339967784;0,5372162162162162;0,0056692843907173;0,5138272895179093;0,146400840932066;0,1895896191503504;0,0044313146233382;0,0154373927958833;0,0166299828808999;0,0076356449874236;0,0087429891125041;0,000688887711303;0,0062929061784897;0,0105820105820105;0,0;0,1977117038332604;0,2833133929602005;0,1977117038332604;0,2015126891007738;-0,0033980703441597;0,7032972972972973;0,2122562428306715;0,4379044583072218;0,118878694511915;0,0679683115735896;0,0782865583456425;0,0926243567753001;0,1149425287356321;0,2255659360402443;0,3673705047838997;0,1737586773355943;0,2668764302059496;0,1878306878306878;0,5454545454545454
UNSW-NB15;RANDOM_LINF;distributive;4;5;2048;3;16,924797534942627;174,99378991127014;18,573580138949623;0,4112738667832677;0,7289305773860082;0,4112738667832677;0,4977938394795553;0,3370739339967784;0,5372162162162162;0,0056692843907173;0,5138272895179093;0,146400840932066;0,1895896191503504;0,0044313146233382;0,0154373927958833;0,0166299828808999;0,0076356449874236;0,0087429891125041;0,000688887711303;0,0062929061784897;0,0105820105820105;0,0;0,2255380653937715;0,348364409630131;0,2255380653937715;0,2168167122620809;0,0237934481545885;0,6928918918918919;0,2543898349951469;0,5132286923088947;0,1275020424977083;0,0787393802764097;0,242245199409158;0,20926243567753;0,2325752017608217;0,266798418972332;0,312933025404157;0,2330030205076572;0,2685926773455377;0,2328042328042328;0,0909090909090909
UNSW-NB15;RANDOM_L2;distributive;4;5;2048;3;16,924797534942627;173,32788825035095;18,4994898702813;0,4112738667832677;0,7289305773860082;0,4112738667832677;0,4977938394795553;0,3370739339967784;0,5372162162162162;0,0056692843907173;0,5138272895179093;0,146400840932066;0,1895896191503504;0,0044313146233382;0,0154373927958833;0,0166299828808999;0,0076356449874236;0,0087429891125041;0,000688887711303;0,0062929061784897;0,0105820105820105;0,0;0,2262789680804547;0,3486857476431851;0,2262789680804547;0,2183904500095715;0,023007740924881;0,6904594594594594;0,2586914321009441;0,517079878818856;0,1264766399597738;0,0786614092175627;0,2274741506646972;0,1903945111492281;0,2333088774761555;0,2758713618397413;0,3121082151105245;0,2377192517619628;0,267162471395881;0,3068783068783068;0,2045454545454545
UNSW-NB15;FGSM;distributive;4;10;1024;2;9,475114583969116;33,773794174194336;-2,342952922314528;0,3368678035271826;0,6742817213607154;0,3368678035271826;0,4204678726185734;0,2173757195478795;0,5707837837837838;0,0179122915379864;0,553628570638071;0,1667481555208185;0,1787627354355764;0,0472673559822747;0,0205831903945111;0,024455857177794;0,0430291052820697;0,0179808644011877;0,0018546976842774;0,0117276887871853;0,0105820105820105;0,0;0,3602973327503279;0,2156130797367305;0,3602973327503279;0,2691245070880318;-0,019854681595382;0,2291891891891891;0,7656622253595694;0,5245774460839349;0,1241145636985203;0,0693759133527483;0,9793205317577548;0,9777015437392796;0,9359256541941796;0,7642831476823572;0,8332233586275156;0,6502040167452705;0,9816933638443937;0,9126984126984128;0,9772727272727272
UNSW-NB15;RANDOM_LINF;distributive;4;10;1024;2;9,475114583969116;40,06862807273865;-4,639751251032403;0,3368678035271826;0,6742817213607154;0,3368678035271826;0,4204678726185734;0,2173757195478795;0,5707837837837838;0,0179122915379864;0,553628570638071;0,1667481555208185;0,1787627354355764;0,0472673559822747;0,0205831903945111;0,024455857177794;0,0430291052820697;0,0179808644011877;0,0018546976842774;0,0117276887871853;0,0105820105820105;0,0;0,3832653160375067;0,3924893291645214;0,3832653160375067;0,2930914798355883;0,0368123998545041;0,2133783783783784;0,6940351186799611;0,5218413403211858;0,1241231896727258;0,080783047146812;0,6661742983751846;0,6449399656946827;0,7168011738811445;0,7748832195472511;0,7675684592543714;0,6080228922685602;0,7520022883295194;0,7619047619047619;0,7727272727272727
UNSW-NB15;RANDOM_L2;distributive;4;10;1024;2;9,475114583969116;40,16753077507019;-4,444201525530778;0,3368678035271826;0,6742817213607154;0,3368678035271826;0,4204678726185734;0,2173757195478795;0,5707837837837838;0,0179122915379864;0,553628570638071;0,1667481555208185;0,1787627354355764;0,0472673559822747;0,0205831903945111;0,024455857177794;0,0430291052820697;0,0179808644011877;0,0018546976842774;0,0117276887871853;0,0105820105820105;0,0;0,3813098187824904;0,4242580196079578;0,3813098187824904;0,2910806550736851;0,0321918724040225;0,2153513513513513;0,6985573105091326;0,5239262382346163;0,1235013115464029;0,0795303556768222;0,6942392909896603;0,7324185248713551;0,7097089752995842;0,7772188286022278;0,7634444077862091;0,6174553547771713;0,7482837528604119;0,753968253968254;0,7954545454545454
UNSW-NB15;FGSM;distributive;4;10;1024;3;9,46622920036316;53,78222680091858;-3,255113443132682;0,244752951464801;0,4421906684321181;0,244752951464801;0,2915580935608763;0,1307031335849307;0,557972972972973;0,0200961792993911;0,5468518481968035;0,1597074811569356;0,0986653388109678;0,0620384047267356;0,0754716981132075;0,0491562729273661;0,0330578512396694;0,0295282085120422;0,0010068358857506;0,0154462242562929;0,0105820105820105;0,0;0,2773040858961278;0,2182577391093463;0,2773040858961278;0,2394909296619646;-0,1104420262530808;0,4548918918918919;0,7276758139945293;0,4131446603900035;0,1189887787036718;0,0636704933558195;0,983751846381093;0,9331046312178388;0,9481535827830766;0,904599353215954;0,8013856812933026;0,5706639817709713;0,5626430205949656;0,5132275132275133;0,9545454545454546
UNSW-NB15;RANDOM_LINF;distributive;4;10;1024;3;9,46622920036316;74,32121753692627;-12,77024729145411;0,244752951464801;0,4421906684321181;0,244752951464801;0,2915580935608763;0,1307031335849307;0,557972972972973;0,0200961792993911;0,5468518481968035;0,1597074811569356;0,0986653388109678;0,0620384047267356;0,0754716981132075;0,0491562729273661;0,0330578512396694;0,0295282085120422;0,0010068358857506;0,0154462242562929;0,0105820105820105;0,0;0,3724554243793421;0,3469607008852457;0,3724554243793421;0,3368534212319184;0,0601098947388619;0,3403513513513513;0,5951425041912998;0,5180347656651515;0,1285972269764435;0,1085148076515026;0,6454948301329394;0,6432246998284734;0,6275372951821961;0,6394178943586059;0,6680963378422963;0,5242435483016268;0,6435926773455377;0,6825396825396826;0,7272727272727273
UNSW-NB15;RANDOM_L2;distributive;4;10;1024;3;9,46622920036316;71,69046783447266;-12,520040810377496;0,244752951464801;0,4421906684321181;0,244752951464801;0,2915580935608763;0,1307031335849307;0,557972972972973;0,0200961792993911;0,5468518481968035;0,1597074811569356;0,0986653388109678;0,0620384047267356;0,0754716981132075;0,0491562729273661;0,0330578512396694;0,0295282085120422;0,0010068358857506;0,0154462242562929;0,0105820105820105;0,0;0,369953359568576;0,3420366633362693;0,369953359568576;0,3329742347773612;0,0548940007725859;0,3381081081081081;0,5999955881055326;0,5154464208629042;0,1266220156531487;0,1064502811918459;0,6322008862629247;0,6329331046312179;0,6334067009048667;0,645795903701042;0,6697459584295612;0,5326691749244873;0,6350114416475973;0,701058201058201;0,5909090909090909
UNSW-NB15;FGSM;distributive;4;10;2048;2;9,393085718154907;18,15598464012146;-2,516639945586163;0,3333819171160667;0,6593438554185789;0,3333819171160666;0,3734108501149954;0,2267112432172224;0,4261891891891892;0,0099047030795023;0,5806386387500202;0,1408946637474408;0,1340618976550808;0,0251107828655834;0,0205831903945111;0,0222548300317926;0,0177865612648221;0,0131969646981194;0,0012188013353823;0,0077231121281464;0,0026455026455026;0,0;0,3585483165719283;0,4580386610139239;0,3585483165719283;0,2875757938523935;0,0127242166412082;0,2574324324324324;0,6445998411717991;0,4500090034492812;0,1347551776557936;0,0735800093522132;0,9911373707533236;0,9828473413379074;0,9510882856444118;0,8584261588214157;0,8322335862751568;0,3146097186158656;0,9173340961098398;0,7962962962962963;0,9545454545454546
UNSW-NB15;RANDOM_LINF;distributive;4;10;2048;2;9,393085718154907;24,672131538391117;-7,453966865860173;0,3333819171160667;0,6593438554185789;0,3333819171160666;0,3734108501149954;0,2267112432172224;0,4261891891891892;0,0099047030795023;0,5806386387500202;0,1408946637474408;0,1340618976550808;0,0251107828655834;0,0205831903945111;0,0222548300317926;0,0177865612648221;0,0131969646981194;0,0012188013353823;0,0077231121281464;0,0026455026455026;0,0;0,4079215857746684;0,291974500539207;0,4079215857746684;0,2959579540785071;0,03660926995722;0,1386486486486486;0,7980675902232418;0,5306679121145358;0,1019127998021286;0,0829069857769311;0,7858197932053176;0,7598627787307033;0,7720714111029592;0,8220445562342795;0,8107885186407127;0,7886704467171851;0,7854691075514875;0,8227513227513228;0,9090909090909092
UNSW-NB15;RANDOM_L2;distributive;4;10;2048;2;9,393085718154907;24,560330390930176;-7,243842005538548;0,3333819171160667;0,6593438554185789;0,3333819171160666;0,3734108501149954;0,2267112432172224;0,4261891891891892;0,0099047030795023;0,5806386387500202;0,1408946637474408;0,1340618976550808;0,0251107828655834;0,0205831903945111;0,0222548300317926;0,0177865612648221;0,0131969646981194;0,0012188013353823;0,0077231121281464;0,0026455026455026;0,0;0,4058203371714521;0,2887911997543558;0,4058203371714521;0,2948439291582367;0,0341492629390622;0,1425675675675675;0,7959498808788493;0,5269825046437423;0,1020613183049268;0,0823394992959069;0,7621861152141802;0,7890222984562607;0,7649792125213989;0,8184513115343155;0,8192015836357638;0,7846431031741826;0,7877574370709383;0,8042328042328042;0,8181818181818182
UNSW-NB15;FGSM;distributive;4;10;2048;3;9,427302598953249;15,510134220123293;-13,795365107127244;0,2947578098430743;0,4545243709285609;0,2947578098430743;0,3359211370663283;0,1853652484184651;0,4473783783783784;0,0089782052413306;0,5376674112034577;0,1447553547179921;0,1058182683139536;0,0251107828655834;0,0137221269296741;0,024455857177794;0,0157204455623427;0,0090729132299571;0,0015897408722378;0,0060068649885583;0,0026455026455026;0,0;0,4327114609143468;0,2292464803092162;0,4327114609143468;0,2773469932036865;-0,0370978035822226;0,0444864864864864;0,9846024883084796;0,4827741687769772;0,1238892738615013;0,0652747233965792;0,9867060561299852;0,9965694682675816;0,983614575690878;0,9752964426877472;0,9526558891454964;0,9974034232420116;0,9985697940503432;0,9894179894179894;1,0
UNSW-NB15;RANDOM_LINF;distributive;4;10;2048;3;9,427302598953249;22,65501308441162;-11,44391002283438;0,2947578098430743;0,4545243709285609;0,2947578098430743;0,3359211370663283;0,1853652484184651;0,4473783783783784;0,0089782052413306;0,5376674112034577;0,1447553547179921;0,1058182683139536;0,0251107828655834;0,0137221269296741;0,024455857177794;0,0157204455623427;0,0090729132299571;0,0015897408722378;0,0060068649885583;0,0026455026455026;0,0;0,4091969100714182;0,3593667438588228;0,4091969100714182;0,2898596539118385;0,0158131636404326;0,1273243243243243;0,8513853348627901;0,5145577667108876;0,1267978591969679;0,0794515226515455;0,8286558345642541;0,8387650085763293;0,826363414037662;0,8576176787639238;0,8622566809633784;0,8479147898892481;0,863558352402746;0,8756613756613757;0,9318181818181818
UNSW-NB15;RANDOM_L2;distributive;4;10;2048;3;9,427302598953249;22,88465785980225;-11,368605159597728;0,2947578098430743;0,4545243709285609;0,2947578098430743;0,3359211370663283;0,1853652484184651;0,4473783783783784;0,0089782052413306;0,5376674112034577;0,1447553547179921;0,1058182683139536;0,0251107828655834;0,0137221269296741;0,024455857177794;0,0157204455623427;0,0090729132299571;0,0015897408722378;0,0060068649885583;0,0026455026455026;0,0;0,4084438614390516;0,3364511116949085;0,4084438614390516;0,2888583302823005;0,0128046310721006;0,128054054054054;0,854782493602753;0,5201305558760557;0,1253419278562605;0,0792703991672279;0,8389955686853766;0,8473413379073756;0,8398141354854488;0,861210923463888;0,8738040250742329;0,8466959885538657;0,8658466819221968;0,8597883597883598;0,8863636363636364
UNSW-NB15;FGSM;distributive;4;15;1024;2;6,862993478775024;30,171908855438232;37,74838458922412;0,5792037118010008;0,7264960084084751;0,5792037118010008;0,624708519572241;0,4770986352513897;0,4185135135135135;0,0340157063443042;0,5985882061773683;0,1678500010293454;0,2849912606387176;0,1920236336779911;0,1680960548885077;0,0804597701149425;0,0525512037369744;0,0440448696799736;0,0048752053415293;0,0111556064073226;0,0052910052910052;0,0;0,2017198659087596;0,434724481019925;0,2017198659087596;0,1858540275576874;-0,0923339769058456;0,680027027027027;0,4406159004676608;0,4523192235552047;0,0973070845554519;0,0556862717415983;0,7843426883308715;0,7873070325900514;0,7123991195891416;0,6152533237513474;0,7057076872319367;0,1494886333527635;0,540903890160183;0,5079365079365079;0,9090909090909092
UNSW-NB15;RANDOM_LINF;distributive;4;15;1024;2;6,862993478775024;29,773244380950928;24,17893407180683;0,5792037118010008;0,7264960084084751;0,5792037118010008;0,624708519572241;0,4770986352513897;0,4185135135135135;0,0340157063443042;0,5985882061773683;0,1678500010293454;0,2849912606387176;0,1920236336779911;0,1680960548885077;0,0804597701149425;0,0525512037369744;0,0440448696799736;0,0048752053415293;0,0111556064073226;0,0052910052910052;0,0;0,3374143710829325;0,2851039390909902;0,3374143710829325;0,2833823118264051;0,0433889188735168;0,3694864864864864;0,5240007059031148;0,524681781958202;0,1145467366945892;0,0878256269813014;0,4756277695716396;0,5111492281303602;0,4949865492785522;0,5823751347466762;0,5653249752556911;0,4855068623814318;0,5148741418764302;0,5634920634920635;0,5681818181818182
UNSW-NB15;RANDOM_L2;distributive;4;15;1024;2;6,862993478775024;30,679994344711304;24,016178399650197;0,5792037118010008;0,7264960084084751;0,5792037118010008;0,624708519572241;0,4770986352513897;0,4185135135135135;0,0340157063443042;0,5985882061773683;0,1678500010293454;0,2849912606387176;0,1920236336779911;0,1680960548885077;0,0804597701149425;0,0525512037369744;0,0440448696799736;0,0048752053415293;0,0111556064073226;0,0052910052910052;0,0;0,3390419278044989;0,2792374530611893;0,3390419278044989;0,2849319655604627;0,0446713721548179;0,3638648648648648;0,523802170652078;0,5259861731580291;0,1151188429538956;0,0885097435584989;0,4682422451994091;0,457975986277873;0,4896062606994375;0,5955803090190442;0,557901682612999;0,4813205447512055;0,5197368421052632;0,5793650793650794;0,6363636363636364
UNSW-NB15;FGSM;distributive;4;15;1024;3;7,055361747741699;13,01176404953003;26,27168051304475;0,5481708205800904;0,7105043221097149;0,5481708205800904;0,5962509151725525;0,4474497274324617;0,4651351351351351;0,024905144268949;0,5829044360320926;0,1764736063552284;0,2485714904872403;0,1004431314623338;0,104631217838765;0,045243335778919;0,0352137980596478;0,0585615308479049;0,0011658099729744;0,0117276887871853;0,0132275132275132;0,0;0,2854540154496429;0,1813240138977389;0,2854540154496429;0,2196940495852374;-0,1369932610075897;0,3791081081081081;0,8025677225800759;0,4796191972648283;0,1194035448236854;0,0523486405515115;0,9896602658788776;0,981132075471698;0,9559794570799708;0,916816385195832;0,8990432200593863;0,6317100312649038;0,9324942791762014;0,9497354497354498;0,7954545454545454
UNSW-NB15;RANDOM_LINF;distributive;4;15;1024;3;7,055361747741699;15,753769636154177;15,987708302968468;0,5481708205800904;0,7105043221097149;0,5481708205800904;0,5962509151725525;0,4474497274324617;0,4651351351351351;0,024905144268949;0,5829044360320926;0,1764736063552284;0,2485714904872403;0,1004431314623338;0,104631217838765;0,045243335778919;0,0352137980596478;0,0585615308479049;0,0011658099729744;0,0117276887871853;0,0132275132275132;0,0;0,3882937375504057;0,3455645750764781;0,3882937375504056;0,2952608528834348;0,0321731277280859;0,1905405405405405;0,7450586781964176;0,5050346452935028;0,1092501410798745;0,0841490483918543;0,707533234859675;0,7530017152658662;0,719002201027146;0,7764103485447359;0,8055097327614649;0,7058449472735944;0,7823226544622426;0,7936507936507936;0,8181818181818182
UNSW-NB15;RANDOM_L2;distributive;4;15;1024;3;7,055361747741699;15,49706244468689;15,68527425545353;0,5481708205800904;0,7105043221097149;0,5481708205800904;0,5962509151725525;0,4474497274324617;0,4651351351351351;0,024905144268949;0,5829044360320926;0,1764736063552284;0,2485714904872403;0,1004431314623338;0,104631217838765;0,045243335778919;0,0352137980596478;0,0585615308479049;0,0011658099729744;0,0117276887871853;0,0132275132275132;0,0;0,391318078025555;0,3436182989629435;0,391318078025555;0,2963423944520733;0,0357615298636075;0,1835135135135135;0,746338127591988;0,5159719694624167;0,1095411419199326;0,0838106848319086;0,7592319054652881;0,7512864493996569;0,7226705796038151;0,775601868487244;0,8121082151105246;0,7028244396163426;0,7906178489702517;0,8174603174603174;0,75
UNSW-NB15;FGSM;distributive;4;15;2048;2;7,202455282211304;18,837530374526978;6,230870135548755;0,3540786085604625;0,4607512983949599;0,3540786085604625;0,3760173350975508;0,2249099872758262;0,4209459459459459;0,0322068296126356;0,5834670564085214;0,1681942383813694;0,1380024712329317;0,1137370753323486;0,1612349914236706;0,0721447786744925;0,0576715774344232;0,0447047179148795;0,0013777754226061;0,0137299771167048;0,0132275132275132;0,0454545454545454;0,291769907204975;0,1756599808497672;0,291769907204975;0,2154170412807936;-0,1764826689259995;0,3746486486486486;0,9304464837201094;0,4876943909934644;0,1272208323396785;0,0560405067636783;0,9793205317577548;0,986277873070326;0,94179505991685;0,9068451311534316;0,8627515671395579;0,9516188861215622;0,9736842105263158;0,955026455026455;0,9545454545454546
UNSW-NB15;RANDOM_LINF;distributive;4;15;2048;2;7,202455282211304;21,49722003936768;-4,92882475829568;0,3540786085604625;0,4607512983949599;0,3540786085604625;0,3760173350975508;0,2249099872758262;0,4209459459459459;0,0322068296126356;0,5834670564085214;0,1681942383813694;0,1380024712329317;0,1137370753323486;0,1612349914236706;0,0721447786744925;0,0576715774344232;0,0447047179148795;0,0013777754226061;0,0137299771167048;0,0132275132275132;0,0454545454545454;0,4033668561434193;0,3964305424582461;0,4033668561434193;0,3019776004384591;0,0375131624309022;0,1642702702702702;0,7891335039265861;0,5401609741007359;0,1355518472923947;0,0865115377264631;0,8138847858197932;0,8216123499142367;0,7955490339936415;0,7961731943945383;0,8145826459914219;0,7725080811827673;0,795766590389016;0,7724867724867724;0,8409090909090909
UNSW-NB15;RANDOM_L2;distributive;4;15;2048;2;7,202455282211304;21,651692867279053;-4,800077734052372;0,3540786085604625;0,4607512983949599;0,3540786085604625;0,3760173350975508;0,2249099872758262;0,4209459459459459;0,0322068296126356;0,5834670564085214;0,1681942383813694;0,1380024712329317;0,1137370753323486;0,1612349914236706;0,0721447786744925;0,0576715774344232;0,0447047179148795;0,0013777754226061;0,0137299771167048;0,0132275132275132;0,0454545454545454;0,4020793859009862;0,3896367297160377;0,4020793859009862;0,3008169889077879;0,0351816469909078;0,1666486486486486;0,7892658607606106;0,5443191696217606;0,1340085553157409;0,085325218491389;0,8079763663220089;0,8061749571183533;0,797505502567865;0,7913223140495868;0,8208512042230287;0,775581580202427;0,7831807780320366;0,8095238095238095;0,8181818181818182
UNSW-NB15;FGSM;distributive;4;15;2048;3;6,986234188079834;14,8325355052948;14,086867803527186;0,5361827721906428;0,7229482595901825;0,5361827721906428;0,5939608613160896;0,4356857525311919;0,4367297297297297;0,0142283596576369;0,5976068912814478;0,1679181563489888;0,2479111299858588;0,0413589364844904;0,0274442538593482;0,0291024700415749;0,0334171757096658;0,0102276476410425;0,0016427322346457;0,0045766590389016;0,0026455026455026;0,0;0,3953140941553709;0,235966933197151;0,3953140941553709;0,2759323713610168;-0,0258490013060852;0,1431891891891892;0,8689446748433778;0,5069875725960317;0,108637014705329;0,0684579157560051;0,9748892171344166;0,9519725557461408;0,917828319882612;0,8830398850161696;0,8203563180468493;0,8622224577393884;0,8538329519450801;0,8571428571428571;0,9090909090909092
UNSW-NB15;RANDOM_LINF;distributive;4;15;2048;3;6,986234188079834;22,082310438156128;15,919691007141823;0,5361827721906428;0,7229482595901825;0,5361827721906428;0,5939608613160896;0,4356857525311919;0,4367297297297297;0,0142283596576369;0,5976068912814478;0,1679181563489888;0,2479111299858588;0,0413589364844904;0,0274442538593482;0,0291024700415749;0,0334171757096658;0,0102276476410425;0,0016427322346457;0,0045766590389016;0,0026455026455026;0,0;0,3769858621192246;0,3727869083991783;0,3769858621192246;0,312586115157849;0,0473751359135726;0,256054054054054;0,6613650401482396;0,5143561895705134;0,1192939055353834;0,0949553707302282;0,7045790251107829;0,6809605488850772;0,6952800195646858;0,7355371900826446;0,7297921478060047;0,5784537120449367;0,6993707093821511;0,6931216931216931;0,6590909090909091
UNSW-NB15;RANDOM_L2;distributive;4;15;2048;3;6,986234188079834;21,84592366218567;15,992566681241804;0,5361827721906428;0,7229482595901825;0,5361827721906428;0,5939608613160896;0,4356857525311919;0,4367297297297297;0,0142283596576369;0,5976068912814478;0,1679181563489888;0,2479111299858588;0,0413589364844904;0,0274442538593482;0,0291024700415749;0,0334171757096658;0,0102276476410425;0,0016427322346457;0,0045766590389016;0,0026455026455026;0,0;0,3762571053782247;0,3697804581272672;0,3762571053782247;0,3111009927706581;0,0456371109737299;0,2544594594594594;0,6620930027353745;0,5160891948165656;0,1187529699746247;0,0935106672511737;0,6676514032496307;0,6981132075471698;0,7040841281486916;0,740298239310097;0,7251732101616628;0,5781357638704891;0,7010869565217391;0,6587301587301587;0,6590909090909091
UNSW-NB15;FGSM;distributive;4;20;1024;2;5,62831711769104;6,249788999557495;10,28761599378128;0,5293324588252442;0,7057012833705453;0,5293324588252442;0,58788281165557;0,4193385102536276;0,4147567567567568;0,0201182387717285;0,6109484196435835;0,1888088113462062;0,2353725667832396;0,0221565731166912;0,0205831903945111;0,0427977500611396;0,0350341358246496;0,0361266908611019;0,0030734990196597;0,0105835240274599;0,0158730158730158;0,0;0,4264562988874313;0,2206744426504763;0,4264562988874313;0,2776348884361608;-0,0479960664691941;0,0655675675675675;0,9847127856701668;0,5458827916785286;0,1495494459695953;0,0671028558227158;0,9970457902511078;0,9931389365351628;0,9894839814135484;0,9517606899029823;0,9909270867700428;0,9976683800540512;0,9977116704805492;1,0;1,0
UNSW-NB15;RANDOM_LINF;distributive;4;20;1024;2;5,62831711769104;7,814900636672974;9,048729534081524;0,5293324588252442;0,7057012833705453;0,5293324588252442;0,58788281165557;0,4193385102536276;0,4147567567567568;0,0201182387717285;0,6109484196435835;0,1888088113462062;0,2353725667832396;0,0221565731166912;0,0205831903945111;0,0427977500611396;0,0350341358246496;0,0361266908611019;0,0030734990196597;0,0105835240274599;0,0158730158730158;0,0;0,4388451634844289;0,441238474664941;0,4388451634844289;0,2941465200142063;0,0506810727077716;0,04;0,882246536662843;0,5478068156815994;0,1155857740430234;0,0726503519152717;0,9187592319054652;0,9108061749571184;0,9188065541697236;0,9420589292130794;0,9345100626855825;0,809919983042764;0,9319221967963388;0,9232804232804231;0,9318181818181818
UNSW-NB15;RANDOM_L2;distributive;4;20;1024;2;5,62831711769104;7,981207370758057;9,132536559296511;0,5293324588252442;0,7057012833705453;0,5293324588252442;0,58788281165557;0,4193385102536276;0,4147567567567568;0,0201182387717285;0,6109484196435835;0,1888088113462062;0,2353725667832396;0,0221565731166912;0,0205831903945111;0,0427977500611396;0,0350341358246496;0,0361266908611019;0,0030734990196597;0,0105835240274599;0,0158730158730158;0,0;0,438007093232279;0,4180253933979161;0,438007093232279;0,2941376562419034;0,0497748529366064;0,0424864864864864;0,8803273625694873;0,5482618432449912;0,1154454750637565;0,0725578350484933;0,9113737075332348;0,9039451114922812;0,9134262655906088;0,9394538268056054;0,9383041900362916;0,8058396481373536;0,9373569794050344;0,9417989417989416;0,9545454545454546
UNSW-NB15;FGSM;distributive;4;20;1024;3;5,63152813911438;14,387459993362429;30,76689501044552;0,5239639508332119;0,7410153556050182;0,5239639508332119;0,5872456738805069;0,4272765888199778;0,4614324324324324;0,0241330627371393;0,6103791876370027;0,1819817366364856;0,2641580524228505;0,0649926144756277;0,0205831903945111;0,0190755685986793;0,0451850521020481;0,0480039590894094;0,0026495681203963;0,0306064073226544;0,0052910052910052;0,1590909090909091;0,2162950007287567;0,1899248656886351;0,2162950007287567;0,1967102773183016;-0,103861352807644;0,5873243243243244;0,5268243183623048;0,4136167725191789;0,110517375299373;0,055155192340219;0,880354505169867;0,8610634648370498;0,8204940083149914;0,7467660797700323;0,545199604091059;0,3401515552964866;0,3598398169336384;0,2619047619047619;0,7954545454545454
UNSW-NB15;RANDOM_LINF;distributive;4;20;1024;3;5,63152813911438;11,391056537628174;18,327017441578004;0,5239639508332119;0,7410153556050182;0,5239639508332119;0,5872456738805069;0,4272765888199778;0,4614324324324324;0,0241330627371393;0,6103791876370027;0,1819817366364856;0,2641580524228505;0,0649926144756277;0,0205831903945111;0,0190755685986793;0,0451850521020481;0,0480039590894094;0,0026495681203963;0,0306064073226544;0,0052910052910052;0,1590909090909091;0,3406937764174318;0,4588331099969122;0,3406937764174318;0,2929155941058016;0,0594839716117847;0,3615945945945946;0,48519809406159;0,5520010361433307;0,1364031232229896;0,0881915946660966;0,4638109305760709;0,4802744425385934;0,4986549278552213;0,5979159180740209;0,5653249752556911;0,3770865348948121;0,5557780320366132;0,5132275132275133;0,5909090909090909
UNSW-NB15;RANDOM_L2;distributive;4;20;1024;3;5,63152813911438;11,368507862091064;18,175193120536363;0,5239639508332119;0,7410153556050182;0,5239639508332119;0,5872456738805069;0,4272765888199778;0,4614324324324324;0,0241330627371393;0,6103791876370027;0,1819817366364856;0,2641580524228505;0,0649926144756277;0,0205831903945111;0,0190755685986793;0,0451850521020481;0,0480039590894094;0,0026495681203963;0,0306064073226544;0,0052910052910052;0,1590909090909091;0,3422120196278482;0,4702488931999969;0,3422120196278482;0,294638565733248;0,0640666217020662;0,3628648648648648;0,4781611223859525;0,5356538717488168;0,1348477277641605;0,0897382943904488;0,4711964549483013;0,4699828473413379;0,4891171435558816;0,583902263744161;0,5719234576047509;0,3719993641036511;0,5337528604118993;0,5343915343915344;0,6363636363636364
UNSW-NB15;FGSM;distributive;4;20;2048;2;5,738461256027222;16,684062719345093;16,53184666958169;0,5332313073895933;0,6466821073993047;0,5332313073895933;0,5717682641633479;0,4020361983507842;0,4058378378378378;0,1298861731227389;0,6224240659450752;0,1842169320800101;0,2385461738851309;0,1669128508124076;0,1886792452830188;0,0733675715333822;0,042400287459576;0,0859452325965028;0,2284457633405754;0,0154462242562929;0,0158730158730158;0,0227272727272727;0,3679128406937764;0,229215908846508;0,3679128406937764;0,2813186065377916;0,0116320305048475;0,2379729729729729;0,7223594811612106;0,5126385795552805;0,108742824182137;0,0807547542268181;0,8641063515509602;0,8439108061749572;0,8253851797505503;0,8028206970894718;0,7128010557571759;0,6962535106777595;0,4593821510297483;0,6693121693121693;0,8636363636363636
UNSW-NB15;RANDOM_LINF;distributive;4;20;2048;2;5,738461256027222;19,018259286880493;14,71845697906039;0,5332313073895933;0,6466821073993047;0,5332313073895933;0,5717682641633479;0,4020361983507842;0,4058378378378378;0,1298861731227389;0,6224240659450752;0,1842169320800101;0,2385461738851309;0,1669128508124076;0,1886792452830188;0,0733675715333822;0,042400287459576;0,0859452325965028;0,2284457633405754;0,0154462242562929;0,0158730158730158;0,0227272727272727;0,3860467375989894;0,4416164353003751;0,3860467375989894;0,3029684515646897;0,0585801904180163;0,227081081081081;0,6537324627194917;0,5613511127082739;0,1297575220489376;0,0895662909017608;0,6336779911373708;0,6020583190394511;0,6250917094644167;0,7050844412504491;0,6656219069613989;0,6258279900376239;0,6618993135011442;0,6825396825396826;0,75
UNSW-NB15;RANDOM_L2;distributive;4;20;2048;2;5,738461256027222;19,104176998138428;14,899431569742015;0,5332313073895933;0,6466821073993047;0,5332313073895933;0,5717682641633479;0,4020361983507842;0,4058378378378378;0,1298861731227389;0,6224240659450752;0,1842169320800101;0,2385461738851309;0,1669128508124076;0,1886792452830188;0,0733675715333822;0,042400287459576;0,0859452325965028;0,2284457633405754;0,0154462242562929;0,0158730158730158;0,0227272727272727;0,3842369916921732;0,4218673071090307;0,3842369916921732;0,3011890471759732;0,0546780308627565;0,2292432432432432;0,6575266919615282;0,5569483086278497;0,1292883225565521;0,0882900895468713;0,604135893648449;0,5780445969125214;0,6380533137686476;0,7067912324829321;0,6791487957769713;0,630120290392666;0,6581807780320366;0,6455026455026455;0,7045454545454546
UNSW-NB15;FGSM;distributive;4;20;2048;3;5,816771507263184;10,360816955566406;22,30117086916388;0,5838070252149833;0,7223944537285075;0,5838070252149833;0,6192084974915035;0,4803316732742571;0,4095945945945946;0,0676122827141974;0,6098953772159222;0,1833437477774548;0,2696438068755311;0,1358936484490399;0,0909090909090909;0,0518464172169234;0,066295364714337;0,0933685252391949;0,0649674103121191;0,0449084668192219;0,0476190476190476;0,0681818181818181;0,3607953165233445;0,2392827864362407;0,3607953165233445;0,2689749141582292;-0,0220678849407011;0,2716756756756757;0,7809935586340775;0,5155324837444374;0,1219099618095547;0,0743691145286762;0,983751846381093;0,9639794168096056;0,8911714355588163;0,7289795185052103;0,7192345760475091;0,766043134969;0,9224828375286042;0,8888888888888888;0,9090909090909092
UNSW-NB15;RANDOM_LINF;distributive;4;20;2048;3;5,816771507263184;12,73899531364441;20,22785794101929;0,5838070252149833;0,7223944537285075;0,5838070252149833;0,6192084974915035;0,4803316732742571;0,4095945945945946;0,0676122827141974;0,6098953772159222;0,1833437477774548;0,2696438068755311;0,1358936484490399;0,0909090909090909;0,0518464172169234;0,066295364714337;0,0933685252391949;0,0649674103121191;0,0449084668192219;0,0476190476190476;0,0681818181818181;0,3815284458047903;0,4239546088567246;0,3815284458047903;0,3016373052334186;0,0563242653950248;0,2419189189189189;0,629003794229242;0,543603710130383;0,117894615302546;0,0844236187435058;0,6115214180206795;0,6397941680960549;0,6458791880655417;0,7131692418253683;0,710161662817552;0,5405648879232685;0,6739130434782609;0,6587301587301587;0,8181818181818182
UNSW-NB15;RANDOM_L2;distributive;4;20;2048;3;5,816771507263184;12,544114351272585;20,464703881844244;0,5838070252149833;0,7223944537285075;0,5838070252149833;0,6192084974915035;0,4803316732742571;0,4095945945945946;0,0676122827141974;0,6098953772159222;0,1833437477774548;0,2696438068755311;0,1358936484490399;0,0909090909090909;0,0518464172169234;0,066295364714337;0,0933685252391949;0,0649674103121191;0,0449084668192219;0,0476190476190476;0,0681818181818181;0,3791599863965408;0,411895957447318;0,3791599863965408;0,3006080403609554;0,0545712506005187;0,2481891891891892;0,624922791846819;0,5443693208599425;0,1174658968469622;0,0842075101948836;0,6292466765140325;0,6054888507718696;0,6473465394962093;0,7071505569529285;0,7156054107555262;0,5334640453606062;0,6664759725400458;0,7037037037037037;0,6818181818181818
UNSW-NB15;FGSM;distributive;8;5;1024;2;40,01182198524475;178,94328498840332;15,834669387358495;0,4928460379925181;0,7054504478112914;0,4928460379925181;0,5641339002235809;0,390951652811513;0,421054054054054;0,0114709256154592;0,5438599641199711;0,1476373380206904;0,2144283425107547;0,0029542097488921;0,006861063464837;0,0215211543164587;0,0248832195472511;0,0067634444077862;0,0035504212813311;0,011441647597254;0,0026455026455026;0,0;0,3344993441189331;0,2516468513077631;0,3344993441189331;0,2408366463104603;-0,104991995843009;0,2646216216216216;0,8632092120356482;0,5332398516907018;0,1397828713190756;0,0564634270876849;0,9852289512555392;0,9742710120068612;0,9721203228173148;0,9674811354653252;0,8180468492246783;0,7601610937417201;0,9839816933638444;0,9603174603174603;1,0
UNSW-NB15;RANDOM_LINF;distributive;8;5;1024;2;40,01182198524475;187,82426857948303;14,31764077151047;0,4928460379925181;0,7054504478112914;0,4928460379925181;0,5641339002235809;0,390951652811513;0,421054054054054;0,0114709256154592;0,5438599641199711;0,1476373380206904;0,2144283425107547;0,0029542097488921;0,006861063464837;0,0215211543164587;0,0248832195472511;0,0067634444077862;0,0035504212813311;0,011441647597254;0,0026455026455026;0,0;0,3496696302774134;0,4610396941862537;0,3496696302774134;0,3048109797498124;0,0572793525664494;0,3419459459459459;0,5685167210800318;0,5229657007704704;0,133759616545212;0,0990817655011661;0,4977843426883309;0,4734133790737564;0,4837368549767669;0,5779734099892203;0,5516331243813922;0,6026707646653595;0,5200228832951945;0,5;0,5227272727272727
UNSW-NB15;RANDOM_L2;distributive;8;5;1024;2;40,01182198524475;174,80748867988586;13,523295923820628;0,4928460379925181;0,7054504478112914;0,4928460379925181;0,5641339002235809;0,390951652811513;0,421054054054054;0,0114709256154592;0,5438599641199711;0,1476373380206904;0,2144283425107547;0,0029542097488921;0,006861063464837;0,0215211543164587;0,0248832195472511;0,0067634444077862;0,0035504212813311;0,011441647597254;0,0026455026455026;0,0;0,3576130787543118;0,4108589986244029;0,3576130787543118;0,3082652648891506;0,0564678759324593;0,3172702702702702;0,5925174269831466;0,5214801325218471;0,1314465383134274;0,0996041113648107;0,5051698670605613;0,5523156089193825;0,5182196135974566;0,6066295364714337;0,5772022434839987;0,6177203115892109;0,5506292906178489;0,582010582010582;0,5227272727272727
UNSW-NB15;FGSM;distributive;8;5;1024;3;33,69710445404053;150,5403082370758;-0,9911091677598016;0,4523878929213428;0,7139526329195668;0,4523878929213428;0,5289299454792638;0,3405405702354802;0,4178918918918919;0,0090223241860054;0,5799842747218348;0,157431124082766;0,2113272944162024;0,0103397341211226;0,0051457975986277;0,0232330643189043;0,0170679123248293;0,0123721544044869;0,0009008531609347;0,0054347826086956;0,0079365079365079;0,0;0,4622989845989408;0,283797715218206;0,4622989845989408;0,3291787556228598;0,1289463126131304;0,0639459459459459;0,8415688696726374;0,4920371244793075;0,1206434340398994;0,0973161463985341;0,8183161004431314;0,8610634648370498;0,6473465394962093;0,6871182177506289;0,8690201253711647;0,9709077420380476;0,8183638443935927;0,8756613756613757;0,3636363636363636
UNSW-NB15;RANDOM_LINF;distributive;8;5;1024;3;33,69710445404053;164,75200176239014;5,82762473886217;0,4523878929213428;0,7139526329195668;0,4523878929213428;0,5289299454792638;0,3405405702354802;0,4178918918918919;0,0090223241860054;0,5799842747218348;0,157431124082766;0,2113272944162024;0,0103397341211226;0,0051457975986277;0,0232330643189043;0,0170679123248293;0,0123721544044869;0,0009008531609347;0,0054347826086956;0,0079365079365079;0,0;0,3941116455327211;0,2331564369981175;0,3941116455327211;0,2864390103381599;0,0087368142401865;0,1752162162162162;0,8195976352245654;0,5145148676583654;0,1380804138634123;0,079432592588379;0,8301329394387001;0,8044596912521441;0,7948153582783076;0,7751527128997485;0,7327614648630815;0,8969847914789889;0,7351258581235698;0,7222222222222222;0,7272727272727273
UNSW-NB15;RANDOM_L2;distributive;8;5;1024;3;33,69710445404053;153,0063660144806;5,262838264587277;0,4523878929213428;0,7139526329195668;0,4523878929213428;0,5289299454792638;0,3405405702354802;0,4178918918918919;0,0090223241860054;0,5799842747218348;0,157431124082766;0,2113272944162024;0,0103397341211226;0,0051457975986277;0,0232330643189043;0,0170679123248293;0,0123721544044869;0,0009008531609347;0,0054347826086956;0,0079365079365079;0,0;0,3997595102754701;0,2405695601271761;0,3997595102754701;0,2870451502441251;0,0070152573743477;0,1574864864864865;0,8393849819112327;0,5208139055435776;0,135365406343367;0,0785627348476391;0,8522895125553914;0,8319039451114922;0,8160919540229885;0,801293568091987;0,7659188386671065;0,9041916167664672;0,7680205949656751;0,8174603174603174;0,7272727272727273
UNSW-NB15;FGSM;distributive;8;5;2048;2;33,58486557006836;119,44004893302916;17,663848807268128;0,5628188310741874;0,7254632052184666;0,5628188310741874;0,6143374389133862;0,4709770544972174;0,4185945945945946;0,0173828642018882;0,5521306799807796;0,1508690632663424;0,2474820101756107;0,0118168389955686;0,0137221269296741;0,0293470286133528;0,0269493352497305;0,0267238535136918;0,0066769116633988;0,0165903890160183;0,0158730158730158;0,0;0,3861803430015061;0,1934623667190091;0,3861803430015061;0,2510876185586762;-0,1444338184959599;0,1417027027027027;0,9972646254301596;0,4806757475603288;0,113346229868727;0,0562293572678518;1,0;1,0;0,9948642699926632;0,9961372619475386;0,9963708347080172;0,9990461554766572;0,9948512585812356;0,9947089947089948;1,0
UNSW-NB15;RANDOM_LINF;distributive;8;5;2048;2;33,58486557006836;163,542626619339;11,641888937472666;0,5628188310741874;0,7254632052184666;0,5628188310741874;0,6143374389133862;0,4709770544972174;0,4185945945945946;0,0173828642018882;0,5521306799807796;0,1508690632663424;0,2474820101756107;0,0118168389955686;0,0137221269296741;0,0293470286133528;0,0269493352497305;0,0267238535136918;0,0066769116633988;0,0165903890160183;0,0158730158730158;0,0;0,4463999416994607;0,4494315762437443;0,4463999416994607;0,2938431909464372;0,0321563395267096;0,0267567567567567;0,9666681372981558;0,5156045081554368;0,1404483854087406;0,0720029089544716;0,96602658788774;0,9605488850771868;0,9608706285155296;0,9625404240028748;0,9721214120752228;0,9687350961793229;0,9679633867276888;0,955026455026455;1,0
UNSW-NB15;RANDOM_L2;distributive;8;5;2048;2;33,58486557006836;153,61048245429993;11,680755963659328;0,5628188310741874;0,7254632052184666;0,5628188310741874;0,6143374389133862;0,4709770544972174;0,4185945945945946;0,0173828642018882;0,5521306799807796;0,1508690632663424;0,2474820101756107;0,0118168389955686;0,0137221269296741;0,0293470286133528;0,0269493352497305;0,0267238535136918;0,0066769116633988;0,0165903890160183;0,0158730158730158;0,0;0,4460112714375941;0,4301098095521335;0,4460112714375941;0,295928479884613;0,0333096620830066;0,0304594594594594;0,9611532692138004;0,520137917452233;0,13899380097745;0,0726961896332072;0,9704579025110784;0,9656946826758148;0,9510882856444118;0,9623607617678764;0,964203233256351;0,9608393831805416;0,9642448512585812;0,9523809523809524;0,9318181818181818
UNSW-NB15;FGSM;distributive;8;5;2048;3;34,30569124221802;115,04346656799316;16,03386289656512;0,5436282368945246;0,7252561783618052;0,5436282368945246;0,6003526046056659;0,4599525077211713;0,4432432432432432;0,0190814435718697;0,549803821825616;0,1479351130267447;0,2427195398985564;0,0132939438700147;0,0188679245283018;0,0295915871851308;0,0263205174272367;0,0247443088089739;0,0108632292936251;0,0203089244851258;0,0132275132275132;0,0;0,3832896079288733;0,1947560805441405;0,3832896079288733;0,2563532188969639;-0,0963966087181386;0,1518918918918919;0,9426894908673784;0,4585431456851208;0,117819214036719;0,0583909096328475;1,0;1,0;0,9853264856933236;0,982303269852677;0,9712966017815904;0,8864925017222193;0,9937070938215103;0,992063492063492;1,0
UNSW-NB15;RANDOM_LINF;distributive;8;5;2048;3;34,30569124221802;140,30931639671326;12,33906621969586;0,5436282368945246;0,7252561783618052;0,5436282368945246;0,6003526046056659;0,4599525077211713;0,4432432432432432;0,0190814435718697;0,549803821825616;0,1479351130267447;0,2427195398985564;0,0132939438700147;0,0188679245283018;0,0295915871851308;0,0263205174272367;0,0247443088089739;0,0108632292936251;0,0203089244851258;0,0132275132275132;0,0;0,4202375746975659;0,438158662516133;0,4202375746975659;0,2932654076423334;0,0234955647381434;0,1068918918918919;0,8677755228094944;0,5032402846559336;0,123106551724525;0,0770872940440809;0,8493353028064993;0,8439108061749572;0,8417706040596723;0,8629177146963708;0,8215110524579347;0,902760849981453;0,8183638443935927;0,8333333333333334;0,7045454545454546
UNSW-NB15;RANDOM_L2;distributive;8;5;2048;3;34,30569124221802;136,62667679786682;12,21396297915755;0,5436282368945246;0,7252561783618052;0,5436282368945246;0,6003526046056659;0,4599525077211713;0,4432432432432432;0,0190814435718697;0,549803821825616;0,1479351130267447;0,2427195398985564;0,0132939438700147;0,0188679245283018;0,0295915871851308;0,0263205174272367;0,0247443088089739;0,0108632292936251;0,0203089244851258;0,0132275132275132;0,0;0,421488607102949;0,3509657629683398;0,421488607102949;0,2930197751293873;0,0210456817046279;0,1024054054054054;0,8770846201358864;0,5044938154047068;0,1202126259428872;0,0767603164091541;0,8537666174298375;0,855917667238422;0,8444607483492297;0,8711821775062881;0,8355328274496866;0,909384770282444;0,8429633867276888;0,8465608465608465;0,8863636363636364
UNSW-NB15;FGSM;distributive;8;10;1024;2;17,94424080848694;23,538262844085693;8,95642034688821;0,5207452752271292;0,7119766035375151;0,5207452752271292;0,5818636420405724;0,4104421926554312;0,4165945945945946;0,0118900555898702;0,5717445078930805;0,1506442342006864;0,2427332806898271;0,0192023633677991;0,0102915951972555;0,0190755685986793;0,0213798059647862;0,022434839986803;0,0012717926977902;0,0111556064073226;0,0132275132275132;0,0;0,4311810717582471;0,2383235778145545;0,4311810717582471;0,2962549315959995;0,0488393149581657;0,069054054054054;0,8424291890937968;0,4685891124067231;0,146964085869321;0,073321711975806;0,9926144756277696;0,9777015437392796;0,9232086084617266;0,90100610851599;0,9018475750577368;0,7436807800328546;0,9279176201372996;0,9417989417989416;0,9318181818181818
UNSW-NB15;RANDOM_LINF;distributive;8;10;1024;2;17,94424080848694;33,4182231426239;11,261720837584416;0,5207452752271292;0,7119766035375151;0,5207452752271292;0,5818636420405724;0,4104421926554312;0,4165945945945946;0,0118900555898702;0,5717445078930805;0,1506442342006864;0,2427332806898271;0,0192023633677991;0,0102915951972555;0,0190755685986793;0,0213798059647862;0,022434839986803;0,0012717926977902;0,0111556064073226;0,0132275132275132;0,0;0,408128066851285;0,4637218985685969;0,408128066851285;0,3000796688595619;0,0487886459375714;0,1414594594594594;0,7542574781611224;0,556756147656541;0,1360456939647286;0,0831880275862686;0,7621861152141802;0,7615780445969125;0,7571533382245048;0,8280632411067194;0,8208512042230287;0,6769646547612739;0,8083524027459954;0,798941798941799;0,8863636363636364
UNSW-NB15;RANDOM_L2;distributive;8;10;1024;2;17,94424080848694;32,970266819000244;11,492493805567705;0,5207452752271292;0,7119766035375151;0,5207452752271292;0,5818636420405724;0,4104421926554312;0,4165945945945946;0,0118900555898702;0,5717445078930805;0,1506442342006864;0,2427332806898271;0,0192023633677991;0,0102915951972555;0,0190755685986793;0,0213798059647862;0,022434839986803;0,0012717926977902;0,0111556064073226;0,0132275132275132;0,0;0,4058203371714521;0,4425163529959088;0,4058203371714521;0,2994673816157508;0,0472533990424061;0,1485405405405405;0,7484117179917057;0,5576539073806603;0,1346235950656403;0,0828440886014369;0,7355982274741507;0,7667238421955404;0,7613108339447298;0,8188106360043119;0,8177169251072254;0,6729373112182714;0,7871853546910755;0,8148148148148148;0,8636363636363636
UNSW-NB15;FGSM;distributive;8;10;1024;3;18,14741826057434;60,52220630645752;23,81941407958024;0,5786449982995676;0,7255291963310139;0,5786449982995676;0,6212419301032269;0,4791091959355119;0,4111351351351351;0,0086914321009441;0,614271359902586;0,1693354645142213;0,2560846886094451;0,001477104874446;0,0034305317324185;0,0193201271704573;0,0137441609773625;0,0161662817551963;0,0017487149594616;0,0068649885583524;0,0105820105820105;0,0;0,3404508575037652;0,3824403312209643;0,3404508575037652;0,3085841032674141;0,0969656886644126;0,3588108108108108;0,3504808964969558;0,5515266236105681;0,1360143320008397;0,0878178195618748;0,8153618906942393;0,7272727272727273;0,7050623624358033;0,5317103844771829;0,6732101616628176;0,0567537491388903;0,2399885583524027;0,2328042328042328;0,7045454545454546
UNSW-NB15;RANDOM_LINF;distributive;8;10;1024;3;18,14741826057434;52,43684530258179;23,49754651897197;0,5786449982995676;0,7255291963310139;0,5786449982995676;0,6212419301032269;0,4791091959355119;0,4111351351351351;0,0086914321009441;0,614271359902586;0,1693354645142213;0,2560846886094451;0,001477104874446;0,0034305317324185;0,0193201271704573;0,0137441609773625;0,0161662817551963;0,0017487149594616;0,0068649885583524;0,0105820105820105;0,0;0,3436695331098479;0,4407218055238376;0,3436695331098479;0,3181653733475524;0,0845248620279315;0,4069729729729729;0,4214021000617665;0,5651843219265549;0,1398279364339726;0,099497370715532;0,3559822747415066;0,3876500857632933;0,4159941305942773;0,5428494430470715;0,499340151765094;0,3159874940384717;0,4822654462242562;0,5026455026455027;0,5909090909090909
UNSW-NB15;RANDOM_L2;distributive;8;10;1024;3;18,14741826057434;51,45105290412903;23,455035709080303;0,5786449982995676;0,7255291963310139;0,5786449982995676;0,6212419301032269;0,4791091959355119;0,4111351351351351;0,0086914321009441;0,614271359902586;0,1693354645142213;0,2560846886094451;0,001477104874446;0,0034305317324185;0,0193201271704573;0,0137441609773625;0,0161662817551963;0,0017487149594616;0,0068649885583524;0,0105820105820105;0,0;0,3440946412087645;0,4299447674340649;0,3440946412087645;0,3158534433683093;0,0849013224317919;0,4041891891891891;0,4217991705638401;0,56636507729825;0,1381137367766536;0,0993411067439618;0,3677991137370753;0,3430531732418524;0,4071900220102714;0,5302730865971973;0,5138568129330254;0,325260982459859;0,4708237986270023;0,4603174603174603;0,7045454545454546
UNSW-NB15;FGSM;distributive;8;10;2048;2;17,852148056030273;31,30294680595398;3,4543069523393086;0,4546713307098091;0,6947988374844803;0,4546713307098091;0,5247775841498628;0,3380425107759048;0,4019189189189189;0,0271772699197035;0,5844101155923113;0,169857904478604;0,2025168462779429;0,0457902511078286;0,0325900514579759;0,0342382000489117;0,0407833273445921;0,0493236555592213;0,011658099729744;0,0188787185354691;0,0079365079365079;0,0;0,420128261186416;0,2451509443872306;0,420128261186416;0,2805883632361216;-0,0119930844927909;0,0822702702702702;0,9208947321980058;0,4847049539524654;0,1388953922096988;0,0676474690266985;0,9926144756277696;0,9828473413379074;0,975544142822206;0,9430470715055695;0,8965687891784889;0,8980976100895554;0,9407894736842104;0,7936507936507936;0,9545454545454546
UNSW-NB15;RANDOM_LINF;distributive;8;10;2048;2;17,852148056030273;33,37479782104492;0,7129670116115261;0,4546713307098091;0,6947988374844803;0,4546713307098091;0,5247775841498628;0,3380425107759048;0,4019189189189189;0,0271772699197035;0,5844101155923113;0,169857904478604;0,2025168462779429;0,0457902511078286;0,0325900514579759;0,0342382000489117;0,0407833273445921;0,0493236555592213;0,011658099729744;0,0188787185354691;0,0079365079365079;0,0;0,4475416605936938;0,4512283762433293;0,4475416605936938;0,3040951117372096;0,0626083625839346;0,0328918918918918;0,9109238507014912;0,5498645490747178;0,1471161308707968;0,0774777463257716;0,880354505169867;0,869639794168096;0,8867693812668134;0,9422385914480776;0,9325305179808644;0,8921095861374596;0,915045766590389;0,9232804232804231;0,9090909090909092
UNSW-NB15;RANDOM_L2;distributive;8;10;2048;2;17,852148056030273;31,9626681804657;0,8089199825098425;0,4546713307098091;0,6947988374844803;0,4546713307098091;0,5247775841498628;0,3380425107759048;0,4019189189189189;0,0271772699197035;0,5844101155923113;0,169857904478604;0,2025168462779429;0,0457902511078286;0,0325900514579759;0,0342382000489117;0,0407833273445921;0,0493236555592213;0,011658099729744;0,0188787185354691;0,0079365079365079;0,0;0,4465821308847106;0,4168731485685786;0,4465821308847106;0,3053424132782247;0,0609884826230607;0,0371891891891891;0,9075487514338656;0,5504120914048966;0,1450330648801662;0,0784987453836317;0,8759231905465288;0,8902229845626072;0,8845683541208119;0,938106360043119;0,9234576047509072;0,8904138625404059;0,910183066361556;0,9047619047619048;1,0
UNSW-NB15;FGSM;distributive;8;10;2048;3;18,354466438293457;57,86045837402344;33,12320847301171;0,5530656366904727;0,7128711763942857;0,5530656366904727;0,6024950111092352;0,445602250705687;0,3983243243243243;0,0301111797405806;0,6102908594528182;0,1632116281274626;0,2509030976529932;0,1683899556868537;0,1543739279588336;0,0489117143555881;0,0396155228171038;0,0717584955460244;0,0015897408722378;0,0137299771167048;0,0185185185185185;0,0;0,2218335519603556;0,2416462153191167;0,2218335519603556;0,2064621481438128;-0,0754982945150822;0,5863513513513513;0,4355642813023912;0,4908344230504946;0,1070607956537823;0,0562766023019828;0,8759231905465288;0,8507718696397941;0,74345805820494;0,71900826446281;0,722203893104586;0,1073075088760532;0,3069221967963387;0,291005291005291;0,5909090909090909
UNSW-NB15;RANDOM_LINF;distributive;8;10;2048;3;18,354466438293457;54,67791795730591;20,318952533644268;0,5530656366904727;0,7128711763942857;0,5530656366904727;0,6024950111092352;0,445602250705687;0,3983243243243243;0,0301111797405806;0,6102908594528182;0,1632116281274626;0,2509030976529932;0,1683899556868537;0,1543739279588336;0,0489117143555881;0,0396155228171038;0,0717584955460244;0,0015897408722378;0,0137299771167048;0,0185185185185185;0,0;0,34987611135403;0,4381848393293527;0,34987611135403;0,2968249877497118;0,061264793430575;0,3535675675675676;0,5093973352157416;0,5551418623919815;0,1379610289321892;0,0894207839014129;0,4963072378138848;0,4871355060034305;0,4688187820983125;0,5899209486166008;0,5419003629165292;0,4655821101160511;0,4897025171624714;0,4973544973544973;0,3863636363636363
UNSW-NB15;RANDOM_L2;distributive;8;10;2048;3;18,354466438293457;53,11868715286255;20,044454161200992;0,5530656366904727;0,7128711763942857;0,5530656366904727;0,6024950111092352;0,445602250705687;0,3983243243243243;0,0301111797405806;0,6102908594528182;0,1632116281274626;0,2509030976529932;0,1683899556868537;0,1543739279588336;0,0489117143555881;0,0396155228171038;0,0717584955460244;0,0015897408722378;0,0137299771167048;0,0185185185185185;0,0;0,3526210950784628;0,4221580868643582;0,3526210950784628;0,2968324921231123;0,0571052140856603;0,3391351351351351;0,5287876114003353;0,5583261828544697;0,1358030887522004;0,0882092076483741;0,55096011816839;0,5042881646655232;0,5223771093176816;0,617499101688825;0,5498185417354009;0,4771872184833872;0,5002860411899314;0,4894179894179894;0,5
UNSW-NB15;FGSM;distributive;8;15;1024;2;14,21573519706726;26,57492089271545;15,50551425934023;0,5841714035854831;0,7227529832045704;0,5841714035854831;0,6230208701646188;0,4820539421201786;0,406027027027027;0,0231403864819553;0,6056812651270844;0,1786473091945728;0,2599660538654633;0,0251107828655834;0,0257289879931389;0,0364392271949131;0,039795185052102;0,0531177829099307;0,003603412643739;0,0091533180778032;0,0052910052910052;0,0227272727272727;0,4291162609920808;0,2674610960668377;0,4291162609920808;0,3265686964256829;0,1209923628265848;0,0976216216216216;0,598870555016324;0,5522345490552283;0,1345114568699206;0,0843009399381397;0,4608567208271787;0,4751286449399657;0,5304475421863536;0,7518864534674812;0,8195315077532168;0,3993958984685496;0,8975972540045767;0,9074074074074074;0,7727272727272727
UNSW-NB15;RANDOM_LINF;distributive;8;15;1024;2;14,21573519706726;18,935630798339844;15,18243210416363;0,5841714035854831;0,7227529832045704;0,5841714035854831;0,6230208701646188;0,4820539421201786;0,406027027027027;0,0231403864819553;0,6056812651270844;0,1786473091945728;0,2599660538654633;0,0251107828655834;0,0257289879931389;0,0364392271949131;0,039795185052102;0,0531177829099307;0,003603412643739;0,0091533180778032;0,0052910052910052;0,0227272727272727;0,4323470825438468;0,4442333091899801;0,4323470825438468;0,3085278681312347;0,0745685458576849;0,0764324324324324;0,7967440218829965;0,5677912231419581;0,1505329949528227;0,0856291642314291;0,7282127031019202;0,7324185248713551;0,7551968696502812;0,8740567732662594;0,8449356647970967;0,7429389009591436;0,8258009153318078;0,828042328042328;0,8636363636363636
UNSW-NB15;RANDOM_L2;distributive;8;15;1024;2;14,21573519706726;18,861335515975952;15,34883156002526;0,5841714035854831;0,7227529832045704;0,5841714035854831;0,6230208701646188;0,4820539421201786;0,406027027027027;0,0231403864819553;0,6056812651270844;0,1786473091945728;0,2599660538654633;0,0251107828655834;0,0257289879931389;0,0364392271949131;0,039795185052102;0,0531177829099307;0,003603412643739;0,0091533180778032;0,0052910052910052;0,0227272727272727;0,4306830879852305;0,4001872440515119;0,4306830879852305;0,3063353937247173;0,0691655599291202;0,0781351351351351;0,8017294626312539;0,5676218697415496;0,1474261250628951;0,0844116824121768;0,707533234859675;0,7324185248713551;0,772560528246515;0,878099173553719;0,8462553612669086;0,7482910285623443;0,8335240274599542;0,7883597883597884;0,9318181818181818
UNSW-NB15;FGSM;distributive;8;15;1024;3;13,059864282608032;36,776758670806885;32,12845552154691;0,6027061166982461;0,7437297944304606;0,6027061166982461;0,6411943078514076;0,5083869049842994;0,4068108108108108;0,0163901879467043;0,5993022244848235;0,172138706251332;0,2836599974446885;0,051698670605613;0,0240137221269296;0,0227439471753484;0,0294646065397053;0,0301880567469482;0,0021196544963171;0,0128718535469107;0,0132275132275132;0,0;0,281421561482777;0,2610080361856032;0,281421561482777;0,2643853237566346;0,0177898179109332;0,4629189189189189;0,3739521750639725;0,4945775962563845;0,1359262825169937;0,0758258494960251;0,8035450516986706;0,7221269296740995;0,661286378087552;0,5098814229249012;0,7002639392939624;0,1478988924805256;0,1375858123569794;0,1878306878306878;0,4318181818181818
UNSW-NB15;RANDOM_LINF;distributive;8;15;1024;3;13,059864282608032;38,113800048828125;28,40815235874265;0,6027061166982461;0,7437297944304606;0,6027061166982461;0,6411943078514076;0,5083869049842994;0,4068108108108108;0,0163901879467043;0,5993022244848235;0,172138706251332;0,2836599974446885;0,051698670605613;0,0240137221269296;0,0227439471753484;0,0294646065397053;0,0301880567469482;0,0021196544963171;0,0128718535469107;0,0132275132275132;0,0;0,3186245931108196;0,3216366078100718;0,3186245931108196;0,2801868839329313;0,0489815552310276;0,4134864864864865;0,4482484778964087;0,5282772785807075;0,1159137275810706;0,0841551526752652;0,4697193500738552;0,4888507718696398;0,5074590364392272;0,5676428314768236;0,5420653249752557;0,3183721053468284;0,5180205949656751;0,5079365079365079;0,5909090909090909
UNSW-NB15;RANDOM_L2;distributive;8;15;1024;3;13,059864282608032;36,7055389881134;28,13608317543604;0,6027061166982461;0,7437297944304606;0,6027061166982461;0,6411943078514076;0,5083869049842994;0,4068108108108108;0,0163901879467043;0,5993022244848235;0,172138706251332;0,2836599974446885;0,051698670605613;0,0240137221269296;0,0227439471753484;0,0294646065397053;0,0301880567469482;0,0021196544963171;0,0128718535469107;0,0132275132275132;0,0;0,3213452849438857;0,3193653670523542;0,3213452849438857;0,2818875347767174;0,0523175533337029;0,4116756756756757;0,4490426189005559;0,5357528456056405;0,1176536079150298;0,0856224987295673;0,5302806499261448;0,5060034305317325;0,5064808021521154;0,5620733021918792;0,5386011217419994;0,3233532934131736;0,5131578947368421;0,4947089947089947;0,5909090909090909
UNSW-NB15;FGSM;distributive;8;15;2048;2;13,07705307006836;21,340388298034668;20,914103872127487;0,5951634844288977;0,7596580667087695;0,5951634844288977;0,6395080994548764;0,4972528063234055;0,406027027027027;0,0213535692226241;0,617174286103958;0,1575774494226243;0,2994820861348796;0,0664697193500738;0,0325900514579759;0,0300807043286867;0,0343154868846568;0,0514681623226657;0,0024376026707646;0,0102974828375286;0,0132275132275132;0,0;0,3860224457076228;0,2262762073441368;0,3860224457076228;0,2850154374477955;0,0189166622083385;0,183054054054054;0,7343818935851054;0,4870789085361284;0,142341089146451;0,0713598194955712;0,983751846381093;0,9502572898799314;0,9395940327708486;0,8566295364714337;0,8808973935994722;0,5937152244184198;0,5366132723112128;0,6137566137566137;0,9318181818181818
UNSW-NB15;RANDOM_LINF;distributive;8;15;2048;2;13,07705307006836;20,63882541656494;20,362677938104262;0,5951634844288977;0,7596580667087695;0,5951634844288977;0,6395080994548764;0,4972528063234055;0,406027027027027;0,0213535692226241;0,617174286103958;0,1575774494226243;0,2994820861348796;0,0664697193500738;0,0325900514579759;0,0300807043286867;0,0343154868846568;0,0514681623226657;0,0024376026707646;0,0102974828375286;0,0132275132275132;0,0;0,391536705047855;0,3243986936872092;0,391536705047855;0,291048909654225;0,0292912476853663;0,1867027027027027;0,7597502867731404;0,5498832417310207;0,1216927157726166;0,0823448637437389;0,7355982274741507;0,7890222984562607;0,7341648324773783;0,7866510959396334;0,7576707357307819;0,7602670764665359;0,7159610983981693;0,6481481481481481;0,8181818181818182
UNSW-NB15;RANDOM_L2;distributive;8;15;2048;2;13,07705307006836;19,699604749679565;20,158626050624303;0,5951634844288977;0,7596580667087695;0,5951634844288977;0,6395080994548764;0,4972528063234055;0,406027027027027;0,0213535692226241;0,617174286103958;0,1575774494226243;0,2994820861348796;0,0664697193500738;0,0325900514579759;0,0300807043286867;0,0343154868846568;0,0514681623226657;0,0024376026707646;0,0102974828375286;0,0132275132275132;0,0;0,3935772239226546;0,3398660496866511;0,3935772239226546;0,290966136764656;0,0285031421993212;0,1803513513513513;0,7687726109591458;0,5512882785536153;0,1203119693016003;0,0813291862437221;0,7843426883308715;0,7684391080617495;0,7608217168011738;0,7950952209845491;0,7649290663147477;0,765354247257697;0,7236842105263158;0,7037037037037037;0,75
UNSW-NB15;FGSM;distributive;8;15;2048;3;13,10675859451294;19,034541368484497;11,607880289559349;0,5503449448574066;0,7172126106174732;0,5503449448574066;0,594428237446465;0,4368916244423815;0,4125135135135135;0,0476484602488308;0,6016652437739067;0,1725723332818256;0,2476497910635789;0,1890694239290989;0,1989708404802744;0,0491562729273661;0,0592885375494071;0,1189376443418013;0,0123469874410471;0,0266018306636155;0,0211640211640211;0,0;0,4342661419618131;0,4727611354109526;0,4342661419618131;0,3112270986953073;0,0922743533061584;0,0625135135135135;0,7501102973616871;0,5348951777056228;0,14690139390076;0,0771616916108094;0,8980797636632201;0,9125214408233276;0,8557104426510149;0,8805246137261947;0,931705707687232;0,6266228604737428;0,5140160183066361;0,6587301587301587;1,0
UNSW-NB15;RANDOM_LINF;distributive;8;15;2048;3;13,10675859451294;23,075085878372192;12,75445756206578;0,5503449448574066;0,7172126106174732;0,5503449448574066;0,594428237446465;0,4368916244423815;0,4125135135135135;0,0476484602488308;0,6016652437739067;0,1725723332818256;0,2476497910635789;0,1890694239290989;0,1989708404802744;0,0491562729273661;0,0592885375494071;0,1189376443418013;0,0123469874410471;0,0266018306636155;0,0211640211640211;0,0;0,4228003692367488;0,3798093405144403;0,4228003692367488;0,3010355872665138;0,0480539609209989;0,0956756756756756;0,8237227565516633;0,5485588991375276;0,1319833872549969;0,081218439157004;0,8389955686853766;0,8198970840480274;0,826363414037662;0,8913043478260869;0,8388320686242164;0,7752636320279794;0,840675057208238;0,798941798941799;0,8636363636363636
UNSW-NB15;RANDOM_L2;distributive;8;15;2048;3;13,10675859451294;22,554489135742188;12,866200262352429;0,5503449448574066;0,7172126106174732;0,5503449448574066;0,594428237446465;0,4368916244423815;0,4125135135135135;0,0476484602488308;0,6016652437739067;0,1725723332818256;0,2476497910635789;0,1890694239290989;0,1989708404802744;0,0491562729273661;0,0592885375494071;0,1189376443418013;0,0123469874410471;0,0266018306636155;0,0211640211640211;0,0;0,4216829422338823;0,3769096157815199;0,4216829422338823;0,2995125728222428;0,0435552964006427;0,0961081081081081;0,8288846730786199;0,5507932548827121;0,1315758679153576;0,0799190237843919;0,8670605612998523;0,823327615780446;0,8459280997798972;0,8959755659360402;0,8592873639063016;0,7722431243707276;0,8412471395881007;0,828042328042328;0,8863636363636364
UNSW-NB15;FGSM;distributive;8;20;1024;2;10,277843713760376;14,109021186828612;22,1481319535539;0,6349171646504397;0,7648472970584084;0,6349171646504397;0,6690604257671382;0,5392866320490584;0,3736756756756756;0,0418247595517515;0,6353155845369505;0,1924014498118244;0,3218160507050986;0,0487444608567208;0,0017152658662092;0,0352164343360234;0,0675530003593244;0,0795117123061695;0,0059880239520958;0,0903890160183066;0,1349206349206349;0,0909090909090909;0,4134358451149006;0,2329931449864557;0,4134358451149006;0,2975291434832287;0,0542813120737082;0,1054864864864864;0,7362348892614489;0,553640311642891;0,1602237979705391;0,0717760073729141;0,998522895125554;0,9982847341337908;0,9735876742479824;0,9150197628458498;0,9018475750577368;0,4595940861639552;0,9739702517162472;0,9603174603174603;0,9545454545454546
UNSW-NB15;RANDOM_LINF;distributive;8;20;1024;2;10,277843713760376;13,518808841705322;22,16513627751057;0,6349171646504397;0,7648472970584084;0,6349171646504397;0,6690604257671382;0,5392866320490584;0,3736756756756756;0,0418247595517515;0,6353155845369505;0,1924014498118244;0,3218160507050986;0,0487444608567208;0,0017152658662092;0,0352164343360234;0,0675530003593244;0,0795117123061695;0,0059880239520958;0,0903890160183066;0,1349206349206349;0,0909090909090909;0,413265801875334;0,411828057626861;0,413265801875334;0,2909314708827161;0,0204905392959044;0,1222162162162162;0,8500838259948822;0,535885421936362;0,1083737331486031;0,0770268681402636;0,8611521418020679;0,8816466552315609;0,8407923697725606;0,8459396334890406;0,8238205212801055;0,869164326214827;0,8166475972540046;0,7857142857142857;0,8181818181818182
UNSW-NB15;RANDOM_L2;distributive;8;20;1024;2;10,277843713760376;13,142411708831789;22,24772870815721;0,6349171646504397;0,7648472970584084;0,6349171646504397;0,6690604257671382;0,5392866320490584;0,3736756756756756;0,0418247595517515;0,6353155845369505;0,1924014498118244;0,3218160507050986;0,0487444608567208;0,0017152658662092;0,0352164343360234;0,0675530003593244;0,0795117123061695;0,0059880239520958;0,0903890160183066;0,1349206349206349;0,0909090909090909;0,4124398775688675;0,3830240688189083;0,4124398775688675;0,2912674725426648;0,0205824309600401;0,1256756756756756;0,8476793435101032;0,5384344145557488;0,1082776313129767;0,0780640696911716;0,8744460856720827;0,8524871355060034;0,8385913426265591;0,8436938555515631;0,826954800395909;0,8631763022627311;0,8200800915331807;0,8253968253968254;0,8181818181818182
UNSW-NB15;FGSM;distributive;8;20;1024;3;10,664844989776611;21,485570907592773;29,25229558373416;0,5961108681921975;0,6807165533817995;0,5961108681921975;0,6234982065638268;0,4779729490129749;0,3811081081081081;0,1029294979264096;0,6317981152139616;0,1843502618357698;0,2703320679563789;0,1610044313146233;0,1612349914236706;0,0728784543898263;0,0678224937118217;0,1666116793137578;0,099358804514864;0,1312929061784897;0,1587301587301587;0,1363636363636363;0,3035879123548559;0,2368724950384262;0,3035879123548559;0,257598699691649;-0,0197480286620786;0,3774054054054054;0,5373908056119298;0,5525722799692284;0,1447883287053624;0,0645737986502368;0,9940915805022156;0,95368782161235;0,9180728784543898;0,8207869205892921;0,8005608709996701;0,1983996608552806;0,4124713958810068;0,4285714285714285;0,9090909090909092
UNSW-NB15;RANDOM_LINF;distributive;8;20;1024;3;10,664844989776611;16,702054262161255;20,16469902346597;0,5961108681921975;0,6807165533817995;0,5961108681921975;0,6234982065638268;0,4779729490129749;0,3811081081081081;0,1029294979264096;0,6317981152139616;0,1843502618357698;0,2703320679563789;0,1610044313146233;0,1612349914236706;0,0728784543898263;0,0678224937118217;0,1666116793137578;0,099358804514864;0,1312929061784897;0,1587301587301587;0,1363636363636363;0,3944638779575378;0,2884848840291555;0,3944638779575378;0,2971548459872447;0,0441819013042998;0,2106216216216216;0,7331906820788847;0,5494281540933618;0,1094754835472728;0,0870190950138028;0,6809453471196455;0,6861063464837049;0,6629982880899975;0,6953826805605462;0,6885516331243814;0,8000105982724816;0,6790617848970252;0,6613756613756614;0,6590909090909091
UNSW-NB15;RANDOM_L2;distributive;8;20;1024;3;10,664844989776611;16,79530382156372;19,97886605451101;0,5961108681921975;0,6807165533817995;0,5961108681921975;0,6234982065638268;0,4779729490129749;0,3811081081081081;0,1029294979264096;0,6317981152139616;0,1843502618357698;0,2703320679563789;0,1610044313146233;0,1612349914236706;0,0728784543898263;0,0678224937118217;0,1666116793137578;0,099358804514864;0,1312929061784897;0,1587301587301587;0,1363636363636363;0,3963222076470874;0,3162169426019192;0,3963222076470874;0,2980095763606141;0,0457173098843637;0,2066756756756756;0,7361245918997618;0,55954970787304;0,1096297035223647;0,0870005664661923;0,7001477104874446;0,6638078902229846;0,669601369528002;0,6972691340280273;0,7033982184097658;0,7968841078904139;0,6882151029748284;0,7063492063492064;0,7727272727272727
UNSW-NB15;FGSM;distributive;8;20;2048;2;10,341772079467772;13,883933067321776;18,833503376572907;0,5961230141378808;0,733367837901497;0,5961230141378808;0,6296869415308614;0,4886157075603411;0,3809189189189189;0,044780728844966;0,6227239332902643;0,1839383401674879;0,2644622633584023;0,2511078286558346;0,2178387650085763;0,053558327219369;0,0578512396694214;0,1291652919828439;0,0012717926977902;0,0165903890160183;0,0105820105820105;0,0227272727272727;0,4077879803721517;0,4731143574655453;0,4077879803721517;0,30743226923259;0,0761616859948798;0,1354864864864864;0,6393276272831554;0,4777169306160468;0,1062923298314835;0,0756333235228464;0,9704579025110784;0,9416809605488852;0,925409635607728;0,8606719367588933;0,8912900032992411;0,3086216946637698;0,8166475972540046;0,753968253968254;1,0
UNSW-NB15;RANDOM_LINF;distributive;8;20;2048;2;10,341772079467772;14,229212522506714;19,18330661225284;0,5961230141378808;0,733367837901497;0,5961230141378808;0,6296869415308614;0,4886157075603411;0,3809189189189189;0,044780728844966;0,6227239332902643;0,1839383401674879;0,2644622633584023;0,2511078286558346;0,2178387650085763;0,053558327219369;0,0578512396694214;0,1291652919828439;0,0012717926977902;0,0165903890160183;0,0105820105820105;0,0227272727272727;0,4042899480153524;0,4554366961315675;0,4042899480153524;0,2967808905172793;0,0431378094683347;0,157;0,7506397246977853;0,5545344947933679;0,1304073232880998;0,0791496845237426;0,794682422451994;0,7787307032590052;0,7512839325018342;0,8115343154868847;0,7863741339491916;0,6983731651740767;0,7643020594965675;0,7328042328042328;0,7954545454545454
UNSW-NB15;RANDOM_L2;distributive;8;20;2048;2;10,341772079467772;14,379180669784546;19,08978283049119;0,5961230141378808;0,733367837901497;0,5961230141378808;0,6296869415308614;0,4886157075603411;0,3809189189189189;0,044780728844966;0,6227239332902643;0,1839383401674879;0,2644622633584023;0,2511078286558346;0,2178387650085763;0,053558327219369;0,0578512396694214;0,1291652919828439;0,0012717926977902;0,0165903890160183;0,0105820105820105;0,0227272727272727;0,4052251858329689;0,4389878067999787;0,4052251858329689;0,2976702367058304;0,0454756207784829;0,158;0,7500441189446748;0,5613180932331463;0,1296829406268786;0,0796796783992706;0,7799113737075333;0,7941680960548885;0,7737833211054047;0,7996766079770032;0,7835697789508413;0,7004928196703937;0,7574370709382151;0,7777777777777778;0,75
UNSW-NB15;FGSM;distributive;8;20;2048;3;10,60239553451538;16,12557601928711;40,52130398872856;0,6320993052519069;0,7739597308492558;0,6320993052519069;0,6588693211950204;0,540263084223222;0,3857027027027027;0,0263610694432189;0,6412518594025587;0,1747956453900417;0,2873068101835742;0,0472673559822747;0,0257289879931389;0,0376620200538028;0,0444664031620553;0,0509732761464863;0,0033914471941073;0,0331807780320366;0,0238095238095238;0,0227272727272727;0,2268862653646212;0,1878492432245848;0,2268862653646212;0,2044129438336097;-0,1174380458020748;0,5109189189189189;0,5720241771816819;0,4611472193190812;0,1176237568190174;0,0478477469716139;0,9527326440177252;0,9313893653516296;0,9158718513083884;0,9124146604383758;0,8361926756845925;0,1751364527582004;0,6415903890160183;0,4867724867724867;0,9090909090909092
UNSW-NB15;RANDOM_LINF;distributive;8;20;2048;3;10,60239553451538;14,489111423492432;21,81168925812564;0,6320993052519069;0,7739597308492558;0,6320993052519069;0,6588693211950204;0,540263084223222;0,3857027027027027;0,0263610694432189;0,6412518594025587;0,1747956453900417;0,2873068101835742;0,0472673559822747;0,0257289879931389;0,0376620200538028;0,0444664031620553;0,0509732761464863;0,0033914471941073;0,0331807780320366;0,0238095238095238;0,0227272727272727;0,4139824126706505;0,4667555918052353;0,4139824126706505;0,2996903933301614;0,0461521305302263;0,1292432432432432;0,7956631077384629;0,5528829597565641;0,1314700114641051;0,0832975645570033;0,7917282127031019;0,8113207547169812;0,7820983125458547;0,8281530722242185;0,8076542395249092;0,7779661915107837;0,7814645308924485;0,7936507936507936;0,7727272727272727
UNSW-NB15;RANDOM_L2;distributive;8;20;2048;3;10,60239553451538;14,774405002593994;21,781324393917316;0,6320993052519069;0,7739597308492558;0,6320993052519069;0,6588693211950204;0,540263084223222;0,3857027027027027;0,0263610694432189;0,6412518594025587;0,1747956453900417;0,2873068101835742;0,0472673559822747;0,0257289879931389;0,0376620200538028;0,0444664031620553;0,0509732761464863;0,0033914471941073;0,0331807780320366;0,0238095238095238;0,0227272727272727;0,4142860613127338;0,4187584503912264;0,4142860613127338;0,3009376020769243;0,0503569104015836;0,1305675675675675;0,784523074208065;0,5508891348756738;0,1306718285723511;0,083171867294962;0,7740029542097489;0,7564322469982847;0,7698703839569577;0,821595400646784;0,7989112504124052;0,7630226273117482;0,7791762013729977;0,7883597883597884;0,9318181818181818
UNSW-NB15;FGSM;distributive;10;5;1024;2;41,85804581642151;226,02445435523987;17,63105475392314;0,5362192100276928;0,7212071599338471;0,5362192100276928;0,5942052043996798;0,4472670925206983;0,4574324324324324;0,0150225006617841;0,5606717508727121;0,1508423577797288;0,235619726579202;0,0280649926144756;0,0257289879931389;0,0273905600391293;0,0213798059647862;0,0171560541075552;0,009432462508611;0,0040045766590389;0,0026455026455026;0,0;0,3599086624884614;0,2059526066103406;0,3599086624884614;0,2576537833095167;-0,0805340750090568;0,2298378378378378;0,8961660637077561;0,4642234556115688;0,107396547339316;0,0722562725815325;0,8552437223042836;0,8610634648370498;0,8476400097823429;0,8819619116061804;0,7522269877928076;0,9526257220073128;0,9610983981693364;0,902116402116402;0,5
UNSW-NB15;RANDOM_LINF;distributive;10;5;1024;2;41,85804581642151;245,99371433258057;11,603021911286016;0,5362192100276928;0,7212071599338471;0,5362192100276928;0,5942052043996798;0,4472670925206983;0,4574324324324324;0,0150225006617841;0,5606717508727121;0,1508423577797288;0,235619726579202;0,0280649926144756;0,0257289879931389;0,0273905600391293;0,0213798059647862;0,0171560541075552;0,009432462508611;0,0040045766590389;0,0026455026455026;0,0;0,4201889909148326;0,3988511927944432;0,4201889909148326;0,3008740961401946;0,0458730499493056;0,117027027027027;0,8200388246713138;0,5287096555469897;0,1408945427966544;0,083256302351094;0,7341211225997046;0,758147512864494;0,7490829053558328;0,8231225296442688;0,7962718574727813;0,857453235122675;0,7645881006864989;0,7804232804232805;0,75
UNSW-NB15;RANDOM_L2;distributive;10;5;1024;2;41,85804581642151;246,39538168907168;11,46698731963271;0,5362192100276928;0,7212071599338471;0,5362192100276928;0,5942052043996798;0,4472670925206983;0,4574324324324324;0,0150225006617841;0,5606717508727121;0,1508423577797288;0,235619726579202;0,0280649926144756;0,0257289879931389;0,0273905600391293;0,0213798059647862;0,0171560541075552;0,009432462508611;0,0040045766590389;0,0026455026455026;0,0;0,4215493368313657;0,4160497260494927;0,4215493368313657;0,3006487209219401;0,0447240661677871;0,1124324324324324;0,8281787699638224;0,5291195865118532;0,1383438900026407;0,0825843559083532;0,7813884785819794;0,7530017152658662;0,7757397896796283;0,8327344592166727;0,8093038601121741;0,8577181919347147;0,777745995423341;0,753968253968254;0,8409090909090909
UNSW-NB15;FGSM;distributive;10;5;1024;3;48,52782440185547;206,8167035579681;21,454598455035708;0,5397658261672253;0,7298716556838067;0,5397658261672253;0,600688937082256;0,4569720380001399;0,4405405405405405;0,0157284037765816;0,5575881116318995;0,1469096340957167;0,2346163387701393;0,0576070901033973;0,0771869639794168;0,0457324529224749;0,0254222062522457;0,0189706367535466;0,0010598272481585;0,006578947368421;0,0026455026455026;0,0;0,3252198416168683;0,251468491979062;0,3252198416168683;0,2713183758498462;0,023090317746887;0,3751621621621621;0,5305303097149916;0,4136260738005681;0,0923315754210638;0,0736838818396041;0,9719350073855244;0,9331046312178388;0,8537539740767914;0,5920768954365793;0,8223358627515671;0,3217635525409358;0,4262013729977116;0,4867724867724867;0,7954545454545454
UNSW-NB15;RANDOM_LINF;distributive;10;5;1024;3;48,52782440185547;271,73949694633484;21,94893844434727;0,5397658261672253;0,7298716556838067;0,5397658261672253;0,600688937082256;0,4569720380001399;0,4405405405405405;0,0157284037765816;0,5575881116318995;0,1469096340957167;0,2346163387701393;0,0576070901033973;0,0771869639794168;0,0457324529224749;0,0254222062522457;0,0189706367535466;0,0010598272481585;0,006578947368421;0,0026455026455026;0,0;0,3202764417237526;0,422439890042905;0,3202764417237526;0,2648095491925593;0,0152727618659921;0,4294594594594594;0,5585678990558546;0,5084672987442043;0,130240078905255;0,0786088357276173;0,4771048744460857;0,4425385934819897;0,454389826363414;0,5461731943945383;0,5504783899703068;0,6061152032218748;0,5205949656750573;0,4947089947089947;0,4545454545454545
UNSW-NB15;RANDOM_L2;distributive;10;5;1024;3;48,52782440185547;253,7893488407135;21,578487101005685;0,5397658261672253;0,7298716556838067;0,5397658261672253;0,600688937082256;0,4569720380001399;0,4405405405405405;0,0157284037765816;0,5575881116318995;0,1469096340957167;0,2346163387701393;0,0576070901033973;0,0771869639794168;0,0457324529224749;0,0254222062522457;0,0189706367535466;0,0010598272481585;0,006578947368421;0,0026455026455026;0,0;0,3239809551571685;0,340989220436054;0,3239809551571685;0,2677773659043008;0,0141895599323406;0,4146216216216216;0,5722006529603811;0,5059890549416973;0,1275979064835976;0,0800230985037642;0,4859675036927622;0,4785591766723842;0,495720224993886;0,5584800574919152;0,5669745958429562;0,6119972444491548;0,5354691075514875;0,5370370370370371;0,5909090909090909
UNSW-NB15;FGSM;distributive;10;5;2048;2;41,77783799171448;190,57078218460083;8,367341981246657;0,4540518874799591;0,7347989877001608;0,4540518874799591;0,5301387171386582;0,3370702524319728;0,4171081081081081;0,0156622253595694;0,5588693900982954;0,1383852963757906;0,2031974130619267;0,0324963072378138;0,0428816466552315;0,0506236243580337;0,0242544017247574;0,0163312438139228;0,0027025594828043;0,0094393592677345;0,0079365079365079;0,0;0,3703784676674926;0,2244061841928611;0,3703784676674926;0,2747970226269884;-0,0065406850107476;0,2737837837837837;0,7891114444542486;0,4666895359459435;0,1201761037239425;0,0780400375739346;0,9793205317577548;0,9725557461406518;0,8897040841281487;0,6704096298957959;0,8289343451006268;0,8177097133167294;0,7734553775743707;0,6375661375661376;0,9090909090909092
UNSW-NB15;RANDOM_LINF;distributive;10;5;2048;2;41,77783799171448;187,15983390808103;9,874653840548026;0,4540518874799591;0,7347989877001608;0,4540518874799591;0,5301387171386582;0,3370702524319728;0,4171081081081081;0,0156622253595694;0,5588693900982954;0,1383852963757906;0,2031974130619267;0,0324963072378138;0,0428816466552315;0,0506236243580337;0,0242544017247574;0,0163312438139228;0,0027025594828043;0,0094393592677345;0,0079365079365079;0,0;0,3553053490744789;0,4671592637362527;0,3553053490744789;0,2788000808392459;0,0184789214016099;0,300027027027027;0,6615194564546016;0,5208444661953817;0,1260106081586653;0,0809529092258828;0,6115214180206795;0,6226415094339622;0,6140865737344093;0,6753503413582465;0,6768393269548004;0,6641937364209634;0,6484553775743707;0,6455026455026455;0,7727272727272727
UNSW-NB15;RANDOM_L2;distributive;10;5;2048;2;41,77783799171448;177,86301517486572;9,624447359471406;0,4540518874799591;0,7347989877001608;0,4540518874799591;0,5301387171386582;0,3370702524319728;0,4171081081081081;0,0156622253595694;0,5588693900982954;0,1383852963757906;0,2031974130619267;0,0324963072378138;0,0428816466552315;0,0506236243580337;0,0242544017247574;0,0163312438139228;0,0027025594828043;0,0094393592677345;0,0079365079365079;0,0;0,3578074138852451;0,2886395020497163;0,357807413885245;0,2795063452883213;0,0178873081343344;0,2896486486486486;0,6672328597899938;0,5194928891954519;0,1246646747157749;0,0801760178282886;0,5775480059084195;0,6500857632933105;0,6246025923208608;0,6897233201581028;0,6722203893104586;0,6685920195008214;0,6481693363844394;0,6746031746031746;0,7272727272727273
UNSW-NB15;FGSM;distributive;10;5;2048;3;42,91546320915222;162,45633959770203;15,635475878151873;0,4478453092357771;0,6978952861462289;0,4478453092357771;0,527059870021659;0,3386216986060886;0,4105135135135135;0,0193020382952439;0,5494082468894854;0,1451124439764567;0,1895180746643559;0,035450516986706;0,0531732418524871;0,0474443629249205;0,0291052820697089;0,033157373804025;0,0025965767579884;0,0140160183066361;0,0079365079365079;0,0;0,2914905504542583;0,1996797306632136;0,2914905504542583;0,2358773962838571;-0,0593275912914324;0,4295405405405405;0,6761007676696373;0,4549391061376725;0,1015856888680914;0,0644503237168895;0,9911373707533236;0,9588336192109777;0,9161164098801664;0,7366151634926339;0,743978884856483;0,5843357532722167;0,4891304347826087;0,5079365079365079;0,7727272727272727
UNSW-NB15;RANDOM_LINF;distributive;10;5;2048;3;42,91546320915222;179,5635187625885;7,905796045280083;0,4478453092357771;0,6978952861462289;0,4478453092357771;0,527059870021659;0,3386216986060886;0,4105135135135135;0,0193020382952439;0,5494082468894854;0,1451124439764567;0,1895180746643559;0,035450516986706;0,0531732418524871;0,0474443629249205;0,0291052820697089;0,033157373804025;0,0025965767579884;0,0140160183066361;0,0079365079365079;0,0;0,3687873487829762;0,407310163710196;0,3687873487829763;0,2866946382965111;0,0214213880517657;0,278027027027027;0,7038515838701138;0,5188148442945554;0,1366285210023186;0,0837514599847454;0,6262924667651403;0,6397941680960549;0,6179995108828564;0,6749910168882501;0,6684262619597493;0,7687986858142123;0,6395881006864989;0,6375661375661376;0,7272727272727273
UNSW-NB15;RANDOM_L2;distributive;10;5;2048;3;42,91546320915222;173,32043552398682;7,621580916290144;0,4478453092357771;0,6978952861462289;0,4478453092357771;0,527059870021659;0,3386216986060886;0,4105135135135135;0,0193020382952439;0,5494082468894854;0,1451124439764567;0,1895180746643559;0,035450516986706;0,0531732418524871;0,0474443629249205;0,0291052820697089;0,033157373804025;0,0025965767579884;0,0140160183066361;0,0079365079365079;0,0;0,3716295000728756;0,3951924101499582;0,3716295000728756;0,2890021952781132;0,0232381983238877;0,271054054054054;0,7093664519544692;0,5167726629930636;0,1338216911928887;0,0850457261004315;0,6410635155096012;0,6346483704974271;0,6336512594766447;0,6744520301832555;0,7030682942923128;0,7642944200095384;0,6556064073226545;0,6481481481481481;0,7272727272727273
UNSW-NB15;FGSM;distributive;10;10;1024;2;22,181015253067017;70,12506103515625;25,11660107855997;0,5990866248846135;0,7563188819522632;0,5990866248846135;0,6295096560981192;0,5023517505994459;0,4141621621621622;0,0295376334598076;0,5824732544334086;0,1539007588278321;0,2662966308013313;0,0664697193500738;0,0600343053173241;0,0511127415015896;0,0465325188645346;0,0263939293962388;0,0171692014201685;0,0125858123569794;0,0052910052910052;0,0454545454545454;0,3479206140990137;0,2078948470573141;0,3479206140990137;0,251153519900764;-0,0831567515440604;0,2486216216216216;0,8475911056207536;0,470764424101544;0,1085439143224346;0,0612490373973853;0,9940915805022156;0,986277873070326;0,9694301785277574;0,925799496945742;0,8993731441768393;0,7251867945524879;0,9628146453089244;0,9497354497354498;0,9772727272727272
UNSW-NB15;RANDOM_LINF;distributive;10;10;1024;2;22,181015253067017;53,35198950767517;20,90074333187582;0,5990866248846135;0,7563188819522632;0,5990866248846135;0,6295096560981192;0,5023517505994459;0,4141621621621622;0,0295376334598076;0,5824732544334086;0,1539007588278321;0,2662966308013313;0,0664697193500738;0,0600343053173241;0,0511127415015896;0,0465325188645346;0,0263939293962388;0,0171692014201685;0,0125858123569794;0,0052910052910052;0,0454545454545454;0,3900791915658553;0,4259253487152392;0,3900791915658553;0,2860358995672453;0,007183480602723;0,2037837837837837;0,8096929321450631;0,5227084325719347;0,1193667118471556;0,0798918502461978;0,794682422451994;0,8216123499142367;0,7735387625336269;0,7549407114624506;0,7952820851204223;0,8630173281755074;0,7697368421052632;0,7751322751322751;0,6818181818181818
UNSW-NB15;RANDOM_L2;distributive;10;10;1024;2;22,181015253067017;52,17308855056763;21,008842248457466;0,5990866248846135;0,7563188819522632;0,5990866248846135;0,6295096560981192;0,5023517505994459;0,4141621621621622;0,0295376334598076;0,5824732544334086;0,1539007588278321;0,2662966308013313;0,0664697193500738;0,0600343053173241;0,0511127415015896;0,0465325188645346;0,0263939293962388;0,0171692014201685;0,0125858123569794;0,0052910052910052;0,0454545454545454;0,3889982024000388;0,3474981690898058;0,3889982024000388;0,2850477473314319;0,0048799419785049;0,2034864864864864;0,8103105973705109;0,5181999866922742;0,1183115152965877;0,0793363483857774;0,7917282127031019;0,7941680960548885;0,7745169968207386;0,7634746676248653;0,7891784889475421;0,8609506650415982;0,7723112128146453;0,8015873015873016;0,7727272727272727
UNSW-NB15;FGSM;distributive;10;10;1024;3;22,65179181098938;62,50947666168213;20,504785502599237;0,5872564737890492;0,7087532557621553;0,5872564737890492;0,6237456147273308;0,4833535926991123;0,4037297297297297;0,0279272919791758;0,5933868443435136;0,1648864408138891;0,2559457643303612;0,0487444608567208;0,0308747855917667;0,0415749572022499;0,0382680560546173;0,0549323655559221;0,0100153674950982;0,0243135011441647;0,0291005291005291;0,0227272727272727;0,3822086187630569;0,1986649919463024;0,3822086187630569;0,2601410571775992;-0,0711550779592893;0,1585135135135135;0,9146960204711904;0,4629651322472921;0,1007467409950239;0,0603741460914818;0,9940915805022156;0,9948542024013722;0,9762778185375396;0,9695472511678044;0,9482019135598811;0,8530019606804091;0,9144736842105264;0,9074074074074074;0,9545454545454546
UNSW-NB15;RANDOM_LINF;distributive;10;10;1024;3;22,65179181098938;45,35299229621887;14,79619103143371;0,5872564737890492;0,7087532557621553;0,5872564737890492;0,6237456147273308;0,4833535926991123;0,4037297297297297;0,0279272919791758;0,5933868443435136;0,1648864408138891;0,2559457643303612;0,0487444608567208;0,0308747855917667;0,0415749572022499;0,0382680560546173;0,0549323655559221;0,0100153674950982;0,0243135011441647;0,0291005291005291;0,0227272727272727;0,4392945634747121;0,4426749195488856;0,4392945634747121;0,2989173184123556;0,0474740306548633;0,0501891891891891;0,8959454689843819;0,5429990268076439;0,1366668412408813;0,0776754584932555;0,844903988183161;0,8421955403087479;0,8481291269258987;0,9227452389507724;0,9028373474100956;0,8927984738487627;0,8890160183066361;0,91005291005291;0,8863636363636364
UNSW-NB15;RANDOM_L2;distributive;10;10;1024;3;22,65179181098938;42,22545385360718;14,711169411650394;0,5872564737890492;0,7087532557621553;0,5872564737890492;0,6237456147273308;0,4833535926991123;0,4037297297297297;0,0279272919791758;0,5933868443435136;0,1648864408138891;0,2559457643303612;0,0487444608567208;0,0308747855917667;0,0415749572022499;0,0382680560546173;0,0549323655559221;0,0100153674950982;0,0243135011441647;0,0291005291005291;0,0227272727272727;0,4401447796725453;0,3935233480967662;0,4401447796725453;0,2981041911629951;0,0462565621537422;0,0471621621621621;0,901813288626136;0,540985453278027;0,135355463451083;0,0759886681027186;0,8581979320531757;0,8627787307032591;0,8581560283687943;0,9243621990657565;0,9031672715275486;0,9010121350219914;0,8950228832951945;0,9312169312169312;0,8863636363636364
UNSW-NB15;FGSM;distributive;10;10;2048;2;21,99117851257324;54,7088463306427;12,716805130447453;0,5896249331972987;0,7212293253016185;0,5896249331972987;0,630693039128241;0,493856354807076;0,4024594594594594;0,0298905850172063;0,5868397886239972;0,1533467411202904;0,2632707547023792;0,0487444608567208;0,0085763293310463;0,0264123257520176;0,0326086956521739;0,0422302870339821;0,0290922579619522;0,0085812356979405;0,0264550264550264;0,0227272727272727;0,4624568818928242;0,2751037687284039;0,4624568818928242;0,3438201847416492;0,1703160158184639;0,031081081081081;0,624922791846819;0,471397018424871;0,1220838793205387;0,0915488902656767;0,9940915805022156;0,9897084048027444;0,9315235999021766;0,7006827164929932;0,9679973606070604;0,3416353134439086;0,7994851258581236;0,8412698412698413;0,9545454545454546
UNSW-NB15;RANDOM_LINF;distributive;10;10;2048;2;21,99117851257324;46,0684814453125;19,38128552689112;0,5896249331972987;0,7212293253016185;0,5896249331972987;0,630693039128241;0,493856354807076;0,4024594594594594;0,0298905850172063;0,5868397886239972;0,1533467411202904;0,2632707547023792;0,0487444608567208;0,0085763293310463;0,0264123257520176;0,0326086956521739;0,0422302870339821;0,0290922579619522;0,0085812356979405;0,0264550264550264;0,0227272727272727;0,3958120779283875;0,347715890605392;0,3958120779283875;0,2978594561120947;0,0349908269650441;0,1822162162162162;0,7717947586693726;0,5572996778691705;0,1355968732044812;0,0890685663764439;0,6248153618906942;0,7015437392795884;0,6874541452677916;0,7644628099173554;0,7340811613328935;0,8316464416300143;0,6827803203661327;0,7037037037037037;0,8409090909090909
UNSW-NB15;RANDOM_L2;distributive;10;10;2048;2;21,99117851257324;44,4206280708313;18,970752562794534;0,5896249331972987;0,7212293253016185;0,5896249331972987;0,630693039128241;0,493856354807076;0,4024594594594594;0,0298905850172063;0,5868397886239972;0,1533467411202904;0,2632707547023792;0,0487444608567208;0,0085763293310463;0,0264123257520176;0,0326086956521739;0,0422302870339821;0,0290922579619522;0,0085812356979405;0,0264550264550264;0,0227272727272727;0,3999174075693533;0,3474887834612872;0,3999174075693533;0,2977642238928872;0,0337717118985096;0,1683513513513513;0,7886261360628254;0,5545255449681656;0,1331189822886725;0,0886164754623859;0,7060561299852289;0,7135506003430532;0,7011494252873564;0,7853934602946461;0,7575057736720554;0,8374225001324784;0,7231121281464531;0,753968253968254;0,8636363636363636
UNSW-NB15;FGSM;distributive;10;10;2048;3;22,600932121276852;30,23637819290161;9,127678181023176;0,5427780206966915;0,6991404375015491;0,5427780206966915;0,5973084091428497;0,4292201799539158;0,3838918918918919;0,042795376334598;0,5795137432155872;0,1584460832415891;0,2400940699543811;0,0457902511078286;0,0668953687821612;0,0758131572511616;0,0899209486166007;0,0324975255691191;0,0111811774680727;0,0403318077803203;0,0211640211640211;0,0454545454545454;0,4515012388864597;0,2723364412679752;0,4515012388864597;0,28747507365642;0,0447402553880871;0,0051891891891891;0,9862128297891114;0,3896480059746471;0,0870272906956477;0,0683661500043756;1,0;1,0;0,9826363414037662;0,9664929931728352;0,9839986803035302;0,9976683800540512;0,9897025171624714;0,9894179894179894;1,0
UNSW-NB15;RANDOM_LINF;distributive;10;10;2048;3;22,600932121276852;29,71875596046448;10,515959772627898;0,5427780206966915;0,6991404375015491;0,5427780206966915;0,5973084091428497;0,4292201799539158;0,3838918918918919;0,042795376334598;0,5795137432155872;0,1584460832415891;0,2400940699543811;0,0457902511078286;0,0668953687821612;0,0758131572511616;0,0899209486166007;0,0324975255691191;0,0111811774680727;0,0403318077803203;0,0211640211640211;0,0454545454545454;0,4376184229704125;0,4502692245633615;0,4376184229704125;0,2862123230117967;0,0120207208406991;0,0389729729729729;0,9498588193770404;0,5264545969204857;0,1232250304173829;0,0691231462999542;0,96602658788774;0,9588336192109777;0,9608706285155296;0,9638878907653612;0,964203233256351;0,929733453447088;0,9711098398169336;0,9497354497354498;0,9772727272727272
UNSW-NB15;RANDOM_L2;distributive;10;10;2048;3;22,600932121276852;30,01836657524109;10,566972744497887;0,5427780206966915;0,6991404375015491;0,5427780206966915;0,5973084091428497;0,4292201799539158;0,3838918918918919;0,042795376334598;0,5795137432155872;0,1584460832415891;0,2400940699543811;0,0457902511078286;0,0668953687821612;0,0758131572511616;0,0899209486166007;0,0324975255691191;0,0111811774680727;0,0403318077803203;0,0211640211640211;0,0454545454545454;0,4371082932517126;0,4308199614827214;0,4371082932517126;0,2855837234912197;0,0102701313342326;0,0393243243243243;0,9495058678196416;0,528424149835858;0,1200221028749842;0,0688620513341216;0,9689807976366324;0,9691252144082332;0,9567131327953045;0,9648760330578512;0,9595842956120092;0,931270202956918;0,9636727688787186;0,9735449735449736;0,9318181818181818
UNSW-NB15;FGSM;distributive;10;15;1024;2;15,847653865814207;26,184214115142822;25,98867997862313;0,5793980469319341;0,6752982993752572;0,5793980469319341;0,6126210160449843;0,4595962815634282;0,3836756756756757;0,0840907085502514;0,6161585870189082;0,1834330887229043;0,2529652785197198;0,3205317577548006;0,3259005145797599;0,1146979701638542;0,0992633848365073;0,2626195974925767;0,0044512744422659;0,0389016018306636;0,0476190476190476;0,0227272727272727;0,3195112471457028;0,2188185097114885;0,3195112471457028;0,256607716800962;-0,0336791689531498;0,3271351351351351;0,6399011735639284;0,4544071413529896;0,1194419818482873;0,0629570842247739;0,9867060561299852;0,9742710120068612;0,954267547077525;0,87100251527129;0,8130979874628835;0,2957447935986434;0,9376430205949656;0,9126984126984128;0,9318181818181818
UNSW-NB15;RANDOM_LINF;distributive;10;15;1024;2;15,847653865814207;23,56759119033813;16,669095855803327;0,5793980469319341;0,6752982993752572;0,5793980469319341;0,6126210160449843;0,4595962815634282;0,3836756756756757;0,0840907085502514;0,6161585870189082;0,1834330887229043;0,2529652785197198;0,3205317577548006;0,3259005145797599;0,1146979701638542;0,0992633848365073;0,2626195974925767;0,0044512744422659;0,0389016018306636;0,0476190476190476;0,0227272727272727;0,4127070883739008;0,4447619088842762;0,4127070883739008;0,298087155485748;0,0413562179325931;0,1363513513513513;0,79859701755934;0,5540570615223201;0,1177565955038321;0,0812273840170694;0,8330871491875923;0,8267581475128645;0,789190511127415;0,8168343514193317;0,7980864401187727;0,7942875311324255;0,767162471395881;0,783068783068783;0,7045454545454546
UNSW-NB15;RANDOM_L2;distributive;10;15;1024;2;15,847653865814207;23,735445022583008;16,511198561920025;0,5793980469319341;0,6752982993752572;0,5793980469319341;0,6126210160449843;0,4595962815634282;0,3836756756756757;0,0840907085502514;0,6161585870189082;0,1834330887229043;0,2529652785197198;0,3205317577548006;0,3259005145797599;0,1146979701638542;0,0992633848365073;0,2626195974925767;0,0044512744422659;0,0389016018306636;0,0476190476190476;0,0227272727272727;0,4142860613127338;0,3878039921424125;0,4142860613127338;0,2985248731585111;0,0437056326202733;0,1322432432432432;0,7987073149210271;0,550437380256197;0,1165843428986952;0,081389224909262;0,8227474150664698;0,8284734133790738;0,8131572511616532;0,8133309378368667;0,7982514021774991;0,7903131789518308;0,7745995423340961;0,7724867724867724;0,7954545454545454
UNSW-NB15;FGSM;distributive;10;15;1024;3;16,05499267578125;27,44255423545837;19,152941748044505;0,6037749599183793;0,7462354292083168;0,6037749599183793;0,6401573443070369;0,5057600443630331;0,3962702702702703;0,0251698579369981;0,5992267102741489;0,1658709307700621;0,2668285836481294;0,0369276218611521;0,0514579759862778;0,0471998043531425;0,038896873877111;0,0546024414384691;0,0023846113083567;0,0231693363844393;0,0079365079365079;0,0;0,4122455424379342;0,2575562042148224;0,4122455424379342;0,3089175795192178;0,0860419969244083;0,1885135135135135;0,678439071737404;0,487925930718135;0,1154959952922419;0,0860844130198696;0,9630723781388478;0,9656946826758148;0,8931279041330399;0,645795903701042;0,7744968657208842;0,5648879232685072;0,8704233409610984;0,6984126984126984;0,8409090909090909
UNSW-NB15;RANDOM_LINF;distributive;10;15;1024;3;16,05499267578125;24,338382244110107;23,119807608220377;0,6037749599183793;0,7462354292083168;0,6037749599183793;0,6401573443070369;0,5057600443630331;0,3962702702702703;0,0251698579369981;0,5992267102741489;0,1658709307700621;0,2668285836481294;0,0369276218611521;0,0514579759862778;0,0471998043531425;0,038896873877111;0,0546024414384691;0,0023846113083567;0,0231693363844393;0,0079365079365079;0,0;0,3725768838361755;0,4317177193270746;0,3725768838361755;0,286494550371108;0,0320514950711471;0,2588378378378378;0,6703873643342452;0,5414246779313618;0,1251936669275153;0,0788867484196826;0,6602658788774003;0,6483704974271012;0,6449009537784299;0,7053539346029465;0,6618277796106895;0,6635578400720683;0,648741418764302;0,6534391534391535;0,6136363636363636
UNSW-NB15;RANDOM_L2;distributive;10;15;1024;3;16,05499267578125;23,57175898551941;22,710489238692126;0,6037749599183793;0,7462354292083168;0,6037749599183793;0,6401573443070369;0,5057600443630331;0,3962702702702703;0,0251698579369981;0,5992267102741489;0,1658709307700621;0,2668285836481294;0,0369276218611521;0,0514579759862778;0,0471998043531425;0,038896873877111;0,0546024414384691;0,0023846113083567;0,0231693363844393;0,0079365079365079;0,0;0,376670067531458;0,3552080878073076;0,376670067531458;0,2876378405161012;0,0328841303452692;0,2432432432432432;0,6798508779669991;0,5387708463719235;0,1235584942371301;0,077843062782751;0,6957163958641064;0,6466552315608919;0,6791391538273417;0,7253862738052461;0,673045199604091;0,6602723756027767;0,6556064073226545;0,6693121693121693;0,7727272727272727
UNSW-NB15;FGSM;distributive;10;15;2048;2;16,091981887817383;26,845216751098636;19,506388767429435;0,606519943642812;0,7289076864524549;0,606519943642812;0,6366283036370805;0,5023073030651611;0,3865945945945946;0,0442513015088679;0,5999878564045444;0,1528937373592091;0,2689076794906399;0,0590841949778434;0,0360205831903945;0,0437759843482514;0,0636902623068631;0,0836357637743319;0,0202956918022362;0,0426201372997711;0,0396825396825396;0,0681818181818181;0,4114560559685177;0,227849499175173;0,4114560559685177;0,2899642927929565;0,0250239635832075;0,1162162162162162;0,8150313244507191;0,529742386231205;0,1539562484447346;0,0723414079904154;0,9970457902511078;0,9931389365351628;0,9496209342137442;0,8962450592885376;0,8693500494886176;0,6763287584123788;0,9731121281464532;0,9444444444444444;0,9318181818181818
UNSW-NB15;RANDOM_LINF;distributive;10;15;2048;2;16,091981887817383;26,71945643424988;21,13637467813244;0,606519943642812;0,7289076864524549;0,606519943642812;0,6366283036370805;0,5023073030651611;0,3865945945945946;0,0442513015088679;0,5999878564045444;0,1528937373592091;0,2689076794906399;0,0590841949778434;0,0360205831903945;0,0437759843482514;0,0636902623068631;0,0836357637743319;0,0202956918022362;0,0426201372997711;0,0396825396825396;0,0681818181818181;0,3951561968614876;0,3894281210872857;0,3951561968614876;0,2993994195481606;0,0536755129640746;0,2017837837837837;0,6934395129268508;0,5507785149955001;0,1404306095106169;0,0833521013390672;0,6011816838995568;0,6466552315608919;0,6409880166299828;0,7255659360402443;0,6862421643022105;0,7037252927772774;0,6404462242562929;0,6428571428571429;0,7045454545454546
UNSW-NB15;RANDOM_L2;distributive;10;15;2048;2;16,091981887817383;26,52714228630066;21,345284943885733;0,606519943642812;0,7289076864524549;0,606519943642812;0,6366283036370805;0,5023073030651611;0,3865945945945946;0,0442513015088679;0,5999878564045444;0,1528937373592091;0,2689076794906399;0,0590841949778434;0,0360205831903945;0,0437759843482514;0,0636902623068631;0,0836357637743319;0,0202956918022362;0,0426201372997711;0,0396825396825396;0,0681818181818181;0,3930670942039547;0,3823052088940141;0,3930670942039547;0,2979588747683097;0,0492491964947022;0,2046216216216216;0,696902850083826;0,5546536947029242;0,1383915704166702;0,0826345442911514;0,6425406203840472;0,62778730703259;0,6600635852286623;0,734099892202659;0,6773342131309799;0,7029304223411584;0,648741418764302;0,6613756613756614;0,7045454545454546
UNSW-NB15;FGSM;distributive;10;15;2048;3;16,057204961776733;22,601845026016235;24,63076325122674;0,6254068891803916;0,7529307433786602;0,6254068891803916;0,6543465057948576;0,5335283475365529;0,3818918918918919;0,0276846377834642;0,598778884896806;0,1704735639151646;0,2803061841100307;0,1063515509601181;0,039451114922813;0,0193201271704573;0,0330578512396694;0,1052457934675024;0,0020666631339091;0,0088672768878718;0,0132275132275132;0,0;0,3790992566681241;0,2315859966207056;0,3790992566681241;0,2624163111055009;-0,057856554227552;0,169027027027027;0,8931880349422042;0,4572507808689049;0,1055817089895461;0,0626215166300004;0,9926144756277696;0,9897084048027444;0,9596478356566398;0,9537369744879628;0,8165621906961399;0,8473848762651688;0,9633867276887872;0,925925925925926;0,9318181818181818
UNSW-NB15;RANDOM_LINF;distributive;10;15;2048;3;16,057204961776733;23,48470616340637;20,4707768546859;0,6254068891803916;0,7529307433786602;0,6254068891803916;0,6543465057948576;0,5335283475365529;0,3818918918918919;0,0276846377834642;0,598778884896806;0,1704735639151646;0,2803061841100307;0,1063515509601181;0,039451114922813;0,0193201271704573;0,0330578512396694;0,1052457934675024;0,0020666631339091;0,0088672768878718;0,0132275132275132;0,0;0,4206991206335325;0,4249887512143204;0,4206991206335325;0,2937647139039524;0,0286750105565757;0,1054594594594594;0,8590840907085503;0,5407328212931382;0,1211187289947323;0,0780183623928547;0,8729689807976366;0,8730703259005146;0,8434825140621178;0,8574380165289256;0,8594523259650281;0,8687933866779715;0,8286613272311213;0,828042328042328;0,7954545454545454
UNSW-NB15;RANDOM_L2;distributive;10;15;2048;3;16,057204961776733;23,486304998397827;20,712481173784187;0,6254068891803916;0,7529307433786602;0,6254068891803916;0,6543465057948576;0,5335283475365529;0,3818918918918919;0,0276846377834642;0,598778884896806;0,1704735639151646;0,2803061841100307;0,1063515509601181;0,039451114922813;0,0193201271704573;0,0330578512396694;0,1052457934675024;0,0020666631339091;0,0088672768878718;0,0132275132275132;0,0;0,4182820774425497;0,3536058322553737;0,4182820774425497;0,2907685214316534;0,0204453447397714;0,1053783783783783;0,8644004235418689;0,5430058146908722;0,1197039336231821;0,0762370513088926;0,8744460856720827;0,8867924528301887;0,8498410369283443;0,877200862378728;0,8531837677334213;0,866938688993694;0,8438215102974829;0,8306878306878307;0,9090909090909092
UNSW-NB15;FGSM;distributive;10;20;1024;2;12,753917694091797;15,278370141983032;16,966671525044934;0,5928557547490647;0,7459769449368809;0,5928557547490647;0,6270590857303533;0,491686710018628;0,3897297297297297;0,0355378099355863;0,6232496846593223;0,1776720978597017;0,2757155452455033;0,0236336779911373;0,0343053173241852;0,0364392271949131;0,056593604024434;0,0973276146486308;0,0031794817444756;0,0366132723112128;0,0476190476190476;0,0;0,4231890394986153;0,2279331868354388;0,4231890394986153;0,2913419316683348;0,026407899204415;0,0888918918918919;0,8695623400688256;0,5025841447294014;0,1510278636823545;0,0736399906902308;0,9926144756277696;0,9914236706689536;0,9733431156762044;0,897592526051024;0,9034971956450016;0,7906311271262784;0,9716819221967964;0,9523809523809524;0,9772727272727272
UNSW-NB15;RANDOM_LINF;distributive;10;20;1024;2;12,753917694091797;14,09835410118103;16,739542340766643;0,5928557547490647;0,7459769449368809;0,5928557547490647;0,6270590857303533;0,491686710018628;0,3897297297297297;0,0355378099355863;0,6232496846593223;0,1776720978597017;0,2757155452455033;0,0236336779911373;0,0343053173241852;0,0364392271949131;0,056593604024434;0,0973276146486308;0,0031794817444756;0,0366132723112128;0,0476190476190476;0,0;0,4254603313413982;0,4163956847312274;0,4254603313413982;0,2942528705554019;0,0294618542136874;0,0881351351351351;0,8779449395570458;0,5656448122442304;0,130750408164965;0,0779997007628803;0,8774002954209749;0,8644939965694682;0,8625580826607973;0,8792669780812074;0,872814252721874;0,8858566053733241;0,8615560640732265;0,8597883597883598;0,9318181818181818
UNSW-NB15;RANDOM_L2;distributive;10;20;1024;2;12,753917694091797;14,186408281326294;16,71525044939999;0,5928557547490647;0,7459769449368809;0,5928557547490647;0,6270590857303533;0,491686710018628;0,3897297297297297;0,0355378099355863;0,6232496846593223;0,1776720978597017;0,2757155452455033;0,0236336779911373;0,0343053173241852;0,0364392271949131;0,056593604024434;0,0973276146486308;0,0031794817444756;0,0366132723112128;0,0476190476190476;0,0;0,4257032502550648;0,4215688124629944;0,4257032502550648;0,2956046451018055;0,031795928655039;0,0906216216216216;0,8752757434042178;0,5652687258961333;0,1290497807447091;0,0793430631549698;0,8818316100443131;0,8747855917667239;0,8703839569576913;0,8712720086237873;0,8675354668426262;0,8829950718032961;0,8658466819221968;0,8624338624338624;0,8636363636363636
UNSW-NB15;FGSM;distributive;10;20;1024;3;12,660670042037964;17,147928714752197;26,561968614876356;0,6097264733032114;0,7273710511978247;0,6097264733032114;0,6396985082989399;0,5111319805892176;0,395054054054054;0,0311920938851142;0,6230911322437882;0,1716020850733453;0,2730008910828044;0,0280649926144756;0,0222984562607204;0,0396184886280264;0,0551563061444484;0,0542725173210161;0,0075247734619257;0,0357551487414187;0,0264550264550264;0,0;0,3441067871544478;0,2232796714934302;0,3441067871544478;0,2689564098459511;-0,0100295581658263;0,288;0,673519809406159;0,4813898829154175;0,11960397752433;0,0698373235456315;0,9497784342688332;0,9571183533447684;0,9190511127415016;0,8120733021918792;0,8322335862751568;0,4166180912511261;0,9270594965675056;0,91005291005291;0,9318181818181818
UNSW-NB15;RANDOM_LINF;distributive;10;20;1024;3;12,660670042037964;16,726442098617554;21,970801146577276;0,6097264733032114;0,7273710511978247;0,6097264733032114;0,6396985082989399;0,5111319805892176;0,395054054054054;0,0311920938851142;0,6230911322437882;0,1716020850733453;0,2730008910828044;0,0280649926144756;0,0222984562607204;0,0396184886280264;0,0551563061444484;0,0542725173210161;0,0075247734619257;0,0357551487414187;0,0264550264550264;0,0;0,3900184618374386;0,3939695978755331;0,3900184618374386;0,2960517695868043;0,0421398430362001;0,2031081081081081;0,7408012000352951;0,5707552753267974;0,1329522427370917;0,09080391576547;0,6410635155096012;0,6912521440823327;0,6617754952311079;0,727901545095221;0,7380402507423293;0,7854379736103015;0,6739130434782609;0,6798941798941799;0,6136363636363636
UNSW-NB15;RANDOM_L2;distributive;10;20;1024;3;12,660670042037964;16,61296796798706;21,64164601855901;0,6097264733032114;0,7273710511978247;0,6097264733032114;0,6396985082989399;0,5111319805892176;0,395054054054054;0,0311920938851142;0,6230911322437882;0,1716020850733453;0,2730008910828044;0,0280649926144756;0,0222984562607204;0,0396184886280264;0,0551563061444484;0,0542725173210161;0,0075247734619257;0,0357551487414187;0,0264550264550264;0,0;0,3933100131176213;0,4116875609519835;0,3933100131176213;0,2972884640673264;0,0442826964237395;0,1934594594594594;0,7452792729197918;0,5669829205370558;0,1309837450096719;0,0908487986925834;0,6794682422451994;0,6672384219554031;0,6566397652237711;0,735896514552641;0,7370504783899703;0,7889354035292248;0,6893592677345538;0,6878306878306878;0,75
UNSW-NB15;FGSM;distributive;10;20;2048;2;12,45015001296997;16,513606548309326;25,655881066899877;0,6230991595005587;0,7289127147790619;0,6230991595005587;0,6459700728302518;0,5255413615167658;0,3979459459459459;0,0448248477896408;0,6225352502551499;0,1794009457599713;0,2798827697038879;0,0620384047267356;0,0428816466552315;0,036928344338469;0,0483291412145167;0,1214120752226987;0,0051931535159768;0,1092677345537757;0,1534391534391534;0,0454545454545454;0,36654034883156;0,2055115639158987;0,36654034883156;0,261355466373686;-0,0588060381481515;0,2152162162162162;0,8532603900114709;0,4879793724631038;0,1076124539076795;0,0646068985119237;0,9926144756277696;0,9828473413379074;0,9386157984837368;0,8967840459935321;0,8551633124381393;0,8350908801865295;0,6804919908466819;0,671957671957672;0,8636363636363636
UNSW-NB15;RANDOM_LINF;distributive;10;20;2048;2;12,45015001296997;16,194647789001465;21,90399844531895;0,6230991595005587;0,7289127147790619;0,6230991595005587;0,6459700728302518;0,5255413615167658;0,3979459459459459;0,0448248477896408;0,6225352502551499;0,1794009457599713;0,2798827697038879;0,0620384047267356;0,0428816466552315;0,036928344338469;0,0483291412145167;0,1214120752226987;0,0051931535159768;0,1092677345537757;0,1534391534391534;0,0454545454545454;0,4040591750473692;0,411746711257586;0,4040591750473692;0,3006365971499991;0,0561593534006247;0,1668648648648648;0,7143739521750639;0,5705734222530336;0,1342636310167434;0,0809381736713096;0,5834564254062038;0,5694682675814752;0,6255808266079727;0,7798239310097017;0,7395249092708677;0,7021355519050395;0,6836384439359268;0,7063492063492064;0,6363636363636364
UNSW-NB15;RANDOM_L2;distributive;10;20;2048;2;12,45015001296997;15,939550876617432;21,724238449205657;0,6230991595005587;0,7289127147790619;0,6230991595005587;0,6459700728302518;0,5255413615167658;0,3979459459459459;0,0448248477896408;0,6225352502551499;0,1794009457599713;0,2798827697038879;0,0620384047267356;0,0428816466552315;0,036928344338469;0,0483291412145167;0,1214120752226987;0,0051931535159768;0,1092677345537757;0,1534391534391534;0,0454545454545454;0,4058567750085021;0,4187129684861413;0,4058567750085021;0,3012654603640091;0,0571721104893236;0,162027027027027;0,7195138092296832;0,5744062993128247;0,1336898445697619;0,0814624905748959;0,6174298375184638;0,5934819897084048;0,6436781609195402;0,782608695652174;0,7448036951501155;0,7015526469185522;0,6987986270022883;0,7275132275132276;0,8409090909090909
UNSW-NB15;FGSM;distributive;10;20;2048;3;12,581891536712646;20,04651165008545;36,65524947772434;0,5886532575426323;0,6743818382521054;0,5886532575426323;0,6063824622763252;0,4571500655594712;0,3779459459459459;0,178019941762993;0,6383587859019547;0,2013568804731892;0,278489324904047;0,5125553914327917;0,5214408233276158;0,1301051601858645;0,1119295724038807;0,255361266908611;0,2103227173970643;0,0323226544622425;0,0264550264550264;0,0227272727272727;0,2221007627653889;0,2274092466894321;0,2221007627653889;0,2089614151404928;-0,0269527086909253;0,6292432432432432;0,3344436601076502;0,4734913722142513;0,1028525993216937;0,0583058800452845;0,7518463810930576;0,7169811320754716;0,6378087551968696;0,5828242903341717;0,6298251402177499;0,028509352975465;0,1965102974828375;0,2195767195767195;0,2727272727272727
UNSW-NB15;RANDOM_LINF;distributive;10;20;2048;3;12,581891536712646;18,63241481781006;24,197152990331837;0,5886532575426323;0,6743818382521054;0,5886532575426323;0,6063824622763252;0,4571500655594712;0,3779459459459459;0,178019941762993;0,6383587859019547;0,2013568804731892;0,278489324904047;0,5125553914327917;0,5214408233276158;0,1301051601858645;0,1119295724038807;0,255361266908611;0,2103227173970643;0,0323226544622425;0,0264550264550264;0,0227272727272727;0,346681727639314;0,4874701622486641;0,346681727639314;0,2984958730574263;0,0905610594274091;0,375;0,4034015706344304;0,5804865050840525;0,1470384382666067;0,0871076407868101;0,3485967503692762;0,3825042881646655;0,3893372462704818;0,5117678763923823;0,4808644011877268;0,3096285305495204;0,4590961098398169;0,41005291005291;0,4772727272727273
UNSW-NB15;RANDOM_L2;distributive;10;20;2048;3;12,581891536712646;18,71627187728882;24,363552446193463;0,5886532575426323;0,6743818382521054;0,5886532575426323;0,6063824622763252;0,4571500655594712;0,3779459459459459;0,178019941762993;0,6383587859019547;0,2013568804731892;0,278489324904047;0,5125553914327917;0,5214408233276158;0,1301051601858645;0,1119295724038807;0,255361266908611;0,2103227173970643;0,0323226544622425;0,0264550264550264;0,0227272727272727;0,3450177330806976;0,4514086702325068;0,3450177330806976;0,2963344856457666;0,0861556596184975;0,376027027027027;0,4103723638930557;0,5926411871830239;0,1453015828856204;0,0859624272406075;0,3545051698670605;0,3670668953687822;0,4018097334311568;0,5155407833273445;0,4937314417683933;0,3146627099782735;0,4691075514874142;0,4497354497354497;0,5909090909090909
UNSW-NB15;FGSM;distributive;16;10;2048;2;156,46639389987104;84,00059999991208;10,61312733809454;0,5242675994752951;0,6889085175667801;0,5242675994752951;0,5695981817802239;0,3983865230171065;0,3938108108108108;0,0990249713226859;0,5936837758947513;0,1590797020209207;0,2323008953646544;0,0960118168389955;0,0909090909090909;0,0445096600635852;0,0415019762845849;0,1238865061035961;0,1541518732446611;0,017162471395881;0,0158730158730158;0,0227272727272727;0,4181363260943497;0,2226310860881909;0,4181363260943497;0,2817153258186384;0,0112928721302487;0,0718378378378378;0,8538780552369187;0,4712671884531875;0,0989686949548135;0,0635527707076438;0,9852289512555392;0,9879931389365352;0,984103692834434;0,9882321236076176;0,9579346750247444;0,6753219225266281;0,994279176201373;0,984126984126984;0,9318181818181818
UNSW-NB15;RANDOM_LINF;distributive;16;10;2048;2;156,46639389987104;66,23270439985208;8,559247923043284;0,5242675994752951;0,6889085175667801;0,5242675994752951;0,5695981817802239;0,3983865230171065;0,3938108108108108;0,0990249713226859;0,5936837758947513;0,1590797020209207;0,2323008953646544;0,0960118168389955;0,0909090909090909;0,0445096600635852;0,0415019762845849;0,1238865061035961;0,1541518732446611;0,017162471395881;0,0158730158730158;0,0227272727272727;0,4386751202448622;0,3548763201076714;0,4386751202448622;0,2884548327400779;0,0218782843666662;0,04;0,9391158563487162;0,5479847072739755;0,1412407243413951;0,0708599854619779;0,9217134416543574;0,9176672384219554;0,9280997798972854;0,945203018325548;0,9373144176839326;0,9427163372370304;0,926487414187643;0,917989417989418;0,8636363636363636
UNSW-NB15;RANDOM_L2;distributive;16;10;2048;2;156,46639389987104;64,1424450003542;8,606617111208276;0,5242675994752951;0,6889085175667801;0,5242675994752951;0,5695981817802239;0,3983865230171065;0,3938108108108108;0,0990249713226859;0,5936837758947513;0,1590797020209207;0,2323008953646544;0,0960118168389955;0,0909090909090909;0,0445096600635852;0,0415019762845849;0,1238865061035961;0,1541518732446611;0,017162471395881;0,0158730158730158;0,0227272727272727;0,4382014283632123;0,3922685624947936;0,4382014283632123;0,2871278028571143;0,0178707511877355;0,0392702702702702;0,9423806582546546;0,5435140603180135;0,1389224719817114;0,0699888410584126;0,948301329394387;0,9279588336192108;0,9290780141843972;0,950413223140496;0,9341801385681292;0,9450479571829792;0,933066361556064;0,9470899470899472;0,9318181818181818
UNSW-NB15;FGSM;distributive;16;20;2048;2;87,16135780001059;35,203613999765366;26,135645921391436;0,6287470242433075;0,7545774190422244;0,6287470242433075;0,6525778334402556;0,529781199410054;0,3626216216216216;0,049435277508162;0,625854158540258;0,1871766062090915;0,2865421647172023;0,0945347119645494;0,0634648370497427;0,0381511371973587;0,0361121092346388;0,1451666116793137;0,0320597742567961;0,022883295194508;0,0423280423280423;0,0227272727272727;0,3673905650293932;0,2017008731221433;0,3673905650293932;0,2602039625319604;-0,0520137707624208;0,1852432432432432;0,8263037148151416;0,477821143678674;0,0940400118771442;0,0585487493674184;0,9852289512555392;0,9965694682675816;0,9880166299828808;0,9910168882500898;0,9071263609369844;0,6246621800646495;0,9822654462242564;0,9867724867724867;1,0
UNSW-NB15;RANDOM_LINF;distributive;16;20;2048;2;87,16135780001059;30,64497009990737;19,273186610309477;0,6287470242433075;0,7545774190422244;0,6287470242433075;0,6525778334402556;0,529781199410054;0,3626216216216216;0,049435277508162;0,625854158540258;0,1871766062090915;0,2865421647172023;0,0945347119645494;0,0634648370497427;0,0381511371973587;0,0361121092346388;0,1451666116793137;0,0320597742567961;0,022883295194508;0,0423280423280423;0,0227272727272727;0,4360151581402128;0,4279734645863422;0,4360151581402128;0,2933013524766091;0,0322139011646313;0,0562432432432432;0,9129092032118592;0,5675952956498084;0,1380121768407238;0,0749716989607132;0,9202363367799112;0,9056603773584906;0,8877476155539251;0,9105282069708948;0,9077862091718903;0,9244343172062952;0,8973112128146453;0,8994708994708994;0,9545454545454546
UNSW-NB15;RANDOM_L2;distributive;16;20;2048;2;87,16135780001059;31,000665799947456;19,33270174415779;0,6287470242433075;0,7545774190422244;0,6287470242433075;0,6525778334402556;0,529781199410054;0,3626216216216216;0,049435277508162;0,625854158540258;0,1871766062090915;0,2865421647172023;0,0945347119645494;0,0634648370497427;0,0381511371973587;0,0361121092346388;0,1451666116793137;0,0320597742567961;0,022883295194508;0,0423280423280423;0,0227272727272727;0,4354200068017296;0,3703057447013993;0,4354200068017296;0,2912579511197993;0,0258042432096756;0,0547837837837837;0,9210932674490426;0,5643614291578223;0,1354291897253849;0,0733772813299574;0,9098966026587888;0,9296740994854202;0,9134262655906088;0,9189723320158104;0,9100956779940612;0,9306872979704308;0,9041762013729976;0,9285714285714286;0,9090909090909092
UNSW-NB15;FGSM;distributive;32;10;2048;2;310,2648355001584;161,8570913001895;23,26555895642034;0,6324758295680901;0,7360810041622985;0,6324758295680901;0,6596067045609648;0,538925183382528;0,3839459459459459;0,030397952880967;0,5968651580087169;0,1541238664187924;0,289687440845033;0,121122599704579;0,1029159519725557;0,0396184886280264;0,0438375853395616;0,0739030023094688;0,003603412643739;0,0185926773455377;0,0132275132275132;0,0;0,3998202400038867;0,2342811849157675;0,3998202400038867;0,2911986227928908;0,0301159201586603;0,1458918918918919;0,7581178858201711;0,4491137476293901;0,1130353495613296;0,0726416124334587;0,9807976366322008;0,9777015437392796;0,9435069699192956;0,87899748472871;0,8612669086110195;0,555508452122304;0,9733981693363843;0,9153439153439152;0,8409090909090909
UNSW-NB15;RANDOM_LINF;distributive;32;10;2048;2;310,2648355001584;127,65403510024773;21,659864937083995;0,6324758295680901;0,7360810041622985;0,6324758295680901;0,6596067045609648;0,538925183382528;0,3839459459459459;0,030397952880967;0,5968651580087169;0,1541238664187924;0,289687440845033;0,121122599704579;0,1029159519725557;0,0396184886280264;0,0438375853395616;0,0739030023094688;0,003603412643739;0,0185926773455377;0,0132275132275132;0,0;0,4158771801972502;0,2994190661893992;0,4158771801972502;0,3021264753739676;0,0534445645228985;0,134054054054054;0,7777949351451513;0,5520998034408984;0,1407039222330782;0,0835647178294839;0,7163958641063516;0,6878216123499142;0,7040841281486916;0,7987782968020122;0,7418343780930386;0,8079063112712628;0,7294050343249427;0,7328042328042328;0,7272727272727273
UNSW-NB15;RANDOM_L2;distributive;32;10;2048;2;310,2648355001584;125,656556799775;21,38901034834572;0,6324758295680901;0,7360810041622985;0,6324758295680901;0,6596067045609648;0,538925183382528;0,3839459459459459;0,030397952880967;0,5968651580087169;0,1541238664187924;0,289687440845033;0,121122599704579;0,1029159519725557;0,0396184886280264;0,0438375853395616;0,0739030023094688;0,003603412643739;0,0185926773455377;0,0132275132275132;0,0;0,4185857260846329;0,320084090672199;0,4185857260846329;0,3017723259577484;0,0505839835731235;0,127027027027027;0,7995896938145239;0,5502014093438354;0,1391963386834536;0,0838245433365533;0,7296898079763663;0,7427101200686106;0,7324529224749328;0,8062342795544376;0,7655889145496536;0,8345609665624503;0,7522883295194508;0,7857142857142857;0,75
UNSW-NB15;FGSM;distributive;32;20;2048;2;165,28381570009515;62,190049400087446;30,14988096973229;0,6662172666763834;0,766147515164865;0,6662172666763834;0,6955336221555751;0,5763818894953697;0,341;0,0498102885378981;0,640568496689083;0,1892435756402644;0,3492924051832272;0,0812407680945347;0,0343053173241852;0,0366837857666911;0,0518325547969816;0,1238865061035961;0,0036564040061469;0,1753432494279176;0,0608465608465608;0,0;0,3647184569790604;0,2093531839945114;0,3647184569790604;0,2628670769146471;-0,0450512750556864;0,1984594594594594;0,8002955969293214;0,4566666900940402;0,1041537039428652;0,0607560790912606;0,9748892171344166;0,9897084048027444;0,9657617999510882;0,9672116421128278;0,8574727812603101;0,5995442742832918;0,9756864988558352;0,9576719576719576;0,9318181818181818
UNSW-NB15;RANDOM_LINF;distributive;32;20;2048;2;165,28381570009515;59,66199689987116;23,32507409026866;0,6662172666763834;0,766147515164865;0,6662172666763834;0,6955336221555751;0,5763818894953697;0,341;0,0498102885378981;0,640568496689083;0,1892435756402644;0,3492924051832272;0,0812407680945347;0,0343053173241852;0,0366837857666911;0,0518325547969816;0,1238865061035961;0,0036564040061469;0,1753432494279176;0,0608465608465608;0,0;0,4329665257736967;0,2473963557004914;0,4329665257736967;0,2963732265726884;0,0410814384950937;0,0715945945945946;0,8800847083737757;0,5807374502123006;0,1368425039220107;0,0766393821275291;0,8508124076809453;0,8542024013722127;0,8385913426265591;0,8834890406036651;0,8644011877268228;0,9029728154310848;0,8366704805491991;0,8386243386243386;0,8181818181818182
UNSW-NB15;RANDOM_L2;distributive;32;20;2048;2;165,28381570009515;59,70231320033781;23,270417334693672;0,6662172666763834;0,766147515164865;0,6662172666763834;0,6955336221555751;0,5763818894953697;0,341;0,0498102885378981;0,640568496689083;0,1892435756402644;0,3492924051832272;0,0812407680945347;0,0343053173241852;0,0366837857666911;0,0518325547969816;0,1238865061035961;0,0036564040061469;0,1753432494279176;0,0608465608465608;0,0;0,4335130933294466;0,4079218181629521;0,4335130933294466;0,2949111672895594;0,0366167545757554;0,0674594594594594;0,8916218124062473;0,5787940719647117;0,1357034006825029;0,0755815921787524;0,8847858197932054;0,8799313893653516;0,855221325507459;0,89399928135106;0,8680303530188057;0,9135180965502624;0,8535469107551488;0,8809523809523809;0,9090909090909092
UNSW-NB15;C&W;distributive;16;10;2048;2;151,79469020012766;594,190369799966;0,0;0,5242675994752951;0,6889085175667801;0,5242675994752951;0,5695981817802239;0,3983865230171065;0,3938108108108108;0,0990249713226859;0,5936837758947513;0,1590797020209207;0,2323008953646544;0,0960118168389955;0,0909090909090909;0,0445096600635852;0,0415019762845849;0,1238865061035961;0,1541518732446611;0,017162471395881;0,0158730158730158;0,0227272727272727;0,5242675994752951;0,6889085175667801;0,5242675994752951;0,5695981817802239;0,3983865230171065;0,3938108108108108;0,0990249713226859;0,5936837758947513;0,1590797020209207;0,2323008953646544;0,0960118168389955;0,0909090909090909;0,0445096600635852;0,0415019762845849;0,1238865061035961;0,1541518732446611;0,017162471395881;0,0158730158730158;0,0227272727272727
UNSW-NB15;C&W;distributive;16;20;2048;2;83,90879629994743;250,0384871000424;0,0;0,6287470242433075;0,7545774190422244;0,6287470242433075;0,6525778334402556;0,529781199410054;0,3626216216216216;0,049435277508162;0,625854158540258;0,1871766062090915;0,2865421647172023;0,0945347119645494;0,0634648370497427;0,0381511371973587;0,0361121092346388;0,1451666116793137;0,0320597742567961;0,022883295194508;0,0423280423280423;0,0227272727272727;0,6287470242433075;0,7545774190422244;0,6287470242433075;0,6525778334402556;0,529781199410054;0,3626216216216216;0,049435277508162;0,625854158540258;0,1871766062090915;0,2865421647172023;0,0945347119645494;0,0634648370497427;0,0381511371973587;0,0361121092346388;0,1451666116793137;0,0320597742567961;0,022883295194508;0,0423280423280423;0,0227272727272727
UNSW-NB15;C&W;distributive;32;10;2048;2;351,7121651000343;1144,791495700134;0,0;0,6324758295680901;0,7360810041622985;0,6324758295680901;0,6596067045609648;0,538925183382528;0,3839459459459459;0,030397952880967;0,5968651580087169;0,1541238664187924;0,289687440845033;0,121122599704579;0,1029159519725557;0,0396184886280264;0,0438375853395616;0,0739030023094688;0,003603412643739;0,0185926773455377;0,0132275132275132;0,0;0,6324758295680901;0,7360810041622985;0,6324758295680901;0,6596067045609648;0,538925183382528;0,3839459459459459;0,030397952880967;0,5968651580087169;0,1541238664187924;0,289687440845033;0,121122599704579;0,1029159519725557;0,0396184886280264;0,0438375853395616;0,0739030023094688;0,003603412643739;0,0185926773455377;0,0132275132275132;0,0
UNSW-NB15;C&W;distributive;32;20;2048;2;165,57542339991778;491,6581080001779;0,0;0,6662172666763834;0,766147515164865;0,6662172666763834;0,6955336221555751;0,5763818894953697;0,341;0,0498102885378981;0,640568496689083;0,1892435756402644;0,3492924051832272;0,0812407680945347;0,0343053173241852;0,0366837857666911;0,0518325547969816;0,1238865061035961;0,0036564040061469;0,1753432494279176;0,0608465608465608;0,0;0,6662172666763834;0,766147515164865;0,6662172666763834;0,6955336221555751;0,5763818894953697;0,341;0,0498102885378981;0,640568496689083;0,1892435756402644;0,3492924051832272;0,0812407680945347;0,0343053173241852;0,0366837857666911;0,0518325547969816;0,1238865061035961;0,0036564040061469;0,1753432494279176;0,0608465608465608;0,0
UNSW-NB15;C&W;distributive;1;5;1024;2;30,05248859990388;114,33925800025465;-0,0012145945683328;0,1752781421561483;0,4487726183760863;0,1752781421561483;0,2329487094863762;0,0818915969656493;0,6813513513513514;0,011250330892085;0,5397556339795445;0,1726714717405595;0,0817952887679603;0,0679468242245199;0,0120068610634648;0,0171191000244558;0,0316205533596837;0,0019795447047179;0,0011658099729744;0,0002860411899313;0,0;0,0;0,1752902881018316;0,4487742295791839;0,1752902881018316;0,2329626988213208;0,0819013181644192;0,6813243243243243;0,011250330892085;0,5397504842693528;0,1726722896352762;0,0817985360572526;0,0679468242245199;0,0120068610634648;0,0171191000244558;0,0316205533596837;0,0019795447047179;0,0011658099729744;0,0002860411899313;0,0;0,0
UNSW-NB15;C&W;distributive;1;5;1024;3;30,11158169992268;115,99466080032288;-0,0012145945683328;0,1752781421561483;0,4487726183760863;0,1752781421561483;0,2329487094863762;0,0818915969656493;0,6813513513513514;0,011250330892085;0,5397556339795445;0,1726714717405595;0,0817952887679603;0,0679468242245199;0,0120068610634648;0,0171191000244558;0,0316205533596837;0,0019795447047179;0,0011658099729744;0,0002860411899313;0,0;0,0;0,1752902881018316;0,4487742295791839;0,1752902881018316;0,2329626988213208;0,0819013181644192;0,6813243243243243;0,011250330892085;0,5397504842693528;0,1726722896352762;0,0817985360572526;0,0679468242245199;0,0120068610634648;0,0171191000244558;0,0316205533596837;0,0019795447047179;0,0011658099729744;0,0002860411899313;0,0;0,0
UNSW-NB15;C&W;distributive;1;5;2048;2;29,876531600020822;114,551880300045;-0,0012145945683328;0,1752781421561483;0,4487726183760863;0,1752781421561483;0,2329487094863762;0,0818915969656493;0,6813513513513514;0,011250330892085;0,5397556339795445;0,1726714717405595;0,0817952887679603;0,0679468242245199;0,0120068610634648;0,0171191000244558;0,0316205533596837;0,0019795447047179;0,0011658099729744;0,0002860411899313;0,0;0,0;0,1752902881018316;0,4487742295791839;0,1752902881018316;0,2329626988213208;0,0819013181644192;0,6813243243243243;0,011250330892085;0,5397504842693528;0,1726722896352762;0,0817985360572526;0,0679468242245199;0,0120068610634648;0,0171191000244558;0,0316205533596837;0,0019795447047179;0,0011658099729744;0,0002860411899313;0,0;0,0
UNSW-NB15;C&W;distributive;1;5;2048;3;29,923830300103877;115,77194910077378;-0,0012145945683328;0,1752781421561483;0,4487726183760863;0,1752781421561483;0,2329487094863762;0,0818915969656493;0,6813513513513514;0,011250330892085;0,5397556339795445;0,1726714717405595;0,0817952887679603;0,0679468242245199;0,0120068610634648;0,0171191000244558;0,0316205533596837;0,0019795447047179;0,0011658099729744;0,0002860411899313;0,0;0,0;0,1752902881018316;0,4487742295791839;0,1752902881018316;0,2329626988213208;0,0819013181644192;0,6813243243243243;0,011250330892085;0,5397504842693528;0,1726722896352762;0,0817985360572526;0,0679468242245199;0,0120068610634648;0,0171191000244558;0,0316205533596837;0,0019795447047179;0,0011658099729744;0,0002860411899313;0,0;0,0
UNSW-NB15;C&W;distributive;1;10;1024;2;22,057843700051308;62,03230620035902;0,0;0,2995797502793567;0,6738151189128584;0,2995797502793567;0,3379128083932942;0,2396074017570054;0,8668918918918919;0,002514779846466;0,5362385986230094;0,1615753115636866;0,1368872381704171;0,0;0,0102915951972555;0,0112496943017852;0,0037729069349622;0,0019795447047179;0,0003709395368554;0,0002860411899313;0,0;0,0;0,2995797502793567;0,6738151189128584;0,2995797502793567;0,3379128083932942;0,2396074017570054;0,8668918918918919;0,002514779846466;0,5362269123255604;0,1615757449169498;0,1368872381704171;0,0;0,0102915951972555;0,0112496943017852;0,0037729069349622;0,0019795447047179;0,0003709395368554;0,0002860411899313;0,0;0,0
UNSW-NB15;C&W;distributive;1;10;1024;3;24,50356710003689;62,19630640000105;0,0;0,2995797502793567;0,6738151189128584;0,2995797502793567;0,3379128083932942;0,2396074017570054;0,8668918918918919;0,002514779846466;0,5362385986230094;0,1615753115636866;0,1368872381704171;0,0;0,0102915951972555;0,0112496943017852;0,0037729069349622;0,0019795447047179;0,0003709395368554;0,0002860411899313;0,0;0,0;0,2995797502793567;0,6738151189128584;0,2995797502793567;0,3379128083932942;0,2396074017570054;0,8668918918918919;0,002514779846466;0,5362269123255604;0,1615757449169498;0,1368872381704171;0,0;0,0102915951972555;0,0112496943017852;0,0037729069349622;0,0019795447047179;0,0003709395368554;0,0002860411899313;0,0;0,0
UNSW-NB15;C&W;distributive;1;10;2048;2;21,75866620009765;61,86095079919323;0,0;0,2995797502793567;0,6738151189128584;0,2995797502793567;0,3379128083932942;0,2396074017570054;0,8668918918918919;0,002514779846466;0,5362385986230094;0,1615753115636866;0,1368872381704171;0,0;0,0102915951972555;0,0112496943017852;0,0037729069349622;0,0019795447047179;0,0003709395368554;0,0002860411899313;0,0;0,0;0,2995797502793567;0,6738151189128584;0,2995797502793567;0,3379128083932942;0,2396074017570054;0,8668918918918919;0,002514779846466;0,5362269123255604;0,1615757449169498;0,1368872381704171;0,0;0,0102915951972555;0,0112496943017852;0,0037729069349622;0,0019795447047179;0,0003709395368554;0,0002860411899313;0,0;0,0
UNSW-NB15;C&W;distributive;1;10;2048;3;22,439324399922043;62,28962729917839;0,0;0,2995797502793567;0,6738151189128584;0,2995797502793567;0,3379128083932942;0,2396074017570054;0,8668918918918919;0,002514779846466;0,5362385986230094;0,1615753115636866;0,1368872381704171;0,0;0,0102915951972555;0,0112496943017852;0,0037729069349622;0,0019795447047179;0,0003709395368554;0,0002860411899313;0,0;0,0;0,2995797502793567;0,6738151189128584;0,2995797502793567;0,3379128083932942;0,2396074017570054;0,8668918918918919;0,002514779846466;0,5362269123255604;0,1615757449169498;0,1368872381704171;0,0;0,0102915951972555;0,0112496943017852;0,0037729069349622;0,0019795447047179;0,0003709395368554;0,0002860411899313;0,0;0,0
UNSW-NB15;C&W;distributive;1;15;1024;2;19,113661599811167;37,80786820035428;-0,0012145945683328;0,4717971141233056;0,7155697830958758;0,4717971141233056;0,542611006780763;0,3869510516216576;0,5678918918918919;0,0120665313685696;0,5555772043112253;0,1566712073271581;0,2333209747540953;0,0679468242245199;0,0154373927958833;0,0176082171680117;0,0341358246496586;0,0021445067634444;0,0012717926977902;0,000858123569794;0,0;0,0;0,471809260068989;0,7155756812332839;0,471809260068989;0,5426257864748328;0,386960652740683;0,5678648648648649;0,0120665313685696;0,5555759995407537;0,1566717709129602;0,2333282327741705;0,0679468242245199;0,0154373927958833;0,0176082171680117;0,0341358246496586;0,0021445067634444;0,0012717926977902;0,000858123569794;0,0;0,0
UNSW-NB15;C&W;distributive;1;15;1024;3;19,01035779993981;37,69873370043933;-0,0012145945683328;0,4717971141233056;0,7155697830958758;0,4717971141233056;0,542611006780763;0,3869510516216576;0,5678918918918919;0,0120665313685696;0,5555772043112253;0,1566712073271581;0,2333209747540953;0,0679468242245199;0,0154373927958833;0,0176082171680117;0,0341358246496586;0,0021445067634444;0,0012717926977902;0,000858123569794;0,0;0,0;0,471809260068989;0,7155756812332839;0,471809260068989;0,5426257864748328;0,386960652740683;0,5678648648648649;0,0120665313685696;0,5555759995407537;0,1566717709129602;0,2333282327741705;0,0679468242245199;0,0154373927958833;0,0176082171680117;0,0341358246496586;0,0021445067634444;0,0012717926977902;0,000858123569794;0,0;0,0
UNSW-NB15;C&W;distributive;1;15;2048;2;19,362107899971303;37,498058000113815;-0,0012145945683328;0,4717971141233056;0,7155697830958758;0,4717971141233056;0,542611006780763;0,3869510516216576;0,5678918918918919;0,0120665313685696;0,5555772043112253;0,1566712073271581;0,2333209747540953;0,0679468242245199;0,0154373927958833;0,0176082171680117;0,0341358246496586;0,0021445067634444;0,0012717926977902;0,000858123569794;0,0;0,0;0,471809260068989;0,7155756812332839;0,471809260068989;0,5426257864748328;0,386960652740683;0,5678648648648649;0,0120665313685696;0,5555759995407537;0,1566717709129602;0,2333282327741705;0,0679468242245199;0,0154373927958833;0,0176082171680117;0,0341358246496586;0,0021445067634444;0,0012717926977902;0,000858123569794;0,0;0,0
UNSW-NB15;C&W;distributive;1;15;2048;3;20,631312099751085;37,75175109971315;-0,0012145945683328;0,4717971141233056;0,7155697830958758;0,4717971141233056;0,542611006780763;0,3869510516216576;0,5678918918918919;0,0120665313685696;0,5555772043112253;0,1566712073271581;0,2333209747540953;0,0679468242245199;0,0154373927958833;0,0176082171680117;0,0341358246496586;0,0021445067634444;0,0012717926977902;0,000858123569794;0,0;0,0;0,471809260068989;0,7155756812332839;0,471809260068989;0,5426257864748328;0,386960652740683;0,5678648648648649;0,0120665313685696;0,5555759995407537;0,1566717709129602;0,2333282327741705;0,0679468242245199;0,0154373927958833;0,0176082171680117;0,0341358246496586;0,0021445067634444;0,0012717926977902;0,000858123569794;0,0;0,0
UNSW-NB15;C&W;distributive;1;20;1024;2;17,813037000130862;28,953628499992192;-0,0012145945683328;0,4767040761793713;0,7152412281162879;0,4767040761793713;0,5445456798369549;0,393869872544217;0,5703243243243243;0,0124636018706432;0,6254900033349111;0,1744035103733524;0,2258759298189769;0,0679468242245199;0,0154373927958833;0,0180973343115676;0,0344053180021559;0,0037941273507093;0,001430766785014;0,000858123569794;0,0;0,0;0,4767162221250546;0,7152463626997737;0,4767162221250546;0,5445595497333322;0,3938804042606236;0,5702972972972973;0,0124636018706432;0,625484986670179;0,1744035291710048;0,2258813529221624;0,0679468242245199;0,0154373927958833;0,0180973343115676;0,0344053180021559;0,0037941273507093;0,001430766785014;0,000858123569794;0,0;0,0
UNSW-NB15;C&W;distributive;1;20;1024;3;17,77333140000701;29,120262199547145;-0,0012145945683328;0,4767040761793713;0,7152412281162879;0,4767040761793713;0,5445456798369549;0,393869872544217;0,5703243243243243;0,0124636018706432;0,6254900033349111;0,1744035103733524;0,2258759298189769;0,0679468242245199;0,0154373927958833;0,0180973343115676;0,0344053180021559;0,0037941273507093;0,001430766785014;0,000858123569794;0,0;0,0;0,4767162221250546;0,7152463626997737;0,4767162221250546;0,5445595497333322;0,3938804042606236;0,5702972972972973;0,0124636018706432;0,625484986670179;0,1744035291710048;0,2258813529221624;0,0679468242245199;0,0154373927958833;0,0180973343115676;0,0344053180021559;0,0037941273507093;0,001430766785014;0,000858123569794;0,0;0,0
UNSW-NB15;C&W;distributive;1;20;2048;2;17,66040559997782;28,92373969964683;-0,0012145945683328;0,4767040761793713;0,7152412281162879;0,4767040761793713;0,5445456798369549;0,393869872544217;0,5703243243243243;0,0124636018706432;0,6254900033349111;0,1744035103733524;0,2258759298189769;0,0679468242245199;0,0154373927958833;0,0180973343115676;0,0344053180021559;0,0037941273507093;0,001430766785014;0,000858123569794;0,0;0,0;0,4767162221250546;0,7152463626997737;0,4767162221250546;0,5445595497333322;0,3938804042606236;0,5702972972972973;0,0124636018706432;0,625484986670179;0,1744035291710048;0,2258813529221624;0,0679468242245199;0,0154373927958833;0,0180973343115676;0,0344053180021559;0,0037941273507093;0,001430766785014;0,000858123569794;0,0;0,0
UNSW-NB15;C&W;distributive;1;20;2048;3;17,850586500018835;29,372216899413612;-0,0012145945683328;0,4767040761793713;0,7152412281162879;0,4767040761793713;0,5445456798369549;0,393869872544217;0,5703243243243243;0,0124636018706432;0,6254900033349111;0,1744035103733524;0,2258759298189769;0,0679468242245199;0,0154373927958833;0,0180973343115676;0,0344053180021559;0,0037941273507093;0,001430766785014;0,000858123569794;0,0;0,0;0,4767162221250546;0,7152463626997737;0,4767162221250546;0,5445595497333322;0,3938804042606236;0,5702972972972973;0,0124636018706432;0,625484986670179;0,1744035291710048;0,2258813529221624;0,0679468242245199;0,0154373927958833;0,0180973343115676;0,0344053180021559;0,0037941273507093;0,001430766785014;0,000858123569794;0,0;0,0
UNSW-NB15;C&W;distributive;2;5;1024;2;46,263128800317645;215,6071231001988;0,0;0,2600325511344313;0,5279113066566977;0,2600325511344313;0,3235802905975432;0,1914694969646309;0,5108108108108108;0,008162004764846;0,5596251817488888;0,1504107937889026;0,1082432765273483;0,0088626292466765;0,0120068610634648;0,0198092443140132;0,016798418972332;0,0102276476410425;0,0007948704361189;0,0034324942791762;0,0;0,0;0,2600325511344313;0,5278126723803481;0,2600325511344313;0,32357804116276;0,1914617347319238;0,5108108108108108;0,008162004764846;0,5596110498127088;0,1504069715312891;0,1082417274568121;0,0088626292466765;0,0120068610634648;0,0198092443140132;0,016798418972332;0,0102276476410425;0,0007948704361189;0,0034324942791762;0,0;0,0
UNSW-NB15;C&W;distributive;2;5;1024;3;46,496005500201136;207,83347390033305;0,0;0,2600325511344313;0,5279113066566977;0,2600325511344313;0,3235802905975432;0,1914694969646309;0,5108108108108108;0,008162004764846;0,5596251817488888;0,1504107937889026;0,1082432765273483;0,0088626292466765;0,0120068610634648;0,0198092443140132;0,016798418972332;0,0102276476410425;0,0007948704361189;0,0034324942791762;0,0;0,0;0,2600325511344313;0,5278126723803481;0,2600325511344313;0,32357804116276;0,1914617347319238;0,5108108108108108;0,008162004764846;0,5596110498127088;0,1504069715312891;0,1082417274568121;0,0088626292466765;0,0120068610634648;0,0198092443140132;0,016798418972332;0,0102276476410425;0,0007948704361189;0,0034324942791762;0,0;0,0
UNSW-NB15;C&W;distributive;2;5;2048;2;45,64620740013197;203,90832699975;0,0;0,2600325511344313;0,5279113066566977;0,2600325511344313;0,3235802905975432;0,1914694969646309;0,5108108108108108;0,008162004764846;0,5596251817488888;0,1504107937889026;0,1082432765273483;0,0088626292466765;0,0120068610634648;0,0198092443140132;0,016798418972332;0,0102276476410425;0,0007948704361189;0,0034324942791762;0,0;0,0;0,2600325511344313;0,5278126723803481;0,2600325511344313;0,32357804116276;0,1914617347319238;0,5108108108108108;0,008162004764846;0,5596110498127088;0,1504069715312891;0,1082417274568121;0,0088626292466765;0,0120068610634648;0,0198092443140132;0,016798418972332;0,0102276476410425;0,0007948704361189;0,0034324942791762;0,0;0,0
UNSW-NB15;C&W;distributive;2;5;2048;3;46,25440749991685;205,9637622996233;0,0;0,2600325511344313;0,5279113066566977;0,2600325511344313;0,3235802905975432;0,1914694969646309;0,5108108108108108;0,008162004764846;0,5596251817488888;0,1504107937889026;0,1082432765273483;0,0088626292466765;0,0120068610634648;0,0198092443140132;0,016798418972332;0,0102276476410425;0,0007948704361189;0,0034324942791762;0,0;0,0;0,2600325511344313;0,5278126723803481;0,2600325511344313;0,32357804116276;0,1914617347319238;0,5108108108108108;0,008162004764846;0,5596110498127088;0,1504069715312891;0,1082417274568121;0,0088626292466765;0,0120068610634648;0,0198092443140132;0,016798418972332;0,0102276476410425;0,0007948704361189;0,0034324942791762;0,0;0,0
UNSW-NB15;C&W;distributive;2;10;1024;2;29,73323730006814;102,97408400056884;0,0;0,2872637613564592;0,4834313331899488;0,2872637613564592;0,3364233174517242;0,1848828323207664;0,5108648648648648;0,0109414982793611;0,6089061399299551;0,1717639866726362;0,1201093124477918;0,0221565731166912;0,0205831903945111;0,0273905600391293;0,0213798059647862;0,0117123061695809;0,0014837581474219;0,005720823798627;0,0;0,0;0,2872637613564592;0,4834267118633504;0,2872637613564592;0,336421880539642;0,1848808302004691;0,5108648648648648;0,0109414982793611;0,6088921142804546;0,1717610974619654;0,1201084745778359;0,0221565731166912;0,0205831903945111;0,0273905600391293;0,0213798059647862;0,0117123061695809;0,0014837581474219;0,005720823798627;0,0;0,0
UNSW-NB15;C&W;distributive;2;10;1024;3;35,14988660020754;104,2221671999432;0,0;0,2872637613564592;0,4834313331899488;0,2872637613564592;0,3364233174517242;0,1848828323207664;0,5108648648648648;0,0109414982793611;0,6089061399299551;0,1717639866726362;0,1201093124477918;0,0221565731166912;0,0205831903945111;0,0273905600391293;0,0213798059647862;0,0117123061695809;0,0014837581474219;0,005720823798627;0,0;0,0;0,2872637613564592;0,4834267118633504;0,2872637613564592;0,336421880539642;0,1848808302004691;0,5108648648648648;0,0109414982793611;0,6088921142804546;0,1717610974619654;0,1201084745778359;0,0221565731166912;0,0205831903945111;0,0273905600391293;0,0213798059647862;0,0117123061695809;0,0014837581474219;0,005720823798627;0,0;0,0
UNSW-NB15;C&W;distributive;2;10;2048;2;29,75923840003088;108,66090880008414;0,0;0,2872637613564592;0,4834313331899488;0,2872637613564592;0,3364233174517242;0,1848828323207664;0,5108648648648648;0,0109414982793611;0,6089061399299551;0,1717639866726362;0,1201093124477918;0,0221565731166912;0,0205831903945111;0,0273905600391293;0,0213798059647862;0,0117123061695809;0,0014837581474219;0,005720823798627;0,0;0,0;0,2872637613564592;0,4834267118633504;0,2872637613564592;0,336421880539642;0,1848808302004691;0,5108648648648648;0,0109414982793611;0,6088921142804546;0,1717610974619654;0,1201084745778359;0,0221565731166912;0,0205831903945111;0,0273905600391293;0,0213798059647862;0,0117123061695809;0,0014837581474219;0,005720823798627;0,0;0,0
UNSW-NB15;C&W;distributive;2;10;2048;3;30,025335000362247;104,90553959924728;0,0;0,2872637613564592;0,4834313331899488;0,2872637613564592;0,3364233174517242;0,1848828323207664;0,5108648648648648;0,0109414982793611;0,6089061399299551;0,1717639866726362;0,1201093124477918;0,0221565731166912;0,0205831903945111;0,0273905600391293;0,0213798059647862;0,0117123061695809;0,0014837581474219;0,005720823798627;0,0;0,0;0,2872637613564592;0,4834267118633504;0,2872637613564592;0,336421880539642;0,1848808302004691;0,5108648648648648;0,0109414982793611;0,6088921142804546;0,1717610974619654;0,1201084745778359;0,0221565731166912;0,0205831903945111;0,0273905600391293;0,0213798059647862;0,0117123061695809;0,0014837581474219;0,005720823798627;0,0;0,0
UNSW-NB15;C&W;distributive;2;15;1024;2;24,51993740024045;52,67903780005872;0,0;0,5462274692707574;0,7314555729354484;0,5462274692707574;0,6046044233631672;0,4572924895158643;0,4652162162162162;0,0159710579722933;0,6566311735562713;0,2027921024324385;0,2471302279048797;0,0221565731166912;0,0240137221269296;0,0251895328931279;0,0219187926697808;0,0468492246783239;0,0016427322346457;0,005720823798627;0,0343915343915343;0,0;0,5462274692707574;0,7314555729354484;0,5462274692707574;0,6046044233631672;0,4572924895158643;0,4652162162162162;0,0159710579722933;0,6566263358441421;0,2027950844633067;0,2471302279048797;0,0221565731166912;0,0240137221269296;0,0251895328931279;0,0219187926697808;0,0468492246783239;0,0016427322346457;0,005720823798627;0,0343915343915343;0,0
UNSW-NB15;C&W;distributive;2;15;1024;3;24,835564199835066;53,007316099945456;-0,0012145945683328;0,5464703881844241;0,7315502232419014;0,5464703881844241;0,6048527520253648;0,4575233569240526;0,4646756756756757;0,0159931174446307;0,6566527785247276;0,2028086966800978;0,2472106946307495;0,0221565731166912;0,0240137221269296;0,0251895328931279;0,0219187926697808;0,0470141867370504;0,0016427322346457;0,005720823798627;0,0343915343915343;0,0;0,5464825341301074;0,7315557826336745;0,5464825341301074;0,604865319814116;0,4575351127471587;0,4646486486486486;0,0159931174446307;0,656649077613386;0,2028121827321326;0,2472146928288873;0,0221565731166912;0,0240137221269296;0,0251895328931279;0,0219187926697808;0,0470141867370504;0,0016427322346457;0,005720823798627;0,0343915343915343;0,0
UNSW-NB15;C&W;distributive;2;15;2048;2;28,218049000017345;52,7684224001132;-0,0012145945683328;0,5464703881844241;0,7315502232419014;0,5464703881844241;0,6048527520253648;0,4575233569240526;0,4646756756756757;0,0159931174446307;0,6566527785247276;0,2028086966800978;0,2472106946307495;0,0221565731166912;0,0240137221269296;0,0251895328931279;0,0219187926697808;0,0470141867370504;0,0016427322346457;0,005720823798627;0,0343915343915343;0,0;0,5464825341301074;0,7315557826336745;0,5464825341301074;0,604865319814116;0,4575351127471587;0,4646486486486486;0,0159931174446307;0,656649077613386;0,2028121827321326;0,2472146928288873;0,0221565731166912;0,0240137221269296;0,0251895328931279;0,0219187926697808;0,0470141867370504;0,0016427322346457;0,005720823798627;0,0343915343915343;0,0
UNSW-NB15;C&W;distributive;2;15;2048;3;25,065463200211525;53,23319589998573;-0,0012145945683328;0,5464703881844241;0,7315502232419014;0,5464703881844241;0,6048527520253648;0,4575233569240526;0,4646756756756757;0,0159931174446307;0,6566527785247276;0,2028086966800978;0,2472106946307495;0,0221565731166912;0,0240137221269296;0,0251895328931279;0,0219187926697808;0,0470141867370504;0,0016427322346457;0,005720823798627;0,0343915343915343;0,0;0,5464825341301074;0,7315557826336745;0,5464825341301074;0,604865319814116;0,4575351127471587;0,4646486486486486;0,0159931174446307;0,656649077613386;0,2028121827321326;0,2472146928288873;0,0221565731166912;0,0240137221269296;0,0251895328931279;0,0219187926697808;0,0470141867370504;0,0016427322346457;0,005720823798627;0,0343915343915343;0,0
UNSW-NB15;C&W;distributive;2;20;1024;2;22,13883040007204;54,4891773997806;-0,0012145945683328;0,3246003983870184;0,460168291341906;0,3246003983870184;0,3629263878771182;0,1993343604369686;0,4136216216216216;0,0202726550780905;0,6226086756553325;0,1810097030676655;0,1234777704339672;0,0339734121122599;0,0411663807890223;0,0489117143555881;0,0306324110671936;0,0386011217419993;0,0021196544963171;0,0125858123569794;0,0343915343915343;0,0;0,3246125443327017;0,4601692742245276;0,3246125443327017;0,3629362106169447;0,1993442940211447;0,4135945945945946;0,0202726550780905;0,6226031871847898;0,1810113925531186;0,1234803736865811;0,0339734121122599;0,0411663807890223;0,0489117143555881;0,0306324110671936;0,0386011217419993;0,0021196544963171;0,0125858123569794;0,0343915343915343;0,0
UNSW-NB15;C&W;distributive;2;20;1024;3;22,142254899721596;56,89655459998176;-0,0012145945683328;0,3246003983870184;0,460168291341906;0,3246003983870184;0,3629263878771182;0,1993343604369686;0,4136216216216216;0,0202726550780905;0,6226086756553325;0,1810097030676655;0,1234777704339672;0,0339734121122599;0,0411663807890223;0,0489117143555881;0,0306324110671936;0,0386011217419993;0,0021196544963171;0,0125858123569794;0,0343915343915343;0,0;0,3246125443327017;0,4601692742245276;0,3246125443327017;0,3629362106169447;0,1993442940211447;0,4135945945945946;0,0202726550780905;0,6226031871847898;0,1810113925531186;0,1234803736865811;0,0339734121122599;0,0411663807890223;0,0489117143555881;0,0306324110671936;0,0386011217419993;0,0021196544963171;0,0125858123569794;0,0343915343915343;0,0
UNSW-NB15;C&W;distributive;2;20;2048;2;26,318955699913204;54,88783670030534;-0,0012145945683328;0,3246003983870184;0,460168291341906;0,3246003983870184;0,3629263878771182;0,1993343604369686;0,4136216216216216;0,0202726550780905;0,6226086756553325;0,1810097030676655;0,1234777704339672;0,0339734121122599;0,0411663807890223;0,0489117143555881;0,0306324110671936;0,0386011217419993;0,0021196544963171;0,0125858123569794;0,0343915343915343;0,0;0,3246125443327017;0,4601692742245276;0,3246125443327017;0,3629362106169447;0,1993442940211447;0,4135945945945946;0,0202726550780905;0,6226031871847898;0,1810113925531186;0,1234803736865811;0,0339734121122599;0,0411663807890223;0,0489117143555881;0,0306324110671936;0,0386011217419993;0,0021196544963171;0,0125858123569794;0,0343915343915343;0,0
UNSW-NB15;C&W;distributive;2;20;2048;3;22,547802000306547;55,22635320061818;-0,0012145945683328;0,3246003983870184;0,460168291341906;0,3246003983870184;0,3629263878771182;0,1993343604369686;0,4136216216216216;0,0202726550780905;0,6226086756553325;0,1810097030676655;0,1234777704339672;0,0339734121122599;0,0411663807890223;0,0489117143555881;0,0306324110671936;0,0386011217419993;0,0021196544963171;0,0125858123569794;0,0343915343915343;0,0;0,3246125443327017;0,4601692742245276;0,3246125443327017;0,3629362106169447;0,1993442940211447;0,4135945945945946;0,0202726550780905;0,6226031871847898;0,1810113925531186;0,1234803736865811;0,0339734121122599;0,0411663807890223;0,0489117143555881;0,0306324110671936;0,0386011217419993;0,0021196544963171;0,0125858123569794;0,0343915343915343;0,0
UNSW-NB15;C&W;distributive;4;5;1024;2;79,90116279991344;406,7530347998254;0,0;0,2674172861098965;0,4618251359796183;0,2674172861098965;0,3074242033178996;0,152461924060739;0,5554324324324325;0,0087134915732815;0,5402038394339423;0,1651196696284364;0,1130179813406681;0,0413589364844904;0,0137221269296741;0,0188310100269014;0,0213798059647862;0,0026393929396238;0,001430766785014;0,0002860411899313;0,0;0,0;0,2674172861098965;0,461825497330749;0,2674172861098965;0,3074243935504803;0,1524633751662669;0,5554324324324325;0,0087134915732815;0,5401949422427653;0,1651199090914967;0,1130178211973095;0,0413589364844904;0,0137221269296741;0,0188310100269014;0,0213798059647862;0,0026393929396238;0,001430766785014;0,0002860411899313;0,0;0,0
UNSW-NB15;C&W;distributive;4;5;1024;3;82,25644059991464;413,3444019006565;0,0;0,2674172861098965;0,4618251359796183;0,2674172861098965;0,3074242033178996;0,152461924060739;0,5554324324324325;0,0087134915732815;0,5402038394339423;0,1651196696284364;0,1130179813406681;0,0413589364844904;0,0137221269296741;0,0188310100269014;0,0213798059647862;0,0026393929396238;0,001430766785014;0,0002860411899313;0,0;0,0;0,2674172861098965;0,461825497330749;0,2674172861098965;0,3074243935504803;0,1524633751662669;0,5554324324324325;0,0087134915732815;0,5401949422427653;0,1651199090914967;0,1130178211973095;0,0413589364844904;0,0137221269296741;0,0188310100269014;0,0213798059647862;0,0026393929396238;0,001430766785014;0,0002860411899313;0,0;0,0
UNSW-NB15;C&W;distributive;4;5;2048;2;79,18784279981628;410,37209129938856;0,0;0,2674172861098965;0,4618251359796183;0,2674172861098965;0,3074242033178996;0,152461924060739;0,5554324324324325;0,0087134915732815;0,5402038394339423;0,1651196696284364;0,1130179813406681;0,0413589364844904;0,0137221269296741;0,0188310100269014;0,0213798059647862;0,0026393929396238;0,001430766785014;0,0002860411899313;0,0;0,0;0,2674172861098965;0,461825497330749;0,2674172861098965;0,3074243935504803;0,1524633751662669;0,5554324324324325;0,0087134915732815;0,5401949422427653;0,1651199090914967;0,1130178211973095;0,0413589364844904;0,0137221269296741;0,0188310100269014;0,0213798059647862;0,0026393929396238;0,001430766785014;0,0002860411899313;0,0;0,0
UNSW-NB15;C&W;distributive;4;5;2048;3;80,8075116998516;417,5441572996788;0,0;0,2674172861098965;0,4618251359796183;0,2674172861098965;0,3074242033178996;0,152461924060739;0,5554324324324325;0,0087134915732815;0,5402038394339423;0,1651196696284364;0,1130179813406681;0,0413589364844904;0,0137221269296741;0,0188310100269014;0,0213798059647862;0,0026393929396238;0,001430766785014;0,0002860411899313;0,0;0,0;0,2674172861098965;0,461825497330749;0,2674172861098965;0,3074243935504803;0,1524633751662669;0,5554324324324325;0,0087134915732815;0,5401949422427653;0,1651199090914967;0,1130178211973095;0,0413589364844904;0,0137221269296741;0,0188310100269014;0,0213798059647862;0,0026393929396238;0,001430766785014;0,0002860411899313;0,0;0,0
UNSW-NB15;C&W;distributive;4;10;1024;2;46,54213659977541;183,89556839922443;0,0;0,5493246854200068;0,719413630678429;0,5493246854200068;0,6023860164207399;0,4544022818583405;0,445;0,0159931174446307;0,5757873522709026;0,1761046981317662;0,2500217994603723;0,0472673559822747;0,0205831903945111;0,0251895328931279;0,0301832554796981;0,0204552952820851;0,0053521276032006;0,0048627002288329;0,0;0,0;0,5493246854200068;0,719413630678429;0,5493246854200068;0,6023860164207399;0,4544022818583405;0,445;0,0159931174446307;0,5757787965486816;0,1761045873475823;0,2500217994603723;0,0472673559822747;0,0205831903945111;0,0251895328931279;0,0301832554796981;0,0204552952820851;0,0053521276032006;0,0048627002288329;0,0;0,0
UNSW-NB15;C&W;distributive;4;10;1024;3;47,12794400006533;186,0364100006409;0,0;0,5493246854200068;0,719413630678429;0,5493246854200068;0,6023860164207399;0,4544022818583405;0,445;0,0159931174446307;0,5757873522709026;0,1761046981317662;0,2500217994603723;0,0472673559822747;0,0205831903945111;0,0251895328931279;0,0301832554796981;0,0204552952820851;0,0053521276032006;0,0048627002288329;0,0;0,0;0,5493246854200068;0,719413630678429;0,5493246854200068;0,6023860164207399;0,4544022818583405;0,445;0,0159931174446307;0,5757787965486816;0,1761045873475823;0,2500217994603723;0,0472673559822747;0,0205831903945111;0,0251895328931279;0,0301832554796981;0,0204552952820851;0,0053521276032006;0,0048627002288329;0,0;0,0
UNSW-NB15;C&W;distributive;4;10;2048;2;46,52826309995726;184,17760299984369;0,0;0,5493246854200068;0,719413630678429;0,5493246854200068;0,6023860164207399;0,4544022818583405;0,445;0,0159931174446307;0,5757873522709026;0,1761046981317662;0,2500217994603723;0,0472673559822747;0,0205831903945111;0,0251895328931279;0,0301832554796981;0,0204552952820851;0,0053521276032006;0,0048627002288329;0,0;0,0;0,5493246854200068;0,719413630678429;0,5493246854200068;0,6023860164207399;0,4544022818583405;0,445;0,0159931174446307;0,5757787965486816;0,1761045873475823;0,2500217994603723;0,0472673559822747;0,0205831903945111;0,0251895328931279;0,0301832554796981;0,0204552952820851;0,0053521276032006;0,0048627002288329;0,0;0,0
UNSW-NB15;C&W;distributive;4;10;2048;3;47,66019580001012;185,8311502006836;0,0;0,5493246854200068;0,719413630678429;0,5493246854200068;0,6023860164207399;0,4544022818583405;0,445;0,0159931174446307;0,5757873522709026;0,1761046981317662;0,2500217994603723;0,0472673559822747;0,0205831903945111;0,0251895328931279;0,0301832554796981;0,0204552952820851;0,0053521276032006;0,0048627002288329;0,0;0,0;0,5493246854200068;0,719413630678429;0,5493246854200068;0,6023860164207399;0,4544022818583405;0,445;0,0159931174446307;0,5757787965486816;0,1761045873475823;0,2500217994603723;0,0472673559822747;0,0205831903945111;0,0251895328931279;0,0301832554796981;0,0204552952820851;0,0053521276032006;0,0048627002288329;0,0;0,0
UNSW-NB15;C&W;distributive;4;15;1024;2;42,92737859999761;120,99176610074936;-0,0036437837049985;0,5824466792984502;0,7330485885107755;0,5824466792984502;0,6285182504343415;0,4883560413593667;0,4185675675675676;0,0118459366451954;0,5894484044168479;0,1877848980701857;0,2640806366694728;0,0487444608567208;0,0222984562607204;0,0210320371729029;0,0234459216672655;0,0181458264599142;0,0013777754226061;0,0020022883295194;0,0026455026455026;0,0;0,5824831171355002;0,7330548891635663;0,5824831171355002;0,6285511884379542;0,4883889208600081;0,4184864864864865;0,0118459366451954;0,5894426692771069;0,1877861142463156;0,264092409046272;0,0487444608567208;0,0222984562607204;0,0210320371729029;0,0234459216672655;0,0181458264599142;0,0013777754226061;0,0020022883295194;0,0026455026455026;0,0
UNSW-NB15;C&W;distributive;4;15;1024;3;36,0532120000571;122,3060829997994;-0,0036437837049985;0,5824466792984502;0,7330485885107755;0,5824466792984502;0,6285182504343415;0,4883560413593667;0,4185675675675676;0,0118459366451954;0,5894484044168479;0,1877848980701857;0,2640806366694728;0,0487444608567208;0,0222984562607204;0,0210320371729029;0,0234459216672655;0,0181458264599142;0,0013777754226061;0,0020022883295194;0,0026455026455026;0,0;0,5824831171355002;0,7330548891635663;0,5824831171355002;0,6285511884379542;0,4883889208600081;0,4184864864864865;0,0118459366451954;0,5894426692771069;0,1877861142463156;0,264092409046272;0,0487444608567208;0,0222984562607204;0,0210320371729029;0,0234459216672655;0,0181458264599142;0,0013777754226061;0,0020022883295194;0,0026455026455026;0,0
UNSW-NB15;C&W;distributive;4;15;2048;2;36,30233939969912;121,67275219969451;-0,0036437837049985;0,5824466792984502;0,7330485885107755;0,5824466792984502;0,6285182504343415;0,4883560413593667;0,4185675675675676;0,0118459366451954;0,5894484044168479;0,1877848980701857;0,2640806366694728;0,0487444608567208;0,0222984562607204;0,0210320371729029;0,0234459216672655;0,0181458264599142;0,0013777754226061;0,0020022883295194;0,0026455026455026;0,0;0,5824831171355002;0,7330548891635663;0,5824831171355002;0,6285511884379542;0,4883889208600081;0,4184864864864865;0,0118459366451954;0,5894426692771069;0,1877861142463156;0,264092409046272;0,0487444608567208;0,0222984562607204;0,0210320371729029;0,0234459216672655;0,0181458264599142;0,0013777754226061;0,0020022883295194;0,0026455026455026;0,0
UNSW-NB15;C&W;distributive;4;15;2048;3;37,12804639991373;122,63190469983964;-0,0036437837049985;0,5824466792984502;0,7330485885107755;0,5824466792984502;0,6285182504343415;0,4883560413593667;0,4185675675675676;0,0118459366451954;0,5894484044168479;0,1877848980701857;0,2640806366694728;0,0487444608567208;0,0222984562607204;0,0210320371729029;0,0234459216672655;0,0181458264599142;0,0013777754226061;0,0020022883295194;0,0026455026455026;0,0;0,5824831171355002;0,7330548891635663;0,5824831171355002;0,6285511884379542;0,4883889208600081;0,4184864864864865;0,0118459366451954;0,5894426692771069;0,1877861142463156;0,264092409046272;0,0487444608567208;0,0222984562607204;0,0210320371729029;0,0234459216672655;0,0181458264599142;0,0013777754226061;0,0020022883295194;0,0026455026455026;0,0
UNSW-NB15;C&W;distributive;4;20;1024;2;30,8661568001844;72,3278266005218;-0,0036437837049985;0,6024510518388961;0,7277614654749718;0,6024510518388961;0,6394165743938736;0,5062745268893699;0,4036216216216216;0,0231624459542927;0,6320840977152697;0,1903338128192415;0,2716171393618222;0,0384047267355982;0,0222984562607204;0,0281242357544631;0,0333273445921667;0,0631804684922467;0,0023316199459488;0,0268878718535469;0,0105820105820105;0,0;0,6024874896759461;0,7277688031281684;0,6024874896759461;0,6394486926829434;0,5063080830372235;0,4035405405405405;0,0231624459542927;0,6320823837240218;0,1903341911784719;0,2716285224048359;0,0384047267355982;0,0222984562607204;0,0281242357544631;0,0333273445921667;0,0631804684922467;0,0023316199459488;0,0268878718535469;0,0105820105820105;0,0
UNSW-NB15;C&W;distributive;4;20;1024;3;31,40010379999876;73,50936149992049;-0,0036437837049985;0,6024510518388961;0,7277614654749718;0,6024510518388961;0,6394165743938736;0,5062745268893699;0,4036216216216216;0,0231624459542927;0,6320840977152697;0,1903338128192415;0,2716171393618222;0,0384047267355982;0,0222984562607204;0,0281242357544631;0,0333273445921667;0,0631804684922467;0,0023316199459488;0,0268878718535469;0,0105820105820105;0,0;0,6024874896759461;0,7277688031281684;0,6024874896759461;0,6394486926829434;0,5063080830372235;0,4035405405405405;0,0231624459542927;0,6320823837240218;0,1903341911784719;0,2716285224048359;0,0384047267355982;0,0222984562607204;0,0281242357544631;0,0333273445921667;0,0631804684922467;0,0023316199459488;0,0268878718535469;0,0105820105820105;0,0
UNSW-NB15;C&W;distributive;4;20;2048;2;30,97283500013873;72,29480369994417;-0,0036437837049985;0,6024510518388961;0,7277614654749718;0,6024510518388961;0,6394165743938736;0,5062745268893699;0,4036216216216216;0,0231624459542927;0,6320840977152697;0,1903338128192415;0,2716171393618222;0,0384047267355982;0,0222984562607204;0,0281242357544631;0,0333273445921667;0,0631804684922467;0,0023316199459488;0,0268878718535469;0,0105820105820105;0,0;0,6024874896759461;0,7277688031281684;0,6024874896759461;0,6394486926829434;0,5063080830372235;0,4035405405405405;0,0231624459542927;0,6320823837240218;0,1903341911784719;0,2716285224048359;0,0384047267355982;0,0222984562607204;0,0281242357544631;0,0333273445921667;0,0631804684922467;0,0023316199459488;0,0268878718535469;0,0105820105820105;0,0
UNSW-NB15;C&W;distributive;4;20;2048;3;31,25941519998014;73,60404059989378;-0,0036437837049985;0,6024510518388961;0,7277614654749718;0,6024510518388961;0,6394165743938736;0,5062745268893699;0,4036216216216216;0,0231624459542927;0,6320840977152697;0,1903338128192415;0,2716171393618222;0,0384047267355982;0,0222984562607204;0,0281242357544631;0,0333273445921667;0,0631804684922467;0,0023316199459488;0,0268878718535469;0,0105820105820105;0,0;0,6024874896759461;0,7277688031281684;0,6024874896759461;0,6394486926829434;0,5063080830372235;0,4035405405405405;0,0231624459542927;0,6320823837240218;0,1903341911784719;0,2716285224048359;0,0384047267355982;0,0222984562607204;0,0281242357544631;0,0333273445921667;0,0631804684922467;0,0023316199459488;0,0268878718535469;0,0105820105820105;0,0
UNSW-NB15;C&W;distributive;8;5;1024;2;151,44768780004233;750,6049546999857;-0,0036437837049985;0,4983360054413837;0,7105945699891176;0,4983360054413837;0,5661147327961437;0,3898533743069999;0,4127027027027027;0,0149342627724344;0,5613096842033733;0,1497666082561493;0,2258716966556525;0,0384047267355982;0,0102915951972555;0,0256786500366837;0,0278476464247215;0,0249092708677004;0,0020136717715012;0,0105835240274599;0,0105820105820105;0,0;0,4983724432784336;0,7106019618266848;0,4983724432784336;0,5661471633051643;0,3898878286540448;0,4126216216216216;0,0149342627724344;0,5613049075928538;0,1497674925620968;0,2258807981676894;0,0384047267355982;0,0102915951972555;0,0256786500366837;0,0278476464247215;0,0249092708677004;0,0020136717715012;0,0105835240274599;0,0105820105820105;0,0
UNSW-NB15;C&W;distributive;8;5;1024;3;153,6322038001381;785,0968965999782;-0,0036437837049985;0,4983360054413837;0,7105945699891176;0,4983360054413837;0,5661147327961437;0,3898533743069999;0,4127027027027027;0,0149342627724344;0,5613094626412839;0,1497671363554971;0,2258716966556525;0,0384047267355982;0,0102915951972555;0,0256786500366837;0,0278476464247215;0,0249092708677004;0,0020136717715012;0,0105835240274599;0,0105820105820105;0,0;0,4983724432784336;0,7106019618266848;0,4983724432784336;0,5661471633051643;0,3898878286540448;0,4126216216216216;0,0149342627724344;0,5613046860307644;0,1497680206523199;0,2258807981676894;0,0384047267355982;0,0102915951972555;0,0256786500366837;0,0278476464247215;0,0249092708677004;0,0020136717715012;0,0105835240274599;0,0105820105820105;0,0
UNSW-NB15;C&W;distributive;8;5;2048;2;149,5496471999213;755,416209299583;-0,0036437837049985;0,4983360054413837;0,7105945699891176;0,4983360054413837;0,5661147327961437;0,3898533743069999;0,4127027027027027;0,0149342627724344;0,5608757835128422;0,1498191662743641;0,2258716966556525;0,0384047267355982;0,0102915951972555;0,0256786500366837;0,0278476464247215;0,0249092708677004;0,0020136717715012;0,0105835240274599;0,0105820105820105;0,0;0,4983724432784336;0,7106019618266848;0,4983724432784336;0,5661471633051643;0,3898878286540448;0,4126216216216216;0,0149342627724344;0,560870849469256;0,1498200805146463;0,2258807981676894;0,0384047267355982;0,0102915951972555;0,0256786500366837;0,0278476464247215;0,0249092708677004;0,0020136717715012;0,0105835240274599;0,0105820105820105;0,0
UNSW-NB15;C&W;distributive;8;5;2048;3;150,3545496999286;767,6841199002229;-0,0036437837049985;0,4983360054413837;0,7105945699891176;0,4983360054413837;0,5661147327961437;0,3898533743069999;0,4127027027027027;0,0149342627724344;0,5608757835128422;0,1498191662743641;0,2258716966556525;0,0384047267355982;0,0102915951972555;0,0256786500366837;0,0278476464247215;0,0249092708677004;0,0020136717715012;0,0105835240274599;0,0105820105820105;0,0;0,4983724432784336;0,7106019618266848;0,4983724432784336;0,5661471633051643;0,3898878286540448;0,4126216216216216;0,0149342627724344;0,560870849469256;0,1498200805146463;0,2258807981676894;0,0384047267355982;0,0102915951972555;0,0256786500366837;0,0278476464247215;0,0249092708677004;0,0020136717715012;0,0105835240274599;0,0105820105820105;0,0
UNSW-NB15;C&W;distributive;8;10;1024;2;80,91829030029476;370,765547899995;-0,003643783705004;0,4824612544332701;0,7035240467785507;0,4824612544332701;0,5472820592909998;0,3682441881329327;0,4108108108108108;0,0236036354010412;0,5813688977726329;0,1473448405728895;0,2191891999892528;0,0295420974889217;0,0137221269296741;0,0308143800440205;0,0303629177146963;0,0379412735070933;0,015314503735891;0,0154462242562929;0,0132275132275132;0,0;0,4824976922703202;0,7035329486283426;0,4824976922703202;0,5473153574898109;0,3682781488174952;0,4107297297297297;0,0236036354010412;0,5813617345946515;0,1473466017892382;0,2191990196956261;0,0295420974889217;0,0137221269296741;0,0308143800440205;0,0303629177146963;0,0379412735070933;0,015314503735891;0,0154462242562929;0,0132275132275132;0,0
UNSW-NB15;C&W;distributive;8;10;1024;3;82,57327090017498;377,1302602002397;-0,003643783705004;0,4824612544332701;0,7035240467785507;0,4824612544332701;0,5472820592909998;0,3682441881329327;0,4108108108108108;0,0236036354010412;0,5813688977726329;0,1473448405728895;0,2191891999892528;0,0295420974889217;0,0137221269296741;0,0308143800440205;0,0303629177146963;0,0379412735070933;0,015314503735891;0,0154462242562929;0,0132275132275132;0,0;0,4824976922703202;0,7035329486283426;0,4824976922703202;0,5473153574898109;0,3682781488174952;0,4107297297297297;0,0236036354010412;0,5813617345946515;0,1473466017892382;0,2191990196956261;0,0295420974889217;0,0137221269296741;0,0308143800440205;0,0303629177146963;0,0379412735070933;0,015314503735891;0,0154462242562929;0,0132275132275132;0,0
UNSW-NB15;C&W;distributive;8;10;2048;2;81,21719409991056;372,5604643002152;-0,003643783705004;0,4824612544332701;0,7035240467785507;0,4824612544332701;0,5472820592909998;0,3682441881329327;0,4108108108108108;0,0236036354010412;0,5813688977726329;0,1473448405728895;0,2191891999892528;0,0295420974889217;0,0137221269296741;0,0308143800440205;0,0303629177146963;0,0379412735070933;0,015314503735891;0,0154462242562929;0,0132275132275132;0,0;0,4824976922703202;0,7035329486283426;0,4824976922703202;0,5473153574898109;0,3682781488174952;0,4107297297297297;0,0236036354010412;0,5813617345946515;0,1473466017892382;0,2191990196956261;0,0295420974889217;0,0137221269296741;0,0308143800440205;0,0303629177146963;0,0379412735070933;0,015314503735891;0,0154462242562929;0,0132275132275132;0,0
UNSW-NB15;C&W;distributive;8;10;2048;3;104,09265460027382;417,3295024000108;-0,003643783705004;0,4824612544332701;0,7035240467785507;0,4824612544332701;0,5472820592909998;0,3682441881329327;0,4108108108108108;0,0236036354010412;0,5813688977726329;0,1473448405728895;0,2191891999892528;0,0295420974889217;0,0137221269296741;0,0308143800440205;0,0303629177146963;0,0379412735070933;0,015314503735891;0,0154462242562929;0,0132275132275132;0,0;0,4824976922703202;0,7035329486283426;0,4824976922703202;0,5473153574898109;0,3682781488174952;0,4107297297297297;0,0236036354010412;0,5813617345946515;0,1473466017892382;0,2191990196956261;0,0295420974889217;0,0137221269296741;0,0308143800440205;0,0303629177146963;0,0379412735070933;0,015314503735891;0,0154462242562929;0,0132275132275132;0,0
UNSW-NB15;C&W;distributive;8;15;1024;2;72,74299019994214;224,9562568999827;-0,0036437837049985;0,5310085993295438;0,7116653256741916;0,5310085993295438;0,5843769865603213;0,4218444369791382;0,3927027027027027;0,0375893408629665;0,5991438564885827;0,1605991437939707;0,2451174630971092;0,0930576070901034;0,0651801029159519;0,0447542186353631;0,0540783327344592;0,068294292312768;0,0153674950982989;0,0291762013729977;0,0264550264550264;0,0454545454545454;0,5310450371665938;0,7116772606842209;0,5310450371665938;0,584410681634913;0,4218792222573658;0,3926216216216216;0,0375893408629665;0,5991390797470562;0,1606018261362045;0,2451279646741727;0,0930576070901034;0,0651801029159519;0,0447542186353631;0,0540783327344592;0,068294292312768;0,0153674950982989;0,0291762013729977;0,0264550264550264;0,0454545454545454
UNSW-NB15;C&W;distributive;8;15;1024;3;79,7292353999801;211,6715730004944;-0,0036437837049985;0,5310085993295438;0,7116653256741916;0,5310085993295438;0,5843769865603213;0,4218444369791382;0,3927027027027027;0,0375893408629665;0,5991438564885827;0,1605991437939707;0,2451174630971092;0,0930576070901034;0,0651801029159519;0,0447542186353631;0,0540783327344592;0,068294292312768;0,0153674950982989;0,0291762013729977;0,0264550264550264;0,0454545454545454;0,5310450371665938;0,7116772606842209;0,5310450371665938;0,584410681634913;0,4218792222573658;0,3926216216216216;0,0375893408629665;0,5991390797470562;0,1606018261362045;0,2451279646741727;0,0930576070901034;0,0651801029159519;0,0447542186353631;0,0540783327344592;0,068294292312768;0,0153674950982989;0,0291762013729977;0,0264550264550264;0,0454545454545454
UNSW-NB15;C&W;distributive;8;15;2048;2;74,53109750011936;200,0497822999023;-0,0036437837049985;0,5310085993295438;0,7116653256741916;0,5310085993295438;0,5843769865603213;0,4218444369791382;0,3927027027027027;0,0375893408629665;0,5991438564885827;0,1605991437939707;0,2451174630971092;0,0930576070901034;0,0651801029159519;0,0447542186353631;0,0540783327344592;0,068294292312768;0,0153674950982989;0,0291762013729977;0,0264550264550264;0,0454545454545454;0,5310450371665938;0,7116772606842209;0,5310450371665938;0,584410681634913;0,4218792222573658;0,3926216216216216;0,0375893408629665;0,5991390797470562;0,1606018261362045;0,2451279646741727;0,0930576070901034;0,0651801029159519;0,0447542186353631;0,0540783327344592;0,068294292312768;0,0153674950982989;0,0291762013729977;0,0264550264550264;0,0454545454545454
UNSW-NB15;C&W;distributive;8;15;2048;3;61,78015559958294;201,58199720084667;-0,0036437837049985;0,5310085993295438;0,7116653256741916;0,5310085993295438;0,5843769865603213;0,4218444369791382;0,3927027027027027;0,0375893408629665;0,5991438564885827;0,1605991437939707;0,2451174630971092;0,0930576070901034;0,0651801029159519;0,0447542186353631;0,0540783327344592;0,068294292312768;0,0153674950982989;0,0291762013729977;0,0264550264550264;0,0454545454545454;0,5310450371665938;0,7116772606842209;0,5310450371665938;0,584410681634913;0,4218792222573658;0,3926216216216216;0,0375893408629665;0,5991390797470562;0,1606018261362045;0,2451279646741727;0,0930576070901034;0,0651801029159519;0,0447542186353631;0,0540783327344592;0,068294292312768;0,0153674950982989;0,0291762013729977;0,0264550264550264;0,0454545454545454
UNSW-NB15;C&W;distributive;8;20;1024;2;48,41230920003727;142,24907180014998;-0,0024291891366656;0,5985886411115969;0,7216550987100684;0,5985886411115969;0,6260949271893269;0,4861774500391624;0,3867567567567567;0,093377746404306;0,6245773361336023;0,1739552311172273;0,2828821161662394;0,1166912850812407;0,0634648370497427;0,0459770114942528;0,0542579949694574;0,0814912570108875;0,1443484711991945;0,0240274599542334;0,0582010582010582;0,0227272727272727;0,5986129330029636;0,7216645997631381;0,5986129330029636;0,6261165302299467;0,4862009061663148;0,3867027027027027;0,093377746404306;0,6245718562293967;0,1739559643843575;0,2828896427552512;0,1166912850812407;0,0634648370497427;0,0459770114942528;0,0542579949694574;0,0814912570108875;0,1443484711991945;0,0240274599542334;0,0582010582010582;0,0227272727272727
UNSW-NB15;C&W;distributive;8;20;1024;3;49,23023790027946;144,9317290005274;-0,0024291891366656;0,5985886411115969;0,7216550987100684;0,5985886411115969;0,6260949271893269;0,4861774500391624;0,3867567567567567;0,093377746404306;0,6245773361336023;0,1739552311172273;0,2828821161662394;0,1166912850812407;0,0634648370497427;0,0459770114942528;0,0542579949694574;0,0814912570108875;0,1443484711991945;0,0240274599542334;0,0582010582010582;0,0227272727272727;0,5986129330029636;0,7216645997631381;0,5986129330029636;0,6261165302299467;0,4862009061663148;0,3867027027027027;0,093377746404306;0,6245718562293967;0,1739559643843575;0,2828896427552512;0,1166912850812407;0,0634648370497427;0,0459770114942528;0,0542579949694574;0,0814912570108875;0,1443484711991945;0,0240274599542334;0,0582010582010582;0,0227272727272727
UNSW-NB15;C&W;distributive;8;20;2048;2;48,77058120025322;143,85290429973975;-0,0024291891366656;0,5985886411115969;0,7216550987100684;0,5985886411115969;0,6260949271893269;0,4861774500391624;0,3867567567567567;0,093377746404306;0,6245773361336023;0,1739552311172273;0,2828821161662394;0,1166912850812407;0,0634648370497427;0,0459770114942528;0,0542579949694574;0,0814912570108875;0,1443484711991945;0,0240274599542334;0,0582010582010582;0,0227272727272727;0,5986129330029636;0,7216645997631381;0,5986129330029636;0,6261165302299467;0,4862009061663148;0,3867027027027027;0,093377746404306;0,6245718562293967;0,1739559643843575;0,2828896427552512;0,1166912850812407;0,0634648370497427;0,0459770114942528;0,0542579949694574;0,0814912570108875;0,1443484711991945;0,0240274599542334;0,0582010582010582;0,0227272727272727
UNSW-NB15;C&W;distributive;8;20;2048;3;49,01747799990699;149,8907614997588;-0,0024291891366656;0,5985886411115969;0,7216550987100684;0,5985886411115969;0,6260949271893269;0,4861774500391624;0,3867567567567567;0,093377746404306;0,6245773361336023;0,1739552311172273;0,2828821161662394;0,1166912850812407;0,0634648370497427;0,0459770114942528;0,0542579949694574;0,0814912570108875;0,1443484711991945;0,0240274599542334;0,0582010582010582;0,0227272727272727;0,5986129330029636;0,7216645997631381;0,5986129330029636;0,6261165302299467;0,4862009061663148;0,3867027027027027;0,093377746404306;0,6245718562293967;0,1739559643843575;0,2828896427552512;0,1166912850812407;0,0634648370497427;0,0459770114942528;0,0542579949694574;0,0814912570108875;0,1443484711991945;0,0240274599542334;0,0582010582010582;0,0227272727272727
UNSW-NB15;C&W;distributive;10;5;1024;2;181,93674840033052;993,2235885998234;-0,0012145945683328;0,5340693776417432;0,7529403243566841;0,5340693776417432;0,5976941669629153;0,4662611666297254;0,4886216216216216;0,0058678196417541;0,5478171370213809;0,1442331286953966;0,238712711894294;0,0088626292466765;0,0171526586620926;0,0190755685986793;0,0094322673374056;0,0039590894094358;0,0016957235970536;0,0031464530892448;0,0;0,0;0,5340815235874266;0,7529465776275615;0,5340815235874266;0,5977073161763393;0,4662733803994963;0,4885945945945946;0,0058678196417541;0,5478058851132098;0,1442333692938291;0,2387169510556754;0,0088626292466765;0,0171526586620926;0,0190755685986793;0,0094322673374056;0,0039590894094358;0,0016957235970536;0,0031464530892448;0,0;0,0
UNSW-NB15;C&W;distributive;10;5;1024;3;195,63423610012975;1008,135709900409;-0,0012145945683328;0,5340693776417432;0,7529403243566841;0,5340693776417432;0,5976941669629153;0,4662611666297254;0,4886216216216216;0,0058678196417541;0,5478171370213809;0,1442331286953966;0,238712711894294;0,0088626292466765;0,0171526586620926;0,0190755685986793;0,0094322673374056;0,0039590894094358;0,0016957235970536;0,0031464530892448;0,0;0,0;0,5340815235874266;0,7529465776275615;0,5340815235874266;0,5977073161763393;0,4662733803994963;0,4885945945945946;0,0058678196417541;0,5478058851132098;0,1442333692938291;0,2387169510556754;0,0088626292466765;0,0171526586620926;0,0190755685986793;0,0094322673374056;0,0039590894094358;0,0016957235970536;0,0031464530892448;0,0;0,0
UNSW-NB15;C&W;distributive;10;5;2048;2;185,91816510027277;1023,6031593992376;-0,0012145945683328;0,5340693776417432;0,7529403243566841;0,5340693776417432;0,5976941669629153;0,4662611666297254;0,4886216216216216;0,0058678196417541;0,5478171370213809;0,1442331286953966;0,238712711894294;0,0088626292466765;0,0171526586620926;0,0190755685986793;0,0094322673374056;0,0039590894094358;0,0016957235970536;0,0031464530892448;0,0;0,0;0,5340815235874266;0,7529465776275615;0,5340815235874266;0,5977073161763393;0,4662733803994963;0,4885945945945946;0,0058678196417541;0,5478058851132098;0,1442333692938291;0,2387169510556754;0,0088626292466765;0,0171526586620926;0,0190755685986793;0,0094322673374056;0,0039590894094358;0,0016957235970536;0,0031464530892448;0,0;0,0
UNSW-NB15;C&W;distributive;10;5;2048;3;189,1683109998703;1025,418744600378;-0,0012145945683328;0,5340693776417432;0,7529403243566841;0,5340693776417432;0,5976941669629153;0,4662611666297254;0,4886216216216216;0,0058678196417541;0,5478171370213809;0,1442331286953966;0,238712711894294;0,0088626292466765;0,0171526586620926;0,0190755685986793;0,0094322673374056;0,0039590894094358;0,0016957235970536;0,0031464530892448;0,0;0,0;0,5340815235874266;0,7529465776275615;0,5340815235874266;0,5977073161763393;0,4662733803994963;0,4885945945945946;0,0058678196417541;0,5478058851132098;0,1442333692938291;0,2387169510556754;0,0088626292466765;0,0171526586620926;0,0190755685986793;0,0094322673374056;0,0039590894094358;0,0016957235970536;0,0031464530892448;0,0;0,0
UNSW-NB15;C&W;distributive;10;10;1024;2;98,7193105998449;387,1223612995818;-0,0012145945683328;0,5849244522178497;0,7438377040799786;0,5849244522178497;0,6367553453066734;0,5002440459452463;0,4234054054054054;0,0280817082855378;0,5693413421511786;0,147745239724187;0,2717159706037874;0,087149187592319;0,0617495711835334;0,0545365615064808;0,0426697808120733;0,0595513032002639;0,0031794817444756;0,0145881006864988;0,0211640211640211;0,0;0,584936598163533;0,7438324481936267;0,584936598163533;0,6367627612370792;0,5002513550436297;0,4233783783783784;0,0280817082855378;0,5693310426815472;0,1477456491465981;0,2717171943470455;0,087149187592319;0,0617495711835334;0,0545365615064808;0,0426697808120733;0,0595513032002639;0,0031794817444756;0,0145881006864988;0,0211640211640211;0,0
UNSW-NB15;C&W;distributive;10;10;1024;3;99,00329119991513;392,5019166008569;-0,0012145945683328;0,5849244522178497;0,7438377040799786;0,5849244522178497;0,6367553453066734;0,5002440459452463;0,4234054054054054;0,0280817082855378;0,5693413421511786;0,147745239724187;0,2717159706037874;0,087149187592319;0,0617495711835334;0,0545365615064808;0,0426697808120733;0,0595513032002639;0,0031794817444756;0,0145881006864988;0,0211640211640211;0,0;0,584936598163533;0,7438324481936267;0,584936598163533;0,6367627612370792;0,5002513550436297;0,4233783783783784;0,0280817082855378;0,5693310426815472;0,1477456491465981;0,2717171943470455;0,087149187592319;0,0617495711835334;0,0545365615064808;0,0426697808120733;0,0595513032002639;0,0031794817444756;0,0145881006864988;0,0211640211640211;0,0
UNSW-NB15;C&W;distributive;10;10;2048;2;97,78355259960516;387,2529014996253;-0,0012145945683328;0,5849244522178497;0,7438377040799786;0,5849244522178497;0,6367553453066734;0,5002440459452463;0,4234054054054054;0,0280817082855378;0,5693413421511786;0,147745239724187;0,2717159706037874;0,087149187592319;0,0617495711835334;0,0545365615064808;0,0426697808120733;0,0595513032002639;0,0031794817444756;0,0145881006864988;0,0211640211640211;0,0;0,584936598163533;0,7438324481936267;0,584936598163533;0,6367627612370792;0,5002513550436297;0,4233783783783784;0,0280817082855378;0,5693310426815472;0,1477456491465981;0,2717171943470455;0,087149187592319;0,0617495711835334;0,0545365615064808;0,0426697808120733;0,0595513032002639;0,0031794817444756;0,0145881006864988;0,0211640211640211;0,0
UNSW-NB15;C&W;distributive;10;10;2048;3;126,86250430019572;396,1319877998904;-0,0012145945683328;0,5849244522178497;0,7438377040799786;0,5849244522178497;0,6367553453066734;0,5002440459452463;0,4234054054054054;0,0280817082855378;0,5693413421511786;0,147745239724187;0,2717159706037874;0,087149187592319;0,0617495711835334;0,0545365615064808;0,0426697808120733;0,0595513032002639;0,0031794817444756;0,0145881006864988;0,0211640211640211;0,0;0,584936598163533;0,7438324481936267;0,584936598163533;0,6367627612370792;0,5002513550436297;0,4233783783783784;0,0280817082855378;0,5693310426815472;0,1477456491465981;0,2717171943470455;0,087149187592319;0,0617495711835334;0,0545365615064808;0,0426697808120733;0,0595513032002639;0,0031794817444756;0,0145881006864988;0,0211640211640211;0,0
UNSW-NB15;C&W;distributive;10;15;1024;2;89,04778339993209;261,202490999829;-0,0024291891366656;0,6175241704319099;0,7514011735756166;0,6175241704319099;0,6437484869347558;0,520190147794794;0,3971891891891891;0,0325597811700344;0,5967462986264056;0,1508648051581012;0,2805931254143304;0,0930576070901034;0,1132075471698113;0,041085840058694;0,0426697808120733;0,0996370834708017;0,0018017063218695;0,0148741418764302;0,0343915343915343;0,0227272727272727;0,6175484623232765;0,7514068783796168;0,6175484623232765;0,6437699683939963;0,5202130618399154;0,3971351351351351;0,0325597811700344;0,5967370995325907;0,1508653344781971;0,2806000068914802;0,0930576070901034;0,1132075471698113;0,041085840058694;0,0426697808120733;0,0996370834708017;0,0018017063218695;0,0148741418764302;0,0343915343915343;0,0227272727272727
UNSW-NB15;C&W;distributive;10;15;1024;3;82,15332829998806;272,8749528997578;-0,0024291891366656;0,6175241704319099;0,7514011735756166;0,6175241704319099;0,6437484869347558;0,520190147794794;0,3971891891891891;0,0325597811700344;0,5967462986264056;0,1508648051581012;0,2805931254143304;0,0930576070901034;0,1132075471698113;0,041085840058694;0,0426697808120733;0,0996370834708017;0,0018017063218695;0,0148741418764302;0,0343915343915343;0,0227272727272727;0,6175484623232765;0,7514068783796168;0,6175484623232765;0,6437699683939963;0,5202130618399154;0,3971351351351351;0,0325597811700344;0,5967370995325907;0,1508653344781971;0,2806000068914802;0,0930576070901034;0,1132075471698113;0,041085840058694;0,0426697808120733;0,0996370834708017;0,0018017063218695;0,0148741418764302;0,0343915343915343;0,0227272727272727
UNSW-NB15;C&W;distributive;10;15;2048;2;89,72273880010471;264,0223069000058;-0,0024291891366656;0,6175241704319099;0,7514011735756166;0,6175241704319099;0,6437484869347558;0,520190147794794;0,3971891891891891;0,0325597811700344;0,5967462986264056;0,1508648051581012;0,2805931254143304;0,0930576070901034;0,1132075471698113;0,041085840058694;0,0426697808120733;0,0996370834708017;0,0018017063218695;0,0148741418764302;0,0343915343915343;0,0227272727272727;0,6175484623232765;0,7514068783796168;0,6175484623232765;0,6437699683939963;0,5202130618399154;0,3971351351351351;0,0325597811700344;0,5967370995325907;0,1508653344781971;0,2806000068914802;0,0930576070901034;0,1132075471698113;0,041085840058694;0,0426697808120733;0,0996370834708017;0,0018017063218695;0,0148741418764302;0,0343915343915343;0,0227272727272727
UNSW-NB15;C&W;distributive;10;15;2048;3;82,0151852001436;265,89403450023383;-0,0024291891366656;0,6175241704319099;0,7514011735756166;0,6175241704319099;0,6437484869347558;0,520190147794794;0,3971891891891891;0,0325597811700344;0,5967462986264056;0,1508648051581012;0,2805931254143304;0,0930576070901034;0,1132075471698113;0,041085840058694;0,0426697808120733;0,0996370834708017;0,0018017063218695;0,0148741418764302;0,0343915343915343;0,0227272727272727;0,6175484623232765;0,7514068783796168;0,6175484623232765;0,6437699683939963;0,5202130618399154;0,3971351351351351;0,0325597811700344;0,5967370995325907;0,1508653344781971;0,2806000068914802;0,0930576070901034;0,1132075471698113;0,041085840058694;0,0426697808120733;0,0996370834708017;0,0018017063218695;0,0148741418764302;0,0343915343915343;0,0227272727272727
UNSW-NB15;C&W;distributive;10;20;1024;2;56,61395239969716;155,95361520024016;-0,0036437837049985;0,6210100568430258;0,7585731626710459;0,6210100568430258;0,6481383970981459;0,5280388666342177;0,4084594594594594;0,0308612018000529;0,621511609391964;0,1657612625729478;0,2838825030450275;0,0841949778434268;0,0428816466552315;0,0357055514795793;0,0623427955443765;0,057901682612999;0,0049811880663451;0,0080091533180778;0,0105820105820105;0,0;0,6210464946800758;0,7585814099084102;0,6210464946800758;0,648171080876209;0,5280725510765425;0,4083783783783783;0,0308612018000529;0,621511182167142;0,1657633564883178;0,2838933543013303;0,0841949778434268;0,0428816466552315;0,0357055514795793;0,0623427955443765;0,057901682612999;0,0049811880663451;0,0080091533180778;0,0105820105820105;0,0
UNSW-NB15;C&W;distributive;10;20;1024;3;57,838717500213534;159,30860330024734;-0,0036437837049985;0,6210100568430258;0,7585731626710459;0,6210100568430258;0,6481383970981459;0,5280388666342177;0,4084594594594594;0,0308612018000529;0,621511609391964;0,1657612625729478;0,2838825030450275;0,0841949778434268;0,0428816466552315;0,0357055514795793;0,0623427955443765;0,057901682612999;0,0049811880663451;0,0080091533180778;0,0105820105820105;0,0;0,6210464946800758;0,7585814099084102;0,6210464946800758;0,648171080876209;0,5280725510765425;0,4083783783783783;0,0308612018000529;0,621511182167142;0,1657633564883178;0,2838933543013303;0,0841949778434268;0,0428816466552315;0,0357055514795793;0,0623427955443765;0,057901682612999;0,0049811880663451;0,0080091533180778;0,0105820105820105;0,0
UNSW-NB15;C&W;distributive;10;20;2048;2;57,30093350028619;156,87765319971368;-0,0036437837049985;0,6210100568430258;0,7585731626710459;0,6210100568430258;0,6481383970981459;0,5280388666342177;0,4084594594594594;0,0308612018000529;0,621511609391964;0,1657612625729478;0,2838825030450275;0,0841949778434268;0,0428816466552315;0,0357055514795793;0,0623427955443765;0,057901682612999;0,0049811880663451;0,0080091533180778;0,0105820105820105;0,0;0,6210464946800758;0,7585814099084102;0,6210464946800758;0,648171080876209;0,5280725510765425;0,4083783783783783;0,0308612018000529;0,621511182167142;0,1657633564883178;0,2838933543013303;0,0841949778434268;0,0428816466552315;0,0357055514795793;0,0623427955443765;0,057901682612999;0,0049811880663451;0,0080091533180778;0,0105820105820105;0,0
UNSW-NB15;C&W;distributive;10;20;2048;3;59,2294533001259;160,35045759985223;-0,0036437837049985;0,6210100568430258;0,7585731626710459;0,6210100568430258;0,6481383970981459;0,5280388666342177;0,4084594594594594;0,0308612018000529;0,621511609391964;0,1657612625729478;0,2838825030450275;0,0841949778434268;0,0428816466552315;0,0357055514795793;0,0623427955443765;0,057901682612999;0,0049811880663451;0,0080091533180778;0,0105820105820105;0,0;0,6210464946800758;0,7585814099084102;0,6210464946800758;0,648171080876209;0,5280725510765425;0,4083783783783783;0,0308612018000529;0,621511182167142;0,1657633564883178;0,2838933543013303;0,0841949778434268;0,0428816466552315;0,0357055514795793;0,0623427955443765;0,057901682612999;0,0049811880663451;0,0080091533180778;0,0105820105820105;0,0
UNSW-NB15;FGSM;gaussian;1;5;1024;2;5,497223854064941;26,84728193283081;12,596560268182484;0,2430039352864014;0,755657928172795;0,2430039352864014;0,2635627441659423;0,1815471548066088;0,9341621621621622;0,0022059472337421;0,6319677148504259;0,1514439106378701;0,1229678035180956;0,0;0,0;0,0070921985815602;0,0047610492274523;0,0013196964698119;0,0002649568120396;0,0014302059496567;0,0;0,0;0,1170383326045765;0,1487126279737656;0,1170383326045765;0,1004762847664131;-0,0174054116113684;0,9085675675675676;0,2054178064060707;0,504129555735577;0,1061910749082482;0,044338540346943;0,8847858197932054;0,8164665523156089;0,623624358033749;0,2819798778296802;0,3566479709666776;0,0030205076572518;0,0909610983981693;0,0185185185185185;0,0909090909090909
UNSW-NB15;RANDOM_LINF;gaussian;1;5;1024;2;5,497223854064941;38,29092574119568;11,309090025749406;0,2430039352864014;0,755657928172795;0,2430039352864014;0,2635627441659423;0,1815471548066088;0,9341621621621622;0,0022059472337421;0,6319677148504259;0,1514439106378701;0,1229678035180956;0,0;0,0;0,0070921985815602;0,0047610492274523;0,0013196964698119;0,0002649568120396;0,0014302059496567;0,0;0,0;0,1299130350289073;0,5063784003227575;0,1299130350289073;0,0477151148346738;0,0014497113787634;0,9884324324324324;0,0075222800670607;0,5494173360329493;0,1081544595044043;0,0381109895817199;0,0029542097488921;0,0017152658662092;0,0075813157251161;0,0113187208048868;0,0051138238205212;0,0064649462137671;0,0068649885583524;0,0052910052910052;0,0454545454545454
UNSW-NB15;RANDOM_L2;gaussian;1;5;1024;2;5,497223854064941;38,04832410812378;11,322450566001068;0,2430039352864014;0,755657928172795;0,2430039352864014;0,2635627441659423;0,1815471548066088;0,9341621621621622;0,0022059472337421;0,6319677148504259;0,1514439106378701;0,1229678035180956;0,0;0,0;0,0070921985815602;0,0047610492274523;0,0013196964698119;0,0002649568120396;0,0014302059496567;0,0;0,0;0,1297794296263907;0,5009813947142943;0,1297794296263907;0,047843698383241;0,0013030949895573;0,9886756756756756;0,0077649342627724;0,5351643198180375;0,1076154523693498;0,0384647386755322;0,001477104874446;0,0034305317324185;0,0053802885791146;0,0116780452748832;0,0072583305839656;0,0066239203009909;0,0074370709382151;0,0052910052910052;0,0
UNSW-NB15;FGSM;gaussian;1;5;1024;3;5,5493927001953125;36,16963720321655;29,67740368265073;0,4073628722732352;0,7376749413164477;0,4073628722732352;0,4684674384911096;0,3261408155028093;0,6926486486486486;0,0075222800670607;0,6263870333171502;0,1433426294431891;0,1896926479297594;0,0059084194977843;0,0;0,0085595500122279;0,0160797700323392;0,0062685582316067;0,000688887711303;0,0200228832951945;0,0052910052910052;0,0;0,1105888354467278;0,1350709487339454;0,1105888354467278;0,0960214206154894;-0,0378547862088666;0,9073513513513514;0,2331686226065472;0,4664073946959162;0,0963160854080719;0,0404639451916699;0,9512555391432792;0,869639794168096;0,6700904866715578;0,3309378368666906;0,3914549653579676;0,0054581103280165;0,1384439359267734;0,0767195767195767;0,1363636363636363
UNSW-NB15;RANDOM_LINF;gaussian;1;5;1024;3;5,5493927001953125;47,34657979011536;27,403682650731188;0,4073628722732352;0,7376749413164477;0,4073628722732352;0,4684674384911096;0,3261408155028093;0,6926486486486486;0,0075222800670607;0,6263870333171502;0,1433426294431891;0,1896926479297594;0,0059084194977843;0,0;0,0085595500122279;0,0160797700323392;0,0062685582316067;0,000688887711303;0,0200228832951945;0,0052910052910052;0,0;0,1333260457659233;0,4921068409369947;0,1333260457659233;0,0477586538845898;-0,000403991355488;0,986837837837838;0,0103900114709256;0,5329079395692284;0,1020410679502834;0,0335905120051721;0,0059084194977843;0,006861063464837;0,0083149914404499;0,0130255120373697;0,0084130649950511;0,0107572465688092;0,0077231121281464;0,0052910052910052;0,0227272727272727
UNSW-NB15;RANDOM_L2;gaussian;1;5;1024;3;5,5493927001953125;47,46473288536072;27,509352378176168;0,4073628722732352;0,7376749413164477;0,4073628722732352;0,4684674384911096;0,3261408155028093;0,6926486486486486;0,0075222800670607;0,6263870333171502;0,1433426294431891;0,1896926479297594;0,0059084194977843;0,0;0,0085595500122279;0,0160797700323392;0,0062685582316067;0,000688887711303;0,0200228832951945;0,0052910052910052;0,0;0,1322693484914735;0,3630151589561379;0,1322693484914735;0,0465295272324396;-0,0037669603304626;0,9875135135135136;0,0106547251389746;0,5329857258175522;0,1017336647095785;0,032822965647124;0,0044313146233382;0,0017152658662092;0,008070432868672;0,0148221343873517;0,0084130649950511;0,0105452811191775;0,0068649885583524;0,0158730158730158;0,0227272727272727
UNSW-NB15;FGSM;gaussian;1;5;2048;2;5,508630037307739;27,36322808265686;5,117086916387309;0,1724238449205655;0,7552072813009585;0,1724238449205655;0,1964154491502516;0,0644260915491093;0,7797027027027027;0,0026030177358157;0,6291912945844893;0,1433733533936443;0,0757364724581241;0,0073855243722304;0,0;0,0029347028613352;0,0064678404599353;0,0024744308808973;0,0004769222616713;0,0011441647597254;0,0026455026455026;0,0;0,1212529757566924;0,1644072392833812;0,1212529757566924;0,0942075251156625;-0,0083188305503339;0,9224054054054054;0,1484381893585105;0,4932078517950575;0,1070989496293095;0,0442643961367604;0,55096011816839;0,5094339622641509;0,4372707263389582;0,1874775422206252;0,2537116463213461;0,0019076890466853;0,1693363844393592;0,0317460317460317;0,1363636363636363
UNSW-NB15;RANDOM_LINF;gaussian;1;5;2048;2;5,508630037307739;40,56961917877197;3,8587669435942273;0,1724238449205655;0,7552072813009585;0,1724238449205655;0,1964154491502516;0,0644260915491093;0,7797027027027027;0,0026030177358157;0,6291912945844893;0,1433733533936443;0,0757364724581241;0,0073855243722304;0,0;0,0029347028613352;0,0064678404599353;0,0024744308808973;0,0004769222616713;0,0011441647597254;0,0026455026455026;0,0;0,1338361754846232;0,3204714927822069;0,1338361754846232;0,0468633669991002;-0,0025083559539371;0,9897837837837836;0,0060442954204535;0,5144906046592796;0,1004091391366468;0,0318229100920142;0,001477104874446;0,0;0,0044020542920029;0,008893280632411;0,0074232926426921;0,0046632398918976;0,0062929061784897;0,0;0,0227272727272727
UNSW-NB15;RANDOM_L2;gaussian;1;5;2048;2;5,508630037307739;40,35734272003174;3,823543701112567;0,1724238449205655;0,7552072813009585;0,1724238449205655;0,1964154491502516;0,0644260915491093;0,7797027027027027;0,0026030177358157;0,6291912945844893;0,1433733533936443;0,0757364724581241;0,0073855243722304;0,0;0,0029347028613352;0,0064678404599353;0,0024744308808973;0,0004769222616713;0,0011441647597254;0,0026455026455026;0,0;0,1341884079094398;0,3139378345129397;0,1341884079094398;0,0467827383151774;-0,0018835313724099;0,9902162162162162;0,0062648901438277;0,5053598933778705;0,1004329458483769;0,0317689194924475;0,001477104874446;0,0051457975986277;0,0036683785766691;0,0098814229249011;0,0080831408775981;0,0037623867309628;0,0088672768878718;0,0079365079365079;0,0227272727272727
UNSW-NB15;FGSM;gaussian;1;5;2048;3;5,547199487686157;45,759254932403564;1,9615702278579408;0,1387674294320555;0,529593104333343;0,1387674294320555;0,1660595812398165;0,053471782807955;0,8378378378378378;0,0028236124591899;0,634448951882743;0,1470418197351693;0,0686629300135448;0,0;0,0;0,0046466128637808;0,0079051383399209;0,0028043549983503;0,0002119654496317;0,0;0,0;0,0;0,1191517271534761;0,1519282870967148;0,1191517271534761;0,1076538776418656;-0,0419180969381813;0,8862432432432432;0,2625959587046678;0,4819139983266994;0,1203059844786074;0,0435228647306951;0,9586410635155096;0,8867924528301887;0,714844705306921;0,3606719367588933;0,4211481359287364;0,0059880239520958;0,30720823798627;0,1455026455026455;0,1136363636363636
UNSW-NB15;RANDOM_LINF;gaussian;1;5;2048;3;5,547199487686157;45,99853992462158;0,5052713404265663;0,1387674294320555;0,529593104333343;0,1387674294320555;0,1660595812398165;0,053471782807955;0,8378378378378378;0,0028236124591899;0,634448951882743;0,1470418197351693;0,0686629300135448;0,0;0,0;0,0046466128637808;0,0079051383399209;0,0028043549983503;0,0002119654496317;0,0;0,0;0,0;0,1337147160277899;0,296469402551932;0,1337147160277899;0,0431498630629242;-0,0041246519651764;0,9889729729729728;0,0080958263478337;0,5408621924642764;0,1094108350972966;0,0293250346544097;0,001477104874446;0,0051457975986277;0,0046466128637808;0,0136543298598634;0,0092378752886836;0,0056170844152403;0,0074370709382151;0,0105820105820105;0,0
UNSW-NB15;RANDOM_L2;gaussian;1;5;2048;3;5,547199487686157;45,8632242679596;0,4396832337365791;0,1387674294320555;0,529593104333343;0,1387674294320555;0,1660595812398165;0,053471782807955;0,8378378378378378;0,0028236124591899;0,634448951882743;0,1470418197351693;0,0686629300135448;0,0;0,0;0,0046466128637808;0,0079051383399209;0,0028043549983503;0,0002119654496317;0,0;0,0;0,0;0,1343705970946898;0,2827359985085112;0,1343705970946898;0,0434479018997613;-0,0018348117187428;0,9888648648648648;0,0080517074031589;0,5448502532075825;0,1086426603700026;0,0296251584089126;0,0073855243722304;0,0051457975986277;0,0061139642944485;0,0128458498023715;0,0090729132299571;0,0053521276032006;0,0074370709382151;0,0132275132275132;0,0454545454545454
UNSW-NB15;FGSM;gaussian;1;10;1024;2;3,63254714012146;11,43526577949524;34,27221493465481;0,4378370499927124;0,756230814730213;0,4378370499927124;0,530016530542136;0,3503818593111559;0,5173783783783784;0,0036839318803494;0,6388776984837929;0,1572238510030779;0,2018627987522893;0,0088626292466765;0,0;0,008070432868672;0,0087136183974128;0,0037941273507093;0,0003709395368554;0,0002860411899313;0,0;0,0;0,0951149006461643;0,2534561797695565;0,0951149006461643;0,1133734555065602;0,0299583977060671;0,9151351351351352;0,1138930556781081;0,549457273551777;0,1231990587399384;0,0712539809457129;0,431314623338257;0,4219554030874786;0,2526290046466128;0,1505569529284944;0,220554272517321;0,0235811562715277;0,0328947368421052;0,037037037037037;0,1136363636363636
UNSW-NB15;RANDOM_LINF;gaussian;1;10;1024;2;3,63254714012146;14,950156927108765;37,83462080357577;0,4378370499927124;0,756230814730213;0,4378370499927124;0,530016530542136;0,3503818593111559;0,5173783783783784;0,0036839318803494;0,6388776984837929;0,1572238510030779;0,2018627987522893;0,0088626292466765;0,0;0,008070432868672;0,0087136183974128;0,0037941273507093;0,0003709395368554;0,0002860411899313;0,0;0,0;0,0594908419569547;0,3387981614808483;0,0594908419569547;0,0643187149944912;0,0028394830224791;0,957081081081081;0,0364422483014206;0,5086977349332474;0,1011279230766909;0,0336070730607484;0,035450516986706;0,0583190394511149;0,0347273171924676;0,0313510600071864;0,0291982843945892;0,0408033490541041;0,0411899313501144;0,0291005291005291;0,0227272727272727
UNSW-NB15;RANDOM_L2;gaussian;1;10;1024;2;3,63254714012146;14,640801668167114;38,00102025943741;0,4378370499927124;0,756230814730213;0,4378370499927124;0,530016530542136;0,3503818593111559;0,5173783783783784;0,0036839318803494;0,6388776984837929;0,1572238510030779;0,2018627987522893;0,0088626292466765;0,0;0,008070432868672;0,0087136183974128;0,0037941273507093;0,0003709395368554;0,0002860411899313;0,0;0,0;0,0578268473983384;0,3313647583852263;0,0578268473983384;0,0627715116164176;0,0012795365052496;0,958027027027027;0,0360010588546722;0,5076358883659542;0,1014016004060148;0,0325530076049338;0,053175775480059;0,0188679245283018;0,0354609929078014;0,0301832554796981;0,034147146156384;0,0406973663292883;0,0331807780320366;0,0264550264550264;0,0681818181818181
UNSW-NB15;FGSM;gaussian;1;10;1024;3;3,613493204116821;7,636158943176269;32,41145605596852;0,4062575912160521;0,7271968378397455;0,4062575912160521;0,468721709326678;0,3303325970971094;0,691027027027027;0,0154416306361951;0,6493142275115914;0,1443387833794297;0,188131004730981;0,0118168389955686;0,0;0,008070432868672;0,0169780812073302;0,0130320026393929;0,0011658099729744;0,1049771167048054;0,0052910052910052;0,0;0,0821430306563669;0,1759345115131654;0,0821430306563669;0,1077608959353566;-0,0387239611181177;0,8836216216216216;0,2435806935498103;0,533433586304531;0,1123822092213884;0,0441513554912715;0,9689807976366324;0,869639794168096;0,7050623624358033;0,346298957959037;0,4307159353348729;0,0051401621535689;0,1184210526315789;0,037037037037037;0,1136363636363636
UNSW-NB15;RANDOM_LINF;gaussian;1;10;1024;3;3,613493204116821;15,566726446151732;35,23053004906962;0,4062575912160521;0,7271968378397455;0,4062575912160521;0,468721709326678;0,3303325970971094;0,691027027027027;0,0154416306361951;0,6493142275115914;0,1443387833794297;0,188131004730981;0,0118168389955686;0,0;0,008070432868672;0,0169780812073302;0,0130320026393929;0,0011658099729744;0,1049771167048054;0,0052910052910052;0,0;0,0539522907253558;0,3278531906386623;0,0539522907253558;0,0551049292334994;0,0010367726006291;0,9677297297297296;0,0300229418512309;0,5099224251268434;0,1011725921563893;0,0324379927530781;0,035450516986706;0,0291595197255574;0,0303252629004646;0,0294646065397053;0,0321676014516661;0,0288273011499125;0,0314645308924485;0,0423280423280423;0,0681818181818181
UNSW-NB15;RANDOM_L2;gaussian;1;10;1024;3;3,613493204116821;15,496137857437134;35,31555166885294;0,4062575912160521;0,7271968378397455;0,4062575912160521;0,468721709326678;0,3303325970971094;0,691027027027027;0,0154416306361951;0,6493142275115914;0,1443387833794297;0,188131004730981;0,0118168389955686;0,0;0,008070432868672;0,0169780812073302;0,0130320026393929;0,0011658099729744;0,1049771167048054;0,0052910052910052;0,0;0,0531020745275227;0,3245923028025967;0,0531020745275227;0,0538872205061884;-0,0003965422628943;0,9685945945945946;0,0301111797405806;0,5076926303034582;0,1010056364325271;0,0308407310893667;0,0339734121122599;0,039451114922813;0,0273905600391293;0,0281171397772188;0,0324975255691191;0,0308409729214138;0,0291762013729977;0,0264550264550264;0,0681818181818181
UNSW-NB15;FGSM;gaussian;1;10;2048;2;3,638669967651367;8,73076057434082;17,807170966331437;0,2524777729193995;0,5153873981846152;0,2524777729193995;0,2983546819167412;0,1534380709183978;0,6296486486486487;0,0051398570546192;0,6404804833884413;0,155397367567792;0,1068139181891315;0,0147710487444608;0,0;0,0058694057226705;0,0129356809198706;0,0064335202903332;0,0005829049864872;0,0011441647597254;0,0026455026455026;0,0;0,0744060632560851;0,1568750407499163;0,0744060632560851;0,0987196731330216;-0,0505779695728593;0,8889459459459459;0,2472425659578223;0,5397017159824015;0,1150564510020315;0,0379218284284852;0,8847858197932054;0,8113207547169812;0,6876987038395695;0,3760330578512397;0,4153744638733091;0,006570928938583;0,1284324942791762;0,0714285714285714;0,4545454545454545
UNSW-NB15;RANDOM_LINF;gaussian;1;10;2048;2;3,638669967651367;14,957962274551392;20,491424962347565;0,2524777729193995;0,5153873981846152;0,2524777729193995;0,2983546819167412;0,1534380709183978;0,6296486486486487;0,0051398570546192;0,6404804833884413;0,155397367567792;0,1068139181891315;0,0147710487444608;0,0;0,0058694057226705;0,0129356809198706;0,0064335202903332;0,0005829049864872;0,0011441647597254;0,0026455026455026;0,0;0,0475635232959238;0,3610170805567681;0,0475635232959238;0,0499052723241268;-0,0009913574489151;0,9704324324324324;0,0254345716050472;0,5070144460723119;0,1010018970170548;0,0289533135257359;0,0088626292466765;0,0257289879931389;0,0220102714600146;0,0255120373697448;0,0305179808644011;0,0246939748820942;0,0271739130434782;0,0317460317460317;0,0
UNSW-NB15;RANDOM_L2;gaussian;1;10;2048;2;3,638669967651367;14,942936420440674;20,608026040907543;0,2524777729193995;0,5153873981846152;0,2524777729193995;0,2983546819167412;0,1534380709183978;0,6296486486486487;0,0051398570546192;0,6404804833884413;0,155397367567792;0,1068139181891315;0,0147710487444608;0,0;0,0058694057226705;0,0129356809198706;0,0064335202903332;0,0005829049864872;0,0011441647597254;0,0026455026455026;0,0;0,046397512510324;0,2289526217599041;0,046397512510324;0,0479206859329556;-0,0024633144623824;0,9724324324324324;0,0270669725580164;0,5095227821187182;0,1007771643508907;0,0282708038562214;0,017725258493353;0,0240137221269296;0,0249449743213499;0,0268595041322314;0,0278785879247773;0,0272905516400826;0,029462242562929;0,0291005291005291;0,0454545454545454
UNSW-NB15;FGSM;gaussian;1;10;2048;3;3,719574689865112;9,21384572982788;22,703201671282123;0,2993732692027401;0,525592905667742;0,2993732692027401;0,3523345281449361;0,197035649163118;0,5285405405405406;0,0114488661431218;0,6403140293461518;0,1459966657954743;0,1241638177203003;0,0103397341211226;0,0085763293310463;0,0117388114453411;0,0215594681997844;0,0219399538106235;0,002172645858725;0,012299771167048;0,0052910052910052;0,0;0,0723412524899188;0,1528284878429543;0,0723412524899188;0,0943278613102832;-0,0454448710582004;0,907972972972973;0,2320215300450013;0,5342227137760162;0,1130770996969098;0,0412446410238861;0,912850812407681;0,8370497427101201;0,6637319638053314;0,3313869924541861;0,4072913229957109;0,0048222139791214;0,1204233409610984;0,0476190476190476;0,2272727272727272
UNSW-NB15;RANDOM_LINF;gaussian;1;10;2048;3;3,719574689865112;14,98660159111023;24,52630811835009;0,2993732692027401;0,525592905667742;0,2993732692027401;0,3523345281449361;0,197035649163118;0,5285405405405406;0,0114488661431218;0,6403140293461518;0,1459966657954743;0,1241638177203003;0,0103397341211226;0,0085763293310463;0,0117388114453411;0,0215594681997844;0,0219399538106235;0,002172645858725;0,012299771167048;0,0052910052910052;0,0;0,0541101880192391;0,4043607818925051;0,0541101880192391;0,0599281173992261;0,0034515563069112;0,9592162162162162;0,0341260037059913;0,5140929563973872;0,1010473131792856;0,0324288120284936;0,0339734121122599;0,0325900514579759;0,0366837857666911;0,0310815666546891;0,0320026393929396;0,0373059191351809;0,0288901601830663;0,0238095238095238;0,0227272727272727
UNSW-NB15;RANDOM_L2;gaussian;1;10;2048;3;3,719574689865112;14,64959716796875;24,579750279356748;0,2993732692027401;0,525592905667742;0,2993732692027401;0,3523345281449361;0,197035649163118;0,5285405405405406;0,0114488661431218;0,6403140293461518;0,1459966657954743;0,1241638177203003;0,0103397341211226;0,0085763293310463;0,0117388114453411;0,0215594681997844;0,0219399538106235;0,002172645858725;0,012299771167048;0,0052910052910052;0,0;0,0535757664091726;0,2587370118167534;0,0535757664091726;0,0602446392248177;0,0030100978010599;0,9572432432432432;0,0329127327274331;0,5044846669002677;0,1008106049386247;0,0313557519024416;0,0384047267355982;0,0205831903945111;0,0354609929078014;0,0314408911246855;0,0288683602771362;0,0362990832494303;0,0260297482837528;0,0185185185185185;0,0227272727272727
UNSW-NB15;FGSM;gaussian;1;15;1024;2;2,9049289226531982;7,257465839385986;49,961132973813335;0,5642277607734538;0,7736332733600162;0,5642277607734538;0,6218595260165795;0,4846292591827211;0,4488378378378378;0,0151107385511338;0,6977616602856942;0,2006923583070741;0,25570773325245;0,0118168389955686;0,0034305317324185;0,0090486671557838;0,0101509162773984;0,0353018805674694;0,0008478617985268;0,0826659038901601;0,0158730158730158;0,0;0,0646164310353204;0,183699558371689;0,0646164310353204;0,0823648333179221;-0,0109408441025328;0,9341621621621622;0,1140915909291449;0,535579510709319;0,1197032761351152;0,0385998878295053;0,4579025110782865;0,4065180102915952;0,305453656150648;0,1443586058210564;0,2113163972286374;0,0128239097027184;0,0660755148741418;0,0343915343915343;0,0454545454545454
UNSW-NB15;RANDOM_LINF;gaussian;1;15;1024;2;2,9049289226531982;2,843437433242798;54,47335179517078;0,5642277607734538;0,7736332733600162;0,5642277607734538;0,6218595260165795;0,4846292591827211;0,4488378378378378;0,0151107385511338;0,6977616602856942;0,2006923583070741;0,25570773325245;0,0118168389955686;0,0034305317324185;0,0090486671557838;0,0101509162773984;0,0353018805674694;0,0008478617985268;0,0826659038901601;0,0158730158730158;0,0;0,0194942428217461;0,3387897541498101;0,0194942428217461;0,0211449411396043;0,0017114744869266;0,9882432432432432;0,010985617224036;0,5015611482710285;0,100103263797333;0,0131625554013568;0,0132939438700147;0,0051457975986277;0,0112496943017852;0,0116780452748832;0,0140217749917518;0,0095384452334269;0,0102974828375286;0,0238095238095238;0,0
UNSW-NB15;RANDOM_L2;gaussian;1;15;1024;2;2,9049289226531982;3,0287797451019287;54,55715882038575;0,5642277607734538;0,7736332733600162;0,5642277607734538;0,6218595260165795;0,4846292591827211;0,4488378378378378;0,0151107385511338;0,6977616602856942;0,2006923583070741;0,25570773325245;0,0118168389955686;0,0034305317324185;0,0090486671557838;0,0101509162773984;0,0353018805674694;0,0008478617985268;0,0826659038901601;0,0158730158730158;0,0;0,0186561725695962;0,347107413357488;0,0186561725695962;0,0197737261958366;-0,0017267299376919;0,9883783783783784;0,0122871260919438;0,5001289757873322;0,1000254516714941;0,0125009680468638;0,0147710487444608;0,006861063464837;0,0151626314502323;0,0133848365073661;0,0123721544044869;0,0107042552064013;0,0134439359267734;0,0211640211640211;0,0
UNSW-NB15;FGSM;gaussian;1;15;1024;3;3,00880765914917;4,812939167022705;31,57702958752369;0,3768401107710246;0,74028847263247;0,3768401107710246;0,4435025851098902;0,289939017828763;0,6764864864864865;0,0080737668754963;0,6663630460183609;0,1522202382962441;0,1828683123453272;0,0147710487444608;0,0017152658662092;0,0078258742968941;0,0112288896873877;0,0291982843945892;0,0009538445233426;0,0005720823798627;0,0026455026455026;0,0;0,0610698148957877;0,1716331049709023;0,0610698148957877;0,0893810192137604;-0,0495310582874442;0,8968378378378379;0,2083296567546104;0,5309494842862307;0,118714178425387;0,0320912031463392;0,8316100443131462;0,7564322469982847;0,6065052580092932;0,2861121092346388;0,3804025074232926;0,0032324731068835;0,1069794050343249;0,0502645502645502;0,3409090909090909
UNSW-NB15;RANDOM_LINF;gaussian;1;15;1024;3;3,00880765914917;2,353354454040528;36,53136083175436;0,3768401107710246;0,74028847263247;0,3768401107710246;0,4435025851098902;0,289939017828763;0,6764864864864865;0,0080737668754963;0,6663630460183609;0,1522202382962441;0,1828683123453272;0,0147710487444608;0,0017152658662092;0,0078258742968941;0,0112288896873877;0,0291982843945892;0,0009538445233426;0,0005720823798627;0,0026455026455026;0,0;0,011526502453481;0,3193972953120805;0,011526502453481;0,0068942334118044;-0,0011601555298671;0,9969189189189188;0,0024265419571163;0,5017343728969319;0,1002239156683978;0,0055964526419354;0,001477104874446;0,0017152658662092;0,0026901442895573;0,0024254401724757;0,0024744308808973;0,002172645858725;0,0037185354691075;0,0;0,0227272727272727
UNSW-NB15;RANDOM_L2;gaussian;1;15;1024;3;3,00880765914917;2,391047477722168;36,50949812952437;0,3768401107710246;0,74028847263247;0,3768401107710246;0,4435025851098902;0,289939017828763;0,6764864864864865;0,0080737668754963;0,6663630460183609;0,1522202382962441;0,1828683123453272;0,0147710487444608;0,0017152658662092;0,0078258742968941;0,0112288896873877;0,0291982843945892;0,0009538445233426;0,0005720823798627;0,0026455026455026;0,0;0,0117451294757809;0,3104269730731913;0,0117451294757809;0,007345190101364;-0,0001865300548441;0,997;0,0026471366804906;0,5001158268012751;0,1000707852604468;0,0058434542615354;0,0044313146233382;0,0051457975986277;0,0014673514306676;0,0021559468199784;0,0026393929396238;0,0033384558316994;0,0014302059496567;0,0;0,0
UNSW-NB15;FGSM;gaussian;1;15;2048;2;2,933960199356079;5,242794752120972;50,74090268668318;0,5757421172812515;0,7693792003690594;0,5757421172812515;0,6241183395675041;0,4857360258863902;0,4394864864864864;0,0133900997088149;0,6827945423695679;0,19173784822279;0,2495060134704189;0,0147710487444608;0,0;0,0105160185864514;0,0323392022996766;0,0199604091059056;0,0014837581474219;0,012299771167048;0,0052910052910052;0,0;0,0683330904144196;0,2034403737486919;0,0683330904144196;0,0985528143264897;-0,0391892879117972;0,8847837837837838;0,211969469690285;0,5302207152017636;0,110535281219094;0,0405329667742471;0,7282127031019202;0,6672384219554031;0,6094399608706285;0,3183614804168164;0,3754536456614978;0,0045042658046738;0,0886727688787185;0,037037037037037;0,1363636363636363
UNSW-NB15;RANDOM_LINF;gaussian;1;15;2048;2;2,933960199356079;2,347273826599121;56,26002040518874;0,5757421172812515;0,7693792003690594;0,5757421172812515;0,6241183395675041;0,4857360258863902;0,4394864864864864;0,0133900997088149;0,6827945423695679;0,19173784822279;0,2495060134704189;0,0147710487444608;0,0;0,0105160185864514;0,0323392022996766;0,0199604091059056;0,0014837581474219;0,012299771167048;0,0052910052910052;0,0;0,013141913229364;0,4062775481620514;0,013141913229364;0,0099061588376926;0,0035009446038479;0,9942972972972972;0,0043898349951469;0,5011304756821294;0,100387673950224;0,0069751207886843;0,0029542097488921;0,0120068610634648;0,0036683785766691;0,0048508803449514;0,0064335202903332;0,0034974299189232;0,0045766590389016;0,0;0,0
UNSW-NB15;RANDOM_L2;gaussian;1;15;2048;2;2,933960199356079;2,416632413864136;56,3098187824904;0,5757421172812515;0,7693792003690594;0,5757421172812515;0,6241183395675041;0,4857360258863902;0,4394864864864864;0,0133900997088149;0,6827945423695679;0,19173784822279;0,2495060134704189;0,0147710487444608;0,0;0,0105160185864514;0,0323392022996766;0,0199604091059056;0,0014837581474219;0,012299771167048;0,0052910052910052;0,0;0,0126439294563474;0,3673269767720021;0,0126439294563474;0,0089868441534795;0,0012258216574999;0,9948108108108108;0,0043677755228094;0,5001544453797704;0,1001192107477339;0,0065536553501675;0,0044313146233382;0,0034305317324185;0,0031792614331132;0,0056593604024434;0,0054437479379742;0,0035504212813311;0,0042906178489702;0,0052910052910052;0,0
UNSW-NB15;FGSM;gaussian;1;15;2048;3;2,9968204498291016;7,295066118240356;50,95467133070981;0,5736530146237186;0,7867055710216067;0,5736530146237186;0,6329827886325914;0,4929865643444606;0,4357567567567567;0,0108753198623488;0,6621583489912665;0,1613490494012207;0,2506267446643605;0,0073855243722304;0,0;0,012227928588897;0,0231764283147682;0,0150115473441108;0,0041333262678183;0,0028604118993135;0,0026455026455026;0,0;0,0641063013166205;0,2524409791256861;0,0641063013166205;0,0946486436432242;0,0138349824397138;0,9253783783783784;0,0776052236830495;0,5226064509715844;0,118313513655086;0,0511790352018731;0,2274741506646972;0,241852487135506;0,1736365859623379;0,1056413941789435;0,1897063675354668;0,0032324731068835;0,0323226544622425;0,0291005291005291;0,0454545454545454
UNSW-NB15;RANDOM_LINF;gaussian;1;15;2048;3;2,9968204498291016;2,3253207206726074;56,317106349900406;0,5736530146237186;0,7867055710216067;0,5736530146237186;0,6329827886325914;0,4929865643444606;0,4357567567567567;0,0108753198623488;0,6621583489912665;0,1613490494012207;0,2506267446643605;0,0073855243722304;0,0;0,012227928588897;0,0231764283147682;0,0150115473441108;0,0041333262678183;0,0028604118993135;0,0026455026455026;0,0;0,0104819511247145;0,3730736384645495;0,0104819511247145;0,0048481846279261;-0,000737890573217;0,9978648648648648;0,0020735903997176;0,5003356243010968;0,1001180865460391;0,0044819871355969;0,0029542097488921;0,0017152658662092;0,0017119100024455;0,0016169601149838;0,0032992411745298;0,0020136717715012;0,0020022883295194;0,0026455026455026;0,0
UNSW-NB15;RANDOM_L2;gaussian;1;15;2048;3;2,9968204498291016;2,3857181072235107;56,29038526939708;0,5736530146237186;0,7867055710216067;0,5736530146237186;0,6329827886325914;0,4929865643444606;0,4357567567567567;0,0108753198623488;0,6621583489912665;0,1613490494012207;0,2506267446643605;0,0073855243722304;0,0;0,012227928588897;0,0231764283147682;0,0150115473441108;0,0041333262678183;0,0028604118993135;0,0026455026455026;0,0;0,0107491619297478;0,3718812343228003;0,0107491619297478;0,0052837172232136;0,0009514303644884;0,997891891891892;0,001830936204006;0,5007313731473009;0,1001911587787728;0,0049355251956918;0,0029542097488921;0,0;0,0014673514306676;0,001796622349982;0,0011547344110854;0,0022256372211329;0,0014302059496567;0,0;0,0227272727272727
UNSW-NB15;FGSM;gaussian;1;20;1024;2;2,5760931968688965;7,992094039916992;46,919788174707286;0,5254821940436283;0,6537315341013114;0,5254821940436283;0,5665506222507223;0,3991606410971023;0,435081081081081;0,1169372628606723;0,6406091954145278;0,170047881103913;0,2263953284499008;0,1270310192023633;0,137221269296741;0,0317926143311323;0,0404240028745957;0,1039260969976905;0,2049175984314556;0,0145881006864988;0,0185185185185185;0,0;0,0562843122965554;0,2307515276463494;0,0562843122965554;0,080177595962958;0,0062501880472146;0,9386216216216215;0,0670828553780993;0,5146653655392354;0,1113900028896818;0,0442507044704118;0,1787296898079763;0,2144082332761578;0,1780386402543409;0,1218109953287819;0,0880897393599472;0,0027025594828043;0,0297482837528604;0,0211640211640211;0,3181818181818182
UNSW-NB15;RANDOM_LINF;gaussian;1;20;1024;2;2,5760931968688965;2,202406883239746;50,48948161103824;0,5254821940436283;0,6537315341013114;0,5254821940436283;0,5665506222507223;0,3991606410971023;0,435081081081081;0,1169372628606723;0,6406091954145278;0,170047881103913;0,2263953284499008;0,1270310192023633;0,137221269296741;0,0317926143311323;0,0404240028745957;0,1039260969976905;0,2049175984314556;0,0145881006864988;0,0185185185185185;0,0;0,0205873779332458;0,2505116412045358;0,0205873779332458;0,0227836684062911;-5,703907456562984e-05;0,9846486486486488;0,0151327980234712;0,5001862374453836;0,1000233377705378;0,0125120337284447;0,0192023633677991;0,0205831903945111;0,0151626314502323;0,015091627739849;0,0151765094028373;0,0148375814742197;0,0128718535469107;0,0343915343915343;0,0227272727272727
UNSW-NB15;RANDOM_L2;gaussian;1;20;1024;2;2,5760931968688965;2,4478325843811035;50,46518971967158;0,5254821940436283;0,6537315341013114;0,5254821940436283;0,5665506222507223;0,3991606410971023;0,435081081081081;0,1169372628606723;0,6406091954145278;0,170047881103913;0,2263953284499008;0,1270310192023633;0,137221269296741;0,0317926143311323;0,0404240028745957;0,1039260969976905;0,2049175984314556;0,0145881006864988;0,0185185185185185;0,0;0,0208302968469125;0,294998459986756;0,0208302968469125;0,0235738745287316;-0,0004445013387991;0,9841891891891892;0,016324009529692;0,4989594127498082;0,1000289866586438;0,0129996010704412;0,0162481536189069;0,0137221269296741;0,0129616043042308;0,0158102766798418;0,0164962058726492;0,0171162100577605;0,0177345537757437;0,0185185185185185;0,0
UNSW-NB15;FGSM;gaussian;1;20;1024;3;2,6841769218444824;6,473501443862915;53,77981829665258;0,5752198416168683;0,7830747704965213;0,5752198416168683;0,6371320158044269;0,4936684503447941;0,4142972972972973;0,0124415423983058;0,6827011156189133;0,1858754203841673;0,2503225328602904;0,0073855243722304;0,0017152658662092;0,0127170457324529;0,0268595041322314;0,0234246123391619;0,000688887711303;0,0143020594965675;0,0052910052910052;0,0;0,0374216586503425;0,1771371087797857;0,0374216586503425;0,053741429821291;-0,0049292674002651;0,9722702702702702;0,0568472602135356;0,5173766263643766;0,1125813470920574;0,0355313499591642;0,1757754800590842;0,144082332761578;0,1924675959892394;0,0802191879266978;0,0887495875948531;0,0010068358857506;0,0374713958810068;0,0132275132275132;0,0227272727272727
UNSW-NB15;RANDOM_LINF;gaussian;1;20;1024;3;2,6841769218444824;1,7019014358520508;56,45071175241705;0,5752198416168683;0,7830747704965213;0,5752198416168683;0,6371320158044269;0,4936684503447941;0,4142972972972973;0,0124415423983058;0,6827011156189133;0,1858754203841673;0,2503225328602904;0,0073855243722304;0,0017152658662092;0,0127170457324529;0,0268595041322314;0,0234246123391619;0,000688887711303;0,0143020594965675;0,0052910052910052;0,0;0,0107127240926978;0,309971519290268;0,0107127240926978;0,0050303628562603;0,0001921459050091;0,9975945945945944;0,002669196152828;0,5005997576952852;0,1000224348800734;0,0045579949791396;0,001477104874446;0,0051457975986277;0,0022010271460014;0,0022457779374775;0,0031342791158033;0,0031264903820677;0,0014302059496567;0,0;0,0
UNSW-NB15;RANDOM_L2;gaussian;1;20;1024;3;2,6841769218444824;1,768712282180786;56,43492202302872;0,5752198416168683;0,7830747704965213;0,5752198416168683;0,6371320158044269;0,4936684503447941;0,4142972972972973;0,0124415423983058;0,6827011156189133;0,1858754203841673;0,2503225328602904;0,0073855243722304;0,0017152658662092;0,0127170457324529;0,0268595041322314;0,0234246123391619;0,000688887711303;0,0143020594965675;0,0052910052910052;0,0;0,0108706213865811;0,3186450463748944;0,0108706213865811;0,0054085777201464;0,0010091669677577;0,997108108108108;0,002514779846466;0,4999671875629382;0,1000523238586913;0,0043446867711916;0,0;0,006861063464837;0,0024455857177794;0,0027847646424721;0,0014846585285384;0,0025435853955805;0,0034324942791762;0,0;0,0
UNSW-NB15;FGSM;gaussian;1;20;2048;2;2,601240396499634;3,893899440765381;55,32721177670894;0,5871714521692659;0,7405591963636796;0,5871714521692659;0,6207871831571333;0,4862867165002162;0,4144324324324324;0,0490602664784258;0,6852908783820737;0,1918011662767866;0,2495063122705419;0,0162481536189069;0,0102915951972555;0,0144289557348985;0,0340459935321595;0,0359617288023754;0,0805998622224577;0,0080091533180778;0,0052910052910052;0,0;0,0338993344021765;0,2409718102404677;0,0338993344021765;0,0481198754718611;0,0017455427882883;0,9577297297297296;0,0389349686755492;0,5008048349416107;0,1042870942575308;0,0274670017988236;0,104874446085672;0,1166380789022298;0,0628515529469307;0,0371900826446281;0,103101286704058;0,016056382809602;0,0068649885583524;0,0052910052910052;0,0227272727272727
UNSW-NB15;RANDOM_LINF;gaussian;1;20;2048;2;2,601240396499634;1,8233544826507568;57,445464703881846;0,5871714521692659;0,7405591963636796;0,5871714521692659;0,6207871831571333;0,4862867165002162;0,4144324324324324;0,0490602664784258;0,6852908783820737;0,1918011662767866;0,2495063122705419;0,0162481536189069;0,0102915951972555;0,0144289557348985;0,0340459935321595;0,0359617288023754;0,0805998622224577;0,0080091533180778;0,0052910052910052;0,0;0,0127168051304474;0,2624623264644643;0,0127168051304474;0,008991420656439;-0,0006475364847727;0,9956486486486488;0,0048530839142327;0,4998255167168327;0,0999962288712031;0,0065093421015631;0,0073855243722304;0,006861063464837;0,0053802885791146;0,0046712181099532;0,0064335202903332;0,0041863176302262;0,0051487414187643;0,0026455026455026;0,0
UNSW-NB15;RANDOM_L2;gaussian;1;20;2048;2;2,601240396499634;1,9536640644073489;57,43817713647184;0,5871714521692659;0,7405591963636796;0,5871714521692659;0,6207871831571333;0,4862867165002162;0,4144324324324324;0,0490602664784258;0,6852908783820737;0,1918011662767866;0,2495063122705419;0,0162481536189069;0,0102915951972555;0,0144289557348985;0,0340459935321595;0,0359617288023754;0,0805998622224577;0,0080091533180778;0,0052910052910052;0,0;0,0127896808045474;0,289719060037576;0,0127896808045474;0,0091182623475176;-0,0003299453126737;0,9952702702702704;0,0045221918291714;0,4999904616177254;0,0999836191156229;0,006466396767708;0,0044313146233382;0,006861063464837;0,0044020542920029;0,0054796981674452;0,0034642032332563;0,0044512744422659;0,0037185354691075;0,0026455026455026;0,0
UNSW-NB15;FGSM;gaussian;1;20;2048;3;2,609241485595703;8,26620864868164;53,28669290190934;0,5911067385706651;0,7648030438315754;0,5911067385706651;0,6360934297601636;0,5006802810764033;0,4086216216216216;0,0116915203388334;0,6707149890094746;0,1702855453835031;0,2511219920149127;0,0088626292466765;0,0034305317324185;0,016385424309122;0,0212899748472871;0,0131969646981194;0,003603412643739;0,0188787185354691;0,0079365079365079;0,0227272727272727;0,0582398095515716;0,3308417065060614;0,0582398095515716;0,0890988162869997;0,0413141604949729;0,9212162162162162;0,0466999029383217;0,5437203206103363;0,1270993086081149;0,0480006782168681;0,0472673559822747;0,0188679245283018;0,0523355343604793;0,0732123607617678;0,1558891454965358;0,0026495681203963;0,0111556064073226;0,0185185185185185;0,0909090909090909
UNSW-NB15;RANDOM_LINF;gaussian;1;20;2048;3;2,609241485595703;1,7189841270446775;58,19851333624836;0,5911067385706651;0,7648030438315754;0,5911067385706651;0,6360934297601636;0,5006802810764033;0,4086216216216216;0,0116915203388334;0,6707149890094746;0,1702855453835031;0,2511219920149127;0,0088626292466765;0,0034305317324185;0,016385424309122;0,0212899748472871;0,0131969646981194;0,003603412643739;0,0188787185354691;0,0079365079365079;0,0227272727272727;0,0091216052081815;0,21799689787883;0,0091216052081815;0,0019899830509063;-0,0008266279641813;0,9986756756756756;0,0014338657019324;0,5000789694170586;0,1000109335023764;0,0024660150450325;0,001477104874446;0,0;0,0017119100024455;0,001796622349982;0,0004948861761794;0,0015897408722378;0,000858123569794;0,0026455026455026;0,0
UNSW-NB15;RANDOM_L2;gaussian;1;20;2048;3;2,609241485595703;1,80224871635437;58,1632900937667;0,5911067385706651;0,7648030438315754;0,5911067385706651;0,6360934297601636;0,5006802810764033;0,4086216216216216;0,0116915203388334;0,6707149890094746;0,1702855453835031;0,2511219920149127;0,0088626292466765;0,0034305317324185;0,016385424309122;0,0212899748472871;0,0131969646981194;0,003603412643739;0,0188787185354691;0,0079365079365079;0,0227272727272727;0,0094738376329981;0,3012227359761747;0,0094738376329981;0,0026649874692979;0,0032117183897772;0,998108108108108;0,0009926762551839;0,5001154455423149;0,1000445883580105;0,0026898557392424;0,0;0,0017152658662092;0,0019564685742235;0,0011678045274883;0,0004948861761794;0,0009008531609347;0,000858123569794;0,0;0,0
UNSW-NB15;FGSM;gaussian;2;5;1024;2;9,527517318725586;28,131405353546143;17,714861779138126;0,3069887771461886;0,5250392890089924;0,3069887771461886;0,3473864585260052;0,2075075866976758;0,5425135135135135;0,0072796258713491;0,6283502613144726;0,1712791021369858;0,1309075935548575;0,0502215657311669;0,0017152658662092;0,0112496943017852;0,0122170319798778;0,0133619267568459;0,0007418790737109;0,0042906178489702;0,0079365079365079;0,0;0,1298401593548073;0,1252496321292006;0,1298401593548073;0,0856606455505083;-0,0393383966505492;0,9293243243243244;0,1976969910879731;0,3808106240165415;0,1179958562407013;0,0390259041271056;0,8921713441654358;0,8284734133790738;0,6128637808755197;0,2586237872799137;0,3503794127350709;0,0018017063218695;0,0921052631578947;0,0132275132275132;0,1136363636363636
UNSW-NB15;RANDOM_LINF;gaussian;2;5;1024;2;9,527517318725586;22,56556344032288;18,537142301899628;0,3069887771461886;0,5250392890089924;0,3069887771461886;0,3473864585260052;0,2075075866976758;0,5425135135135135;0,0072796258713491;0,6283502613144726;0,1712791021369858;0,1309075935548575;0,0502215657311669;0,0017152658662092;0,0112496943017852;0,0122170319798778;0,0133619267568459;0,0007418790737109;0,0042906178489702;0,0079365079365079;0,0;0,1216173541271923;0,027021726528739;0,1216173541271923;0,0343341214721976;-0,0090808663037939;1,0;0,0;0,5492850242654322;0,1121898264105438;0,0297304116167835;0,0;0,0;0,0;0,0;0,0;0,0;0,0;0,0;0,0
UNSW-NB15;RANDOM_L2;gaussian;2;5;1024;2;9,527517318725586;22,711776971817017;18,52742554535296;0,3069887771461886;0,5250392890089924;0,3069887771461886;0,3473864585260052;0,2075075866976758;0,5425135135135135;0,0072796258713491;0,6283502613144726;0,1712791021369858;0,1309075935548575;0,0502215657311669;0,0017152658662092;0,0112496943017852;0,0122170319798778;0,0133619267568459;0,0007418790737109;0,0042906178489702;0,0079365079365079;0,0;0,1217145216926589;0,0265769952154026;0,1217145216926589;0,0343351226136638;-0,0089482962414881;1,0;0,0;0,5547273566614257;0,11247007786444;0,0295198054041526;0,0;0,0;0,0;0,0;0,0;0,0;0,0;0,0;0,0
UNSW-NB15;FGSM;gaussian;2;5;1024;3;9,666913747787476;79,08296251296997;32,40781227226351;0,4572827090317252;0,7534870494489395;0,4572827090317252;0,5411191835293337;0,3536311388415344;0,4464594594594595;0,0072575663990117;0,6548631306377739;0,1949231381231905;0,2183215048119078;0,0103397341211226;0,0120068610634648;0,0124724871606749;0,0136543298598634;0,0064335202903332;0,0025435853955805;0,005720823798627;0,0132275132275132;0,0;0,13320458630909;0,1299331867939905;0,13320458630909;0,0863371472668581;-0,0911996058567504;0,9132702702702704;0,2112415071031501;0,3581589553186577;0,0965610757073894;0,0353988715387571;0,9202363367799112;0,8336192109777015;0,636341403766202;0,2842256557671577;0,3817222038931046;0,0031264903820677;0,0881006864988558;0,0396825396825396;0,1136363636363636
UNSW-NB15;RANDOM_LINF;gaussian;2;5;1024;3;9,666913747787476;45,98725628852844;33,442646844483306;0,4572827090317252;0,7534870494489395;0,4572827090317252;0,5411191835293337;0,3536311388415344;0,4464594594594595;0,0072575663990117;0,6548631306377739;0,1949231381231905;0,2183215048119078;0,0103397341211226;0,0120068610634648;0,0124724871606749;0,0136543298598634;0,0064335202903332;0,0025435853955805;0,005720823798627;0,0132275132275132;0,0;0,1228562405868921;0,0264546324405781;0,1228562405868921;0,0356746425801164;0,0034388842018568;1,0;0,0;0,5781538137738906;0,119855255153364;0,0312748716950539;0,0;0,0;0,0;0,0;0,0;0,0;0,0;0,0;0,0
UNSW-NB15;RANDOM_L2;gaussian;2;5;1024;3;9,666913747787476;45,70407724380493;33,357625224699994;0,4572827090317252;0,7534870494489395;0,4572827090317252;0,5411191835293337;0,3536311388415344;0,4464594594594595;0,0072575663990117;0,6548631306377739;0,1949231381231905;0,2183215048119078;0,0103397341211226;0,0120068610634648;0,0124724871606749;0,0136543298598634;0,0064335202903332;0,0025435853955805;0,005720823798627;0,0132275132275132;0,0;0,1237064567847252;0,0247696292252459;0,1237064567847252;0,0360729647003526;0,0054114092892519;1,0;0,0;0,570378924585715;0,1182019997518158;0,032301984574091;0,0;0,0;0,0;0,0;0,0;0,0;0,0;0,0;0,0
UNSW-NB15;FGSM;gaussian;2;5;2048;2;9,77622127532959;47,43565773963928;24,016178399650197;0,3517830248263129;0,5375216710590675;0,3517830248263129;0,3938038814626245;0,2489565897473112;0,4411351351351351;0,011404747198447;0,6513939813787097;0,1842558534213759;0,1447613330622286;0,069423929098966;0,0325900514579759;0,012227928588897;0,0234459216672655;0,0148465852853843;0,0023316199459488;0,0014302059496567;0,0026455026455026;0,0;0,111621240829811;0,1299761246750454;0,111621240829811;0,0790030628128965;-0,0494833528964511;0,9392432432432432;0,1943218918203476;0,3594490607279079;0,0860906454807298;0,0386644835920953;0,9098966026587888;0,8267581475128645;0,607238933724627;0,2606899029823931;0,3295941933355328;0,0018546976842774;0,0815217391304347;0,0105820105820105;0,0909090909090909
UNSW-NB15;RANDOM_LINF;gaussian;2;5;2048;2;9,77622127532959;33,54931020736694;23,076082203760382;0,3517830248263129;0,5375216710590675;0,3517830248263129;0,3938038814626245;0,2489565897473112;0,4411351351351351;0,011404747198447;0,6513939813787097;0,1842558534213759;0,1447613330622286;0,069423929098966;0,0325900514579759;0,012227928588897;0,0234459216672655;0,0148465852853843;0,0023316199459488;0,0014302059496567;0,0026455026455026;0,0;0,1210222027887091;0,0295189227594419;0,1210222027887091;0,0374331486245788;0,0123942447119713;1,0;0,0;0,5678093539331424;0,1187025164208564;0,0333538337550313;0,0;0,0;0,0;0,0;0,0;0,0;0,0;0,0;0,0
UNSW-NB15;RANDOM_L2;gaussian;2;5;2048;2;9,77622127532959;32,667908906936646;23,213331389982024;0,3517830248263129;0,5375216710590675;0,3517830248263129;0,3938038814626245;0,2489565897473112;0,4411351351351351;0,011404747198447;0,6513939813787097;0,1842558534213759;0,1447613330622286;0,069423929098966;0,0325900514579759;0,012227928588897;0,0234459216672655;0,0148465852853843;0,0023316199459488;0,0014302059496567;0,0026455026455026;0,0;0,1196497109264927;0,02718070664427;0,1196497109264927;0,0372578793530503;0,0107657718567873;1,0;0,0;0,5724681080855174;0,1178588484069404;0,0332830010200774;0,0;0,0;0,0;0,0;0,0;0,0;0,0;0,0;0,0
UNSW-NB15;FGSM;gaussian;2;5;2048;3;9,64180040359497;54,49659562110901;26,41864645581305;0,3910387212748384;0,7588861058000843;0,3910387212748384;0,4787161897244039;0,303276608541102;0,5552432432432433;0,0131474455131033;0,6218134706002427;0,1736541400294094;0,1939433081343774;0,0472673559822747;0,0;0,0166299828808999;0,0221882860222781;0,0174859782250082;0,0060940066769116;0,0074370709382151;0,0052910052910052;0,0;0,1268522567167079;0,1265426563594611;0,1268522567167079;0,0844548453289694;-0,0749133245337073;0,9183783783783784;0,2085281920056472;0,3618103348261691;0,0853588999841811;0,0355309275189803;0,8714918759231906;0,7890222984562607;0,6449009537784299;0,2910528206970895;0,3488947542065325;0,0033384558316994;0,0955377574370709;0,0238095238095238;0,1136363636363636
UNSW-NB15;RANDOM_LINF;gaussian;2;5;2048;3;9,64180040359497;47,69990038871765;26,320264295778077;0,3910387212748384;0,7588861058000843;0,3910387212748384;0,4787161897244039;0,303276608541102;0,5552432432432433;0,0131474455131033;0,6218134706002427;0,1736541400294094;0,1939433081343774;0,0472673559822747;0,0;0,0166299828808999;0,0221882860222781;0,0174859782250082;0,0060940066769116;0,0074370709382151;0,0052910052910052;0,0;0,1278360783170577;0,5794333083442883;0,1278360783170577;0,0420639857279091;0,0178711177040953;0,9999729729729728;0,0;0,5608377928116405;0,1125123694688845;0,0390195956148892;0,0;0,0;0,0;0,0;0,0;0,0;0,0;0,0;0,0
UNSW-NB15;RANDOM_L2;gaussian;2;5;2048;3;9,64180040359497;47,7364764213562;26,275324296749748;0,3910387212748384;0,7588861058000843;0,3910387212748384;0,4787161897244039;0,303276608541102;0,5552432432432433;0,0131474455131033;0,6218134706002427;0,1736541400294094;0,1939433081343774;0,0472673559822747;0,0;0,0166299828808999;0,0221882860222781;0,0174859782250082;0,0060940066769116;0,0074370709382151;0,0052910052910052;0,0;0,128285478307341;0,5923135681947669;0,128285478307341;0,0421758015514026;0,0181621155212108;0,9999729729729728;0,0;0,5639598566870487;0,1116398218140597;0,0384275097446528;0,0;0,0;0,0;0,0;0,0;0,0;0,0;0,0;0,0
UNSW-NB15;FGSM;gaussian;2;10;1024;2;5,693493127822876;60,43744683265686;44,45294660642279;0,5827381819948502;0,760229110121646;0,5827381819948502;0,6260983615137808;0,4872369584395236;0,4123243243243243;0,012243007147269;0,6735154969152217;0,1981639604133773;0,2508629175882066;0,0073855243722304;0,0;0,0154071900220102;0,0243442328422565;0,0257340811613328;0,0019076890466853;0,006578947368421;0,0026455026455026;0,0;0,1382087159306223;0,1625543633277955;0,1382087159306223;0,1172052958830947;-0,0847738686411182;0,849945945945946;0,2542574781611224;0,3990112893865413;0,1099456613859854;0,0418432201141663;0,9630723781388478;0,8747855917667239;0,7131327953044754;0,380794107078692;0,3968987132959419;0,0089555402469397;0,1567505720823798;0,2116402116402116;0,1363636363636363
UNSW-NB15;RANDOM_LINF;gaussian;2;10;1024;2;5,693493127822876;42,96615195274353;45,03838118835933;0,5827381819948502;0,760229110121646;0,5827381819948502;0,6260983615137808;0,4872369584395236;0,4123243243243243;0,012243007147269;0,6735154969152217;0,1981639604133773;0,2508629175882066;0,0073855243722304;0,0;0,0154071900220102;0,0243442328422565;0,0257340811613328;0,0019076890466853;0,006578947368421;0,0026455026455026;0,0;0,1323543701112568;0,4528360924691501;0,1323543701112568;0,0458012109433561;0,0033566189067959;0,9877567567567568;0,0126400776493426;0,545836363048499;0,1046583889033861;0,0337566518214977;0,0103397341211226;0,0034305317324185;0,0083149914404499;0,0111390585698886;0,0085780270537776;0,0174341582322081;0,0060068649885583;0,0079365079365079;0,0227272727272727
UNSW-NB15;RANDOM_L2;gaussian;2;10;1024;2;5,693493127822876;43,08864617347717;45,001943351309336;0,5827381819948502;0,760229110121646;0,5827381819948502;0,6260983615137808;0,4872369584395236;0,4123243243243243;0,012243007147269;0,6735154969152217;0,1981639604133773;0,2508629175882066;0,0073855243722304;0,0;0,0154071900220102;0,0243442328422565;0,0257340811613328;0,0019076890466853;0,006578947368421;0,0026455026455026;0,0;0,1327187484817568;0,231956429754448;0,1327187484817568;0,046210941129913;0,0043396723254688;0,9875405405405404;0,0127724344833671;0,5341582737733611;0,1044144163410835;0,0338292496807578;0,0059084194977843;0,0085763293310463;0,0083149914404499;0,0106899029823931;0,00940283734741;0,0176991150442477;0,0062929061784897;0,0105820105820105;0,0
UNSW-NB15;FGSM;gaussian;2;10;1024;3;5,685467720031738;59,20888543128967;41,116455327211774;0,5363406694845261;0,7597843516260335;0,5363406694845261;0,5968655249783208;0,4458061549018234;0,463054054054054;0,009992940968852;0,6839367874693639;0,1994108939956942;0,2400635262204255;0,017725258493353;0,0137221269296741;0,0092932257275617;0,0161696011498383;0,0298581326294952;0,0006358963488951;0,0060068649885583;0,0026455026455026;0,0;0,1251761162124083;0,1281690184992173;0,1251761162124083;0,0907458006213295;-0,0858067042561806;0,9025405405405406;0,2672063884231889;0,4030267043118904;0,1020151131192222;0,036993995347537;0,914327917282127;0,8679245283018868;0,6874541452677916;0,3419870643190801;0,3769383041900362;0,0800699485983784;0,154462242562929;0,0687830687830687;0,1818181818181818
UNSW-NB15;RANDOM_LINF;gaussian;2;10;1024;3;5,685467720031738;38,58170771598816;38,97148131953554;0,5363406694845261;0,7597843516260335;0,5363406694845261;0,5968655249783208;0,4458061549018234;0,463054054054054;0,009992940968852;0,6839367874693639;0,1994108939956942;0,2400635262204255;0,017725258493353;0,0137221269296741;0,0092932257275617;0,0161696011498383;0,0298581326294952;0,0006358963488951;0,0060068649885583;0,0026455026455026;0,0;0,1466258562891707;0,4534095316529506;0,1466258562891707;0,0752580401594858;0,0196964827532778;0,958;0,0262507720815318;0,5498075262936789;0,1080139268646297;0,0432928011960254;0,0192023633677991;0,0171526586620926;0,016140865737344;0,0340459935321595;0,0229297261629825;0,0264956812039637;0,0200228832951945;0,0238095238095238;0,0909090909090909
UNSW-NB15;RANDOM_L2;gaussian;2;10;1024;3;5,685467720031738;38,34755492210388;38,80265267453724;0,5363406694845261;0,7597843516260335;0,5363406694845261;0,5968655249783208;0,4458061549018234;0,463054054054054;0,009992940968852;0,6839367874693639;0,1994108939956942;0,2400635262204255;0,017725258493353;0,0137221269296741;0,0092932257275617;0,0161696011498383;0,0298581326294952;0,0006358963488951;0,0060068649885583;0,0026455026455026;0,0;0,1483141427391536;0,4275636057254797;0,1483141427391536;0,0764698191533665;0,02372761616202;0,9561621621621622;0,0248610253242742;0,5505423674643457;0,108373818210868;0,0437730263166615;0,0073855243722304;0,0120068610634648;0,0171191000244558;0,0291052820697089;0,0234246123391619;0,0264426898415558;0,0205949656750572;0,0185185185185185;0,0227272727272727
UNSW-NB15;FGSM;gaussian;2;10;2048;2;5,801378488540649;53,704893827438354;32,948306855171744;0,456614682019142;0,7447546403888027;0,456614682019142;0,5318722347391933;0,3506309497601387;0,4711891891891892;0,0117797582281831;0,6451117144494342;0,1718883359357415;0,2064451463804912;0,0059084194977843;0,0102915951972555;0,0092932257275617;0,0176068990298239;0,0204552952820851;0,0081606698108208;0,0031464530892448;0,0026455026455026;0,0;0,1271316134674245;0,1413217694526718;0,1271316134674245;0,0973474351574554;-0,0799121576518632;0,8907297297297297;0,2608753198623489;0,4391087542746975;0,1335288587328675;0,0378306808264266;0,9246676514032496;0,8439108061749572;0,7016385424309122;0,3713618397412864;0,4282415044539756;0,0069948598378464;0,2643020594965675;0,119047619047619;0,1818181818181818
UNSW-NB15;RANDOM_LINF;gaussian;2;10;2048;2;5,801378488540649;37,90355944633484;32,12116795413691;0,456614682019142;0,7447546403888027;0,456614682019142;0,5318722347391933;0,3506309497601387;0,4711891891891892;0,0117797582281831;0,6451117144494342;0,1718883359357415;0,2064451463804912;0,0059084194977843;0,0102915951972555;0,0092932257275617;0,0176068990298239;0,0204552952820851;0,0081606698108208;0,0031464530892448;0,0026455026455026;0,0;0,1354030024777729;0,2841182028065296;0,1354030024777729;0,0616421770929841;0,0137802797342209;0,9742702702702702;0,0159710579722933;0,550658464539747;0,1108287795456548;0,0416113882223222;0,0073855243722304;0,006861063464837;0,0119833700171191;0,0235357527847646;0,0153414714615638;0,013088866514758;0,0163043478260869;0,0185185185185185;0,0
UNSW-NB15;RANDOM_L2;gaussian;2;10;2048;2;5,801378488540649;36,93555974960327;32,10780741388525;0,456614682019142;0,7447546403888027;0,456614682019142;0,5318722347391933;0,3506309497601387;0,4711891891891892;0,0117797582281831;0,6451117144494342;0,1718883359357415;0,2064451463804912;0,0059084194977843;0,0102915951972555;0,0092932257275617;0,0176068990298239;0,0204552952820851;0,0081606698108208;0,0031464530892448;0,0026455026455026;0,0;0,1355366078802895;0,291280604721935;0,1355366078802895;0,0610957951203969;0,0143686547843577;0,9752162162162162;0,0145151327980234;0,5487743823861697;0,1099039592071195;0,0417809829028223;0,0;0,0051457975986277;0,0092932257275617;0,0209306503772906;0,0145166611679313;0,0132478406019818;0,0111556064073226;0,0105820105820105;0,0681818181818181
UNSW-NB15;FGSM;gaussian;2;10;2048;3;5,718639135360718;50,14729070663452;43,99261526502453;0,5762279551085847;0,7665023461523759;0,5762279551085847;0,6290149343342182;0,4855488837906596;0,4133513513513513;0,0148239654107473;0,6535269746376299;0,1728930392802299;0,2509414616470972;0,0192023633677991;0,0171526586620926;0,0183418928833455;0,0331476823571685;0,0216100296931705;0,002172645858725;0,0088672768878718;0,0026455026455026;0,0227272727272727;0,1363018024583394;0,3072281799242403;0,1363018024583394;0,0607085610918243;-0,0291113892959678;0,9644324324324324;0,0598914673960998;0,4390471204996488;0,1207570079319128;0,0306251338118349;0,3013293943870014;0,2761578044596912;0,1648324773783321;0,074200503054258;0,1181128340481689;0,0015367495098298;0,0277459954233409;0,0158730158730158;0,0454545454545454
UNSW-NB15;RANDOM_LINF;gaussian;2;10;2048;3;5,718639135360718;30,04285144805908;43,98775688675119;0,5762279551085847;0,7665023461523759;0,5762279551085847;0,6290149343342182;0,4855488837906596;0,4133513513513513;0,0148239654107473;0,6535269746376299;0,1728930392802299;0,2509414616470972;0,0192023633677991;0,0171526586620926;0,0183418928833455;0,0331476823571685;0,0216100296931705;0,002172645858725;0,0088672768878718;0,0026455026455026;0,0227272727272727;0,1363503862410727;0,4679594574200672;0,1363503862410727;0,0540994945815122;0,0187394512732256;0,9922972972972972;0,0053825112503308;0,5416315937396762;0,1044781619306392;0,0393997823738442;0,0044313146233382;0,0017152658662092;0,0029347028613352;0,0058390226374416;0,0059386341141537;0,0056170844152403;0,0051487414187643;0,0026455026455026;0,0454545454545454
UNSW-NB15;RANDOM_L2;gaussian;2;10;2048;3;5,718639135360718;30,35365867614746;44,11650391099451;0,5762279551085847;0,7665023461523759;0,5762279551085847;0,6290149343342182;0,4855488837906596;0,4133513513513513;0,0148239654107473;0,6535269746376299;0,1728930392802299;0,2509414616470972;0,0192023633677991;0,0171526586620926;0,0183418928833455;0,0331476823571685;0,0216100296931705;0,002172645858725;0,0088672768878718;0,0026455026455026;0,0227272727272727;0,1350629159986396;0,4714950599114398;0,1350629159986396;0,0524398164177774;0,0153033884820571;0,9922432432432432;0,0049854407482573;0,5379027944403918;0,1040248839527205;0,0382760951580601;0,0029542097488921;0,0017152658662092;0,0029347028613352;0,0040424002874595;0,0046189376443418;0,0061999894017275;0,0051487414187643;0,0079365079365079;0,0
UNSW-NB15;FGSM;gaussian;2;15;1024;2;4,563188552856445;20,96599793434143;42,482874216586495;0,5124738862167808;0,7610026540092745;0,5124738862167808;0,5856417404060489;0,4119240480253698;0,4171081081081081;0,0111620930027353;0,678475250951471;0,1947026075125432;0,2272838577287689;0,0088626292466765;0,0017152658662092;0,0053802885791146;0,0293747754222062;0,0183107885186407;0,0005299136240792;0,0074370709382151;0,0079365079365079;0,0;0,0876451440509158;0,1635859487617654;0,0876451440509158;0,0992047628017029;-0,0536442375125449;0,9002432432432432;0,2783905408982617;0,5122394437933468;0,1126425460900494;0,0451854185137092;0,9409158050221564;0,8747855917667239;0,7764734653949621;0,4466403162055335;0,3830419003629165;0,0112871601928885;0,2016590389016018;0,1878306878306878;0,3409090909090909
UNSW-NB15;RANDOM_LINF;gaussian;2;15;1024;2;4,563188552856445;38,50688028335571;36,23135597337608;0,5124738862167808;0,7610026540092745;0,5124738862167808;0,5856417404060489;0,4119240480253698;0,4171081081081081;0,0111620930027353;0,678475250951471;0,1947026075125432;0,2272838577287689;0,0088626292466765;0,0017152658662092;0,0053802885791146;0,0293747754222062;0,0183107885186407;0,0005299136240792;0,0074370709382151;0,0079365079365079;0,0;0,1501603264830199;0,3694295144074044;0,1501603264830199;0,1431846439353861;0,0245106828499968;0,8562432432432432;0,0706123709520868;0,5429066048655569;0,1123501795068127;0,057975267124748;0,0576070901033973;0,0531732418524871;0,0687209586696013;0,0889328063241106;0,0786869020125371;0,0585024640983519;0,0706521739130434;0,0661375661375661;0,1590909090909091
UNSW-NB15;RANDOM_L2;gaussian;2;15;1024;2;4,563188552856445;37,4982168674469;36,12690084049944;0,5124738862167808;0,7610026540092745;0,5124738862167808;0,5856417404060489;0,4119240480253698;0,4171081081081081;0,0111620930027353;0,678475250951471;0,1947026075125432;0,2272838577287689;0,0088626292466765;0,0017152658662092;0,0053802885791146;0,0293747754222062;0,0183107885186407;0,0005299136240792;0,0074370709382151;0,0079365079365079;0,0;0,1512048778117864;0,3708835810889251;0,1512048778117864;0,1424364006487178;0,0252836360244349;0,8591621621621621;0,0722888908497308;0,5402403689439559;0,1114928475123312;0,058810939551227;0,0664697193500738;0,0445969125214408;0,0682318415260454;0,0844412504491555;0,0739030023094688;0,0659742461978697;0,0766590389016018;0,0529100529100529;0,1363636363636363
UNSW-NB15;FGSM;gaussian;2;15;1024;3;4,382591485977173;12,958625078201294;45,47927901666424;0,5357819559830929;0,751220883865654;0,5357819559830929;0,5988611203823391;0,4368577334570308;0,417;0,0154195711638577;0,6824675849991418;0,2229628469493441;0,2463885730840146;0,0502215657311669;0,0085763293310463;0,0095377842993396;0,0265001796622349;0,0395908940943583;0,0009008531609347;0,0188787185354691;0,0052910052910052;0,0227272727272727;0,0809891658164504;0,1406241700302142;0,0809891658164504;0,0907281231561757;-0,0465824664166377;0,9203783783783784;0,2345363098914674;0,5350870152622115;0,1151238267991497;0,0471340914787768;0,7621861152141802;0,7118353344768439;0,6255808266079727;0,412594322673374;0,3180468492246783;0,0097504106830586;0,1078375286041189;0,119047619047619;0,3636363636363636
UNSW-NB15;RANDOM_LINF;gaussian;2;15;1024;3;4,382591485977173;39,3334014415741;40,470291016858575;0,5357819559830929;0,751220883865654;0,5357819559830929;0,5988611203823391;0,4368577334570308;0,417;0,0154195711638577;0,6824675849991418;0,2229628469493441;0,2463885730840146;0,0502215657311669;0,0085763293310463;0,0095377842993396;0,0265001796622349;0,0395908940943583;0,0009008531609347;0,0188787185354691;0,0052910052910052;0,0227272727272727;0,1310790458145071;0,3824054050330609;0,1310790458145071;0,1015600359376259;0,0094062128434757;0,9236486486486486;0,0506264890143827;0,5220701524139743;0,105448858920556;0,0520636674923274;0,0487444608567208;0,0445969125214408;0,0520909757887013;0,0664750269493352;0,0631804684922467;0,0351332732764559;0,0574942791762013;0,0873015873015873;0,0681818181818181
UNSW-NB15;RANDOM_L2;gaussian;2;15;1024;3;4,382591485977173;39,639968156814575;40,33425642520527;0,5357819559830929;0,751220883865654;0,5357819559830929;0,5988611203823391;0,4368577334570308;0,417;0,0154195711638577;0,6824675849991418;0,2229628469493441;0,2463885730840146;0,0502215657311669;0,0085763293310463;0,0095377842993396;0,0265001796622349;0,0395908940943583;0,0009008531609347;0,0188787185354691;0,0052910052910052;0,0227272727272727;0,1324393917310402;0,369438150775316;0,1324393917310402;0,1022974467151549;0,0096373475975574;0,9225675675675676;0,0533839230565604;0,5303160911753635;0,1049516312060366;0,052363940863112;0,035450516986706;0,0531732418524871;0,0501345072144778;0,0705174272367948;0,0704387990762124;0,0391606168194584;0,0520594965675057;0,0661375661375661;0,0454545454545454
UNSW-NB15;FGSM;gaussian;2;15;2048;2;4,371931791305542;19,368475914001465;48,34329300879367;0,5878030413447991;0,768572246840489;0,5878030413447991;0,6335267720685949;0,496378206120518;0,4152162162162162;0,0093532162710667;0,6894348855805582;0,2039158792260274;0,2563296406986591;0,0428360413589364;0,0377358490566037;0,0154071900220102;0,0149119655048508;0,0183107885186407;0,0008478617985268;0,0048627002288329;0,0;0,0;0,1043701112568624;0,1531001786978088;0,1043701112568624;0,1107562402638457;-0,0747721846937094;0,8527027027027027;0,2958175240448248;0,5411747117153467;0,1331307993934566;0,0387490905067341;0,8478581979320532;0,8181818181818182;0,669601369528002;0,4724218469277758;0,4802045529528208;0,0144136505749562;0,2986270022883295;0,2830687830687831;0,6363636363636364
UNSW-NB15;RANDOM_LINF;gaussian;2;15;2048;2;4,371931791305542;36,40241241455078;40,05732886362532;0,5878030413447991;0,768572246840489;0,5878030413447991;0,6335267720685949;0,496378206120518;0,4152162162162162;0,0093532162710667;0,6894348855805582;0,2039158792260274;0,2563296406986591;0,0428360413589364;0,0377358490566037;0,0154071900220102;0,0149119655048508;0,0183107885186407;0,0008478617985268;0,0048627002288329;0,0;0,0;0,1872297527085459;0,4673496541942729;0,1872297527085459;0,1856679362914051;0,0433262874480012;0,7964864864864865;0,1093488043765993;0,545029410077144;0,1217013372678592;0,067572430869913;0,0856720827178729;0,0891938250428816;0,1017363658596233;0,1501077973409989;0,1314747608050148;0,0817126808330242;0,1055491990846681;0,119047619047619;0,1590909090909091
UNSW-NB15;RANDOM_L2;gaussian;2;15;2048;2;4,371931791305542;36,05630159378052;39,99902832434533;0,5878030413447991;0,768572246840489;0,5878030413447991;0,6335267720685949;0,496378206120518;0,4152162162162162;0,0093532162710667;0,6894348855805582;0,2039158792260274;0,2563296406986591;0,0428360413589364;0,0377358490566037;0,0154071900220102;0,0149119655048508;0,0183107885186407;0,0008478617985268;0,0048627002288329;0,0;0,0;0,1878127581013457;0,4612845561781356;0,1878127581013457;0,1842006410291572;0,0441422862491357;0,7987837837837838;0,1086649607341392;0,5444655017322397;0,1206341165255737;0,0671710969510675;0,0723781388478582;0,0960548885077186;0,1051601858645145;0,1515450952209845;0,1238865061035961;0,081129775846537;0,1061212814645309;0,119047619047619;0,1363636363636363
UNSW-NB15;FGSM;gaussian;2;15;2048;3;4,42332911491394;21,595064401626587;50,14332215906331;0,5894184521206821;0,7657109552199196;0,5894184521206821;0,6374144517202875;0,4985786022294517;0,4109189189189189;0,0240448248477896;0,6688857192939862;0,192276749130032;0,2636944346143847;0,0265878877400295;0,0;0,0178527757397896;0,0274883219547251;0,044869679973606;0,0199247522653807;0,0120137299771167;0,0079365079365079;0,0;0,087985230530049;0,1311729205113606;0,087985230530049;0,093652445655248;-0,0884438254675595;0,8814324324324324;0,3039795288096709;0,5270157004308401;0,1018834652381714;0,0348445567595099;0,9187592319054652;0,855917667238422;0,6952800195646858;0,3700143729787998;0,4460574067964368;0,1226750039743521;0,1736270022883295;0,1507936507936507;0,3181818181818182
UNSW-NB15;RANDOM_LINF;gaussian;2;15;2048;3;4,42332911491394;38,95913410186768;45,68940387698586;0,5894184521206821;0,7657109552199196;0,5894184521206821;0,6374144517202875;0,4985786022294517;0,4109189189189189;0,0240448248477896;0,6688857192939862;0,192276749130032;0,2636944346143847;0,0265878877400295;0,0;0,0178527757397896;0,0274883219547251;0,044869679973606;0,0199247522653807;0,0120137299771167;0,0079365079365079;0,0;0,1325244133508235;0,4267508462013777;0,1325244133508235;0,1063693728527551;-0,0038323158005541;0,9041351351351352;0,0931350922085943;0,5363616197290413;0,1053283357471381;0,0478099251474788;0,069423929098966;0,0703259005145797;0,0787478601124969;0,0838124326266618;0,0765423952490927;0,113984420539452;0,0652173913043478;0,0873015873015873;0,0681818181818181
UNSW-NB15;RANDOM_L2;gaussian;2;15;2048;3;4,42332911491394;39,05059504508972;45,41369090997425;0,5894184521206821;0,7657109552199196;0,5894184521206821;0,6374144517202875;0,4985786022294517;0,4109189189189189;0,0240448248477896;0,6688857192939862;0,192276749130032;0,2636944346143847;0,0265878877400295;0,0;0,0178527757397896;0,0274883219547251;0,044869679973606;0,0199247522653807;0,0120137299771167;0,0079365079365079;0,0;0,1352815430209396;0,4166531274549948;0,1352815430209396;0,1085660032322049;-0,0020827317530371;0,901054054054054;0,0935542221830053;0,5361119303535813;0,1056449925410143;0,048577181921739;0,0576070901033973;0,078902229845626;0,0711665443873807;0,0847107438016528;0,0755526228967337;0,1153092045996502;0,0712242562929061;0,0925925925925925;0,0909090909090909
UNSW-NB15;FGSM;gaussian;2;20;1024;2;3,890079975128174;9,5891854763031;52,295583734149545;0,5843171549336832;0,7576201731008972;0,5843171549336832;0,6238715988346066;0,4883457580412186;0,4174324324324324;0,0123753639812935;0,6727025335325153;0,2034723285603735;0,2518141052627777;0,0221565731166912;0,0205831903945111;0,016140865737344;0,0227272727272727;0,0263939293962388;0,0011658099729744;0,0085812356979405;0,0079365079365079;0,0;0,0613613175921877;0,1358852958571371;0,0613613175921877;0,0804760524145541;-0,0605980068940817;0,916945945945946;0,2201535339274684;0,5412941213447304;0,1168052135995765;0,0346785774710499;0,8596750369276218;0,8044596912521441;0,6752262166788946;0,3337226015091628;0,3154074562850544;0,0050341794287531;0,119279176201373;0,037037037037037;0,3409090909090909
UNSW-NB15;RANDOM_LINF;gaussian;2;20;1024;2;3,890079975128174;25,05185961723328;49,70971189816839;0,5843171549336832;0,7576201731008972;0,5843171549336832;0,6238715988346066;0,4883457580412186;0,4174324324324324;0,0123753639812935;0,6727025335325153;0,2034723285603735;0,2518141052627777;0,0221565731166912;0,0205831903945111;0,016140865737344;0,0227272727272727;0,0263939293962388;0,0011658099729744;0,0085812356979405;0,0079365079365079;0,0;0,0872200359519992;0,4749186121028982;0,0872200359519992;0,0733385770872709;0,0041838995774233;0,9541891891891892;0,0351407394335127;0,5123098908988306;0,1039519004809072;0,0409647317902747;0,0310192023633678;0,0377358490566037;0,0440205429200293;0,0464426877470355;0,0374463873309138;0,0246409835196862;0,0417620137299771;0,037037037037037;0,0227272727272727
UNSW-NB15;RANDOM_L2;gaussian;2;20;1024;2;3,890079975128174;24,78156900405884;49,58217946849343;0,5843171549336832;0,7576201731008972;0,5843171549336832;0,6238715988346066;0,4883457580412186;0,4174324324324324;0,0123753639812935;0,6727025335325153;0,2034723285603735;0,2518141052627777;0,0221565731166912;0,0205831903945111;0,016140865737344;0,0227272727272727;0,0263939293962388;0,0011658099729744;0,0085812356979405;0,0079365079365079;0,0;0,0884953602487489;0,4801647511744454;0,0884953602487489;0,0740734573322447;0,0052546958978335;0,9544864864864864;0,0341921821230036;0,5165904941305974;0,1037462214628215;0,0420133186184722;0,0472673559822747;0,0411663807890223;0,0437759843482514;0,0410528206970894;0,0404157043879907;0,0249589316941338;0,0363272311212814;0,037037037037037;0,0227272727272727
UNSW-NB15;FGSM;gaussian;2;20;1024;3;3,819821119308472;9,611446142196655;51,75508915124132;0,6059976679784288;0,7688256200885413;0,6059976679784288;0,6478731638987931;0,5122548833154325;0,3884864864864865;0,0245521927115503;0,6901183935231041;0,2094011126186373;0,2678290447490375;0,0723781388478582;0,04631217838765;0,0222548300317926;0,0386273805246137;0,068954140547674;0,0024905940331725;0,012299771167048;0,0158730158730158;0,0454545454545454;0,0884467764660156;0,1899403979141486;0,0884467764660156;0,117011371322918;-0,0470511050877349;0,8421351351351352;0,264073943351275;0,5457457049394542;0,1128773049920675;0,0380473009442946;0,929098966026588;0,8370497427101201;0,7180239667400342;0,3949874236435501;0,4846585285384361;0,0067828943882147;0,1147025171624714;0,082010582010582;0,5227272727272727
UNSW-NB15;RANDOM_LINF;gaussian;2;20;1024;3;3,819821119308472;21,82612609863281;53,0352718262644;0,6059976679784288;0,7688256200885413;0,6059976679784288;0,6478731638987931;0,5122548833154325;0,3884864864864865;0,0245521927115503;0,6901183935231041;0,2094011126186373;0,2678290447490375;0,0723781388478582;0,04631217838765;0,0222548300317926;0,0386273805246137;0,068954140547674;0,0024905940331725;0,012299771167048;0,0158730158730158;0,0454545454545454;0,0756449497157848;0,4537860609555911;0,0756449497157848;0,0843895593995931;0,0062424982550885;0,938027027027027;0,0430159710579722;0,5192293895453349;0,1023834569125216;0,040140673995492;0,0384047267355982;0,0428816466552315;0,0401076057715822;0,0598275242544017;0,0486638073243154;0,0301520852101107;0,0526315789473684;0,0502645502645502;0,0454545454545454
UNSW-NB15;RANDOM_L2;gaussian;2;20;1024;3;3,819821119308472;22,365519046783447;53,04984696108439;0,6059976679784288;0,7688256200885413;0,6059976679784288;0,6478731638987931;0,5122548833154325;0,3884864864864865;0,0245521927115503;0,6901183935231041;0,2094011126186373;0,2678290447490375;0,0723781388478582;0,04631217838765;0,0222548300317926;0,0386273805246137;0,068954140547674;0,0024905940331725;0,012299771167048;0,0158730158730158;0,0454545454545454;0,0754991983675849;0,4485696916910132;0,0754991983675849;0,0842147933725714;0,0072538037095375;0,9391891891891893;0,0410526780199417;0,5140982286017161;0,1023514096551819;0,0405558622519754;0,035450516986706;0,0205831903945111;0,0357055514795793;0,0574020840819259;0,0493236555592213;0,0287213184250967;0,0506292906178489;0,0449735449735449;0,1136363636363636
UNSW-NB15;FGSM;gaussian;2;20;2048;2;3,802853584289551;9,413280010223389;49,52144974007676;0,5708594471165525;0,727815316510838;0,5708594471165525;0,6159375577110968;0,4681897603576673;0,3947027027027027;0,023647754345716;0,6492067790124361;0,187363425994602;0,2560596229327863;0,087149187592319;0,0566037735849056;0,0207874786011249;0,0339561624146604;0,0715935334872979;0,0020136717715012;0,0120137299771167;0,0079365079365079;0,0;0,0756449497157848;0,2256239467471844;0,0756449497157848;0,1037394823605428;-0,0578627970018623;0,874;0,2702064766610783;0,5354661416151045;0,1173141197614521;0,0405895356575473;0,9423929098966026;0,8765008576329331;0,7212032281731474;0,3718109953287818;0,4810293632464533;0,0230512426474484;0,1753432494279176;0,1164021164021164;0,0909090909090909
UNSW-NB15;RANDOM_LINF;gaussian;2;20;2048;2;3,802853584289551;19,76886510848999;49,45950541709177;0,5708594471165525;0,727815316510838;0,5708594471165525;0,6159375577110968;0,4681897603576673;0,3947027027027027;0,023647754345716;0,6492067790124361;0,187363425994602;0,2560596229327863;0,087149187592319;0,0566037735849056;0,0207874786011249;0,0339561624146604;0,0715935334872979;0,0020136717715012;0,0120137299771167;0,0079365079365079;0,0;0,0762643929456347;0,3295733129724617;0,0762643929456347;0,0863255748879145;-0,0030323586458941;0,9250810810810812;0,063663637165799;0,5171543178141226;0,1044319952254947;0,0382026488696714;0,0502215657311669;0,0617495711835334;0,0626069943751528;0,0709665828242903;0,0593863411415374;0,0618939112924593;0,063787185354691;0,0502645502645502;0,0
UNSW-NB15;RANDOM_L2;gaussian;2;20;2048;2;3,802853584289551;20,246167182922363;49,13642326191517;0,5708594471165525;0,727815316510838;0,5708594471165525;0,6159375577110968;0,4681897603576673;0,3947027027027027;0,023647754345716;0,6492067790124361;0,187363425994602;0,2560596229327863;0,087149187592319;0,0566037735849056;0,0207874786011249;0,0339561624146604;0,0715935334872979;0,0020136717715012;0,0120137299771167;0,0079365079365079;0,0;0,0794952144974007;0,3171976281470067;0,0794952144974007;0,0887390366976289;-0,0002942306007533;0,9224324324324324;0,063928350833848;0,5195974315513854;0,1043671200598456;0,0388223995328081;0,0546528803545051;0,0445969125214408;0,0682318415260454;0,0723140495867768;0,0638403167271527;0,0602511790578135;0,0594965675057208;0,0449735449735449;0,0454545454545454
UNSW-NB15;FGSM;gaussian;2;20;2048;3;3,954511880874634;9,080477714538574;44,857406597677695;0,5470412476315406;0,769023448446445;0,5470412476315406;0,6099298094919976;0,4481065719399639;0,4059459459459459;0,0193902761845936;0,6724418480047603;0,2098378722381062;0,2487534348504544;0,069423929098966;0,0274442538593482;0,0217657128882367;0,0193136902623068;0,0521280105575717;0,0083196438980446;0,0102974828375286;0,0079365079365079;0,0;0,0984671816547636;0,1975517738029527;0,0984671816547636;0,1305051218522697;-0,0280378580764879;0,8454054054054054;0,2634783375981646;0,5307358062388345;0,1121771878615999;0,0501623977853556;0,946824224519941;0,8610634648370498;0,6911225238444607;0,4012756018684872;0,4792147806004619;0,0073128080122939;0,119279176201373;0,0793650793650793;0,4090909090909091
UNSW-NB15;RANDOM_LINF;gaussian;2;20;2048;3;3,954511880874634;24,310110569000244;45,05052713404265;0,5470412476315406;0,769023448446445;0,5470412476315406;0,6099298094919976;0,4481065719399639;0,4059459459459459;0,0193902761845936;0,6724418480047603;0,2098378722381062;0,2487534348504544;0,069423929098966;0,0274442538593482;0,0217657128882367;0,0193136902623068;0,0521280105575717;0,0083196438980446;0,0102974828375286;0,0079365079365079;0,0;0,096535976291114;0,4385488139386777;0,096535976291114;0,1148953153540474;0,0100539153841338;0,8861891891891892;0,0869363804817788;0,5161707697093626;0,1019151866206542;0,0496637049874146;0,0797636632200886;0,072041166380789;0,0897529958425042;0,1046532518864534;0,1016166281755196;0,0711144083514387;0,0918192219679633;0,0687830687830687;0,1818181818181818
UNSW-NB15;RANDOM_L2;gaussian;2;20;2048;3;3,954511880874634;24,123982191085812;45,10396929504931;0,5470412476315406;0,769023448446445;0,5470412476315406;0,6099298094919976;0,4481065719399639;0,4059459459459459;0,0193902761845936;0,6724418480047603;0,2098378722381062;0,2487534348504544;0,069423929098966;0,0274442538593482;0,0217657128882367;0,0193136902623068;0,0521280105575717;0,0083196438980446;0,0102974828375286;0,0079365079365079;0,0;0,0960015546810474;0,4573916427204641;0,0960015546810474;0,1148454648775969;0,0082263791126544;0,8850270270270271;0,0860319421159445;0,5222849790748562;0,102282621472275;0,0488964771182765;0,0723781388478582;0,0823327615780446;0,0924431401320616;0,1038447718289615;0,0951831078851864;0,070107572465688;0,092391304347826;0,1084656084656084;0,1136363636363636
UNSW-NB15;FGSM;gaussian;4;5;1024;2;17,92269015312195;46,83253788948059;24,839673516980035;0,3781154350677744;0,7459523724881257;0,3781154350677744;0,4656943277732603;0,2872724630430089;0,602081081081081;0,0060884143651283;0,6278022672606467;0,1695171767754445;0,1840591314142945;0,0059084194977843;0,0;0,0041574957202249;0,010600071864894;0,0188056746948201;0,0009008531609347;0,0017162471395881;0,0;0,0;0,129718699897974;0,2920177520349579;0,129718699897974;0,0845690609755349;-0,0764780162504566;0,9200810810810812;0,206895791052678;0,3615741922541626;0,099085691246433;0,0369519100549012;0,93205317577548;0,855917667238422;0,6351186109073123;0,2752425440172475;0,3680303530188056;0,0023316199459488;0,0860983981693363;0,0185185185185185;0,1136363636363636
UNSW-NB15;RANDOM_LINF;gaussian;4;5;1024;2;17,92269015312195;33,7240002155304;24,76679784288005;0,3781154350677744;0,7459523724881257;0,3781154350677744;0,4656943277732603;0,2872724630430089;0,602081081081081;0,0060884143651283;0,6278022672606467;0,1695171767754445;0,1840591314142945;0,0059084194977843;0,0;0,0041574957202249;0,010600071864894;0,0188056746948201;0,0009008531609347;0,0017162471395881;0,0;0,0;0,1304474566389739;0,0788152618145092;0,1304474566389739;0,0370815572732113;0,0127164702399184;1,0;0,0;0,5660990579013341;0,1150340037586713;0,0325222681259121;0,0;0,0;0,0;0,0;0,0;0,0;0,0;0,0;0,0
UNSW-NB15;RANDOM_L2;gaussian;4;5;1024;2;17,92269015312195;33,46310925483704;24,878540543166693;0,3781154350677744;0,7459523724881257;0,3781154350677744;0,4656943277732603;0,2872724630430089;0,602081081081081;0,0060884143651283;0,6278022672606467;0,1695171767754445;0,1840591314142945;0,0059084194977843;0,0;0,0041574957202249;0,010600071864894;0,0188056746948201;0,0009008531609347;0,0017162471395881;0,0;0,0;0,1293300296361074;0,1726040652037423;0,1293300296361074;0,0368327455981369;0,0098468841975991;1,0;0,0;0,5653807798615632;0,1145091465175469;0,0321594232898912;0,0;0,0;0,0;0,0;0,0;0,0;0,0;0,0;0,0
UNSW-NB15;FGSM;gaussian;4;5;1024;3;17,859249114990234;25,718057870864868;39,060146723023855;0,5143322159063305;0,7854443336431745;0,5143322159063305;0,5837477948703135;0,4484782621145977;0,5452162162162162;0,0071472690373246;0,636684623835756;0,1691517427737743;0,2434236885659818;0,0162481536189069;0,0102915951972555;0,0085595500122279;0,0155407833273445;0,011382382052128;0,001430766785014;0,0;0,0079365079365079;0,0;0,1237307486760919;0,1300013478373126;0,1237307486760919;0,0845495156199819;-0,1310584934770275;0,9111081081081082;0,2199108797317568;0,3465119655404386;0,0827486646132391;0,035353316140705;0,946824224519941;0,8490566037735849;0,6563952066519931;0,2953647143370463;0,3919498515341471;0,0034444385565152;0,1141304347826086;0,0423280423280423;0,1136363636363636
UNSW-NB15;RANDOM_LINF;gaussian;4;5;1024;3;17,859249114990234;28,6521270275116;38,0374580964874;0,5143322159063305;0,7854443336431745;0,5143322159063305;0,5837477948703135;0,4484782621145977;0,5452162162162162;0,0071472690373246;0,636684623835756;0,1691517427737743;0,2434236885659818;0,0162481536189069;0,0102915951972555;0,0085595500122279;0,0155407833273445;0,011382382052128;0,001430766785014;0,0;0,0079365079365079;0,0;0,1339576349414565;0,0254765976978319;0,1339576349414565;0,0334323906082168;0,0030528315027878;1,0;0,0;0,5680809591155848;0,1132282426243167;0,0261151468206445;0,0;0,0;0,0;0,0;0,0;0,0;0,0;0,0;0,0
UNSW-NB15;RANDOM_L2;gaussian;4;5;1024;3;17,859249114990234;27,554718017578125;38,058106204149055;0,5143322159063305;0,7854443336431745;0,5143322159063305;0,5837477948703135;0,4484782621145977;0,5452162162162162;0,0071472690373246;0,636684623835756;0,1691517427737743;0,2434236885659818;0,0162481536189069;0,0102915951972555;0,0085595500122279;0,0155407833273445;0,011382382052128;0,001430766785014;0,0;0,0079365079365079;0,0;0,1337511538648399;0,0296891379047067;0,1337511538648399;0,0335956527406822;0,0021667620905938;1,0;0,0;0,5643935414995191;0,1120035883245063;0,0265188704382455;0,0;0,0;0,0;0,0;0,0;0,0;0,0;0,0;0,0
UNSW-NB15;FGSM;gaussian;4;5;2048;2;17,900630950927734;34,677011013031006;40,077976971286986;0,5325389884856435;0,7716237206239789;0,5325389884856435;0,5933987892345474;0,4517106304631561;0,5115405405405405;0,0075443395393982;0,6336773104847291;0,1625885310320496;0,2439349847951057;0,0221565731166912;0,0051457975986277;0,0075813157251161;0,012396694214876;0,0216100296931705;0,0009008531609347;0,0014302059496567;0,0052910052910052;0,0;0,1317592187727736;0,1446292698886796;0,1317592187727736;0,0971588809404649;-0,0347208874295145;0,912945945945946;0,2066531368569663;0,3542658482898113;0,0901680210827075;0,0420827824542314;0,9010339734121122;0,8181818181818182;0,6231352408901932;0,2804527488321954;0,3696799736060706;0,0026495681203963;0,0878146453089244;0,0211640211640211;0,1136363636363636
UNSW-NB15;RANDOM_LINF;gaussian;4;5;2048;2;17,900630950927734;41,998939752578735;40,020891026575335;0,5325389884856435;0,7716237206239789;0,5325389884856435;0,5933987892345474;0,4517106304631561;0,5115405405405405;0,0075443395393982;0,6336773104847291;0,1625885310320496;0,2439349847951057;0,0221565731166912;0,0051457975986277;0,0075813157251161;0,012396694214876;0,0216100296931705;0,0009008531609347;0,0014302059496567;0,0052910052910052;0,0;0,1323300782198902;0,0268068655209335;0,1323300782198902;0,037163172798125;0,0098629153548257;1,0;0,0;0,5678413556005679;0,1097376756235451;0,0334730188903565;0,0;0,0;0,0;0,0;0,0;0,0;0,0;0,0;0,0
UNSW-NB15;RANDOM_L2;gaussian;4;5;2048;2;17,900630950927734;42,16582202911377;40,04882670164699;0,5325389884856435;0,7716237206239789;0,5325389884856435;0,5933987892345474;0,4517106304631561;0,5115405405405405;0,0075443395393982;0,6336773104847291;0,1625885310320496;0,2439349847951057;0,0221565731166912;0,0051457975986277;0,0075813157251161;0,012396694214876;0,0216100296931705;0,0009008531609347;0,0014302059496567;0,0052910052910052;0,0;0,1320507214691736;0,0274115405534335;0,1320507214691736;0,0368254161373758;0,0082657428189252;1,0;0,0;0,5666700612603336;0,1102576002996997;0,0327648449989988;0,0;0,0;0,0;0,0;0,0;0,0;0,0;0,0;0,0
UNSW-NB15;FGSM;gaussian;4;5;2048;3;17,849014043807983;34,602760314941406;27,917456153136083;0,4151484234562503;0,7476396265427835;0,4151484234562503;0,4963061144731035;0,3217029327608013;0,5643243243243243;0,010831200917674;0,6250515722473909;0,1605227422801166;0,1967707860036487;0,0073855243722304;0,0017152658662092;0,0085595500122279;0,0309019044196909;0,0120422302870339;0,0015367495098298;0,000858123569794;0,0026455026455026;0,0;0,1359738619248894;0,1438268216209212;0,1359738619248894;0,0864659756086833;-0,0966627526278028;0,9127837837837838;0,2085061325333098;0,364087926094831;0,0888896978238328;0,0346912420761741;0,9098966026587888;0,8404802744425386;0,6233797994619712;0,2735357527847646;0,3893104585945232;0,0028085422076201;0,0918192219679633;0,0343915343915343;0,1136363636363636
UNSW-NB15;RANDOM_LINF;gaussian;4;5;2048;3;17,849014043807983;35,70163321495056;28,312199387844338;0,4151484234562503;0,7476396265427835;0,4151484234562503;0,4963061144731035;0,3217029327608013;0,5643243243243243;0,010831200917674;0,6250515722473909;0,1605227422801166;0,1967707860036487;0,0073855243722304;0,0017152658662092;0,0085595500122279;0,0309019044196909;0,0120422302870339;0,0015367495098298;0,000858123569794;0,0026455026455026;0,0;0,1320264295778069;0,2533453191969699;0,1320264295778069;0,035435476474609;0,0050232824170972;1,0;0,0;0,5676267580757416;0,1131810901614174;0,0300617011112483;0,0;0,0;0,0;0,0;0,0;0,0;0,0;0,0;0,0
UNSW-NB15;RANDOM_L2;gaussian;4;5;2048;3;17,849014043807983;36,00937557220459;28,27940533449934;0,4151484234562503;0,7476396265427835;0,4151484234562503;0,4963061144731035;0,3217029327608013;0,5643243243243243;0,010831200917674;0,6250515722473909;0,1605227422801166;0,1967707860036487;0,0073855243722304;0,0017152658662092;0,0085595500122279;0,0309019044196909;0,0120422302870339;0,0015367495098298;0,000858123569794;0,0026455026455026;0,0;0,1323543701112568;0,1378421027422673;0,1323543701112568;0,0355777166940864;0,0064289736670411;1,0;0,0;0,5642611765450665;0,1126191696361759;0,030294770662421;0,0;0,0;0,0;0,0;0,0;0,0;0,0;0,0;0,0
UNSW-NB15;FGSM;gaussian;4;10;1024;2;9,816519260406494;103,3586072921753;37,590487295340814;0,5076276538891318;0,7705084069845671;0,5076276538891318;0,5859236554803674;0,411862223332935;0,4189459459459459;0,0086693726286067;0,631168839885147;0,1714556818901217;0,2309056257894567;0,0324963072378138;0,0120068610634648;0,0095377842993396;0,0155407833273445;0,0158363576377433;0,0012717926977902;0,0080091533180778;0,0105820105820105;0,0;0,1317227809357236;0,1451808426410234;0,1317227809357236;0,0933300039499113;-0,1165541459087447;0,8945405405405406;0,233786287831995;0,4010828285032047;0,1146948629393019;0,0350181678577635;0,9586410635155096;0,8679245283018868;0,6825629738322329;0,3276140855192239;0,4127350709336853;0,0045042658046738;0,1127002288329519;0,0502645502645502;0,1136363636363636
UNSW-NB15;RANDOM_LINF;gaussian;4;10;1024;2;9,816519260406494;59,28985548019409;37,70101540105912;0,5076276538891318;0,7705084069845671;0,5076276538891318;0,5859236554803674;0,411862223332935;0,4189459459459459;0,0086693726286067;0,631168839885147;0,1714556818901217;0,2309056257894567;0,0324963072378138;0,0120068610634648;0,0095377842993396;0,0155407833273445;0,0158363576377433;0,0012717926977902;0,0080091533180778;0,0105820105820105;0,0;0,1306174998785405;0,3346076035946684;0,1306174998785405;0,0378294026568693;0,0100577905546398;0,9996756756756756;0,0001764757786993;0,5578171967361726;0,1053108973472467;0,0336609292524297;0,0;0,0017152658662092;0,0;0,0004491555874955;0,0;0,0;0,0005720823798627;0,0;0,0
UNSW-NB15;RANDOM_L2;gaussian;4;10;1024;2;9,816519260406494;58,29237318038941;37,63785648350581;0,5076276538891318;0,7705084069845671;0,5076276538891318;0,5859236554803674;0,411862223332935;0,4189459459459459;0,0086693726286067;0,631168839885147;0,1714556818901217;0,2309056257894567;0,0324963072378138;0,0120068610634648;0,0095377842993396;0,0155407833273445;0,0158363576377433;0,0012717926977902;0,0080091533180778;0,0105820105820105;0,0;0,1312490890540737;0,349702221510078;0,1312490890540737;0,0382820172278858;0,0117104486432183;0,9997027027027028;0,000264713668049;0,5540232695390063;0,104932020941211;0,03557979757182;0,0;0,0;0,0;0,0004491555874955;0,0008248102936324;0,0001059827248158;0,0;0,0;0,0
UNSW-NB15;FGSM;gaussian;4;10;1024;3;9,850590229034424;92,7385094165802;48,38944760239032;0,5916411601807317;0,7757945220554933;0,5916411601807317;0,637422330848501;0,5028218987842724;0,4283513513513513;0,0126400776493426;0,6451889794908553;0,1849257350552434;0,2634160168415428;0,0487444608567208;0,0051457975986277;0,0063585228662264;0,0260510240747394;0,0275486638073243;0,0015367495098298;0,0062929061784897;0,0079365079365079;0,0;0,1077466841568284;0,1351743938229169;0,1077466841568284;0,085026680181103;-0,1091576180225959;0,9114864864864864;0,2090355598694079;0,3961771448160899;0,0986444087456901;0,0381229546821097;0,8892171344165436;0,8216123499142367;0,6099290780141844;0,2799137621272008;0,3759485318376773;0,0031794817444756;0,1135583524027459;0,1164021164021164;0,1136363636363636
UNSW-NB15;RANDOM_LINF;gaussian;4;10;1024;3;9,850590229034424;46,12567114830017;46,84812709517563;0,5916411601807317;0,7757945220554933;0,5916411601807317;0,637422330848501;0,5028218987842724;0,4283513513513513;0,0126400776493426;0,6451889794908553;0,1849257350552434;0,2634160168415428;0,0487444608567208;0,0051457975986277;0,0063585228662264;0,0260510240747394;0,0275486638073243;0,0015367495098298;0,0062929061784897;0,0079365079365079;0,0;0,1231598892289753;0,3497770522822059;0,1231598892289753;0,038459161887917;-0,0055788831515015;0,9994594594594596;0,0003529515573987;0,5647199473919933;0,1085393245943319;0,0328001917522823;0,0;0,0;0,0002445585717779;0,0008084800574919;0,0;0,0002649568120396;0,0002860411899313;0,0;0,0
UNSW-NB15;RANDOM_L2;gaussian;4;10;1024;3;9,850590229034424;44,66731405258179;46,81533304183064;0,5916411601807317;0,7757945220554933;0,5916411601807317;0,637422330848501;0,5028218987842724;0,4283513513513513;0,0126400776493426;0,6451889794908553;0,1849257350552434;0,2634160168415428;0,0487444608567208;0,0051457975986277;0,0063585228662264;0,0260510240747394;0,0275486638073243;0,0015367495098298;0,0062929061784897;0,0079365079365079;0,0;0,1234878297624253;0,4074606592346226;0,1234878297624253;0,0386985115105823;-0,0047052308770952;0,9995135135135136;0,0001764757786993;0,5533203888414419;0,1078318751185216;0,0337329403827442;0,0;0,0;0,0;0,0002694933524973;0,0001649620587264;0,0001589740872237;0,0002860411899313;0,0;0,0
UNSW-NB15;FGSM;gaussian;4;10;2048;2;10,024993658065796;69,92582821846008;45,44648496331924;0,5861876305689161;0,7880023954701803;0,5861876305689161;0,6417387907567405;0,5052109271247789;0,4206486486486486;0,0116253419218212;0,6271342656241123;0,163540883271179;0,2615220404091062;0,0265878877400295;0,0;0,008070432868672;0,0145526410348544;0,045859452325965;0,0005829049864872;0,0068649885583524;0,0026455026455026;0,0;0,1317227809357236;0,1248704282722694;0,1317227809357236;0,0814601640511617;-0,1029053868082962;0,9225405405405406;0,2113518044648372;0,3816901159243052;0,098702633436627;0,0346712212862748;0,9350073855243722;0,855917667238422;0,6537050623624358;0,2884477182896155;0,3578027053777631;0,0028085422076201;0,0941075514874141;0,0238095238095238;0,1136363636363636
UNSW-NB15;RANDOM_LINF;gaussian;4;10;2048;2;10,024993658065796;51,62159442901611;45,71976874119419;0,5861876305689161;0,7880023954701803;0,5861876305689161;0,6417387907567405;0,5052109271247789;0,4206486486486486;0,0116253419218212;0,6271342656241123;0,163540883271179;0,2615220404091062;0,0265878877400295;0,0;0,008070432868672;0,0145526410348544;0,045859452325965;0,0005829049864872;0,0068649885583524;0,0026455026455026;0,0;0,1289899431569742;0,3554677456658461;0,1289899431569742;0,0436948199071919;0,0065533078472988;0,999162162162162;0,0003970705020735;0,5558269258096241;0,1102602620086361;0,0383335391578954;0,0;0,0;0,0004891171435558;0,0007186489399928;0,0003299241174529;0,0002119654496317;0,0002860411899313;0,0;0,0227272727272727
UNSW-NB15;RANDOM_L2;gaussian;4;10;2048;2;10,024993658065796;50,70023274421692;45,74648982169752;0,5861876305689161;0,7880023954701803;0,5861876305689161;0,6417387907567405;0,5052109271247789;0,4206486486486486;0,0116253419218212;0,6271342656241123;0,163540883271179;0,2615220404091062;0,0265878877400295;0,0;0,008070432868672;0,0145526410348544;0,045859452325965;0,0005829049864872;0,0068649885583524;0,0026455026455026;0,0;0,1287227323519409;0,3767817916238061;0,1287227323519409;0,0431189757478341;0,0054442623364615;0,9992162162162164;0,000264713668049;0,5520093616686391;0,1096932548223732;0,0385297596878782;0,0;0,0;0,0002445585717779;0,0006288178224937;0,0003299241174529;0,0001059827248158;0,0;0,0;0,0
UNSW-NB15;FGSM;gaussian;4;10;2048;3;10,059558153152466;99,97723460197447;46,21410873050576;0,5779283875042511;0,7708914866821744;0,5779283875042511;0,6312525733519893;0,4887763243554554;0,4316756756756756;0,0178681725933115;0,6188929625374999;0,16432001402179;0,253928863116197;0,0324963072378138;0,0154373927958833;0,0144289557348985;0,0306324110671936;0,0250742329264269;0,0111811774680727;0,0037185354691075;0,0052910052910052;0,0227272727272727;0,1157873001991935;0,1328704152159538;0,1157873001991935;0,0888705109775869;-0,1153379653214874;0,9004324324324324;0,2383305391335039;0,3169162925689396;0,0749033861951858;0,0354520725529459;0,9601181683899556;0,8662092624356775;0,6769381266813402;0,3331836148041681;0,4218079841636423;0,0048222139791214;0,1398741418764302;0,074074074074074;0,1590909090909091
UNSW-NB15;RANDOM_LINF;gaussian;4;10;2048;3;10,059558153152466;58,077815771102905;45,42826604479425;0,5779283875042511;0,7708914866821744;0,5779283875042511;0,6312525733519893;0,4887763243554554;0,4316756756756756;0,0178681725933115;0,6188929625374999;0,16432001402179;0,253928863116197;0,0324963072378138;0,0154373927958833;0,0144289557348985;0,0306324110671936;0,0250742329264269;0,0111811774680727;0,0037185354691075;0,0052910052910052;0,0227272727272727;0,1236457270563086;0,486145436761917;0,1236457270563086;0,0452859020521759;0,0107874426143529;0,9982702702702704;0,0005514868084355;0,5612749922844356;0,1092279308634083;0,041389743669622;0,001477104874446;0,0;0,0002445585717779;0,0012576356449874;0,0003299241174529;0,0002649568120396;0,0005720823798627;0,0;0,0
UNSW-NB15;RANDOM_L2;gaussian;4;10;2048;3;10,059558153152466;57,47914242744446;45,42948063936259;0,5779283875042511;0,7708914866821744;0,5779283875042511;0,6312525733519893;0,4887763243554554;0,4316756756756756;0,0178681725933115;0,6188929625374999;0,16432001402179;0,253928863116197;0,0324963072378138;0,0154373927958833;0,0144289557348985;0,0306324110671936;0,0250742329264269;0,0111811774680727;0,0037185354691075;0,0052910052910052;0,0227272727272727;0,1236335811106252;0,4238116975081283;0,1236335811106252;0,0440214795633488;0,0107473368531159;0,9985945945945944;0,0006617841701226;0,552943150523013;0,1087360996156308;0,0394510355952786;0,001477104874446;0,0;0,0012227928588897;0,0011678045274883;0,0;0,0004239308992634;0,000858123569794;0,0;0,0
UNSW-NB15;FGSM;gaussian;4;15;1024;2;7,22920560836792;94,10711288452148;49,6586989262984;0,6060583977068454;0,7877194849699831;0,6060583977068454;0,6511789293032756;0,5246087228062505;0,414054054054054;0,0104782493602753;0,6708976235841942;0,1932812788362189;0,2660587839656353;0,0295420974889217;0,0;0,0083149914404499;0,0123068630973769;0,0397558561530847;0,0010068358857506;0,0060068649885583;0,0079365079365079;0,0;0,1094714084438614;0,1223697971740004;0,1094714084438614;0,0760439845764865;-0,0859296017519483;0,9305405405405406;0,2078002294185123;0,424638762770417;0,1008453829407603;0,0354568382923919;0,7695716395864106;0,7427101200686106;0,5624847150892639;0,3283327344592167;0,3238205212801056;0,0037093953685549;0,1229977116704805;0,1031746031746031;0,2045454545454545
UNSW-NB15;RANDOM_LINF;gaussian;4;15;1024;2;7,22920560836792;52,93121218681336;45,92017684496915;0,6060583977068454;0,7877194849699831;0,6060583977068454;0,6511789293032756;0,5246087228062505;0,414054054054054;0,0104782493602753;0,6708976235841942;0,1932812788362189;0,2660587839656353;0,0295420974889217;0,0;0,0083149914404499;0,0123068630973769;0,0397558561530847;0,0010068358857506;0,0060068649885583;0,0079365079365079;0,0;0,1468566292571539;0,4228638038553343;0,1468566292571539;0,0847460827920883;0,0166180634625627;0,9467027027027028;0,034633371569752;0,5465868561566898;0,1069334136275886;0,0463154318604005;0,017725258493353;0,0257289879931389;0,0222548300317926;0,0515630614444843;0,0329924117452985;0,0293042234115839;0,0314645308924485;0,0317460317460317;0,0681818181818181
UNSW-NB15;RANDOM_L2;gaussian;4;15;1024;2;7,22920560836792;53,07518410682678;45,86066171112083;0,6060583977068454;0,7877194849699831;0,6060583977068454;0,6511789293032756;0,5246087228062505;0,414054054054054;0,0104782493602753;0,6708976235841942;0,1932812788362189;0,2660587839656353;0,0295420974889217;0,0;0,0083149914404499;0,0123068630973769;0,0397558561530847;0,0010068358857506;0,0060068649885583;0,0079365079365079;0,0;0,1474517805956371;0,4035434595485501;0,1474517805956371;0,0850734372691476;0,018664145904944;0,9466486486486486;0,0328465543104209;0,5494071182788748;0,106860251265089;0,046651605343594;0,0251107828655834;0,0171526586620926;0,0249449743213499;0,0466223499820337;0,0288683602771362;0,0286153357002808;0,0331807780320366;0,0211640211640211;0,0454545454545454
UNSW-NB15;FGSM;gaussian;4;15;1024;3;7,369278907775879;78,14659428596497;42,70878880629645;0,5419885342272749;0,7635688123365914;0,5419885342272749;0,6029959997007317;0,4440858518550749;0,419972972972973;0,0099267625518397;0,6580626299102578;0,1967749787814698;0,2429487423096343;0,0295420974889217;0,0017152658662092;0,008070432868672;0,0181458857348185;0,0239194985153414;0,001430766785014;0,005720823798627;0,0052910052910052;0,0;0,1149006461643103;0,3724419658470656;0,1149006461643103;0,0924993168542962;-0,102365638002719;0,8932702702702703;0,2307200211770934;0,4075183723246339;0,0990872993066832;0,0343714206392602;0,843426883308715;0,7753001715265866;0,6209342137441918;0,3493532159540065;0,3926096997690531;0,0048222139791214;0,1341533180778032;0,1375661375661375;0,3636363636363636
UNSW-NB15;RANDOM_LINF;gaussian;4;15;1024;3;7,369278907775879;82,65457248687744;40,11320021376864;0,5419885342272749;0,7635688123365914;0,5419885342272749;0,6029959997007317;0,4440858518550749;0,419972972972973;0,0099267625518397;0,6580626299102578;0,1967749787814698;0,2429487423096343;0,0295420974889217;0,0017152658662092;0,008070432868672;0,0181458857348185;0,0239194985153414;0,001430766785014;0,005720823798627;0,0052910052910052;0,0;0,1408565320895884;0,4763845390375463;0,1408565320895884;0,075110140302375;0,0098687469696216;0,9557027027027029;0,0260081178858201;0,5411715356273754;0,1074551004893346;0,0409144142126853;0,0103397341211226;0,006861063464837;0,0222548300317926;0,0427596119295724;0,0291982843945892;0,0166392877960892;0,0288901601830663;0,0158730158730158;0,0681818181818181
UNSW-NB15;RANDOM_L2;gaussian;4;15;1024;3;7,369278907775879;78,94215559959412;40,01117427002866;0,5419885342272749;0,7635688123365914;0,5419885342272749;0,6029959997007317;0,4440858518550749;0,419972972972973;0,0099267625518397;0,6580626299102578;0,1967749787814698;0,2429487423096343;0,0295420974889217;0,0017152658662092;0,008070432868672;0,0181458857348185;0,0239194985153414;0,001430766785014;0,005720823798627;0,0052910052910052;0,0;0,1418767915269883;0,4786660597720606;0,1418767915269883;0,0763736653901336;0,0120047263616714;0,9546756756756756;0,0262948910262066;0,5484782772876964;0,107965619891916;0,0416595822264832;0,0162481536189069;0,006861063464837;0,024700415749572;0,0408731584620912;0,0315077532167601;0,017487149594616;0,0251716247139588;0,0317460317460317;0,0
UNSW-NB15;FGSM;gaussian;4;15;2048;2;7,269867420196533;50,63087701797485;49,38055677015012;0,5910460088422484;0,7844180687613387;0,5910460088422484;0,6468779224083553;0,5083909262455781;0,4108378378378378;0,0151989764404835;0,6587399783238151;0,197870983799166;0,2670845474476531;0,051698670605613;0,0154373927958833;0,0114942528735632;0,0323392022996766;0,0244143846915209;0,0032324731068835;0,0074370709382151;0,0079365079365079;0,0;0,0972404411407472;0,1458049211461793;0,0972404411407472;0,103709604910949;-0,0592450141381874;0,8770810810810811;0,2636989323215388;0,4837651607286942;0,1008951483748191;0,0386437774941846;0,9571639586410636;0,8644939965694682;0,7282954267547077;0,4039705353934603;0,4289013526888816;0,0074717820995177;0,154462242562929;0,0925925925925925;0,25
UNSW-NB15;RANDOM_LINF;gaussian;4;15;2048;2;7,269867420196533;59,50256133079529;44,07156391196618;0,5910460088422484;0,7844180687613387;0,5910460088422484;0,6468779224083553;0,5083909262455781;0,4108378378378378;0,0151989764404835;0,6587399783238151;0,197870983799166;0,2670845474476531;0,051698670605613;0,0154373927958833;0,0114942528735632;0,0323392022996766;0,0244143846915209;0,0032324731068835;0,0074370709382151;0,0079365079365079;0,0;0,1503303697225866;0,3417392274788658;0,1503303697225866;0,0960302407312057;0,0147956252651081;0,9291621621621622;0,0436336362834201;0,5329999857622423;0,1021837993853087;0,0471184768075981;0,0192023633677991;0,0171526586620926;0,0320371729029102;0,0630614444843693;0,0496535796766743;0,0338614805786656;0,0471967963386727;0,0396825396825396;0,0454545454545454
UNSW-NB15;RANDOM_L2;gaussian;4;15;2048;2;7,269867420196533;59,87236142158508;44,3545644463878;0,5910460088422484;0,7844180687613387;0,5910460088422484;0,6468779224083553;0,5083909262455781;0,4108378378378378;0,0151989764404835;0,6587399783238151;0,197870983799166;0,2670845474476531;0,051698670605613;0,0154373927958833;0,0114942528735632;0,0323392022996766;0,0244143846915209;0,0032324731068835;0,0074370709382151;0,0079365079365079;0,0;0,1475003643783705;0,3338977161012481;0,1475003643783705;0,093502457031108;0,0110885421299021;0,9322972972972972;0,0416703432453895;0,5301352117607101;0,102658628031704;0,0461499682690825;0,0295420974889217;0,0240137221269296;0,0310589386157984;0,0630614444843693;0,046189376443418;0,0320597742567961;0,0363272311212814;0,0238095238095238;0,1136363636363636
UNSW-NB15;FGSM;gaussian;4;15;2048;3;7,355287551879883;103,65378284454346;44,052130398872855;0,5893334305008988;0,7739969725910307;0,5893334305008988;0,641661119367968;0,5016221940715917;0,4115945945945946;0,0179343510103238;0,6528878482442021;0,1954607686304571;0,261991172001829;0,0295420974889217;0,0085763293310463;0,0117388114453411;0,0258713618397412;0,0590564170240844;0,0020136717715012;0,0151601830663615;0,0079365079365079;0,0;0,1488121265121702;0,1557949912045984;0,1488121265121702;0,1506496863907738;-0,0833061857468834;0,7657297297297297;0,5136768728492015;0,4018443308010374;0,1021747794834459;0,0552840063425965;0,9571639586410636;0,8936535162950258;0,7742724382489606;0,5479698167445203;0,488947542065325;0,4338932753961104;0,4519450800915331;0,2513227513227513;0,5454545454545454
UNSW-NB15;RANDOM_LINF;gaussian;4;15;2048;3;7,355287551879883;57,05926561355591;43,20798717388136;0,5893334305008988;0,7739969725910307;0,5893334305008988;0,641661119367968;0,5016221940715917;0,4115945945945946;0,0179343510103238;0,6528878482442021;0,1954607686304571;0,261991172001829;0,0295420974889217;0,0085763293310463;0,0117388114453411;0,0258713618397412;0,0590564170240844;0,0020136717715012;0,0151601830663615;0,0079365079365079;0,0;0,1572535587620852;0,3716733226833215;0,1572535587620852;0,1227764575342852;0,0168454958773297;0,8927297297297297;0,0705241330627371;0,543570929955973;0,1069319071224609;0,0579275185048529;0,0443131462333825;0,0360205831903945;0,0506236243580337;0,0980057491915199;0,0734081161332893;0,0594563086216946;0,069508009153318;0,0793650793650793;0,1818181818181818
UNSW-NB15;RANDOM_L2;gaussian;4;15;2048;3;7,355287551879883;57,79562854766846;43,26021474031968;0,5893334305008988;0,7739969725910307;0,5893334305008988;0,641661119367968;0,5016221940715917;0,4115945945945946;0,0179343510103238;0,6528878482442021;0,1954607686304571;0,261991172001829;0,0295420974889217;0,0085763293310463;0,0117388114453411;0,0258713618397412;0,0590564170240844;0,0020136717715012;0,0151601830663615;0,0079365079365079;0,0;0,1567312830977019;0,3781024461962622;0,1567312830977019;0,1223473476846682;0,0171071863433906;0,8946216216216216;0,0688255536927556;0,5407513495768586;0,106954264215588;0,057698707181492;0,0324963072378138;0,0325900514579759;0,0501345072144778;0,099892202659001;0,0702738370174859;0,0560118700651793;0,0712242562929061;0,074074074074074;0,0454545454545454
UNSW-NB15;FGSM;gaussian;4;20;1024;2;6,362802267074585;17,343826055526733;49,89068648885002;0,601600835641063;0,7493545621683761;0,601600835641063;0,6444947056524151;0,5140462038340845;0,4092972972972973;0,015066619606459;0,673635101370664;0,2122319709860285;0,2619228191133234;0,0103397341211226;0,0051457975986277;0,0105160185864514;0,0372799137621272;0,0252391949851534;0,0016957235970536;0,0080091533180778;0,0052910052910052;0,0;0,1026939707525628;0,1858281719475304;0,1026939707525628;0,1268028012229109;-0,0259831947019793;0,8643243243243244;0,2667210800317656;0,5324741717413908;0,1135223703948202;0,0543468748915286;0,9527326440177252;0,888507718696398;0,7326974810467107;0,3917535034135824;0,4274166941603431;0,0080546870860049;0,2156750572082379;0,1798941798941798;0,1363636363636363
UNSW-NB15;RANDOM_LINF;gaussian;4;20;1024;2;6,362802267074585;48,370917320251465;48,18539571491037;0,601600835641063;0,7493545621683761;0,601600835641063;0,6444947056524151;0,5140462038340845;0,4092972972972973;0,015066619606459;0,673635101370664;0,2122319709860285;0,2619228191133234;0,0103397341211226;0,0051457975986277;0,0105160185864514;0,0372799137621272;0,0252391949851534;0,0016957235970536;0,0080091533180778;0,0052910052910052;0,0;0,1197468784919593;0,4154787153338688;0,1197468784919593;0,1164042735020206;0,0158704213068557;0,9008108108108108;0,0535824583075972;0,524330999827991;0,1040098023098494;0,0530201275001536;0,0428360413589364;0,0343053173241852;0,0464661286378087;0,0771649299317283;0,056581986143187;0,0406443749668804;0,0574942791762013;0,0502645502645502;0,0227272727272727
UNSW-NB15;RANDOM_L2;gaussian;4;20;1024;2;6,362802267074585;48,57825994491577;47,96433950347374;0,601600835641063;0,7493545621683761;0,601600835641063;0,6444947056524151;0,5140462038340845;0,4092972972972973;0,015066619606459;0,673635101370664;0,2122319709860285;0,2619228191133234;0,0103397341211226;0,0051457975986277;0,0105160185864514;0,0372799137621272;0,0252391949851534;0,0016957235970536;0,0080091533180778;0,0052910052910052;0,0;0,1219574406063256;0,4052042721108981;0,1219574406063256;0,1171525169965802;0,0167590531962828;0,9001351351351351;0,0573766875496338;0,5250144205205155;0,1036636851527647;0,0537012818826723;0,0487444608567208;0,0480274442538593;0,0542920029347028;0,0802191879266978;0,0656548993731441;0,0418631763022627;0,0620709382151029;0,0502645502645502;0,0227272727272727
UNSW-NB15;FGSM;gaussian;4;20;1024;3;6,032681703567505;16,044533491134644;52,191128601272894;0,613819656998494;0,7686661033919379;0,613819656998494;0,6515490734111421;0,5275552124052564;0,4083513513513513;0,0134121591811523;0,6687863944639341;0,1980757724253451;0,267920439348076;0,0487444608567208;0,0034305317324185;0,008070432868672;0,020391663672296;0,0420653249752556;0,0015897408722378;0,0071510297482837;0,0052910052910052;0,0227272727272727;0,0919083709857649;0,1663160232937215;0,0919083709857649;0,1125544028596471;-0,0534182027242452;0,8561891891891892;0,2767581399452925;0,5269729425860012;0,1054050180736627;0,0396155595556448;0,96602658788774;0,8782161234991424;0,7407679139153828;0,4147502694933525;0,4927416694160343;0,0090085316093476;0,1516018306636155;0,0952380952380952;0,25
UNSW-NB15;RANDOM_LINF;gaussian;4;20;1024;3;6,032681703567505;60,35794711112976;49,43521352572512;0,613819656998494;0,7686661033919379;0,613819656998494;0,6515490734111421;0,5275552124052564;0,4083513513513513;0,0134121591811523;0,6687863944639341;0,1980757724253451;0,267920439348076;0,0487444608567208;0,0034305317324185;0,008070432868672;0,020391663672296;0,0420653249752556;0,0015897408722378;0,0071510297482837;0,0052910052910052;0,0227272727272727;0,1194675217412427;0,3999767031635355;0,1194675217412427;0,0846015626766226;0,0126872570372707;0,9425675675675677;0,0376334598076414;0,5248237419517208;0,1033520598851865;0,0429329072749427;0,0457902511078286;0,0445969125214408;0,0420640743458058;0,0479698167445203;0,0427251732101616;0,0278734566265698;0,0380434782608695;0,0608465608465608;0,0454545454545454
UNSW-NB15;RANDOM_L2;gaussian;4;20;1024;3;6,032681703567505;60,56188535690308;49,36598163533013;0,613819656998494;0,7686661033919379;0,613819656998494;0,6515490734111421;0,5275552124052564;0,4083513513513513;0,0134121591811523;0,6687863944639341;0,1980757724253451;0,267920439348076;0,0487444608567208;0,0034305317324185;0,008070432868672;0,020391663672296;0,0420653249752556;0,0015897408722378;0,0071510297482837;0,0052910052910052;0,0227272727272727;0,1201598406451926;0,4023351020821041;0,1201598406451926;0,0863086982093852;0,0136282443241373;0,9403243243243244;0,0389790876202241;0,511059659007852;0,1029266238754208;0,0430090003187096;0,0369276218611521;0,04631217838765;0,0361946686231352;0,0489579590370104;0,0468492246783239;0,0301520852101107;0,0434782608695652;0,0423280423280423;0,0227272727272727
UNSW-NB15;FGSM;gaussian;4;20;2048;2;5,969702959060669;16,869874238967896;49,56760433367343;0,587025700821066;0,7670439364079994;0,587025700821066;0,6298782897174349;0,4990616680223162;0,4144054054054054;0,0098605841348274;0,6736339734087565;0,1857711428211041;0,2493070212284604;0,0295420974889217;0,0085763293310463;0,0092932257275617;0,0200323392022996;0,0173210161662817;0,0013247840601981;0,0080091533180778;0,0079365079365079;0,0;0,0913496574843317;0,1744244122532433;0,0913496574843317;0,1156197809379451;-0,0497968454466411;0,8601351351351352;0,2873466866672549;0,5662163338300246;0,127450858585097;0,0451582755985677;0,9615952732644018;0,8833619210977701;0,7158229395940328;0,4642472152353575;0,4806994391290003;0,0117110910921519;0,1633295194508009;0,0978835978835978;0,5
UNSW-NB15;RANDOM_LINF;gaussian;4;20;2048;2;5,969702959060669;50,67546558380127;46,26876548608075;0,587025700821066;0,7670439364079994;0,587025700821066;0,6298782897174349;0,4990616680223162;0,4144054054054054;0,0098605841348274;0,6736339734087565;0,1857711428211041;0,2493070212284604;0,0295420974889217;0,0085763293310463;0,0092932257275617;0,0200323392022996;0,0173210161662817;0,0013247840601981;0,0080091533180778;0,0079365079365079;0,0;0,1243380459602584;0,3788708857321954;0,1243380459602584;0,1271277600662691;0,0188509946714396;0,8847027027027027;0,0772081531809759;0,5296184558602403;0,1042719094600032;0,0544187320099442;0,069423929098966;0,0617495711835334;0,0731230129616043;0,0882141573841178;0,0631804684922467;0,0770494409411265;0,0772311212814645;0,0608465608465608;0,1363636363636363
UNSW-NB15;RANDOM_L2;gaussian;4;20;2048;2;5,969702959060669;50,721715211868286;46,22746927075743;0,587025700821066;0,7670439364079994;0,587025700821066;0,6298782897174349;0,4990616680223162;0,4144054054054054;0,0098605841348274;0,6736339734087565;0,1857711428211041;0,2493070212284604;0,0295420974889217;0,0085763293310463;0,0092932257275617;0,0200323392022996;0,0173210161662817;0,0013247840601981;0,0080091533180778;0,0079365079365079;0,0;0,1247510081134917;0,3754500379974949;0,1247510081134917;0,126878130579356;0,0182200333906467;0,8852432432432432;0,077164034236301;0,5257989881034735;0,103937871942581;0,0538169946656583;0,0768094534711964;0,0686106346483705;0,0689655172413793;0,0876751706791232;0,0752226987792807;0,073816967834243;0,0760869565217391;0,0846560846560846;0,0227272727272727
UNSW-NB15;FGSM;gaussian;4;20;2048;3;5,926618337631226;14,990179061889648;51,03847835592479;0,6003012194529466;0,7674285848359789;0,6003012194529466;0,6355592615335951;0,5095256771384234;0,4128918918918919;0,0167872584487779;0,6587141784383489;0,1876281216104864;0,2598613692099049;0,0295420974889217;0,0034305317324185;0,0117388114453411;0,0256018684872439;0,0526228967337512;0,0012188013353823;0,0165903890160183;0,0158730158730158;0,0;0,0899164358936986;0,1930328760806412;0,0899164358936986;0,1121120671929375;-0,0288534157795624;0,8894594594594595;0,2374261007676696;0,5397751714785575;0,1215453558378052;0,0505997195399243;0,8212703101920237;0,7392795883361921;0,6392761066275373;0,3599532878189004;0,4312108215110524;0,0064649462137671;0,1135583524027459;0,0343915343915343;0,2045454545454545
UNSW-NB15;RANDOM_LINF;gaussian;4;20;2048;3;5,926618337631226;50,97377109527588;50,41903512607491;0,6003012194529466;0,7674285848359789;0,6003012194529466;0,6355592615335951;0,5095256771384234;0,4128918918918919;0,0167872584487779;0,6587141784383489;0,1876281216104864;0,2598613692099049;0,0295420974889217;0,0034305317324185;0,0117388114453411;0,0256018684872439;0,0526228967337512;0,0012188013353823;0,0165903890160183;0,0158730158730158;0,0;0,0961108681921974;0,3105893151181375;0,0961108681921974;0,0873671342993515;-0,0003280383878307;0,9358108108108107;0,0487734933380393;0,5153610485540399;0,1016940405978874;0,0437424738246535;0,053175775480059;0,0514579759862778;0,0550256786500366;0,0517427236794825;0,0496535796766743;0,045307614858778;0,0506292906178489;0,0264550264550264;0,0227272727272727
UNSW-NB15;RANDOM_L2;gaussian;4;20;2048;3;5,926618337631226;50,77426958084106;50,22105621143662;0,6003012194529466;0,7674285848359789;0,6003012194529466;0,6355592615335951;0,5095256771384234;0,4128918918918919;0,0167872584487779;0,6587141784383489;0,1876281216104864;0,2598613692099049;0,0295420974889217;0,0034305317324185;0,0117388114453411;0,0256018684872439;0,0526228967337512;0,0012188013353823;0,0165903890160183;0,0158730158730158;0,0;0,0980906573385803;0,3192916020138429;0,0980906573385803;0,0908142271924325;0,0008122802666883;0,931945945945946;0,0489058501720638;0,5150546136071666;0,1020918478344391;0,0449840506069162;0,051698670605613;0,0566037735849056;0,0545365615064808;0,0530003593244699;0,0546024414384691;0,0425520640135657;0,0512013729977116;0,0502645502645502;0,0909090909090909
UNSW-NB15;FGSM;gaussian;8;5;1024;2;33,6655056476593;57,09498333930969;39,19861050381383;0,5231015886896954;0,7661883816688114;0,5231015886896954;0,5957498347131487;0,4257590620108017;0,407054054054054;0,0142504191299744;0,640174120972269;0,1643806019589979;0,2387108262159264;0,0162481536189069;0,0034305317324185;0,0110051357300073;0,0189543657923104;0,0404157043879907;0,0048752053415293;0,0105835240274599;0,0052910052910052;0,0227272727272727;0,1311154836515571;0,1242327935384173;0,1311154836515571;0,0853858078184388;-0,0641204809752327;0,92;0,2138224653666284;0,3641371781017316;0,0929463688156977;0,0361643177117739;0,9379615952732644;0,8507718696397941;0,6471019809244314;0,2868307581746317;0,3767733421313098;0,002914524932436;0,1044050343249427;0,037037037037037;0,1136363636363636
UNSW-NB15;RANDOM_LINF;gaussian;8;5;1024;2;33,6655056476593;46,63639426231384;39,10387212748384;0,5231015886896954;0,7661883816688114;0,5231015886896954;0,5957498347131487;0,4257590620108017;0,407054054054054;0,0142504191299744;0,640174120972269;0,1643806019589979;0,2387108262159264;0,0162481536189069;0,0034305317324185;0,0110051357300073;0,0189543657923104;0,0404157043879907;0,0048752053415293;0,0105835240274599;0,0052910052910052;0,0227272727272727;0,1320628674148569;0,0253044423342523;0,1320628674148569;0,036385889571714;0,0083298450588832;1,0;0,0;0,5546863367796793;0,1079318626215414;0,0322805679257759;0,0;0,0;0,0;0,0;0,0;0,0;0,0;0,0;0,0
UNSW-NB15;RANDOM_L2;gaussian;8;5;1024;2;33,6655056476593;45,647915840148926;39,14759753194383;0,5231015886896954;0,7661883816688114;0,5231015886896954;0,5957498347131487;0,4257590620108017;0,407054054054054;0,0142504191299744;0,640174120972269;0,1643806019589979;0,2387108262159264;0,0162481536189069;0,0034305317324185;0,0110051357300073;0,0189543657923104;0,0404157043879907;0,0048752053415293;0,0105835240274599;0,0052910052910052;0,0227272727272727;0,131625613370257;0,2557500559700315;0,131625613370257;0,0363463049727835;0,00672335753837;1,0;0,0;0,5533927352965653;0,1079532140092069;0,0323252197630419;0,0;0,0;0,0;0,0;0,0;0,0;0,0;0,0;0,0
UNSW-NB15;FGSM;gaussian;8;5;1024;3;34,223119258880615;87,5412061214447;45,92624981781081;0,5878273332361658;0,7831237387554033;0,5878273332361658;0,6443245228006066;0,5044007997511606;0,4122432432432432;0,0138974675725756;0,6354778391443764;0,1665143614851621;0,2597058858694253;0,0192023633677991;0,006861063464837;0,0171191000244558;0,0306324110671936;0,0206202573408116;0,0020136717715012;0,0088672768878718;0,0079365079365079;0,1136363636363636;0,1285648350580576;0,1370679716451218;0,1285648350580576;0,0890681973742608;-0,0766956349165284;0,909;0,221124150710315;0,3655185968948089;0,0941443049192281;0,0354373331997052;0,9527326440177252;0,8627787307032591;0,6629982880899975;0,2994071146245059;0,3917848894754207;0,0038153780933707;0,1049771167048054;0,0343915343915343;0,1136363636363636
UNSW-NB15;RANDOM_LINF;gaussian;8;5;1024;3;34,223119258880615;56,44822716712952;45,59588009522422;0,5878273332361658;0,7831237387554033;0,5878273332361658;0,6443245228006066;0,5044007997511606;0,4122432432432432;0,0138974675725756;0,6354778391443764;0,1665143614851621;0,2597058858694253;0,0192023633677991;0,006861063464837;0,0171191000244558;0,0306324110671936;0,0206202573408116;0,0020136717715012;0,0088672768878718;0,0079365079365079;0,1136363636363636;0,1318685322839236;0,0246865550548413;0,1318685322839236;0,034468982625003;0,0007251948582672;1,0;0,0;0,5694940479346806;0,1162436238007264;0,0285321571672664;0,0;0,0;0,0;0,0;0,0;0,0;0,0;0,0;0,0
UNSW-NB15;RANDOM_L2;gaussian;8;5;1024;3;34,223119258880615;56,9583535194397;45,64932225623088;0,5878273332361658;0,7831237387554033;0,5878273332361658;0,6443245228006066;0,5044007997511606;0,4122432432432432;0,0138974675725756;0,6354778391443764;0,1665143614851621;0,2597058858694253;0,0192023633677991;0,006861063464837;0,0171191000244558;0,0306324110671936;0,0206202573408116;0,0020136717715012;0,0088672768878718;0,0079365079365079;0,1136363636363636;0,131334110673857;0,0282867745909357;0,131334110673857;0,0343984120379578;-0,0004442874983664;1,0;0,0;0,5692397143393836;0,1151834190651606;0,0283839861087775;0,0;0,0;0,0;0,0;0,0;0,0;0,0;0,0;0,0
UNSW-NB15;FGSM;gaussian;8;5;2048;2;34,25446271896362;70,74718022346497;45,66389739105088;0,5822037603847836;0,7819660720865684;0,5822037603847836;0,6403883591994302;0,497673143360223;0,413;0,0113165093090973;0,6354738579799973;0,177930896578602;0,2596955697673916;0,0206794682422452;0,0017152658662092;0,016140865737344;0,0195831836148041;0,0268888155724183;0,0012717926977902;0,0074370709382151;0,0026455026455026;0,0;0,1255647864742748;0,1346323123904089;0,1255647864742748;0,0894437730600534;-0,0644747242074411;0,9122702702702704;0,2194035118679961;0,3381651447254459;0,0810830034414305;0,0369504306759114;0,9379615952732644;0,855917667238422;0,6627537295182196;0,2993172835070068;0,3853513691850874;0,0037093953685549;0,0983981693363844;0,0396825396825396;0,1136363636363636
UNSW-NB15;RANDOM_LINF;gaussian;8;5;2048;2;34,25446271896362;53,07987880706787;44,94971578487102;0,5822037603847836;0,7819660720865684;0,5822037603847836;0,6403883591994302;0,497673143360223;0,413;0,0113165093090973;0,6354738579799973;0,177930896578602;0,2596955697673916;0,0206794682422452;0,0017152658662092;0,016140865737344;0,0195831836148041;0,0268888155724183;0,0012717926977902;0,0074370709382151;0,0026455026455026;0,0;0,1327066025360734;0,0283092626835087;0,1327066025360734;0,0337551977795104;-0,0025891528185444;1,0;0,0;0,566563055025032;0,1164251401373368;0,0271466186902341;0,0;0,0;0,0;0,0;0,0;0,0;0,0;0,0;0,0
UNSW-NB15;RANDOM_L2;gaussian;8;5;2048;2;34,25446271896362;51,4752471446991;45,057814701452656;0,5822037603847836;0,7819660720865684;0,5822037603847836;0,6403883591994302;0,497673143360223;0,413;0,0113165093090973;0,6354738579799973;0,177930896578602;0,2596955697673916;0,0206794682422452;0,0017152658662092;0,016140865737344;0,0195831836148041;0,0268888155724183;0,0012717926977902;0,0074370709382151;0,0026455026455026;0,0;0,131625613370257;0,0258877489352982;0,131625613370257;0,0340254640452536;-0,0047260564438227;1,0;0,0;0,5741690962010259;0,1153256939884464;0,0279657088405077;0,0;0,0;0,0;0,0;0,0;0,0;0,0;0,0;0,0
UNSW-NB15;FGSM;gaussian;8;5;2048;3;34,09161901473999;79,24075675010681;38,4601370062673;0,5188140698634796;0,7708326842794141;0,5188140698634796;0,5930994986360889;0,4236713110465755;0,4146216216216216;0,0103238330539133;0,6429214767275115;0,1805117274654511;0,2339070280214625;0,0073855243722304;0,0017152658662092;0,008070432868672;0,0236255839022637;0,0184757505773672;0,0012188013353823;0,0077231121281464;0,0105820105820105;0,0;0,1342126998008065;0,1315710728297412;0,1342126998008065;0,0901819689412337;-0,0545061556734347;0,9144054054054054;0,2113076855201623;0,354233281661812;0,0888780990192878;0,0374837227454389;0,9409158050221564;0,855917667238422;0,6392761066275373;0,2812612288896874;0,3841966347740019;0,0024905940331725;0,0883867276887871;0,0211640211640211;0,1136363636363636
UNSW-NB15;RANDOM_LINF;gaussian;8;5;2048;3;34,09161901473999;49,36858081817627;38,62896565126561;0,5188140698634796;0,7708326842794141;0,5188140698634796;0,5930994986360889;0,4236713110465755;0,4146216216216216;0,0103238330539133;0,6429214767275115;0,1805117274654511;0,2339070280214625;0,0073855243722304;0,0017152658662092;0,008070432868672;0,0236255839022637;0,0184757505773672;0,0012188013353823;0,0077231121281464;0,0105820105820105;0,0;0,1325244133508235;0,1535271922243718;0,1325244133508235;0,0367740922036868;0,0087768149972102;1,0;0,0;0,5844518573990057;0,1226073634001343;0,0331527023823101;0,0;0,0;0,0;0,0;0,0;0,0;0,0;0,0;0,0
UNSW-NB15;RANDOM_L2;gaussian;8;5;2048;3;34,09161901473999;49,557682514190674;38,577952679395615;0,5188140698634796;0,7708326842794141;0,5188140698634796;0,5930994986360889;0,4236713110465755;0,4146216216216216;0,0103238330539133;0,6429214767275115;0,1805117274654511;0,2339070280214625;0,0073855243722304;0,0017152658662092;0,008070432868672;0,0236255839022637;0,0184757505773672;0,0012188013353823;0,0077231121281464;0,0105820105820105;0,0;0,1330345430695234;0,036009871497261;0,1330345430695234;0,0369302913748446;0,0109509244090849;1,0;0,0;0,5832388075479;0,1214152519046163;0,0333044791662318;0,0;0,0;0,0;0,0;0,0;0,0;0,0;0,0;0,0
UNSW-NB15;FGSM;gaussian;8;10;1024;2;18,109463453292847;147,79847168922424;48,59107030073362;0,6063377544575621;0,774786873586262;0,6063377544575621;0,6485589993731428;0,5187714500861047;0,4025135135135135;0,0119341745345451;0,6466312611659225;0,1719779683065679;0,2634629536562943;0,0147710487444608;0,0120068610634648;0,0090486671557838;0,0179662234998203;0,0377763114483668;0,0016427322346457;0,0062929061784897;0,0105820105820105;0,0227272727272727;0,1204270514502259;0,1328483930378431;0,1204270514502259;0,0903112212902196;-0,1023708426466638;0,9007837837837838;0,2455881055325156;0,325294226154147;0,0746987976019826;0,0357087538445373;0,9601181683899556;0,8782161234991424;0,7075079481535828;0,3696550485088034;0,4049818541735401;0,0057230671400561;0,1049771167048054;0,0608465608465608;0,2272727272727272
UNSW-NB15;RANDOM_LINF;gaussian;8;10;1024;2;18,109463453292847;49,682936906814575;48,02992761016373;0,6063377544575621;0,774786873586262;0,6063377544575621;0,6485589993731428;0,5187714500861047;0,4025135135135135;0,0119341745345451;0,6466312611659225;0,1719779683065679;0,2634629536562943;0,0147710487444608;0,0120068610634648;0,0090486671557838;0,0179662234998203;0,0377763114483668;0,0016427322346457;0,0062929061784897;0,0105820105820105;0,0227272727272727;0,1260384783559248;0,1166294652476621;0,1260384783559248;0,0375946272704488;0,0011393842422455;1,0;0,0;0,5607616448182082;0,1074097720523464;0,0326313561541823;0,0;0,0;0,0;0,0;0,0;0,0;0,0;0,0;0,0
UNSW-NB15;RANDOM_L2;gaussian;8;10;1024;2;18,109463453292847;48,90815043449402;47,89875139678376;0,6063377544575621;0,774786873586262;0,6063377544575621;0,6485589993731428;0,5187714500861047;0,4025135135135135;0,0119341745345451;0,6466312611659225;0,1719779683065679;0,2634629536562943;0,0147710487444608;0,0120068610634648;0,0090486671557838;0,0179662234998203;0,0377763114483668;0,0016427322346457;0,0062929061784897;0,0105820105820105;0,0227272727272727;0,1273502404897245;0,0956559657751181;0,1273502404897245;0,0383366408284134;0,0038776557553934;1,0;0,0;0,5572237382299241;0,1071512205629086;0,0339657318636292;0,0;0,0;0,0;0,0;0,0;0,0;0,0;0,0;0,0
UNSW-NB15;FGSM;gaussian;8;10;1024;3;19,241091012954712;175,72896885871887;48,9542340766652;0,6142690569887771;0,7430830874417225;0,6142690569887771;0,6546200925170549;0,5228690404308853;0,3974864864864865;0,0274419835877525;0,6478443715325328;0,191077279897293;0,2767594264813896;0,0487444608567208;0,0154373927958833;0,0220102714600146;0,0486884656845131;0,057241834378093;0,0092204970589793;0,0128718535469107;0,0105820105820105;0,0;0,124726716222125;0,1336364548229312;0,124726716222125;0,0841599051984535;-0,1184953369362203;0,9152432432432432;0,2127194917497573;0,3781425306515474;0,1061669533278327;0,0355205801250919;0,912850812407681;0,8216123499142367;0,6480802152115431;0,2869205892921307;0,3726492906631475;0,0027555508452122;0,1072654462242563;0,0291005291005291;0,1136363636363636
UNSW-NB15;RANDOM_LINF;gaussian;8;10;1024;3;19,241091012954712;53,41283440589905;48,662731380265264;0,6142690569887771;0,7430830874417225;0,6142690569887771;0,6546200925170549;0,5228690404308853;0,3974864864864865;0,0274419835877525;0,6478443715325328;0,191077279897293;0,2767594264813896;0,0487444608567208;0,0154373927958833;0,0220102714600146;0,0486884656845131;0,057241834378093;0,0092204970589793;0,0128718535469107;0,0105820105820105;0,0;0,1276417431861244;0,5664223942305312;0,1276417431861244;0,0400968759806962;0,0057370722814366;0,9999729729729728;0,0;0,5728595888134782;0,1156897885326931;0,0347739751577082;0,0;0,0;0,0;0,0;0,0;0,0;0,0;0,0;0,0
UNSW-NB15;RANDOM_L2;gaussian;8;10;1024;3;19,241091012954712;53,06287288665772;48,54127192343195;0,6142690569887771;0,7430830874417225;0,6142690569887771;0,6546200925170549;0,5228690404308853;0,3974864864864865;0,0274419835877525;0,6478443715325328;0,191077279897293;0,2767594264813896;0,0487444608567208;0,0154373927958833;0,0220102714600146;0,0486884656845131;0,057241834378093;0,0092204970589793;0,0128718535469107;0,0105820105820105;0,0;0,1288563377544575;0,1315989780588619;0,1288563377544575;0,0408950310648476;0,0081769487895477;1,0;2,2059472337421688e-05;0,5687383701798696;0,1157863760122848;0,035841606876605;0,0;0,0;0,0;0,0;0,0001649620587264;0,0;0,0;0,0;0,0
UNSW-NB15;FGSM;gaussian;8;10;2048;2;18,14911675453186;118,3954086303711;48,060292474372055;0,5953456736141476;0,7807108004875627;0,5953456736141476;0,6448587477294927;0,5111294217784159;0,4145135135135135;0,0151989764404835;0,6544890249222648;0,1837120591424056;0,2636380750869981;0,0192023633677991;0,0051457975986277;0,0114942528735632;0,0310815666546891;0,033157373804025;0,0013247840601981;0,0137299771167048;0,0158730158730158;0,0;0,114742748870427;0,136750154968553;0,114742748870427;0,0857414830891872;-0,136840317002858;0,9064594594594596;0,2198667607870819;0,3690071058373375;0,0965643262140402;0,0345013400825813;0,9364844903988184;0,8490566037735849;0,6524822695035462;0,3003054257994969;0,3927746618277796;0,0037623867309628;0,102116704805492;0,0343915343915343;0,1136363636363636
UNSW-NB15;RANDOM_LINF;gaussian;8;10;2048;2;18,14911675453186;49,8696358203888;46,33435359277073;0,5953456736141476;0,7807108004875627;0,5953456736141476;0,6448587477294927;0,5111294217784159;0,4145135135135135;0,0151989764404835;0,6544890249222648;0,1837120591424056;0,2636380750869981;0,0192023633677991;0,0051457975986277;0,0114942528735632;0,0310815666546891;0,033157373804025;0,0013247840601981;0,0137299771167048;0,0158730158730158;0,0;0,1320021376864402;0,2288610230529143;0,1320021376864402;0,0440509962665622;0,0145060433225983;1,0;0,0;0,5665132988970919;0,1131187363229239;0,0398489943253361;0,0;0,0;0,0;0,0;0,0;0,0;0,0;0,0;0,0
UNSW-NB15;RANDOM_L2;gaussian;8;10;2048;2;18,14911675453186;49,0867714881897;46,40722926687072;0,5953456736141476;0,7807108004875627;0,5953456736141476;0,6448587477294927;0,5111294217784159;0,4145135135135135;0,0151989764404835;0,6544890249222648;0,1837120591424056;0,2636380750869981;0,0192023633677991;0,0051457975986277;0,0114942528735632;0,0310815666546891;0,033157373804025;0,0013247840601981;0,0137299771167048;0,0158730158730158;0,0;0,1312733809454404;0,227801530394307;0,1312733809454404;0,0434355770730999;0,0119072345156241;1,0;0,0;0,5504654297964394;0,1121080160653289;0,0388705057098179;0,0;0,0;0,0;0,0;0,0;0,0;0,0;0,0;0,0
UNSW-NB15;FGSM;gaussian;8;10;2048;3;18,284352779388428;183,5260493755341;48,96030704950688;0,6047344896273624;0,7614418115025242;0,6047344896273624;0,6417425650701917;0,5113308220711278;0,3997837837837837;0,0223683049501455;0,6502903033301161;0,1719009622418294;0,262046380091129;0,0206794682422452;0,0102915951972555;0,0200538028857911;0,0456342076895436;0,0481689211481359;0,0021196544963171;0,0185926773455377;0,0052910052910052;0,1136363636363636;0,1151314191322936;0,1262775926528432;0,1151314191322936;0,0820947308649344;-0,1244997293533069;0,9138108108108108;0,2189182034765728;0,3826136824447232;0,0907915883636123;0,0342307436383626;0,946824224519941;0,8490566037735849;0,6551724137931034;0,2982393100970176;0,3813922797756516;0,0031794817444756;0,1129862700228832;0,0449735449735449;0,1136363636363636
UNSW-NB15;RANDOM_LINF;gaussian;8;10;2048;3;18,284352779388428;67,65659856796265;47,62182383520381;0,6047344896273624;0,7614418115025242;0,6047344896273624;0,6417425650701917;0,5113308220711278;0,3997837837837837;0,0223683049501455;0,6502903033301161;0,1719009622418294;0,262046380091129;0,0206794682422452;0,0102915951972555;0,0200538028857911;0,0456342076895436;0,0481689211481359;0,0021196544963171;0,0185926773455377;0,0052910052910052;0,1136363636363636;0,1285162512753243;0,1993733060429109;0,1285162512753243;0,0384321312783114;0,0013318362083132;1,0;0,0;0,5623694831368493;0,1119883614068916;0,0337651114370863;0,0;0,0;0,0;0,0;0,0;0,0;0,0;0,0;0,0
UNSW-NB15;RANDOM_L2;gaussian;8;10;2048;3;18,284352779388428;66,75269842147827;47,65583248311714;0,6047344896273624;0,7614418115025242;0,6047344896273624;0,6417425650701917;0,5113308220711278;0,3997837837837837;0,0223683049501455;0,6502903033301161;0,1719009622418294;0,262046380091129;0,0206794682422452;0,0102915951972555;0,0200538028857911;0,0456342076895436;0,0481689211481359;0,0021196544963171;0,0185926773455377;0,0052910052910052;0,1136363636363636;0,128176164796191;0,6676881581488592;0,128176164796191;0,0383222847770219;0,000436199064824;0,9999729729729728;0,0;0,5741256747792958;0,1114387040140282;0,0337265271867863;0,0;0,0;0,0;0,0;0,0;0,0;0,0;0,0;0,0
UNSW-NB15;FGSM;gaussian;8;15;1024;2;12,949525594711304;98,24807810783386;47,62303842977214;0,605050284215129;0,7613461504920456;0,605050284215129;0,6405063479175352;0,509563503798632;0,3907567567567567;0,019985881937704;0,6473730706936098;0,17712424505401;0,2670893205922781;0,0457902511078286;0,006861063464837;0,0112496943017852;0,0219187926697808;0,080666446717255;0,0016427322346457;0,0148741418764302;0,0211640211640211;0,0227272727272727;0,1288198999174075;0,1413907971187206;0,1288198999174075;0,099302804776373;-0,0747148247824672;0,8888648648648648;0,24717638754081;0,3695723776226678;0,0878961123742595;0,0383371202368647;0,9350073855243722;0,8387650085763293;0,6793837123991195;0,3458498023715415;0,4513361926756846;0,0055111016904244;0,1639016018306636;0,0873015873015873;0,2045454545454545
UNSW-NB15;RANDOM_LINF;gaussian;8;15;1024;2;12,949525594711304;82,57905912399292;46,667152504494;0,605050284215129;0,7613461504920456;0,605050284215129;0,6405063479175352;0,509563503798632;0,3907567567567567;0,019985881937704;0,6473730706936098;0,17712424505401;0,2670893205922781;0,0457902511078286;0,006861063464837;0,0112496943017852;0,0219187926697808;0,080666446717255;0,0016427322346457;0,0148741418764302;0,0211640211640211;0,0227272727272727;0,138378759170189;0,4594523343690234;0,138378759170189;0,0625071643730768;0,0195838200447783;0,979;0,0076105179564104;0,5916889256759623;0,1206586946544425;0,0436709392203051;0,0059084194977843;0,0;0,003912937148447;0,0100610851598993;0,0065984823490597;0,0076837475491494;0,0071510297482837;0,0052910052910052;0,0227272727272727
UNSW-NB15;RANDOM_L2;gaussian;8;15;1024;2;12,949525594711304;81,2027976512909;46,71209250352232;0,605050284215129;0,7613461504920456;0,605050284215129;0,6405063479175352;0,509563503798632;0,3907567567567567;0,019985881937704;0,6473730706936098;0,17712424505401;0,2670893205922781;0,0457902511078286;0,006861063464837;0,0112496943017852;0,0219187926697808;0,080666446717255;0,0016427322346457;0,0148741418764302;0,0211640211640211;0,0227272727272727;0,1379293591799057;0,4661947408054077;0,1379293591799057;0,0622066395999716;0,0189347272563942;0,9795135135135136;0,0075222800670607;0,5849401508282648;0,1191987937078184;0,0425148110386537;0,0029542097488921;0,0034305317324185;0,0083149914404499;0,0087136183974128;0,0075882547014186;0,007259816649886;0,0048627002288329;0,0132275132275132;0,0227272727272727
UNSW-NB15;FGSM;gaussian;8;15;1024;3;12,992143392562866;96,05129432678224;46,05864062575912;0,5933780304134479;0,764085392646604;0,5933780304134479;0,6409284352127493;0,5054515569066571;0,4135945945945946;0,0088017294626312;0,6487319847832465;0,1954830307675034;0,2741323659548815;0,0103397341211226;0,0154373927958833;0,0112496943017852;0,012396694214876;0,021445067634444;0,0007948704361189;0,0134439359267734;0,0158730158730158;0,0227272727272727;0,1327916241558567;0,1929735649255807;0,1327916241558567;0,1110286096639562;-0,0812642773083084;0,8648378378378379;0,2467351980940615;0,520556128280322;0,1152612432062832;0,040363302640723;0,9379615952732644;0,8524871355060034;0,6656884323795549;0,3107258354293927;0,3889805344770702;0,0481161570663981;0,1633295194508009;0,0767195767195767;0,1363636363636363
UNSW-NB15;RANDOM_LINF;gaussian;8;15;1024;3;12,992143392562866;81,188152551651;45,02016226983432;0,5933780304134479;0,764085392646604;0,5933780304134479;0,6409284352127493;0,5054515569066571;0,4135945945945946;0,0088017294626312;0,6487319847832465;0,1954830307675034;0,2741323659548815;0,0103397341211226;0,0154373927958833;0,0112496943017852;0,012396694214876;0,021445067634444;0,0007948704361189;0,0134439359267734;0,0158730158730158;0,0227272727272727;0,1431764077151047;0,4460846488148131;0,1431764077151047;0,0699649756567824;0,0221257753744086;0,9687027027027028;0,0145813112150357;0,5674251123043476;0,1111107586473824;0,0439194716584481;0,0044313146233382;0,0034305317324185;0,0100269014428955;0,0228171038447718;0,0212801055757175;0,0086905834349001;0,0185926773455377;0,0079365079365079;0,0
UNSW-NB15;RANDOM_L2;gaussian;8;15;1024;3;12,992143392562866;80,06162977218628;44,93635524461934;0,5933780304134479;0,764085392646604;0,5933780304134479;0,6409284352127493;0,5054515569066571;0,4135945945945946;0,0088017294626312;0,6487319847832465;0,1954830307675034;0,2741323659548815;0,0103397341211226;0,0154373927958833;0,0112496943017852;0,012396694214876;0,021445067634444;0,0007948704361189;0,0134439359267734;0,0158730158730158;0,0227272727272727;0,1440144779672545;0,4484336368618998;0,1440144779672545;0,0703772882269768;0,0235850508291017;0,9687297297297296;0,015066619606459;0,5591017880084996;0,1108904608000828;0,0433729411382975;0,0059084194977843;0,006861063464837;0,0127170457324529;0,0248832195472511;0,0181458264599142;0,0089025488845318;0,0168764302059496;0,0211640211640211;0,0227272727272727
UNSW-NB15;FGSM;gaussian;8;15;2048;2;12,880841970443726;131,49672722816467;50,08745080891999;0,6199412136228927;0,7590008643143493;0,6199412136228927;0,6549180738913489;0,5286921461041841;0,397;0,0219932939204094;0,6629695546905463;0,182238819247634;0,2776101452821639;0,0561299852289512;0,006861063464837;0,0171191000244558;0,0413223140495867;0,0590564170240844;0,0015367495098298;0,0094393592677345;0,0132275132275132;0,0;0,1190667055336928;0,1352670119916952;0,1190667055336928;0,0981604836778137;-0,0704052275756855;0,8932162162162162;0,2572796258713491;0,4205853368577477;0,0904521627974551;0,0412825395393714;0,9438700147710488;0,8490566037735849;0,6950354609929078;0,3559108875314409;0,452820851204223;0,0225743203857771;0,1433066361556064;0,1216931216931216;0,1590909090909091
UNSW-NB15;RANDOM_LINF;gaussian;8;15;2048;2;12,880841970443726;58,77774357795715;47,44206383909051;0,6199412136228927;0,7590008643143493;0,6199412136228927;0,6549180738913489;0,5286921461041841;0,397;0,0219932939204094;0,6629695546905463;0,182238819247634;0,2776101452821639;0,0561299852289512;0,006861063464837;0,0171191000244558;0,0413223140495867;0,0590564170240844;0,0015367495098298;0,0094393592677345;0,0132275132275132;0,0;0,1455205752319875;0,4018311725792958;0,1455205752319875;0,0747705849589059;0,0231667136326302;0,9637297297297296;0,0214197476396364;0,575742143033235;0,1126534714789015;0,0424486808516331;0,0147710487444608;0,0102915951972555;0,0134507214477867;0,0308120733021918;0,0237545364566149;0,0179110804938795;0,0183066361556064;0,0211640211640211;0,0681818181818181
UNSW-NB15;RANDOM_L2;gaussian;8;15;2048;2;12,880841970443726;57,02107858657837;47,54530437739882;0,6199412136228927;0,7590008643143493;0,6199412136228927;0,6549180738913489;0,5286921461041841;0,397;0,0219932939204094;0,6629695546905463;0,182238819247634;0,2776101452821639;0,0561299852289512;0,006861063464837;0,0171191000244558;0,0413223140495867;0,0590564170240844;0,0015367495098298;0,0094393592677345;0,0132275132275132;0,0;0,1444881698489044;0,3805492340434726;0,1444881698489044;0,0751583351353693;0,020211536437547;0,9625405405405404;0,0215300450013235;0,5731783671041673;0,1127442601549829;0,0423317116807955;0,0029542097488921;0,006861063464837;0,0144289557348985;0,0318900467121811;0,0237545364566149;0,0179640718562874;0,0197368421052631;0,0105820105820105;0,0
UNSW-NB15;FGSM;gaussian;8;15;2048;3;13,143190383911133;72,84232139587402;47,59145897099548;0,5893698683379488;0,7425305846403082;0,5893698683379488;0,6361234894518847;0,4940423398111639;0,4036486486486486;0,0245301332392129;0,6473683462624817;0,1853820874103069;0,2645683638817354;0,0472673559822747;0,0017152658662092;0,016385424309122;0,0313510600071864;0,092708677004289;0,0011658099729744;0,0197368421052631;0,0238095238095238;0,0227272727272727;0,1134552786279939;0,1465587456451672;0,1134552786279939;0,1040299194175006;-0,01463993487926;0,9104864864864864;0,2235506926674313;0,5194426650564747;0,107912077653845;0,0483065472911784;0,9394387001477104;0,8473413379073756;0,6649547566642211;0,3129716133668703;0,3904651930056087;0,0031794817444756;0,0989702517162471;0,0529100529100529;0,1818181818181818
UNSW-NB15;RANDOM_LINF;gaussian;8;15;2048;3;13,143190383911133;83,29531717300415;46,256619540397416;0,5893698683379488;0,7425305846403082;0,5893698683379488;0,6361234894518847;0,4940423398111639;0,4036486486486486;0,0245301332392129;0,6473683462624817;0,1853820874103069;0,2645683638817354;0,0472673559822747;0,0017152658662092;0,016385424309122;0,0313510600071864;0,092708677004289;0,0011658099729744;0,0197368421052631;0,0238095238095238;0,0227272727272727;0,1268036729339746;0,4198230377868026;0,1268036729339746;0,0500742117196521;0,0127880819878825;0,9947297297297296;0,0034412776846377;0,5400311798795058;0,1070600471569653;0,0423686551463139;0,0029542097488921;0,0017152658662092;0,0024455857177794;0,0044017247574559;0,0029693170570768;0,0031794817444756;0,0040045766590389;0,0026455026455026;0,0227272727272727
UNSW-NB15;RANDOM_L2;gaussian;8;15;2048;3;13,143190383911133;82,88277840614319;46,40237088859739;0,5893698683379488;0,7425305846403082;0,5893698683379488;0,6361234894518847;0,4940423398111639;0,4036486486486486;0,0245301332392129;0,6473683462624817;0,1853820874103069;0,2645683638817354;0,0472673559822747;0,0017152658662092;0,016385424309122;0,0313510600071864;0,092708677004289;0,0011658099729744;0,0197368421052631;0,0238095238095238;0,0227272727272727;0,1253461594519749;0,4061308058300253;0,1253461594519749;0,0497539784970129;0,0097049556526231;0,995054054054054;0,0034853966293126;0,536855851330635;0,1062932799790134;0,0417242456189476;0,0;0,0;0,0026901442895573;0,0056593604024434;0,0032992411745298;0,0030205076572518;0,0020022883295194;0,0;0,0
UNSW-NB15;FGSM;gaussian;8;20;1024;2;10,503194570541382;27,52589774131775;51,0093280862848;0,619916921731526;0,7665992670687745;0,619916921731526;0,6502638316847947;0,5292354808129904;0,3938108108108108;0,0166990205594282;0,6747764335669626;0,1995432940917559;0,2715242424563713;0,0103397341211226;0,0034305317324185;0,0112496943017852;0,0213798059647862;0,0643352029033322;0,0015367495098298;0,0117276887871853;0,0105820105820105;0,0;0,109823640868678;0,1788908552055114;0,109823640868678;0,1282618322365733;-0,0313957424434918;0,8625405405405405;0,2801111797405806;0,5399436034796892;0,1171942251979594;0,0552304981294477;0,9261447562776958;0,8439108061749572;0,706529713866471;0,4050485088034495;0,4849884526558891;0,0222033808489216;0,2176773455377574;0,1058201058201058;0,4772727272727273
UNSW-NB15;RANDOM_LINF;gaussian;8;20;1024;2;10,503194570541382;98,44178175926208;47,29631249089054;0,619916921731526;0,7665992670687745;0,619916921731526;0,6502638316847947;0,5292354808129904;0,3938108108108108;0,0166990205594282;0,6747764335669626;0,1995432940917559;0,2715242424563713;0,0103397341211226;0,0034305317324185;0,0112496943017852;0,0213798059647862;0,0643352029033322;0,0015367495098298;0,0117276887871853;0,0105820105820105;0,0;0,1469537968226206;0,3439007949722137;0,1469537968226206;0,1224470580973675;0,0124249839570398;0,8902702702702703;0,0739874702197123;0,5308382757369852;0,1062191876093208;0,0560807942940269;0,0472673559822747;0,0531732418524871;0,0682318415260454;0,0922565576715774;0,0823160673045199;0,0627417730909861;0,0789473684210526;0,0555555555555555;0,1136363636363636
UNSW-NB15;RANDOM_L2;gaussian;8;20;1024;2;10,503194570541382;98,14654207229614;47,31574600398388;0,619916921731526;0,7665992670687745;0,619916921731526;0,6502638316847947;0,5292354808129904;0,3938108108108108;0,0166990205594282;0,6747764335669626;0,1995432940917559;0,2715242424563713;0,0103397341211226;0,0034305317324185;0,0112496943017852;0,0213798059647862;0,0643352029033322;0,0015367495098298;0,0117276887871853;0,0105820105820105;0,0;0,1467594616916873;0,3357368402253498;0,1467594616916873;0,1215603190121483;0,0115496963052874;0,8916216216216216;0,0743183623047736;0,524298440982308;0,1049174219440801;0,0547715805554501;0,0472673559822747;0,04631217838765;0,0650525800929322;0,0963887890765361;0,0869350049488617;0,0619469026548672;0,0715102974828375;0,0634920634920634;0,0227272727272727
UNSW-NB15;FGSM;gaussian;8;20;1024;3;10,402632474899292;26,19990825653076;49,3720546081718;0,6250303648642084;0,7552410918909893;0,6250303648642084;0,659394810974624;0,5349614496916595;0,3972162162162162;0,0246624900732374;0,672685101594186;0,2054520139982953;0,2784083609246855;0,0576070901033973;0,0034305317324185;0,0176082171680117;0,039795185052102;0,0724183437809303;0,001430766785014;0,0245995423340961;0,0211640211640211;0,0454545454545454;0,1313098187824904;0,2365912249670385;0,1313098187824904;0,1467271763709724;0,0371272091082218;0,8655945945945946;0,1837995235153975;0,5585753889403123;0,1251297936989638;0,0657145715636287;0,6159527326440177;0,548885077186964;0,3687943262411347;0,2350880344951491;0,3777631144836688;0,0333315669545864;0,142162471395881;0,119047619047619;0,2045454545454545
UNSW-NB15;RANDOM_LINF;gaussian;8;20;1024;3;10,402632474899292;104,10983300209044;47,19307195258223;0,6250303648642084;0,7552410918909893;0,6250303648642084;0,659394810974624;0,5349614496916595;0,3972162162162162;0,0246624900732374;0,672685101594186;0,2054520139982953;0,2784083609246855;0,0576070901033973;0,0034305317324185;0,0176082171680117;0,039795185052102;0,0724183437809303;0,001430766785014;0,0245995423340961;0,0211640211640211;0,0454545454545454;0,153099645338386;0,4488891179906673;0,153099645338386;0,1350715716678741;0,0222437400605484;0,8751351351351352;0,0783331862701844;0,5409619126230767;0,1072923735897911;0,0591652678612609;0,069423929098966;0,0514579759862778;0,0682318415260454;0,0997125404240028;0,0936984493566479;0,0648084362248953;0,075228832951945;0,0767195767195767;0,0454545454545454
UNSW-NB15;RANDOM_L2;gaussian;8;20;1024;3;10,402632474899292;104,00475215911864;47,12991303502891;0,6250303648642084;0,7552410918909893;0,6250303648642084;0,659394810974624;0,5349614496916595;0,3972162162162162;0,0246624900732374;0,672685101594186;0,2054520139982953;0,2784083609246855;0,0576070901033973;0,0034305317324185;0,0176082171680117;0,039795185052102;0,0724183437809303;0,001430766785014;0,0245995423340961;0,0211640211640211;0,0454545454545454;0,1537312345139192;0,4501871875327022;0,1537312345139192;0,1359463450754544;0,0223865760030782;0,8747297297297297;0,0786199594105709;0,5454301239080133;0,1067989234834957;0,0599744298619783;0,0620384047267356;0,0806174957118353;0,0709219858156028;0,0982752425440172;0,0884196634774002;0,0658152721106459;0,0823798627002288;0,0529100529100529;0,1136363636363636
UNSW-NB15;FGSM;gaussian;8;20;2048;2;10,53044581413269;29,747567415237427;53,88670261866589;0,6213744352135258;0,7486331239503806;0,6213744352135258;0,649500179024864;0,5334488265694839;0,3995675675675675;0,014073943351275;0,676761685768938;0,1849900664031239;0,2686415701017969;0,0162481536189069;0,006861063464837;0,0110051357300073;0,0163492633848365;0,0516331243813922;0,0013777754226061;0,0151601830663615;0,0105820105820105;0,0;0,0825074090268668;0,1869580188731603;0,0825074090268668;0,1015903405144592;-0,0422628549383857;0,8976756756756756;0,2406688432012706;0,5411524559884009;0,1165436749325771;0,0456096327841932;0,8921713441654358;0,8010291595197255;0,6749816581071166;0,3567193675889328;0,4097657538766084;0,0071008425626622;0,1292906178489702;0,074074074074074;0,2272727272727272
UNSW-NB15;RANDOM_LINF;gaussian;8;20;2048;2;10,53044581413269;109,31319952011108;47,80279842588544;0,6213744352135258;0,7486331239503806;0,6213744352135258;0,649500179024864;0,5334488265694839;0,3995675675675675;0,014073943351275;0,676761685768938;0,1849900664031239;0,2686415701017969;0,0162481536189069;0,006861063464837;0,0110051357300073;0,0163492633848365;0,0516331243813922;0,0013777754226061;0,0151601830663615;0,0105820105820105;0,0;0,1433464509546713;0,3409221668040053;0,1433464509546713;0,1126891926730197;0,0137228216331617;0,909918918918919;0,060266478425836;0,53404932601562;0,104561601894367;0,0538545390667105;0,0413589364844904;0,0360205831903945;0,0520909757887013;0,0645885734818541;0,0554272517321016;0,0647024535000794;0,0491990846681922;0,0476190476190476;0,0909090909090909
UNSW-NB15;RANDOM_L2;gaussian;8;20;2048;2;10,53044581413269;108,830335855484;47,825875722683776;0,6213744352135258;0,7486331239503806;0,6213744352135258;0,649500179024864;0,5334488265694839;0,3995675675675675;0,014073943351275;0,676761685768938;0,1849900664031239;0,2686415701017969;0,0162481536189069;0,006861063464837;0,0110051357300073;0,0163492633848365;0,0516331243813922;0,0013777754226061;0,0151601830663615;0,0105820105820105;0,0;0,143115677986688;0,3276069418615895;0,143115677986688;0,1120574477675576;0,0124560443527772;0,9104594594594596;0,0612370952086826;0,5328384161427385;0,1038540237148605;0,0542009749096295;0,0457902511078286;0,0514579759862778;0,0476889214966984;0,0683614804168163;0,0503134279115803;0,064278522600816;0,0632151029748283;0,0529100529100529;0,0
UNSW-NB15;FGSM;gaussian;8;20;2048;3;10,59557056427002;32,07176232337952;55,074576106495655;0,628066851285041;0,7810458850288887;0,628066851285041;0,6611395226143492;0,541845203937575;0,4025135135135135;0,0138533486279008;0,6653359743944998;0,1931730747058067;0,2821826745315166;0,0221565731166912;0,0017152658662092;0,0127170457324529;0,0222781171397772;0,0381062355658198;0,0010068358857506;0,0160183066361556;0,0158730158730158;0,0;0,0773210902200845;0,137893083308965;0,0773210902200845;0,0908910241096824;-0,0626835471001195;0,9036486486486488;0,2723241860054707;0,5416033480735241;0,1083091384419737;0,0396705440337824;0,8833087149187593;0,7873070325900514;0,735632183908046;0,4809558030901904;0,3418013856812933;0,0111281861056647;0,1684782608695652;0,0978835978835978;0,4090909090909091
UNSW-NB15;RANDOM_LINF;gaussian;8;20;2048;3;10,59557056427002;112,10611081123352;47,6473303211388;0,628066851285041;0,7810458850288887;0,628066851285041;0,6611395226143492;0,541845203937575;0,4025135135135135;0,0138533486279008;0,6653359743944998;0,1931730747058067;0,2821826745315166;0,0221565731166912;0,0017152658662092;0,0127170457324529;0,0222781171397772;0,0381062355658198;0,0010068358857506;0,0160183066361556;0,0158730158730158;0,0;0,151593548073653;0,3788103781664022;0,151593548073653;0,1210058483691899;0,0203382861343389;0,8954324324324324;0,060266478425836;0,554765488956164;0,1120058609001763;0,0540576863831757;0,035450516986706;0,0428816466552315;0,0418195157740278;0,0837226015091627;0,0734081161332893;0,0465794075565682;0,0646453089244851;0,0608465608465608;0,1590909090909091
UNSW-NB15;RANDOM_L2;gaussian;8;20;2048;3;10,59557056427002;113,697420835495;47,49914978380217;0,628066851285041;0,7810458850288887;0,628066851285041;0,6611395226143492;0,541845203937575;0,4025135135135135;0,0138533486279008;0,6653359743944998;0,1931730747058067;0,2821826745315166;0,0221565731166912;0,0017152658662092;0,0127170457324529;0,0222781171397772;0,0381062355658198;0,0010068358857506;0,0160183066361556;0,0158730158730158;0,0;0,1530753534470194;0,3805492070560453;0,1530753534470194;0,1222253715404366;0,0220623239384611;0,8944864864864864;0,0609062031236212;0,543656311151014;0,111654795567333;0,0551132897064983;0,0502215657311669;0,0360205831903945;0,0481780386402543;0,0823751347466762;0,0654899373144176;0,048964018864925;0,0726544622425629;0,0317460317460317;0,1136363636363636
UNSW-NB15;FGSM;gaussian;10;5;1024;2;42,23656344413757;64,26792454719543;46,08536170626245;0,5939974736432979;0,7687256757188922;0,5939974736432979;0,6394372056377918;0,5051488960531487;0,412972972972973;0,0215079855289861;0,6287716834515;0,1664781218375035;0,2625848412832746;0,0620384047267356;0,0137221269296741;0,0158963071655661;0,0258713618397412;0,0329924117452985;0,0187059509299984;0,0048627002288329;0,0052910052910052;0,0;0,1331438565806733;0,1505051574858177;0,1331438565806733;0,0846523659757413;-0,0816248235614449;0,916945945945946;0,2156975205153092;0,3603055891616252;0,0884067670014322;0,0342761195370163;0,9364844903988184;0,8524871355060034;0,6515040352164343;0,2877290693496227;0,3909600791817882;0,0031794817444756;0,0958237986270022;0,0264550264550264;0,1136363636363636
UNSW-NB15;RANDOM_LINF;gaussian;10;5;1024;2;42,23656344413757;54,30044269561768;46,05499684205413;0,5939974736432979;0,7687256757188922;0,5939974736432979;0,6394372056377918;0,5051488960531487;0,412972972972973;0,0215079855289861;0,6287716834515;0,1664781218375035;0,2625848412832746;0,0620384047267356;0,0137221269296741;0,0158963071655661;0,0258713618397412;0,0329924117452985;0,0187059509299984;0,0048627002288329;0,0052910052910052;0,0;0,1334475052227566;0,258139830660917;0,1334475052227566;0,0357846057595284;0,005458532153944;1,0;0,0;0,5888268450493965;0,1293874812986261;0,0312246502422695;0,0;0,0;0,0;0,0;0,0;0,0;0,0;0,0;0,0
UNSW-NB15;RANDOM_L2;gaussian;10;5;1024;2;42,23656344413757;53,66277313232422;46,0428508963708;0,5939974736432979;0,7687256757188922;0,5939974736432979;0,6394372056377918;0,5051488960531487;0,412972972972973;0,0215079855289861;0,6287716834515;0,1664781218375035;0,2625848412832746;0,0620384047267356;0,0137221269296741;0,0158963071655661;0,0258713618397412;0,0329924117452985;0,0187059509299984;0,0048627002288329;0,0052910052910052;0,0;0,1335689646795899;0,0374705036711455;0,1335689646795899;0,0357677463869811;0,006020718866179;1,0;0,0;0,584555441599069;0,1277373872708521;0,0311580906003429;0,0;0,0;0,0;0,0;0,0;0,0;0,0;0,0;0,0
UNSW-NB15;FGSM;gaussian;10;5;1024;3;43,66022896766663;77,05391669273376;37,15930622358257;0,5059758052761988;0,7591920169115017;0,5059758052761988;0,5765317563572742;0,4034073252269845;0,4091891891891892;0,0116474013941586;0,6395039689460643;0,1703871455385447;0,2231774918055107;0,0073855243722304;0,0034305317324185;0,0146735143066764;0,019493352497305;0,0237545364566149;0,002861533570028;0,0125858123569794;0,0052910052910052;0,0;0,1343827430403731;0,1271949410139648;0,1343827430403731;0,0854793988011187;-0,0999322471327924;0,9128108108108108;0,2173740404129533;0,3703722669036557;0,1151506442763993;0,0337683107964374;0,946824224519941;0,8593481989708405;0,6576179995108828;0,2874595759971254;0,3982184097657539;0,002914524932436;0,097254004576659;0,0238095238095238;0,1136363636363636
UNSW-NB15;RANDOM_LINF;gaussian;10;5;1024;3;43,66022896766663;54,70533609390259;37,240684059660886;0,5059758052761988;0,7591920169115017;0,5059758052761988;0,5765317563572742;0,4034073252269845;0,4091891891891892;0,0116474013941586;0,6395039689460643;0,1703871455385447;0,2231774918055107;0,0073855243722304;0,0034305317324185;0,0146735143066764;0,019493352497305;0,0237545364566149;0,002861533570028;0,0125858123569794;0,0052910052910052;0,0;0,1335689646795899;0,0211323102078592;0,1335689646795899;0,0345801604508968;0,006148137653838;1,0;0,0;0,5712379373433144;0,1135733280803891;0,0283929711140281;0,0;0,0;0,0;0,0;0,0;0,0;0,0;0,0;0,0
UNSW-NB15;RANDOM_L2;gaussian;10;5;1024;3;43,66022896766663;54,89260935783386;37,255259194480885;0,5059758052761988;0,7591920169115017;0,5059758052761988;0,5765317563572742;0,4034073252269845;0,4091891891891892;0,0116474013941586;0,6395039689460643;0,1703871455385447;0,2231774918055107;0,0073855243722304;0,0034305317324185;0,0146735143066764;0,019493352497305;0,0237545364566149;0,002861533570028;0,0125858123569794;0,0052910052910052;0,0;0,1334232133313899;0,0276192915814296;0,1334232133313899;0,0343899880988472;0,005176610023308;1,0;0,0;0,5735242860925982;0,1130989691361163;0,0280238645978852;0,0;0,0;0,0;0,0;0,0;0,0;0,0;0,0;0,0
UNSW-NB15;FGSM;gaussian;10;5;2048;2;43,31461477279663;76,98885750770569;45,56430063644756;0,5812685225671671;0,7639966200477963;0,5812685225671671;0,624323849662405;0,4899846202276645;0,4204864864864865;0,0144489543810112;0,6317113235533867;0,1643377638386458;0,2474554220218903;0,0073855243722304;0,0034305317324185;0,0117388114453411;0,010600071864894;0,0133619267568459;0,0206136399766838;0,0031464530892448;0,0026455026455026;0,0;0,1256255162026915;0,1311430455958057;0,1256255162026915;0,0866245159564801;-0,1275154612073369;0,9062972972972972;0,2235286331950939;0,3673407856512728;0,1143089502820344;0,0342659735709415;0,9497784342688332;0,8593481989708405;0,6661775495231108;0,3061444484369385;0,3997030682942923;0,0037093953685549;0,0983981693363844;0,0396825396825396;0,1136363636363636
UNSW-NB15;RANDOM_LINF;gaussian;10;5;2048;2;43,31461477279663;59,88814401626587;44,80032065296604;0,5812685225671671;0,7639966200477963;0,5812685225671671;0,624323849662405;0,4899846202276645;0,4204864864864865;0,0144489543810112;0,6317113235533867;0,1643377638386458;0,2474554220218903;0,0073855243722304;0,0034305317324185;0,0117388114453411;0,010600071864894;0,0133619267568459;0,0206136399766838;0,0031464530892448;0,0026455026455026;0,0;0,1332653160375067;0,250592061296685;0,1332653160375067;0,034659533188024;0,0041024347934753;1,0;0,0;0,5847044959622912;0,1217325172093429;0,0286814821483528;0,0;0,0;0,0;0,0;0,0;0,0;0,0;0,0;0,0
UNSW-NB15;RANDOM_L2;gaussian;10;5;2048;2;43,31461477279663;60,48267793655396;44,79546227469271;0,5812685225671671;0,7639966200477963;0,5812685225671671;0,624323849662405;0,4899846202276645;0,4204864864864865;0,0144489543810112;0,6317113235533867;0,1643377638386458;0,2474554220218903;0,0073855243722304;0,0034305317324185;0,0117388114453411;0,010600071864894;0,0133619267568459;0,0206136399766838;0,0031464530892448;0,0026455026455026;0,0;0,13331389982024;0,0262024808166068;0,13331389982024;0,0345398063548848;0,0040288188662928;1,0;0,0;0,5866677983885775;0,1207518777703266;0,0284224578682398;0,0;0,0;0,0;0,0;0,0;0,0;0,0;0,0;0,0
UNSW-NB15;FGSM;gaussian;10;5;2048;3;43,99384188652039;69,19459748268127;44,50274498372444;0,5789729388330176;0,7700980954461581;0,5789729388330176;0,6278568780735727;0,4912809589144292;0,4158918918918919;0,0087355510456189;0,6355652369706489;0,1655467464340374;0,2509080884706875;0,0073855243722304;0,0051457975986277;0,0078258742968941;0,0120373697448796;0,0262289673375123;0,0022256372211329;0,0051487414187643;0,0079365079365079;0,0;0,1339454889957732;0,1494334526631565;0,1339454889957732;0,089002771866046;-0,1170555362643014;0,9041621621621622;0,2240360010588546;0,3536878493735843;0,0852786781156173;0,0342572656379567;0,9542097488921714;0,8644939965694682;0,6674003423820005;0,3046173194394538;0,4049818541735401;0,003603412643739;0,0983981693363844;0,037037037037037;0,1136363636363636
UNSW-NB15;RANDOM_LINF;gaussian;10;5;2048;3;43,99384188652039;61,917304039001465;44,52825146965943;0,5789729388330176;0,7700980954461581;0,5789729388330176;0,6278568780735727;0,4912809589144292;0,4158918918918919;0,0087355510456189;0,6355652369706489;0,1655467464340374;0,2509080884706875;0,0073855243722304;0,0051457975986277;0,0078258742968941;0,0120373697448796;0,0262289673375123;0,0022256372211329;0,0051487414187643;0,0079365079365079;0,0;0,1336904241364232;0,0297959272572129;0,1336904241364232;0,0331507517476227;-0,0021424815122523;1,0;0,0;0,5687934928848275;0,110748484436251;0,0258583329843067;0,0;0,0;0,0;0,0;0,0;0,0;0,0;0,0;0,0
UNSW-NB15;RANDOM_L2;gaussian;10;5;2048;3;43,99384188652039;61,53834080696106;44,57319146868775;0,5789729388330176;0,7700980954461581;0,5789729388330176;0,6278568780735727;0,4912809589144292;0,4158918918918919;0,0087355510456189;0,6355652369706489;0,1655467464340374;0,2509080884706875;0,0073855243722304;0,0051457975986277;0,0078258742968941;0,0120373697448796;0,0262289673375123;0,0022256372211329;0,0051487414187643;0,0079365079365079;0,0;0,13324102414614;0,0268271914919135;0,13324102414614;0,033163909262832;-0,0046706664511301;1,0;0,0;0,5646375758206424;0,1100383394816925;0,0260181663309185;0,0;0,0;0,0;0,0;0,0;0,0;0,0;0,0;0,0
UNSW-NB15;FGSM;gaussian;10;10;1024;2;22,18894052505493;115,68965530395508;48,340863819657;0,6036656464072293;0,77051780816072;0,6036656464072293;0,6457898404435813;0,5139797457402295;0,4084594594594594;0,0160372363893055;0,6328438483042788;0,1813783434830438;0,2679122775991781;0,0295420974889217;0,0120068610634648;0,0124724871606749;0,0283866331297161;0,0417354008578027;0,0018017063218695;0,012299771167048;0,0079365079365079;0,0;0,1202570082106592;0,1508673156524933;0,1202570082106592;0,1033124386183824;-0,0570871211545565;0,8892702702702703;0,2216976969910879;0,3834148596985163;0,0925275161915512;0,0402801569914974;0,9379615952732644;0,8490566037735849;0,6590853509415505;0,310097017606899;0,3863411415374463;0,0037623867309628;0,0975400457665904;0,037037037037037;0,1136363636363636
UNSW-NB15;RANDOM_LINF;gaussian;10;10;1024;2;22,18894052505493;44,96231031417847;47,38983627265219;0,6036656464072293;0,77051780816072;0,6036656464072293;0,6457898404435813;0,5139797457402295;0,4084594594594594;0,0160372363893055;0,6328438483042788;0,1813783434830438;0,2679122775991781;0,0295420974889217;0,0120068610634648;0,0124724871606749;0,0283866331297161;0,0417354008578027;0,0018017063218695;0,012299771167048;0,0079365079365079;0,0;0,1297672836807074;0,2012799887494493;0,1297672836807074;0,03942411172461;0,0123737019743604;1,0;0,0;0,5947142024669988;0,122971359937487;0,0344211970731544;0,0;0,0;0,0;0,0;0,0;0,0;0,0;0,0;0,0
UNSW-NB15;RANDOM_L2;gaussian;10;10;1024;2;22,18894052505493;43,94142937660217;47,42627410970218;0,6036656464072293;0,77051780816072;0,6036656464072293;0,6457898404435813;0,5139797457402295;0,4084594594594594;0,0160372363893055;0,6328438483042788;0,1813783434830438;0,2679122775991781;0,0295420974889217;0,0120068610634648;0,0124724871606749;0,0283866331297161;0,0417354008578027;0,0018017063218695;0,012299771167048;0,0079365079365079;0,0;0,1294029053102074;0,6734118995628119;0,1294029053102074;0,0392928574386962;0,0118774298438859;0,9999729729729728;0,0;0,5807137676527458;0,1218131565235073;0,0345819640320366;0,0;0,0;0,0;0,0;0,0;0,0;0,0;0,0;0,0
UNSW-NB15;FGSM;gaussian;10;10;1024;3;22,42095971107483;85,86941576004028;41,595005587135006;0,5532113880386726;0,7428699332093427;0,5532113880386726;0,6049130970531702;0,4518008873731324;0,4053783783783783;0,0152651548574958;0,6532676520051025;0,191376293383451;0,240527915530802;0,0265878877400295;0,0102915951972555;0,0119833700171191;0,028296802012217;0,0372814252721874;0,0018017063218695;0,011441647597254;0,0105820105820105;0,0;0,1372613321673225;0,1416386176657074;0,1372613321673225;0,098483047863574;-0,0826897967771422;0,8899459459459459;0,2381320038824671;0,3556043467537435;0,0820758238033683;0,0368369110182194;0,9601181683899556;0,8610634648370498;0,6889214966984593;0,3368666906216313;0,4199934015176509;0,0046632398918976;0,1195652173913043;0,0502645502645502;0,1136363636363636
UNSW-NB15;RANDOM_LINF;gaussian;10;10;1024;3;22,42095971107483;38,303640604019165;42,07477044162658;0,5532113880386726;0,7428699332093427;0,5532113880386726;0,6049130970531702;0,4518008873731324;0,4053783783783783;0,0152651548574958;0,6532676520051025;0,191376293383451;0,240527915530802;0,0265878877400295;0,0102915951972555;0,0119833700171191;0,028296802012217;0,0372814252721874;0,0018017063218695;0,011441647597254;0,0105820105820105;0,0;0,1324636836224068;0,1693598901655074;0,1324636836224068;0,0368830666368345;0,0110351492939205;1,0;0,0;0,5819413315013383;0,1227737233686579;0,0304233481193336;0,0;0,0;0,0;0,0;0,0;0,0;0,0;0,0;0,0
UNSW-NB15;RANDOM_L2;gaussian;10;10;1024;3;22,42095971107483;38,43500852584839;42,04440557741825;0,5532113880386726;0,7428699332093427;0,5532113880386726;0,6049130970531702;0,4518008873731324;0,4053783783783783;0,0152651548574958;0,6532676520051025;0,191376293383451;0,240527915530802;0,0265878877400295;0,0102915951972555;0,0119833700171191;0,028296802012217;0,0372814252721874;0,0018017063218695;0,011441647597254;0,0105820105820105;0,0;0,1327673322644901;0,1457853545388341;0,1327673322644901;0,0370353134948161;0,0121799591556652;1,0;0,0;0,5756574171120892;0,1210163678715691;0,0306830433930208;0,0;0,0;0,0;0,0;0,0;0,0;0,0;0,0;0,0
UNSW-NB15;FGSM;gaussian;10;10;2048;2;22,20994472503662;67,44047379493713;47,91211193703543;0,6036292085701793;0,7479662756438208;0,6036292085701793;0,6405615421273018;0,5121832496649936;0,4059729729729729;0,0143827759639989;0,6395920798458126;0,1750255562153592;0,2667297906813298;0,0132939438700147;0,0051457975986277;0,0092932257275617;0,0264103485447358;0,0402507423292642;0,0018017063218695;0,0074370709382151;0,0105820105820105;0,0;0,1245080891998251;0,1570148576753058;0,1245080891998251;0,0784941475535597;-0,0714775265168944;0,9328378378378378;0,1706741374746316;0,3906307065963625;0,1340101001480299;0,0370053431926396;0,7621861152141802;0,6706689536878216;0,5321594521887992;0,2219726913402802;0,3117782909930716;0,0013777754226061;0,0740846681922196;0,0105820105820105;0,0909090909090909
UNSW-NB15;RANDOM_LINF;gaussian;10;10;2048;2;22,20994472503662;47,674485206604;47,22586600592722;0,6036292085701793;0,7479662756438208;0,6036292085701793;0,6405615421273018;0,5121832496649936;0,4059729729729729;0,0143827759639989;0,6395920798458126;0,1750255562153592;0,2667297906813298;0,0132939438700147;0,0051457975986277;0,0092932257275617;0,0264103485447358;0,0402507423292642;0,0018017063218695;0,0074370709382151;0,0105820105820105;0,0;0,131370548510907;0,0823329468644137;0,131370548510907;0,0376620416681869;0,0092086672540937;1,0;0,0;0,5904837817675935;0,1274111343833805;0,0334625170544179;0,0;0,0;0,0;0,0;0,0;0,0;0,0;0,0;0,0
UNSW-NB15;RANDOM_L2;gaussian;10;10;2048;2;22,20994472503662;45,60846519470215;47,39590924549386;0,6036292085701793;0,7479662756438208;0,6036292085701793;0,6405615421273018;0,5121832496649936;0,4059729729729729;0,0143827759639989;0,6395920798458126;0,1750255562153592;0,2667297906813298;0,0132939438700147;0,0051457975986277;0,0092932257275617;0,0264103485447358;0,0402507423292642;0,0018017063218695;0,0074370709382151;0,0105820105820105;0,0;0,1296701161152407;0,1159386255101088;0,1296701161152407;0,0371036783609076;0,0050242431515716;1,0;0,0;0,5864717342897858;0,1255774202802825;0,0326467671664879;0,0;0,0;0,0;0,0;0,0;0,0;0,0;0,0;0,0
UNSW-NB15;FGSM;gaussian;10;10;2048;3;22,34281277656555;207,30368947982788;49,18014866637517;0,6108074624690278;0,7638438551810615;0,6108074624690278;0,6495105008622705;0,519753203039266;0,399027027027027;0,0158607606106061;0,6338534094160213;0,1670601280885256;0,2722748298299166;0,0295420974889217;0,0034305317324185;0,0092932257275617;0,0225476104922745;0,0522929726162982;0,0019076890466853;0,0140160183066361;0,0158730158730158;0,0;0,1190059758052761;0,1374261953104658;0,1190059758052761;0,0922873306126596;-0,1157998385665027;0,8945945945945946;0,2490514426894908;0,3176690663128725;0,0780739577150142;0,0366065648873239;0,9497784342688332;0,8524871355060034;0,6874541452677916;0,3569888609414301;0,4114153744638733;0,0133008319643898;0,1656178489702517;0,0925925925925925;0,1363636363636363
UNSW-NB15;RANDOM_LINF;gaussian;10;10;2048;3;22,34281277656555;58,80099701881409;48,509692464655295;0,6108074624690278;0,7638438551810615;0,6108074624690278;0,6495105008622705;0,519753203039266;0,399027027027027;0,0158607606106061;0,6338534094160213;0,1670601280885256;0,2722748298299166;0,0295420974889217;0,0034305317324185;0,0092932257275617;0,0225476104922745;0,0522929726162982;0,0019076890466853;0,0140160183066361;0,0158730158730158;0,0;0,1257105378224748;0,0549681716867811;0,1257105378224748;0,0381907171011795;0,0024624671810274;1,0;0,0;0,5698856403861623;0,1111544933759312;0,0348730991582905;0,0;0,0;0,0;0,0;0,0;0,0;0,0;0,0;0,0
UNSW-NB15;RANDOM_L2;gaussian;10;10;2048;3;22,34281277656555;57,54958510398865;48,50726327551863;0,6108074624690278;0,7638438551810615;0,6108074624690278;0,6495105008622705;0,519753203039266;0,399027027027027;0,0158607606106061;0,6338534094160213;0,1670601280885256;0,2722748298299166;0,0295420974889217;0,0034305317324185;0,0092932257275617;0,0225476104922745;0,0522929726162982;0,0019076890466853;0,0140160183066361;0,0158730158730158;0,0;0,1257348297138415;0,0646426441734088;0,1257348297138415;0,0379105785843377;0,0028313614963525;1,0;0,0;0,5699598493079256;0,1107469428986127;0,0343845086749815;0,0;0,0;0,0;0,0;0,0;0,0;0,0;0,0;0,0
UNSW-NB15;FGSM;gaussian;10;15;1024;2;15,87451958656311;123,18577671051024;51,49638050818637;0,6274231161638245;0,7621886173098125;0,6274231161638245;0,652033794227816;0,5366535179304057;0,3984594594594595;0,0190814435718697;0,6556182498620087;0,1914885648961362;0,2738667257089251;0,0679468242245199;0,006861063464837;0,0193201271704573;0,0326086956521739;0,0410755526228967;0,0025965767579884;0,0185926773455377;0,0238095238095238;0,0227272727272727;0,1124593110819608;0,1601598239591092;0,1124593110819608;0,1066861245194106;-0,0571586063904684;0,8765405405405405;0,2471322685961351;0,4684132699733577;0,1041621805711586;0,0414530094524546;0,9438700147710488;0,8765008576329331;0,7006603081438004;0,3505210204814948;0,4366545694490267;0,006570928938583;0,1341533180778032;0,1058201058201058;0,1363636363636363
UNSW-NB15;RANDOM_LINF;gaussian;10;15;1024;2;15,87451958656311;82,66847205162048;49,41335082349512;0,6274231161638245;0,7621886173098125;0,6274231161638245;0,652033794227816;0,5366535179304057;0,3984594594594595;0,0190814435718697;0,6556182498620087;0,1914885648961362;0,2738667257089251;0,0679468242245199;0,006861063464837;0,0193201271704573;0,0326086956521739;0,0410755526228967;0,0025965767579884;0,0185926773455377;0,0238095238095238;0,0227272727272727;0,1332896079288733;0,3684204682751865;0,1332896079288733;0,0584393810603974;0,0123152994768738;0,9889189189189188;0,007323744816024;0,5614493561285904;0,1115284613649445;0,0444107154136093;0,001477104874446;0,0017152658662092;0,0048911714355588;0,0109593963348904;0,0049488617617947;0,0076307561867415;0,0037185354691075;0,0026455026455026;0,0
UNSW-NB15;RANDOM_L2;gaussian;10;15;1024;2;15,87451958656311;79,4170470237732;49,55910217169509;0,6274231161638245;0,7621886173098125;0,6274231161638245;0,652033794227816;0,5366535179304057;0,3984594594594595;0,0190814435718697;0,6556182498620087;0,1914885648961362;0,2738667257089251;0,0679468242245199;0,006861063464837;0,0193201271704573;0,0326086956521739;0,0410755526228967;0,0025965767579884;0,0185926773455377;0,0238095238095238;0,0227272727272727;0,1318320944468736;0,3593972222956933;0,1318320944468736;0,0566588048217471;0,0089898117165007;0,989162162162162;0,0076546369010853;0,5595704453554801;0,1104669192060323;0,0432680441607286;0,0044313146233382;0,0034305317324185;0,0051357300073367;0,0106899029823931;0,0059386341141537;0,0075247734619257;0,0062929061784897;0,0052910052910052;0,0
UNSW-NB15;FGSM;gaussian;10;15;1024;3;20,934502840042114;141,13714742660522;46,33556818733907;0,6074308895690619;0,7412965234334894;0,6074308895690619;0,6369458085363261;0,513256334824088;0,3961621621621621;0,0197652872143298;0,6575962371383216;0,1778715398795702;0,2590657524369773;0,0147710487444608;0,0;0,0085595500122279;0,017696730147323;0,0656548993731441;0,010174341582322;0,0174485125858123;0,0079365079365079;0,0;0,1440752076956712;0,1755702903781744;0,1440752076956712;0,129275470993521;-0,0588684662083232;0,8347837837837838;0,2690152651548575;0,491512898899478;0,1437197407046176;0,0479227543759004;0,9335302806499262;0,8610634648370498;0,6872095866960137;0,3855551563061444;0,4533157373804025;0,0051401621535689;0,2989130434782608;0,1613756613756613;0,1818181818181818
UNSW-NB15;RANDOM_LINF;gaussian;10;15;1024;3;20,934502840042114;84,5647120475769;47,0339600641306;0,6074308895690619;0,7412965234334894;0,6074308895690619;0,6369458085363261;0,513256334824088;0,3961621621621621;0,0197652872143298;0,6575962371383216;0,1778715398795702;0,2590657524369773;0,0147710487444608;0,0;0,0085595500122279;0,017696730147323;0,0656548993731441;0,010174341582322;0,0174485125858123;0,0079365079365079;0,0;0,1370912889277559;0,5031491931887896;0,1370912889277559;0,0569542425886532;0,0201312979715366;0,9899189189189188;0,0048530839142327;0,5783473857937157;0,1208147611980638;0,0431443146527642;0,0;0,0017152658662092;0,0034238200048911;0,0077254761049227;0,0054437479379742;0,0040273435430024;0,0022883295194508;0,0026455026455026;0,0227272727272727
UNSW-NB15;RANDOM_L2;gaussian;10;15;1024;3;20,934502840042114;83,82507419586182;47,29631249089054;0,6074308895690619;0,7412965234334894;0,6074308895690619;0,6369458085363261;0,513256334824088;0,3961621621621621;0,0197652872143298;0,6575962371383216;0,1778715398795702;0,2590657524369773;0,0147710487444608;0,0;0,0085595500122279;0,017696730147323;0,0656548993731441;0,010174341582322;0,0174485125858123;0,0079365079365079;0,0;0,1344677646601564;0,5138028087377354;0,1344677646601564;0,0546573790005471;0,0154359432893601;0,9903513513513512;0,0037942292420365;0,5818213469334393;0,1197558364145358;0,0415130145056236;0,001477104874446;0,0017152658662092;0,0041574957202249;0,0059288537549407;0,0029693170570768;0,0032324731068835;0,0022883295194508;0,0;0,0
UNSW-NB15;FGSM;gaussian;10;15;2048;2;15,868971347808838;87,167151927948;49,36962541903512;0,613090900257494;0,7547366432257142;0,613090900257494;0,6416766825479662;0,5223775970335759;0,3994864864864865;0,0173608047295508;0,6514132456467472;0,1926628879973598;0,2626439456548343;0,0147710487444608;0,0051457975986277;0,012227928588897;0,0267696730147323;0,0524579346750247;0,0018017063218695;0,0197368421052631;0,0105820105820105;0,0227272727272727;0,1193946460671427;0,15413971402659;0,1193946460671427;0,0965110941414958;-0,0500267236024974;0,9011351351351352;0,2182564193064501;0,423933475597563;0,08874912339299;0,0401602495858691;0,8670605612998523;0,7821612349914236;0,6409880166299828;0,2991376212720086;0,3802375453645661;0,0031794817444756;0,1387299771167048;0,1164021164021164;0,1363636363636363
UNSW-NB15;RANDOM_LINF;gaussian;10;15;2048;2;15,868971347808838;93,09124064445496;48,19632706602536;0,613090900257494;0,7547366432257142;0,613090900257494;0,6416766825479662;0,5223775970335759;0,3994864864864865;0,0173608047295508;0,6514132456467472;0,1926628879973598;0,2626439456548343;0,0147710487444608;0,0051457975986277;0,012227928588897;0,0267696730147323;0,0524579346750247;0,0018017063218695;0,0197368421052631;0,0105820105820105;0,0227272727272727;0,1311276295972404;0,341063050272705;0,1311276295972404;0,0500793217668025;0,0027565184010038;0,9884324324324324;0,0058237006970793;0,5727597236982284;0,1143478714726438;0,0377533001822328;0,0;0,0;0,0046466128637808;0,010600071864894;0,0044539755856153;0,0042393089926342;0,0054347826086956;0,0;0,0227272727272727
UNSW-NB15;RANDOM_L2;gaussian;10;15;2048;2;15,868971347808838;90,73978757858276;48,1501724724287;0,613090900257494;0,7547366432257142;0,613090900257494;0,6416766825479662;0,5223775970335759;0,3994864864864865;0,0173608047295508;0,6514132456467472;0,1926628879973598;0,2626439456548343;0,0147710487444608;0,0051457975986277;0,012227928588897;0,0267696730147323;0,0524579346750247;0,0018017063218695;0,0197368421052631;0,0105820105820105;0,0227272727272727;0,131589175533207;0,3575856044414898;0,131589175533207;0,0505283962953768;0,0045839257793969;0,9885675675675676;0,0052942733609812;0,5770865689643958;0,1145168046056055;0,0381040820372714;0,0;0,0;0,0036683785766691;0,0099712540424002;0,0072583305839656;0,002914524932436;0,0034324942791762;0,0079365079365079;0,0
UNSW-NB15;FGSM;gaussian;10;15;2048;3;16,0527606010437;90,92307615280151;49,80809405820337;0,6129572948549774;0,7687411778425551;0,6129572948549774;0,6442098819262206;0,5225154267877282;0,4066216216216216;0,0137651107385511;0,6497694937723697;0,18446499585616;0,2726518978197833;0,0192023633677991;0,0051457975986277;0,0156517485937882;0,0221882860222781;0,0321676014516661;0,0016427322346457;0,0185926773455377;0,0158730158730158;0,0;0,1148763542729437;0,1443382656030733;0,1148763542729437;0,1011135085866232;-0,0362677955782961;0,8985945945945946;0,2406026647842583;0,5010438832756278;0,0996129303725735;0,0425616296284828;0,9379615952732644;0,8473413379073756;0,685986793837124;0,3486345670140136;0,4046519300560871;0,0068358857506226;0,1350114416475972;0,0873015873015873;0,1136363636363636
UNSW-NB15;RANDOM_LINF;gaussian;10;15;2048;3;16,0527606010437;96,72028398513794;47,79794004761211;0,6129572948549774;0,7687411778425551;0,6129572948549774;0,6442098819262206;0,5225154267877282;0,4066216216216216;0,0137651107385511;0,6497694937723697;0,18446499585616;0,2726518978197833;0,0192023633677991;0,0051457975986277;0,0156517485937882;0,0221882860222781;0,0321676014516661;0,0016427322346457;0,0185926773455377;0,0158730158730158;0,0;0,1349778943788563;0,4351122402550308;0,1349778943788563;0,0526427417745501;0,0167410268529605;0,988054054054054;0,0073899232330362;0,5649524441387355;0,1151083684860501;0,0401654138994147;0,001477104874446;0,0051457975986277;0,0041574957202249;0,0103305785123966;0,0074232926426921;0,0066239203009909;0,0068649885583524;0,0132275132275132;0,0
UNSW-NB15;RANDOM_L2;gaussian;10;15;2048;3;16,0527606010437;94,9643898010254;48,0141378807754;0,6129572948549774;0,7687411778425551;0,6129572948549774;0,6442098819262206;0,5225154267877282;0,4066216216216216;0,0137651107385511;0,6497694937723697;0,18446499585616;0,2726518978197833;0,0192023633677991;0,0051457975986277;0,0156517485937882;0,0221882860222781;0,0321676014516661;0,0016427322346457;0,0185926773455377;0,0158730158730158;0,0;0,1328159160472234;0,398682324169368;0,1328159160472234;0,0498918021031664;0,0121912421360173;0,9902162162162162;0,0069707932586252;0,5596928821884491;0,1150336771311366;0,038917009378554;0,0059084194977843;0,0;0,0063585228662264;0,0104204096298957;0,0069284064665127;0,0059350325896878;0,0042906178489702;0,0026455026455026;0,0
UNSW-NB15;FGSM;gaussian;10;20;1024;2;12,714539051055908;40,1613085269928;41,44075207695671;0,6344799106058397;0,745992147547632;0,6344799106058397;0,6575958403374395;0,5465482034626489;0,3974864864864865;0,0174931615635754;0,6634186608944274;0,1877694093132385;0,2758553529912057;0,0605612998522895;0,0137221269296741;0,0112496943017852;0,022098454904779;0,0640052787858792;0,0016427322346457;0,0088672768878718;0,0052910052910052;0,0;0,2200723898362726;0,3397024353569632;0,2200723898362726;0,2487610162184585;0,0641401974901891;0,6157837837837837;0,2311832700961793;0,5676687859121619;0,1448270595954006;0,0927118013512566;0,8537666174298375;0,7873070325900514;0,58669601369528;0,3415379087315846;0,4214780600461894;0,0057230671400561;0,154462242562929;0,074074074074074;0,25
UNSW-NB15;RANDOM_LINF;gaussian;10;20;1024;2;12,714539051055908;105,79419589042664;47,753000048583786;0,6344799106058397;0,745992147547632;0,6344799106058397;0,6575958403374395;0,5465482034626489;0,3974864864864865;0,0174931615635754;0,6634186608944274;0,1877694093132385;0,2758553529912057;0,0605612998522895;0,0137221269296741;0,0112496943017852;0,022098454904779;0,0640052787858792;0,0016427322346457;0,0088672768878718;0,0052910052910052;0,0;0,1569499101200019;0,3864053752694523;0,1569499101200019;0,1330156557201891;0,0214909365325178;0,8813783783783784;0,0674358069354981;0,532792466976315;0,1067596296832801;0,0604383990560307;0,0428360413589364;0,0548885077186964;0,0540474443629249;0,0948616600790513;0,0706037611349389;0,0543161464681256;0,0683638443935926;0,0582010582010582;0,1136363636363636
UNSW-NB15;RANDOM_L2;gaussian;10;20;1024;2;12,714539051055908;106,20944952964784;47,6619054559588;0,6344799106058397;0,745992147547632;0,6344799106058397;0,6575958403374395;0,5465482034626489;0,3974864864864865;0,0174931615635754;0,6634186608944274;0,1877694093132385;0,2758553529912057;0,0605612998522895;0,0137221269296741;0,0112496943017852;0,022098454904779;0,0640052787858792;0,0016427322346457;0,0088672768878718;0,0052910052910052;0,0;0,1578608560462517;0,3936512912790731;0,1578608560462517;0,1331114282453296;0,0221235364167106;0,8812432432432432;0,069421159445866;0,5355421690466781;0,1065377623551628;0,0608775928261436;0,0428360413589364;0,0566037735849056;0,0655416972364881;0,0963887890765361;0,0704387990762124;0,0567537491388903;0,0623569794050343;0,0502645502645502;0,2045454545454545
UNSW-NB15;FGSM;gaussian;10;20;1024;3;13,050146341323853;43,99070906639099;50,97774862750813;0,601345770781713;0,7364336022842339;0,601345770781713;0,6363954907139775;0,5043646940569058;0,3921621621621621;0,0188608488484955;0,656399454438104;0,1808799230370635;0,2685893117245183;0,0310192023633678;0,0017152658662092;0,0129616043042308;0,0263205174272367;0,0677994061365885;0,0018546976842774;0,0105835240274599;0,0079365079365079;0,0227272727272727;0,0915682845066316;0,1563383983359855;0,0915682845066316;0,0948516166936217;-0,0499620295852095;0,9037297297297298;0,2504411894467484;0,5525445936509288;0,1148508426420072;0,0405300595907044;0,9630723781388478;0,8765008576329331;0,7033504524333578;0,3891484010061085;0,3914549653579676;0,0062529807641354;0,1304347826086956;0,0687830687830687;0,2045454545454545
UNSW-NB15;RANDOM_LINF;gaussian;10;20;1024;3;13,050146341323853;127,81350946426392;44,29504931253947;0,601345770781713;0,7364336022842339;0,601345770781713;0,6363954907139775;0,5043646940569058;0,3921621621621621;0,0188608488484955;0,656399454438104;0,1808799230370635;0,2685893117245183;0,0310192023633678;0,0017152658662092;0,0129616043042308;0,0263205174272367;0,0677994061365885;0,0018546976842774;0,0105835240274599;0,0079365079365079;0,0227272727272727;0,1583952776563183;0,4024481859089529;0,1583952776563183;0,1366003513355205;0,0196194483992225;0,8768648648648648;0,0845760169416747;0,5321995913677889;0,1074992281973815;0,0594426277935252;0,0605612998522895;0,0600343053173241;0,0721447786744925;0,0990837226015091;0,0729132299571098;0,0878066875099358;0,0683638443935926;0,0476190476190476;0,0909090909090909
UNSW-NB15;RANDOM_L2;gaussian;10;20;1024;3;13,050146341323853;128,3940713405609;44,41529417480445;0,601345770781713;0,7364336022842339;0,601345770781713;0,6363954907139775;0,5043646940569058;0,3921621621621621;0,0188608488484955;0,656399454438104;0,1808799230370635;0,2685893117245183;0,0310192023633678;0,0017152658662092;0,0129616043042308;0,0263205174272367;0,0677994061365885;0,0018546976842774;0,0105835240274599;0,0079365079365079;0,0227272727272727;0,1571928290336685;0,3907717243019983;0,1571928290336685;0,1353128703326664;0,016873245764423;0,8777567567567568;0,0860981205329568;0,5456464928813662;0,1070990144641404;0,0587499594001225;0,053175775480059;0,0497427101200686;0,065786255808266;0,0995328781890046;0,0798416364236225;0,090615229717556;0,0683638443935926;0,0687830687830687;0,0454545454545454
UNSW-NB15;FGSM;gaussian;10;20;2048;2;12,480317115783691;41,471694231033325;53,675363163775934;0,6246538405480251;0,7604026594731619;0,6246538405480251;0,6478406377060201;0,5339805958730883;0,395;0,020559428218477;0,6707733086838943;0,1982649017982427;0,2724405291520478;0,0295420974889217;0,006861063464837;0,0136952800195646;0,0334171757096658;0,0628505443747938;0,002172645858725;0,0151601830663615;0,0132275132275132;0,0;0,0879002089102657;0,15332870325348;0,0879002089102657;0,1058319551008231;-0,0511829980664845;0,8786756756756757;0,270140298244066;0,545438765169722;0,1210621992375756;0,0445863158480479;0,9527326440177252;0,8765008576329331;0,7309855710442651;0,4322673374056773;0,4270867700428901;0,0089555402469397;0,1393020594965675;0,0793650793650793;0,3181818181818182
UNSW-NB15;RANDOM_LINF;gaussian;10;20;2048;2;12,480317115783691;126,2165389060974;47,454209784773845;0,6246538405480251;0,7604026594731619;0,6246538405480251;0,6478406377060201;0,5339805958730883;0,395;0,020559428218477;0,6707733086838943;0,1982649017982427;0,2724405291520478;0,0295420974889217;0,006861063464837;0,0136952800195646;0,0334171757096658;0,0628505443747938;0,002172645858725;0,0151601830663615;0,0132275132275132;0,0;0,1501117427002866;0,3486562469031241;0,1501117427002866;0,1223506218522298;0,0119439994939146;0,8870810810810811;0,0740095296920497;0,5276385367208973;0,1063753868587623;0,0548774257091613;0,0487444608567208;0,0754716981132075;0,0626069943751528;0,0972871002515271;0,0844605740679643;0,0586084468231678;0,0820938215102974;0,0687830687830687;0,1818181818181818
UNSW-NB15;RANDOM_L2;gaussian;10;20;2048;2;12,480317115783691;126,42240762710573;47,39105086722052;0,6246538405480251;0,7604026594731619;0,6246538405480251;0,6478406377060201;0,5339805958730883;0,395;0,020559428218477;0,6707733086838943;0,1982649017982427;0,2724405291520478;0,0295420974889217;0,006861063464837;0,0136952800195646;0,0334171757096658;0,0628505443747938;0,002172645858725;0,0151601830663615;0,0132275132275132;0,0;0,1507433318758198;0,3442861374891335;0,1507433318758198;0,1214262417664216;0,0131033593644266;0,8894324324324324;0,0733918644666019;0,5362139323944676;0,1065721517806989;0,0550084369565763;0,0620384047267356;0,0360205831903945;0,0672536072389337;0,0940531800215594;0,0818211811283404;0,060675109957077;0,0769450800915331;0,074074074074074;0,0909090909090909
UNSW-NB15;FGSM;gaussian;10;20;2048;3;13,473576068878174;35,88668966293335;53,489530194820965;0,6380265267453724;0,7570525689900883;0,6380265267453724;0,6606814990671852;0,5488908125666412;0,3864594594594595;0,0183314215123974;0,6600490703838326;0,193346843104952;0,2804532311146758;0,0339734121122599;0,0017152658662092;0,0095377842993396;0,0211103126122888;0,0719234576047509;0,0009008531609347;0,0205949656750572;0,0185185185185185;0,0227272727272727;0,1031312247971627;0,1889084950546218;0,1031312247971627;0,1199824623763358;-0,0240946473803199;0,8782432432432432;0,250838259948822;0,5358497397547686;0,121508733876193;0,0523362947487735;0,9512555391432792;0,8747855917667239;0,6989483981413549;0,3377650017966223;0,4508413064995051;0,0058820412272799;0,200228832951945;0,1058201058201058;0,3409090909090909
UNSW-NB15;RANDOM_LINF;gaussian;10;20;2048;3;13,473576068878174;131,58321499824524;48,48054219501531;0,6380265267453724;0,7570525689900883;0,6380265267453724;0,6606814990671852;0,5488908125666412;0,3864594594594595;0,0183314215123974;0,6600490703838326;0,193346843104952;0,2804532311146758;0,0339734121122599;0,0017152658662092;0,0095377842993396;0,0211103126122888;0,0719234576047509;0,0009008531609347;0,0205949656750572;0,0185185185185185;0,0227272727272727;0,1532211047952193;0,3823615447389515;0,1532211047952193;0,1173528645373282;0,0200366065715692;0,9097837837837838;0,0618547604341304;0,5404835897247089;0,1032576858182213;0,0529915750692296;0,0251107828655834;0,0377358490566037;0,0432868672046955;0,0714157384117858;0,0656548993731441;0,0621588681044989;0,0560640732265446;0,0634920634920634;0,0454545454545454
UNSW-NB15;RANDOM_L2;gaussian;10;20;2048;3;13,473576068878174;130,99236226081848;48,69795462274693;0,6380265267453724;0,7570525689900883;0,6380265267453724;0,6606814990671852;0,5488908125666412;0,3864594594594595;0,0183314215123974;0,6600490703838326;0,193346843104952;0,2804532311146758;0,0339734121122599;0,0017152658662092;0,0095377842993396;0,0211103126122888;0,0719234576047509;0,0009008531609347;0,0205949656750572;0,0185185185185185;0,0227272727272727;0,1510469805179031;0,359625138719658;0,1510469805179031;0,1150306613014656;0,0157092000471111;0,9115405405405406;0,0636195182211241;0,527712765355778;0,1028024334019003;0,0520606336846565;0,053175775480059;0,0377358490566037;0,0454878943506969;0,0733021918792669;0,0710986473111184;0,0631127126278416;0,0517734553775743;0,0476190476190476;0,0681818181818181
UNSW-NB15;FGSM;gaussian;16;10;2048;2;148,96534999995492;114,41792579973117;51,999222659476274;0,6138075110528106;0,7595761410609002;0,6138075110528106;0,6467147563865767;0,5185821255639897;0,3844864864864865;0,0252580958263478;0,6494243402562739;0,174251281263529;0,2685681685355638;0,0428360413589364;0,0034305317324185;0,0173636585962338;0,0484189723320158;0,0666446717255031;0,0024905940331725;0,0137299771167048;0,0105820105820105;0,0227272727272727;0,0938152844580479;0,050663487213146;0,0938152844580479;0,0407513083885339;-0,1477402483535733;0,9795675675675676;0,2118812318009353;0,3487945402334391;0,0825955394290036;0,0245580009720333;0,8788774002954209;0,8507718696397941;0,6490584494986549;0,3283327344592167;0,2347410095677994;0,0038153780933707;0,2010869565217391;0,0158730158730158;0,0227272727272727
UNSW-NB15;RANDOM_LINF;gaussian;16;10;2048;2;148,96534999995492;81,6987435000483;48,19511247145704;0,6138075110528106;0,7595761410609002;0,6138075110528106;0,6467147563865767;0,5185821255639897;0,3844864864864865;0,0252580958263478;0,6494243402562739;0,174251281263529;0,2685681685355638;0,0428360413589364;0,0034305317324185;0,0173636585962338;0,0484189723320158;0,0666446717255031;0,0024905940331725;0,0137299771167048;0,0105820105820105;0,0227272727272727;0,1318563863382403;0,1506985129785943;0,1318563863382403;0,0351125645785818;0,0007486399201389;1,0;0,0;0,5892278320034103;0,1174552584411278;0,0291884855200106;0,0;0,0;0,0;0,0;0,0;0,0;0,0;0,0;0,0
UNSW-NB15;RANDOM_L2;gaussian;16;10;2048;2;148,96534999995492;79,77441569999792;48,219404362823695;0,6138075110528106;0,7595761410609002;0,6138075110528106;0,6467147563865767;0,5185821255639897;0,3844864864864865;0,0252580958263478;0,6494243402562739;0,174251281263529;0,2685681685355638;0,0428360413589364;0,0034305317324185;0,0173636585962338;0,0484189723320158;0,0666446717255031;0,0024905940331725;0,0137299771167048;0,0105820105820105;0,0227272727272727;0,1316134674245736;0,0966531358738339;0,1316134674245736;0,0347978198943192;-0,0009227979204294;1,0;0,0;0,5798982018903416;0,1164072861358082;0,0285858200090431;0,0;0,0;0,0;0,0;0,0;0,0;0,0;0,0;0,0
UNSW-NB15;FGSM;gaussian;16;20;2048;2;86,89356809994206;105,22580829984508;54,89360151581402;0,6391075159111889;0,7554507191377448;0,6391075159111889;0,656410286887512;0,5479811466429582;0,3797027027027027;0,0288537898173475;0,6685312217312758;0,1928671208398531;0,2793253037227524;0,0428360413589364;0,0034305317324185;0,0158963071655661;0,0454545454545454;0,0938634114153744;0,0024376026707646;0,0234553775743707;0,0211640211640211;0,0227272727272727;0,0901715007530486;0,3062559524469203;0,0901715007530486;0,0858132140341118;-0,0705588226677945;0,9254594594594596;0,2752801552986852;0,4576129246745861;0,100709433446646;0,0401923876474794;0,9098966026587888;0,8747855917667239;0,7290291024700416;0,4567014013654329;0,3371824480369515;0,0139367283132849;0,2617276887871853;0,1666666666666666;0,0681818181818181
UNSW-NB15;RANDOM_LINF;gaussian;16;20;2048;2;86,89356809994206;219,3905676000286;48,23276490307536;0,6391075159111889;0,7554507191377448;0,6391075159111889;0,656410286887512;0,5479811466429582;0,3797027027027027;0,0288537898173475;0,6685312217312758;0,1928671208398531;0,2793253037227524;0,0428360413589364;0,0034305317324185;0,0158963071655661;0,0454545454545454;0,0938634114153744;0,0024376026707646;0,0234553775743707;0,0211640211640211;0,0227272727272727;0,1567798668804353;0,3578703321539128;0,1567798668804353;0,1161554188386002;0,0253009878186591;0,906972972972973;0,0455748698491132;0,5609689513217877;0,1109124663593154;0,0559345072828128;0,0310192023633678;0,0240137221269296;0,0347273171924676;0,0698886094143011;0,057571758495546;0,029940119760479;0,0486270022883295;0,0582010582010582;0,1136363636363636
UNSW-NB15;RANDOM_L2;gaussian;16;20;2048;2;86,89356809994206;210,66266170004383;48,49390273526697;0,6391075159111889;0,7554507191377448;0,6391075159111889;0,656410286887512;0,5479811466429582;0,3797027027027027;0,0288537898173475;0,6685312217312758;0,1928671208398531;0,2793253037227524;0,0428360413589364;0,0034305317324185;0,0158963071655661;0,0454545454545454;0,0938634114153744;0,0024376026707646;0,0234553775743707;0,0211640211640211;0,0227272727272727;0,1541684885585191;0,3510003602893778;0,1541684885585191;0,1125430422218153;0,0209812067784097;0,9107837837837838;0,0456851672108003;0,5508680081892556;0,1103997913384235;0,0544686028293605;0,0310192023633678;0,0188679245283018;0,0374174614820249;0,0727632051742723;0,0560870999670075;0,0294102061363997;0,0471967963386727;0,037037037037037;0,0454545454545454
UNSW-NB15;FGSM;gaussian;32;10;2048;2;307,997124500107;257,3247626996599;54,6980517903124;0,6397026672496721;0,7417834777030368;0,6397026672496721;0,6601706434277567;0,5497510099935592;0,3826486486486486;0,0223241860054707;0,6490846772305948;0,1765636810349345;0,2796473029657589;0,053175775480059;0,0120068610634648;0,0146735143066764;0,0286561264822134;0,080336522599802;0,0014837581474219;0,0191647597254004;0,0211640211640211;0,0;0,0927221493465481;0,060495678849034;0,0927221493465481;0,045954465951794;-0,1377626227824431;0,9693513513513512;0,22321980058237;0,3391337023829774;0,0841765515668692;0,0239020670093608;0,9069423929098966;0,8765008576329331;0,6727806309611152;0,3478260869565217;0,2563510392609699;0,0042393089926342;0,2082379862700228;0,0158730158730158;0,0681818181818181
UNSW-NB15;RANDOM_LINF;gaussian;32;10;2048;2;307,997124500107;130,727036600234;50,62430160812321;0,6397026672496721;0,7417834777030368;0,6397026672496721;0,6601706434277567;0,5497510099935592;0,3826486486486486;0,0223241860054707;0,6490846772305948;0,1765636810349345;0,2796473029657589;0,053175775480059;0,0120068610634648;0,0146735143066764;0,0286561264822134;0,080336522599802;0,0014837581474219;0,0191647597254004;0,0211640211640211;0,0;0,1334596511684399;0,0248171529335869;0,1334596511684399;0,0355547884248436;0,0050446646035175;1,0;0,0;0,6107516464277034;0,1266404558657955;0,0301103951166585;0,0;0,0;0,0;0,0;0,0;0,0;0,0;0,0;0,0
UNSW-NB15;RANDOM_L2;gaussian;32;10;2048;2;307,997124500107;130,96800750028342;50,629159986396544;0,6397026672496721;0,7417834777030368;0,6397026672496721;0,6601706434277567;0,5497510099935592;0,3826486486486486;0,0223241860054707;0,6490846772305948;0,1765636810349345;0,2796473029657589;0,053175775480059;0,0120068610634648;0,0146735143066764;0,0286561264822134;0,080336522599802;0,0014837581474219;0,0191647597254004;0,0211640211640211;0,0;0,1334110673857066;0,2533318468745504;0,1334110673857066;0,035110375627544;0,0048067857455904;1,0;0,0;0,6050580506355108;0,1257372518437686;0,0290664200423306;0,0;0,0;0,0;0,0;0,0;0,0;0,0;0,0;0,0
UNSW-NB15;FGSM;gaussian;32;20;2048;2;163,61464489996433;147,92727779992856;53,22474857892436;0,6351722295097897;0,7463034386295622;0,6351722295097897;0,6536050566619936;0,5464402395640281;0,377;0,0249933821582987;0,6680107114337493;0,1957935727965161;0,2794588885477974;0,0649926144756277;0,0051457975986277;0,0129616043042308;0,0230865971972691;0,1070603761134939;0,0016957235970536;0,0245995423340961;0,0238095238095238;0,0;0,102924743720546;0,135775994640582;0,102924743720546;0,0963649099025906;-0,0599061706371521;0,8998108108108108;0,2516103414806317;0,4616232387480609;0,0956473345300314;0,0409664002991156;0,9069423929098966;0,8353344768439108;0,6798728295426755;0,4020840819259791;0,323655559221379;0,0102803243071379;0,2479977116704805;0,0555555555555555;0,1136363636363636
UNSW-NB15;RANDOM_LINF;gaussian;32;20;2048;2;163,61464489996433;277,6331769998651;49,81902540931837;0,6351722295097897;0,7463034386295622;0,6351722295097897;0,6536050566619936;0,5464402395640281;0,377;0,0249933821582987;0,6680107114337493;0,1957935727965161;0,2794588885477974;0,0649926144756277;0,0051457975986277;0,0129616043042308;0,0230865971972691;0,1070603761134939;0,0016957235970536;0,0245995423340961;0,0238095238095238;0,0;0,1369819754166059;0,4196337503924245;0,1369819754166059;0,0623835682277774;0,0189852846599072;0,9825675675675676;0,0094855731050913;0,5760048747327752;0,1157001436107176;0,0459684479658461;0,001477104874446;0,0034305317324185;0,0036683785766691;0,0142831476823571;0,010722533817222;0,0080546870860049;0,0088672768878718;0,0079365079365079;0,0454545454545454
UNSW-NB15;RANDOM_L2;gaussian;32;20;2048;2;163,61464489996433;270,27611010032706;49,89918865082836;0,6351722295097897;0,7463034386295622;0,6351722295097897;0,6536050566619936;0,5464402395640281;0,377;0,0249933821582987;0,6680107114337493;0,1957935727965161;0,2794588885477974;0,0649926144756277;0,0051457975986277;0,0129616043042308;0,0230865971972691;0,1070603761134939;0,0016957235970536;0,0245995423340961;0,0238095238095238;0,0;0,1361803430015061;0,4125941653507923;0,1361803430015061;0,0623687696697661;0,0173889726160861;0,982108108108108;0,0099708814965146;0,575435738145729;0,1156332151459667;0,0445377530885394;0,0059084194977843;0,0034305317324185;0,0063585228662264;0,0159899389148401;0,0079181788188716;0,0085846007100842;0,0088672768878718;0,0026455026455026;0,0
UNSW-NB15;C&W;gaussian;16;10;2048;2;152,09527349984273;551,3254011997487;0,0;0,6138075110528106;0,7595761410609002;0,6138075110528106;0,6467147563865767;0,5185821255639897;0,3844864864864865;0,0252580958263478;0,6494243402562739;0,174251281263529;0,2685681685355638;0,0428360413589364;0,0034305317324185;0,0173636585962338;0,0484189723320158;0,0666446717255031;0,0024905940331725;0,0137299771167048;0,0105820105820105;0,0227272727272727;0,6138075110528106;0,7595761410609002;0,6138075110528106;0,6467147563865767;0,5185821255639897;0,3844864864864865;0,0252580958263478;0,6494251912389739;0,1742513877185416;0,2685681685355638;0,0428360413589364;0,0034305317324185;0,0173636585962338;0,0484189723320158;0,0666446717255031;0,0024905940331725;0,0137299771167048;0,0105820105820105;0,0227272727272727
UNSW-NB15;C&W;gaussian;16;20;2048;2;84,42376510007307;222,5964931999333;0,0;0,6391075159111889;0,7554507191377448;0,6391075159111889;0,656410286887512;0,5479811466429582;0,3797027027027027;0,0288537898173475;0,6685312217312758;0,1928671208398531;0,2793253037227524;0,0428360413589364;0,0034305317324185;0,0158963071655661;0,0454545454545454;0,0938634114153744;0,0024376026707646;0,0234553775743707;0,0211640211640211;0,0227272727272727;0,6391075159111889;0,7554507191377448;0,6391075159111889;0,656410286887512;0,5479811466429582;0,3797027027027027;0,0288537898173475;0,668531281934366;0,192867101285872;0,2793253037227524;0,0428360413589364;0,0034305317324185;0,0158963071655661;0,0454545454545454;0,0938634114153744;0,0024376026707646;0,0234553775743707;0,0211640211640211;0,0227272727272727
UNSW-NB15;C&W;gaussian;32;10;2048;2;302,7945835001301;1007,1008903000038;0,0;0,6397026672496721;0,7417834777030368;0,6397026672496721;0,6601706434277567;0,5497510099935592;0,3826486486486486;0,0223241860054707;0,6490846772305948;0,1765636810349345;0,2796473029657589;0,053175775480059;0,0120068610634648;0,0146735143066764;0,0286561264822134;0,080336522599802;0,0014837581474219;0,0191647597254004;0,0211640211640211;0,0;0,6397026672496721;0,7417834777030368;0,6397026672496721;0,6601706434277567;0,5497510099935592;0,3826486486486486;0,0223241860054707;0,6490846772305948;0,1765636810349345;0,2796473029657589;0,053175775480059;0,0120068610634648;0,0146735143066764;0,0286561264822134;0,080336522599802;0,0014837581474219;0,0191647597254004;0,0211640211640211;0,0
UNSW-NB15;C&W;gaussian;32;20;2048;2;160,54365790006705;414,60906929988414;0,0;0,6351722295097897;0,7463034386295622;0,6351722295097897;0,6536050566619936;0,5464402395640281;0,377;0,0249933821582987;0,6680107114337493;0,1957935727965161;0,2794588885477974;0,0649926144756277;0,0051457975986277;0,0129616043042308;0,0230865971972691;0,1070603761134939;0,0016957235970536;0,0245995423340961;0,0238095238095238;0,0;0,6351722295097897;0,7463034386295622;0,6351722295097897;0,6536050566619936;0,5464402395640281;0,377;0,0249933821582987;0,6680107114337493;0,1957935727965161;0,2794588885477974;0,0649926144756277;0,0051457975986277;0,0129616043042308;0,0230865971972691;0,1070603761134939;0,0016957235970536;0,0245995423340961;0,0238095238095238;0,0
UNSW-NB15;C&W;gaussian;1;5;1024;2;29,766141099855304;107,11079970002174;0,0;0,4038769858621192;0,657836920436071;0,4038769858621192;0,4759926867312277;0,3059046676189501;0,6531621621621622;0,0915247507279625;0,6210177376337948;0,1548044897483292;0,2016879458390558;0,0088626292466765;0,0;0,0129616043042308;0,0185052102048149;0,0013196964698119;0,2050765725186794;0,0014302059496567;0,0026455026455026;0,0;0,4038769858621192;0,657836920436071;0,4038769858621192;0,4759926867312277;0,3059046676189501;0,6531621621621622;0,0915247507279625;0,6210177376337948;0,1548044897483292;0,2016879458390558;0,0088626292466765;0,0;0,0129616043042308;0,0185052102048149;0,0013196964698119;0,2050765725186794;0,0014302059496567;0,0026455026455026;0,0
UNSW-NB15;C&W;gaussian;1;5;1024;3;29,959559599868957;107,25030339998192;0,0;0,4038769858621192;0,657836920436071;0,4038769858621192;0,4759926867312277;0,3059046676189501;0,6531621621621622;0,0915247507279625;0,6210177376337948;0,1548044897483292;0,2016879458390558;0,0088626292466765;0,0;0,0129616043042308;0,0185052102048149;0,0013196964698119;0,2050765725186794;0,0014302059496567;0,0026455026455026;0,0;0,4038769858621192;0,657836920436071;0,4038769858621192;0,4759926867312277;0,3059046676189501;0,6531621621621622;0,0915247507279625;0,6210177376337948;0,1548044897483292;0,2016879458390558;0,0088626292466765;0,0;0,0129616043042308;0,0185052102048149;0,0013196964698119;0,2050765725186794;0,0014302059496567;0,0026455026455026;0,0
UNSW-NB15;C&W;gaussian;1;5;2048;2;29,33575960015878;106,339998600306;0,0;0,4038769858621192;0,657836920436071;0,4038769858621192;0,4759926867312277;0,3059046676189501;0,6531621621621622;0,0915247507279625;0,6210177376337948;0,1548044897483292;0,2016879458390558;0,0088626292466765;0,0;0,0129616043042308;0,0185052102048149;0,0013196964698119;0,2050765725186794;0,0014302059496567;0,0026455026455026;0,0;0,4038769858621192;0,657836920436071;0,4038769858621192;0,4759926867312277;0,3059046676189501;0,6531621621621622;0,0915247507279625;0,6210177376337948;0,1548044897483292;0,2016879458390558;0,0088626292466765;0,0;0,0129616043042308;0,0185052102048149;0,0013196964698119;0,2050765725186794;0,0014302059496567;0,0026455026455026;0,0
UNSW-NB15;C&W;gaussian;1;5;2048;3;29,439108100021254;107,17731680022553;0,0;0,4038769858621192;0,657836920436071;0,4038769858621192;0,4759926867312277;0,3059046676189501;0,6531621621621622;0,0915247507279625;0,6210177376337948;0,1548044897483292;0,2016879458390558;0,0088626292466765;0,0;0,0129616043042308;0,0185052102048149;0,0013196964698119;0,2050765725186794;0,0014302059496567;0,0026455026455026;0,0;0,4038769858621192;0,657836920436071;0,4038769858621192;0,4759926867312277;0,3059046676189501;0,6531621621621622;0,0915247507279625;0,6210177376337948;0,1548044897483292;0,2016879458390558;0,0088626292466765;0,0;0,0129616043042308;0,0185052102048149;0,0013196964698119;0,2050765725186794;0,0014302059496567;0,0026455026455026;0,0
UNSW-NB15;C&W;gaussian;1;10;1024;2;21,979732000036165;52,1844601999037;0,0;0,4656998493902735;0,7609001334384707;0,4656998493902735;0,5284162187375565;0,3947948577806817;0,6274594594594595;0,0061104738374658;0,6596475621874993;0,1688188588213563;0,2162156362848433;0,0088626292466765;0,0;0,0036683785766691;0,0121272008623787;0,0084130649950511;0,0002649568120396;0,0183066361556064;0,0026455026455026;0,0;0,4656998493902735;0,7609001334384707;0,4656998493902735;0,5284162187375565;0,3947948577806817;0,6274594594594595;0,0061104738374658;0,6596475621874993;0,1688188588213563;0,2162156362848433;0,0088626292466765;0,0;0,0036683785766691;0,0121272008623787;0,0084130649950511;0,0002649568120396;0,0183066361556064;0,0026455026455026;0,0
UNSW-NB15;C&W;gaussian;1;10;1024;3;24,723271400202066;51,5942626001779;0,0;0,464837487246757;0,7631007834377885;0,464837487246757;0,5295277935778905;0,3962715223789513;0,6274594594594595;0,0061104738374658;0,6596475621874993;0,1688188588213563;0,2169897635805802;0,0088626292466765;0,0;0,0036683785766691;0,0121272008623787;0,0084130649950511;0,0002649568120396;0,0183066361556064;0,0026455026455026;0,0;0,464837487246757;0,7631007834377885;0,464837487246757;0,5295277935778905;0,3962715223789513;0,6274594594594595;0,0061104738374658;0,6596475621874993;0,1688188588213563;0,2169897635805802;0,0088626292466765;0,0;0,0036683785766691;0,0121272008623787;0,0084130649950511;0,0002649568120396;0,0183066361556064;0,0026455026455026;0,0
UNSW-NB15;C&W;gaussian;1;10;2048;2;21,550503900041804;51,589469200233;0,0;0,4656998493902735;0,7609001334384707;0,4656998493902735;0,5284162187375565;0,3947948577806817;0,6274594594594595;0,0061104738374658;0,6596475621874993;0,1688188588213563;0,2162156362848433;0,0088626292466765;0,0;0,0036683785766691;0,0121272008623787;0,0084130649950511;0,0002649568120396;0,0183066361556064;0,0026455026455026;0,0;0,4656998493902735;0,7609001334384707;0,4656998493902735;0,5284162187375565;0,3947948577806817;0,6274594594594595;0,0061104738374658;0,6596475621874993;0,1688188588213563;0,2162156362848433;0,0088626292466765;0,0;0,0036683785766691;0,0121272008623787;0,0084130649950511;0,0002649568120396;0,0183066361556064;0,0026455026455026;0,0
UNSW-NB15;C&W;gaussian;1;10;2048;3;21,853087299969047;51,909088199958205;0,0;0,464837487246757;0,7631007834377885;0,464837487246757;0,5295277935778905;0,3962715223789513;0,6274594594594595;0,0061104738374658;0,6596475621874993;0,1688188588213563;0,2169897635805802;0,0088626292466765;0,0;0,0036683785766691;0,0121272008623787;0,0084130649950511;0,0002649568120396;0,0183066361556064;0,0026455026455026;0,0;0,464837487246757;0,7631007834377885;0,464837487246757;0,5295277935778905;0,3962715223789513;0,6274594594594595;0,0061104738374658;0,6596475621874993;0,1688188588213563;0,2169897635805802;0,0088626292466765;0,0;0,0036683785766691;0,0121272008623787;0,0084130649950511;0,0002649568120396;0,0183066361556064;0,0026455026455026;0,0
UNSW-NB15;C&W;gaussian;1;15;1024;2;18,851132800104097;28,795496999751776;0,0;0,5532721177670894;0,7479366132367193;0,5532721177670894;0,625384479661265;0,461925055900368;0,4222162162162162;0,0290743845407217;0,6301007589956276;0,1578385437438504;0,2553356767254264;0,001477104874446;0,0;0,008070432868672;0,0233560905497664;0,0087429891125041;0,0476922261671347;0,0203089244851258;0,0;0,0;0,5532721177670894;0,7479366132367193;0,5532721177670894;0,625384479661265;0,461925055900368;0,4222162162162162;0,0290743845407217;0,6301007589956276;0,1578385437438504;0,2553356767254264;0,001477104874446;0,0;0,008070432868672;0,0233560905497664;0,0087429891125041;0,0476922261671347;0,0203089244851258;0,0;0,0
UNSW-NB15;C&W;gaussian;1;15;1024;3;18,81739620002918;29,26722900010645;0,0;0,5533449934411894;0,7482283939974514;0,5533449934411894;0,6254857727242988;0,4621183235131982;0,4222162162162162;0,0287434924556604;0,6300687437051881;0,1579036085199891;0,2553947427528611;0,001477104874446;0,0;0,0066030814380044;0,0229069349622709;0,0087429891125041;0,047480260717503;0,0203089244851258;0,0;0,0;0,5533449934411894;0,7482283939974514;0,5533449934411894;0,6254857727242988;0,4621183235131982;0,4222162162162162;0,0287434924556604;0,6300687437051881;0,1579036085199891;0,2553947427528611;0,001477104874446;0,0;0,0066030814380044;0,0229069349622709;0,0087429891125041;0,047480260717503;0,0203089244851258;0,0;0,0
UNSW-NB15;C&W;gaussian;1;15;2048;2;20,5483015999198;28,527079600142315;0,0;0,5533449934411894;0,7482283939974514;0,5533449934411894;0,6254857727242988;0,4621183235131982;0,4222162162162162;0,0287434924556604;0,6301007589956276;0,1578385437438504;0,2553947427528611;0,001477104874446;0,0;0,0066030814380044;0,0229069349622709;0,0087429891125041;0,047480260717503;0,0203089244851258;0,0;0,0;0,5533449934411894;0,7482283939974514;0,5533449934411894;0,6254857727242988;0,4621183235131982;0,4222162162162162;0,0287434924556604;0,6301007589956276;0,1578385437438504;0,2553947427528611;0,001477104874446;0,0;0,0066030814380044;0,0229069349622709;0,0087429891125041;0,047480260717503;0,0203089244851258;0,0;0,0
UNSW-NB15;C&W;gaussian;1;15;2048;3;18,83958959998563;29,1146272001788;0,0;0,5533449934411894;0,7482283939974514;0,5533449934411894;0,6254857727242988;0,4621183235131982;0,4222162162162162;0,0287434924556604;0,6301027174448626;0,1578387126947569;0,2553947427528611;0,001477104874446;0,0;0,0066030814380044;0,0229069349622709;0,0087429891125041;0,047480260717503;0,0203089244851258;0,0;0,0;0,5533449934411894;0,7482283939974514;0,5533449934411894;0,6254857727242988;0,4621183235131982;0,4222162162162162;0,0287434924556604;0,6301027174448626;0,1578387126947569;0,2553947427528611;0,001477104874446;0,0;0,0066030814380044;0,0229069349622709;0,0087429891125041;0,047480260717503;0,0203089244851258;0,0;0,0
UNSW-NB15;C&W;gaussian;1;20;1024;2;17,668853199807927;21,72113569988869;0,0;0,542948063936258;0,7541015498886904;0,542948063936258;0,5993830355377185;0,452738958410997;0,4589729729729729;0,0383393629224389;0,699125848776927;0,181674323893151;0,2406439953544199;0,001477104874446;0,0;0,0061139642944485;0,0106899029823931;0,0207852193995381;0,0768904668539028;0,0045766590389016;0,0;0,0;0,542948063936258;0,7541015498886904;0,542948063936258;0,5993830355377185;0,452738958410997;0,4589729729729729;0,0383393629224389;0,699125848776927;0,181674323893151;0,2406439953544199;0,001477104874446;0,0;0,0061139642944485;0,0106899029823931;0,0207852193995381;0,0768904668539028;0,0045766590389016;0,0;0,0
UNSW-NB15;C&W;gaussian;1;20;1024;3;17,721660000039265;21,808124599978328;0,0;0,5429237720448914;0,7542086548532486;0,5429237720448914;0,5993846456832873;0,4527870866003531;0,4589729729729729;0,0383173034501014;0,6992816451032409;0,1816224649331704;0,2404548102284484;0,001477104874446;0,0;0,0061139642944485;0,0106899029823931;0,0207852193995381;0,0768374754914948;0,0045766590389016;0,0;0,0;0,5429237720448914;0,7542086548532486;0,5429237720448914;0,5993846456832873;0,4527870866003531;0,4589729729729729;0,0383173034501014;0,6992816451032409;0,1816224649331704;0,2404548102284484;0,001477104874446;0,0;0,0061139642944485;0,0106899029823931;0,0207852193995381;0,0768374754914948;0,0045766590389016;0,0;0,0
UNSW-NB15;C&W;gaussian;1;20;2048;2;17,639723900007084;21,82790290005505;0,0;0,5429237720448914;0,7542086548532486;0,5429237720448914;0,5993846456832873;0,4527870866003531;0,4589729729729729;0,0383173034501014;0,699313469725969;0,1815930737788989;0,2404548102284484;0,001477104874446;0,0;0,0061139642944485;0,0106899029823931;0,0207852193995381;0,0768374754914948;0,0045766590389016;0,0;0,0;0,5429237720448914;0,7542086548532486;0,5429237720448914;0,5993846456832873;0,4527870866003531;0,4589729729729729;0,0383173034501014;0,699313469725969;0,1815930737788989;0,2404548102284484;0,001477104874446;0,0;0,0061139642944485;0,0106899029823931;0,0207852193995381;0,0768374754914948;0,0045766590389016;0,0;0,0
UNSW-NB15;C&W;gaussian;1;20;2048;3;17,763425100129098;21,994537899736315;0,0;0,5429237720448914;0,7542086548532486;0,5429237720448914;0,5993846456832873;0,4527870866003531;0,4589729729729729;0,0383173034501014;0,6993417662530267;0,1816383361621944;0,2404548102284484;0,001477104874446;0,0;0,0061139642944485;0,0106899029823931;0,0207852193995381;0,0768374754914948;0,0045766590389016;0,0;0,0;0,5429237720448914;0,7542086548532486;0,5429237720448914;0,5993846456832873;0,4527870866003531;0,4589729729729729;0,0383173034501014;0,6993417662530267;0,1816383361621944;0,2404548102284484;0,001477104874446;0,0;0,0061139642944485;0,0106899029823931;0,0207852193995381;0,0768374754914948;0,0045766590389016;0,0;0,0
UNSW-NB15;C&W;gaussian;2;5;1024;2;45,89850550005213;195,73461030004543;0,0;0,3913302239712384;0,7431828637911988;0,3913302239712384;0,4772329280426661;0,2955303997080241;0,5843243243243244;0,0056031059737051;0,6454736528603026;0,1688337128096421;0,1843409457585259;0,0059084194977843;0,0;0,0061139642944485;0,0094322673374056;0,0153414714615638;0,0007418790737109;0,0031464530892448;0,0052910052910052;0,0;0,3913302239712384;0,7431828637911988;0,3913302239712384;0,4772329280426661;0,2955303997080241;0,5843243243243244;0,0056031059737051;0,6454736528603026;0,1688337128096421;0,1843409457585259;0,0059084194977843;0,0;0,0061139642944485;0,0094322673374056;0,0153414714615638;0,0007418790737109;0,0031464530892448;0,0052910052910052;0,0
UNSW-NB15;C&W;gaussian;2;5;1024;3;45,64155240007676;197,2699862003792;0,0;0,3913302239712384;0,7431828637911988;0,3913302239712384;0,4772329280426661;0,2955303997080241;0,5843243243243244;0,0056031059737051;0,6454736528603026;0,1688337128096421;0,1843409457585259;0,0059084194977843;0,0;0,0061139642944485;0,0094322673374056;0,0153414714615638;0,0007418790737109;0,0031464530892448;0,0052910052910052;0,0;0,3913302239712384;0,7431828637911988;0,3913302239712384;0,4772329280426661;0,2955303997080241;0,5843243243243244;0,0056031059737051;0,6454736528603026;0,1688337128096421;0,1843409457585259;0,0059084194977843;0,0;0,0061139642944485;0,0094322673374056;0,0153414714615638;0,0007418790737109;0,0031464530892448;0,0052910052910052;0,0
UNSW-NB15;C&W;gaussian;2;5;2048;2;45,1310938000679;194,538890699856;0,0;0,3913302239712384;0,7431828637911988;0,3913302239712384;0,4772329280426661;0,2955303997080241;0,5843243243243244;0,0056031059737051;0,6454736528603026;0,1688337128096421;0,1843409457585259;0,0059084194977843;0,0;0,0061139642944485;0,0094322673374056;0,0153414714615638;0,0007418790737109;0,0031464530892448;0,0052910052910052;0,0;0,3913302239712384;0,7431828637911988;0,3913302239712384;0,4772329280426661;0,2955303997080241;0,5843243243243244;0,0056031059737051;0,6454736528603026;0,1688337128096421;0,1843409457585259;0,0059084194977843;0,0;0,0061139642944485;0,0094322673374056;0,0153414714615638;0,0007418790737109;0,0031464530892448;0,0052910052910052;0,0
UNSW-NB15;C&W;gaussian;2;5;2048;3;45,756858699955046;197,68032409995797;0,0;0,3913302239712384;0,7431828637911988;0,3913302239712384;0,4772329280426661;0,2955303997080241;0,5843243243243244;0,0056031059737051;0,6454736528603026;0,1688337128096421;0,1843409457585259;0,0059084194977843;0,0;0,0061139642944485;0,0094322673374056;0,0153414714615638;0,0007418790737109;0,0031464530892448;0,0052910052910052;0,0;0,3913302239712384;0,7431828637911988;0,3913302239712384;0,4772329280426661;0,2955303997080241;0,5843243243243244;0,0056031059737051;0,6454736528603026;0,1688337128096421;0,1843409457585259;0,0059084194977843;0,0;0,0061139642944485;0,0094322673374056;0,0153414714615638;0,0007418790737109;0,0031464530892448;0,0052910052910052;0,0
UNSW-NB15;C&W;gaussian;2;10;1024;2;29,31370080006309;95,0691473998595;0,0;0,5608390419278045;0,7674683776837988;0,5608390419278045;0,6123877294083448;0,4728302874623155;0,4594324324324324;0,0076546369010853;0,648728339998337;0,1772840982922772;0,2489345117812215;0,0147710487444608;0,0;0,0063585228662264;0,014193316564858;0,0199604091059056;0,0009538445233426;0,0034324942791762;0,0052910052910052;0,0;0,5608390419278045;0,7674683776837988;0,5608390419278045;0,6123877294083448;0,4728302874623155;0,4594324324324324;0,0076546369010853;0,648728339998337;0,1772840982922772;0,2489345117812215;0,0147710487444608;0,0;0,0063585228662264;0,014193316564858;0,0199604091059056;0,0009538445233426;0,0034324942791762;0,0052910052910052;0,0
UNSW-NB15;C&W;gaussian;2;10;1024;3;34,848131199833006;95,45276009989902;0,0;0,5608390419278045;0,7674683776837988;0,5608390419278045;0,6123877294083448;0,4728302874623155;0,4594324324324324;0,0076546369010853;0,648728339998337;0,1772840982922772;0,2489345117812215;0,0147710487444608;0,0;0,0063585228662264;0,014193316564858;0,0199604091059056;0,0009538445233426;0,0034324942791762;0,0052910052910052;0,0;0,5608390419278045;0,7674683776837988;0,5608390419278045;0,6123877294083448;0,4728302874623155;0,4594324324324324;0,0076546369010853;0,648728339998337;0,1772840982922772;0,2489345117812215;0,0147710487444608;0,0;0,0063585228662264;0,014193316564858;0,0199604091059056;0,0009538445233426;0,0034324942791762;0,0052910052910052;0,0
UNSW-NB15;C&W;gaussian;2;10;2048;2;29,79227889981121;97,09594940021634;0,0;0,5608390419278045;0,7674683776837988;0,5608390419278045;0,6123877294083448;0,4728302874623155;0,4594324324324324;0,0076546369010853;0,648728339998337;0,1772840982922772;0,2489345117812215;0,0147710487444608;0,0;0,0063585228662264;0,014193316564858;0,0199604091059056;0,0009538445233426;0,0034324942791762;0,0052910052910052;0,0;0,5608390419278045;0,7674683776837988;0,5608390419278045;0,6123877294083448;0,4728302874623155;0,4594324324324324;0,0076546369010853;0,648728339998337;0,1772840982922772;0,2489345117812215;0,0147710487444608;0,0;0,0063585228662264;0,014193316564858;0,0199604091059056;0,0009538445233426;0,0034324942791762;0,0052910052910052;0,0
UNSW-NB15;C&W;gaussian;2;10;2048;3;34,99999250005931;95,71291460003704;0,0;0,5608390419278045;0,7674683776837988;0,5608390419278045;0,6123877294083448;0,4728302874623155;0,4594324324324324;0,0076546369010853;0,648728339998337;0,1772840982922772;0,2489345117812215;0,0147710487444608;0,0;0,0063585228662264;0,014193316564858;0,0199604091059056;0,0009538445233426;0,0034324942791762;0,0052910052910052;0,0;0,5608390419278045;0,7674683776837988;0,5608390419278045;0,6123877294083448;0,4728302874623155;0,4594324324324324;0,0076546369010853;0,648728339998337;0,1772840982922772;0,2489345117812215;0,0147710487444608;0,0;0,0063585228662264;0,014193316564858;0,0199604091059056;0,0009538445233426;0,0034324942791762;0,0052910052910052;0,0
UNSW-NB15;C&W;gaussian;2;15;1024;2;27,425913900136948;59,12213729973882;0,0;0,5385512315988923;0,7541196058395223;0,5385512315988923;0,5995568669816349;0,4395254031380901;0,4197567567567568;0,0133459807641401;0,6690732545064597;0,1909740105149248;0,2381373025066056;0,0162481536189069;0,0;0,0114942528735632;0,0256018684872439;0,0321676014516661;0,0013777754226061;0,0102974828375286;0,0105820105820105;0,0227272727272727;0,5385512315988923;0,7541196058395223;0,5385512315988923;0,5995568669816349;0,4395254031380901;0,4197567567567568;0,0133459807641401;0,6690732545064597;0,1909740105149248;0,2381373025066056;0,0162481536189069;0,0;0,0114942528735632;0,0256018684872439;0,0321676014516661;0,0013777754226061;0,0102974828375286;0,0105820105820105;0,0227272727272727
UNSW-NB15;C&W;gaussian;2;15;1024;3;24,89166589989327;60,94981200015173;0,0;0,5385512315988923;0,7541196058395223;0,5385512315988923;0,5995568669816349;0,4395254031380901;0,4197567567567568;0,0133459807641401;0,6690732545064597;0,1909740105149248;0,2381373025066056;0,0162481536189069;0,0;0,0114942528735632;0,0256018684872439;0,0321676014516661;0,0013777754226061;0,0102974828375286;0,0105820105820105;0,0227272727272727;0,5385512315988923;0,7541196058395223;0,5385512315988923;0,5995568669816349;0,4395254031380901;0,4197567567567568;0,0133459807641401;0,6690732545064597;0,1909740105149248;0,2381373025066056;0,0162481536189069;0,0;0,0114942528735632;0,0256018684872439;0,0321676014516661;0,0013777754226061;0,0102974828375286;0,0105820105820105;0,0227272727272727
UNSW-NB15;C&W;gaussian;2;15;2048;2;27,945648200111464;60,41782500012778;0,0;0,5385512315988923;0,7541196058395223;0,5385512315988923;0,5995568669816349;0,4395254031380901;0,4197567567567568;0,0133459807641401;0,6690732545064597;0,1909740105149248;0,2381373025066056;0,0162481536189069;0,0;0,0114942528735632;0,0256018684872439;0,0321676014516661;0,0013777754226061;0,0102974828375286;0,0105820105820105;0,0227272727272727;0,5385512315988923;0,7541196058395223;0,5385512315988923;0,5995568669816349;0,4395254031380901;0,4197567567567568;0,0133459807641401;0,6690732545064597;0,1909740105149248;0,2381373025066056;0,0162481536189069;0,0;0,0114942528735632;0,0256018684872439;0,0321676014516661;0,0013777754226061;0,0102974828375286;0,0105820105820105;0,0227272727272727
UNSW-NB15;C&W;gaussian;2;15;2048;3;24,77717539994046;61,28581140004098;0,0;0,5385512315988923;0,7541196058395223;0,5385512315988923;0,5995568669816349;0,4395254031380901;0,4197567567567568;0,0133459807641401;0,6690732545064597;0,1909740105149248;0,2381373025066056;0,0162481536189069;0,0;0,0114942528735632;0,0256018684872439;0,0321676014516661;0,0013777754226061;0,0102974828375286;0,0105820105820105;0,0227272727272727;0,5385512315988923;0,7541196058395223;0,5385512315988923;0,5995568669816349;0,4395254031380901;0,4197567567567568;0,0133459807641401;0,6690732545064597;0,1909740105149248;0,2381373025066056;0,0162481536189069;0,0;0,0114942528735632;0,0256018684872439;0,0321676014516661;0,0013777754226061;0,0102974828375286;0,0105820105820105;0,0227272727272727
UNSW-NB15;C&W;gaussian;2;20;1024;2;21,91417520004325;44,67083550011739;0,0;0,5482194043628237;0,7637726677330554;0,5482194043628237;0,603668268413148;0,4508956420325332;0,4085405405405405;0,0134562781258272;0,6815960402471093;0,1991950617350095;0,2488158795613957;0,0502215657311669;0,0;0,0117388114453411;0,0201221703197987;0,0420653249752556;0,0012188013353823;0,0062929061784897;0,0105820105820105;0,0;0,5482194043628237;0,7637726677330554;0,5482194043628237;0,603668268413148;0,4508956420325332;0,4085405405405405;0,0134562781258272;0,6815960402471093;0,1991950617350095;0,2488158795613957;0,0502215657311669;0,0;0,0117388114453411;0,0201221703197987;0,0420653249752556;0,0012188013353823;0,0062929061784897;0,0105820105820105;0,0
UNSW-NB15;C&W;gaussian;2;20;1024;3;22,01542069995776;45,666938399896026;0,0;0,548304425982607;0,763733776910275;0,548304425982607;0,6037403409206094;0,4509559024341241;0,4083513513513513;0,0135445160151769;0,6816249912878762;0,1992000026872716;0,2488461141469235;0,0502215657311669;0,0;0,0117388114453411;0,0201221703197987;0,0427251732101616;0,0012188013353823;0,0062929061784897;0,0105820105820105;0,0;0,548304425982607;0,763733776910275;0,548304425982607;0,6037403409206094;0,4509559024341241;0,4083513513513513;0,0135445160151769;0,6816249912878762;0,1992000026872716;0,2488461141469235;0,0502215657311669;0,0;0,0117388114453411;0,0201221703197987;0,0427251732101616;0,0012188013353823;0,0062929061784897;0,0105820105820105;0,0
UNSW-NB15;C&W;gaussian;2;20;2048;2;21,86801560013555;45,10095029999502;0,0;0,548304425982607;0,763733776910275;0,548304425982607;0,6037403409206094;0,4509559024341241;0,4083513513513513;0,0135445160151769;0,6816249912878762;0,1992000026872716;0,2488461141469235;0,0502215657311669;0,0;0,0117388114453411;0,0201221703197987;0,0427251732101616;0,0012188013353823;0,0062929061784897;0,0105820105820105;0,0;0,548304425982607;0,763733776910275;0,548304425982607;0,6037403409206094;0,4509559024341241;0,4083513513513513;0,0135445160151769;0,6816249912878762;0,1992000026872716;0,2488461141469235;0,0502215657311669;0,0;0,0117388114453411;0,0201221703197987;0,0427251732101616;0,0012188013353823;0,0062929061784897;0,0105820105820105;0,0
UNSW-NB15;C&W;gaussian;2;20;2048;3;22,204690100159496;45,78352599963546;0,0;0,548304425982607;0,763733776910275;0,548304425982607;0,6037403409206094;0,4509559024341241;0,4083513513513513;0,0135445160151769;0,6816249912878762;0,1992000026872716;0,2488461141469235;0,0502215657311669;0,0;0,0117388114453411;0,0201221703197987;0,0427251732101616;0,0012188013353823;0,0062929061784897;0,0105820105820105;0,0;0,548304425982607;0,763733776910275;0,548304425982607;0,6037403409206094;0,4509559024341241;0,4083513513513513;0,0135445160151769;0,6816249912878762;0,1992000026872716;0,2488461141469235;0,0502215657311669;0,0;0,0117388114453411;0,0201221703197987;0,0427251732101616;0,0012188013353823;0,0062929061784897;0,0105820105820105;0,0
UNSW-NB15;C&W;gaussian;4;5;1024;2;79,3387934002094;400,0075487000868;0,0;0,4006097264733032;0,7502260335269957;0,4006097264733032;0,4848544900635877;0,3079601547574149;0,576945945945946;0,0090664431306803;0,628346230474647;0,1604121078033671;0,1921188621173041;0,0251107828655834;0,0017152658662092;0,0088041085840058;0,0180560546173194;0,0169910920488287;0,0019606804090933;0,0040045766590389;0,0052910052910052;0,0;0,4006097264733032;0,7502260335269957;0,4006097264733032;0,4848544900635877;0,3079601547574149;0,576945945945946;0,0090664431306803;0,628346230474647;0,1604121078033671;0,1921188621173041;0,0251107828655834;0,0017152658662092;0,0088041085840058;0,0180560546173194;0,0169910920488287;0,0019606804090933;0,0040045766590389;0,0052910052910052;0,0
UNSW-NB15;C&W;gaussian;4;5;1024;3;82,78257519984618;398,7474496993236;0,0;0,4006097264733032;0,7502260335269957;0,4006097264733032;0,4848544900635877;0,3079601547574149;0,576945945945946;0,0090664431306803;0,628346230474647;0,1604121078033671;0,1921188621173041;0,0251107828655834;0,0017152658662092;0,0088041085840058;0,0180560546173194;0,0169910920488287;0,0019606804090933;0,0040045766590389;0,0052910052910052;0,0;0,4006097264733032;0,7502260335269957;0,4006097264733032;0,4848544900635877;0,3079601547574149;0,576945945945946;0,0090664431306803;0,628346230474647;0,1604121078033671;0,1921188621173041;0,0251107828655834;0,0017152658662092;0,0088041085840058;0,0180560546173194;0,0169910920488287;0,0019606804090933;0,0040045766590389;0,0052910052910052;0,0
UNSW-NB15;C&W;gaussian;4;5;2048;2;77,86415820010006;389,7844985006377;0,0;0,4006097264733032;0,7502260335269957;0,4006097264733032;0,4848544900635877;0,3079601547574149;0,576945945945946;0,0090664431306803;0,628346230474647;0,1604121078033671;0,1921188621173041;0,0251107828655834;0,0017152658662092;0,0088041085840058;0,0180560546173194;0,0169910920488287;0,0019606804090933;0,0040045766590389;0,0052910052910052;0,0;0,4006097264733032;0,7502260335269957;0,4006097264733032;0,4848544900635877;0,3079601547574149;0,576945945945946;0,0090664431306803;0,628346230474647;0,1604121078033671;0,1921188621173041;0,0251107828655834;0,0017152658662092;0,0088041085840058;0,0180560546173194;0,0169910920488287;0,0019606804090933;0,0040045766590389;0,0052910052910052;0,0
UNSW-NB15;C&W;gaussian;4;5;2048;3;80,56843640003353;397,4343386003748;0,0;0,4006097264733032;0,7502260335269957;0,4006097264733032;0,4848544900635877;0,3079601547574149;0,576945945945946;0,0090664431306803;0,628346230474647;0,1604121078033671;0,1921188621173041;0,0251107828655834;0,0017152658662092;0,0088041085840058;0,0180560546173194;0,0169910920488287;0,0019606804090933;0,0040045766590389;0,0052910052910052;0,0;0,4006097264733032;0,7502260335269957;0,4006097264733032;0,4848544900635877;0,3079601547574149;0,576945945945946;0,0090664431306803;0,628346230474647;0,1604121078033671;0,1921188621173041;0,0251107828655834;0,0017152658662092;0,0088041085840058;0,0180560546173194;0,0169910920488287;0,0019606804090933;0,0040045766590389;0,0052910052910052;0,0
UNSW-NB15;C&W;gaussian;4;10;1024;2;46,137255100067705;185,13781919982284;0,0;0,4804936112325705;0,7683062022514721;0,4804936112325705;0,5622625985382081;0,3788301730320983;0,4135675675675676;0,0119341745345451;0,6385824384503251;0,1641784383979013;0,2181826001605778;0,0265878877400295;0,0;0,0136952800195646;0,0203018325547969;0,0283734741009567;0,0013247840601981;0,0117276887871853;0,0079365079365079;0,0;0,4804936112325705;0,7683062022514721;0,4804936112325705;0,5622625985382081;0,3788301730320983;0,4135675675675676;0,0119341745345451;0,6385824384503251;0,1641784383979013;0,2181826001605778;0,0265878877400295;0,0;0,0136952800195646;0,0203018325547969;0,0283734741009567;0,0013247840601981;0,0117276887871853;0,0079365079365079;0,0
UNSW-NB15;C&W;gaussian;4;10;1024;3;46,36639570025727;186,27473140042275;0,0;0,4804936112325705;0,7683062022514721;0,4804936112325705;0,5622625985382081;0,3788301730320983;0,4135675675675676;0,0119341745345451;0,6386157154647985;0,1641869162331909;0,2181826001605778;0,0265878877400295;0,0;0,0136952800195646;0,0203018325547969;0,0283734741009567;0,0013247840601981;0,0117276887871853;0,0079365079365079;0,0;0,4804936112325705;0,7683062022514721;0,4804936112325705;0,5622625985382081;0,3788301730320983;0,4135675675675676;0,0119341745345451;0,6386157154647985;0,1641869162331909;0,2181826001605778;0,0265878877400295;0,0;0,0136952800195646;0,0203018325547969;0,0283734741009567;0,0013247840601981;0,0117276887871853;0,0079365079365079;0,0
UNSW-NB15;C&W;gaussian;4;10;2048;2;46,01994860032573;185,123794300016;0,0;0,4804936112325705;0,7683062022514721;0,4804936112325705;0,5622625985382081;0,3788301730320983;0,4135675675675676;0,0119341745345451;0,6386157154647985;0,1641869162331909;0,2181826001605778;0,0265878877400295;0,0;0,0136952800195646;0,0203018325547969;0,0283734741009567;0,0013247840601981;0,0117276887871853;0,0079365079365079;0,0;0,4804936112325705;0,7683062022514721;0,4804936112325705;0,5622625985382081;0,3788301730320983;0,4135675675675676;0,0119341745345451;0,6386157154647985;0,1641869162331909;0,2181826001605778;0,0265878877400295;0,0;0,0136952800195646;0,0203018325547969;0,0283734741009567;0,0013247840601981;0,0117276887871853;0,0079365079365079;0,0
UNSW-NB15;C&W;gaussian;4;10;2048;3;46,5514978999272;186,92018439993265;0,0;0,4804936112325705;0,7683062022514721;0,4804936112325705;0,5622625985382081;0,3788301730320983;0,4135675675675676;0,0119341745345451;0,6386157154647985;0,1641869162331909;0,2181826001605778;0,0265878877400295;0,0;0,0136952800195646;0,0203018325547969;0,0283734741009567;0,0013247840601981;0,0117276887871853;0,0079365079365079;0,0;0,4804936112325705;0,7683062022514721;0,4804936112325705;0,5622625985382081;0,3788301730320983;0,4135675675675676;0,0119341745345451;0,6386157154647985;0,1641869162331909;0,2181826001605778;0,0265878877400295;0,0;0,0136952800195646;0,0203018325547969;0,0283734741009567;0,0013247840601981;0,0117276887871853;0,0079365079365079;0,0
UNSW-NB15;C&W;gaussian;4;15;1024;2;42,81497099995613;110,16634330013768;0,0;0,5920784142253316;0,7733510660425765;0,5920784142253316;0,6392056385975001;0,5019437465874953;0,4054054054054054;0,01548574958087;0,6451139471297314;0,1834907155253871;0,2579863153440873;0,0295420974889217;0,0017152658662092;0,0107605771582293;0,0193136902623068;0,0567469482019135;0,0013777754226061;0,0137299771167048;0,0105820105820105;0,0;0,5920784142253316;0,7733510660425765;0,5920784142253316;0,6392056385975001;0,5019437465874953;0,4054054054054054;0,01548574958087;0,6451139471297314;0,1834907155253871;0,2579863153440873;0,0295420974889217;0,0017152658662092;0,0107605771582293;0,0193136902623068;0,0567469482019135;0,0013777754226061;0,0137299771167048;0,0105820105820105;0,0
UNSW-NB15;C&W;gaussian;4;15;1024;3;36,045346500352025;111,75182270025834;0,0;0,5920784142253316;0,7733510660425765;0,5920784142253316;0,6392056385975001;0,5019437465874953;0,4054054054054054;0,01548574958087;0,64270465016113;0,1789109088398885;0,2579863153440873;0,0295420974889217;0,0017152658662092;0,0107605771582293;0,0193136902623068;0,0567469482019135;0,0013777754226061;0,0137299771167048;0,0105820105820105;0,0;0,5920784142253316;0,7733510660425765;0,5920784142253316;0,6392056385975001;0,5019437465874953;0,4054054054054054;0,01548574958087;0,64270465016113;0,1789109088398885;0,2579863153440873;0,0295420974889217;0,0017152658662092;0,0107605771582293;0,0193136902623068;0,0567469482019135;0,0013777754226061;0,0137299771167048;0,0105820105820105;0,0
UNSW-NB15;C&W;gaussian;4;15;2048;2;35,78842009976506;110,33294649980962;0,0;0,5920784142253316;0,7733510660425765;0,5920784142253316;0,6392056385975001;0,5019437465874953;0,4054054054054054;0,01548574958087;0,6451139471297314;0,1834907155253871;0,2579863153440873;0,0295420974889217;0,0017152658662092;0,0107605771582293;0,0193136902623068;0,0567469482019135;0,0013777754226061;0,0137299771167048;0,0105820105820105;0,0;0,5920784142253316;0,7733510660425765;0,5920784142253316;0,6392056385975001;0,5019437465874953;0,4054054054054054;0,01548574958087;0,6451139471297314;0,1834907155253871;0,2579863153440873;0,0295420974889217;0,0017152658662092;0,0107605771582293;0,0193136902623068;0,0567469482019135;0,0013777754226061;0,0137299771167048;0,0105820105820105;0,0
UNSW-NB15;C&W;gaussian;4;15;2048;3;35,92383179999888;112,02199719985948;0,0;0,5920784142253316;0,7733510660425765;0,5920784142253316;0,6392056385975001;0,5019437465874953;0,4054054054054054;0,01548574958087;0,64270465016113;0,1789109088398885;0,2579863153440873;0,0295420974889217;0,0017152658662092;0,0107605771582293;0,0193136902623068;0,0567469482019135;0,0013777754226061;0,0137299771167048;0,0105820105820105;0,0;0,5920784142253316;0,7733510660425765;0,5920784142253316;0,6392056385975001;0,5019437465874953;0,4054054054054054;0,01548574958087;0,64270465016113;0,1789109088398885;0,2579863153440873;0,0295420974889217;0,0017152658662092;0,0107605771582293;0,0193136902623068;0,0567469482019135;0,0013777754226061;0,0137299771167048;0,0105820105820105;0,0
UNSW-NB15;C&W;gaussian;4;20;1024;2;30,062768900301307;64,63706019986421;0,0;0,6117184083952777;0,7722413028092682;0,6117184083952777;0,6487028202571358;0,5215171759123937;0,4017567567567567;0,0174711020912379;0,6588664960602619;0,200858743053432;0,2660635715421873;0,0280649926144756;0,0;0,0124724871606749;0,0266798418972332;0,0557571758495546;0,0014837581474219;0,0160183066361556;0,0079365079365079;0,0;0,6117184083952777;0,7722413028092682;0,6117184083952777;0,6487028202571358;0,5215171759123937;0,4017567567567567;0,0174711020912379;0,6588664960602619;0,200858743053432;0,2660635715421873;0,0280649926144756;0,0;0,0124724871606749;0,0266798418972332;0,0557571758495546;0,0014837581474219;0,0160183066361556;0,0079365079365079;0,0
UNSW-NB15;C&W;gaussian;4;20;1024;3;30,98410929972306;65,5274363993667;0,0;0,6117184083952777;0,7722413028092682;0,6117184083952777;0,6487028202571358;0,5215171759123937;0,4017567567567567;0,0174711020912379;0,6588821982906508;0,2008775041301237;0,2660635715421873;0,0280649926144756;0,0;0,0124724871606749;0,0266798418972332;0,0557571758495546;0,0014837581474219;0,0160183066361556;0,0079365079365079;0,0;0,6117184083952777;0,7722413028092682;0,6117184083952777;0,6487028202571358;0,5215171759123937;0,4017567567567567;0,0174711020912379;0,6588821982906508;0,2008775041301237;0,2660635715421873;0,0280649926144756;0,0;0,0124724871606749;0,0266798418972332;0,0557571758495546;0,0014837581474219;0,0160183066361556;0,0079365079365079;0,0
UNSW-NB15;C&W;gaussian;4;20;2048;2;30,32314200000837;64,88959239982069;0,0;0,6117184083952777;0,7722413028092682;0,6117184083952777;0,6487028202571358;0,5215171759123937;0,4017567567567567;0,0174711020912379;0,6588713733233896;0,2008618565410509;0,2660635715421873;0,0280649926144756;0,0;0,0124724871606749;0,0266798418972332;0,0557571758495546;0,0014837581474219;0,0160183066361556;0,0079365079365079;0,0;0,6117184083952777;0,7722413028092682;0,6117184083952777;0,6487028202571358;0,5215171759123937;0,4017567567567567;0,0174711020912379;0,6588713733233896;0,2008618565410509;0,2660635715421873;0,0280649926144756;0,0;0,0124724871606749;0,0266798418972332;0,0557571758495546;0,0014837581474219;0,0160183066361556;0,0079365079365079;0,0
UNSW-NB15;C&W;gaussian;4;20;2048;3;30,786261199973524;65,27291050041094;0,0;0,6117184083952777;0,7722413028092682;0,6117184083952777;0,6487028202571358;0,5215171759123937;0,4017567567567567;0,0174711020912379;0,6596642625089344;0,2005967323843364;0,2660635715421873;0,0280649926144756;0,0;0,0124724871606749;0,0266798418972332;0,0557571758495546;0,0014837581474219;0,0160183066361556;0,0079365079365079;0,0;0,6117184083952777;0,7722413028092682;0,6117184083952777;0,6487028202571358;0,5215171759123937;0,4017567567567567;0,0174711020912379;0,6596642625089344;0,2005967323843364;0,2660635715421873;0,0280649926144756;0,0;0,0124724871606749;0,0266798418972332;0,0557571758495546;0,0014837581474219;0,0160183066361556;0,0079365079365079;0,0
UNSW-NB15;C&W;gaussian;8;5;1024;2;173,30370090017095;764,3926119995303;0,0;0,494789389301851;0,7530892086680697;0,494789389301851;0,5695783620707725;0,3881938437724902;0,4126756756756757;0,0138092296832259;0,6320700561855771;0,1661941787141679;0,2180812614599048;0,0073855243722304;0,0137221269296741;0,0176082171680117;0,0265001796622349;0,0315077532167601;0,0018017063218695;0,005720823798627;0,0026455026455026;0,0;0,494789389301851;0,7530892086680697;0,494789389301851;0,5695783620707725;0,3881938437724902;0,4126756756756757;0,0138092296832259;0,6320700561855771;0,1661941787141679;0,2180812614599048;0,0073855243722304;0,0137221269296741;0,0176082171680117;0,0265001796622349;0,0315077532167601;0,0018017063218695;0,005720823798627;0,0026455026455026;0,0
UNSW-NB15;C&W;gaussian;8;5;1024;3;177,1858160002157;707,8206692999229;0,0;0,4960647135986007;0,7533861587605855;0,4960647135986007;0,5707957584939295;0,3893617958782097;0,4097567567567567;0,013919527044913;0,6320316686660606;0,1661738671914647;0,2184609406619183;0,0073855243722304;0,0137221269296741;0,0180973343115676;0,0267696730147323;0,0315077532167601;0,0018017063218695;0,005720823798627;0,0026455026455026;0,0;0,4960647135986007;0,7533861587605855;0,4960647135986007;0,5707957584939295;0,3893617958782097;0,4097567567567567;0,013919527044913;0,6320316686660606;0,1661738671914647;0,2184609406619183;0,0073855243722304;0,0137221269296741;0,0180973343115676;0,0267696730147323;0,0315077532167601;0,0018017063218695;0,005720823798627;0,0026455026455026;0,0
UNSW-NB15;C&W;gaussian;8;5;2048;2;145,3862350001;699,6841838997789;0,0;0,4960647135986007;0,7533861587605855;0,4960647135986007;0,5707957584939295;0,3893617958782097;0,4097567567567567;0,013919527044913;0,630401581787063;0,1654475917339524;0,2184609406619183;0,0073855243722304;0,0137221269296741;0,0180973343115676;0,0267696730147323;0,0315077532167601;0,0018017063218695;0,005720823798627;0,0026455026455026;0,0;0,4960647135986007;0,7533861587605855;0,4960647135986007;0,5707957584939295;0,3893617958782097;0,4097567567567567;0,013919527044913;0,630401581787063;0,1654475917339524;0,2184609406619183;0,0073855243722304;0,0137221269296741;0,0180973343115676;0,0267696730147323;0,0315077532167601;0,0018017063218695;0,005720823798627;0,0026455026455026;0,0
UNSW-NB15;C&W;gaussian;8;5;2048;3;149,1440948001109;715,3743641995825;0,0;0,4960647135986007;0,7533861587605855;0,4960647135986007;0,5707957584939295;0,3893617958782097;0,4097567567567567;0,013919527044913;0,630401581787063;0,1654475917339524;0,2184609406619183;0,0073855243722304;0,0137221269296741;0,0180973343115676;0,0267696730147323;0,0315077532167601;0,0018017063218695;0,005720823798627;0,0026455026455026;0,0;0,4960647135986007;0,7533861587605855;0,4960647135986007;0,5707957584939295;0,3893617958782097;0,4097567567567567;0,013919527044913;0,630401581787063;0,1654475917339524;0,2184609406619183;0,0073855243722304;0,0137221269296741;0,0180973343115676;0,0267696730147323;0,0315077532167601;0,0018017063218695;0,005720823798627;0,0026455026455026;0,0
UNSW-NB15;C&W;gaussian;8;10;1024;2;79,42087420029566;276,2853339002468;0,0;0,5850216197833163;0,7484601848041987;0,5850216197833163;0,6262181898655048;0,4914423807953622;0,4333243243243243;0,0169196152828024;0,6655329956518113;0,2034506560974848;0,2535889871545667;0,0073855243722304;0,0034305317324185;0,0141843971631205;0,0360222781171397;0,0381062355658198;0,0010068358857506;0,012299771167048;0,0211640211640211;0,0;0,5850216197833163;0,7484601848041987;0,5850216197833163;0,6262181898655048;0,4914423807953622;0,4333243243243243;0,0169196152828024;0,6655329956518113;0,2034506560974848;0,2535889871545667;0,0073855243722304;0,0034305317324185;0,0141843971631205;0,0360222781171397;0,0381062355658198;0,0010068358857506;0,012299771167048;0,0211640211640211;0,0
UNSW-NB15;C&W;gaussian;8;10;1024;3;80,84876900026575;278,9892101995647;0,0;0,5850216197833163;0,7484601848041987;0,5850216197833163;0,6262181898655048;0,4914423807953622;0,4333243243243243;0,0169196152828024;0,6655329956518113;0,2034506560974848;0,2535889871545667;0,0073855243722304;0,0034305317324185;0,0141843971631205;0,0360222781171397;0,0381062355658198;0,0010068358857506;0,012299771167048;0,0211640211640211;0,0;0,5850216197833163;0,7484601848041987;0,5850216197833163;0,6262181898655048;0,4914423807953622;0,4333243243243243;0,0169196152828024;0,6655329956518113;0,2034506560974848;0,2535889871545667;0,0073855243722304;0,0034305317324185;0,0141843971631205;0,0360222781171397;0,0381062355658198;0,0010068358857506;0,012299771167048;0,0211640211640211;0,0
UNSW-NB15;C&W;gaussian;8;10;2048;2;80,50207380019128;276,77428650064394;0,0;0,5850216197833163;0,7484601848041987;0,5850216197833163;0,6262181898655048;0,4914423807953622;0,4333243243243243;0,0169196152828024;0,6655329956518113;0,2034506560974848;0,2535889871545667;0,0073855243722304;0,0034305317324185;0,0141843971631205;0,0360222781171397;0,0381062355658198;0,0010068358857506;0,012299771167048;0,0211640211640211;0,0;0,5850216197833163;0,7484601848041987;0,5850216197833163;0,6262181898655048;0,4914423807953622;0,4333243243243243;0,0169196152828024;0,6655329956518113;0,2034506560974848;0,2535889871545667;0,0073855243722304;0,0034305317324185;0,0141843971631205;0,0360222781171397;0,0381062355658198;0,0010068358857506;0,012299771167048;0,0211640211640211;0,0
UNSW-NB15;C&W;gaussian;8;10;2048;3;105,00413060002028;283,3666752008721;0,0;0,5850216197833163;0,7484601848041987;0,5850216197833163;0,6262181898655048;0,4914423807953622;0,4333243243243243;0,0169196152828024;0,6655329956518113;0,2034506560974848;0,2535889871545667;0,0073855243722304;0,0034305317324185;0,0141843971631205;0,0360222781171397;0,0381062355658198;0,0010068358857506;0,012299771167048;0,0211640211640211;0,0;0,5850216197833163;0,7484601848041987;0,5850216197833163;0,6262181898655048;0,4914423807953622;0,4333243243243243;0,0169196152828024;0,6655329956518113;0,2034506560974848;0,2535889871545667;0,0073855243722304;0,0034305317324185;0,0141843971631205;0,0360222781171397;0,0381062355658198;0,0010068358857506;0,012299771167048;0,0211640211640211;0,0
UNSW-NB15;C&W;gaussian;8;15;1024;2;73,042194200214;171,64471669960767;0,0;0,6187266190545596;0,7744861378996681;0,6187266190545596;0,6582964797431543;0,5312442885195009;0,3983783783783783;0,0172284478955263;0,6672471785493916;0,2073934368856426;0,2753574848820003;0,053175775480059;0,0137221269296741;0,0139398385913426;0,0255120373697448;0,0491586935004948;0,0015367495098298;0,0168764302059496;0,0264550264550264;0,0;0,6187266190545596;0,7744861378996681;0,6187266190545596;0,6582964797431543;0,5312442885195009;0,3983783783783783;0,0172284478955263;0,6672471785493916;0,2073934368856426;0,2753574848820003;0,053175775480059;0,0137221269296741;0,0139398385913426;0,0255120373697448;0,0491586935004948;0,0015367495098298;0,0168764302059496;0,0264550264550264;0,0
UNSW-NB15;C&W;gaussian;8;15;1024;3;59,711982999928296;174,85145379975438;0,0;0,6187266190545596;0,7744861378996681;0,6187266190545596;0,6582964797431543;0,5312442885195009;0,3983783783783783;0,0172284478955263;0,6672632049400506;0,207401007728835;0,2753574848820003;0,053175775480059;0,0137221269296741;0,0139398385913426;0,0255120373697448;0,0491586935004948;0,0015367495098298;0,0168764302059496;0,0264550264550264;0,0;0,6187266190545596;0,7744861378996681;0,6187266190545596;0,6582964797431543;0,5312442885195009;0,3983783783783783;0,0172284478955263;0,6672632049400506;0,207401007728835;0,2753574848820003;0,053175775480059;0,0137221269296741;0,0139398385913426;0,0255120373697448;0,0491586935004948;0,0015367495098298;0,0168764302059496;0,0264550264550264;0,0
UNSW-NB15;C&W;gaussian;8;15;2048;2;58,74681439995766;172,214083599858;0,0;0,6187266190545596;0,7744861378996681;0,6187266190545596;0,6582964797431543;0,5312442885195009;0,3983783783783783;0,0172284478955263;0,6672632049400506;0,207401007728835;0,2753574848820003;0,053175775480059;0,0137221269296741;0,0139398385913426;0,0255120373697448;0,0491586935004948;0,0015367495098298;0,0168764302059496;0,0264550264550264;0,0;0,6187266190545596;0,7744861378996681;0,6187266190545596;0,6582964797431543;0,5312442885195009;0,3983783783783783;0,0172284478955263;0,6672632049400506;0,207401007728835;0,2753574848820003;0,053175775480059;0,0137221269296741;0,0139398385913426;0,0255120373697448;0,0491586935004948;0,0015367495098298;0,0168764302059496;0,0264550264550264;0,0
UNSW-NB15;C&W;gaussian;8;15;2048;3;60,0783646996133;173,29973600013182;0,0;0,6187266190545596;0,7744861378996681;0,6187266190545596;0,6582964797431543;0,5312442885195009;0,3983783783783783;0,0172284478955263;0,6672632049400506;0,207401007728835;0,2753574848820003;0,053175775480059;0,0137221269296741;0,0139398385913426;0,0255120373697448;0,0491586935004948;0,0015367495098298;0,0168764302059496;0,0264550264550264;0,0;0,6187266190545596;0,7744861378996681;0,6187266190545596;0,6582964797431543;0,5312442885195009;0,3983783783783783;0,0172284478955263;0,6672632049400506;0,207401007728835;0,2753574848820003;0,053175775480059;0,0137221269296741;0,0139398385913426;0,0255120373697448;0,0491586935004948;0,0015367495098298;0,0168764302059496;0,0264550264550264;0,0
UNSW-NB15;C&W;gaussian;8;20;1024;2;47,68693990027532;125,99936550017446;0,0;0,6259656026818248;0,748710285369907;0,6259656026818248;0,6496103284306585;0,534140661253917;0,3966486486486486;0,0221477102267713;0,6733879926990045;0,211158243968324;0,2697540707584149;0,0428360413589364;0,006861063464837;0,0102714600146735;0,0390765361121092;0,0613658858462553;0,0016957235970536;0,0225972540045766;0,0291005291005291;0,0;0,6259656026818248;0,748710285369907;0,6259656026818248;0,6496103284306585;0,534140661253917;0,3966486486486486;0,0221477102267713;0,6733879926990045;0,211158243968324;0,2697540707584149;0,0428360413589364;0,006861063464837;0,0102714600146735;0,0390765361121092;0,0613658858462553;0,0016957235970536;0,0225972540045766;0,0291005291005291;0,0
UNSW-NB15;C&W;gaussian;8;20;1024;3;48,448922000359744;128,03207780001685;0,0;0,6259534567361414;0,7486062014750358;0,6259534567361414;0,6495805248141421;0,5340938595992993;0,3966486486486486;0,0222800670607959;0,6739515654574;0,2111740005986755;0,2697491306658022;0,0428360413589364;0,006861063464837;0,0107605771582293;0,0391663672296083;0,0616958099637083;0,0016957235970536;0,022883295194508;0,0291005291005291;0,0;0,6259534567361414;0,7486062014750358;0,6259534567361414;0,6495805248141421;0,5340938595992993;0,3966486486486486;0,0222800670607959;0,6739515654574;0,2111740005986755;0,2697491306658022;0,0428360413589364;0,006861063464837;0,0107605771582293;0,0391663672296083;0,0616958099637083;0,0016957235970536;0,022883295194508;0,0291005291005291;0,0
UNSW-NB15;C&W;gaussian;8;20;2048;2;48,91497700009495;128,02827430004254;0,0;0,6259534567361414;0,7486062014750358;0,6259534567361414;0,6495805248141421;0,5340938595992993;0,3966486486486486;0,0222800670607959;0,6739473362449395;0,2111734979150346;0,2697491306658022;0,0428360413589364;0,006861063464837;0,0107605771582293;0,0391663672296083;0,0616958099637083;0,0016957235970536;0,022883295194508;0,0291005291005291;0,0;0,6259534567361414;0,7486062014750358;0,6259534567361414;0,6495805248141421;0,5340938595992993;0,3966486486486486;0,0222800670607959;0,6739473362449395;0,2111734979150346;0,2697491306658022;0,0428360413589364;0,006861063464837;0,0107605771582293;0,0391663672296083;0,0616958099637083;0,0016957235970536;0,022883295194508;0,0291005291005291;0,0
UNSW-NB15;C&W;gaussian;8;20;2048;3;48,51219750009477;130,21583630051464;0,0;0,6259534567361414;0,7486062014750358;0,6259534567361414;0,6495805248141421;0,5340938595992993;0,3966486486486486;0,0222800670607959;0,6739515654574;0,2111740005986755;0,2697491306658022;0,0428360413589364;0,006861063464837;0,0107605771582293;0,0391663672296083;0,0616958099637083;0,0016957235970536;0,022883295194508;0,0291005291005291;0,0;0,6259534567361414;0,7486062014750358;0,6259534567361414;0,6495805248141421;0,5340938595992993;0,3966486486486486;0,0222800670607959;0,6739515654574;0,2111740005986755;0,2697491306658022;0,0428360413589364;0,006861063464837;0,0107605771582293;0,0391663672296083;0,0616958099637083;0,0016957235970536;0,022883295194508;0,0291005291005291;0,0
UNSW-NB15;C&W;gaussian;10;5;1024;2;182,2439205995761;748,4151368997991;0,0;0,6011392897050964;0,7780837411225335;0,6011392897050964;0,6479277661489465;0,5141801933752259;0,4033513513513513;0,0171181505338392;0,6319122389196946;0,1655231539764324;0,2684494131638496;0,0295420974889217;0,0034305317324185;0,0124724871606749;0,0288357887172116;0,0450346420323325;0,0031794817444756;0,0125858123569794;0,0132275132275132;0,0;0,6011392897050964;0,7780837411225335;0,6011392897050964;0,6479277661489465;0,5141801933752259;0,4033513513513513;0,0171181505338392;0,6319122389196946;0,1655231539764324;0,2684494131638496;0,0295420974889217;0,0034305317324185;0,0124724871606749;0,0288357887172116;0,0450346420323325;0,0031794817444756;0,0125858123569794;0,0132275132275132;0,0
UNSW-NB15;C&W;gaussian;10;5;1024;3;186,1674049999565;762,064539199695;0,0;0,6011392897050964;0,7780837411225335;0,6011392897050964;0,6479277661489465;0,5141801933752259;0,4033513513513513;0,0171181505338392;0,6319122389196946;0,1655231539764324;0,2684494131638496;0,0295420974889217;0,0034305317324185;0,0124724871606749;0,0288357887172116;0,0450346420323325;0,0031794817444756;0,0125858123569794;0,0132275132275132;0,0;0,6011392897050964;0,7780837411225335;0,6011392897050964;0,6479277661489465;0,5141801933752259;0,4033513513513513;0,0171181505338392;0,6319122389196946;0,1655231539764324;0,2684494131638496;0,0295420974889217;0,0034305317324185;0,0124724871606749;0,0288357887172116;0,0450346420323325;0,0031794817444756;0,0125858123569794;0,0132275132275132;0,0
UNSW-NB15;C&W;gaussian;10;5;2048;2;182,9785699001513;753,5707121999003;0,0;0,6011392897050964;0,7780837411225335;0,6011392897050964;0,6479277661489465;0,5141801933752259;0,4033513513513513;0,0171181505338392;0,6319122389196946;0,1655231539764324;0,2684494131638496;0,0295420974889217;0,0034305317324185;0,0124724871606749;0,0288357887172116;0,0450346420323325;0,0031794817444756;0,0125858123569794;0,0132275132275132;0,0;0,6011392897050964;0,7780837411225335;0,6011392897050964;0,6479277661489465;0,5141801933752259;0,4033513513513513;0,0171181505338392;0,6319122389196946;0,1655231539764324;0,2684494131638496;0,0295420974889217;0,0034305317324185;0,0124724871606749;0,0288357887172116;0,0450346420323325;0,0031794817444756;0,0125858123569794;0,0132275132275132;0,0
UNSW-NB15;C&W;gaussian;10;5;2048;3;185,97634130017832;768,2377891005017;0,0;0,6011392897050964;0,7780837411225335;0,6011392897050964;0,6479277661489465;0,5141801933752259;0,4033513513513513;0,0171181505338392;0,6319122389196946;0,1655231539764324;0,2684494131638496;0,0295420974889217;0,0034305317324185;0,0124724871606749;0,0288357887172116;0,0450346420323325;0,0031794817444756;0,0125858123569794;0,0132275132275132;0,0;0,6011392897050964;0,7780837411225335;0,6011392897050964;0,6479277661489465;0,5141801933752259;0,4033513513513513;0,0171181505338392;0,6319122389196946;0,1655231539764324;0,2684494131638496;0,0295420974889217;0,0034305317324185;0,0124724871606749;0,0288357887172116;0,0450346420323325;0,0031794817444756;0,0125858123569794;0,0132275132275132;0,0
UNSW-NB15;C&W;gaussian;10;10;1024;2;97,80799210024998;331,0903988000937;0,0;0,605013846378079;0,756243085830306;0,605013846378079;0,6443676510224952;0,5134370561714219;0,4034054054054054;0,0168534368657901;0,6492078222368891;0,1724520827294783;0,2686956401081736;0,0295420974889217;0,006861063464837;0,0112496943017852;0,0281171397772188;0,0475090729132299;0,0020666631339091;0,0137299771167048;0,0158730158730158;0,0;0,605013846378079;0,756243085830306;0,605013846378079;0,6443676510224952;0,5134370561714219;0,4034054054054054;0,0168534368657901;0,6492078222368891;0,1724520827294783;0,2686956401081736;0,0295420974889217;0,006861063464837;0,0112496943017852;0,0281171397772188;0,0475090729132299;0,0020666631339091;0,0137299771167048;0,0158730158730158;0,0
UNSW-NB15;C&W;gaussian;10;10;1024;3;100,22759320028126;335,8823428992182;0,0;0,605013846378079;0,756243085830306;0,605013846378079;0,6443676510224952;0,5134370561714219;0,4034054054054054;0,0168534368657901;0,6492078222368891;0,1724520827294783;0,2686956401081736;0,0295420974889217;0,006861063464837;0,0112496943017852;0,0281171397772188;0,0475090729132299;0,0020666631339091;0,0137299771167048;0,0158730158730158;0,0;0,605013846378079;0,756243085830306;0,605013846378079;0,6443676510224952;0,5134370561714219;0,4034054054054054;0,0168534368657901;0,6492078222368891;0,1724520827294783;0,2686956401081736;0,0295420974889217;0,006861063464837;0,0112496943017852;0,0281171397772188;0,0475090729132299;0,0020666631339091;0,0137299771167048;0,0158730158730158;0,0
UNSW-NB15;C&W;gaussian;10;10;2048;2;98,60612950008364;332,2587962006219;0,0;0,605013846378079;0,756243085830306;0,605013846378079;0,6443676510224952;0,5134370561714219;0,4034054054054054;0,0168534368657901;0,6492078222368891;0,1724520827294783;0,2686956401081736;0,0295420974889217;0,006861063464837;0,0112496943017852;0,0281171397772188;0,0475090729132299;0,0020666631339091;0,0137299771167048;0,0158730158730158;0,0;0,605013846378079;0,756243085830306;0,605013846378079;0,6443676510224952;0,5134370561714219;0,4034054054054054;0,0168534368657901;0,6492078222368891;0,1724520827294783;0,2686956401081736;0,0295420974889217;0,006861063464837;0,0112496943017852;0,0281171397772188;0,0475090729132299;0,0020666631339091;0,0137299771167048;0,0158730158730158;0,0
UNSW-NB15;C&W;gaussian;10;10;2048;3;99,37747830012812;337,4377960995771;0,0;0,605013846378079;0,756243085830306;0,605013846378079;0,6443676510224952;0,5134370561714219;0,4034054054054054;0,0168534368657901;0,6492078222368891;0,1724520827294783;0,2686956401081736;0,0295420974889217;0,006861063464837;0,0112496943017852;0,0281171397772188;0,0475090729132299;0,0020666631339091;0,0137299771167048;0,0158730158730158;0,0;0,605013846378079;0,756243085830306;0,605013846378079;0,6443676510224952;0,5134370561714219;0,4034054054054054;0,0168534368657901;0,6492078222368891;0,1724520827294783;0,2686956401081736;0,0295420974889217;0,006861063464837;0,0112496943017852;0,0281171397772188;0,0475090729132299;0,0020666631339091;0,0137299771167048;0,0158730158730158;0,0
UNSW-NB15;C&W;gaussian;10;15;1024;2;89,55324640031904;207,5489647993818;0,0;0,6189816839139095;0,7513010230734134;0,6189816839139095;0,6477237007171471;0,5266529294560613;0,4011081081081081;0,0203388334951027;0,647218132132097;0,1849940492283949;0,2734746744548782;0,0679468242245199;0,0120068610634648;0,0178527757397896;0,0362019403521379;0,0517980864401187;0,0015897408722378;0,0125858123569794;0,0105820105820105;0,0227272727272727;0,6189816839139095;0,7513010230734134;0,6189816839139095;0,6477237007171471;0,5266529294560613;0,4011081081081081;0,0203388334951027;0,647218132132097;0,1849940492283949;0,2734746744548782;0,0679468242245199;0,0120068610634648;0,0178527757397896;0,0362019403521379;0,0517980864401187;0,0015897408722378;0,0125858123569794;0,0105820105820105;0,0227272727272727
UNSW-NB15;C&W;gaussian;10;15;1024;3;84,82718899985775;215,80268390057608;0,0;0,6189816839139095;0,7513010230734134;0,6189816839139095;0,6477237007171471;0,5266529294560613;0,4011081081081081;0,0203388334951027;0,647218132132097;0,1849940492283949;0,2734746744548782;0,0679468242245199;0,0120068610634648;0,0178527757397896;0,0362019403521379;0,0517980864401187;0,0015897408722378;0,0125858123569794;0,0105820105820105;0,0227272727272727;0,6189816839139095;0,7513010230734134;0,6189816839139095;0,6477237007171471;0,5266529294560613;0,4011081081081081;0,0203388334951027;0,647218132132097;0,1849940492283949;0,2734746744548782;0,0679468242245199;0,0120068610634648;0,0178527757397896;0,0362019403521379;0,0517980864401187;0,0015897408722378;0,0125858123569794;0,0105820105820105;0,0227272727272727
UNSW-NB15;C&W;gaussian;10;15;2048;2;92,79703289968892;204,70420599961653;0,0;0,6189816839139095;0,7513010230734134;0,6189816839139095;0,6477237007171471;0,5266529294560613;0,4011081081081081;0,0203388334951027;0,647218132132097;0,1849940492283949;0,2734746744548782;0,0679468242245199;0,0120068610634648;0,0178527757397896;0,0362019403521379;0,0517980864401187;0,0015897408722378;0,0125858123569794;0,0105820105820105;0,0227272727272727;0,6189816839139095;0,7513010230734134;0,6189816839139095;0,6477237007171471;0,5266529294560613;0,4011081081081081;0,0203388334951027;0,647218132132097;0,1849940492283949;0,2734746744548782;0,0679468242245199;0,0120068610634648;0,0178527757397896;0,0362019403521379;0,0517980864401187;0,0015897408722378;0,0125858123569794;0,0105820105820105;0,0227272727272727
UNSW-NB15;C&W;gaussian;10;15;2048;3;72,11664979998022;206,8528032996692;0,0;0,6189816839139095;0,7513010230734134;0,6189816839139095;0,6477237007171471;0,5266529294560613;0,4011081081081081;0,0203388334951027;0,647218132132097;0,1849940492283949;0,2734746744548782;0,0679468242245199;0,0120068610634648;0,0178527757397896;0,0362019403521379;0,0517980864401187;0,0015897408722378;0,0125858123569794;0,0105820105820105;0,0227272727272727;0,6189816839139095;0,7513010230734134;0,6189816839139095;0,6477237007171471;0,5266529294560613;0,4011081081081081;0,0203388334951027;0,647218132132097;0,1849940492283949;0,2734746744548782;0,0679468242245199;0,0120068610634648;0,0178527757397896;0,0362019403521379;0,0517980864401187;0,0015897408722378;0,0125858123569794;0,0105820105820105;0,0227272727272727
UNSW-NB15;C&W;gaussian;10;20;1024;2;56,95269670011476;139,24054699996486;0,0;0,628103289122091;0,7415222748670829;0,628103289122091;0,656094646612922;0,5358931591088938;0,3931081081081081;0,0231403864819553;0,6692795258120915;0,1957486602354606;0,2776062229999526;0,0339734121122599;0,0085763293310463;0,0200538028857911;0,038896873877111;0,0636753546684262;0,0018546976842774;0,0231693363844393;0,0105820105820105;0,0;0,628103289122091;0,7415222748670829;0,628103289122091;0,656094646612922;0,5358931591088938;0,3931081081081081;0,0231403864819553;0,6692795258120915;0,1957486602354606;0,2776062229999526;0,0339734121122599;0,0085763293310463;0,0200538028857911;0,038896873877111;0,0636753546684262;0,0018546976842774;0,0231693363844393;0,0105820105820105;0,0
UNSW-NB15;C&W;gaussian;10;20;1024;3;58,90021499991417;140,93267530063167;0,0;0,628103289122091;0,7415222748670829;0,628103289122091;0,656094646612922;0,5358931591088938;0,3931081081081081;0,0231403864819553;0,6692795773803748;0,1957491942699662;0,2776062229999526;0,0339734121122599;0,0085763293310463;0,0200538028857911;0,038896873877111;0,0636753546684262;0,0018546976842774;0,0231693363844393;0,0105820105820105;0,0;0,628103289122091;0,7415222748670829;0,628103289122091;0,656094646612922;0,5358931591088938;0,3931081081081081;0,0231403864819553;0,6692795773803748;0,1957491942699662;0,2776062229999526;0,0339734121122599;0,0085763293310463;0,0200538028857911;0,038896873877111;0,0636753546684262;0,0018546976842774;0,0231693363844393;0,0105820105820105;0,0
UNSW-NB15;C&W;gaussian;10;20;2048;2;57,68025299999863;139,42826030030847;0,0;0,628103289122091;0,7415222748670829;0,628103289122091;0,656094646612922;0,5358931591088938;0,3931081081081081;0,0231403864819553;0,6692795773803748;0,1957491942699662;0,2776062229999526;0,0339734121122599;0,0085763293310463;0,0200538028857911;0,038896873877111;0,0636753546684262;0,0018546976842774;0,0231693363844393;0,0105820105820105;0,0;0,628103289122091;0,7415222748670829;0,628103289122091;0,656094646612922;0,5358931591088938;0,3931081081081081;0,0231403864819553;0,6692795773803748;0,1957491942699662;0,2776062229999526;0,0339734121122599;0,0085763293310463;0,0200538028857911;0,038896873877111;0,0636753546684262;0,0018546976842774;0,0231693363844393;0,0105820105820105;0,0
UNSW-NB15;C&W;gaussian;10;20;2048;3;57,91800190042704;140,2097179000266;0,0;0,628103289122091;0,7415222748670829;0,628103289122091;0,656094646612922;0,5358931591088938;0,3931081081081081;0,0231403864819553;0,6692795773803748;0,1957491942699662;0,2776062229999526;0,0339734121122599;0,0085763293310463;0,0200538028857911;0,038896873877111;0,0636753546684262;0,0018546976842774;0,0231693363844393;0,0105820105820105;0,0;0,628103289122091;0,7415222748670829;0,628103289122091;0,656094646612922;0,5358931591088938;0,3931081081081081;0,0231403864819553;0,6692795773803748;0,1957491942699662;0,2776062229999526;0,0339734121122599;0,0085763293310463;0,0200538028857911;0,038896873877111;0,0636753546684262;0,0018546976842774;0,0231693363844393;0,0105820105820105;0,0
UNSW-NB15;FGSM;linear;1;5;1024;2;6,065199851989746;74,29631972312927;-12,977942962639071;0,0635840256522372;0,7952015100398077;0,0635840256522372;0,056869434507387;-0,0066639696709009;0,9617027027027027;0,0001323568340245;0,6796465153318774;0,1724858702226807;0,0311804956408179;0,0;0,0;0,0;0,0003593244699964;0,0003299241174529;0,0;0,0;0,0;0,0;0,193363455278628;0,5555195494403974;0,193363455278628;0,2396133374695063;0,0734346396194248;0,6379189189189189;0,1333274508073766;0,5561662621445258;0,1618060259321467;0,0698276697321275;0,0103397341211226;0,0308747855917667;0,0684764000978234;0,2391304347826087;0,3310788518640712;0,0067299030258067;0,2368421052631578;0,2592592592592592;0,3863636363636363
UNSW-NB15;RANDOM_LINF;linear;1;5;1024;2;6,065199851989746;64,42893815040588;-8,974639265413206;0,0635840256522372;0,7952015100398077;0,0635840256522372;0,056869434507387;-0,0066639696709009;0,9617027027027027;0,0001323568340245;0,6796465153318774;0,1724858702226807;0,0311804956408179;0,0;0,0;0,0;0,0003593244699964;0,0003299241174529;0,0;0,0;0,0;0,0;0,1533304183063693;0,5043713933691273;0,1533304183063693;0,1826083871959894;0,0290853340883413;0,7525135135135135;0,1815494573369805;0,5843869288478634;0,1242976996536925;0,0615485832436197;0,0398818316100443;0,0531732418524871;0,1391538273416483;0,3718109953287818;0,3269548003959089;0,0200837263526045;0,2808924485125858;0,2698412698412698;0,4318181818181818
UNSW-NB15;RANDOM_L2;linear;1;5;1024;2;6,065199851989746;63,55630326271057;-9,709468979254726;0,0635840256522372;0,7952015100398077;0,0635840256522372;0,056869434507387;-0,0066639696709009;0,9617027027027027;0,0001323568340245;0,6796465153318774;0,1724858702226807;0,0311804956408179;0,0;0,0;0,0;0,0003593244699964;0,0003299241174529;0,0;0,0;0,0;0,0;0,1606787154447845;0,4998243576794986;0,1606787154447845;0,1913016801467912;0,0331872798800021;0,7427837837837837;0,1886305479572928;0,5930327681696286;0,1253365350470192;0,0652648169403687;0,0443131462333825;0,0617495711835334;0,1420885302029836;0,3748652533237513;0,3282744968657209;0,034338402840337;0,2768878718535469;0,2777777777777778;0,4545454545454545
UNSW-NB15;FGSM;linear;1;5;1024;3;5,956011295318604;84,87536334991455;-2,596803187096147;0,0999611329738133;0,7544960263845775;0,0999611329738133;0,1413022817334437;0,0475228024083815;0,8795675675675676;0,001102973616871;0,6705584680813681;0,1704561119230126;0,0609455220627754;0,0;0,0;0,0019564685742235;0,003593244699964;0,0003299241174529;0,0;0,0;0,0;0,0;0,1259291648447748;0,5798639976506356;0,1259291648447748;0,1768409865151929;0,0515682042223522;0,7919459459459459;0,0689579105267802;0,5130282182768349;0,1575171507469681;0,0583851652164516;0,0059084194977843;0,0205831903945111;0,041330398630472;0,0942328422565576;0,2040580666446717;0,0131948492395739;0,0989702517162471;0,119047619047619;0,3409090909090909
UNSW-NB15;RANDOM_LINF;linear;1;5;1024;3;5,956011295318604;71,04498982429504;-1,9117718505562848;0,0999611329738133;0,7544960263845775;0,0999611329738133;0,1413022817334437;0,0475228024083815;0,8795675675675676;0,001102973616871;0,6705584680813681;0,1704561119230126;0,0609455220627754;0,0;0,0;0,0019564685742235;0,003593244699964;0,0003299241174529;0,0;0,0;0,0;0,0;0,1190788514793761;0,5308145733809959;0,1190788514793761;0,1515458713586072;0,0347923906468431;0,833;0,1050251477984646;0,5670878616589812;0,1247126874915554;0,0573853212160224;0,0251107828655834;0,0240137221269296;0,074101247248716;0,2081386992454186;0,1791487957769713;0,0217264585872502;0,1556064073226544;0,1534391534391534;0,2727272727272727
UNSW-NB15;RANDOM_L2;linear;1;5;1024;3;5,956011295318604;67,53189301490784;-2,64903075353447;0,0999611329738133;0,7544960263845775;0,0999611329738133;0,1413022817334437;0,0475228024083815;0,8795675675675676;0,001102973616871;0,6705584680813681;0,1704561119230126;0,0609455220627754;0,0;0,0;0,0019564685742235;0,003593244699964;0,0003299241174529;0,0;0,0;0,0;0,0;0,126451440509158;0,5207805384040166;0,126451440509158;0,1600580209455652;0,0369027084417769;0,8218378378378378;0,1176872849201447;0,5773030410222292;0,1254990960524727;0,0607278653757119;0,0251107828655834;0,039451114922813;0,0819271215456101;0,2099353215954006;0,1831078851864071;0,0462614593821207;0,1630434782608695;0,1507936507936507;0,2954545454545454
UNSW-NB15;FGSM;linear;1;5;2048;2;5,89399266242981;75,27832841873169;-11,674682990817663;0,0635840256522372;0,7952015100398077;0,0635840256522372;0,056869434507387;-0,0066639696709009;0,9617027027027027;0,0001323568340245;0,6703721556312374;0,1704590190496064;0,0311804956408179;0,0;0,0;0,0;0,0003593244699964;0,0003299241174529;0,0;0,0;0,0;0,0;0,1803308555604139;0,5536197173371012;0,1803308555604139;0,2274332211927475;0,0665047257087052;0,6663513513513514;0,1253860407659048;0,5317638540615137;0,1608414785756676;0,0668865947318848;0,0103397341211226;0,0274442538593482;0,0628515529469307;0,2213438735177865;0,3032002639392939;0,0146786073869959;0,2036613272311213;0,2539682539682539;0,3863636363636363
UNSW-NB15;RANDOM_LINF;linear;1;5;2048;2;5,89399266242981;65,14888453483582;-8,649127921099936;0,0635840256522372;0,7952015100398077;0,0635840256522372;0,056869434507387;-0,0066639696709009;0,9617027027027027;0,0001323568340245;0,6703721556312374;0,1704590190496064;0,0311804956408179;0,0;0,0;0,0;0,0003593244699964;0,0003299241174529;0,0;0,0;0,0;0,0;0,1500753048632366;0,5056301511757757;0,1500753048632366;0,1793810557397508;0,0291130993740724;0,7601081081081081;0,1743801288273184;0,5682912701746754;0,1275173630103123;0,0608861665056446;0,0398818316100443;0,0497427101200686;0,1301051601858645;0,3486345670140136;0,3157373804025074;0,0241640612580149;0,2708810068649885;0,2645502645502645;0,4318181818181818
UNSW-NB15;RANDOM_L2;linear;1;5;2048;2;5,89399266242981;64,51034164428711;-9,258854394403148;0,0635840256522372;0,7952015100398077;0,0635840256522372;0,056869434507387;-0,0066639696709009;0,9617027027027027;0,0001323568340245;0,6703721556312374;0,1704590190496064;0,0311804956408179;0,0;0,0;0,0;0,0003593244699964;0,0003299241174529;0,0;0,0;0,0;0,0;0,1561725695962687;0,4989764952950761;0,1561725695962687;0,186332673519675;0,0319097960724546;0,7527297297297297;0,1824980146474896;0,5780596436281187;0,1284034638189768;0,0641352503635311;0,0413589364844904;0,0548885077186964;0,1305942773294204;0,3478260869565217;0,3150775321676014;0,0441418048858036;0,2697368421052631;0,2671957671957672;0,4545454545454545
UNSW-NB15;FGSM;linear;1;5;2048;3;5,9228034019470215;75,19369649887085;-12,06213865811592;0,0635840256522372;0,7952015100398077;0,0635840256522372;0,056869434507387;-0,0066639696709009;0,9617027027027027;0,0001323568340245;0,6703570353286037;0,1704526295146336;0,0311804956408179;0,0;0,0;0,0;0,0003593244699964;0,0003299241174529;0,0;0,0;0,0;0,0;0,1842054122333964;0,5484925646245726;0,1842054122333964;0,2244914365975227;0,0627887592639551;0,6441351351351351;0,1399011735639283;0,5296750391224585;0,1594713071391621;0,0637731177854816;0,0103397341211226;0,0343053173241852;0,0704328686720469;0,2406575637800934;0,3343780930386011;0,0149965555614434;0,2620137299771167;0,2777777777777778;0,3863636363636363
UNSW-NB15;RANDOM_LINF;linear;1;5;2048;3;5,9228034019470215;65,63373494148254;-8,821600349803235;0,0635840256522372;0,7952015100398077;0,0635840256522372;0,056869434507387;-0,0066639696709009;0,9617027027027027;0,0001323568340245;0,6703570353286037;0,1704526295146336;0,0311804956408179;0,0;0,0;0,0;0,0003593244699964;0,0003299241174529;0,0;0,0;0,0;0,0;0,1518000291502696;0,5025887171855689;0,1518000291502696;0,1805156484727629;0,0272846069377234;0,751;0,1849686755492808;0,5662752555816674;0,1266440207215863;0,0600924653998091;0,0398818316100443;0,0531732418524871;0,1398875030569821;0,3711821775062882;0,3281095348069944;0,0281384134386095;0,2808924485125858;0,2698412698412698;0,4318181818181818
UNSW-NB15;RANDOM_L2;linear;1;5;2048;3;5,9228034019470215;64,51760220527649;-9,51877763202643;0,0635840256522372;0,7952015100398077;0,0635840256522372;0,056869434507387;-0,0066639696709009;0,9617027027027027;0,0001323568340245;0,6703570353286037;0,1704526295146336;0,0311804956408179;0,0;0,0;0,0;0,0003593244699964;0,0003299241174529;0,0;0,0;0,0;0,0;0,1587718019725015;0,4946714733713104;0,1587718019725015;0,1878957220138675;0,0297482850027879;0,7407027027027027;0,1962851848583781;0,5760706909007549;0,1273031546848381;0,0632999194447968;0,0443131462333825;0,0617495711835334;0,1430667644900953;0,3750449155587495;0,3307489277466183;0,0515605956229134;0,2771739130434782;0,2777777777777778;0,4545454545454545
UNSW-NB15;FGSM;linear;1;10;1024;2;3,974163055419922;42,84256362915039;-13,892532672593887;0,0677986688043531;0,7948549173250767;0,0677986688043531;0,0565180816639;-0,0202799780768396;0,9618378378378378;0,0001323568340245;0,6537312854100381;0,1708379832733703;0,0313151993332002;0,0;0,0;0,0;0,0003593244699964;0,0003299241174529;0,0;0,0;0,0;0,0;0,206723995530292;0,557830613010397;0,206723995530292;0,2369318315354503;0,0504624988218746;0,6684594594594595;0,123091855642813;0,5691335960219868;0,1625411265301518;0,0776488818118086;0,0103397341211226;0,0240137221269296;0,0557593543653705;0,2172116421128279;0,2999010227647641;0,0146786073869959;0,2016590389016018;0,2539682539682539;0,3863636363636363
UNSW-NB15;RANDOM_LINF;linear;1;10;1024;2;3,974163055419922;34,82469630241394;-10,143079240149635;0,0677986688043531;0,7948549173250767;0,0677986688043531;0,0565180816639;-0,0202799780768396;0,9618378378378378;0,0001323568340245;0,6537312854100381;0,1708379832733703;0,0313151993332002;0,0;0,0;0,0;0,0003593244699964;0,0003299241174529;0,0;0,0;0,0;0,0;0,1692294612058494;0,5322092650799958;0,1692294612058494;0,1863880222443972;0,0231712754905421;0,7634054054054054;0,1712256242830671;0,5572204407394193;0,1306382618606681;0,0672651249358324;0,0398818316100443;0,0497427101200686;0,1257031058938615;0,3388429752066115;0,3053447707027383;0,0267076466535954;0,2705949656750572;0,2645502645502645;0,4318181818181818
UNSW-NB15;RANDOM_L2;linear;1;10;1024;2;3,974163055419922;34,28456163406372;-10,613127338094545;0,0677986688043531;0,7948549173250767;0,0677986688043531;0,0565180816639;-0,0202799780768396;0,9618378378378378;0,0001323568340245;0,6537312854100381;0,1708379832733703;0,0313151993332002;0,0;0,0;0,0;0,0003593244699964;0,0003299241174529;0,0;0,0;0,0;0,0;0,1739299421852985;0,5305904854081497;0,1739299421852985;0,1918768666576913;0,0244365841943586;0,7572432432432432;0,1805788405541339;0,5607596290470929;0,1306320178367454;0,0699853336042147;0,0413589364844904;0,0514579759862778;0,1242357544631939;0,3379446640316205;0,3063345430550973;0,0497588893010439;0,2691647597254004;0,2671957671957672;0,4545454545454545
UNSW-NB15;FGSM;linear;1;10;1024;3;4,009166479110718;44,178497314453125;-2,534858864111156;0,3203250255064859;0,8239450285641072;0,3203250255064859;0,3644730975891596;0,2912623163631774;0,878945945945946;0,001102973616871;0,6756573214163573;0,1822640905942035;0,1607661572620136;0,0;0,0;0,0019564685742235;0,003593244699964;0,0003299241174529;0,0;0,0;0,0;0,0;0,3456736141475975;0,5312192185786772;0,3456736141475975;0,3876468337362855;0,2522521525025997;0,7455675675675676;0,1184593664519544;0,5339037208068935;0,1714300891843892;0,1512771920120431;0,0103397341211226;0,0205831903945111;0,0626069943751528;0,2206252245777937;0,3159023424612339;0,005087170791161;0,1550343249427917;0,201058201058201;0,2272727272727272
UNSW-NB15;RANDOM_LINF;linear;1;10;1024;3;4,009166479110718;35,75115942955017;10,970218141184471;0,3203250255064859;0,8239450285641072;0,3203250255064859;0,3644730975891596;0,2912623163631774;0,878945945945946;0,001102973616871;0,6756573214163573;0,1822640905942035;0,1607661572620136;0,0;0,0;0,0019564685742235;0,003593244699964;0,0003299241174529;0,0;0,0;0,0;0,0;0,2106228440946412;0,464814238182152;0,2106228440946412;0,2684880318645943;0,0909844826016654;0,7414864864864865;0,1745345451336804;0,5548463498621714;0,1360200676422877;0,1002495267016305;0,0384047267355982;0,0514579759862778;0,1318170701883101;0,3463887890765361;0,3183767733421313;0,0246939748820942;0,2708810068649885;0,2645502645502645;0,4090909090909091
UNSW-NB15;RANDOM_L2;linear;1;10;1024;3;4,009166479110718;36,04371523857117;10,48073653014624;0,3203250255064859;0,8239450285641072;0,3203250255064859;0,3644730975891596;0,2912623163631774;0,878945945945946;0,001102973616871;0,6756573214163573;0,1822640905942035;0,1607661572620136;0,0;0,0;0,0019564685742235;0,003593244699964;0,0003299241174529;0,0;0,0;0,0;0,0;0,2155176602050235;0,4628771455034155;0,2155176602050235;0,2732404986861513;0,0933307864684035;0,7358918918918919;0,1813729815582811;0,5563800143829281;0,1360639152790355;0,1026260303935091;0,0428360413589364;0,0617495711835334;0,1342626559060895;0,3456701401365433;0,3180468492246783;0,0413862540405913;0,2654462242562929;0,2751322751322751;0,4318181818181818
UNSW-NB15;FGSM;linear;1;10;2048;2;3,673734188079834;39,38855886459351;-12,363358111062528;0,0876937278336491;0,7210790555213233;0,0876937278336491;0,0915560576929136;-0,0045475977622404;0,9166216216216216;0,0001764757786993;0,6671593501727155;0,1747189547417826;0,0389340177382649;0,0;0,0;0,0;0,0005389867049946;0,0003299241174529;0,0;0,0;0,0;0,0;0,2113273089442744;0,5208226198413791;0,2113273089442744;0,2331082559427059;0,0358726386902716;0,6542432432432432;0,1847039618812318;0,5688839945127329;0,1547621912956718;0,0762822029284149;0,0103397341211226;0,0274442538593482;0,1137197358767424;0,4180740208408192;0,3228307489277466;0,0233161994594881;0,2045194508009153;0,2619047619047619;0,4545454545454545
UNSW-NB15;RANDOM_LINF;linear;1;10;2048;2;3,673734188079834;26,88283443450928;-18,827430403731235;0,0876937278336491;0,7210790555213233;0,0876937278336491;0,0915560576929136;-0,0045475977622404;0,9166216216216216;0,0001764757786993;0,6671593501727155;0,1747189547417826;0,0389340177382649;0,0;0,0;0,0;0,0005389867049946;0,0003299241174529;0,0;0,0;0,0;0,0;0,2759680318709614;0,523408574520943;0,2759680318709614;0,2829014860985527;0,0835745245480727;0,499081081081081;0,2569928527309627;0,5765980361533088;0,1367202748892947;0,0876420493550388;0,0664697193500738;0,0686106346483705;0,1961359745659085;0,5241645706072584;0,4605740679643682;0,0296221715860314;0,4041762013729977;0,3677248677248677;0,5681818181818182
UNSW-NB15;RANDOM_L2;linear;1;10;2048;2;3,673734188079834;27,10228657722473;-19,1675168828645;0,0876937278336491;0,7210790555213233;0,0876937278336491;0,0915560576929136;-0,0045475977622404;0,9166216216216216;0,0001764757786993;0,6671593501727155;0,1747189547417826;0,0389340177382649;0,0;0,0;0,0;0,0005389867049946;0,0003299241174529;0,0;0,0;0,0;0,0;0,2793688966622941;0,5352745652001794;0,2793688966622941;0,2862538104649089;0,0838351405444368;0,4947297297297297;0,2663460690020294;0,5806360142861493;0,1369133013623372;0,0895107767536995;0,0709010339734121;0,0686106346483705;0,1929567131327953;0,5254222062522458;0,4704717914879577;0,0481161570663981;0,4027459954233409;0,4021164021164021;0,6363636363636364
UNSW-NB15;FGSM;linear;1;10;2048;3;3,682638883590698;42,57088708877564;-12,752028372929114;0,0836977117038332;0,7675449638742559;0,0836977117038332;0,0935327366794496;0,0109397840932517;0,917108108108108;0,0001323568340245;0,6585533517471343;0,1694105917494444;0,0428977004153092;0,0;0,0;0,0;0,0003593244699964;0,0003299241174529;0,0;0,0;0,0;0,0;0,2112179954331244;0,5630317283419132;0,2112179954331244;0,2384323820747555;0,0939692910005548;0,6544054054054054;0,1236874613959234;0,5504782312390978;0,1556677541035501;0,0762390699221946;0,0103397341211226;0,0257289879931389;0,0538028857911469;0,2135285662953647;0,2858792477730122;0,013883736950877;0,2540045766590389;0,2486772486772486;0,25
UNSW-NB15;RANDOM_LINF;linear;1;10;2048;3;3,682638883590698;36,24471950531006;-7,478258757226837;0,0836977117038332;0,7675449638742559;0,0836977117038332;0,0935327366794496;0,0109397840932517;0,917108108108108;0,0001323568340245;0,6585533517471343;0,1694105917494444;0,0428977004153092;0,0;0,0;0,0;0,0003593244699964;0,0003299241174529;0,0;0,0;0,0;0,0;0,1584802992761016;0,4966227574235273;0,1584802992761016;0,1807616456366845;0,0315525109965632;0,7548108108108108;0,1753948645548398;0,5512454363591669;0,11872360380418;0,0615906660109181;0,0398818316100443;0,0531732418524871;0,1283932501834189;0,3528566295364714;0,3101286704058066;0,0272905516400826;0,2648741418764302;0,2645502645502645;0,4318181818181818
UNSW-NB15;RANDOM_L2;linear;1;10;2048;3;3,682638883590698;37,09479784965515;-8,09648739250838;0,0836977117038332;0,7675449638742559;0,0836977117038332;0,0935327366794496;0,0109397840932517;0,917108108108108;0,0001323568340245;0,6585533517471343;0,1694105917494444;0,0428977004153092;0,0;0,0;0,0;0,0003593244699964;0,0003299241174529;0,0;0,0;0,0;0,0;0,164662585628917;0,4914406873655477;0,164662585628917;0,1878379343240455;0,0340230278980992;0,7464594594594595;0,1856966381364157;0,5603839132889818;0,1197083520993052;0,0649676264627509;0,0428360413589364;0,0531732418524871;0,1296160430423086;0,3537549407114624;0,3111184427581656;0,0517725610725451;0,2600114416475972;0,2645502645502645;0,4090909090909091
UNSW-NB15;FGSM;linear;1;15;1024;2;2,934243440628052;27,430052042007446;-12,784822426274111;0,0867584900160326;0,7893035736039717;0,0867584900160326;0,0991402276454957;0,0126621297984096;0,9087837837837838;0,0013676872849201;0,6395652019304996;0,1595738149810191;0,0431837331119485;0,001477104874446;0,0;0,0068476400097823;0,0016169601149838;0,0018145826459914;0,0;0,000858123569794;0,0026455026455026;0,0;0,2146067142787737;0,553653537977813;0,2146067142787737;0,2397926880854035;0,0929057550505573;0,644972972972973;0,1337024618371128;0,5488179171598305;0,1533439442174679;0,0753432897565059;0,0103397341211226;0,0308747855917667;0,0611396429444852;0,2361660079051383;0,3322335862751567;0,0066769116633988;0,2568649885583524;0,2698412698412698;0,3863636363636363
UNSW-NB15;RANDOM_LINF;linear;1;15;1024;2;2,934243440628052;24,33986210823059;-7,619151727153475;0,0867584900160326;0,7893035736039717;0,0867584900160326;0,0991402276454957;0,0126621297984096;0,9087837837837838;0,0013676872849201;0,6395652019304996;0,1595738149810191;0,0431837331119485;0,001477104874446;0,0;0,0068476400097823;0,0016169601149838;0,0018145826459914;0,0;0,000858123569794;0,0026455026455026;0,0;0,1629500072875674;0,5082496239012627;0,1629500072875674;0,1855256785862559;0,0335500373395097;0,746;0,1787699638224653;0,5537807449860175;0,1182466239197418;0,0637995290632945;0,0398818316100443;0,0531732418524871;0,1335289801907556;0,3683075817463169;0,3254701418673705;0,0173281755073922;0,2800343249427917;0,2698412698412698;0,4318181818181818
UNSW-NB15;RANDOM_L2;linear;1;15;1024;2;2,934243440628052;24,044039487838745;-8,277461983190012;0,0867584900160326;0,7893035736039717;0,0867584900160326;0,0991402276454957;0,0126621297984096;0,9087837837837838;0,0013676872849201;0,6395652019304996;0,1595738149810191;0,0431837331119485;0,001477104874446;0,0;0,0068476400097823;0,0016169601149838;0,0018145826459914;0,0;0,000858123569794;0,0026455026455026;0,0;0,1695331098479327;0,5051632807761809;0,1695331098479328;0,1934755672722454;0,0382012540080274;0,7373513513513513;0,1835568693196858;0,5590926862366341;0,119539509789247;0,0671009833989139;0,0443131462333825;0,0548885077186964;0,1352408901932012;0,3715415019762846;0,3262949521610029;0,0266546552911875;0,2757437070938215;0,2777777777777778;0,4545454545454545
UNSW-NB15;FGSM;linear;1;15;1024;3;3,125679016113281;32,935296297073364;-12,018413253655927;0,067907982315503;0,7629260285110535;0,067907982315503;0,0571571587113471;-0,0199230622428986;0,9608108108108108;0,0001323568340245;0,6579436070916465;0,1718772178254451;0,0318843780277972;0,0;0,0;0,0;0,0003593244699964;0,0003299241174529;0,0;0,0;0,0;0,0;0,1880921148520623;0,5424622816943199;0,1880921148520623;0,2084202257336974;0,0378032995210288;0,7336756756756757;0,1210844436601076;0,5698520422316149;0,1529524393339846;0,0688401657986271;0,0103397341211226;0,0222984562607204;0,0763022743947175;0,2223320158102766;0,3121082151105245;0,0081076784484129;0,1556064073226544;0,201058201058201;0,3863636363636363
UNSW-NB15;RANDOM_LINF;linear;1;15;1024;3;3,125679016113281;29,233723402023315;-9,694893844434729;0,067907982315503;0,7629260285110535;0,067907982315503;0,0571571587113471;-0,0199230622428986;0,9608108108108108;0,0001323568340245;0,6579436070916465;0,1718772178254451;0,0318843780277972;0,0;0,0;0,0;0,0003593244699964;0,0003299241174529;0,0;0,0;0,0;0,0;0,1648569207598503;0,5003185201055772;0,1648569207598503;0,184613823377598;0,0097987413337899;0,7613513513513513;0,170696196946969;0,5659290722300319;0,1356542370045979;0,065436153218361;0,0384047267355982;0,0514579759862778;0,1342626559060895;0,3479159180740208;0,3064995051138238;0,0177521064066557;0,2714530892448512;0,2645502645502645;0,4090909090909091
UNSW-NB15;RANDOM_L2;linear;1;15;1024;3;3,125679016113281;29,045143127441406;-10,13943545644464;0,067907982315503;0,7629260285110535;0,067907982315503;0,0571571587113471;-0,0199230622428986;0,9608108108108108;0,0001323568340245;0,6579436070916465;0,1718772178254451;0,0318843780277972;0,0;0,0;0,0;0,0003593244699964;0,0003299241174529;0,0;0,0;0,0;0,0;0,1693023368799494;0,4966135131167796;0,1693023368799494;0,1906075687247725;0,013563825844255;0,7553243243243243;0,1741595341039442;0,5595219288715437;0,1347799440308219;0,0676140084247022;0,0428360413589364;0,0583190394511149;0,1364636830520909;0,3493532159540065;0,3061695809963708;0,0250649144189497;0,2668764302059496;0,2751322751322751;0,4318181818181818
UNSW-NB15;FGSM;linear;1;15;2048;2;2,908935546875;28,364299297332764;-9,425253850264784;0,1102244570762279;0,7517695557405986;0,1102244570762279;0,1532458623119804;0,0429602152995095;0,8797027027027027;0,001257389923233;0,6806062330284034;0,1730527498165741;0,0664826971064247;0,0;0,0;0,0019564685742235;0,0038627380524613;0,0008248102936324;0,0;0,0002860411899313;0,0;0,0;0,2044769955788757;0,5316972576309322;0,2044769955788757;0,2426927889320706;0,0603930207231415;0,5986486486486486;0,2156534015706344;0,5672215584371634;0,1579543345243035;0,0693922961484539;0,069423929098966;0,0857632933104631;0,1861090731230129;0,3201581027667984;0,4439129000329924;0,0244290180700545;0,5572082379862701;0,5740740740740741;0,8409090909090909
UNSW-NB15;RANDOM_LINF;linear;1;15;2048;2;2,908935546875;24,210837841033936;-7,712675508915125;0,1102244570762279;0,7517695557405986;0,1102244570762279;0,1532458623119804;0,0429602152995095;0,8797027027027027;0,001257389923233;0,6806062330284034;0,1730527498165741;0,0664826971064247;0,0;0,0;0,0019564685742235;0,0038627380524613;0,0008248102936324;0,0;0,0002860411899313;0,0;0,0;0,1873512121653792;0,4903938847727049;0,1873512121653792;0,2079596054326549;-0,0103369861218814;0,6453513513513514;0,3812318009353216;0,5686268140697556;0,1223027558593113;0,0649873414891218;0,259970457902511;0,281303602058319;0,3465394962093421;0,4687387711103126;0,5531177829099307;0,2625192093688728;0,5037185354691075;0,5529100529100529;0,6818181818181818
UNSW-NB15;RANDOM_L2;linear;1;15;2048;2;2,908935546875;24,37760853767395;-8,287178739736676;0,1102244570762279;0,7517695557405986;0,1102244570762279;0,1532458623119804;0,0429602152995095;0,8797027027027027;0,001257389923233;0,6806062330284034;0,1730527498165741;0,0664826971064247;0,0;0,0;0,0019564685742235;0,0038627380524613;0,0008248102936324;0,0;0,0002860411899313;0,0;0,0;0,1930962444735947;0,4876704956542964;0,1930962444735947;0,2143230675620472;-0,0055204842043487;0,6401351351351351;0,3841877702285361;0,5611450581763906;0,1228094335853923;0,0683795931681454;0,2629246676514032;0,3173241852487135;0,3484959647835656;0,4657743442328422;0,5433850214450676;0,2747072227226962;0,4994279176201373;0,5052910052910053;0,6363636363636364
UNSW-NB15;FGSM;linear;1;15;2048;3;2,8832831382751465;27,947276830673218;-8,77908953991158;0,1075644949715784;0,7903629916058657;0,1075644949715784;0,131964654061658;0,0291859411821891;0,8634324324324324;0,0017868172593311;0,6669253674056359;0,1640066363438846;0,0492464434122828;0,001477104874446;0,0;0,008070432868672;0,0025152712899748;0,0019795447047179;0,0001059827248158;0,0011441647597254;0,0026455026455026;0,0;0,1953553903706942;0,5300513103855965;0,1953553903706942;0,2180875758809396;0,074192033195233;0,6898648648648649;0,1405188387893761;0,5555473269907825;0,1367162401105821;0,0707186843179644;0,0103397341211226;0,0257289879931389;0,0709219858156028;0,2641034854473589;0,3121082151105245;0,0137247628636532;0,2425629290617849;0,2724867724867725;0,3636363636363636
UNSW-NB15;RANDOM_LINF;linear;1;15;2048;3;2,8832831382751465;23,36251449584961;-9,951173298353009;0,1075644949715784;0,7903629916058657;0,1075644949715784;0,131964654061658;0,0291859411821891;0,8634324324324324;0,0017868172593311;0,6669253674056359;0,1640066363438846;0,0492464434122828;0,001477104874446;0,0;0,008070432868672;0,0025152712899748;0,0019795447047179;0,0001059827248158;0,0011441647597254;0,0026455026455026;0,0;0,2070762279551085;0,586125114310678;0,2070762279551085;0,228514984482134;0,0627278282992974;0,6451351351351351;0,2010500308832612;0,559449099227239;0,1163106996838309;0,0716552795304454;0,0457902511078286;0,0583190394511149;0,1496698459280998;0,4070247933884297;0,3545034642032332;0,0293042234115839;0,3074942791762013;0,2883597883597883;0,4545454545454545
UNSW-NB15;RANDOM_L2;linear;1;15;2048;3;2,8832831382751465;23,700321674346924;-10,563328960792887;0,1075644949715784;0,7903629916058657;0,1075644949715784;0,131964654061658;0,0291859411821891;0,8634324324324324;0,0017868172593311;0,6669253674056359;0,1640066363438846;0,0492464434122828;0,001477104874446;0,0;0,008070432868672;0,0025152712899748;0,0019795447047179;0,0001059827248158;0,0011441647597254;0,0026455026455026;0,0;0,2131977845795073;0,512268585295502;0,2131977845795073;0,2344641529822749;0,0654458255781859;0,6361621621621621;0,2089693814523956;0,5680410590089403;0,1170767560306506;0,074135017964898;0,0502215657311669;0,0600343053173241;0,1491807287845439;0,4017247574559827;0,3543385021445067;0,0528853796831116;0,2980549199084668;0,2883597883597883;0,5681818181818182
UNSW-NB15;FGSM;linear;1;20;1024;2;2,800593852996826;21,749147653579712;-13,161346742457368;0,094738376329981;0,7556894380446044;0,094738376329981;0,1129922066012655;0,020955258457573;0,9081081081081082;0,0016985793699814;0,6678859160249283;0,1705503546496233;0,047335565914489;0,001477104874446;0,0;0,008070432868672;0,0023356090549766;0,0016496205872649;0,0001059827248158;0,0011441647597254;0,0026455026455026;0,0;0,2263518437545547;0,5456067439325611;0,2263518437545547;0,2455960364420945;0,0943411370313578;0,6762432432432433;0,1625783111267978;0,5330068791639407;0,1551323796544977;0,0897898161803276;0,0103397341211226;0,0411663807890223;0,0829053558327219;0,2740747394897592;0,3837017485978225;0,0080546870860049;0,375;0,3703703703703703;0,4545454545454545
UNSW-NB15;RANDOM_LINF;linear;1;20;1024;2;2,800593852996826;15,565400123596191;-13,859738619248892;0,094738376329981;0,7556894380446044;0,094738376329981;0,1129922066012655;0,020955258457573;0,9081081081081082;0,0016985793699814;0,6678859160249283;0,1705503546496233;0,047335565914489;0,001477104874446;0,0;0,008070432868672;0,0023356090549766;0,0016496205872649;0,0001059827248158;0,0011441647597254;0,0026455026455026;0,0;0,2333357625224699;0,4753613722775078;0,2333357625224699;0,2419177750994599;0,0555464346735116;0,6006216216216216;0,2740227653754522;0,5635343405080531;0,1203468199012839;0,0815709802325014;0,0443131462333825;0,0600343053173241;0,169479090242113;0,442597915918074;0,4077862091718904;0,1455672725345768;0,3841533180778032;0,3862433862433862;0,6590909090909091
UNSW-NB15;RANDOM_L2;linear;1;20;1024;2;2,800593852996826;15,88718581199646;-13,969052130398874;0,094738376329981;0,7556894380446044;0,094738376329981;0,1129922066012655;0,020955258457573;0,9081081081081082;0,0016985793699814;0,6678859160249283;0,1705503546496233;0,047335565914489;0,001477104874446;0,0;0,008070432868672;0,0023356090549766;0,0016496205872649;0,0001059827248158;0,0011441647597254;0,0026455026455026;0,0;0,2344288976339698;0,4795267262436531;0,2344288976339698;0,2445006112145449;0,0564334562894073;0,6021081081081081;0,2750375011029736;0,5713283261797064;0,1215690633879183;0,0828627977670478;0,0546528803545051;0,0617495711835334;0,1631205673758865;0,4409809558030902;0,4067964368195315;0,1517672619363043;0,3770022883295194;0,3756613756613756;0,6590909090909091
UNSW-NB15;FGSM;linear;1;20;1024;3;2,849462509155273;22,68217372894287;-7,119953359568576;0,3310498955448671;0,8113624905131822;0,3310498955448671;0,3703331837264616;0,2954155512334585;0,8636756756756757;0,0017868172593311;0,6525193244366873;0,1763641787860551;0,1574813930544693;0,001477104874446;0,0;0,008070432868672;0,0025152712899748;0,0019795447047179;0,0001059827248158;0,0011441647597254;0,0026455026455026;0,0;0,4022494291405529;0,5112957311612717;0,4022494291405529;0,4300246138439773;0,2791893895452166;0,624054054054054;0,1669240271772699;0,571100343101026;0,1774346835599788;0,1556738399472534;0,0206794682422452;0,0445969125214408;0,102959158718513;0,3252784764642472;0,3662157703728143;0,0097504106830586;0,2734553775743707;0,2804232804232804;0,4318181818181818
UNSW-NB15;RANDOM_LINF;linear;1;20;1024;3;2,849462509155273;19,535547971725464;6,493222562308704;0,3310498955448671;0,8113624905131822;0,3310498955448671;0,3703331837264616;0,2954155512334585;0,8636756756756757;0,0017868172593311;0,6525193244366873;0,1763641787860551;0,1574813930544693;0,001477104874446;0,0;0,008070432868672;0,0025152712899748;0,0019795447047179;0,0001059827248158;0,0011441647597254;0,0026455026455026;0,0;0,2661176699217801;0,4645350982678362;0,2661176699217801;0,3139947912174897;0,1154840240974628;0,6104864864864865;0,2180137651107385;0,5699482364898459;0,1189717339297256;0,1058037237150023;0,0443131462333825;0,0651801029159519;0,1714355588163365;0,4484369385555156;0,3917848894754207;0,0208256054263155;0,3449656750572082;0,3333333333333333;0,5
UNSW-NB15;RANDOM_L2;linear;1;20;1024;3;2,849462509155273;20,00916886329651;5,700092309187194;0,3310498955448671;0,8113624905131822;0,3310498955448671;0,3703331837264616;0,2954155512334585;0,8636756756756757;0,0017868172593311;0,6525193244366873;0,1763641787860551;0,1574813930544693;0,001477104874446;0,0;0,008070432868672;0,0025152712899748;0,0019795447047179;0,0001059827248158;0,0011441647597254;0,0026455026455026;0,0;0,2740489724529952;0,4689126154485684;0,2740489724529952;0,3216983611259952;0,1216340288005385;0,5997567567567568;0,2222933027441983;0,5682860539009519;0,1202774030587563;0,109256956159242;0,0561299852289512;0,0668953687821612;0,1719246759598924;0,4487064319080129;0,3957439788848564;0,0293042234115839;0,3412471395881007;0,3518518518518518;0,5454545454545454
UNSW-NB15;FGSM;linear;1;20;2048;2;2,732832193374634;23,33210182189941;-6,9365495797502845;0,3269324199582179;0,7387285154886818;0,3269324199582179;0,3716035655169524;0,2916610266958481;0,8638108108108108;0,0018750551486808;0,6666870845312151;0,1817405219249769;0,1603976544433741;0,001477104874446;0,0;0,008070432868672;0,0025152712899748;0,0024744308808973;0,0001059827248158;0,0014302059496567;0,0026455026455026;0,0;0,3962979157557207;0,4909559499749137;0,3962979157557207;0,4257999924721089;0,268359218345321;0,6067837837837838;0,2111091502691255;0,5515323428268992;0,1690594683705592;0,1508399696134937;0,035450516986706;0,0686106346483705;0,1413548544876497;0,3462091268415379;0,452161002969317;0,0119760479041916;0,5431922196796338;0,5158730158730159;0,2954545454545454
UNSW-NB15;RANDOM_LINF;linear;1;20;2048;2;2,732832193374634;21,04124426841736;5,466890152067238;0,3269324199582179;0,7387285154886818;0,3269324199582179;0,3716035655169524;0,2916610266958481;0,8638108108108108;0,0018750551486808;0,6666870845312151;0,1817405219249769;0,1603976544433741;0,001477104874446;0,0;0,008070432868672;0,0025152712899748;0,0024744308808973;0,0001059827248158;0,0014302059496567;0,0026455026455026;0,0;0,2722635184375455;0,4946412028784152;0,2722635184375455;0,3256374689626283;0,1112646314569992;0,5739189189189189;0,2430071472690373;0,5763940124841942;0,1372353886442476;0,10839266446862;0,0989660265878877;0,1149228130360205;0,2154561017363658;0,4560725835429393;0,4703068294292313;0,0213555190503947;0,4230549199084668;0,4417989417989418;0,5454545454545454
UNSW-NB15;RANDOM_L2;linear;1;20;2048;2;2,732832193374634;20,982313632965088;4,696837195744058;0,3269324199582179;0,7387285154886818;0,3269324199582179;0,3716035655169524;0,2916610266958481;0,8638108108108108;0,0018750551486808;0,6666870845312151;0,1817405219249769;0,1603976544433741;0,001477104874446;0,0;0,008070432868672;0,0025152712899748;0,0024744308808973;0,0001059827248158;0,0014302059496567;0,0026455026455026;0,0;0,2799640480007773;0,4955823867500346;0,2799640480007773;0,3332352124729548;0,1178411425946554;0,5640540540540541;0,2456322244771905;0,5679789936196896;0,1370610820939889;0,1116529398990038;0,1019202363367799;0,1252144082332761;0,2245047688921496;0,4527488321954725;0,464863081491257;0,0283503788882412;0,4201945080091533;0,4947089947089947;0,5909090909090909
UNSW-NB15;FGSM;linear;1;20;2048;3;2,6639089584350586;23,277692317962646;-15,256522372831949;0,0645435553612204;0,7953066781072523;0,0645435553612204;0,0586714572210022;-0,0057654221561616;0,9597297297297296;0,0001323568340245;0,6685314613784964;0,1677882682266343;0,0317700144925117;0,0;0,0;0,0;0,0003593244699964;0,0003299241174529;0,0;0,0;0,0;0,0;0,2171087790895399;0,5632171708324625;0,2171087790895399;0,2414850172278661;0,0968848384134237;0,6364864864864865;0,1330186181946527;0,5543160898091339;0,154875569702487;0,0748679565394728;0,0103397341211226;0,0360205831903945;0,0696991929567131;0,2313151275601868;0,3330583965687891;0,0096974193206507;0,2339816933638444;0,2777777777777778;0,3863636363636363
UNSW-NB15;RANDOM_LINF;linear;1;20;2048;3;2,6639089584350586;19,676442861557007;-8,853179808579895;0,0645435553612204;0,7953066781072523;0,0645435553612204;0,0586714572210022;-0,0057654221561616;0,9597297297297296;0,0001323568340245;0,6685314613784964;0,1677882682266343;0,0317700144925117;0,0;0,0;0,0;0,0003593244699964;0,0003299241174529;0,0;0,0;0,0;0,0;0,1530753534470194;0,5125428302316632;0,1530753534470194;0,1722097839903087;0,0247858791172585;0,7535675675675676;0,1815053383923056;0,5569083352869916;0,1192799442667175;0,0562590695644327;0,0398818316100443;0,0531732418524871;0,1335289801907556;0,3606719367588933;0,3276146486308149;0,0278734566265698;0,2791762013729977;0,2698412698412698;0,4318181818181818
UNSW-NB15;RANDOM_L2;linear;1;20;2048;3;2,6639089584350586;20,845552444458008;-9,44468736335811;0,0645435553612204;0,7953066781072523;0,0645435553612204;0,0586714572210022;-0,0057654221561616;0,9597297297297296;0,0001323568340245;0,6685314613784964;0,1677882682266343;0,0317700144925117;0,0;0,0;0,0;0,0003593244699964;0,0003299241174529;0,0;0,0;0,0;0,0;0,1589904289948015;0,5131127058570139;0,1589904289948015;0,1779371656371818;0,0268703837858663;0,7447027027027027;0,1921380040589429;0,5640524060344801;0,1195241246374494;0,0587860621766101;0,0457902511078286;0,0566037735849056;0,1376864759109806;0,3640855192238591;0,3289343451006268;0,0500768374754914;0,2763157894736842;0,2777777777777778;0,4545454545454545
UNSW-NB15;FGSM;linear;2;5;1024;2;10,034266710281372;127,17550015449524;-4,631249089054071;0,231611038235437;0,7503458316080921;0,231611038235437;0,3328465788035607;0,1680368139566388;0,7289189189189189;0,003088326127239;0,6687686761230566;0,1708398243914136;0,127141167033259;0,0044313146233382;0,0;0,0083149914404499;0,0053898670499461;0,0059386341141537;0,0001059827248158;0,0011441647597254;0,0026455026455026;0,0;0,2779235291259777;0,5124552598813125;0,2779235291259777;0,2917855779691171;0,0844157384584859;0,5124594594594595;0,3300097061678285;0,5677006413043185;0,1625648412156491;0,1034541339485521;0,0132939438700147;0,0343053173241852;0,0645634629493763;0,2234099892202659;0,361101946552293;0,4794658470669281;0,238558352402746;0,2619047619047619;0,2272727272727272
UNSW-NB15;RANDOM_LINF;linear;2;5;1024;2;10,034266710281372;114,48884415626526;-4,337317203517463;0,231611038235437;0,7503458316080921;0,231611038235437;0,3328465788035607;0,1680368139566388;0,7289189189189189;0,003088326127239;0,6687686761230566;0,1708398243914136;0,127141167033259;0,0044313146233382;0,0;0,0083149914404499;0,0053898670499461;0,0059386341141537;0,0001059827248158;0,0011441647597254;0,0026455026455026;0,0;0,2749842102706116;0,5345674724731786;0,2749842102706116;0,3022157050470932;0,0983544514348297;0,5584054054054054;0,3022147710226771;0,622651750803228;0,1477678430407649;0,107402189836662;0,0428360413589364;0,0497427101200686;0,1325507459036439;0,3435141933165648;0,3426261959749258;0,3234062847755816;0,2797482837528604;0,2698412698412698;0,3636363636363636
UNSW-NB15;RANDOM_L2;linear;2;5;1024;2;10,034266710281372;77,06703424453735;1,20244862264976;0,231611038235437;0,7503458316080921;0,231611038235437;0,3328465788035607;0,1680368139566388;0,7289189189189189;0,003088326127239;0,6687686761230566;0,1708398243914136;0,127141167033259;0,0044313146233382;0,0;0,0083149914404499;0,0053898670499461;0,0059386341141537;0,0001059827248158;0,0011441647597254;0,0026455026455026;0,0;0,2195865520089394;0,4498182149390322;0,2195865520089394;0,2331659592278551;0,0693841798218397;0,7756216216216216;0,1781081796523427;0,5968156917865004;0,1387738657758769;0,0979946039544758;0,0339734121122599;0,039451114922813;0,0679872829542675;0,1556773266259432;0,1705707687231936;0,2339568650309999;0,1461670480549199;0,1428571428571428;0,0681818181818181
UNSW-NB15;FGSM;linear;2;5;1024;3;10,123326063156128;146,7077088356018;-16,74318612447165;0,2309308652771705;0,7289303343848578;0,2309308652771705;0,3190276186618803;0,158462156848212;0,7309729729729729;0,0018529956763434;0,6670870110168452;0,1695286852880137;0,1184503232568231;0,0044313146233382;0,0;0,0022010271460014;0,0050305425799496;0,0021445067634444;0,0001589740872237;0,0;0,0;0,0;0,398362726521887;0,5960196781303133;0,398362726521887;0,4657233768855148;0,2580097246801899;0,4829189189189189;0,1388423188917321;0,5951311798251688;0,1639193842208513;0,1710590789349493;0,0103397341211226;0,0308747855917667;0,0674981658107116;0,2386812791951132;0,348399868030353;0,0148905728366276;0,2368421052631578;0,2592592592592592;0,3863636363636363
UNSW-NB15;RANDOM_LINF;linear;2;5;1024;3;10,123326063156128;123,65401315689088;-7,755186318806778;0,2309308652771705;0,7289303343848578;0,2309308652771705;0,3190276186618803;0,158462156848212;0,7309729729729729;0,0018529956763434;0,6670870110168452;0,1695286852880137;0,1184503232568231;0,0044313146233382;0,0;0,0022010271460014;0,0050305425799496;0,0021445067634444;0,0001589740872237;0,0;0,0;0,0;0,3084827284652383;0,5599762830572139;0,3084827284652383;0,3574400731434662;0,150287058942024;0,5464594594594595;0,2330142063001853;0,6379433613519867;0,1499705317326858;0,1280754371950271;0,0428360413589364;0,0531732418524871;0,1367082416238689;0,372799137621272;0,3312438139227978;0,1421758253404695;0,2808924485125858;0,2698412698412698;0,4318181818181818
UNSW-NB15;RANDOM_L2;linear;2;5;1024;3;10,123326063156128;84,05292439460754;-0,949812952436474;0,2309308652771705;0,7289303343848578;0,2309308652771705;0,3190276186618803;0,158462156848212;0,7309729729729729;0,0018529956763434;0,6670870110168452;0,1695286852880137;0,1184503232568231;0,0044313146233382;0,0;0,0022010271460014;0,0050305425799496;0,0021445067634444;0,0001589740872237;0,0;0,0;0,0;0,2404289948015352;0,4825068479744627;0,2404289948015352;0,2649132509763486;0,1030013374413607;0,7757837837837838;0,1398570546192535;0,6102796938119035;0,1411795880224659;0,1108567979997361;0,0295420974889217;0,039451114922813;0,0711665443873807;0,1699604743083003;0,1578686902012537;0,1383604472470987;0,1413043478260869;0,1269841269841269;0,0909090909090909
UNSW-NB15;FGSM;linear;2;5;2048;2;10,15734052658081;137,3420693874359;-13,364184035368998;0,3638803867269105;0,7765786060180816;0,3638803867269105;0,4177321791231229;0,3234284971887113;0,8223243243243243;0,0006176652254478;0,6643495723372459;0,1694624458877117;0,1831169258595217;0,0029542097488921;0,0;0,0007336757153338;0,000898311174991;0,0021445067634444;0,0;0,0;0,0;0,0;0,4975222270806005;0,632068384380836;0,4975222270806005;0,5388186246041371;0,3882684678453207;0,5181621621621622;0,1399673519809406;0,6056119165185312;0,1666628786456763;0,2164622789723605;0,0132939438700147;0,0343053173241852;0,0682318415260454;0,2390406036651096;0,3578027053777631;0,0139367283132849;0,2371281464530892;0,2592592592592592;0,3863636363636363
UNSW-NB15;RANDOM_LINF;linear;2;5;2048;2;10,15734052658081;122,544291973114;4,821940436282368;0,3638803867269105;0,7765786060180816;0,3638803867269105;0,4177321791231229;0,3234284971887113;0,8223243243243243;0,0006176652254478;0,6643495723372459;0,1694624458877117;0,1831169258595217;0,0029542097488921;0,0;0,0007336757153338;0,000898311174991;0,0021445067634444;0,0;0,0;0,0;0,0;0,3156609823640868;0,5434016073757743;0,3156609823640868;0,370188986634429;0,1585164666750964;0,597027027027027;0,2699197035206918;0,6421937756946506;0,1538361209054632;0,1456730417512594;0,0428360413589364;0,0531732418524871;0,1364636830520909;0,3706431908012935;0,3452655889145496;0,2277568756292724;0,2803203661327231;0,2698412698412698;0,4318181818181818
UNSW-NB15;RANDOM_L2;linear;2;5;2048;2;10,15734052658081;83,55676341056824;12,580770538794148;0,3638803867269105;0,7765786060180816;0,3638803867269105;0,4177321791231229;0,3234284971887113;0,8223243243243243;0,0006176652254478;0,6643495723372459;0,1694624458877117;0,1831169258595217;0,0029542097488921;0,0;0,0007336757153338;0,000898311174991;0,0021445067634444;0,0;0,0;0,0;0,0;0,238072681338969;0,4734144725325042;0,238072681338969;0,2592217960528667;0,0934848172123746;0,7755945945945946;0,1618724080120003;0,6188346487275231;0,1453602465110146;0,1087805938970324;0,0324963072378138;0,0428816466552315;0,0716556615309366;0,1772367948257276;0,1707357307819201;0,1794817444756504;0,1556064073226544;0,1402116402116402;0,1363636363636363
UNSW-NB15;FGSM;linear;2;5;2048;3;9,96885633468628;125,77857232093812;-1,629985910703008;0,2527814215614827;0,7555330522229932;0,2527814215614827;0,3549672610087872;0,1744147417413073;0,6879189189189189;0,0018971146210182;0,6802368545441578;0,1866265003860074;0,1323950886317726;0,0044313146233382;0,0;0,0024455857177794;0,0051203736974487;0,0021445067634444;0,0001589740872237;0,0;0,0;0,0;0,2690812806685128;0,6221997601667745;0,2690812806685128;0,3262046860253493;0,140776966795678;0,5547837837837838;0,0953851583870113;0,5805819029392789;0,1803875058462328;0,1134475070393643;0,0236336779911373;0,0428816466552315;0,0511127415015896;0,1752605102407474;0,2152754866380732;0,0116051083673361;0,1475972540045766;0,1798941798941798;0,3409090909090909
UNSW-NB15;RANDOM_LINF;linear;2;5;2048;3;9,96885633468628;115,42362713813782;-2,460768595442841;0,2527814215614827;0,7555330522229932;0,2527814215614827;0,3549672610087872;0,1744147417413073;0,6879189189189189;0,0018971146210182;0,6802368545441578;0,1866265003860074;0,1323950886317726;0,0044313146233382;0,0;0,0024455857177794;0,0051203736974487;0,0021445067634444;0,0001589740872237;0,0;0,0;0,0;0,2773891075159111;0,6147900149899728;0,2773891075159111;0,347865312824342;0,1703437720921221;0,6479459459459459;0,107451689755581;0,6403631853886168;0,1668770368729372;0,1289541608744467;0,0280649926144756;0,0343053173241852;0,0787478601124969;0,2123607617678763;0,1999340151765094;0,0161093741720099;0,160183066361556;0,1507936507936507;0,2954545454545454
UNSW-NB15;RANDOM_L2;linear;2;5;2048;3;9,96885633468628;81,09947466850281;1,8449691492979616;0,2527814215614827;0,7555330522229932;0,2527814215614827;0,3549672610087872;0,1744147417413073;0,6879189189189189;0,0018971146210182;0,6802368545441578;0,1866265003860074;0,1323950886317726;0,0044313146233382;0,0;0,0024455857177794;0,0051203736974487;0,0021445067634444;0,0001589740872237;0,0;0,0;0,0;0,2343317300685031;0,5613403060147155;0,2343317300685031;0,2612441411830425;0,1218091096927212;0,790027027027027;0,0765022500661784;0,6135204359639794;0,1553494229565716;0,1092926863340591;0,0221565731166912;0,0291595197255574;0,0550256786500366;0,1202838663312971;0,1184427581656219;0,0395315563563139;0,10383295194508;0,1031746031746031;0,1363636363636363
UNSW-NB15;FGSM;linear;2;10;1024;2;5,668869495391846;53,93054413795471;6,8952533644269565;0,4027109750765195;0,7760516701110743;0,4027109750765195;0,4793021538137511;0,3623959488375925;0,7105405405405405;0,004500132356834;0,6633759451261672;0,1684267269348566;0,1955245454724814;0,0044313146233382;0,0085763293310463;0,0127170457324529;0,0080848005749191;0,0049488617617947;0,0010068358857506;0,0011441647597254;0,0026455026455026;0,0;0,3337584414322499;0,256259509334393;0,3337584414322499;0,2788044816916111;0,0259527148416441;0,3451891891891891;0,6569531456807554;0,577679840076627;0,161076562448603;0,0984182927547153;0,0103397341211226;0,0737564322469982;0,1804842259721203;0,5152712899748473;0,4708017156054107;0,9667214244078216;0,5474828375286042;0,6005291005291006;0,4318181818181818
UNSW-NB15;RANDOM_LINF;linear;2;10;1024;2;5,668869495391846;47,38272309303284;1,0749161929747897;0,4027109750765195;0,7760516701110743;0,4027109750765195;0,4793021538137511;0,3623959488375925;0,7105405405405405;0,004500132356834;0,6633759451261672;0,1684267269348566;0,1955245454724814;0,0044313146233382;0,0085763293310463;0,0127170457324529;0,0080848005749191;0,0049488617617947;0,0010068358857506;0,0011441647597254;0,0026455026455026;0,0;0,3919618131467716;0,5306011681418565;0,3919618131467716;0,4032156520167338;0,177807421262338;0,3746486486486486;0,4035780464131298;0,6194827944400274;0,1518729221795083;0,14327877477967;0,0974889217134416;0,0943396226415094;0,2237710931768158;0,5300035932446999;0,5041240514681623;0,3453447088124635;0,4542334096109839;0,4444444444444444;0,6818181818181818
UNSW-NB15;RANDOM_L2;linear;2;10;1024;2;5,668869495391846;38,073376417160034;10,506243016081235;0,4027109750765195;0,7760516701110743;0,4027109750765195;0,4793021538137511;0,3623959488375925;0,7105405405405405;0,004500132356834;0,6633759451261672;0,1684267269348566;0,1955245454724814;0,0044313146233382;0,0085763293310463;0,0127170457324529;0,0080848005749191;0,0049488617617947;0,0010068358857506;0,0011441647597254;0,0026455026455026;0,0;0,2976485449157071;0,4803562100446186;0,2976485449157071;0,320008053420367;0,110915774825257;0,6077027027027027;0,2661475337509926;0,6075381633509653;0,1448242200635526;0,1218598498704627;0,0679468242245199;0,0806174957118353;0,1415994130594277;0,3239310097017607;0,3078192015836357;0,2532987123098935;0,2891876430205949;0,2830687830687831;0,5227272727272727
UNSW-NB15;FGSM;linear;2;10;1024;3;5,896138429641724;64,1902859210968;9,54792790166642;0,3884516348442889;0,7753680606401115;0,3884516348442889;0,4499208499131963;0,3439952163130308;0,7656216216216216;0,0017426983146563;0,6637090191722154;0,1675751492565873;0,187217380060831;0,0044313146233382;0,0;0,0073367571533382;0,0017067912324829;0,0029693170570768;0,0002119654496317;0,0011441647597254;0,0026455026455026;0,0;0,2929723558276247;0,4618686345736867;0,2929723558276247;0,3193042207409038;0,1000483385204059;0,5153783783783784;0,3055898702903026;0,5747012950108964;0,1606929294975808;0,1147446749198734;0,0132939438700147;0,0617495711835334;0,0851063829787234;0,2704814947897951;0,4094358297591554;0,3201208203062901;0,4971395881006865;0,4523809523809524;0,3863636363636363
UNSW-NB15;RANDOM_LINF;linear;2;10;1024;3;5,896138429641724;52,985769271850586;2,8081426419861053;0,3884516348442889;0,7753680606401115;0,3884516348442889;0,4499208499131963;0,3439952163130308;0,7656216216216216;0,0017426983146563;0,6637090191722154;0,1675751492565873;0,187217380060831;0,0044313146233382;0,0;0,0073367571533382;0,0017067912324829;0,0029693170570768;0,0002119654496317;0,0011441647597254;0,0026455026455026;0,0;0,3603702084244279;0,5359564480310921;0,3603702084244279;0,3933152085620771;0,1761454913231346;0,464;0,3281346510191476;0,6374699061967943;0,1541183425262112;0,1428661466436661;0,053175775480059;0,0583190394511149;0,1689899730985571;0,455892921307941;0,4147146156384032;0,2735944041121297;0,3469679633867277;0,3201058201058201;0,6363636363636364
UNSW-NB15;RANDOM_L2;linear;2;10;1024;3;5,896138429641724;40,50044775009155;11,81071758247097;0,3884516348442889;0,7753680606401115;0,3884516348442889;0,4499208499131963;0,3439952163130308;0,7656216216216216;0,0017426983146563;0,6637090191722154;0,1675751492565873;0,187217380060831;0,0044313146233382;0,0;0,0073367571533382;0,0017067912324829;0,0029693170570768;0,0002119654496317;0,0011441647597254;0,0026455026455026;0,0;0,2703444590195792;0,4656064651048889;0,2703444590195792;0,2980834016376141;0,1067495496075503;0,6968918918918919;0,2114841612988617;0,6193640527343496;0,148017903838343;0,120538808099308;0,0457902511078286;0,0445969125214408;0,0936659329909513;0,2551203736974488;0,2385351369185087;0,2129722855174606;0,2136727688787185;0,2169312169312169;0,2954545454545454
UNSW-NB15;FGSM;linear;2;10;2048;2;6,288941621780396;66,89532113075256;-4,821940436282368;0,2536194918136326;0,7450371135231602;0,2536194918136326;0,3515878657587096;0,1715535964397769;0,6897567567567567;0,0005294273360981;0,671779347729922;0,1688904117598542;0,12956234469115;0,0029542097488921;0,0;0,0007336757153338;0,000898311174991;0,0011547344110854;0,0001059827248158;0,0;0,0;0,0;0,3018388961764563;0,4591140201995644;0,3018388961764563;0,3080424348958929;0,0986017578425104;0,4618378378378378;0,3435321627106679;0,5827106705722367;0,1512902631463662;0,1080477263284918;0,0103397341211226;0,0308747855917667;0,0687209586696013;0,2382321236076176;0,3592873639063015;0,5027290551640082;0,2405606407322654;0,2619047619047619;0,2272727272727272
UNSW-NB15;RANDOM_LINF;linear;2;10;2048;2;6,288941621780396;59,58303332328797;-6,936549579750278;0,2536194918136326;0,7450371135231602;0,2536194918136326;0,3515878657587096;0,1715535964397769;0,6897567567567567;0,0005294273360981;0,671779347729922;0,1688904117598542;0,12956234469115;0,0029542097488921;0,0;0,0007336757153338;0,000898311174991;0,0011547344110854;0,0001059827248158;0,0;0,0;0,0;0,3229849876111354;0,5406118280402317;0,3229849876111354;0,3612085446799582;0,1496516577363371;0,5051891891891892;0,2755228094943969;0,6367989937515947;0,1494237944100439;0,1280147356196929;0,0428360413589364;0,0531732418524871;0,1357300073367571;0,3691160618038088;0,3523589574397888;0,2396799321710561;0,2820366132723112;0,2698412698412698;0,4318181818181818
UNSW-NB15;RANDOM_L2;linear;2;10;2048;2;6,288941621780396;42,64635133743286;-0,2368459408249479;0,2536194918136326;0,7450371135231602;0,2536194918136326;0,3515878657587096;0,1715535964397769;0,6897567567567567;0,0005294273360981;0,671779347729922;0,1688904117598542;0,12956234469115;0,0029542097488921;0,0;0,0007336757153338;0,000898311174991;0,0011547344110854;0,0001059827248158;0,0;0,0;0,0;0,2559879512218821;0,4790974375853765;0,2559879512218821;0,2830487041730603;0,1035017485399858;0,7225675675675676;0,1762993029206741;0,611938189506374;0,1427439105333098;0,1139961640270203;0,0398818316100443;0,0531732418524871;0,0833944729762778;0,2046352856629536;0,196469811943253;0,1820783212336389;0,1784897025171624;0,1534391534391534;0,1363636363636363
UNSW-NB15;FGSM;linear;2;10;2048;3;6,163410425186157;61,799341678619385;15,312393722975273;0,5127775348588641;0,7863376205977706;0,5127775348588641;0,5915567843125316;0,4430659581295016;0,4633783783783783;0,0025809582634783;0,6648322251940756;0,1656264379894992;0,2185908007097144;0,0044313146233382;0,0085763293310463;0,0053802885791146;0,0036830758174631;0,0041240514681623;0,0008478617985268;0,0011441647597254;0,0026455026455026;0,0;0,3596535976291114;0,5210648734259218;0,3596535976291114;0,3718582400521239;0,1496618072274275;0,4678918918918919;0,3786508426718433;0,5809523002369281;0,1505558094429316;0,1463358912718093;0,0103397341211226;0,0308747855917667;0,0787478601124969;0,2391304347826087;0,3871659518310788;0,5694981717979969;0,255720823798627;0,3941798941798942;0,4318181818181818
UNSW-NB15;RANDOM_LINF;linear;2;10;2048;3;6,163410425186157;53,5338568687439;11,924889471894284;0,5127775348588641;0,7863376205977706;0,5127775348588641;0,5915567843125316;0,4430659581295016;0,4633783783783783;0,0025809582634783;0,6648322251940756;0,1656264379894992;0,2185908007097144;0,0044313146233382;0,0085763293310463;0,0053802885791146;0,0036830758174631;0,0041240514681623;0,0008478617985268;0,0011441647597254;0,0026455026455026;0,0;0,3935286401399213;0,5650075683155885;0,3935286401399213;0,4330387022783601;0,2240573249321749;0,4604054054054054;0,2456763434218653;0,6207657959115707;0,1483868558863045;0,1606107562608532;0,0472673559822747;0,0583190394511149;0,1347517730496454;0,3274344232842257;0,3686902012537116;0,1757723491070955;0,3378146453089244;0,3306878306878307;0,3863636363636363
UNSW-NB15;RANDOM_L2;linear;2;10;2048;3;6,163410425186157;39,055285692214966;24,222659476266823;0,5127775348588641;0,7863376205977706;0,5127775348588641;0,5915567843125316;0,4430659581295016;0,4633783783783783;0,0025809582634783;0,6648322251940756;0,1656264379894992;0,2185908007097144;0,0044313146233382;0,0085763293310463;0,0053802885791146;0,0036830758174631;0,0041240514681623;0,0008478617985268;0,0011441647597254;0,0026455026455026;0,0;0,2705509400961959;0,5086583129576805;0,2705509400961959;0,2947277250234671;0,1224958303740631;0,723;0,1626665490161475;0,6010085327495799;0,1422152374887046;0,1198211070493985;0,0310192023633678;0,0377358490566037;0,0748349229640499;0,1708587854832914;0,1984493566479709;0,1707381696783424;0,1790617848970251;0,1772486772486772;0,1136363636363636
UNSW-NB15;FGSM;linear;2;15;1024;2;4,541938304901123;40,12949824333191;-12,829762425302436;0,2429432055579847;0,7483881337917463;0,2429432055579847;0,3421688969515241;0,1692627715753324;0,7273783783783784;0,0009264978381717;0,6734289172305198;0,1710483270848078;0,130874349335173;0,001477104874446;0,0;0,0014673514306676;0,001796622349982;0,0018145826459914;0,0001589740872237;0,0002860411899313;0,0;0,0;0,3712408298110091;0,5123317528651176;0,3712408298110091;0,3961829913091179;0,1773994746049762;0,3531351351351351;0,2258669372628606;0,6039111372242368;0,1586843210428278;0,128761939053903;0,0103397341211226;0,072041166380789;0,14844705306921;0,3975026949335249;0,487957769712966;0,0252768798685814;0,4413615560640732;0,4470899470899471;0,25
UNSW-NB15;RANDOM_LINF;linear;2;15;1024;2;4,541938304901123;35,22074270248413;-15,057328863625322;0,2429432055579847;0,7483881337917463;0,2429432055579847;0,3421688969515241;0,1692627715753324;0,7273783783783784;0,0009264978381717;0,6734289172305198;0,1710483270848078;0,130874349335173;0,001477104874446;0,0;0,0014673514306676;0,001796622349982;0,0018145826459914;0,0001589740872237;0,0002860411899313;0,0;0,0;0,3935164941942379;0,5458166728249304;0,3935164941942379;0,4227638726162556;0,2052528045119565;0,3925405405405405;0,2860672372716845;0,6562758136628052;0,1606439256516189;0,1473744894108339;0,0605612998522895;0,0771869639794168;0,1868427488383467;0,4747574559827524;0,5095677994061366;0,1102750251708971;0,4196224256292906;0,4470899470899471;0,6136363636363636
UNSW-NB15;RANDOM_L2;linear;2;15;1024;2;4,541938304901123;27,65061068534851;-6,801729582665309;0,2429432055579847;0,7483881337917463;0,2429432055579847;0,3421688969515241;0,1692627715753324;0,7273783783783784;0,0009264978381717;0,6734289172305198;0,1710483270848078;0,130874349335173;0,001477104874446;0,0;0,0014673514306676;0,001796622349982;0,0018145826459914;0,0001589740872237;0,0002860411899313;0,0;0,0;0,3109605013846378;0,4979405916789204;0,3109605013846378;0,3450692875971805;0,1460378493739427;0,6381081081081081;0,1945204270713844;0,6368800087589459;0,1554703548313821;0,1363209519806426;0,035450516986706;0,0566037735849056;0,1208119344583027;0,2919511318720805;0,3330583965687891;0,0996767526893116;0,2820366132723112;0,3042328042328042;0,3636363636363636
UNSW-NB15;FGSM;linear;2;15;1024;3;4,510965585708618;37,14885187149048;0,8295680901715008;0,3644512461740271;0,7622181497787831;0,3644512461740271;0,4651226140611317;0,2626967513840534;0,4624864864864865;0,0035736345186623;0,6695048702295032;0,1719395471943883;0,1634480580118412;0,001477104874446;0,0085763293310463;0,0107605771582293;0,0043118936399568;0,0067634444077862;0,0009538445233426;0,0011441647597254;0,0026455026455026;0,0;0,3561555652723121;0,4995790855910225;0,3561555652723121;0,3180881491463255;0,0957922331492552;0,3117837837837838;0,5100811788582017;0,6109720832392376;0,1902835106373353;0,1127452094415903;0,0103397341211226;0,0634648370497427;0,1447786744925409;0,4377470355731225;0,4797096667766414;0,6669492872661756;0,5354691075514875;0,6084656084656085;0,4090909090909091
UNSW-NB15;RANDOM_LINF;linear;2;15;1024;3;4,510965585708618;27,81397485733032;-6,736141475975316;0,3644512461740271;0,7622181497787831;0,3644512461740271;0,4651226140611317;0,2626967513840534;0,4624864864864865;0,0035736345186623;0,6695048702295032;0,1719395471943883;0,1634480580118412;0,001477104874446;0,0085763293310463;0,0107605771582293;0,0043118936399568;0,0067634444077862;0,0009538445233426;0,0011441647597254;0,0026455026455026;0,0;0,4318126609337803;0,5549839094802492;0,4318126609337803;0,4432605367050768;0,237102248744313;0,2903513513513513;0,3144136592252713;0,6394692920351521;0,1593437984449661;0,1534294844196857;0,0738552437223042;0,0651801029159519;0,1851308388359012;0,4768235716852317;0,5065984823490597;0,1741296168724498;0,4433638443935926;0,4470899470899471;0,5454545454545454
UNSW-NB15;RANDOM_L2;linear;2;15;1024;3;4,510965585708618;24,39125108718872;3,8259728902492354;0,3644512461740271;0,7622181497787831;0,3644512461740271;0,4651226140611317;0,2626967513840534;0,4624864864864865;0,0035736345186623;0,6695048702295032;0,1719395471943883;0,1634480580118412;0,001477104874446;0,0085763293310463;0,0107605771582293;0,0043118936399568;0,0067634444077862;0,0009538445233426;0,0011441647597254;0,0026455026455026;0,0;0,3261915172715348;0,521250692698154;0,3261915172715348;0,3604723321258562;0,1594784520478579;0,5991621621621621;0,1992632136239301;0,6260144047205844;0,1547313598766476;0,1392134713238967;0,051698670605613;0,0617495711835334;0,1168989973098557;0,2949155587495508;0,2850544374793797;0,1288220020136717;0,2637299771167048;0,2751322751322751;0,3636363636363636
UNSW-NB15;FGSM;linear;2;15;2048;2;4,442692041397095;45,52240562438965;-0,2696399941699456;0,2628747024243307;0,749165698150509;0,2628747024243307;0,3609492505634223;0,1891795899763382;0,7339189189189189;0,0012794493955704;0,6794839826951157;0,1822203867241214;0,1409480121189555;0,0044313146233382;0,0;0,0034238200048911;0,0018864534674811;0,0021445067634444;0,0001059827248158;0,0011441647597254;0,0026455026455026;0,0;0,2655711023660302;0,5352893197458312;0,2655711023660302;0,3120769609757396;0,1116208275443577;0,5991081081081081;0,1313420982970087;0,6035010291650579;0,176673704692382;0,1125949098136731;0,017725258493353;0,039451114922813;0,0648080215211543;0,2307761408551922;0,3347080171560541;0,0063589634889513;0,2351258581235698;0,2619047619047619;0,3409090909090909
UNSW-NB15;RANDOM_LINF;linear;2;15;2048;2;4,442692041397095;41,70081400871277;-3,679006947480934;0,2628747024243307;0,749165698150509;0,2628747024243307;0,3609492505634223;0,1891795899763382;0,7339189189189189;0,0012794493955704;0,6794839826951157;0,1822203867241214;0,1409480121189555;0,0044313146233382;0,0;0,0034238200048911;0,0018864534674811;0,0021445067634444;0,0001059827248158;0,0011441647597254;0,0026455026455026;0,0;0,2996647718991401;0,5390959905451688;0,2996647718991401;0,3513423395578659;0,1513234293079063;0,6405945945945946;0,191829171446219;0,6464459283250887;0,1552981428278329;0,1335178779837249;0,0443131462333825;0,0531732418524871;0,132061628760088;0,3573481854114265;0,336027713625866;0,0520375178845848;0,2800343249427917;0,2645502645502645;0,4318181818181818
UNSW-NB15;RANDOM_L2;linear;2;15;2048;2;4,442692041397095;31,231776237487797;-0,4712626925132412;0,2628747024243307;0,749165698150509;0,2628747024243307;0,3609492505634223;0,1891795899763382;0,7339189189189189;0,0012794493955704;0,6794839826951157;0,1822203867241214;0,1409480121189555;0,0044313146233382;0,0;0,0034238200048911;0,0018864534674811;0,0021445067634444;0,0001059827248158;0,0011441647597254;0,0026455026455026;0,0;0,2675873293494631;0,5061296356442092;0,2675873293494631;0,3050271957008056;0,1248159071416574;0,7308378378378378;0,1478425836054001;0,6291982319121232;0,1478841086326271;0,1232405705616979;0,0413589364844904;0,0497427101200686;0,0973343115676204;0,2399389148401006;0,2245133619267568;0,0756716655185204;0,2016590389016018;0,1931216931216931;0,2045454545454545
UNSW-NB15;FGSM;linear;2;15;2048;3;4,401524543762207;36,40605115890503;-9,40582033717145;0,4168002720691833;0,7712079167797619;0,4168002720691833;0,4906233332811093;0,3682083296549196;0,6882702702702703;0,0024486014294538;0,6863462440510585;0,1785835646791007;0,197383897328854;0,0044313146233382;0,0;0,0066030814380044;0,0048508803449514;0,0031342791158033;0,0001589740872237;0,0011441647597254;0,0026455026455026;0,0;0,5108584754408978;0,5897845973107819;0,5108584754408978;0,5350969647107918;0,3379770731728211;0,2329189189189189;0,2088590840907085;0,6462451451782375;0,1726726455591654;0,191066182646257;0,0280649926144756;0,0874785591766723;0,1276595744680851;0,3148580668343514;0,4223028703398218;0,0219914153992899;0,6207093821510298;0,5396825396825397;0,5
UNSW-NB15;RANDOM_LINF;linear;2;15;2048;3;4,401524543762207;32,94270086288452;-1,555895642034688;0,4168002720691833;0,7712079167797619;0,4168002720691833;0,4906233332811093;0,3682083296549196;0,6882702702702703;0,0024486014294538;0,6863462440510585;0,1785835646791007;0,197383897328854;0,0044313146233382;0,0;0,0066030814380044;0,0048508803449514;0,0031342791158033;0,0001589740872237;0,0011441647597254;0,0026455026455026;0,0;0,4323592284895302;0,5528929321152781;0,4323592284895302;0,441216574159615;0,2363366185106254;0,2938108108108108;0,3306714903379511;0,6579064671973565;0,1469695328127628;0,1561265366885065;0,0561299852289512;0,0514579759862778;0,1795059916850085;0,4519403521379806;0,4227977565160013;0,2728525250384187;0,3661327231121281;0,365079365079365;0,6136363636363636
UNSW-NB15;RANDOM_L2;linear;2;15;2048;3;4,401524543762207;26,65424919128418;12,071855414662586;0,4168002720691833;0,7712079167797619;0,4168002720691833;0,4906233332811093;0,3682083296549196;0,6882702702702703;0,0024486014294538;0,6863462440510585;0,1785835646791007;0,197383897328854;0,0044313146233382;0,0;0,0066030814380044;0,0048508803449514;0,0031342791158033;0,0001589740872237;0,0011441647597254;0,0026455026455026;0,0;0,2960817179225574;0,5015600150122148;0,2960817179225574;0,3213610933500373;0,1240143484497458;0,6077027027027027;0,2139548222006529;0,6389615532689159;0,1399125085289225;0,1242212610207071;0,0457902511078286;0,0583190394511149;0,1168989973098557;0,2682357168523176;0,2682283074892774;0,189338137883525;0,2474256292906178;0,238095238095238;0,3636363636363636
UNSW-NB15;FGSM;linear;2;20;1024;2;3,91110897064209;33,260568618774414;-2,136471845697907;0,2859519992226594;0,7564233017392513;0,2859519992226594;0,3911158248447322;0,2111005549048128;0,6877837837837838;0,0028015529868525;0,6840004345511396;0,1806619013695981;0,1503889413019572;0,0059084194977843;0,0;0,0078258742968941;0,0057491915199425;0,0029693170570768;0,0002119654496317;0,0011441647597254;0,0026455026455026;0,0;0,3073167176796385;0,5665858035922618;0,3073167176796385;0,3270545412753556;0,1472136888833776;0,4647837837837837;0,1717109326744904;0,6441400198131433;0,1824374211774204;0,1082550000744869;0,0103397341211226;0,0566037735849056;0,0804597701149425;0,2618577075098814;0,3462553612669086;0,046738381643792;0,3870137299771167;0,3915343915343915;0,4090909090909091
UNSW-NB15;RANDOM_LINF;linear;2;20;1024;2;3,91110897064209;27,93058466911316;-5,319924209298938;0,2859519992226594;0,7564233017392513;0,2859519992226594;0,3911158248447322;0,2111005549048128;0,6877837837837838;0,0028015529868525;0,6840004345511396;0,1806619013695981;0,1503889413019572;0,0059084194977843;0,0;0,0078258742968941;0,0057491915199425;0,0029693170570768;0,0002119654496317;0,0011441647597254;0,0026455026455026;0,0;0,3391512413156488;0,5373587252471088;0,3391512413156488;0,3657349319905104;0,1584691213286947;0,4617837837837837;0,2915159269390276;0,667938006809333;0,1618306215543229;0,1289263833655499;0,0546528803545051;0,0514579759862778;0,1516263145023233;0,4112468559108875;0,4109204882876938;0,2209739812410577;0,3260869565217391;0,3333333333333333;0,5227272727272727
UNSW-NB15;RANDOM_L2;linear;2;20;1024;2;3,91110897064209;23,723548650741577;-0,4202497206432509;0,2859519992226594;0,7564233017392513;0,2859519992226594;0,3911158248447322;0,2111005549048128;0,6877837837837838;0,0028015529868525;0,6840004345511396;0,1806619013695981;0,1503889413019572;0,0059084194977843;0,0;0,0078258742968941;0,0057491915199425;0,0029693170570768;0,0002119654496317;0,0011441647597254;0,0026455026455026;0,0;0,2901544964290919;0,5097985410027883;0,2901544964290919;0,3210767429023625;0,1257411341341245;0,6342162162162163;0,1987999647048442;0,6394976264004645;0,1530713960501762;0,1231878357415783;0,0576070901033973;0,04631217838765;0,1022254830031792;0,2544915558749551;0,255361266908611;0,1727518414498436;0,2228260869565217;0,2486772486772486;0,3181818181818182
UNSW-NB15;FGSM;linear;2;20;1024;3;3,967745542526245;30,942031145095825;-2,319875625516199;0,5171743671962299;0,7885350961330919;0,5171743671962299;0,5947003591144899;0,4420427196529504;0,4627297297297297;0,0018971146210182;0,6470807168720907;0,1776787123491566;0,2227810015764818;0,0044313146233382;0,0;0,0070921985815602;0,002694933524973;0,0026393929396238;0,0001059827248158;0,0014302059496567;0,0026455026455026;0,0;0,5403731234513919;0,6622323291798046;0,5403731234513919;0,560084567642879;0,3837131546888425;0,2849189189189189;0,1798949969116738;0,5987526044497279;0,1627220227562343;0,204698912785204;0,1225997045790251;0,1663807890222984;0,1078503301540719;0,1862199065756378;0,5037941273507094;0,028509352975465;0,465675057208238;0,6084656084656085;0,25
UNSW-NB15;RANDOM_LINF;linear;2;20;1024;3;3,967745542526245;27,0898654460907;3,2247485789243524;0,5171743671962299;0,7885350961330919;0,5171743671962299;0,5947003591144899;0,4420427196529504;0,4627297297297297;0,0018971146210182;0,6470807168720907;0,1776787123491566;0,2227810015764818;0,0044313146233382;0,0;0,0070921985815602;0,002694933524973;0,0026393929396238;0,0001059827248158;0,0014302059496567;0,0026455026455026;0,0;0,4849268814069863;0,587585752099966;0,4849268814069863;0,496423695896434;0,2944896333274846;0,2896486486486486;0,285052501544163;0,621542128189857;0,1551212192576536;0,1751035666174264;0,1521418020679468;0,1869639794168096;0,2247493274639276;0,3249191519942508;0,521774991751897;0,1723809019129882;0,4370709382151029;0,5634920634920635;0,3863636363636363
UNSW-NB15;RANDOM_L2;linear;2;20;1024;3;3,967745542526245;24,26641798019409;16,392168294223385;0,5171743671962299;0,7885350961330919;0,5171743671962299;0,5947003591144899;0,4420427196529504;0,4627297297297297;0,0018971146210182;0,6470807168720907;0,1776787123491566;0,2227810015764818;0,0044313146233382;0,0;0,0070921985815602;0,002694933524973;0,0026393929396238;0,0001059827248158;0,0014302059496567;0,0026455026455026;0,0;0,353252684253996;0,5362506209897304;0,353252684253996;0,382518765778928;0,1974810426865805;0,6067837837837838;0,1722183005382511;0,6153177903267926;0,1513651766473104;0,1404165360152392;0,0856720827178729;0,1269296740994854;0,1254585473220836;0,2010420409629895;0,3003959089409436;0,1104339992581209;0,2605835240274599;0,2724867724867725;0,1136363636363636
UNSW-NB15;FGSM;linear;2;20;2048;2;3,831652164459229;33,99585199356079;18,319729874168004;0,5369115289316426;0,7938041855407448;0,5369115289316426;0,611950042637351;0,4585340176312187;0,4215945945945946;0,0024044824847789;0,6602845887787694;0,1728713916783839;0,2299400257426513;0,0059084194977843;0,0;0,0097823428711176;0,0024254401724757;0,0044539755856153;0,0002649568120396;0,0014302059496567;0,0026455026455026;0,0;0,3537142301899625;0,5526611444390445;0,3537142301899625;0,3568532592219995;0,180005197498492;0,3842702702702703;0,1945424865437219;0,5867016448813176;0,1431100059284876;0,1254479658403825;0,0472673559822747;0,0874785591766723;0,0909757887013939;0,150197628458498;0,3474100956779941;0,2145620263896984;0,1238558352402746;0,1878306878306878;0,75
UNSW-NB15;RANDOM_LINF;linear;2;20;2048;2;3,831652164459229;28,223922967910767;7,676237671865133;0,5369115289316426;0,7938041855407448;0,5369115289316426;0,611950042637351;0,4585340176312187;0,4215945945945946;0,0024044824847789;0,6602845887787694;0,1728713916783839;0,2299400257426513;0,0059084194977843;0,0;0,0097823428711176;0,0024254401724757;0,0044539755856153;0,0002649568120396;0,0014302059496567;0,0026455026455026;0,0;0,4601491522129913;0,6252346022659199;0,4601491522129913;0,4907892654029765;0,2980270814435737;0,3038378378378378;0,2407791405629577;0,6433990418740392;0,1522243177651724;0,1781299020285898;0,0324963072378138;0,0514579759862778;0,1051601858645145;0,2397592526051024;0,3784229627185747;0,2186423612951089;0,3409610983981693;0,3439153439153439;0,5
UNSW-NB15;RANDOM_L2;linear;2;20;2048;2;3,831652164459229;22,898168563842773;21,089005489967448;0,5369115289316426;0,7938041855407448;0,5369115289316426;0,611950042637351;0,4585340176312187;0,4215945945945946;0,0024044824847789;0,6602845887787694;0,1728713916783839;0,2299400257426513;0,0059084194977843;0,0;0,0097823428711176;0,0024254401724757;0,0044539755856153;0,0002649568120396;0,0014302059496567;0,0026455026455026;0,0;0,3260214740319681;0,552845490710686;0,3260214740319681;0,360211187339567;0,1704456415111678;0,5974054054054054;0,1677622871260919;0,6271878560392892;0,146567904528544;0,1374301547832029;0,0384047267355982;0,0514579759862778;0,0851063829787234;0,1841537908731584;0,2413394919168591;0,1509194001377775;0,2139588100686499;0,1984126984126984;0,3863636363636363
UNSW-NB15;FGSM;linear;2;20;2048;3;3,9497132301330566;31,49218249320984;-3,960792887334208;0,3870669970363892;0,76915203964452;0,3870669970363892;0,4884703403074387;0,2836458274007589;0,4225945945945946;0,0044339539398217;0,6732341982573188;0,1860608065819395;0,1713193457314843;0,0044313146233382;0,0102915951972555;0,0124724871606749;0,0091627739849083;0,0028043549983503;0,0009008531609347;0,0011441647597254;0,0026455026455026;0,0;0,4266749259097313;0,6083192175208787;0,4266749259097313;0,4522361413562147;0,2581445351997756;0,26;0,1667475513985705;0,6246214903886749;0,1919457793992591;0,1534844152973495;0,0103397341211226;0,0651801029159519;0,0877965272682807;0,2696730147323032;0,3858462553612669;0,0132478406019818;0,3924485125858123;0,4682539682539682;0,3409090909090909
UNSW-NB15;RANDOM_LINF;linear;2;20;2048;3;3,9497132301330566;23,43484306335449;-7,2159063304668924;0,3870669970363892;0,76915203964452;0,3870669970363892;0,4884703403074387;0,2836458274007589;0,4225945945945946;0,0044339539398217;0,6732341982573188;0,1860608065819395;0,1713193457314843;0,0044313146233382;0,0102915951972555;0,0124724871606749;0,0091627739849083;0,0028043549983503;0,0009008531609347;0,0011441647597254;0,0026455026455026;0,0;0,4592260603410582;0,6031500891020546;0,4592260603410582;0,4753174869999858;0,2813446640436541;0,2436486486486486;0,2454557486984911;0,6337644227735674;0,1693720507353428;0,1651083991776932;0,0635155096011816;0,0668953687821612;0,1406211787723159;0,3901365432985986;0,4320356318046849;0,1123946796672142;0,3501144164759725;0,3888888888888889;0,3636363636363636
UNSW-NB15;RANDOM_L2;linear;2;20;2048;3;3,9497132301330566;20,791460514068604;0,7506194432298496;0,3870669970363892;0,76915203964452;0,3870669970363892;0,4884703403074387;0,2836458274007589;0,4225945945945946;0,0044339539398217;0,6732341982573188;0,1860608065819395;0,1713193457314843;0,0044313146233382;0,0102915951972555;0,0124724871606749;0,0091627739849083;0,0028043549983503;0,0009008531609347;0,0011441647597254;0,0026455026455026;0,0;0,3795608026040907;0,55386846360424;0,3795608026040907;0,406094643518786;0,205912504110142;0,4554594594594595;0,1999691167387276;0,6176716017064114;0,1624527432888278;0,1470693144219939;0,051698670605613;0,0497427101200686;0,1137197358767424;0,283596837944664;0,3096337842296272;0,1290339674633034;0,2694508009153318;0,2962962962962963;0,2954545454545454
UNSW-NB15;FGSM;linear;4;5;1024;2;17,68843412399292;24,399829149246216;28,842977214205906;0,4175411747558665;0,7695974823817249;0,4175411747558665;0,4827363941673315;0,3654723849653525;0,7131891891891892;0,0043015971057972;0,6573898711364682;0,170725264837773;0,2014951428386808;0,0044313146233382;0,0;0,0012227928588897;0,0022457779374775;0,0252391949851534;0,0001589740872237;0,0011441647597254;0,0052910052910052;0,0;0,1291114026138075;0,1404259776822217;0,1291114026138075;0,091500848319184;-0,1034245463413806;0,904918918918919;0,2164034236301067;0,375425697207672;0,1155999493098397;0,0382363206563818;0,9098966026587888;0,8198970840480274;0,6397652237710931;0,2863816025871362;0,4008578027053777;0,0033384558316994;0,1132723112128146;0,0476190476190476;0,1136363636363636
UNSW-NB15;RANDOM_LINF;linear;4;5;1024;2;17,68843412399292;66,25857329368591;23,033571393868726;0,4175411747558665;0,7695974823817249;0,4175411747558665;0,4827363941673315;0,3654723849653525;0,7131891891891892;0,0043015971057972;0,6573898711364682;0,170725264837773;0,2014951428386808;0,0044313146233382;0,0;0,0012227928588897;0,0022457779374775;0,0252391949851534;0,0001589740872237;0,0011441647597254;0,0052910052910052;0,0;0,1872054608171792;0,6151908193346783;0,1872054608171792;0,1536907528893139;0,1086864465503158;0,9894594594594596;0,001676519897644;0,5997583237173115;0,1504634735348698;0,0911584923082461;0,001477104874446;0,0;0,0004891171435558;0,0015271289974847;0,0024744308808973;0,0014837581474219;0,0031464530892448;0,0;0,0454545454545454
UNSW-NB15;RANDOM_L2;linear;4;5;1024;2;17,68843412399292;50,84601163864136;24,5117329835301;0,4175411747558665;0,7695974823817249;0,4175411747558665;0,4827363941673315;0,3654723849653525;0,7131891891891892;0,0043015971057972;0,6573898711364682;0,170725264837773;0,2014951428386808;0,0044313146233382;0,0;0,0012227928588897;0,0022457779374775;0,0252391949851534;0,0001589740872237;0,0011441647597254;0,0052910052910052;0,0;0,1724238449205655;0,6089101986849952;0,1724238449205655;0,1280485393622439;0,0884779605037211;0,9986216216216216;0,0001985352510367;0,6037188705185136;0,1462967570679879;0,0801310597501439;0,0;0,0;0,0004891171435558;8,983111749910169e-05;0,0001649620587264;0,0002119654496317;0,0002860411899313;0,0;0,0
UNSW-NB15;FGSM;linear;4;5;1024;3;17,878086805343628;23,09044075012207;40,8528883058835;0,5324418209201769;0,7604182787204004;0,5324418209201769;0,599216568946611;0,4491506751492499;0,4557027027027027;0,0063751875055148;0,6708938236042199;0,1789302054857103;0,2300007315343679;0,0059084194977843;0,0;0,0090486671557838;0,0056593604024434;0,0277136258660508;0,0003179481744475;0,0022883295194508;0,0079365079365079;0,0;0,1239129378613418;0,131718659180887;0,1239129378613418;0,0831687752722035;-0,1231478610118232;0,9192432432432432;0,2175284567193152;0,3552028802291263;0,0942086716236976;0,0373229466703448;0,9542097488921714;0,8593481989708405;0,6549278552213255;0,2951850521020481;0,3790828109534807;0,0034444385565152;0,1041189931350114;0,0476190476190476;0,1136363636363636
UNSW-NB15;RANDOM_LINF;linear;4;5;1024;3;17,878086805343628;69,68353295326233;33,16450468833504;0,5324418209201769;0,7604182787204004;0,5324418209201769;0,599216568946611;0,4491506751492499;0,4557027027027027;0,0063751875055148;0,6708938236042199;0,1789302054857103;0,2300007315343679;0,0059084194977843;0,0;0,0090486671557838;0,0056593604024434;0,0277136258660508;0,0003179481744475;0,0022883295194508;0,0079365079365079;0,0;0,2007967740368265;0,5768514883032373;0,2007967740368265;0,1623625676664833;0,1212550894370391;0,9873513513513512;0,0028015529868525;0,617319631590977;0,1492963553787082;0,0949881494889914;0,0;0,0;0,0004891171435558;0,0018864534674811;0,0011547344110854;0,0048222139791214;0,0011441647597254;0,0;0,0454545454545454
UNSW-NB15;RANDOM_L2;linear;4;5;1024;3;17,878086805343628;53,33488988876343;35,04955545838799;0,5324418209201769;0,7604182787204004;0,5324418209201769;0,599216568946611;0,4491506751492499;0,4557027027027027;0,0063751875055148;0,6708938236042199;0,1789302054857103;0,2300007315343679;0,0059084194977843;0,0;0,0090486671557838;0,0056593604024434;0,0277136258660508;0,0003179481744475;0,0022883295194508;0,0079365079365079;0,0;0,1819462663362969;0,5297489831793748;0,1819462663362969;0,1339985418532946;0,0980011543538973;0,999;0,0003529515573987;0,6135455116963927;0,1434560933226064;0,0829740756883645;0,0;0,0;0,0;8,983111749910169e-05;0,0;0,0007418790737109;0,0;0,0026455026455026;0,0
UNSW-NB15;FGSM;linear;4;5;2048;2;17,705045700073242;21,19971489906311;19,840402273721036;0,3328960792887334;0,7390913495722085;0,3328960792887334;0,4256133175812132;0,260554519575454;0,6888648648648649;0,0062428306714903;0,6613720708242081;0,1706465293585432;0,174566750523791;0,0059084194977843;0,0;0,0114942528735632;0,0072763205174272;0,02210491586935;0,000688887711303;0,000858123569794;0,0026455026455026;0,0;0,1344920565515231;0,1440267591471946;0,1344920565515231;0,0953479300152851;-0,1104947665879334;0,8942432432432432;0,233102444189535;0,3511300464426053;0,0807133916350122;0,0368032088509407;0,9556868537666174;0,855917667238422;0,6742479823917829;0,3229428674092706;0,4226327944572748;0,0044512744422659;0,1132723112128146;0,0555555555555555;0,1363636363636363
UNSW-NB15;RANDOM_LINF;linear;4;5;2048;2;17,705045700073242;68,58565759658813;14,129378613418842;0,3328960792887334;0,7390913495722085;0,3328960792887334;0,4256133175812132;0,260554519575454;0,6888648648648649;0,0062428306714903;0,6613720708242081;0,1706465293585432;0,174566750523791;0,0059084194977843;0,0;0,0114942528735632;0,0072763205174272;0,02210491586935;0,000688887711303;0,000858123569794;0,0026455026455026;0,0;0,191602293154545;0,555062548071575;0,191602293154545;0,1555975914269494;0,1100497163180372;0,9876756756756756;0,0034853966293126;0,6188481023389191;0,1489313960138923;0,0909395492648132;0,0;0,0017152658662092;0,0004891171435558;0,0027847646424721;0,0026393929396238;0,005087170791161;0,0025743707093821;0,0052910052910052;0,0227272727272727
UNSW-NB15;RANDOM_L2;linear;4;5;2048;2;17,705045700073242;52,22776818275452;15,48000777340524;0,3328960792887334;0,7390913495722085;0,3328960792887334;0,4256133175812132;0,260554519575454;0,6888648648648649;0,0062428306714903;0,6613720708242081;0,1706465293585432;0,174566750523791;0,0059084194977843;0,0;0,0114942528735632;0,0072763205174272;0,02210491586935;0,000688887711303;0,000858123569794;0,0026455026455026;0,0;0,178096001554681;0,5349206317581351;0,178096001554681;0,1322480577189749;0,0936650033083775;0,9985675675675676;0,0004853083914232;0,6205972861919664;0,1439262753989049;0,081560193076487;0,0;0,0;0,0;0,0001796622349982;0,0008248102936324;0,0006358963488951;0,0005720823798627;0,0026455026455026;0,0
UNSW-NB15;FGSM;linear;4;5;2048;3;18,39810085296631;53,44800686836243;18,316086090463006;0,3158067337122868;0,719089035709883;0,3158067337122868;0,3909929507187991;0,2393939129895928;0,7543783783783784;0,0058678196417541;0,6551488383762117;0,1694894227649668;0,1611196900849635;0,0059084194977843;0,0;0,0088041085840058;0,0052102048149478;0,0258990432200593;0,0003709395368554;0,000858123569794;0,0026455026455026;0,0;0,1326458728076568;0,1407095279424906;0,1326458728076568;0,0933600919510563;-0,1030669377329507;0,8986756756756756;0,2330803847171975;0,3768499947653945;0,0950456411111994;0,036877371884658;0,9409158050221564;0,8507718696397941;0,6786500366837858;0,3343514193316564;0,4077862091718904;0,0045042658046738;0,1009725400457665;0,0529100529100529;0,1363636363636363
UNSW-NB15;RANDOM_LINF;linear;4;5;2048;3;18,39810085296631;69,72232937812805;13,715201865617258;0,3158067337122868;0,719089035709883;0,3158067337122868;0,3909929507187991;0,2393939129895928;0,7543783783783784;0,0058678196417541;0,6551488383762117;0,1694894227649668;0,1611196900849635;0,0059084194977843;0,0;0,0088041085840058;0,0052102048149478;0,0258990432200593;0,0003709395368554;0,000858123569794;0,0026455026455026;0,0;0,1786547150561142;0,5816464408640619;0,1786547150561142;0,1439247664170364;0,0945958833868307;0,9877567567567568;0,0022059472337421;0,6114596950626812;0,1492732516778716;0,0871845220639465;0,0;0,0;0,0007336757153338;0,0028745957599712;0,0036291652919828;0,0018017063218695;0,0020022883295194;0,0;0,0454545454545454
UNSW-NB15;RANDOM_L2;linear;4;5;2048;3;18,39810085296631;54,482381105422974;14,798620220570374;0,3158067337122868;0,719089035709883;0,3158067337122868;0,3909929507187991;0,2393939129895928;0,7543783783783784;0,0058678196417541;0,6551488383762117;0,1694894227649668;0,1611196900849635;0,0059084194977843;0,0;0,0088041085840058;0,0052102048149478;0,0258990432200593;0,0003709395368554;0,000858123569794;0,0026455026455026;0,0;0,1678205315065831;0,5940889031533552;0,1678205315065831;0,1215329289264002;0,0801852296373996;0,9983513513513512;0,0001985352510367;0,6093977989528858;0,1453969993985468;0,0789145676347998;0,0;0,0;0,0;0,0003593244699964;0,0003299241174529;0,0001589740872237;0,0;0,0;0,0
UNSW-NB15;FGSM;linear;4;10;1024;2;9,916773557662964;19,169647216796875;24,900403245396685;0,3560705436525287;0,7272727533403568;0,3560705436525287;0,4392606596969036;0,2695167534508508;0,6731891891891892;0,0110959145857231;0,679143236268015;0,1749174685977832;0,1786111849986653;0,0073855243722304;0,0;0,0117388114453411;0,0231764283147682;0,0278785879247773;0,0006358963488951;0,0022883295194508;0,0079365079365079;0,0;0,1070665111985619;0,1382052467506644;0,1070665111985619;0,0928709205792881;-0,1155150050756501;0,8962972972972973;0,2310509132621547;0,3636526961784393;0,0932258293685419;0,0420632469757709;0,9246676514032496;0,8250428816466552;0,6629982880899975;0,3220445562342796;0,4204882876938304;0,0051401621535689;0,1135583524027459;0,0582010582010582;0,1363636363636363
UNSW-NB15;RANDOM_LINF;linear;4;10;1024;2;9,916773557662964;36,356101512908936;17,21080503327989;0,3560705436525287;0,7272727533403568;0,3560705436525287;0,4392606596969036;0,2695167534508508;0,6731891891891892;0,0110959145857231;0,679143236268015;0,1749174685977832;0,1786111849986653;0,0073855243722304;0,0;0,0117388114453411;0,0231764283147682;0,0278785879247773;0,0006358963488951;0,0022883295194508;0,0079365079365079;0,0;0,1839624933197299;0,5961553123978933;0,1839624933197299;0,1584542497439987;0,1001158520751686;0,9733783783783784;0,0068384364246007;0,6498782933428211;0,1539228595876911;0,0908993027585178;0,0044313146233382;0,0017152658662092;0,0019564685742235;0,0089831117499101;0,0084130649950511;0,0062529807641354;0,0068649885583524;0,0052910052910052;0,0681818181818181
UNSW-NB15;RANDOM_L2;linear;4;10;1024;2;9,916773557662964;28,675294399261475;19,090997425059516;0,3560705436525287;0,7272727533403568;0,3560705436525287;0,4392606596969036;0,2695167534508508;0,6731891891891892;0,0110959145857231;0,679143236268015;0,1749174685977832;0,1786111849986653;0,0073855243722304;0,0;0,0117388114453411;0,0231764283147682;0,0278785879247773;0,0006358963488951;0,0022883295194508;0,0079365079365079;0,0;0,1651605694019336;0,5963154421807129;0,1651605694019336;0,1258485230044066;0,0780020575281222;0,993;0,0015441630636195;0,6391146049325822;0,1482126829193769;0,0788546891627631;0,0;0,0;0,0004891171435558;0,0020661157024793;0,0013196964698119;0,0015367495098298;0,0017162471395881;0,0052910052910052;0,0
UNSW-NB15;FGSM;linear;4;10;1024;3;10,15553379058838;23,48478484153748;26,405285915561382;0,3753825972890249;0,7602212375073277;0,3753825972890249;0,4759006833577582;0,2949573986470856;0,5929189189189189;0,0057354628077296;0,6603362704582603;0,1685158739772929;0,1868480942922075;0,0073855243722304;0,0034305317324185;0,0090486671557838;0,0042220625224577;0,0255691191026064;0,0004239308992634;0,0014302059496567;0,0026455026455026;0,0;0,111329738133411;0,1471163311716436;0,111329738133411;0,0925773112023529;-0,137884806788596;0,8959459459459459;0,2433380393540986;0,3270849581799802;0,0767782059600877;0,0357571335070806;0,964549483013294;0,8662092624356775;0,7028613352898019;0,353395616241466;0,4138898053447707;0,0064649462137671;0,1178489702517162;0,0449735449735449;0,1136363636363636
UNSW-NB15;RANDOM_LINF;linear;4;10;1024;3;10,15553379058838;39,26653051376343;18,210416363018023;0,3753825972890249;0,7602212375073277;0,3753825972890249;0,4759006833577582;0,2949573986470856;0,5929189189189189;0,0057354628077296;0,6603362704582603;0,1685158739772929;0,1868480942922075;0,0073855243722304;0,0034305317324185;0,0090486671557838;0,0042220625224577;0,0255691191026064;0,0004239308992634;0,0014302059496567;0,0026455026455026;0,0;0,1932784336588446;0,4864399539698906;0,1932784336588446;0,1662282135659565;0,1079089187565543;0,9773243243243244;0,0133459807641401;0,6261617744787827;0,1490609636693857;0,0940677518829333;0,001477104874446;0,0017152658662092;0,0029347028613352;0,0103305785123966;0,0112174199934015;0,019712786815749;0,0082951945080091;0,0158730158730158;0,0227272727272727
UNSW-NB15;RANDOM_L2;linear;4;10;1024;3;10,15553379058838;32,00786066055298;19,584122819802747;0,3753825972890249;0,7602212375073277;0,3753825972890249;0,4759006833577582;0,2949573986470856;0,5929189189189189;0,0057354628077296;0,6603362704582603;0,1685158739772929;0,1868480942922075;0,0073855243722304;0,0034305317324185;0,0090486671557838;0,0042220625224577;0,0255691191026064;0,0004239308992634;0,0014302059496567;0,0026455026455026;0,0;0,1795413690909974;0,4593196218243515;0,1795413690909974;0,1414622270874265;0,094582080655808;0,995054054054054;0,0033089208506132;0,6179756824159931;0,1449781565696707;0,0851943668071043;0,001477104874446;0,0;0,0009782342871117;0,0017067912324829;0,0034642032332563;0,0054051189656086;0,0005720823798627;0,0026455026455026;0,0
UNSW-NB15;FGSM;linear;4;10;2048;2;9,878557682037354;46,66472935676575;38,97148131953554;0,5299640480007773;0,7643247050499625;0,5299640480007773;0,5933415839574765;0,4529978989885389;0,5055945945945945;0,005492808612018;0,6600503869739532;0,1739018455810791;0,2405185707683334;0,0073855243722304;0,0017152658662092;0,0075813157251161;0,0041322314049586;0,0239194985153414;0,0008478617985268;0,0011441647597254;0,0026455026455026;0,0;0,1402492348054219;0,3806551604730856;0,1402492348054219;0,1074797213555879;-0,0899039673459384;0,8896216216216216;0,2424115415159269;0,3635396884994892;0,0881696789757185;0,0436292260338914;0,9394387001477104;0,8490566037735849;0,6842748838346784;0,3518684872439813;0,4302210491586935;0,0052991362407927;0,11441647597254;0,0661375661375661;0,2272727272727272
UNSW-NB15;RANDOM_LINF;linear;4;10;2048;2;9,878557682037354;40,441720485687256;33,938201428363215;0,5299640480007773;0,7643247050499625;0,5299640480007773;0,5933415839574765;0,4529978989885389;0,5055945945945945;0,005492808612018;0,6600503869739532;0,1739018455810791;0,2405185707683334;0,0073855243722304;0,0017152658662092;0,0075813157251161;0,0041322314049586;0,0239194985153414;0,0008478617985268;0,0011441647597254;0,0026455026455026;0,0;0,1905820337171452;0,5582801579220991;0,1905820337171452;0,1556958629869087;0,1025450893940428;0,9708648648648648;0,0078752316244595;0,6291288899549391;0,1546294930136369;0,0825362190697785;0,0;0,0017152658662092;0,0029347028613352;0,0093424362199065;0,0102276476410425;0,0071538339250702;0,0100114416475972;0,0132275132275132;0,0681818181818181
UNSW-NB15;RANDOM_L2;linear;4;10;2048;2;9,878557682037354;32,84577703475952;35,8281105766895;0,5299640480007773;0,7643247050499625;0,5299640480007773;0,5933415839574765;0,4529978989885389;0,5055945945945945;0,005492808612018;0,6600503869739532;0,1739018455810791;0,2405185707683334;0,0073855243722304;0,0017152658662092;0,0075813157251161;0,0041322314049586;0,0239194985153414;0,0008478617985268;0,0011441647597254;0,0026455026455026;0,0;0,1716829422338823;0,5507884584046534;0,1716829422338823;0,1209877963954059;0,0816815297009602;0,992891891891892;0,0019412335656931;0,626369554984452;0,150101009655232;0,0715599301328851;0,0;0,0;0,0017119100024455;0,0021559468199784;0,0024744308808973;0,0017487149594616;0,0025743707093821;0,0;0,0
UNSW-NB15;FGSM;linear;4;10;2048;3;10,139794111251833;33,15390062332153;20,71733955205752;0,3475440897828304;0,7362986782353854;0,3475440897828304;0,4394183751247854;0,2711836823867897;0,6691891891891892;0,0064193064501897;0,6617961080891267;0,1723211381649828;0,1782115043266247;0,0073855243722304;0,0;0,0097823428711176;0,0078153072224218;0,0252391949851534;0,0001059827248158;0,000858123569794;0,0026455026455026;0,0;0,1403706942622552;0,1732963083917033;0,1403706942622552;0,0990822637593108;-0,070677445157162;0,8937027027027027;0,2126974322774199;0,3456643004194329;0,0817776887863613;0,037712527562585;0,8183161004431314;0,7324185248713551;0,6336512594766447;0,2943765720445562;0,3891454965357968;0,0042393089926342;0,0929633867276888;0,0608465608465608;0,1363636363636363
UNSW-NB15;RANDOM_LINF;linear;4;10;2048;3;10,139794111251833;37,31915235519409;15,012388864596996;0,3475440897828304;0,7362986782353854;0,3475440897828304;0,4394183751247854;0,2711836823867897;0,6691891891891892;0,0064193064501897;0,6617961080891267;0,1723211381649828;0,1782115043266247;0,0073855243722304;0,0;0,0097823428711176;0,0078153072224218;0,0252391949851534;0,0001059827248158;0,000858123569794;0,0026455026455026;0,0;0,1974202011368605;0,579959666214164;0,1974202011368605;0,1677800902792042;0,1143513540043618;0,9798648648648648;0,0040589429100855;0,6261103074692592;0,1540908127930085;0,094445815320346;0,001477104874446;0,0;0,0029347028613352;0,0057491915199425;0,0069284064665127;0,0020136717715012;0,006578947368421;0,0079365079365079;0,0227272727272727
UNSW-NB15;RANDOM_L2;linear;4;10;2048;3;10,139794111251833;29,74754786491394;16,55613856094835;0,3475440897828304;0,7362986782353854;0,3475440897828304;0,4394183751247854;0,2711836823867897;0,6691891891891892;0,0064193064501897;0,6617961080891267;0,1723211381649828;0,1782115043266247;0,0073855243722304;0,0;0,0097823428711176;0,0078153072224218;0,0252391949851534;0,0001059827248158;0,000858123569794;0,0026455026455026;0,0;0,1819827041733469;0,5709930231758495;0,1819827041733469;0,139934354969146;0,0965044837905414;0,995837837837838;0,0008603194211594;0,6212139239803951;0,1487037116183957;0,0827041740457252;0,0;0,0;0,0;0,0014372978799856;0,0021445067634444;0,0003709395368554;0,000858123569794;0,0;0,0
UNSW-NB15;FGSM;linear;4;15;1024;2;7,297950744628906;46,09898924827576;31,78715444784531;0,4426589904289948;0,7539729591024469;0,4426589904289948;0,5380643150593394;0,3468199145530159;0,4530540540540541;0,0077208153180975;0,679172093282505;0,180958171126959;0,2057996331873523;0,0059084194977843;0,0;0,0070921985815602;0,0158102766798418;0,021115143516991;0,0004239308992634;0,0011441647597254;0,0026455026455026;0,0;0,1247874459505417;0,1490574686605497;0,1247874459505417;0,0945918682745634;-0,1114516424827835;0,8981351351351351;0,2450586781964175;0,3937029661792184;0,1059986940452364;0,0410462401859158;0,93205317577548;0,8747855917667239;0,6784054781120078;0,331297161336687;0,4618937644341801;0,0056170844152403;0,1578947368421052;0,0978835978835978;0,25
UNSW-NB15;RANDOM_LINF;linear;4;15;1024;2;7,297950744628906;29,953657627105716;23,25098382160035;0,4426589904289948;0,7539729591024469;0,4426589904289948;0,5380643150593394;0,3468199145530159;0,4530540540540541;0,0077208153180975;0,679172093282505;0,180958171126959;0,2057996331873523;0,0059084194977843;0,0;0,0070921985815602;0,0158102766798418;0,021115143516991;0,0004239308992634;0,0011441647597254;0,0026455026455026;0,0;0,2101491522129913;0,5186188659031044;0,2101491522129913;0,2051620795474477;0,108872106438265;0,907945945945946;0,0323391864466601;0,6592551014390523;0,1528536558609071;0,0996265409411507;0,0073855243722304;0,0120068610634648;0,0200538028857911;0,0553359683794466;0,0405806664467172;0,0196068040909331;0,0354691075514874;0,0317460317460317;0,0909090909090909
UNSW-NB15;RANDOM_L2;linear;4;15;1024;2;7,297950744628906;28,252437829971317;26,02147403196813;0,4426589904289948;0,7539729591024469;0,4426589904289948;0,5380643150593394;0,3468199145530159;0,4530540540540541;0,0077208153180975;0,679172093282505;0,180958171126959;0,2057996331873523;0,0059084194977843;0,0;0,0070921985815602;0,0158102766798418;0,021115143516991;0,0004239308992634;0,0011441647597254;0,0026455026455026;0,0;0,1824442501093135;0,5016707826626028;0,1824442501093135;0,1490273250272992;0,0893325480118921;0,9702972972972972;0,0113385687814347;0,6444502980278205;0,1461632400193556;0,0847992586969069;0,0044313146233382;0,0034305317324185;0,0083149914404499;0,0176068990298239;0,0158363576377433;0,0075247734619257;0,0094393592677345;0,0185185185185185;0,0227272727272727
UNSW-NB15;FGSM;linear;4;15;1024;3;7,44542670249939;55,850059032440186;39,70631103337706;0,4915707136957684;0,731238223049972;0,4915707136957684;0,5441984884470966;0,4137201063186406;0,6046486486486486;0,0111179740580605;0,6713082383471196;0,1733245922972994;0,2243931679105046;0,0059084194977843;0,0102915951972555;0,0139398385913426;0,0220086237872799;0,0270537776311448;0,0009008531609347;0,0022883295194508;0,0079365079365079;0,0;0,0945076033619977;0,1475539603026949;0,0945076033619977;0,0973206362568562;-0,1258642978911035;0,8658918918918919;0,2892438012882732;0,3719711092990031;0,0974093630250932;0,032344480775553;0,9778434268833088;0,902229845626072;0,7625336268036195;0,4399928135106;0,4978554932365556;0,0084786179852684;0,1925057208237986;0,1243386243386243;0,2272727272727272
UNSW-NB15;RANDOM_LINF;linear;4;15;1024;3;7,44542670249939;30,82042598724365;29,183063693339168;0,4915707136957684;0,731238223049972;0,4915707136957684;0,5441984884470966;0,4137201063186406;0,6046486486486486;0,0111179740580605;0,6713082383471196;0,1733245922972994;0,2243931679105046;0,0059084194977843;0,0102915951972555;0,0139398385913426;0,0220086237872799;0,0270537776311448;0,0009008531609347;0,0022883295194508;0,0079365079365079;0,0;0,1997400767623767;0,5183121706123525;0,1997400767623767;0,1925101056024655;0,1064461631360882;0,936891891891892;0,027155210447366;0,639330941710319;0,1495818326066828;0,0995976397722679;0,0029542097488921;0,0051457975986277;0,0127170457324529;0,0356629536471433;0,0272187396898713;0,0259127762174765;0,0311784897025171;0,0264550264550264;0,0909090909090909
UNSW-NB15;RANDOM_L2;linear;4;15;1024;3;7,44542670249939;28,443139791488647;31,48350580576204;0,4915707136957684;0,731238223049972;0,4915707136957684;0,5441984884470966;0,4137201063186406;0,6046486486486486;0,0111179740580605;0,6713082383471196;0,1733245922972994;0,2243931679105046;0,0059084194977843;0,0102915951972555;0,0139398385913426;0,0220086237872799;0,0270537776311448;0,0009008531609347;0,0022883295194508;0,0079365079365079;0,0;0,176735655638148;0,4968378131580487;0,176735655638148;0,1506118033634785;0,0864806130543993;0,9772432432432432;0,0110959145857231;0,6344823355767767;0,144167868028861;0,0878475442051125;0,0029542097488921;0,0;0,0044020542920029;0,0113187208048868;0,010722533817222;0,0133538233267977;0,0094393592677345;0,0158730158730158;0,0227272727272727
UNSW-NB15;FGSM;linear;4;15;2048;2;7,445128679275513;11,779654026031494;34,04387115580819;0,4671695088179565;0,7743484164521202;0,4671695088179565;0,5355880470770009;0,4099379584514653;0,6279189189189189;0,0069046148416129;0,6634056104464463;0,1711668575260518;0,2236316192568321;0,0059084194977843;0,0;0,0041574957202249;0,0066475026949335;0,0339821840976575;0,0002649568120396;0,0014302059496567;0,0052910052910052;0,0;0,1267307972598746;0,1509150733500079;0,1267307972598746;0,099591332257262;-0,1149745895361988;0,8928378378378379;0,2408232595076326;0,3602948747343439;0,0999841250240019;0,0447439268384823;0,9512555391432792;0,8576329331046312;0,6928344338469064;0,3573481854114265;0,4038271197624546;0,0043982830798579;0,1124141876430206;0,0582010582010582;0,3636363636363636
UNSW-NB15;RANDOM_LINF;linear;4;15;2048;2;7,445128679275513;27,840562105178837;27,26036049166788;0,4671695088179565;0,7743484164521202;0,4671695088179565;0,5355880470770009;0,4099379584514653;0,6279189189189189;0,0069046148416129;0,6634056104464463;0,1711668575260518;0,2236316192568321;0,0059084194977843;0,0;0,0041574957202249;0,0066475026949335;0,0339821840976575;0,0002649568120396;0,0014302059496567;0,0052910052910052;0,0;0,1945659039012777;0,4943901236726905;0,1945659039012777;0,1633017107365545;0,1055897136366109;0,9692972972972972;0,0161254742786552;0,6254809648765658;0,1517982826245268;0,0922108883663003;0,0044313146233382;0,0034305317324185;0,0036683785766691;0,0159899389148401;0,0092378752886836;0,0236341476339356;0,0074370709382151;0,0105820105820105;0,0227272727272727
UNSW-NB15;RANDOM_L2;linear;4;15;2048;2;7,445128679275513;23,669151544570923;29,439343147257446;0,4671695088179565;0,7743484164521202;0,4671695088179565;0,5355880470770009;0,4099379584514653;0,6279189189189189;0,0069046148416129;0,6634056104464463;0,1711668575260518;0,2236316192568321;0,0059084194977843;0,0;0,0041574957202249;0,0066475026949335;0,0339821840976575;0,0002649568120396;0,0014302059496567;0,0052910052910052;0,0;0,1727760773453821;0,4870484616232917;0,1727760773453821;0,1289585185608733;0,0809422452950283;0,9887567567567568;0,005757522280067;0,6217171308464728;0,1466839376970793;0,0776961498125113;0,0;0,0;0,0019564685742235;0,0054796981674452;0,0039590894094358;0,0084786179852684;0,0020022883295194;0,0;0,0227272727272727
UNSW-NB15;FGSM;linear;4;15;2048;3;7,286185503005981;68,01928687095642;37,88320458630909;0,4869674002817859;0,7622415664314496;0,4869674002817859;0,5558351413332984;0,4231693013339753;0,5801891891891892;0,0071472690373246;0,6644326574363555;0,1709543149002991;0,2254631521281715;0,0059084194977843;0,0;0,0119833700171191;0,0091627739849083;0,0249092708677004;0,0002119654496317;0,0037185354691075;0,0026455026455026;0,0;0,108135354418695;0,1469252217683373;0,108135354418695;0,0906166195829883;-0,1394534127546693;0,8892702702702703;0,2482573016853436;0,3835792005367614;0,1010086381811329;0,0333993911440708;0,9512555391432792;0,8576329331046312;0,6989483981413549;0,3730686309737693;0,4194985153414715;0,0063059721265433;0,1158466819221968;0,0687830687830687;0,1363636363636363
UNSW-NB15;RANDOM_LINF;linear;4;15;2048;3;7,286185503005981;36,41236639022827;27,46198319001117;0,4869674002817859;0,7622415664314496;0,4869674002817859;0,5558351413332984;0,4231693013339753;0,5801891891891892;0,0071472690373246;0,6644326574363555;0,1709543149002991;0,2254631521281715;0,0059084194977843;0,0;0,0119833700171191;0,0091627739849083;0,0249092708677004;0,0002119654496317;0,0037185354691075;0,0026455026455026;0,0;0,2123475683816742;0,5324398669349417;0,2123475683816742;0,1908498579942322;0,1269092367809314;0,9561351351351352;0,0179564104826612;0,6296467730545324;0,1516991160421004;0,1054461129470647;0,0;0,0034305317324185;0,0070921985815602;0,0221882860222781;0,0143516991092048;0,0209845795135392;0,0134439359267734;0,0105820105820105;0,0454545454545454
UNSW-NB15;RANDOM_L2;linear;4;15;2048;3;7,286185503005981;31,968159914016724;29,617888548802405;0,4869674002817859;0,7622415664314496;0,4869674002817859;0,5558351413332984;0,4231693013339753;0,5801891891891892;0,0071472690373246;0,6644326574363555;0,1709543149002991;0,2254631521281715;0,0059084194977843;0,0;0,0119833700171191;0,0091627739849083;0,0249092708677004;0,0002119654496317;0,0037185354691075;0,0026455026455026;0,0;0,1907885147937618;0,5124186357021097;0,1907885147937618;0,1544314606986723;0,1069827661517694;0,9855675675675676;0,006750198535251;0,6266707847350976;0,1484159658257306;0,0936129026096549;0,0;0,0;0,0022010271460014;0,0083542939274164;0,0059386341141537;0,0077897302739653;0,0051487414187643;0,0079365079365079;0,0
UNSW-NB15;FGSM;linear;4;20;1024;2;6,059706926345825;38,17788052558899;43,17276393139969;0,5558592041976388;0,7935018041491834;0,5558592041976388;0,6241798751492225;0,4798218920321952;0,4538378378378378;0,0054266301950057;0,6744318502005946;0,1813573351114135;0,2523516505832384;0,0059084194977843;0,0;0,0031792614331132;0,0037729069349622;0,0265588914549653;0,0003709395368554;0,0045766590389016;0,0079365079365079;0,0;0,1241315648836418;0,173914042441023;0,1241315648836418;0,1117356850703662;-0,0301298350872236;0,8934054054054054;0,1944101297096973;0,4714353016036433;0,0986713880782074;0,0561242508705557;0,6868537666174298;0,6260720411663808;0,520909757887014;0,2834171757096658;0,359122401847575;0,0038153780933707;0,1152745995423341;0,0978835978835978;0,2045454545454545
UNSW-NB15;RANDOM_LINF;linear;4;20;1024;2;6,059706926345825;21,931832551956177;30,576203663217218;0,5558592041976388;0,7935018041491834;0,5558592041976388;0,6241798751492225;0,4798218920321952;0,4538378378378378;0,0054266301950057;0,6744318502005946;0,1813573351114135;0,2523516505832384;0,0059084194977843;0,0;0,0031792614331132;0,0037729069349622;0,0265588914549653;0,0003709395368554;0,0045766590389016;0,0079365079365079;0,0;0,2500971675654666;0,5427460285655884;0,2500971675654666;0,2515146684109382;0,1589227705406876;0,9048648648648648;0,032802435365746;0,6638918131881291;0,1639010783674352;0,1236684694854834;0,0044313146233382;0,0051457975986277;0,0188310100269014;0,0565037729069349;0,0409105905641702;0,0205606486142758;0,0348970251716247;0,0343915343915343;0,0909090909090909
UNSW-NB15;RANDOM_L2;linear;4;20;1024;2;6,059706926345825;20,94830060005188;34,01836466987319;0,5558592041976388;0,7935018041491834;0,5558592041976388;0,6241798751492225;0,4798218920321952;0,4538378378378378;0,0054266301950057;0,6744318502005946;0,1813573351114135;0,2523516505832384;0,0059084194977843;0,0;0,0031792614331132;0,0037729069349622;0,0265588914549653;0,0003709395368554;0,0045766590389016;0,0079365079365079;0,0;0,2156755574989068;0,5054657179713555;0,2156755574989068;0,2005852531491703;0,1254561817041857;0,9478378378378378;0,0236256948733786;0,6496125082817976;0,1584494664726553;0,1066487864420093;0,001477104874446;0,0085763293310463;0,0146735143066764;0,0392561983471074;0,0296931705707687;0,0166392877960892;0,018020594965675;0,0211640211640211;0,0681818181818181
UNSW-NB15;FGSM;linear;4;20;1024;3;6,034743309020996;47,221664905548096;48,016567069912064;0,5801753874556673;0,7611657909462388;0,5801753874556673;0,6217124847446992;0,4934718301014317;0,4475675675675675;0,0073458042883614;0,6916059289588496;0,1828514045557993;0,2501466433956956;0,0073855243722304;0,0;0,0107605771582293;0,0075458138699245;0,0298581326294952;0,0003179481744475;0,0028604118993135;0,0079365079365079;0,0;0,1000097167565466;0,1671322842552792;0,1000097167565466;0,0999910672427296;-0,1029849997464954;0,8707297297297297;0,2466910791493867;0,4031635182120351;0,1054273526950393;0,0342317831473477;0,9010339734121122;0,8061749571183533;0,6659329909513328;0,351598993891484;0,4630484988452656;0,0068358857506226;0,1367276887871853;0,0952380952380952;0,3636363636363636
UNSW-NB15;RANDOM_LINF;linear;4;20;1024;3;6,034743309020996;24,014464139938354;34,69125006072973;0,5801753874556673;0,7611657909462388;0,5801753874556673;0,6217124847446992;0,4934718301014317;0,4475675675675675;0,0073458042883614;0,6916059289588496;0,1828514045557993;0,2501466433956956;0,0073855243722304;0,0;0,0107605771582293;0,0075458138699245;0,0298581326294952;0,0003179481744475;0,0028604118993135;0,0079365079365079;0,0;0,23326288684837;0,5109351963685919;0,23326288684837;0,2340707362284365;0,1264936880325576;0,8807837837837837;0,0528103767757875;0,6484074144968176;0,155852787608763;0,1036731318357744;0,0088626292466765;0,0222984562607204;0,0308143800440205;0,0996227093065037;0,0742329264269218;0,0233161994594881;0,0635011441647597;0,0608465608465608;0,1136363636363636
UNSW-NB15;RANDOM_L2;linear;4;20;1024;3;6,034743309020996;22,75997376441956;38,355681873390665;0,5801753874556673;0,7611657909462388;0,5801753874556673;0,6217124847446992;0,4934718301014317;0,4475675675675675;0,0073458042883614;0,6916059289588496;0,1828514045557993;0,2501466433956956;0,0073855243722304;0,0;0,0107605771582293;0,0075458138699245;0,0298581326294952;0,0003179481744475;0,0028604118993135;0,0079365079365079;0,0;0,1966185687217606;0,4873744846912562;0,1966185687217606;0,1739828297052285;0,0972184056221206;0,9443783783783783;0,0266699020559428;0,6381437853916962;0,1459372517253321;0,0863905427545209;0,0029542097488921;0,0051457975986277;0,0185864514551235;0,0487782968020122;0,0353018805674694;0,0141486937629166;0,0263157894736842;0,0238095238095238;0,0681818181818181
UNSW-NB15;FGSM;linear;4;20;2048;2;5,94799542427063;59,91946792602539;46,29791575572074;0,5565272312102221;0,7679735752524941;0,5565272312102221;0,6080246491133887;0,4719145701863547;0,4557567567567567;0,0048089649695579;0,6658880882895979;0,1812276605179867;0,2369413133247409;0,0073855243722304;0,0;0,0036683785766691;0,0029644268774703;0,0252391949851534;0,0003179481744475;0,0014302059496567;0,0026455026455026;0,0;0,0935480736530146;0,1209623954622292;0,0935480736530146;0,0794792153895971;-0,1114834082825369;0,9226756756756757;0,241948292596841;0,4187046180997548;0,120868708192711;0,0402631947244518;0,8670605612998523;0,7735849056603774;0,7031058938615798;0,3963348904060366;0,3225008248102936;0,0079487043611891;0,143020594965675;0,0899470899470899;0,0909090909090909
UNSW-NB15;RANDOM_LINF;linear;4;20;2048;2;5,94799542427063;22,68409013748169;34,07302142544819;0,5565272312102221;0,7679735752524941;0,5565272312102221;0,6080246491133887;0,4719145701863547;0,4557567567567567;0,0048089649695579;0,6658880882895979;0,1812276605179867;0,2369413133247409;0,0073855243722304;0,0;0,0036683785766691;0,0029644268774703;0,0252391949851534;0,0003179481744475;0,0014302059496567;0,0026455026455026;0,0;0,2157970169557401;0,5535535295953754;0,2157970169557401;0,2057855723383188;0,1254703849763744;0,926108108108108;0,0239345274861025;0,6417034592669693;0,1618889011744686;0,1011789467129525;0,0044313146233382;0,0034305317324185;0,0107605771582293;0,0321595400646784;0,0257340811613328;0,0232632080970801;0,0205949656750572;0,0211640211640211;0,0681818181818181
UNSW-NB15;RANDOM_L2;linear;4;20;2048;2;5,94799542427063;22,20593762397766;37,00991109167761;0,5565272312102221;0,7679735752524941;0,5565272312102221;0,6080246491133887;0,4719145701863547;0,4557567567567567;0,0048089649695579;0,6658880882895979;0,1812276605179867;0,2369413133247409;0,0073855243722304;0,0;0,0036683785766691;0,0029644268774703;0,0252391949851534;0,0003179481744475;0,0014302059496567;0,0026455026455026;0,0;0,186428120293446;0,5249645266858296;0,186428120293446;0,1574744611504969;0,0938211941390911;0,9626756756756756;0,0138533486279008;0,6362201628656547;0,1559604652650247;0,084186300110961;0,001477104874446;0,0017152658662092;0,0056248471508926;0,0175170679123248;0,0118772682283074;0,0161093741720099;0,0077231121281464;0,0132275132275132;0,0
UNSW-NB15;FGSM;linear;4;20;2048;3;6,064391374588013;53,1704580783844;43,6610309478696;0,556345042024972;0,7804294027592004;0,556345042024972;0,6243735560229806;0,4817179503052669;0,4538648648648649;0,0060663548927909;0,6589571673208577;0,1749015577091729;0,2546198632997191;0,0059084194977843;0,0;0,0085595500122279;0,0070068271649299;0,023094688221709;0,0004769222616713;0,0022883295194508;0,0026455026455026;0,0;0,119734732546276;0,1492366260873829;0,119734732546276;0,1009735161930057;-0,1231922191302734;0,8804594594594595;0,2456542839495279;0,5125930751441594;0,1360254964972108;0,0417428916426627;0,9453471196454948;0,8456260720411664;0,6896551724137931;0,3703736974487963;0,4039920818211811;0,0069948598378464;0,125858123569794;0,0793650793650793;0,2045454545454545
UNSW-NB15;RANDOM_LINF;linear;4;20;2048;3;6,064391374588013;22,611720323562626;32,823203614633435;0,556345042024972;0,7804294027592004;0,556345042024972;0,6243735560229806;0,4817179503052669;0,4538648648648649;0,0060663548927909;0,6589571673208577;0,1749015577091729;0,2546198632997191;0,0059084194977843;0,0;0,0085595500122279;0,0070068271649299;0,023094688221709;0,0004769222616713;0,0022883295194508;0,0026455026455026;0,0;0,2281130058786377;0,545216610945122;0,2281130058786377;0,2367498203733559;0,1261499123698023;0,8757567567567568;0,0438542310067943;0,6355375638586575;0,1590142799410523;0,1104571880671384;0,0059084194977843;0,0034305317324185;0,0239667400342382;0,0603665109593963;0,045529528208512;0,0412272799533676;0,040045766590389;0,0317460317460317;0,1363636363636363
UNSW-NB15;RANDOM_L2;linear;4;20;2048;3;6,064391374588013;21,73687243461609;36,364961375892726;0,556345042024972;0,7804294027592004;0,556345042024972;0,6243735560229806;0,4817179503052669;0,4538648648648649;0,0060663548927909;0,6589571673208577;0,1749015577091729;0,2546198632997191;0,0059084194977843;0,0;0,0085595500122279;0,0070068271649299;0,023094688221709;0,0004769222616713;0,0022883295194508;0,0026455026455026;0,0;0,1926954282660448;0,5251358021417125;0,1926954282660448;0,1811578733970469;0,094937999395527;0,9339189189189188;0,0255228094943968;0,6304955910435546;0,1530891906072327;0,0928719170514783;0,001477104874446;0,0017152658662092;0,0134507214477867;0,0347646424721523;0,0267238535136918;0,0250119230565417;0,0203089244851258;0,0185185185185185;0,0227272727272727
UNSW-NB15;FGSM;linear;8;5;1024;2;34,077696323394775;47,8743417263031;32,93130253121508;0,4671695088179565;0,7527613704286631;0,4671695088179565;0,5595551664196312;0,3684487831971084;0,4082162162162162;0,0095517515221035;0,6663758545886596;0,1705187007980086;0,2102446251560503;0,0073855243722304;0,0017152658662092;0,0061139642944485;0,0115882141573841;0,0318376773342131;0,0037093953685549;0,0020022883295194;0,0079365079365079;0,0;0,1378564835058057;0,1888505849740056;0,1378564835058057;0,0917497115656423;-0,1119738781856637;0,8997297297297298;0,2273449219094679;0,3764521854664688;0,1130978374912397;0,0344314556432615;0,9497784342688332;0,8593481989708405;0,6644656395206652;0,3113546532518864;0,417024084460574;0,0037623867309628;0,1026887871853547;0,0396825396825396;0,1363636363636363
UNSW-NB15;RANDOM_LINF;linear;8;5;1024;2;34,077696323394775;54,14932894706726;31,05111013943545;0,4671695088179565;0,7527613704286631;0,4671695088179565;0,5595551664196312;0,3684487831971084;0,4082162162162162;0,0095517515221035;0,6663758545886596;0,1705187007980086;0,2102446251560503;0,0073855243722304;0,0017152658662092;0,0061139642944485;0,0115882141573841;0,0318376773342131;0,0037093953685549;0,0020022883295194;0,0079365079365079;0,0;0,156658407423602;0,2577998630908487;0,156658407423602;0,0814069358918612;0,0721640222741682;1,0;0,0;0,6256440082632557;0,1498211605626511;0,0546545089004552;0,0;0,0;0,0;0,0;0,0;0,0;0,0;0,0;0,0
UNSW-NB15;RANDOM_L2;linear;8;5;1024;2;34,077696323394775;51,4272620677948;31,519943642812027;0,4671695088179565;0,7527613704286631;0,4671695088179565;0,5595551664196312;0,3684487831971084;0,4082162162162162;0,0095517515221035;0,6663758545886596;0,1705187007980086;0,2102446251560503;0,0073855243722304;0,0017152658662092;0,0061139642944485;0,0115882141573841;0,0318376773342131;0,0037093953685549;0,0020022883295194;0,0079365079365079;0,0;0,1519700723898362;0,2439613844768568;0,1519700723898362;0,0762840584005261;0,0580610285918577;1,0;0,0;0,6221736837433735;0,1450369533481764;0,0520972286624351;0,0;0,0;0,0;0,0;0,0;0,0;0,0;0,0;0,0
UNSW-NB15;FGSM;linear;8;5;1024;3;33,76383090019226;44,55844068527222;42,1925861147549;0,5570130690375553;0,7925617908746116;0,5570130690375553;0,6242301810525438;0,4787175411283528;0,4365405405405405;0,0076766963734227;0,668622049518476;0,1760169975621985;0,2477098336158489;0,0073855243722304;0,0;0,0063585228662264;0,0051203736974487;0,0323325635103926;0,0026495681203963;0,0028604118993135;0,0105820105820105;0,0;0,1350872078900063;0,141106022451681;0,1350872078900063;0,0850392298366541;-0,1128702666576006;0,9128378378378378;0,2170872672725668;0,3678255728978884;0,0983133945731902;0,0334350703521125;0,9394387001477104;0,8524871355060034;0,6554169723648814;0,2898850161696011;0,3940943582975915;0,0034444385565152;0,0946796338672768;0,0291005291005291;0,1136363636363636
UNSW-NB15;RANDOM_LINF;linear;8;5;1024;3;33,76383090019226;55,3116180896759;40,60511101394355;0,5570130690375553;0,7925617908746116;0,5570130690375553;0,6242301810525438;0,4787175411283528;0,4365405405405405;0,0076766963734227;0,668622049518476;0,1760169975621985;0,2477098336158489;0,0073855243722304;0,0;0,0063585228662264;0,0051203736974487;0,0323325635103926;0,0026495681203963;0,0028604118993135;0,0105820105820105;0,0;0,1509619588981198;0,2517944009716918;0,1509619588981198;0,0698326868537593;0,0600765684480435;1,0;0,0;0,6271833050453033;0,1544214466865479;0,0474268382778513;0,0;0,0;0,0;0,0;0,0;0,0;0,0;0,0;0,0
UNSW-NB15;RANDOM_L2;linear;8;5;1024;3;33,76383090019226;53,75078892707825;41,093378030413454;0,5570130690375553;0,7925617908746116;0,5570130690375553;0,6242301810525438;0,4787175411283528;0,4365405405405405;0,0076766963734227;0,668622049518476;0,1760169975621985;0,2477098336158489;0,0073855243722304;0,0;0,0063585228662264;0,0051203736974487;0,0323325635103926;0,0026495681203963;0,0028604118993135;0,0105820105820105;0,0;0,1460792887334208;0,2382332574727179;0,1460792887334208;0,0650416690965925;0,0445698985812811;1,0;0,0;0,6244562416895636;0,1490343360473018;0,0453150090994264;0,0;0,0;0,0;0,0;0,0;0,0;0,0;0,0;0,0
UNSW-NB15;FGSM;linear;8;5;2048;2;37,71529960632324;48,70659565925598;42,52902881018316;0,5607418743623378;0,7664650310625108;0,5607418743623378;0,621064515667151;0,4758181334957447;0,423081081081081;0,0069046148416129;0,6648416501480722;0,169984979124375;0,2423930723257585;0,0073855243722304;0,0;0,0053802885791146;0,0057491915199425;0,0258990432200593;0,0027555508452122;0,0034324942791762;0,0026455026455026;0,0;0,1354515862605062;0,1392630613629139;0,1354515862605062;0,089614382585253;-0,114505143887423;0,9036486486486488;0,2274111003264801;0,3660229632344465;0,0942999316281851;0,0344518450342643;0,9364844903988184;0,8456260720411664;0,6681340180973343;0,3140495867768595;0,4025074232926427;0,0045572571670817;0,1138443935926773;0,0634920634920634;0,1363636363636363
UNSW-NB15;RANDOM_LINF;linear;8;5;2048;2;37,71529960632324;54,57277703285217;39,58120779283875;0,5607418743623378;0,7664650310625108;0,5607418743623378;0,621064515667151;0,4758181334957447;0,423081081081081;0,0069046148416129;0,6648416501480722;0,169984979124375;0,2423930723257585;0,0073855243722304;0,0;0,0053802885791146;0,0057491915199425;0,0258990432200593;0,0027555508452122;0,0034324942791762;0,0026455026455026;0,0;0,1649297964339503;0,2530784676450012;0,1649297964339503;0,0962469720672102;0,0869558342431182;1,0;0,0;0,620724692108683;0,1510569610366268;0,0588973233405104;0,0;0,0;0,0;0,0;0,0;0,0;0,0;0,0;0,0
UNSW-NB15;RANDOM_L2;linear;8;5;2048;2;37,71529960632324;54,74192690849304;40,3245396686586;0,5607418743623378;0,7664650310625108;0,5607418743623378;0,621064515667151;0,4758181334957447;0,423081081081081;0,0069046148416129;0,6648416501480722;0,169984979124375;0,2423930723257585;0,0073855243722304;0,0;0,0053802885791146;0,0057491915199425;0,0258990432200593;0,0027555508452122;0,0034324942791762;0,0026455026455026;0,0;0,1574964776757518;0,247593669881272;0,1574964776757518;0,0862870129903872;0,068350910080598;1,0;0,0;0,6228982994136238;0,1469367649656632;0,0556330624783262;0,0;0,0;0,0;0,0;0,0;0,0;0,0;0,0;0,0
UNSW-NB15;FGSM;linear;8;5;2048;3;37,38275408744812;46,95638966560364;44,04241364232618;0,5736044308409852;0,761592261163731;0,5736044308409852;0,6271676074004844;0,4848846209259335;0,4044324324324324;0,0092649783817171;0,6725454470387197;0,1725486966008549;0,2458272962687877;0,0073855243722304;0,0;0,0107605771582293;0,008893280632411;0,033487297921478;0,002914524932436;0,0028604118993135;0,0105820105820105;0,0;0,1331802944177233;0,3738805782700508;0,1331802944177233;0,0913729271994985;-0,1205730884250739;0,8997297297297298;0,2314259242918909;0,3816942743773552;0,1323832628237448;0,0349319246365151;0,9423929098966026;0,8456260720411664;0,6771826852531181;0,3305785123966942;0,4018475750577367;0,0047692226167134;0,102974828375286;0,0502645502645502;0,1363636363636363
UNSW-NB15;RANDOM_LINF;linear;8;5;2048;3;37,38275408744812;55,23721098899841;40,67434290433852;0,5736044308409852;0,761592261163731;0,5736044308409852;0,6271676074004844;0,4848846209259335;0,4044324324324324;0,0092649783817171;0,6725454470387197;0,1725486966008549;0,2458272962687877;0,0073855243722304;0,0;0,0107605771582293;0,008893280632411;0,033487297921478;0,002914524932436;0,0028604118993135;0,0105820105820105;0,0;0,1668610017975999;0,2538610916799786;0,1668610017975999;0,0978687227674851;0,0952108491105019;1,0;0,0;0,618619384786189;0,1522668649859372;0,059071858886847;0,0;0,0;0,0;0,0;0,0;0,0;0,0;0,0;0,0
UNSW-NB15;RANDOM_L2;linear;8;5;2048;3;37,38275408744812;53,98066329956055;41,468687752028366;0,5736044308409852;0,761592261163731;0,5736044308409852;0,6271676074004844;0,4848846209259335;0,4044324324324324;0,0092649783817171;0,6725454470387197;0,1725486966008549;0,2458272962687877;0,0073855243722304;0,0;0,0107605771582293;0,008893280632411;0,033487297921478;0,002914524932436;0,0028604118993135;0,0105820105820105;0,0;0,1589175533207015;0,2432992035350925;0,1589175533207015;0,0878918886228483;0,0727030365593323;1,0;0,0;0,6195238773429423;0,1485059595216392;0,0557116414128861;0,0;0,0;0,0;0,0;0,0;0,0;0,0;0,0;0,0
UNSW-NB15;FGSM;linear;8;10;1024;2;18,717347383499146;28,011632204055783;44,5088179565661;0,5781348685808677;0,7636021230402746;0,5781348685808677;0,6335943774191453;0,4916417037115049;0,4065405405405405;0,0107429630283243;0,6681441053984629;0,1676946306227786;0,2501402401449982;0,0073855243722304;0,0;0,0088041085840058;0,0133848365073661;0,0362916529198284;0,0028085422076201;0,0051487414187643;0,0158730158730158;0,0;0,1330466890152067;0,1397495553434882;0,1330466890152067;0,0887134576133;-0,089228556662327;0,9143243243243244;0,2088811435630459;0,3514974991169837;0,083841767838045;0,0388846275447107;0,8641063515509602;0,7735849056603774;0,6204450966006358;0,2877290693496227;0,3756186077202244;0,0040803349054104;0,0898169336384439;0,0529100529100529;0,1136363636363636
UNSW-NB15;RANDOM_LINF;linear;8;10;1024;2;18,717347383499146;33,09814977645874;41,54034883156002;0,5781348685808677;0,7636021230402746;0,5781348685808677;0,6335943774191453;0,4916417037115049;0,4065405405405405;0,0107429630283243;0,6681441053984629;0,1676946306227786;0,2501402401449982;0,0073855243722304;0,0;0,0088041085840058;0,0133848365073661;0,0362916529198284;0,0028085422076201;0,0051487414187643;0,0158730158730158;0,0;0,1627313802652674;0,7018975095313391;0,1627313802652674;0,0965033671639173;0,0768591554303555;0,999837837837838;0,0;0,6416169522104231;0,152950101516178;0,0634768510681917;0,0;0,0;0,0;0,0;0,0;0,0;0,0;0,0;0,0
UNSW-NB15;RANDOM_L2;linear;8;10;1024;2;18,717347383499146;32,01187205314636;42,1707234125249;0,5781348685808677;0,7636021230402746;0,5781348685808677;0,6335943774191453;0,4916417037115049;0,4065405405405405;0,0107429630283243;0,6681441053984629;0,1676946306227786;0,2501402401449982;0,0073855243722304;0,0;0,0088041085840058;0,0133848365073661;0,0362916529198284;0,0028085422076201;0,0051487414187643;0,0158730158730158;0,0;0,1564276344556187;0,6816127241819734;0,1564276344556187;0,0882471049714718;0,063302681263297;0,9999729729729728;0,0;0,643934264543869;0,1463554142298512;0,0600817506261579;0,0;0,0;0,0;0,0;0,0;0,0;0,0;0,0;0,0
UNSW-NB15;FGSM;linear;8;10;1024;3;18,72540831565857;38,594844818115234;44,75173687023272;0,5791672739639508;0,7801204830469298;0,5791672739639508;0,6417276992834496;0,4993966882958511;0,4103513513513513;0,0074781611223859;0,6632744923076398;0,1710069538588937;0,2628464967223581;0,0206794682422452;0,0;0,0119833700171191;0,0071864893999281;0,0305179808644011;0,0001059827248158;0,0020022883295194;0,0052910052910052;0,0;0,1316499052616236;0,1419329186431299;0,1316499052616236;0,0935462871226039;-0,12222810331621;0,8947297297297298;0,2392129180270008;0,3800359854717742;0,0942361809193123;0,0358788125529927;0,946824224519941;0,8473413379073756;0,6930789924186843;0,3464786201940352;0,4071263609369845;0,0049281967039372;0,1218535469107551;0,0661375661375661;0,1363636363636363
UNSW-NB15;RANDOM_LINF;linear;8;10;1024;3;18,72540831565857;32,61641359329224;40,54923966380022;0,5791672739639508;0,7801204830469298;0,5791672739639508;0,6417276992834496;0,4993966882958511;0,4103513513513513;0,0074781611223859;0,6632744923076398;0,1710069538588937;0,2628464967223581;0,0206794682422452;0,0;0,0119833700171191;0,0071864893999281;0,0305179808644011;0,0001059827248158;0,0020022883295194;0,0052910052910052;0,0;0,1736748773259486;0,7031043317886885;0,1736748773259486;0,1092176480910246;0,1035898464120173;0,9999189189189188;0,0;0,6399259858949333;0,1502034027425809;0,0670848939851881;0,0;0,0;0,0;0,0;0,0;0,0;0,0;0,0;0,0
UNSW-NB15;RANDOM_L2;linear;8;10;1024;3;18,72540831565857;31,9973623752594;41,28892775591508;0,5791672739639508;0,7801204830469298;0,5791672739639508;0,6417276992834496;0,4993966882958511;0,4103513513513513;0,0074781611223859;0,6632744923076398;0,1710069538588937;0,2628464967223581;0,0206794682422452;0,0;0,0119833700171191;0,0071864893999281;0,0305179808644011;0,0001059827248158;0,0020022883295194;0,0052910052910052;0,0;0,1662779964048;0,6886058898872145;0,1662779964048;0,1017478419939577;0,0835404730120852;0,9999189189189188;0,0;0,639578247928766;0,1474543388683491;0,0645536496922541;0,0;0,0;0,0;0,0;0,0;0,0;0,0;0,0;0,0
UNSW-NB15;FGSM;linear;8;10;2048;2;18,21519923210144;26,875248908996586;44,50031579458776;0,5808677063596172;0,7752360725751885;0,5808677063596172;0,6410005921703865;0,495167228838129;0,3970810810810811;0,0092429189093796;0,6689967735688184;0,1784713289833962;0,2556272584169923;0,0132939438700147;0,0034305317324185;0,0066030814380044;0,0076356449874236;0,0417354008578027;0,0012717926977902;0,0037185354691075;0,0158730158730158;0,0;0,1358645484137395;0,1462690118580321;0,1358645484137395;0,0903395553084387;-0,1054393858618804;0,9051891891891892;0,2207711991529162;0,3857520311832167;0,0976946997127532;0,0357399787220709;0,9335302806499262;0,8353344768439108;0,644656395206652;0,307402084081926;0,3992081821181128;0,0035504212813311;0,0926773455377574;0,0396825396825396;0,1136363636363636
UNSW-NB15;RANDOM_LINF;linear;8;10;2048;2;18,21519923210144;30,79197096824646;40,44842831462858;0,5808677063596172;0,7752360725751885;0,5808677063596172;0,6410005921703865;0,495167228838129;0,3970810810810811;0,0092429189093796;0,6689967735688184;0,1784713289833962;0,2556272584169923;0,0132939438700147;0,0034305317324185;0,0066030814380044;0,0076356449874236;0,0417354008578027;0,0012717926977902;0,0037185354691075;0,0158730158730158;0,0;0,1763834232133314;0,7033165276791103;0,1763834232133314;0,1136269989924431;0,1082756644856074;0,9999729729729728;0,0;0,6414432306702628;0,1661496249540187;0,0675556665137964;0,0;0,0;0,0;0,0;0,0;0,0;0,0;0,0;0,0
UNSW-NB15;RANDOM_L2;linear;8;10;2048;2;18,21519923210144;29,215673446655277;41,32900937667007;0,5808677063596172;0,7752360725751885;0,5808677063596172;0,6410005921703865;0,495167228838129;0,3970810810810811;0,0092429189093796;0,6689967735688184;0,1784713289833962;0,2556272584169923;0,0132939438700147;0,0034305317324185;0,0066030814380044;0,0076356449874236;0,0417354008578027;0,0012717926977902;0,0037185354691075;0,0158730158730158;0,0;0,1675776125929164;0,2478163615338461;0,1675776125929164;0,1025458358942231;0,0893680500268564;1,0;0,0;0,6380563895582835;0,1598493928709405;0,0636239676218849;0,0;0,0;0,0;0,0;0,0;0,0;0,0;0,0;0,0
UNSW-NB15;FGSM;linear;8;10;2048;3;18,176284551620483;42,40790033340454;35,772239226546176;0,4936233785162512;0,7617814428407145;0,4936233785162512;0,5804143988435266;0,3960442025826707;0,4038378378378378;0,0096399894114532;0,6708631124563975;0,1789337316097738;0,2257923738092083;0,0206794682422452;0,0;0,0102714600146735;0,0109593963348904;0,034147146156384;0,0013777754226061;0,005720823798627;0,0158730158730158;0,0;0,1359009862507894;0,1515963231718601;0,1359009862507894;0,0923702116720562;-0,1114216406201639;0,9024054054054054;0,2265507809053207;0,3578055344252759;0,0851952720766044;0,0376008746176507;0,9423929098966026;0,8421955403087479;0,6664221080948888;0,3225835429392741;0,3912900032992412;0,0042923003550421;0,0992562929061784;0,0502645502645502;0,1363636363636363
UNSW-NB15;RANDOM_LINF;linear;8;10;2048;3;18,176284551620483;33,79722046852112;33,58111062527328;0,4936233785162512;0,7617814428407145;0,4936233785162512;0,5804143988435266;0,3960442025826707;0,4038378378378378;0,0096399894114532;0,6708631124563975;0,1789337316097738;0,2257923738092083;0,0206794682422452;0,0;0,0102714600146735;0,0109593963348904;0,034147146156384;0,0013777754226061;0,005720823798627;0,0158730158730158;0,0;0,1578122722635184;0,7049648285819449;0,1578122722635184;0,0879653647022095;0,0696495561579162;0,999837837837838;0,0;0,6441431042900296;0,1598350688763598;0,0586897848655789;0,0;0,0;0,0;0,0;0,0;0,0;0,0;0,0;0,0
UNSW-NB15;RANDOM_L2;linear;8;10;2048;3;18,176284551620483;31,84579372406006;34,347519797891465;0,4936233785162512;0,7617814428407145;0,4936233785162512;0,5804143988435266;0,3960442025826707;0,4038378378378378;0,0096399894114532;0,6708631124563975;0,1789337316097738;0,2257923738092083;0,0206794682422452;0,0;0,0102714600146735;0,0109593963348904;0,034147146156384;0,0013777754226061;0,005720823798627;0,0158730158730158;0,0;0,1501481805373366;0,6960687794189923;0,1501481805373366;0,0768943473534653;0,0520689279750163;0,999945945945946;0,0;0,643204756738313;0,154339104355578;0,0532046142902214;0,0;0,0;0,0;0,0;0,0;0,0;0,0;0,0;0,0
UNSW-NB15;FGSM;linear;8;15;1024;2;12,805622100830078;39,218830585479736;45,44284117961425;0,5844507603361998;0,7800178227733672;0,5844507603361998;0,6439087689830708;0,5063044704568774;0,4085405405405405;0,0084046589605576;0,688775363887966;0,1939003762026704;0,2578278866658935;0,0280649926144756;0,0034305317324185;0,003912937148447;0,0103305785123966;0,034147146156384;0,0004769222616713;0,0025743707093821;0,0105820105820105;0,0;0,1300223485400573;0,162962784432852;0,1300223485400573;0,1029420697934827;-0,1074278362402603;0,8834324324324324;0,2365657813465101;0,3619750126421433;0,0887496601957078;0,0453297155323834;0,8892171344165436;0,79073756432247;0,673514306676449;0,3464786201940352;0,4237875288683603;0,0046102485294896;0,1049771167048054;0,0476190476190476;0,2045454545454545
UNSW-NB15;RANDOM_LINF;linear;8;15;1024;2;12,805622100830078;21,80659031867981;41,62537045134334;0,5844507603361998;0,7800178227733672;0,5844507603361998;0,6439087689830708;0,5063044704568774;0,4085405405405405;0,0084046589605576;0,688775363887966;0,1939003762026704;0,2578278866658935;0,0280649926144756;0,0034305317324185;0,003912937148447;0,0103305785123966;0,034147146156384;0,0004769222616713;0,0025743707093821;0,0105820105820105;0,0;0,1681970558227663;0,6144883397150063;0,1681970558227663;0,1111551235730274;0,0814830332775665;0,9984324324324324;0,0003308920850613;0,6609226802364517;0,1676933439056442;0,0711706636790664;0,0;0,0;0,0;0,0009881422924901;0,0003299241174529;5,299136240792751e-05;0,0002860411899313;0,0;0,0
UNSW-NB15;RANDOM_L2;linear;8;15;1024;2;12,805622100830078;21,888887643814087;42,31283097701988;0,5844507603361998;0,7800178227733672;0,5844507603361998;0,6439087689830708;0,5063044704568774;0,4085405405405405;0,0084046589605576;0,688775363887966;0,1939003762026704;0,2578278866658935;0,0280649926144756;0,0034305317324185;0,003912937148447;0,0103305785123966;0,034147146156384;0,0004769222616713;0,0025743707093821;0,0105820105820105;0,0;0,161322450566001;0,5985866228416707;0,161322450566001;0,1024881510257063;0,0698505183023332;0,9985945945945944;0,0003308920850613;0,6566187109226883;0,1623112397916524;0,0672067071502921;0,0;0,0;0,0;0,0008084800574919;0,0004948861761794;0,0001589740872237;0,0;0,0;0,0
UNSW-NB15;FGSM;linear;8;15;1024;3;13,153834342956545;102,152423620224;49,73886216780839;0,6007870572802798;0,7677496722706998;0,6007870572802798;0,6513521600946275;0,515164228525112;0,3923783783783783;0,0171402100061766;0,6645001037372277;0,1719384177984775;0,2641613859596143;0,0147710487444608;0,0120068610634648;0,0107605771582293;0,032698526769673;0,0481689211481359;0,0018017063218695;0,005720823798627;0,0158730158730158;0,0;0,1033984356021959;0,1355276294471007;0,1033984356021959;0,0853558702231106;-0,1304103264800414;0,9045945945945946;0,2241242389482043;0,3937204111506408;0,1277640278875673;0,0355088167941567;0,9113737075332348;0,8336192109777015;0,6757153338224505;0,3085698886094143;0,3833718244803695;0,0041863176302262;0,1224256292906178;0,0608465608465608;0,1136363636363636
UNSW-NB15;RANDOM_LINF;linear;8;15;1024;3;13,153834342956545;27,105868101119995;44,727444978866046;0,6007870572802798;0,7677496722706998;0,6007870572802798;0,6513521600946275;0,515164228525112;0,3923783783783783;0,0171402100061766;0,6645001037372277;0,1719384177984775;0,2641613859596143;0,0147710487444608;0,0120068610634648;0,0107605771582293;0,032698526769673;0,0481689211481359;0,0018017063218695;0,005720823798627;0,0158730158730158;0,0;0,1535126074916193;0,6165041145432992;0,1535126074916193;0,1070355575646656;0,0703476426678354;0,9981351351351352;0,0003750110297361;0,6434167074424428;0,1584261531637888;0,0707658219937957;0,001477104874446;0,0;0,0;0,0004491555874955;0,0003299241174529;0,0004769222616713;0,0;0,0;0,0
UNSW-NB15;RANDOM_L2;linear;8;15;1024;3;13,153834342956545;26,810241222381592;45,31895253364426;0,6007870572802798;0,7677496722706998;0,6007870572802798;0,6513521600946275;0,515164228525112;0,3923783783783783;0,0171402100061766;0,6645001037372277;0,1719384177984775;0,2641613859596143;0,0147710487444608;0,0120068610634648;0,0107605771582293;0,032698526769673;0,0481689211481359;0,0018017063218695;0,005720823798627;0,0158730158730158;0,0;0,1475975319438371;0,5131653757862418;0,1475975319438371;0,0975636372532283;0,0582668088293765;0,9991351351351352;0,0004632489190858;0,636689043679657;0,1555402942484794;0,0663164249333364;0,0;0,0;0,0;0,0007186489399928;0,0;0,0005829049864872;0,0005720823798627;0,0;0,0
UNSW-NB15;FGSM;linear;8;15;2048;2;13,005172967910768;44,825745582580566;47,06918330661226;0,5843171549336832;0,7649438298258858;0,5843171549336832;0,6353237376848863;0,4953745925904703;0,4048378378378378;0,0065737227565516;0,6848993340657965;0,1766974812329742;0,2557947939576172;0,0073855243722304;0,0017152658662092;0,0048911714355588;0,0091627739849083;0,0239194985153414;0,0006358963488951;0,0025743707093821;0,0105820105820105;0,0;0,1136253218675606;0,1322580587705533;0,1136253218675606;0,0882988704565747;-0,1178725879156519;0,903054054054054;0,230278831730345;0,3825335654827613;0,1229173346204302;0,0366881841850865;0,9527326440177252;0,8627787307032591;0,6749816581071166;0,3199784405318002;0,4114153744638733;0,0047692226167134;0,1046910755148741;0,0317460317460317;0,1590909090909091
UNSW-NB15;RANDOM_LINF;linear;8;15;2048;2;13,005172967910768;26,71458077430725;41,55856775008503;0,5843171549336832;0,7649438298258858;0,5843171549336832;0,6353237376848863;0,4953745925904703;0,4048378378378378;0,0065737227565516;0,6848993340657965;0,1766974812329742;0,2557947939576172;0,0073855243722304;0,0017152658662092;0,0048911714355588;0,0091627739849083;0,0239194985153414;0,0006358963488951;0,0025743707093821;0,0105820105820105;0,0;0,1687314774328329;0,6346424292943813;0,1687314774328329;0,1053134255469759;0,086106590628334;0,9980810810810812;0,0001985352510367;0,6478841160996023;0,1577645666792023;0,0669200810709702;0,0;0,0;0,0;8,983111749910169e-05;0,0;0,0004239308992634;0,0;0,0;0,0
UNSW-NB15;RANDOM_L2;linear;8;15;2048;2;13,005172967910768;26,711585521698;42,10999368410825;0,5843171549336832;0,7649438298258858;0,5843171549336832;0,6353237376848863;0,4953745925904703;0,4048378378378378;0,0065737227565516;0,6848993340657965;0,1766974812329742;0,2557947939576172;0,0073855243722304;0,0017152658662092;0,0048911714355588;0,0091627739849083;0,0239194985153414;0,0006358963488951;0,0025743707093821;0,0105820105820105;0,0;0,1632172180926007;0,5661918268388527;0,1632172180926007;0,0983424656846822;0,0743152970542755;0,9986216216216216;0,0003529515573987;0,6485265480699403;0,1521950223442298;0,0650164236182735;0,0;0,0;0,0002445585717779;0,0002694933524973;0,0;0,0006358963488951;0,0;0,0;0,0
UNSW-NB15;FGSM;linear;8;15;2048;3;13,22234869003296;67,21972036361694;45,59102171695088;0,588313171063499;0,7657472359737102;0,588313171063499;0,6402803825166906;0,4990978883799482;0,4037567567567567;0,0107870819729992;0,653593109587275;0,1874947701647458;0,2586982232944305;0,0073855243722304;0,0;0,0048911714355588;0,0221882860222781;0,0310128670405806;0,000688887711303;0,0034324942791762;0,0105820105820105;0,0;0,1324029538939901;0,3283528776051725;0,1324029538939901;0,1072388089244694;-0,0666637192710877;0,9081351351351352;0,2256022235948116;0,3858518055143493;0,0980386364033331;0,048232394302049;0,9084194977843428;0,8044596912521441;0,6715578381022255;0,3311174991016888;0,3660508083140877;0,0049811880663451;0,108695652173913;0,0343915343915343;0,1136363636363636
UNSW-NB15;RANDOM_LINF;linear;8;15;2048;3;13,22234869003296;25,82516312599182;42,01161152407327;0,588313171063499;0,7657472359737102;0,588313171063499;0,6402803825166906;0,4990978883799482;0,4037567567567567;0,0107870819729992;0,653593109587275;0,1874947701647458;0,2586982232944305;0,0073855243722304;0,0;0,0048911714355588;0,0221882860222781;0,0310128670405806;0,000688887711303;0,0034324942791762;0,0105820105820105;0,0;0,1681970558227663;0,7090417980260367;0,1681970558227663;0,1117712786222009;0,0849496876998916;0,9995945945945944;0,0;0,6438060226753283;0,1662153098790911;0,0716402960655899;0,0;0,0;0,0;0,0;0,0;0,0;0,0;0,0;0,0
UNSW-NB15;RANDOM_L2;linear;8;15;2048;3;13,22234869003296;25,812062978744507;42,93956177427975;0,588313171063499;0,7657472359737102;0,588313171063499;0,6402803825166906;0,4990978883799482;0,4037567567567567;0,0107870819729992;0,653593109587275;0,1874947701647458;0,2586982232944305;0,0073855243722304;0,0;0,0048911714355588;0,0221882860222781;0,0310128670405806;0,000688887711303;0,0034324942791762;0,0105820105820105;0,0;0,1589175533207015;0,646770439179782;0,1589175533207015;0,1013533195419852;0,0686723457754436;0,9998108108108108;2,2059472337421688e-05;0,6493607673336987;0,1598509614536983;0,0664391935850697;0,0;0,0;0,0;0,0;0,0;5,299136240792751e-05;0,0;0,0;0,0
UNSW-NB15;FGSM;linear;8;20;1024;2;10,259527206420898;61,2150502204895;48,07000923091873;0,6009328086284799;0,7706372620848269;0,6009328086284799;0,6516105138449758;0,5175671857338906;0,3925135135135135;0,017162269478514;0,6831805937411297;0,1769128029584113;0,2643208243608453;0,0147710487444608;0,006861063464837;0,0110051357300073;0,0273086597197269;0,056252062025734;0,0021196544963171;0,0074370709382151;0,0211640211640211;0,0;0,1202327163192926;0,1883201199122746;0,1202327163192926;0,1161693487127631;-0,0822574456081891;0,8468648648648649;0,2643165975469866;0,4479967103138843;0,1340653587789034;0,0407900645969659;0,967503692762186;0,8816466552315609;0,7297627781853754;0,3962450592885375;0,4658528538436159;0,0068358857506226;0,1227116704805491;0,0661375661375661;0,25
UNSW-NB15;RANDOM_LINF;linear;8;20;1024;2;10,259527206420898;25,986087560653687;42,29461205849488;0,6009328086284799;0,7706372620848269;0,6009328086284799;0,6516105138449758;0,5175671857338906;0,3925135135135135;0,017162269478514;0,6831805937411297;0,1769128029584113;0,2643208243608453;0,0147710487444608;0,006861063464837;0,0110051357300073;0,0273086597197269;0,056252062025734;0,0021196544963171;0,0074370709382151;0,0211640211640211;0,0;0,177986688043531;0,622195547973768;0,177986688043531;0,1396642677472523;0,0970552603647776;0,993108108108108;0,0011691520338833;0,6577608212874646;0,1664268128564366;0,08469627334292;0,0;0,0;0,0009782342871117;0,0018864534674811;0,0008248102936324;0,0008478617985268;0,0020022883295194;0,0;0,0
UNSW-NB15;RANDOM_L2;linear;8;20;1024;2;10,259527206420898;26,48900437355041;43,80799689063791;0,6009328086284799;0,7706372620848269;0,6009328086284799;0,6516105138449758;0,5175671857338906;0,3925135135135135;0,017162269478514;0,6831805937411297;0,1769128029584113;0,2643208243608453;0,0147710487444608;0,006861063464837;0,0110051357300073;0,0273086597197269;0,056252062025734;0,0021196544963171;0,0074370709382151;0,0211640211640211;0,0;0,1628528397221007;0,5636269449687037;0,1628528397221007;0,119725736003605;0,0747824957423222;0,9944864864864864;0,0018088767316685;0,6512822688357082;0,1610601543642737;0,0750888945436993;0,0;0,0017152658662092;0,0014673514306676;0,0032339202299676;0,0019795447047179;0,0013247840601981;0,0005720823798627;0,0;0,0
UNSW-NB15;FGSM;linear;8;20;1024;3;10,391246795654297;71,45732998847961;46,01248603216247;0,5907545061458486;0,7599112335786781;0,5907545061458486;0,6414948273156552;0,5015205230215509;0,3996756756756757;0,0096399894114532;0,6730939014165012;0,1795122839247591;0,2552584626605941;0,0251107828655834;0,0017152658662092;0,0063585228662264;0,0108695652173913;0,0394259320356318;0,0008478617985268;0,0040045766590389;0,0079365079365079;0,0;0,1306296458242238;0,1589527754797593;0,1306296458242238;0,1042771080761942;-0,1125548184690741;0,8800270270270271;0,2498014647489632;0,3777460444041876;0,0908895078265717;0,0426109414729961;0,967503692762186;0,8747855917667239;0,7082416238689166;0,3490837226015091;0,4453975585615308;0,0060940066769116;0,1498855835240274;0,0846560846560846;0,1363636363636363
UNSW-NB15;RANDOM_LINF;linear;8;20;1024;3;10,391246795654297;23,807101488113403;41,34358451149007;0,5907545061458486;0,7599112335786781;0,5907545061458486;0,6414948273156552;0,5015205230215509;0,3996756756756757;0,0096399894114532;0,6730939014165012;0,1795122839247591;0,2552584626605941;0,0251107828655834;0,0017152658662092;0,0063585228662264;0,0108695652173913;0,0394259320356318;0,0008478617985268;0,0040045766590389;0,0079365079365079;0,0;0,1773186610309478;0,6067915943599321;0,1773186610309478;0,1278722554225525;0,0934029979395651;0,9856756756756756;0,0026471366804906;0,6657270086590656;0,1624046930020808;0,0768342949594681;0,0029542097488921;0,0017152658662092;0,0022010271460014;0,0060186848724398;0,0026393929396238;0,0007948704361189;0,0028604118993135;0,0;0,0
UNSW-NB15;RANDOM_L2;linear;8;20;1024;3;10,391246795654297;24,519539833068848;42,43671962298985;0,5907545061458486;0,7599112335786781;0,5907545061458486;0,6414948273156552;0,5015205230215509;0,3996756756756757;0,0096399894114532;0,6730939014165012;0,1795122839247591;0,2552584626605941;0,0251107828655834;0,0017152658662092;0,0063585228662264;0,0108695652173913;0,0394259320356318;0,0008478617985268;0,0040045766590389;0,0079365079365079;0,0;0,16638730991595;0,5411923798575631;0,16638730991595;0,1133617437825094;0,0746906909306918;0,9885945945945946;0,0037501102973616;0,6555925055631178;0,1543189723298274;0,071512975948078;0,001477104874446;0,0;0,0026901442895573;0,0082644628099173;0,0039590894094358;0,001430766785014;0,0037185354691075;0,0052910052910052;0,0
UNSW-NB15;FGSM;linear;8;20;2048;2;10,564297199249268;93,56024312973022;46,79347033960064;0,5867827819073993;0,7682464919805978;0,5867827819073993;0,6433715351141038;0,4999521411956456;0,4012432432432432;0,0123091855642813;0,6787834873398019;0,1868663805512265;0,2599027037002552;0,0147710487444608;0,0051457975986277;0,0048911714355588;0,0216492993172835;0,0427251732101616;0,0005299136240792;0,0031464530892448;0,0079365079365079;0,0227272727272727;0,1188480785113929;0,1838636915609112;0,1188480785113929;0,0911760768125302;-0,0837888432241767;0,9174324324324324;0,1216579899408806;0,4282899306746112;0,1250260701558096;0,041053694995198;0,4667651403249631;0,3687821612349914;0,2863780875519687;0,1780452748832195;0,2391949851534147;0,0025435853955805;0,086670480549199;0,0555555555555555;0,2045454545454545
UNSW-NB15;RANDOM_LINF;linear;8;20;2048;2;10,564297199249268;23,857576847076416;40,30389156099694;0,5867827819073993;0,7682464919805978;0,5867827819073993;0,6433715351141038;0,4999521411956456;0,4012432432432432;0,0123091855642813;0,6787834873398019;0,1868663805512265;0,2599027037002552;0,0147710487444608;0,0051457975986277;0,0048911714355588;0,0216492993172835;0,0427251732101616;0,0005299136240792;0,0031464530892448;0,0079365079365079;0,0227272727272727;0,1837438662974299;0,6554881529708789;0,1837438662974299;0,1357158374668586;0,1054895301683898;0,9944864864864864;0,0005073678637606;0,6578952381224379;0,1665123155731869;0,081661559926795;0,0;0,0;0,0;0,0008084800574919;0,0;0,0006358963488951;0,0005720823798627;0,0;0,0
UNSW-NB15;RANDOM_L2;linear;8;20;2048;2;10,564297199249268;24,298306941986084;41,60350774911335;0,5867827819073993;0,7682464919805978;0,5867827819073993;0,6433715351141038;0,4999521411956456;0,4012432432432432;0,0123091855642813;0,6787834873398019;0,1868663805512265;0,2599027037002552;0,0147710487444608;0,0051457975986277;0,0048911714355588;0,0216492993172835;0,0427251732101616;0,0005299136240792;0,0031464530892448;0,0079365079365079;0,0227272727272727;0,1707477044162658;0,6002278823950676;0,1707477044162658;0,1187792192454244;0,083679278790668;0,9958108108108108;0,0008823788934968;0,6497112220404334;0,1601047740808692;0,0740952818551446;0,0;0,0;0,0007336757153338;0,0015271289974847;0,0004948861761794;0,0009008531609347;0,0;0,0;0,0
UNSW-NB15;FGSM;linear;8;20;2048;3;10,344348907470703;80,42734217643738;45,69912063353252;0,5846086576300831;0,7717923288001521;0,5846086576300831;0,6467032488242461;0,5063391836122285;0,3979189189189189;0,0105885467219624;0,6880593531056123;0,1934291061624428;0,2748663139186947;0,0192023633677991;0,0017152658662092;0,0075813157251161;0,0113187208048868;0,0427251732101616;0,0005299136240792;0,0091533180778032;0,0211640211640211;0,0;0,1276174512947578;0,2920036256622501;0,1276174512947578;0,0908873980167616;-0,0859872475018678;0,9114594594594596;0,2053516279890585;0,3324989563658544;0,0757450564570547;0,0390187921240484;0,8242245199409158;0,7272727272727273;0,6358522866226461;0,2950053898670499;0,3393269548003959;0,0032324731068835;0,0889588100686498;0,0264550264550264;0,0909090909090909
UNSW-NB15;RANDOM_LINF;linear;8;20;2048;3;10,344348907470703;22,61711597442627;40,29781858815527;0,5846086576300831;0,7717923288001521;0,5846086576300831;0,6467032488242461;0,5063391836122285;0,3979189189189189;0,0105885467219624;0,6880593531056123;0,1934291061624428;0,2748663139186947;0,0192023633677991;0,0017152658662092;0,0075813157251161;0,0113187208048868;0,0427251732101616;0,0005299136240792;0,0091533180778032;0,0211640211640211;0,0;0,1816304717485303;0,6282721085122683;0,1816304717485303;0,1322402474226885;0,0995428447009238;0,9917027027027028;0,0011691520338833;0,667382722030306;0,1689961523084385;0,0818039059047485;0,0;0,0;0,0004891171435558;0,0017067912324829;0,0008248102936324;0,0013777754226061;0,0002860411899313;0,0;0,0
UNSW-NB15;RANDOM_L2;linear;8;20;2048;3;10,344348907470703;23,69371700286865;41,25127532429675;0,5846086576300831;0,7717923288001521;0,5846086576300831;0,6467032488242461;0,5063391836122285;0,3979189189189189;0,0105885467219624;0,6880593531056123;0,1934291061624428;0,2748663139186947;0,0192023633677991;0,0017152658662092;0,0075813157251161;0,0113187208048868;0,0427251732101616;0,0005299136240792;0,0091533180778032;0,0211640211640211;0,0;0,1720959043871155;0,5883939994063138;0,1720959043871155;0,1195184835840912;0,0845552899536201;0,9938108108108108;0,0013676872849201;0,6648623502267147;0,1631598928348022;0,0750009225059523;0,0;0,0;0,0009782342871117;0,0022457779374775;0,0006598482349059;0,0012717926977902;0,0011441647597254;0,0;0,0227272727272727
UNSW-NB15;FGSM;linear;10;5;1024;2;41,47186541557312;54,53593826293945;42,82174610115143;0,5657095661468202;0,7696888192269647;0,5657095661468202;0,6275178611861395;0,4848170890810682;0,4213513513513514;0,0095296920497661;0,6688152529568966;0,1691555431560207;0,2507935517031425;0,0206794682422452;0,0;0,0085595500122279;0,0137441609773625;0,0201253711646321;0,0049281967039372;0,0028604118993135;0,0105820105820105;0,0227272727272727;0,1374921051353058;0,1355874547420061;0,1374921051353058;0,0887068354878028;-0,1067806425890799;0,9065405405405406;0,2175946351363275;0,3793564503704077;0,1138144704276554;0,0340172367153748;0,9335302806499262;0,8439108061749572;0,644656395206652;0,2917714696370823;0,4033322335862752;0,0027555508452122;0,097254004576659;0,0343915343915343;0,1363636363636363
UNSW-NB15;RANDOM_LINF;linear;10;5;1024;2;41,47186541557312;56,04920339584351;41,93752125540495;0,5657095661468202;0,7696888192269647;0,5657095661468202;0,6275178611861395;0,4848170890810682;0,4213513513513514;0,0095296920497661;0,6688152529568966;0,1691555431560207;0,2507935517031425;0,0206794682422452;0,0;0,0085595500122279;0,0137441609773625;0,0201253711646321;0,0049281967039372;0,0028604118993135;0,0105820105820105;0,0227272727272727;0,1463343535927707;0,2554736703807307;0,1463343535927707;0,0627303236221748;0,0480432650456173;1,0;0,0;0,6354541662635246;0,1568553152056247;0,043084141275093;0,0;0,0;0,0;0,0;0,0;0,0;0,0;0,0;0,0
UNSW-NB15;RANDOM_L2;linear;10;5;1024;2;41,47186541557312;53,97300052642822;42,363843948889865;0,5657095661468202;0,7696888192269647;0,5657095661468202;0,6275178611861395;0,4848170890810682;0,4213513513513514;0,0095296920497661;0,6688152529568966;0,1691555431560207;0,2507935517031425;0,0206794682422452;0,0;0,0085595500122279;0,0137441609773625;0,0201253711646321;0,0049281967039372;0,0028604118993135;0,0105820105820105;0,0227272727272727;0,1420711266579216;0,2593785690355896;0,1420711266579216;0,0564436032549663;0,0348481597901711;1,0;0,0;0,6325452476345339;0,1476962950164961;0,0422635651938471;0,0;0,0;0,0;0,0;0,0;0,0;0,0;0,0;0,0
UNSW-NB15;FGSM;linear;10;5;1024;3;42,726218700408936;52,4640851020813;40,837098576495166;0,5451221882135743;0,7532944261207258;0,5451221882135743;0,611607608825862;0,4527870828652826;0,4110810810810811;0,010412070943263;0,6701314210190268;0,1703240649891446;0,2399956811038429;0,0073855243722304;0,0017152658662092;0,0114942528735632;0,0137441609773625;0,0265588914549653;0,0042923003550421;0,0051487414187643;0,0132275132275132;0,0227272727272727;0,1367512024486226;0,1445724764039386;0,1367512024486226;0,0895257799712813;-0,1120329632469901;0,9042432432432432;0,221388864378364;0,3767318560103481;0,131789237474215;0,0339847624673473;0,930576070901034;0,8387650085763293;0,6475910980679873;0,3027308659719727;0,4048168921148136;0,0040803349054104;0,0983981693363844;0,0502645502645502;0,1136363636363636
UNSW-NB15;RANDOM_LINF;linear;10;5;1024;3;42,726218700408936;53,07245755195618;40,35004615459359;0,5451221882135743;0,7532944261207258;0,5451221882135743;0,611607608825862;0,4527870828652826;0,4110810810810811;0,010412070943263;0,6701314210190268;0,1703240649891446;0,2399956811038429;0,0073855243722304;0,0017152658662092;0,0114942528735632;0,0137441609773625;0,0265588914549653;0,0042923003550421;0,0051487414187643;0,0132275132275132;0,0227272727272727;0,1416217266676383;0,259157669689517;0,1416217266676383;0,0502291535791902;0,0366581252129489;1,0;0,0;0,6267463526890913;0,152497019432914;0,0360825452436139;0,0;0,0;0,0;0,0;0,0;0,0;0,0;0,0;0,0
UNSW-NB15;RANDOM_L2;linear;10;5;1024;3;42,726218700408936;53,54500865936279;40,6549093912452;0,5451221882135743;0,7532944261207258;0,5451221882135743;0,611607608825862;0,4527870828652826;0,4110810810810811;0,010412070943263;0,6701314210190268;0,1703240649891446;0,2399956811038429;0,0073855243722304;0,0017152658662092;0,0114942528735632;0,0137441609773625;0,0265588914549653;0,0042923003550421;0,0051487414187643;0,0132275132275132;0,0227272727272727;0,1385730943011222;0,2677146628243231;0,1385730943011222;0,047148211002873;0,0238460260103171;1,0;0,0;0,6201431035041837;0,14562758474718;0,0358966929008882;0,0;0,0;0,0;0,0;0,0;0,0;0,0;0,0;0,0
UNSW-NB15;FGSM;linear;10;5;2048;2;41,56607747077942;61,19171118736267;43,05980663654472;0,5660617985716367;0,7674912956485465;0,5660617985716367;0,6278483088425585;0,4805281964051657;0,4098918918918919;0,0095517515221035;0,6799911076990008;0,1757059925193968;0,2464156698122893;0,0073855243722304;0,0017152658662092;0,0127170457324529;0,0145526410348544;0,0257340811613328;0,0022256372211329;0,0031464530892448;0,0105820105820105;0,0;0,1354637322061895;0,1458893953970207;0,1354637322061895;0,0867723963997387;-0,1140319014484175;0,9086486486486488;0,2179696461660637;0,3687764763232583;0,1008549024652175;0,033060972060452;0,914327917282127;0,823327615780446;0,6458791880655417;0,3004850880344951;0,3894754206532497;0,0037093953685549;0,0986842105263157;0,0396825396825396;0,1136363636363636
UNSW-NB15;RANDOM_LINF;linear;10;5;2048;2;41,56607747077942;62,76539993286133;40,354904532866925;0,5660617985716367;0,7674912956485465;0,5660617985716367;0,6278483088425585;0,4805281964051657;0,4098918918918919;0,0095517515221035;0,6799911076990008;0,1757059925193968;0,2464156698122893;0,0073855243722304;0,0017152658662092;0,0127170457324529;0,0145526410348544;0,0257340811613328;0,0022256372211329;0,0031464530892448;0,0105820105820105;0,0;0,1625127532429675;0,2588092271682974;0,1625127532429675;0,0884730497679342;0,0937557097769875;1,0;0,0;0,6454806409057743;0,1571057935184304;0,0550860471193935;0,0;0,0;0,0;0,0;0,0;0,0;0,0;0,0;0,0
UNSW-NB15;RANDOM_L2;linear;10;5;2048;2;41,56607747077942;63,50098299980164;41,26585045911674;0,5660617985716367;0,7674912956485465;0,5660617985716367;0,6278483088425585;0,4805281964051657;0,4098918918918919;0,0095517515221035;0,6799911076990008;0,1757059925193968;0,2464156698122893;0,0073855243722304;0,0017152658662092;0,0127170457324529;0,0145526410348544;0,0257340811613328;0,0022256372211329;0,0031464530892448;0,0105820105820105;0,0;0,1534032939804693;0,2623704663305207;0,1534032939804693;0,0752449746202989;0,066862146012994;1,0;0,0;0,6347819290194048;0,1501686653784945;0,0491500316826886;0,0;0,0;0,0;0,0;0,0;0,0;0,0;0,0;0,0
UNSW-NB15;FGSM;linear;10;5;2048;3;42,45857357978821;63,62060022354126;43,15697420201137;0,5681751931205363;0,7673427028590377;0,5681751931205363;0,6299818061938572;0,4840704171974112;0,4128378378378378;0,0116915203388334;0,6677568714365406;0,1715883300078222;0,2566632797159713;0,0073855243722304;0,0;0,0070921985815602;0,0242544017247574;0,0272187396898713;0,0022256372211329;0,0040045766590389;0,0105820105820105;0,0227272727272727;0,1366054511004227;0,1330977521874614;0,1366054511004227;0,0915017266150245;-0,0857740607073928;0,9034054054054054;0,2255801641224742;0,3642315659948251;0,0969765310489306;0,0352971503428562;0,946824224519941;0,855917667238422;0,6639765223771094;0,3069529284944304;0,4122401847575058;0,003603412643739;0,1055491990846681;0,0317460317460317;0,1363636363636363
UNSW-NB15;RANDOM_LINF;linear;10;5;2048;3;42,45857357978821;60,92508292198181;41,28892775591508;0,5681751931205363;0,7673427028590377;0,5681751931205363;0,6299818061938572;0,4840704171974112;0,4128378378378378;0,0116915203388334;0,6677568714365406;0,1715883300078222;0,2566632797159713;0,0073855243722304;0,0;0,0070921985815602;0,0242544017247574;0,0272187396898713;0,0022256372211329;0,0040045766590389;0,0105820105820105;0,0227272727272727;0,1552859155613856;0,261664652728855;0,1552859155613856;0,0776536384908656;0,0723577206502085;1,0;0,0;0,6382089640902172;0,155206261592243;0,0497195944713734;0,0;0,0;0,0;0,0;0,0;0,0;0,0;0,0;0,0
UNSW-NB15;RANDOM_L2;linear;10;5;2048;3;42,45857357978821;60,18057155609131;42,119710440654906;0,5681751931205363;0,7673427028590377;0,5681751931205363;0,6299818061938572;0,4840704171974112;0,4128378378378378;0,0116915203388334;0,6677568714365406;0,1715883300078222;0,2566632797159713;0,0073855243722304;0,0;0,0070921985815602;0,0242544017247574;0,0272187396898713;0,0022256372211329;0,0040045766590389;0,0105820105820105;0,0227272727272727;0,1469780887139872;0,2565211225878021;0,1469780887139872;0,0649581923241415;0,0485675134798887;1,0;0,0;0,6308577876535739;0,1471267279990425;0,0453596679283312;0,0;0,0;0,0;0,0;0,0;0,0;0,0;0,0;0,0
UNSW-NB15;FGSM;linear;10;10;1024;2;22,50561761856079;77,2693932056427;45,48413739493758;0,5837827333236166;0,7682850268592117;0,5837827333236166;0,6399703190891606;0,4981386449824966;0,4105405405405405;0,0126841965940174;0,660822748356406;0,170250614672014;0,2611003660494098;0,0206794682422452;0,0034305317324185;0,0063585228662264;0,00799496945742;0,0414054767403497;0,0088495575221238;0,005720823798627;0,0158730158730158;0,0;0,1289413593742408;0,351639070400959;0,1289413593742408;0,0916468770529786;-0,064562316090881;0,9126756756756756;0,2184108356128121;0,3810565326582711;0,1348244439611472;0,0398450165396712;0,9423929098966026;0,8593481989708405;0,6585962337979946;0,2954545454545454;0,3876608380072583;0,0038153780933707;0,0975400457665904;0,0317460317460317;0,1136363636363636
UNSW-NB15;RANDOM_LINF;linear;10;10;1024;2;22,50561761856079;32,49472641944885;43,61973473254628;0,5837827333236166;0,7682850268592117;0,5837827333236166;0,6399703190891606;0,4981386449824966;0,4105405405405405;0,0126841965940174;0,660822748356406;0,170250614672014;0,2611003660494098;0,0206794682422452;0,0034305317324185;0,0063585228662264;0,00799496945742;0,0414054767403497;0,0088495575221238;0,005720823798627;0,0158730158730158;0,0;0,1475853859981538;0,7078406095852208;0,1475853859981538;0,0678393183230865;0,0489255726977284;0,9999729729729728;0,0;0,6431711829116574;0,1592384005282098;0,0475609569477067;0,0;0,0;0,0;0,0;0,0;0,0;0,0;0,0;0,0
UNSW-NB15;RANDOM_L2;linear;10;10;1024;2;22,50561761856079;32,217095375061035;44,24525093523782;0,5837827333236166;0,7682850268592117;0,5837827333236166;0,6399703190891606;0,4981386449824966;0,4105405405405405;0,0126841965940174;0,660822748356406;0,170250614672014;0,2611003660494098;0,0206794682422452;0,0034305317324185;0,0063585228662264;0,00799496945742;0,0414054767403497;0,0088495575221238;0,005720823798627;0,0158730158730158;0,0;0,1413302239712384;0,2495618506997727;0,1413302239712384;0,060308397754383;0,033330171216582;1,0;0,0;0,6383410680273545;0,1530367041285219;0,0440355674092964;0,0;0,0;0,0;0,0;0,0;0,0;0,0;0,0;0,0
UNSW-NB15;FGSM;linear;10;10;1024;3;22,613157749176025;40,63115835189819;45,25579361609095;0,5809405820337171;0,7633048035830905;0,5809405820337171;0,632299186201371;0,489564551445537;0,4093243243243243;0,0090223241860054;0,6747402515020215;0,1744767730255969;0,2520247841945879;0,0073855243722304;0,0;0,0061139642944485;0,0113187208048868;0,0315077532167601;0,0016427322346457;0,0071510297482837;0,0158730158730158;0,0;0,1283826458728076;0,1572585972880438;0,1283826458728076;0,0932516035504561;-0,0928337879858592;0,8986486486486487;0,2240801200035295;0,3735500902333197;0,1023782134372488;0,0364531391954443;0,9379615952732644;0,8473413379073756;0,6539496209342137;0,3031800215594682;0,4206532497525569;0,0039213608181866;0,0961098398169336;0,0396825396825396;0,1136363636363636
UNSW-NB15;RANDOM_LINF;linear;10;10;1024;3;22,613157749176025;36,38389039039612;43,31487149589467;0,5809405820337171;0,7633048035830905;0,5809405820337171;0,632299186201371;0,489564551445537;0,4093243243243243;0,0090223241860054;0,6747402515020215;0,1744767730255969;0,2520247841945879;0,0073855243722304;0,0;0,0061139642944485;0,0113187208048868;0,0315077532167601;0,0016427322346457;0,0071510297482837;0,0158730158730158;0,0;0,1477918670747704;0,2660217180196648;0,1477918670747704;0,0680633386184852;0,0498309168554275;1,0;0,0;0,6646912081294616;0,1716531726847333;0,0481704967274837;0,0;0,0;0,0;0,0;0,0;0,0;0,0;0,0;0,0
UNSW-NB15;RANDOM_L2;linear;10;10;1024;3;22,613157749176025;33,33535814285278;43,68532283923626;0,5809405820337171;0,7633048035830905;0,5809405820337171;0,632299186201371;0,489564551445537;0,4093243243243243;0,0090223241860054;0,6747402515020215;0,1744767730255969;0,2520247841945879;0,0073855243722304;0,0;0,0061139642944485;0,0113187208048868;0,0315077532167601;0,0016427322346457;0,0071510297482837;0,0158730158730158;0,0;0,1440873536413545;0,7139883999845936;0,1440873536413545;0,0635424860166829;0,0401375749503916;0,999945945945946;0,0;0,6588328632388109;0,1650531552222323;0,0471253382472973;0,0;0,0;0,0;0,0;0,0;0,0;0,0;0,0;0,0
UNSW-NB15;FGSM;linear;10;10;2048;2;27,85649561882019;67,11343836784363;46,50075304863237;0,5945926249817811;0,7751590837167841;0,5945926249817811;0,6477942737489499;0,5103488220253248;0,4067837837837837;0,0086473131562693;0,6682274783337377;0,175529410772706;0,2657135741180251;0,0206794682422452;0,0;0,0085595500122279;0,0140136543298598;0,0207852193995381;0,0023846113083567;0,0034324942791762;0,0105820105820105;0,0;0,1295850944954574;0,1473682173843581;0,1295850944954574;0,0962162194533865;-0,071262849358108;0,8991081081081082;0,2191167387276096;0,3783326114468558;0,1209727321536843;0,038778185084873;0,8788774002954209;0,7718696397941681;0,6368305209097579;0,3089292130794107;0,39557901682613;0,0045042658046738;0,0963958810068649;0,0502645502645502;0,1363636363636363
UNSW-NB15;RANDOM_LINF;linear;10;10;2048;2;27,85649561882019;41,026718854904175;44,29747850167615;0,5945926249817811;0,7751590837167841;0,5945926249817811;0,6477942737489499;0,5103488220253248;0,4067837837837837;0,0086473131562693;0,6682274783337377;0,175529410772706;0,2657135741180251;0,0206794682422452;0,0;0,0085595500122279;0,0140136543298598;0,0207852193995381;0,0023846113083567;0,0034324942791762;0,0105820105820105;0,0;0,1516178399650196;0,7054171327091228;0,1516178399650196;0,0721056966354753;0,0618374222704404;0,9999729729729728;0,0;0,659676832936309;0,1652403719312727;0,0476961860066829;0,0;0,0;0,0;0,0;0,0;0,0;0,0;0,0;0,0
UNSW-NB15;RANDOM_L2;linear;10;10;2048;2;27,85649561882019;37,21086764335632;45,1695574017393;0,5945926249817811;0,7751590837167841;0,5945926249817811;0,6477942737489499;0,5103488220253248;0,4067837837837837;0,0086473131562693;0,6682274783337377;0,175529410772706;0,2657135741180251;0,0206794682422452;0,0;0,0085595500122279;0,0140136543298598;0,0207852193995381;0,0023846113083567;0,0034324942791762;0,0105820105820105;0,0;0,1428970509643881;0,2567542137742998;0,1428970509643881;0,0599153695196038;0,0368847027442187;1,0;0,0;0,649388984677711;0,1597037096497076;0,0436835517065949;0,0;0,0;0,0;0,0;0,0;0,0;0,0;0,0;0,0
UNSW-NB15;FGSM;linear;10;10;2048;3;25,70362901687622;47,7577555179596;44,4833114706311;0,574843317300685;0,767587354604089;0,574843317300685;0,6338991799075874;0,4926654977631557;0,4084594594594594;0,0125959587046677;0,6668384524399336;0,171655342874792;0,2522496521513362;0,0206794682422452;0,0017152658662092;0,008070432868672;0,0148221343873517;0,045859452325965;0,0023316199459488;0,0082951945080091;0,0185185185185185;0,0;0,1300102025943739;0,1348389200081214;0,1300102025943739;0,0833337892901711;-0,1135029296068781;0,916108108108108;0,2057928174358069;0,3736518932332531;0,116759474953758;0,0337985716329369;0,8936484490398818;0,8061749571183533;0,6167767180239667;0,2710204814947898;0,3808973935994721;0,0031264903820677;0,0943935926773455;0,0317460317460317;0,1136363636363636
UNSW-NB15;RANDOM_LINF;linear;10;10;2048;3;25,70362901687622;33,64146852493286;41,53913423699169;0,574843317300685;0,767587354604089;0,574843317300685;0,6338991799075874;0,4926654977631557;0,4084594594594594;0,0125959587046677;0,6668384524399336;0,171655342874792;0,2522496521513362;0,0206794682422452;0,0017152658662092;0,008070432868672;0,0148221343873517;0,045859452325965;0,0023316199459488;0,0082951945080091;0,0185185185185185;0,0;0,1594519749307681;0,708562386485816;0,1594519749307681;0,0853496639621539;0,0783411001280842;0,999945945945946;0,0;0,6545816226993371;0,1654902770189703;0,0549742726784139;0,0;0,0;0,0;0,0;0,0;0,0;0,0;0,0;0,0
UNSW-NB15;RANDOM_L2;linear;10;10;2048;3;25,70362901687622;33,9729061126709;42,345625030364864;0,574843317300685;0,767587354604089;0,574843317300685;0,6338991799075874;0,4926654977631557;0,4084594594594594;0,0125959587046677;0,6668384524399336;0,171655342874792;0,2522496521513362;0,0206794682422452;0,0017152658662092;0,008070432868672;0,0148221343873517;0,045859452325965;0,0023316199459488;0,0082951945080091;0,0185185185185185;0,0;0,1513870669970363;0,7091909526386843;0,1513870669970363;0,0739888136116664;0,0575947417597091;0,9999729729729728;0,0;0,6501023678628491;0,158684592323034;0,0505264713284667;0,0;0,0;0,0;0,0;0,0;0,0;0,0;0,0;0,0
UNSW-NB15;FGSM;linear;10;15;1024;2;18,70790004730225;109,84120655059814;48,0032065296604;0,591543992615265;0,7705996610698064;0,591543992615265;0,6469558033506158;0,5061116270076346;0,4042972972972973;0,0161034148063178;0,6723638207197167;0,1780464856270339;0,2713530403108654;0,0295420974889217;0,0051457975986277;0,0095377842993396;0,0258713618397412;0,0547674034971956;0,0007418790737109;0,0077231121281464;0,0185185185185185;0,0;0,111511927318661;0,1905827773290355;0,111511927318661;0,0851256342001483;-0,1378271475063232;0,9064324324324324;0,2190064413659225;0,3740064587173919;0,1138734599870491;0,0339764380806841;0,9335302806499262;0,8284734133790738;0,6424553680606505;0,3052461372619475;0,3960739030023095;0,0034444385565152;0,0878146453089244;0,0264550264550264;0,1136363636363636
UNSW-NB15;RANDOM_LINF;linear;10;15;1024;2;18,70790004730225;26,046637773513797;43,45090608754798;0,591543992615265;0,7705996610698064;0,591543992615265;0,6469558033506158;0,5061116270076346;0,4042972972972973;0,0161034148063178;0,6723638207197167;0,1780464856270339;0,2713530403108654;0,0295420974889217;0,0051457975986277;0,0095377842993396;0,0258713618397412;0,0547674034971956;0,0007418790737109;0,0077231121281464;0,0185185185185185;0,0;0,1570349317397852;0,6830751113862487;0,1570349317397852;0,0897500148811382;0,0659940041246082;0,9996216216216216;2,2059472337421688e-05;0,6668585860074574;0,1687753132303284;0,060987877474586;0,0;0,0;0,0;8,983111749910169e-05;0,0;0,0;0,0;0,0;0,0
UNSW-NB15;RANDOM_L2;linear;10;15;1024;2;18,70790004730225;25,587738275527958;44,43715687703445;0,591543992615265;0,7705996610698064;0,591543992615265;0,6469558033506158;0,5061116270076346;0,4042972972972973;0,0161034148063178;0,6723638207197167;0,1780464856270339;0,2713530403108654;0,0295420974889217;0,0051457975986277;0,0095377842993396;0,0258713618397412;0,0547674034971956;0,0007418790737109;0,0077231121281464;0,0185185185185185;0,0;0,1471724238449205;0,619946261274303;0,1471724238449205;0,0767171323792706;0,0470380674511536;0,9994864864864864;8,823788934968675e-05;0,6581370838893166;0,1603889118493106;0,0547911047454395;0,0;0,0;0,0002445585717779;8,983111749910169e-05;0,0001649620587264;0,0;0,0002860411899313;0,0;0,0
UNSW-NB15;FGSM;linear;10;15;1024;3;19,401779413223267;81,60903978347778;45,07724821454598;0,5937788466209979;0,7730327972368138;0,5937788466209979;0,6465076757658109;0,5076435004560711;0,4017027027027027;0,010676784611312;0,6862520024675548;0,1776932044573729;0,2804998702253326;0,0206794682422452;0,0017152658662092;0,0063585228662264;0,0130255120373697;0,0404157043879907;0,0018546976842774;0,0042906178489702;0,0079365079365079;0,0;0,143006364475538;0,320148215963106;0,143006364475538;0,1147209315202535;-0,0877906748724785;0,8837567567567568;0,2497573458042883;0,3957791355795885;0,108067658294479;0,0434082819496861;0,9630723781388478;0,8679245283018868;0,7128882367326975;0,3650736615163493;0,4275816562190696;0,0059880239520958;0,1261441647597254;0,0687830687830687;0,2954545454545454
UNSW-NB15;RANDOM_LINF;linear;10;15;1024;3;19,401779413223267;25,131915807724;44,02905310207452;0,5937788466209979;0,7730327972368138;0,5937788466209979;0,6465076757658109;0,5076435004560711;0,4017027027027027;0,010676784611312;0,6862520024675548;0,1776932044573729;0,2804998702253326;0,0206794682422452;0,0017152658662092;0,0063585228662264;0,0130255120373697;0,0404157043879907;0,0018546976842774;0,0042906178489702;0,0079365079365079;0,0;0,1534883156002526;0,7008907382270984;0,1534883156002526;0,0776828245109978;0,0622880370667206;0,9994324324324324;0,0;0,6717843433993198;0,1598043983442704;0,0509306412175396;0,0;0,0;0,0;0,0;0,0;0,0;0,0;0,0;0,0
UNSW-NB15;RANDOM_L2;linear;10;15;1024;3;19,401779413223267;25,17940664291382;44,62298984598941;0,5937788466209979;0,7730327972368138;0,5937788466209979;0,6465076757658109;0,5076435004560711;0,4017027027027027;0,010676784611312;0,6862520024675548;0,1776932044573729;0,2804998702253326;0,0206794682422452;0,0017152658662092;0,0063585228662264;0,0130255120373697;0,0404157043879907;0,0018546976842774;0,0042906178489702;0,0079365079365079;0,0;0,1475489481611038;0,6691548272035165;0,1475489481611038;0,0703680714174213;0,0462844726218435;0,9995675675675676;2,2059472337421688e-05;0,6571549441450768;0,1530834374400157;0,047922418313889;0,0;0,0;0,0;8,983111749910169e-05;0,0;0,0;0,0;0,0;0,0
UNSW-NB15;FGSM;linear;10;15;2048;2;16,95928192138672;59,04545593261719;46,752174124277325;0,5950541709177477;0,7670017012898076;0,5950541709177477;0,6445497697958582;0,5086484791506732;0,4115405405405405;0,0104782493602753;0,6752977473136562;0,1853526158190995;0,2812900785001084;0,0236336779911373;0,0;0,0073367571533382;0,0171577434423284;0,0303530188056746;0,001430766785014;0,0060068649885583;0,0158730158730158;0,0;0,1275324296749745;0,1457369842813658;0,1275324296749745;0,0980777889808752;-0,1226094879298046;0,881972972972973;0,2554266301950057;0,4098294670423077;0,1194730915427991;0,0363035976854985;0,9542097488921714;0,8679245283018868;0,7192467595989239;0,3858246496586417;0,4308808973935994;0,0066239203009909;0,1198512585812357;0,0608465608465608;0,2727272727272727
UNSW-NB15;RANDOM_LINF;linear;10;15;2048;2;16,95928192138672;26,521186590194706;44,52096390224944;0,5950541709177477;0,7670017012898076;0,5950541709177477;0,6445497697958582;0,5086484791506732;0,4115405405405405;0,0104782493602753;0,6752977473136562;0,1853526158190995;0,2812900785001084;0,0236336779911373;0,0;0,0073367571533382;0,0171577434423284;0,0303530188056746;0,001430766785014;0,0060068649885583;0,0158730158730158;0,0;0,1498445318952533;0,6195254972448565;0,1498445318952533;0,0791259221146707;0,0519892572865318;0,9996756756756756;6,617841701226507e-05;0,6604376675296311;0,1706768753190214;0,0537949992756798;0,0;0,0;0,0;0,0002694933524973;0,0;0,0;0,0;0,0;0,0
UNSW-NB15;RANDOM_L2;linear;10;15;2048;2;16,95928192138672;26,916393280029297;45,29466064227761;0,5950541709177477;0,7670017012898076;0,5950541709177477;0,6445497697958582;0,5086484791506732;0,4115405405405405;0,0104782493602753;0,6752977473136562;0,1853526158190995;0,2812900785001084;0,0236336779911373;0,0;0,0073367571533382;0,0171577434423284;0,0303530188056746;0,001430766785014;0,0060068649885583;0,0158730158730158;0,0;0,1421075644949715;0,6003020839655686;0,1421075644949715;0,0681696792839719;0,0355616972834432;0,9997297297297296;6,617841701226507e-05;0,6571632417874428;0,1613918563709302;0,0489896789063251;0,0;0,0;0,0002445585717779;0,0001796622349982;0,0;0,0;0,0;0,0;0,0
UNSW-NB15;FGSM;linear;10;15;2048;3;15,975701332092283;111,52339768409728;45,66511198561919;0,5832118738765;0,7382318614292986;0,5832118738765;0,6334668597771552;0,4882234791869052;0,3928648648648649;0,0157945821935939;0,6819459748217132;0,1788236326852765;0,2518712741884122;0,0073855243722304;0,0034305317324185;0,0061139642944485;0,0271289974847287;0,0527878587924777;0,0016957235970536;0,006578947368421;0,0158730158730158;0,0227272727272727;0,126560754020308;0,1271257839432911;0,126560754020308;0,0847650657465727;-0,0872334993227572;0,9155135135135136;0,2192270360892967;0,4173538497631799;0,1111656857309708;0,0348444951305512;0,9261447562776958;0,8353344768439108;0,6556615309366594;0,3041681638519583;0,3808973935994721;0,0039743521805945;0,1015446224256293;0,0343915343915343;0,1136363636363636
UNSW-NB15;RANDOM_LINF;linear;10;15;2048;3;15,975701332092283;26,339734315872192;43,74848175678958;0,5832118738765;0,7382318614292986;0,5832118738765;0,6334668597771552;0,4882234791869052;0,3928648648648649;0,0157945821935939;0,6819459748217132;0,1788236326852765;0,2518712741884122;0,0073855243722304;0,0034305317324185;0,0061139642944485;0,0271289974847287;0,0527878587924777;0,0016957235970536;0,006578947368421;0,0158730158730158;0,0227272727272727;0,1457270563086042;0,7062082264710473;0,1457270563086042;0,0639376657465761;0,0441848089257616;0,9998108108108108;0,0;0,6614288785586175;0,1646132997553128;0,0468383421031286;0,0;0,0;0,0;0,0;0,0;0,0;0,0;0,0;0,0
UNSW-NB15;RANDOM_L2;linear;10;15;2048;3;15,975701332092283;26,7561674118042;44,25496769178447;0,5832118738765;0,7382318614292986;0,5832118738765;0,6334668597771552;0,4882234791869052;0,3928648648648649;0,0157945821935939;0,6819459748217132;0,1788236326852765;0,2518712741884122;0,0073855243722304;0,0034305317324185;0,0061139642944485;0,0271289974847287;0,0527878587924777;0,0016957235970536;0,006578947368421;0,0158730158730158;0,0227272727272727;0,1406621969586552;0,6974336710447203;0,1406621969586552;0,0588063889034747;0,0323418685179413;0,999891891891892;0,0;0,6552255306663353;0,1563882873631916;0,0445571252108383;0,0;0,0;0,0;0,0;0,0;0,0;0,0;0,0;0,0
UNSW-NB15;FGSM;linear;10;20;1024;2;12,410621404647827;111,3904299736023;48,708885973861925;0,5930257979886314;0,766312795446792;0,5930257979886314;0,6415782934753087;0,5062879569254977;0,4131621621621621;0,0149342627724344;0,6848227699492871;0,178169313232501;0,2608087787290204;0,0162481536189069;0,0034305317324185;0,0105160185864514;0,0314408911246855;0,0359617288023754;0,0015897408722378;0,005720823798627;0,0079365079365079;0,0;0,1059369382500121;0,1594302104323849;0,1059369382500121;0,1019750374095699;-0,1214578651836106;0,8712702702702703;0,2349995588105532;0,3776778348434957;0,1052755406701439;0,0378160211349689;0,8729689807976366;0,7821612349914236;0,6710687209586697;0,3533057851239669;0,4020125371164632;0,005776058502464;0,0995423340961098;0,0687830687830687;0,2045454545454545
UNSW-NB15;RANDOM_LINF;linear;10;20;1024;2;12,410621404647827;26,94202136993408;43,67074770441627;0,5930257979886314;0,766312795446792;0,5930257979886314;0,6415782934753087;0,5062879569254977;0,4131621621621621;0,0149342627724344;0,6848227699492871;0,178169313232501;0,2608087787290204;0,0162481536189069;0,0034305317324185;0,0105160185864514;0,0314408911246855;0,0359617288023754;0,0015897408722378;0,005720823798627;0,0079365079365079;0,0;0,1563183209444687;0,6346989224200601;0,1563183209444687;0,0990247848836261;0,0628703161152045;0,997054054054054;0,0004632489190858;0,6748481421299835;0,1656832183383635;0,0652860410342122;0,0;0,0;0,0004891171435558;0,0003593244699964;0,0001649620587264;0,000688887711303;0,0002860411899313;0,0;0,0
UNSW-NB15;RANDOM_L2;linear;10;20;1024;2;12,410621404647827;27,157914638519287;44,449302822717776;0,5930257979886314;0,766312795446792;0,5930257979886314;0,6415782934753087;0,5062879569254977;0,4131621621621621;0,0149342627724344;0,6848227699492871;0,178169313232501;0,2608087787290204;0,0162481536189069;0,0034305317324185;0,0105160185864514;0,0314408911246855;0,0359617288023754;0,0015897408722378;0,005720823798627;0,0079365079365079;0,0;0,1485327697614536;0,6416360135521049;0,1485327697614536;0,0910501248063572;0,0497351722490127;0,9970270270270272;0,0003750110297361;0,659822578209873;0,157130071861045;0,060893292582579;0,0;0,0;0,0002445585717779;0,0006288178224937;0,0;0,0003179481744475;0,0005720823798627;0,0026455026455026;0,0
UNSW-NB15;FGSM;linear;10;20;1024;3;12,60557222366333;122,9132080078125;48,16353301268037;0,6037749599183793;0,7610796608553043;0,6037749599183793;0,6473017236358126;0,5141915873867471;0,3974864864864865;0,0133018618194652;0,6855992590953373;0,1863387003047722;0,2620738818173582;0,0295420974889217;0,0034305317324185;0,008070432868672;0,012396694214876;0,0580666446717255;0,0011658099729744;0,0085812356979405;0,0158730158730158;0,0;0,1221396297915755;0,1665214655795162;0,1221396297915755;0,0943525785785849;-0,1121777390843075;0,8916216216216216;0,2373378628783199;0,5052421843167021;0,1140985562768058;0,0359497359953906;0,9571639586410636;0,8644939965694682;0,6894106138420152;0,3360582105641394;0,4198284394589244;0,0043982830798579;0,1132723112128146;0,0423280423280423;0,1590909090909091
UNSW-NB15;RANDOM_LINF;linear;10;20;1024;3;12,60557222366333;28,27471685409546;40,709566146820194;0,6037749599183793;0,7610796608553043;0,6037749599183793;0,6473017236358126;0,5141915873867471;0,3974864864864865;0,0133018618194652;0,6855992590953373;0,1863387003047722;0,2620738818173582;0,0295420974889217;0,0034305317324185;0,008070432868672;0,012396694214876;0,0580666446717255;0,0011658099729744;0,0085812356979405;0,0158730158730158;0,0;0,1966792984501773;0,6752398823340899;0,1966792984501773;0,1518141110648393;0,1245363374135403;0,995;0,0002867731403864;0,6743130460296236;0,1736282167165106;0,0880932511376932;0,0;0,0;0,0004891171435558;0,0006288178224937;0,0001649620587264;0,0001059827248158;0,0002860411899313;0,0;0,0
UNSW-NB15;RANDOM_L2;linear;10;20;1024;3;12,60557222366333;28,613699674606323;42,13550017004324;0,6037749599183793;0,7610796608553043;0,6037749599183793;0,6473017236358126;0,5141915873867471;0,3974864864864865;0,0133018618194652;0,6855992590953373;0,1863387003047722;0,2620738818173582;0,0295420974889217;0,0034305317324185;0,008070432868672;0,012396694214876;0,0580666446717255;0,0011658099729744;0,0085812356979405;0,0158730158730158;0,0;0,1824199582179468;0,5968782567326606;0,1824199582179468;0,1334193492774696;0,1025750868104202;0,9970270270270272;0,0007059031147974;0,660725749332142;0,1650716355506535;0,0799907870379087;0,0;0,0;0,0007336757153338;0,0011678045274883;0,0006598482349059;0,0005299136240792;0,0002860411899313;0,0026455026455026;0,0
UNSW-NB15;FGSM;linear;10;20;2048;2;12,84313178062439;108,9711377620697;49,35626487878346;0,6045280085507457;0,7536884284960569;0,6045280085507457;0,6564184652451632;0,5146786641102462;0,3882162162162162;0,0197873466866672;0,6927836608499647;0,1925769020519367;0,2705094493185983;0,0236336779911373;0,0034305317324185;0,0095377842993396;0,0283866331297161;0,0730781920158363;0,0010598272481585;0,0145881006864988;0,0264550264550264;0,0;0,1109653597629111;0,3737876449436467;0,1109653597629111;0,108492810947158;-0,1446358461160937;0,8715135135135135;0,2652430953851584;0,3869151057568566;0,086500609486671;0,0418411251985285;0,96602658788774;0,8782161234991424;0,727072633895818;0,393100970176069;0,4543055097327614;0,0071008425626622;0,1670480549199084;0,0793650793650793;0,1590909090909091
UNSW-NB15;RANDOM_LINF;linear;10;20;2048;2;12,84313178062439;26,97397232055664;45,84365738716416;0,6045280085507457;0,7536884284960569;0,6045280085507457;0,6564184652451632;0,5146786641102462;0,3882162162162162;0,0197873466866672;0,6927836608499647;0,1925769020519367;0,2705094493185983;0,0236336779911373;0,0034305317324185;0,0095377842993396;0,0283866331297161;0,0730781920158363;0,0010598272481585;0,0145881006864988;0,0264550264550264;0,0;0,1460914346791041;0,6207677698191761;0,1460914346791041;0,0833046818161734;0,0507578725967613;0,9957027027027028;0,0007941410041471;0,6730875043016461;0,1681623951246601;0,0597840931494308;0,0;0,0;0,0002445585717779;0,0015271289974847;0,0008248102936324;0,0006358963488951;0,0002860411899313;0,0;0,0
UNSW-NB15;RANDOM_L2;linear;10;20;2048;2;12,84313178062439;27,406973838806152;46,35378710586407;0,6045280085507457;0,7536884284960569;0,6045280085507457;0,6564184652451632;0,5146786641102462;0,3882162162162162;0,0197873466866672;0,6927836608499647;0,1925769020519367;0,2705094493185983;0,0236336779911373;0,0034305317324185;0,0095377842993396;0,0283866331297161;0,0730781920158363;0,0010598272481585;0,0145881006864988;0,0264550264550264;0,0;0,1409901374921051;0,5937391816202666;0,1409901374921051;0,0762123539761264;0,0391259390602593;0,9956216216216216;0,001102973616871;0,6604243531614096;0,1590280150239233;0,0555504055421261;0,0;0,0;0,0007336757153338;0,0017067912324829;0,0018145826459914;0,0007948704361189;0,0002860411899313;0,0026455026455026;0,0
UNSW-NB15;FGSM;linear;10;20;2048;3;12,62843418121338;122,1108877658844;49,1850070446485;0,6032769761453627;0,7396569853034011;0,6032769761453627;0,6388660329620524;0,5105576913639986;0,407027027027027;0,0120224124238948;0,6718142163262948;0,1749314513986335;0,2587240173836414;0,0162481536189069;0,0034305317324185;0,0119833700171191;0,0154509522098454;0,0433850214450676;0,0009008531609347;0,0068649885583524;0,0185185185185185;0,0;0,1114269056988777;0,1423799266894288;0,1114269056988777;0,0842811958932016;-0,114391545897829;0,9090810810810812;0,2286023118327009;0,4215245919164522;0,1246975301230953;0,0344540559034946;0,9453471196454948;0,869639794168096;0,6747370995353387;0,313600431189364;0,4031672715275486;0,0046102485294896;0,1169908466819222;0,0529100529100529;0,1363636363636363
UNSW-NB15;RANDOM_LINF;linear;10;20;2048;3;12,62843418121338;23,958802223205566;43,88937472671623;0,6032769761453627;0,7396569853034011;0,6032769761453627;0,6388660329620524;0,5105576913639986;0,407027027027027;0,0120224124238948;0,6718142163262948;0,1749314513986335;0,2587240173836414;0,0162481536189069;0,0034305317324185;0,0119833700171191;0,0154509522098454;0,0433850214450676;0,0009008531609347;0,0068649885583524;0,0185185185185185;0,0;0,1643832288782004;0,6319216351333214;0,1643832288782004;0,1024069263896612;0,077623577646002;0,9953243243243244;0,0007720815318097;0,667213016859235;0,1597945300910932;0,06773400132676;0,0;0,0;0,0002445585717779;0,0005389867049946;0,0004948861761794;0,0012717926977902;0,0002860411899313;0,0;0,0
UNSW-NB15;RANDOM_L2;linear;10;20;2048;3;12,62843418121338;25,137291193008423;44,87684011077103;0,6032769761453627;0,7396569853034011;0,6032769761453627;0,6388660329620524;0,5105576913639986;0,407027027027027;0,0120224124238948;0,6718142163262948;0,1749314513986335;0,2587240173836414;0,0162481536189069;0,0034305317324185;0,0119833700171191;0,0154509522098454;0,0433850214450676;0,0009008531609347;0,0068649885583524;0,0185185185185185;0,0;0,1545085750376524;0,5702457988319005;0,1545085750376524;0,0902245411354581;0,0583422323074599;0,9962702702702704;0,0011691520338833;0,65882689600688;0,1557951378462179;0,0602485981483679;0,0;0,0;0,0002445585717779;0,0013474667624865;0,0004948861761794;0,0017487149594616;0,0002860411899313;0,0;0,0
UNSW-NB15;FGSM;linear;16;10;2048;2;150,12021530000493;59,05479869991541;48,74168002720691;0,5928071709663314;0,7584636839815573;0,5928071709663314;0,645722615850901;0,5045611292063132;0,4028378378378378;0,0180446483720109;0,6744347923309422;0,172049369655798;0,267797827297707;0,0147710487444608;0,0120068610634648;0,0136952800195646;0,0325188645346748;0,0504783899703068;0,0024376026707646;0,0062929061784897;0,0238095238095238;0,0;0,1053903706942622;0,2916040402821043;0,1053903706942622;0,0467945996809794;-0,156295252209076;0,971;0,2088590840907085;0,3571443279593129;0,0890786782036611;0,0244030046359297;0,8892171344165436;0,855917667238422;0,6541941795059917;0,3095580309019044;0,2505773672055427;0,0039743521805945;0,1844965675057208;0,0158730158730158;0,0227272727272727
UNSW-NB15;RANDOM_LINF;linear;16;10;2048;2;150,12021530000493;61,89748110016808;43,75819851333625;0,5928071709663314;0,7584636839815573;0,5928071709663314;0,645722615850901;0,5045611292063132;0,4028378378378378;0,0180446483720109;0,6744347923309422;0,172049369655798;0,267797827297707;0,0147710487444608;0,0120068610634648;0,0136952800195646;0,0325188645346748;0,0504783899703068;0,0024376026707646;0,0062929061784897;0,0238095238095238;0,0;0,1552251858329689;0,2583629567555534;0,1552251858329689;0,0762591459664381;0,0755668374400249;1,0;0,0;0,6658435046476654;0,162652420517303;0,0506449966212972;0,0;0,0;0,0;0,0;0,0;0,0;0,0;0,0;0,0
UNSW-NB15;RANDOM_L2;linear;16;10;2048;2;150,12021530000493;61,07203479995951;44,35456444638779;0,5928071709663314;0,7584636839815573;0,5928071709663314;0,645722615850901;0,5045611292063132;0,4028378378378378;0,0180446483720109;0,6744347923309422;0,172049369655798;0,267797827297707;0,0147710487444608;0,0120068610634648;0,0136952800195646;0,0325188645346748;0,0504783899703068;0,0024376026707646;0,0062929061784897;0,0238095238095238;0,0;0,1492615265024534;0,2572758131778505;0,1492615265024534;0,0685452264945127;0,0550674351365612;1,0;0,0;0,652192858440013;0,1582559118070832;0,0475102247881546;0,0;0,0;0,0;0,0;0,0;0,0;0,0;0,0;0,0
UNSW-NB15;FGSM;linear;16;20;2048;2;83,75419969996437;164,90622599981725;51,03847835592479;0,6077588301025117;0,7439450511335944;0,6077588301025117;0,6481417780712637;0,514536829096391;0,3934594594594595;0,0190152651548574;0,6843160937296808;0,1798430863645386;0,2642658116175783;0,0147710487444608;0,0017152658662092;0,0119833700171191;0,0325188645346748;0,0608709996700758;0,0020666631339091;0,006578947368421;0,0238095238095238;0,0;0,0973740465432638;0,1165916975743099;0,0973740465432638;0,0456517103547453;-0,1408287310517578;0,975108108108108;0,2169107914938674;0,36918079683458;0,104960570950533;0,0275880789228275;0,9025110782865584;0,8747855917667239;0,6666666666666666;0,3294107078692059;0,2492576707357307;0,0037093953685549;0,2088100686498855;0,0132275132275132;0,0681818181818181
UNSW-NB15;RANDOM_LINF;linear;16;20;2048;2;83,75419969996437;30,74189870012924;44,90720497497935;0,6077588301025117;0,7439450511335944;0,6077588301025117;0,6481417780712637;0,514536829096391;0,3934594594594595;0,0190152651548574;0,6843160937296808;0,1798430863645386;0,2642658116175783;0,0147710487444608;0,0017152658662092;0,0119833700171191;0,0325188645346748;0,0608709996700758;0,0020666631339091;0,006578947368421;0,0238095238095238;0,0;0,1586867803527182;0,6677574556907521;0,1586867803527182;0,0858959283223733;0,073658785079225;0,9993513513513512;4,4118944674843376e-05;0,668913729574912;0,1643345706230984;0,0556486648699813;0,0;0,0;0,0002445585717779;8,983111749910169e-05;0,0;0,0;0,0;0,0;0,0
UNSW-NB15;RANDOM_L2;linear;16;20;2048;2;83,75419969996437;32,20085590030067;45,20842442792596;0,6077588301025117;0,7439450511335944;0,6077588301025117;0,6481417780712637;0,514536829096391;0,3934594594594595;0,0190152651548574;0,6843160937296808;0,1798430863645386;0,2642658116175783;0,0147710487444608;0,0017152658662092;0,0119833700171191;0,0325188645346748;0,0608709996700758;0,0020666631339091;0,006578947368421;0,0238095238095238;0,0;0,1556745858232522;0,6460848790737892;0,1556745858232522;0,084595756950369;0,0635276878897973;0,9986756756756756;0,0001323568340245;0,6614406171243742;0,1615492334607332;0,0560398016284914;0,0;0,0;0,0002445585717779;0,0003593244699964;0,0;5,299136240792751e-05;0,0;0,0;0,0
UNSW-NB15;FGSM;linear;32;10;2048;2;293,5228088002186;113,68576679984108;50,98989457319146;0,6136131759218773;0,7384647579017104;0,6136131759218773;0,6442735168577474;0,5189817294461644;0,3835675675675675;0,0191255625165446;0,6736621011861891;0,1742269032746387;0,2723123736447335;0,035450516986706;0,0017152658662092;0,0117388114453411;0,0307222421846927;0,0628505443747938;0,0020136717715012;0,0074370709382151;0,0185185185185185;0,0;0,1037142301899625;0,0605156749064322;0,1037142301899625;0,0446719957312313;-0,1712122854068974;0,972027027027027;0,2140871790346775;0,3567407134298308;0,0925828403519833;0,0234965737833413;0,8936484490398818;0,8593481989708405;0,6585962337979946;0,3252784764642472;0,2507423292642692;0,0040273435430024;0,1950800915331808;0,0158730158730158;0,0227272727272727
UNSW-NB15;RANDOM_LINF;linear;32;10;2048;2;293,5228088002186;115,96713039977476;46,18981683913909;0,6136131759218773;0,7384647579017104;0,6136131759218773;0,6442735168577474;0,5189817294461644;0,3835675675675675;0,0191255625165446;0,6736621011861891;0,1742269032746387;0,2723123736447335;0,035450516986706;0,0017152658662092;0,0117388114453411;0,0307222421846927;0,0628505443747938;0,0020136717715012;0,0074370709382151;0,0185185185185185;0,0;0,1517150075304863;0,2567518693000523;0,1517150075304863;0,0673968515178732;0,0729636940196137;1,0;0,0;0,6792844395730503;0,1657867448978763;0,0436735158869703;0,0;0,0;0,0;0,0;0,0;0,0;0,0;0,0;0,0
UNSW-NB15;RANDOM_L2;linear;32;10;2048;2;293,5228088002186;116,00185000011696;46,72788223291066;0,6136131759218773;0,7384647579017104;0,6136131759218773;0,6442735168577474;0,5189817294461644;0,3835675675675675;0,0191255625165446;0,6736621011861891;0,1742269032746387;0,2723123736447335;0,035450516986706;0,0017152658662092;0,0117388114453411;0,0307222421846927;0,0628505443747938;0,0020136717715012;0,0074370709382151;0,0185185185185185;0,0;0,1463343535927707;0,2583498140891762;0,1463343535927707;0,0595004244613726;0,0515109382504402;1,0;0,0;0,6683957089983004;0,1616934495228731;0,0409307624261692;0,0;0,0;0,0;0,0;0,0;0,0;0,0;0,0;0,0
UNSW-NB15;FGSM;linear;32;20;2048;2;171,0001133000478;243,66800679988228;50,443327017441575;0,6281640188505077;0,7559454320130937;0,6281640188505077;0,6538315900970364;0,5340294708898154;0,3763783783783784;0,0261625341921821;0,6861973798922472;0,1869166895843771;0,282517367194824;0,0605612998522895;0,0034305317324185;0,0154071900220102;0,0394358605821056;0,0895743978884856;0,001430766785014;0,0168764302059496;0,0291005291005291;0,0227272727272727;0,1237307486760919;0,3364168341951596;0,1237307486760919;0,0853386650961499;-0,1133632117844178;0,9197567567567568;0,2358819377040501;0,3887233028626604;0,0979504679090617;0,0371469486625277;0,929098966026588;0,8816466552315609;0,6762044509660063;0,3597736255839022;0,312273177169251;0,0073128080122939;0,2116704805491991;0,0158730158730158;0,0681818181818181
UNSW-NB15;RANDOM_LINF;linear;32;20;2048;2;171,0001133000478;70,78035049978644;45,62260117572754;0,6281640188505077;0,7559454320130937;0,6281640188505077;0,6538315900970364;0,5340294708898154;0,3763783783783784;0,0261625341921821;0,6861973798922472;0,1869166895843771;0,282517367194824;0,0605612998522895;0,0034305317324185;0,0154071900220102;0,0394358605821056;0,0895743978884856;0,001430766785014;0,0168764302059496;0,0291005291005291;0,0227272727272727;0,1719380070932323;0,7133192645894662;0,1719380070932323;0,1053357500897439;0,1032692389809329;0,999891891891892;0,0;0,686439820644033;0,1822872669376891;0,0643502013229784;0,0;0,0;0,0;0,0;0,0;0,0;0,0;0,0;0,0
UNSW-NB15;RANDOM_L2;linear;32;20;2048;2;171,0001133000478;71,71644469979219;46,58941845212068;0,6281640188505077;0,7559454320130937;0,6281640188505077;0,6538315900970364;0,5340294708898154;0,3763783783783784;0,0261625341921821;0,6861973798922472;0,1869166895843771;0,282517367194824;0,0605612998522895;0,0034305317324185;0,0154071900220102;0,0394358605821056;0,0895743978884856;0,001430766785014;0,0168764302059496;0,0291005291005291;0,0227272727272727;0,1622698343293008;0,7111016984031341;0,1622698343293008;0,0937414576918169;0,0796881169578369;0,999837837837838;0,0;0,6780427080093444;0,1759473452363094;0,059735596520033;0,0;0,0;0,0;0,0;0,0;0,0;0,0;0,0;0,0
UNSW-NB15;C&W;linear;16;10;2048;2;152,34107699990273;538,4060245996807;0,0;0,5928071709663314;0,7584636839815573;0,5928071709663314;0,645722615850901;0,5045611292063132;0,4028378378378378;0,0180446483720109;0,6744347923309422;0,172049369655798;0,267797827297707;0,0147710487444608;0,0120068610634648;0,0136952800195646;0,0325188645346748;0,0504783899703068;0,0024376026707646;0,0062929061784897;0,0238095238095238;0,0;0,5928071709663314;0,7584636839815573;0,5928071709663314;0,645722615850901;0,5045611292063132;0,4028378378378378;0,0180446483720109;0,6744347923309422;0,172049369655798;0,267797827297707;0,0147710487444608;0,0120068610634648;0,0136952800195646;0,0325188645346748;0,0504783899703068;0,0024376026707646;0,0062929061784897;0,0238095238095238;0,0
UNSW-NB15;C&W;linear;16;20;2048;2;84,6751276999712;273,6904923999682;0,0;0,6077588301025117;0,7439450511335944;0,6077588301025117;0,6481417780712637;0,514536829096391;0,3934594594594595;0,0190152651548574;0,6843160937296808;0,1798430863645386;0,2642658116175783;0,0147710487444608;0,0017152658662092;0,0119833700171191;0,0325188645346748;0,0608709996700758;0,0020666631339091;0,006578947368421;0,0238095238095238;0,0;0,6077588301025117;0,7439450511335944;0,6077588301025117;0,6481417780712637;0,514536829096391;0,3934594594594595;0,0190152651548574;0,6843160937296808;0,1798430863645386;0,2642658116175783;0,0147710487444608;0,0017152658662092;0,0119833700171191;0,0325188645346748;0,0608709996700758;0,0020666631339091;0,006578947368421;0,0238095238095238;0,0
UNSW-NB15;C&W;linear;32;10;2048;2;297,20404370012693;1006,0328287999146;0,0;0,6136131759218773;0,7384647579017104;0,6136131759218773;0,6442735168577474;0,5189817294461644;0,3835675675675675;0,0191255625165446;0,6736621011861891;0,1742269032746387;0,2723123736447335;0,035450516986706;0,0017152658662092;0,0117388114453411;0,0307222421846927;0,0628505443747938;0,0020136717715012;0,0074370709382151;0,0185185185185185;0,0;0,6136131759218773;0,7384647579017104;0,6136131759218773;0,6442735168577474;0,5189817294461644;0,3835675675675675;0,0191255625165446;0,6736621011861891;0,1742269032746387;0,2723123736447335;0,035450516986706;0,0017152658662092;0,0117388114453411;0,0307222421846927;0,0628505443747938;0,0020136717715012;0,0074370709382151;0,0185185185185185;0,0
UNSW-NB15;C&W;linear;32;20;2048;2;157,64921500021592;482,326929199975;0,0;0,6281640188505077;0,7559454320130937;0,6281640188505077;0,6538315900970364;0,5340294708898154;0,3763783783783784;0,0261625341921821;0,6861973798922472;0,1869166895843771;0,282517367194824;0,0605612998522895;0,0034305317324185;0,0154071900220102;0,0394358605821056;0,0895743978884856;0,001430766785014;0,0168764302059496;0,0291005291005291;0,0227272727272727;0,6281640188505077;0,7559454320130937;0,6281640188505077;0,6538315900970364;0,5340294708898154;0,3763783783783784;0,0261625341921821;0,6861973798922472;0,1869166895843771;0,282517367194824;0,0605612998522895;0,0034305317324185;0,0154071900220102;0,0394358605821056;0,0895743978884856;0,001430766785014;0,0168764302059496;0,0291005291005291;0,0227272727272727
UNSW-NB15;C&W;linear;1;5;1024;2;30,78808999992907;113,4576465000864;0,0;0,0634139824126706;0,7951826592252886;0,0634139824126706;0,056553861079235;-0,0068050326465202;0,962081081081081;0,0001323568340245;0,670629315266029;0,1703830180379071;0,0311097414105483;0,0;0,0;0,0;0,0003593244699964;0,0003299241174529;0,0;0,0;0,0;0,0;0,0634139824126706;0,7951826592252886;0,0634139824126706;0,056553861079235;-0,0068050326465202;0,962081081081081;0,0001323568340245;0,670629315266029;0,1703830180379071;0,0311097414105483;0,0;0,0;0,0;0,0003593244699964;0,0003299241174529;0,0;0,0;0,0;0,0
UNSW-NB15;C&W;linear;1;5;1024;3;29,684054099954665;114,76790319988504;0,0;0,0634139824126706;0,7951826592252886;0,0634139824126706;0,056553861079235;-0,0068050326465202;0,962081081081081;0,0001323568340245;0,670629315266029;0,1703830180379071;0,0311097414105483;0,0;0,0;0,0;0,0003593244699964;0,0003299241174529;0,0;0,0;0,0;0,0;0,0634139824126706;0,7951826592252886;0,0634139824126706;0,056553861079235;-0,0068050326465202;0,962081081081081;0,0001323568340245;0,670629315266029;0,1703830180379071;0,0311097414105483;0,0;0,0;0,0;0,0003593244699964;0,0003299241174529;0,0;0,0;0,0;0,0
UNSW-NB15;C&W;linear;1;5;2048;2;29,424366199877117;113,30206660018304;0,0;0,0634139824126706;0,7951826592252886;0,0634139824126706;0,056553861079235;-0,0068050326465202;0,962081081081081;0,0001323568340245;0,670629315266029;0,1703830180379071;0,0311097414105483;0,0;0,0;0,0;0,0003593244699964;0,0003299241174529;0,0;0,0;0,0;0,0;0,0634139824126706;0,7951826592252886;0,0634139824126706;0,056553861079235;-0,0068050326465202;0,962081081081081;0,0001323568340245;0,670629315266029;0,1703830180379071;0,0311097414105483;0,0;0,0;0,0;0,0003593244699964;0,0003299241174529;0,0;0,0;0,0;0,0
UNSW-NB15;C&W;linear;1;5;2048;3;29,782845299923792;115,38732410036027;0,0;0,0634139824126706;0,7951826592252886;0,0634139824126706;0,056553861079235;-0,0068050326465202;0,962081081081081;0,0001323568340245;0,670629315266029;0,1703830180379071;0,0311097414105483;0,0;0,0;0,0;0,0003593244699964;0,0003299241174529;0,0;0,0;0,0;0,0;0,0634139824126706;0,7951826592252886;0,0634139824126706;0,056553861079235;-0,0068050326465202;0,962081081081081;0,0001323568340245;0,670629315266029;0,1703830180379071;0,0311097414105483;0,0;0,0;0,0;0,0003593244699964;0,0003299241174529;0,0;0,0;0,0;0,0
UNSW-NB15;C&W;linear;1;10;1024;2;21,823688499862328;61,0957844001241;0,0;0,106556381479862;0,7537191519191005;0,106556381479862;0,1546517263831872;0,0525460016439402;0,8795675675675676;0,001102973616871;0,672740075477045;0,1630442625071199;0,0691644176385369;0,0;0,0;0,0019564685742235;0,003593244699964;0,0003299241174529;0,0;0,0;0,0;0,0;0,106556381479862;0,7537191519191005;0,106556381479862;0,1546517263831872;0,0525460016439402;0,8795675675675676;0,001102973616871;0,672740075477045;0,1630442625071199;0,0691644176385369;0,0;0,0;0,0019564685742235;0,003593244699964;0,0003299241174529;0,0;0,0;0,0;0,0
UNSW-NB15;C&W;linear;1;10;1024;3;22,0355243999511;61,63917439966463;0,0;0,106556381479862;0,7537191519191005;0,106556381479862;0,1546517263831872;0,0525460016439402;0,8795675675675676;0,001102973616871;0,672740075477045;0,1630442625071199;0,0691644176385369;0,0;0,0;0,0019564685742235;0,003593244699964;0,0003299241174529;0,0;0,0;0,0;0,0;0,106556381479862;0,7537191519191005;0,106556381479862;0,1546517263831872;0,0525460016439402;0,8795675675675676;0,001102973616871;0,672740075477045;0,1630442625071199;0,0691644176385369;0,0;0,0;0,0019564685742235;0,003593244699964;0,0003299241174529;0,0;0,0;0,0;0,0
UNSW-NB15;C&W;linear;1;10;2048;2;21,7470416999422;60,79958329978399;0,0;0,106556381479862;0,7537191519191005;0,106556381479862;0,1546517263831872;0,0525460016439402;0,8795675675675676;0,001102973616871;0,672740075477045;0,1630442625071199;0,0691644176385369;0,0;0,0;0,0019564685742235;0,003593244699964;0,0003299241174529;0,0;0,0;0,0;0,0;0,106556381479862;0,7537191519191005;0,106556381479862;0,1546517263831872;0,0525460016439402;0,8795675675675676;0,001102973616871;0,672740075477045;0,1630442625071199;0,0691644176385369;0,0;0,0;0,0019564685742235;0,003593244699964;0,0003299241174529;0,0;0,0;0,0;0,0
UNSW-NB15;C&W;linear;1;10;2048;3;25,439506800146773;61,043504500063136;0,0;0,106556381479862;0,7537191519191005;0,106556381479862;0,1546517263831872;0,0525460016439402;0,8795675675675676;0,001102973616871;0,672740075477045;0,1630442625071199;0,0691644176385369;0,0;0,0;0,0019564685742235;0,003593244699964;0,0003299241174529;0,0;0,0;0,0;0,0;0,106556381479862;0,7537191519191005;0,106556381479862;0,1546517263831872;0,0525460016439402;0,8795675675675676;0,001102973616871;0,672740075477045;0,1630442625071199;0,0691644176385369;0,0;0,0;0,0019564685742235;0,003593244699964;0,0003299241174529;0,0;0,0;0,0;0,0
UNSW-NB15;C&W;linear;1;15;1024;2;20,73988140001893;42,29279680037871;0,0;0,0737744740805519;0,79448846524328;0,0737744740805519;0,0689193527672603;-0,0116401916751654;0,962081081081081;0,0001323568340245;0,6545551763072226;0,1730471339816999;0,0369320467461257;0,0;0,0;0,0;0,0003593244699964;0,0003299241174529;0,0;0,0;0,0;0,0;0,0737744740805519;0,79448846524328;0,0737744740805519;0,0689193527672603;-0,0116401916751654;0,962081081081081;0,0001323568340245;0,6545551763072226;0,1730471339816999;0,0369320467461257;0,0;0,0;0,0;0,0003593244699964;0,0003299241174529;0,0;0,0;0,0;0,0
UNSW-NB15;C&W;linear;1;15;1024;3;20,840661800000817;42,175291599938646;0,0;0,0737744740805519;0,79448846524328;0,0737744740805519;0,0689193527672603;-0,0116401916751654;0,962081081081081;0,0001323568340245;0,6545551763072226;0,1730471339816999;0,0369320467461257;0,0;0,0;0,0;0,0003593244699964;0,0003299241174529;0,0;0,0;0,0;0,0;0,0737744740805519;0,79448846524328;0,0737744740805519;0,0689193527672603;-0,0116401916751654;0,962081081081081;0,0001323568340245;0,6545551763072226;0,1730471339816999;0,0369320467461257;0,0;0,0;0,0;0,0003593244699964;0,0003299241174529;0,0;0,0;0,0;0,0
UNSW-NB15;C&W;linear;1;15;2048;2;21,3260600999929;41,929053500294685;0,0;0,0737744740805519;0,79448846524328;0,0737744740805519;0,0689193527672603;-0,0116401916751654;0,962081081081081;0,0001323568340245;0,6545551763072226;0,1730471339816999;0,0369320467461257;0,0;0,0;0,0;0,0003593244699964;0,0003299241174529;0,0;0,0;0,0;0,0;0,0737744740805519;0,79448846524328;0,0737744740805519;0,0689193527672603;-0,0116401916751654;0,962081081081081;0,0001323568340245;0,6545551763072226;0,1730471339816999;0,0369320467461257;0,0;0,0;0,0;0,0003593244699964;0,0003299241174529;0,0;0,0;0,0;0,0
UNSW-NB15;C&W;linear;1;15;2048;3;19,30964200012386;43,35250460007228;0,0;0,0737744740805519;0,79448846524328;0,0737744740805519;0,0689193527672603;-0,0116401916751654;0,962081081081081;0,0001323568340245;0,6545551763072226;0,1730471339816999;0,0369320467461257;0,0;0,0;0,0;0,0003593244699964;0,0003299241174529;0,0;0,0;0,0;0,0;0,0737744740805519;0,79448846524328;0,0737744740805519;0,0689193527672603;-0,0116401916751654;0,962081081081081;0,0001323568340245;0,6545551763072226;0,1730471339816999;0,0369320467461257;0,0;0,0;0,0;0,0003593244699964;0,0003299241174529;0,0;0,0;0,0;0,0
UNSW-NB15;C&W;linear;1;20;1024;2;17,781499300152063;33,68065689969808;0,0;0,1102730408589612;0,7528177011895647;0,1102730408589612;0,1533037759441805;0,0431143367424915;0,879945945945946;0,001102973616871;0,6660724465294173;0,1748896996611426;0,066576885070402;0,0;0,0;0,0019564685742235;0,003593244699964;0,0003299241174529;0,0;0,0;0,0;0,0;0,1102730408589612;0,7528177011895647;0,1102730408589612;0,1533037759441805;0,0431143367424915;0,879945945945946;0,001102973616871;0,6660724465294173;0,1748896996611426;0,066576885070402;0,0;0,0;0,0019564685742235;0,003593244699964;0,0003299241174529;0,0;0,0;0,0;0,0
UNSW-NB15;C&W;linear;1;20;1024;3;18,307036000071093;33,529089900199324;0,0;0,1102730408589612;0,7528177011895647;0,1102730408589612;0,1533037759441805;0,0431143367424915;0,879945945945946;0,001102973616871;0,6660724465294173;0,1748896996611426;0,066576885070402;0,0;0,0;0,0019564685742235;0,003593244699964;0,0003299241174529;0,0;0,0;0,0;0,0;0,1102730408589612;0,7528177011895647;0,1102730408589612;0,1533037759441805;0,0431143367424915;0,879945945945946;0,001102973616871;0,6660724465294173;0,1748896996611426;0,066576885070402;0,0;0,0;0,0019564685742235;0,003593244699964;0,0003299241174529;0,0;0,0;0,0;0,0
UNSW-NB15;C&W;linear;1;20;2048;2;17,769213600084186;33,60386080015451;0,0;0,1102730408589612;0,7528177011895647;0,1102730408589612;0,1533037759441805;0,0431143367424915;0,879945945945946;0,001102973616871;0,6660724465294173;0,1748896996611426;0,066576885070402;0,0;0,0;0,0019564685742235;0,003593244699964;0,0003299241174529;0,0;0,0;0,0;0,0;0,1102730408589612;0,7528177011895647;0,1102730408589612;0,1533037759441805;0,0431143367424915;0,879945945945946;0,001102973616871;0,6660724465294173;0,1748896996611426;0,066576885070402;0,0;0,0;0,0019564685742235;0,003593244699964;0,0003299241174529;0,0;0,0;0,0;0,0
UNSW-NB15;C&W;linear;1;20;2048;3;18,17779519991018;33,99991969997063;0,0;0,1102730408589612;0,7528177011895647;0,1102730408589612;0,1533037759441805;0,0431143367424915;0,879945945945946;0,001102973616871;0,6660724465294173;0,1748896996611426;0,066576885070402;0,0;0,0;0,0019564685742235;0,003593244699964;0,0003299241174529;0,0;0,0;0,0;0,0;0,1102730408589612;0,7528177011895647;0,1102730408589612;0,1533037759441805;0,0431143367424915;0,879945945945946;0,001102973616871;0,6660724465294173;0,1748896996611426;0,066576885070402;0,0;0,0;0,0019564685742235;0,003593244699964;0,0003299241174529;0,0;0,0;0,0;0,0
UNSW-NB15;C&W;linear;2;5;1024;2;46,05977650010027;224,81021310016516;0,0;0,1750716610795316;0,7249820495816803;0,1750716610795316;0,239096946066903;0,110056694249037;0,8565945945945946;0,0012794493955704;0,6681545037391572;0,1684347720939953;0,0988942663077299;0,0044313146233382;0,0;0,0029347028613352;0,0015271289974847;0,0032992411745298;0,0001059827248158;0,000858123569794;0,0026455026455026;0,0;0,1750716610795316;0,7249820495816803;0,1750716610795316;0,239096946066903;0,110056694249037;0,8565945945945946;0,0012794493955704;0,6681545037391572;0,1684347720939953;0,0988942663077299;0,0044313146233382;0,0;0,0029347028613352;0,0015271289974847;0,0032992411745298;0,0001059827248158;0,000858123569794;0,0026455026455026;0,0
UNSW-NB15;C&W;linear;2;5;1024;3;48,58575610001572;220,2015186001081;0,0;0,1750716610795316;0,7249820495816803;0,1750716610795316;0,239096946066903;0,110056694249037;0,8565945945945946;0,0012794493955704;0,6681545037391572;0,1684347720939953;0,0988942663077299;0,0044313146233382;0,0;0,0029347028613352;0,0015271289974847;0,0032992411745298;0,0001059827248158;0,000858123569794;0,0026455026455026;0,0;0,1750716610795316;0,7249820495816803;0,1750716610795316;0,239096946066903;0,110056694249037;0,8565945945945946;0,0012794493955704;0,6681545037391572;0,1684347720939953;0,0988942663077299;0,0044313146233382;0,0;0,0029347028613352;0,0015271289974847;0,0032992411745298;0,0001059827248158;0,000858123569794;0,0026455026455026;0,0
UNSW-NB15;C&W;linear;2;5;2048;2;46,24461539997719;218,51832550019023;0,0;0,1750716610795316;0,7249820495816803;0,1750716610795316;0,239096946066903;0,110056694249037;0,8565945945945946;0,0012794493955704;0,6681545037391572;0,1684347720939953;0,0988942663077299;0,0044313146233382;0,0;0,0029347028613352;0,0015271289974847;0,0032992411745298;0,0001059827248158;0,000858123569794;0,0026455026455026;0,0;0,1750716610795316;0,7249820495816803;0,1750716610795316;0,239096946066903;0,110056694249037;0,8565945945945946;0,0012794493955704;0,6681545037391572;0,1684347720939953;0,0988942663077299;0,0044313146233382;0,0;0,0029347028613352;0,0015271289974847;0,0032992411745298;0,0001059827248158;0,000858123569794;0,0026455026455026;0,0
UNSW-NB15;C&W;linear;2;5;2048;3;48,15937489992939;219,7931101000868;0,0;0,1750716610795316;0,7249820495816803;0,1750716610795316;0,239096946066903;0,110056694249037;0,8565945945945946;0,0012794493955704;0,6681545037391572;0,1684347720939953;0,0988942663077299;0,0044313146233382;0,0;0,0029347028613352;0,0015271289974847;0,0032992411745298;0,0001059827248158;0,000858123569794;0,0026455026455026;0,0;0,1750716610795316;0,7249820495816803;0,1750716610795316;0,239096946066903;0,110056694249037;0,8565945945945946;0,0012794493955704;0,6681545037391572;0,1684347720939953;0,0988942663077299;0,0044313146233382;0,0;0,0029347028613352;0,0015271289974847;0,0032992411745298;0,0001059827248158;0,000858123569794;0,0026455026455026;0,0
UNSW-NB15;C&W;linear;2;10;1024;2;30,23690989986062;102,42284619994462;0,0;0,3749574891901083;0,772659591494173;0,3749574891901083;0,4397570736418604;0,3300240744227667;0,7746756756756756;0,0015000441189446;0,6680153203094703;0,170560940228604;0,1825297941337659;0,0044313146233382;0,0;0,0034238200048911;0,0020661157024793;0,0034642032332563;0,0001059827248158;0,0011441647597254;0,0026455026455026;0,0;0,3749574891901083;0,772659591494173;0,3749574891901083;0,4397570736418604;0,3300240744227667;0,7746756756756756;0,0015000441189446;0,6680153203094703;0,170560940228604;0,1825297941337659;0,0044313146233382;0,0;0,0034238200048911;0,0020661157024793;0,0034642032332563;0,0001059827248158;0,0011441647597254;0,0026455026455026;0,0
UNSW-NB15;C&W;linear;2;10;1024;3;35,99832429992966;104,21180869964884;0,0;0,3749574891901083;0,772659591494173;0,3749574891901083;0,4397570736418604;0,3300240744227667;0,7746756756756756;0,0015000441189446;0,6680153203094703;0,170560940228604;0,1825297941337659;0,0044313146233382;0,0;0,0034238200048911;0,0020661157024793;0,0034642032332563;0,0001059827248158;0,0011441647597254;0,0026455026455026;0,0;0,3749574891901083;0,772659591494173;0,3749574891901083;0,4397570736418604;0,3300240744227667;0,7746756756756756;0,0015000441189446;0,6680153203094703;0,170560940228604;0,1825297941337659;0,0044313146233382;0,0;0,0034238200048911;0,0020661157024793;0,0034642032332563;0,0001059827248158;0,0011441647597254;0,0026455026455026;0,0
UNSW-NB15;C&W;linear;2;10;2048;2;30,194235200062398;103,14887969987468;0,0;0,3749574891901083;0,772659591494173;0,3749574891901083;0,4397570736418604;0,3300240744227667;0,7746756756756756;0,0015000441189446;0,6680153203094703;0,170560940228604;0,1825297941337659;0,0044313146233382;0,0;0,0034238200048911;0,0020661157024793;0,0034642032332563;0,0001059827248158;0,0011441647597254;0,0026455026455026;0,0;0,3749574891901083;0,772659591494173;0,3749574891901083;0,4397570736418604;0,3300240744227667;0,7746756756756756;0,0015000441189446;0,6680153203094703;0,170560940228604;0,1825297941337659;0,0044313146233382;0,0;0,0034238200048911;0,0020661157024793;0,0034642032332563;0,0001059827248158;0,0011441647597254;0,0026455026455026;0,0
UNSW-NB15;C&W;linear;2;10;2048;3;29,90035709994845;103,05703529994936;0,0;0,3749574891901083;0,772659591494173;0,3749574891901083;0,4397570736418604;0,3300240744227667;0,7746756756756756;0,0015000441189446;0,6680153203094703;0,170560940228604;0,1825297941337659;0,0044313146233382;0,0;0,0034238200048911;0,0020661157024793;0,0034642032332563;0,0001059827248158;0,0011441647597254;0,0026455026455026;0,0;0,3749574891901083;0,772659591494173;0,3749574891901083;0,4397570736418604;0,3300240744227667;0,7746756756756756;0,0015000441189446;0,6680153203094703;0,170560940228604;0,1825297941337659;0,0044313146233382;0,0;0,0034238200048911;0,0020661157024793;0,0034642032332563;0,0001059827248158;0,0011441647597254;0,0026455026455026;0,0
UNSW-NB15;C&W;linear;2;15;1024;2;25,159855799982324;73,784822399728;0,0;0,2377690326968858;0,7530704745669652;0,2377690326968858;0,3365386088478696;0,1648510081338599;0,7332972972972973;0,0018971146210182;0,6808901097804054;0,1674870101133486;0,1288700098336933;0,0044313146233382;0,0;0,0034238200048911;0,0019762845849802;0,0065984823490597;0,0001059827248158;0,0011441647597254;0,0026455026455026;0,0;0,2377690326968858;0,7530704745669652;0,2377690326968858;0,3365386088478696;0,1648510081338599;0,7332972972972973;0,0018971146210182;0,6808901097804054;0,1674870101133486;0,1288700098336933;0,0044313146233382;0,0;0,0034238200048911;0,0019762845849802;0,0065984823490597;0,0001059827248158;0,0011441647597254;0,0026455026455026;0,0
UNSW-NB15;C&W;linear;2;15;1024;3;24,747857099864632;75,18284910032526;0,0;0,2377690326968858;0,7530704745669652;0,2377690326968858;0,3365386088478696;0,1648510081338599;0,7332972972972973;0,0018971146210182;0,6808901097804054;0,1674870101133486;0,1288700098336933;0,0044313146233382;0,0;0,0034238200048911;0,0019762845849802;0,0065984823490597;0,0001059827248158;0,0011441647597254;0,0026455026455026;0,0;0,2377690326968858;0,7530704745669652;0,2377690326968858;0,3365386088478696;0,1648510081338599;0,7332972972972973;0,0018971146210182;0,6808901097804054;0,1674870101133486;0,1288700098336933;0,0044313146233382;0,0;0,0034238200048911;0,0019762845849802;0,0065984823490597;0,0001059827248158;0,0011441647597254;0,0026455026455026;0,0
UNSW-NB15;C&W;linear;2;15;2048;2;24,508069599978626;74,61111390008591;0,0;0,2377690326968858;0,7530704745669652;0,2377690326968858;0,3365386088478696;0,1648510081338599;0,7332972972972973;0,0018971146210182;0,6808901097804054;0,1674870101133486;0,1288700098336933;0,0044313146233382;0,0;0,0034238200048911;0,0019762845849802;0,0065984823490597;0,0001059827248158;0,0011441647597254;0,0026455026455026;0,0;0,2377690326968858;0,7530704745669652;0,2377690326968858;0,3365386088478696;0,1648510081338599;0,7332972972972973;0,0018971146210182;0,6808901097804054;0,1674870101133486;0,1288700098336933;0,0044313146233382;0,0;0,0034238200048911;0,0019762845849802;0,0065984823490597;0,0001059827248158;0,0011441647597254;0,0026455026455026;0,0
UNSW-NB15;C&W;linear;2;15;2048;3;27,965730299940333;76,27889290009625;0,0;0,2377690326968858;0,7530704745669652;0,2377690326968858;0,3365386088478696;0,1648510081338599;0,7332972972972973;0,0018971146210182;0,6808901097804054;0,1674870101133486;0,1288700098336933;0,0044313146233382;0,0;0,0034238200048911;0,0019762845849802;0,0065984823490597;0,0001059827248158;0,0011441647597254;0,0026455026455026;0,0;0,2377690326968858;0,7530704745669652;0,2377690326968858;0,3365386088478696;0,1648510081338599;0,7332972972972973;0,0018971146210182;0,6808901097804054;0,1674870101133486;0,1288700098336933;0,0044313146233382;0,0;0,0034238200048911;0,0019762845849802;0,0065984823490597;0,0001059827248158;0,0011441647597254;0,0026455026455026;0,0
UNSW-NB15;C&W;linear;2;20;1024;2;22,25271870009601;56,120108500123024;0,0;0,2777899237234611;0,753880723121149;0,2777899237234611;0,3671632238395358;0,2009082419622339;0,7317027027027027;0,0025368393188034;0,671660978277736;0,1729270471897809;0,1489287121755587;0,0044313146233382;0,0;0,008070432868672;0,0042220625224577;0,0039590894094358;0,0001059827248158;0,0014302059496567;0,0026455026455026;0,0;0,2777899237234611;0,753880723121149;0,2777899237234611;0,3671632238395358;0,2009082419622339;0,7317027027027027;0,0025368393188034;0,671660978277736;0,1729270471897809;0,1489287121755587;0,0044313146233382;0,0;0,008070432868672;0,0042220625224577;0,0039590894094358;0,0001059827248158;0,0014302059496567;0,0026455026455026;0,0
UNSW-NB15;C&W;linear;2;20;1024;3;22,18362019979395;54,798879999667406;0,0;0,2777899237234611;0,753880723121149;0,2777899237234611;0,3671632238395358;0,2009082419622339;0,7317027027027027;0,0025368393188034;0,671660978277736;0,1729270471897809;0,1489287121755587;0,0044313146233382;0,0;0,008070432868672;0,0042220625224577;0,0039590894094358;0,0001059827248158;0,0014302059496567;0,0026455026455026;0,0;0,2777899237234611;0,753880723121149;0,2777899237234611;0,3671632238395358;0,2009082419622339;0,7317027027027027;0,0025368393188034;0,671660978277736;0,1729270471897809;0,1489287121755587;0,0044313146233382;0,0;0,008070432868672;0,0042220625224577;0,0039590894094358;0,0001059827248158;0,0014302059496567;0,0026455026455026;0,0
UNSW-NB15;C&W;linear;2;20;2048;2;22,09838189999573;54,523322500055656;0,0;0,2777899237234611;0,753880723121149;0,2777899237234611;0,3671632238395358;0,2009082419622339;0,7317027027027027;0,0025368393188034;0,671660978277736;0,1729270471897809;0,1489287121755587;0,0044313146233382;0,0;0,008070432868672;0,0042220625224577;0,0039590894094358;0,0001059827248158;0,0014302059496567;0,0026455026455026;0,0;0,2777899237234611;0,753880723121149;0,2777899237234611;0,3671632238395358;0,2009082419622339;0,7317027027027027;0,0025368393188034;0,671660978277736;0,1729270471897809;0,1489287121755587;0,0044313146233382;0,0;0,008070432868672;0,0042220625224577;0,0039590894094358;0,0001059827248158;0,0014302059496567;0,0026455026455026;0,0
UNSW-NB15;C&W;linear;2;20;2048;3;22,48290029983036;56,50625759991817;0,0;0,2777899237234611;0,753880723121149;0,2777899237234611;0,3671632238395358;0,2009082419622339;0,7317027027027027;0,0025368393188034;0,671660978277736;0,1729270471897809;0,1489287121755587;0,0044313146233382;0,0;0,008070432868672;0,0042220625224577;0,0039590894094358;0,0001059827248158;0,0014302059496567;0,0026455026455026;0,0;0,2777899237234611;0,753880723121149;0,2777899237234611;0,3671632238395358;0,2009082419622339;0,7317027027027027;0,0025368393188034;0,671660978277736;0,1729270471897809;0,1489287121755587;0,0044313146233382;0,0;0,008070432868672;0,0042220625224577;0,0039590894094358;0,0001059827248158;0,0014302059496567;0,0026455026455026;0,0
UNSW-NB15;C&W;linear;4;5;1024;2;78,98914810013957;392,0123217999935;0,0;0,2919035126074916;0,7286078411549742;0,2919035126074916;0,3705570261323735;0,2154786164337366;0,7591081081081081;0,0047869054972205;0,6566538074123843;0,1691855312905937;0,1533700453867383;0,0044313146233382;0,0;0,0044020542920029;0,0051203736974487;0,0219399538106235;0,0003179481744475;0,0;0,0;0,0;0,2919035126074916;0,7286078411549742;0,2919035126074916;0,3705570261323735;0,2154786164337366;0,7591081081081081;0,0047869054972205;0,6566538074123843;0,1691855312905937;0,1533700453867383;0,0044313146233382;0,0;0,0044020542920029;0,0051203736974487;0,0219399538106235;0,0003179481744475;0,0;0,0;0,0
UNSW-NB15;C&W;linear;4;5;1024;3;80,20137270004489;398,9767695995979;0,0;0,2919035126074916;0,7286078411549742;0,2919035126074916;0,3705570261323735;0,2154786164337366;0,7591081081081081;0,0047869054972205;0,6566538074123843;0,1691855312905937;0,1533700453867383;0,0044313146233382;0,0;0,0044020542920029;0,0051203736974487;0,0219399538106235;0,0003179481744475;0,0;0,0;0,0;0,2919035126074916;0,7286078411549742;0,2919035126074916;0,3705570261323735;0,2154786164337366;0,7591081081081081;0,0047869054972205;0,6566538074123843;0,1691855312905937;0,1533700453867383;0,0044313146233382;0,0;0,0044020542920029;0,0051203736974487;0,0219399538106235;0,0003179481744475;0,0;0,0;0,0
UNSW-NB15;C&W;linear;4;5;2048;2;79,47754570003599;393,3504909002222;0,0;0,2919035126074916;0,7286078411549742;0,2919035126074916;0,3705570261323735;0,2154786164337366;0,7591081081081081;0,0047869054972205;0,6566538074123843;0,1691855312905937;0,1533700453867383;0,0044313146233382;0,0;0,0044020542920029;0,0051203736974487;0,0219399538106235;0,0003179481744475;0,0;0,0;0,0;0,2919035126074916;0,7286078411549742;0,2919035126074916;0,3705570261323735;0,2154786164337366;0,7591081081081081;0,0047869054972205;0,6566538074123843;0,1691855312905937;0,1533700453867383;0,0044313146233382;0,0;0,0044020542920029;0,0051203736974487;0,0219399538106235;0,0003179481744475;0,0;0,0;0,0
UNSW-NB15;C&W;linear;4;5;2048;3;79,877787000034;398,9407401001081;0,0;0,2919035126074916;0,7286078411549742;0,2919035126074916;0,3705570261323735;0,2154786164337366;0,7591081081081081;0,0047869054972205;0,6566538074123843;0,1691855312905937;0,1533700453867383;0,0044313146233382;0,0;0,0044020542920029;0,0051203736974487;0,0219399538106235;0,0003179481744475;0,0;0,0;0,0;0,2919035126074916;0,7286078411549742;0,2919035126074916;0,3705570261323735;0,2154786164337366;0,7591081081081081;0,0047869054972205;0,6566538074123843;0,1691855312905937;0,1533700453867383;0,0044313146233382;0,0;0,0044020542920029;0,0051203736974487;0,0219399538106235;0,0003179481744475;0,0;0,0;0,0
UNSW-NB15;C&W;linear;4;10;1024;2;47,927049400052056;182,85496140015312;0,0;0,4495578875771268;0,7681789537075436;0,4495578875771268;0,5464625752059495;0,3521446220291788;0,4164864864864865;0,0067722580075884;0,6719449748093672;0,1738523571353914;0,203608695113603;0,0059084194977843;0,0;0,0129616043042308;0,0083542939274164;0,0225998020455295;0,0006358963488951;0,0020022883295194;0,0026455026455026;0,0;0,4495578875771268;0,7681789537075436;0,4495578875771268;0,5464625752059495;0,3521446220291788;0,4164864864864865;0,0067722580075884;0,6719449748093672;0,1738523571353914;0,203608695113603;0,0059084194977843;0,0;0,0129616043042308;0,0083542939274164;0,0225998020455295;0,0006358963488951;0,0020022883295194;0,0026455026455026;0,0
UNSW-NB15;C&W;linear;4;10;1024;3;46,900968299945816;181,3814131002873;0,0;0,4495457416314434;0,768152197262789;0,4495457416314434;0,546448489156606;0,3521229857284986;0,4164864864864865;0,0067943174799258;0,6719693754774179;0,1739090789271645;0,203595916726169;0,0059084194977843;0,0;0,0129616043042308;0,0083542939274164;0,022764764104256;0,0006358963488951;0,0020022883295194;0,0026455026455026;0,0;0,4495457416314434;0,768152197262789;0,4495457416314434;0,546448489156606;0,3521229857284986;0,4164864864864865;0,0067943174799258;0,6719693754774179;0,1739090789271645;0,203595916726169;0,0059084194977843;0,0;0,0129616043042308;0,0083542939274164;0,022764764104256;0,0006358963488951;0,0020022883295194;0,0026455026455026;0,0
UNSW-NB15;C&W;linear;4;10;2048;2;46,58076579985209;181,207187499851;0,0;0,4495457416314434;0,768152197262789;0,4495457416314434;0,546448489156606;0,3521229857284986;0,4164864864864865;0,0067943174799258;0,6719693754774179;0,1739090789271645;0,203595916726169;0,0059084194977843;0,0;0,0129616043042308;0,0083542939274164;0,022764764104256;0,0006358963488951;0,0020022883295194;0,0026455026455026;0,0;0,4495457416314434;0,768152197262789;0,4495457416314434;0,546448489156606;0,3521229857284986;0,4164864864864865;0,0067943174799258;0,6719693754774179;0,1739090789271645;0,203595916726169;0,0059084194977843;0,0;0,0129616043042308;0,0083542939274164;0,022764764104256;0,0006358963488951;0,0020022883295194;0,0026455026455026;0,0
UNSW-NB15;C&W;linear;4;10;2048;3;58,54694330017082;181,8731846001465;0,0;0,4495457416314434;0,768152197262789;0,4495457416314434;0,546448489156606;0,3521229857284986;0,4164864864864865;0,0067943174799258;0,6719693754774179;0,1739090789271645;0,203595916726169;0,0059084194977843;0,0;0,0129616043042308;0,0083542939274164;0,022764764104256;0,0006358963488951;0,0020022883295194;0,0026455026455026;0,0;0,4495457416314434;0,768152197262789;0,4495457416314434;0,546448489156606;0,3521229857284986;0,4164864864864865;0,0067943174799258;0,6719693754774179;0,1739090789271645;0,203595916726169;0,0059084194977843;0,0;0,0129616043042308;0,0083542939274164;0,022764764104256;0,0006358963488951;0,0020022883295194;0,0026455026455026;0,0
UNSW-NB15;C&W;linear;4;15;1024;2;36,96725939982571;113,0101065998897;0,0;0,5628917067482874;0,7854058288097878;0,5628917067482874;0,6271607241305588;0,4835581581039962;0,4194594594594594;0,0058457601694167;0,6592382175558222;0,1714145441715456;0,2459496938162012;0,0059084194977843;0,0;0,0136952800195646;0,0076356449874236;0,0168261299901022;0,0005299136240792;0,0020022883295194;0,0026455026455026;0,0;0,5628917067482874;0,7854058288097878;0,5628917067482874;0,6271607241305588;0,4835581581039962;0,4194594594594594;0,0058457601694167;0,6592382175558222;0,1714145441715456;0,2459496938162012;0,0059084194977843;0,0;0,0136952800195646;0,0076356449874236;0,0168261299901022;0,0005299136240792;0,0020022883295194;0,0026455026455026;0,0
UNSW-NB15;C&W;linear;4;15;1024;3;42,95025709993206;115,62497230013832;0,0;0,5628917067482874;0,7854058288097878;0,5628917067482874;0,6271607241305588;0,4835581581039962;0,4194594594594594;0,0058457601694167;0,6592453276850975;0,1714408979023936;0,2459496938162012;0,0059084194977843;0,0;0,0136952800195646;0,0076356449874236;0,0168261299901022;0,0005299136240792;0,0020022883295194;0,0026455026455026;0,0;0,5628917067482874;0,7854058288097878;0,5628917067482874;0,6271607241305588;0,4835581581039962;0,4194594594594594;0,0058457601694167;0,6592453276850975;0,1714408979023936;0,2459496938162012;0,0059084194977843;0,0;0,0136952800195646;0,0076356449874236;0,0168261299901022;0,0005299136240792;0,0020022883295194;0,0026455026455026;0,0
UNSW-NB15;C&W;linear;4;15;2048;2;35,50974670005962;113,43109000008552;0,0;0,5628917067482874;0,7854058288097878;0,5628917067482874;0,6271607241305588;0,4835581581039962;0,4194594594594594;0,0058457601694167;0,6592457452415894;0,1714399962349417;0,2459496938162012;0,0059084194977843;0,0;0,0136952800195646;0,0076356449874236;0,0168261299901022;0,0005299136240792;0,0020022883295194;0,0026455026455026;0,0;0,5628917067482874;0,7854058288097878;0,5628917067482874;0,6271607241305588;0,4835581581039962;0,4194594594594594;0,0058457601694167;0,6592457452415894;0,1714399962349417;0,2459496938162012;0,0059084194977843;0,0;0,0136952800195646;0,0076356449874236;0,0168261299901022;0,0005299136240792;0,0020022883295194;0,0026455026455026;0,0
UNSW-NB15;C&W;linear;4;15;2048;3;36,86206359998323;114,3355642997194;0,0;0,5628917067482874;0,7854058288097878;0,5628917067482874;0,6271607241305588;0,4835581581039962;0,4194594594594594;0,0058457601694167;0,6592453276850975;0,1714408979023936;0,2459496938162012;0,0059084194977843;0,0;0,0136952800195646;0,0076356449874236;0,0168261299901022;0,0005299136240792;0,0020022883295194;0,0026455026455026;0,0;0,5628917067482874;0,7854058288097878;0,5628917067482874;0,6271607241305588;0,4835581581039962;0,4194594594594594;0,0058457601694167;0,6592453276850975;0,1714408979023936;0,2459496938162012;0,0059084194977843;0,0;0,0136952800195646;0,0076356449874236;0,0168261299901022;0,0005299136240792;0,0020022883295194;0,0026455026455026;0,0
UNSW-NB15;C&W;linear;4;20;1024;2;30,43566929991357;83,09415649995208;0,0;0,5656731283097702;0,791159617249323;0,5656731283097702;0,6323456141811032;0,4880493985158519;0,415027027027027;0,0082281831818582;0,6794868417226219;0,1876634284223199;0,2507190415507684;0,0059084194977843;0,0085763293310463;0,0156517485937882;0,0100610851598993;0,0245793467502474;0,0013247840601981;0,0031464530892448;0,0079365079365079;0,0;0,5656731283097702;0,791159617249323;0,5656731283097702;0,6323456141811032;0,4880493985158519;0,415027027027027;0,0082281831818582;0,6794868417226219;0,1876634284223199;0,2507190415507684;0,0059084194977843;0,0085763293310463;0,0156517485937882;0,0100610851598993;0,0245793467502474;0,0013247840601981;0,0031464530892448;0,0079365079365079;0,0
UNSW-NB15;C&W;linear;4;20;1024;3;31,275663299951702;82,9317139997147;0,0;0,5656731283097702;0,791159617249323;0,5656731283097702;0,6323456141811032;0,4880493985158519;0,415027027027027;0,0082281831818582;0,6794868417226219;0,1876634284223199;0,2507190415507684;0,0059084194977843;0,0085763293310463;0,0156517485937882;0,0100610851598993;0,0245793467502474;0,0013247840601981;0,0031464530892448;0,0079365079365079;0,0;0,5656731283097702;0,791159617249323;0,5656731283097702;0,6323456141811032;0,4880493985158519;0,415027027027027;0,0082281831818582;0,6794868417226219;0,1876634284223199;0,2507190415507684;0,0059084194977843;0,0085763293310463;0,0156517485937882;0,0100610851598993;0,0245793467502474;0,0013247840601981;0,0031464530892448;0,0079365079365079;0,0
UNSW-NB15;C&W;linear;4;20;2048;2;30,197988899890333;82,78303689952008;0,0;0,5656731283097702;0,791159617249323;0,5656731283097702;0,6323456141811032;0,4880493985158519;0,415027027027027;0,0082281831818582;0,6794868417226219;0,1876634284223199;0,2507190415507684;0,0059084194977843;0,0085763293310463;0,0156517485937882;0,0100610851598993;0,0245793467502474;0,0013247840601981;0,0031464530892448;0,0079365079365079;0,0;0,5656731283097702;0,791159617249323;0,5656731283097702;0,6323456141811032;0,4880493985158519;0,415027027027027;0,0082281831818582;0,6794868417226219;0,1876634284223199;0,2507190415507684;0,0059084194977843;0,0085763293310463;0,0156517485937882;0,0100610851598993;0,0245793467502474;0,0013247840601981;0,0031464530892448;0,0079365079365079;0,0
UNSW-NB15;C&W;linear;4;20;2048;3;32,40562350000255;82,65339529979974;0,0;0,5656731283097702;0,791159617249323;0,5656731283097702;0,6323456141811032;0,4880493985158519;0,415027027027027;0,0082281831818582;0,6794868417226219;0,1876634284223199;0,2507190415507684;0,0059084194977843;0,0085763293310463;0,0156517485937882;0,0100610851598993;0,0245793467502474;0,0013247840601981;0,0031464530892448;0,0079365079365079;0,0;0,5656731283097702;0,791159617249323;0,5656731283097702;0,6323456141811032;0,4880493985158519;0,415027027027027;0,0082281831818582;0,6794868417226219;0,1876634284223199;0,2507190415507684;0,0059084194977843;0,0085763293310463;0,0156517485937882;0,0100610851598993;0,0245793467502474;0,0013247840601981;0,0031464530892448;0,0079365079365079;0,0
UNSW-NB15;C&W;linear;8;5;1024;2;148,0977229999844;715,6186015997082;0,0;0,5687581985133362;0,7766511719906917;0,5687581985133362;0,6319421333313289;0,4931799835352191;0,4011891891891891;0,013081267096091;0,663167497770029;0,1767084626127814;0,2511559821383253;0,0073855243722304;0,0085763293310463;0,0124724871606749;0,0286561264822134;0,0244143846915209;0,0022786285835408;0,0051487414187643;0,0105820105820105;0,0;0,5687581985133362;0,7766511719906917;0,5687581985133362;0,6319421333313289;0,4931799835352191;0,4011891891891891;0,013081267096091;0,663167497770029;0,1767084626127814;0,2511559821383253;0,0073855243722304;0,0085763293310463;0,0124724871606749;0,0286561264822134;0,0244143846915209;0,0022786285835408;0,0051487414187643;0,0105820105820105;0,0
UNSW-NB15;C&W;linear;8;5;1024;3;149,61486610001884;734,3781415997073;0,0;0,5687581985133362;0,7766511719906917;0,5687581985133362;0,6319421333313289;0,4931799835352191;0,4011891891891891;0,013081267096091;0,6631828356977317;0,1767438903147634;0,2511559821383253;0,0073855243722304;0,0085763293310463;0,0124724871606749;0,0286561264822134;0,0244143846915209;0,0022786285835408;0,0051487414187643;0,0105820105820105;0,0;0,5687581985133362;0,7766511719906917;0,5687581985133362;0,6319421333313289;0,4931799835352191;0,4011891891891891;0,013081267096091;0,6631828356977317;0,1767438903147634;0,2511559821383253;0,0073855243722304;0,0085763293310463;0,0124724871606749;0,0286561264822134;0,0244143846915209;0,0022786285835408;0,0051487414187643;0,0105820105820105;0,0
UNSW-NB15;C&W;linear;8;5;2048;2;148,03182729985565;720,0608677000273;0,0;0,5686610309478696;0,7761400736557814;0,5686610309478696;0,6317765920349784;0,4928617517770163;0,4011891891891891;0,013654813376864;0,6614154064908412;0,1736191465369607;0,2510823029107481;0,0073855243722304;0,0102915951972555;0,0144289557348985;0,0301832554796981;0,0244143846915209;0,0022786285835408;0,0051487414187643;0,0105820105820105;0,0;0,5686610309478696;0,7761400736557814;0,5686610309478696;0,6317765920349784;0,4928617517770163;0,4011891891891891;0,013654813376864;0,6614154064908412;0,1736191465369607;0,2510823029107481;0,0073855243722304;0,0102915951972555;0,0144289557348985;0,0301832554796981;0,0244143846915209;0,0022786285835408;0,0051487414187643;0,0105820105820105;0,0
UNSW-NB15;C&W;linear;8;5;2048;3;148,88019590009935;729,060180099681;0,0;0,5686610309478696;0,7761400736557814;0,5686610309478696;0,6317765920349784;0,4928617517770163;0,4011891891891891;0,013654813376864;0,6614154064908412;0,1736191465369607;0,2510823029107481;0,0073855243722304;0,0102915951972555;0,0144289557348985;0,0301832554796981;0,0244143846915209;0,0022786285835408;0,0051487414187643;0,0105820105820105;0,0;0,5686610309478696;0,7761400736557814;0,5686610309478696;0,6317765920349784;0,4928617517770163;0,4011891891891891;0,013654813376864;0,6614154064908412;0,1736191465369607;0,2510823029107481;0,0073855243722304;0,0102915951972555;0,0144289557348985;0,0301832554796981;0,0244143846915209;0,0022786285835408;0,0051487414187643;0,0105820105820105;0,0
UNSW-NB15;C&W;linear;8;10;1024;2;82,3766948999837;308,6221372000873;0,0;0,5183768158188796;0,759036915392379;0,5183768158188796;0,5984232718262145;0,4266454229954531;0,3976756756756757;0,0125518397599929;0,6774024007481828;0,1778101696636049;0,2279407577259295;0,0073855243722304;0,0085763293310463;0,012227928588897;0,0248832195472511;0,0291982843945892;0,0014837581474219;0,005720823798627;0,0185185185185185;0,0;0,5183768158188796;0,759036915392379;0,5183768158188796;0,5984232718262145;0,4266454229954531;0,3976756756756757;0,0125518397599929;0,6774024007481828;0,1778101696636049;0,2279407577259295;0,0073855243722304;0,0085763293310463;0,012227928588897;0,0248832195472511;0,0291982843945892;0,0014837581474219;0,005720823798627;0,0185185185185185;0,0
UNSW-NB15;C&W;linear;8;10;1024;3;82,45395640004426;310,9490093004424;0,0;0,5183768158188796;0,759036915392379;0,5183768158188796;0,5984232718262145;0,4266454229954531;0,3976756756756757;0,0125518397599929;0,6774024007481828;0,1778101696636049;0,2279407577259295;0,0073855243722304;0,0085763293310463;0,012227928588897;0,0248832195472511;0,0291982843945892;0,0014837581474219;0,005720823798627;0,0185185185185185;0,0;0,5183768158188796;0,759036915392379;0,5183768158188796;0,5984232718262145;0,4266454229954531;0,3976756756756757;0,0125518397599929;0,6774024007481828;0,1778101696636049;0,2279407577259295;0,0073855243722304;0,0085763293310463;0,012227928588897;0,0248832195472511;0,0291982843945892;0,0014837581474219;0,005720823798627;0,0185185185185185;0,0
UNSW-NB15;C&W;linear;8;10;2048;2;80,49164110003039;307,25737620005384;0,0;0,5183768158188796;0,759036915392379;0,5183768158188796;0,5984232718262145;0,4266454229954531;0,3976756756756757;0,0125518397599929;0,6774024007481828;0,1778101696636049;0,2279407577259295;0,0073855243722304;0,0085763293310463;0,012227928588897;0,0248832195472511;0,0291982843945892;0,0014837581474219;0,005720823798627;0,0185185185185185;0,0;0,5183768158188796;0,759036915392379;0,5183768158188796;0,5984232718262145;0,4266454229954531;0,3976756756756757;0,0125518397599929;0,6774024007481828;0,1778101696636049;0,2279407577259295;0,0073855243722304;0,0085763293310463;0,012227928588897;0,0248832195472511;0,0291982843945892;0,0014837581474219;0,005720823798627;0,0185185185185185;0,0
UNSW-NB15;C&W;linear;8;10;2048;3;104,51576590002514;312,8537103002891;0,0;0,5183768158188796;0,759036915392379;0,5183768158188796;0,5984232718262145;0,4266454229954531;0,3976756756756757;0,0125518397599929;0,6774024007481828;0,1778101696636049;0,2279407577259295;0,0073855243722304;0,0085763293310463;0,012227928588897;0,0248832195472511;0,0291982843945892;0,0014837581474219;0,005720823798627;0,0185185185185185;0,0;0,5183768158188796;0,759036915392379;0,5183768158188796;0,5984232718262145;0,4266454229954531;0,3976756756756757;0,0125518397599929;0,6774024007481828;0,1778101696636049;0,2279407577259295;0,0073855243722304;0,0085763293310463;0,012227928588897;0,0248832195472511;0,0291982843945892;0,0014837581474219;0,005720823798627;0,0185185185185185;0,0
UNSW-NB15;C&W;linear;8;15;1024;2;74,35912679997273;196,3680877995212;0,0;0,5831511441480833;0,7733507004263497;0,5831511441480833;0,642041894719629;0,5016988019030646;0,3947297297297297;0,0143607164916615;0,6798405433213304;0,1768328001582015;0,2529094666357168;0,0073855243722304;0,0085763293310463;0,0136952800195646;0,0259611929572403;0,0407456285054437;0,0011128186105664;0,0060068649885583;0,0185185185185185;0,0;0,5831511441480833;0,7733507004263497;0,5831511441480833;0,642041894719629;0,5016988019030646;0,3947297297297297;0,0143607164916615;0,6798405433213304;0,1768328001582015;0,2529094666357168;0,0073855243722304;0,0085763293310463;0,0136952800195646;0,0259611929572403;0,0407456285054437;0,0011128186105664;0,0060068649885583;0,0185185185185185;0,0
UNSW-NB15;C&W;linear;8;15;1024;3;59,78729170002043;195,7362814003136;0,0;0,5831511441480833;0,7733507004263497;0,5831511441480833;0,642041894719629;0,5016988019030646;0,3947297297297297;0,0143607164916615;0,6803049199497819;0,1776366060368842;0,2529094666357168;0,0073855243722304;0,0085763293310463;0,0136952800195646;0,0259611929572403;0,0407456285054437;0,0011128186105664;0,0060068649885583;0,0185185185185185;0,0;0,5831511441480833;0,7733507004263497;0,5831511441480833;0,642041894719629;0,5016988019030646;0,3947297297297297;0,0143607164916615;0,6803049199497819;0,1776366060368842;0,2529094666357168;0,0073855243722304;0,0085763293310463;0,0136952800195646;0,0259611929572403;0,0407456285054437;0,0011128186105664;0,0060068649885583;0,0185185185185185;0,0
UNSW-NB15;C&W;linear;8;15;2048;2;73,88043739995919;194,29834609967656;0,0;0,5831511441480833;0,7733507004263497;0,5831511441480833;0,642041894719629;0,5016988019030646;0,3947297297297297;0,0143607164916615;0,680385484881921;0,1776268237367195;0,2529094666357168;0,0073855243722304;0,0085763293310463;0,0136952800195646;0,0259611929572403;0,0407456285054437;0,0011128186105664;0,0060068649885583;0,0185185185185185;0,0;0,5831511441480833;0,7733507004263497;0,5831511441480833;0,642041894719629;0,5016988019030646;0,3947297297297297;0,0143607164916615;0,680385484881921;0,1776268237367195;0,2529094666357168;0,0073855243722304;0,0085763293310463;0,0136952800195646;0,0259611929572403;0,0407456285054437;0,0011128186105664;0,0060068649885583;0,0185185185185185;0,0
UNSW-NB15;C&W;linear;8;15;2048;3;60,12905619991943;195,6793487998657;0,0;0,5831511441480833;0,7733507004263497;0,5831511441480833;0,642041894719629;0,5016988019030646;0,3947297297297297;0,0143607164916615;0,680385484881921;0,1776268237367195;0,2529094666357168;0,0073855243722304;0,0085763293310463;0,0136952800195646;0,0259611929572403;0,0407456285054437;0,0011128186105664;0,0060068649885583;0,0185185185185185;0,0;0,5831511441480833;0,7733507004263497;0,5831511441480833;0,642041894719629;0,5016988019030646;0,3947297297297297;0,0143607164916615;0,680385484881921;0,1776268237367195;0,2529094666357168;0,0073855243722304;0,0085763293310463;0,0136952800195646;0,0259611929572403;0,0407456285054437;0,0011128186105664;0,0060068649885583;0,0185185185185185;0,0
UNSW-NB15;C&W;linear;8;20;1024;2;48,067074599908665;144,63217079965398;0,0;0,5943375601224311;0,7641058819081603;0,5943375601224311;0,6443811759682154;0,5077906013668271;0,3933513513513513;0,0148239654107473;0,683277241673202;0,1876512158713383;0,2544040827655496;0,0073855243722304;0,0137221269296741;0,016385424309122;0,0265001796622349;0,0394259320356318;0,0012717926977902;0,0071510297482837;0,0238095238095238;0,0;0,5943375601224311;0,7641058819081603;0,5943375601224311;0,6443811759682154;0,5077906013668271;0,3933513513513513;0,0148239654107473;0,683277241673202;0,1876512158713383;0,2544040827655496;0,0073855243722304;0,0137221269296741;0,016385424309122;0,0265001796622349;0,0394259320356318;0,0012717926977902;0,0071510297482837;0,0238095238095238;0,0
UNSW-NB15;C&W;linear;8;20;1024;3;49,16047120001167;144,55819170014;0,0;0,5943375601224311;0,7641058819081603;0,5943375601224311;0,6443811759682154;0,5077906013668271;0,3933513513513513;0,0148239654107473;0,6832834036004157;0,1876488164735918;0,2544040827655496;0,0073855243722304;0,0137221269296741;0,016385424309122;0,0265001796622349;0,0394259320356318;0,0012717926977902;0,0071510297482837;0,0238095238095238;0,0;0,5943375601224311;0,7641058819081603;0,5943375601224311;0,6443811759682154;0,5077906013668271;0,3933513513513513;0,0148239654107473;0,6832834036004157;0,1876488164735918;0,2544040827655496;0,0073855243722304;0,0137221269296741;0,016385424309122;0,0265001796622349;0,0394259320356318;0,0012717926977902;0,0071510297482837;0,0238095238095238;0,0
UNSW-NB15;C&W;linear;8;20;2048;2;49,282395699992776;143,70708650001325;0,0;0,5943375601224311;0,7641058819081603;0,5943375601224311;0,6443811759682154;0,5077906013668271;0,3933513513513513;0,0148239654107473;0,6833165288228927;0,1876510103587064;0,2544040827655496;0,0073855243722304;0,0137221269296741;0,016385424309122;0,0265001796622349;0,0394259320356318;0,0012717926977902;0,0071510297482837;0,0238095238095238;0,0;0,5943375601224311;0,7641058819081603;0,5943375601224311;0,6443811759682154;0,5077906013668271;0,3933513513513513;0,0148239654107473;0,6833165288228927;0,1876510103587064;0,2544040827655496;0,0073855243722304;0,0137221269296741;0,016385424309122;0,0265001796622349;0,0394259320356318;0,0012717926977902;0,0071510297482837;0,0238095238095238;0,0
UNSW-NB15;C&W;linear;8;20;2048;3;50,2423698999919;145,48017069976777;0,0;0,5943375601224311;0,7641058819081603;0,5943375601224311;0,6443811759682154;0,5077906013668271;0,3933513513513513;0,0148239654107473;0,6833225834743689;0,1876485290385025;0,2544040827655496;0,0073855243722304;0,0137221269296741;0,016385424309122;0,0265001796622349;0,0394259320356318;0,0012717926977902;0,0071510297482837;0,0238095238095238;0,0;0,5943375601224311;0,7641058819081603;0,5943375601224311;0,6443811759682154;0,5077906013668271;0,3933513513513513;0,0148239654107473;0,6833225834743689;0,1876485290385025;0,2544040827655496;0,0073855243722304;0,0137221269296741;0,016385424309122;0,0265001796622349;0,0394259320356318;0,0012717926977902;0,0071510297482837;0,0238095238095238;0,0
UNSW-NB15;C&W;linear;10;5;1024;2;182,9049456999637;832,2821075001266;0,0;0,5745518146042851;0,7680124526509424;0,5745518146042851;0,6329228739311367;0,4897954725510132;0,4136756756756757;0,010676784611312;0,6658090909472664;0,1683489281187111;0,255388712277426;0,0251107828655834;0,0017152658662092;0,0073367571533382;0,0166187567373338;0,0268888155724183;0,0040273435430024;0,0028604118993135;0,0026455026455026;0,0227272727272727;0,5745518146042851;0,7680124526509424;0,5745518146042851;0,6329228739311367;0,4897954725510132;0,4136756756756757;0,010676784611312;0,6658090909472664;0,1683489281187111;0,255388712277426;0,0251107828655834;0,0017152658662092;0,0073367571533382;0,0166187567373338;0,0268888155724183;0,0040273435430024;0,0028604118993135;0,0026455026455026;0,0227272727272727
UNSW-NB15;C&W;linear;10;5;1024;3;193,01974239991975;835,8958420997951;0,0;0,5745518146042851;0,7680124526509424;0,5745518146042851;0,6329228739311367;0,4897954725510132;0,4136756756756757;0,010676784611312;0,6658090909472664;0,1683489281187111;0,255388712277426;0,0251107828655834;0,0017152658662092;0,0073367571533382;0,0166187567373338;0,0268888155724183;0,0040273435430024;0,0028604118993135;0,0026455026455026;0,0227272727272727;0,5745518146042851;0,7680124526509424;0,5745518146042851;0,6329228739311367;0,4897954725510132;0,4136756756756757;0,010676784611312;0,6658090909472664;0,1683489281187111;0,255388712277426;0,0251107828655834;0,0017152658662092;0,0073367571533382;0,0166187567373338;0,0268888155724183;0,0040273435430024;0,0028604118993135;0,0026455026455026;0,0227272727272727
UNSW-NB15;C&W;linear;10;5;2048;2;188,96801670012064;833,8046337999403;0,0;0,5745518146042851;0,7680124526509424;0,5745518146042851;0,6329228739311367;0,4897954725510132;0,4136756756756757;0,010676784611312;0,6658090909472664;0,1683489281187111;0,255388712277426;0,0251107828655834;0,0017152658662092;0,0073367571533382;0,0166187567373338;0,0268888155724183;0,0040273435430024;0,0028604118993135;0,0026455026455026;0,0227272727272727;0,5745518146042851;0,7680124526509424;0,5745518146042851;0,6329228739311367;0,4897954725510132;0,4136756756756757;0,010676784611312;0,6658090909472664;0,1683489281187111;0,255388712277426;0,0251107828655834;0,0017152658662092;0,0073367571533382;0,0166187567373338;0,0268888155724183;0,0040273435430024;0,0028604118993135;0,0026455026455026;0,0227272727272727
UNSW-NB15;C&W;linear;10;5;2048;3;185,30058389995247;846,5515455000568;0,0;0,5745518146042851;0,7680124526509424;0,5745518146042851;0,6329228739311367;0,4897954725510132;0,4136756756756757;0,010676784611312;0,6658090909472664;0,1683489281187111;0,255388712277426;0,0251107828655834;0,0017152658662092;0,0073367571533382;0,0166187567373338;0,0268888155724183;0,0040273435430024;0,0028604118993135;0,0026455026455026;0,0227272727272727;0,5745518146042851;0,7680124526509424;0,5745518146042851;0,6329228739311367;0,4897954725510132;0,4136756756756757;0,010676784611312;0,6658090909472664;0,1683489281187111;0,255388712277426;0,0251107828655834;0,0017152658662092;0,0073367571533382;0,0166187567373338;0,0268888155724183;0,0040273435430024;0,0028604118993135;0,0026455026455026;0,0227272727272727
UNSW-NB15;C&W;linear;10;10;1024;2;96,96223259996624;388,42563849990256;0,0;0,5869406792012826;0,769740209620347;0,5869406792012826;0,6387746560220333;0,4965543032552779;0,4031891891891891;0,0144048354363363;0,6706141117821652;0,1714671026992098;0,2598032047490995;0,0251107828655834;0,0137221269296741;0,0112496943017852;0,0217391304347826;0,0367865390960079;0,0053521276032006;0,0037185354691075;0,0052910052910052;0,0227272727272727;0,5869406792012826;0,769740209620347;0,5869406792012826;0,6387746560220333;0,4965543032552779;0,4031891891891891;0,0144048354363363;0,6706141117821652;0,1714671026992098;0,2598032047490995;0,0251107828655834;0,0137221269296741;0,0112496943017852;0,0217391304347826;0,0367865390960079;0,0053521276032006;0,0037185354691075;0,0052910052910052;0,0227272727272727
UNSW-NB15;C&W;linear;10;10;1024;3;128,20537069998682;398,1087889003102;0,0;0,5869406792012826;0,769740209620347;0,5869406792012826;0,6387746560220333;0,4965543032552779;0,4031891891891891;0,0144048354363363;0,6706141117821652;0,1714671026992098;0,2598032047490995;0,0251107828655834;0,0137221269296741;0,0112496943017852;0,0217391304347826;0,0367865390960079;0,0053521276032006;0,0037185354691075;0,0052910052910052;0,0227272727272727;0,5869406792012826;0,769740209620347;0,5869406792012826;0,6387746560220333;0,4965543032552779;0,4031891891891891;0,0144048354363363;0,6706141117821652;0,1714671026992098;0,2598032047490995;0,0251107828655834;0,0137221269296741;0,0112496943017852;0,0217391304347826;0,0367865390960079;0,0053521276032006;0,0037185354691075;0,0052910052910052;0,0227272727272727
UNSW-NB15;C&W;linear;10;10;2048;2;96,8458980000578;384,5192116997205;0,0;0,5869406792012826;0,769740209620347;0,5869406792012826;0,6387746560220333;0,4965543032552779;0,4031891891891891;0,0144048354363363;0,6706141117821652;0,1714671026992098;0,2598032047490995;0,0251107828655834;0,0137221269296741;0,0112496943017852;0,0217391304347826;0,0367865390960079;0,0053521276032006;0,0037185354691075;0,0052910052910052;0,0227272727272727;0,5869406792012826;0,769740209620347;0,5869406792012826;0,6387746560220333;0,4965543032552779;0,4031891891891891;0,0144048354363363;0,6706141117821652;0,1714671026992098;0,2598032047490995;0,0251107828655834;0,0137221269296741;0,0112496943017852;0,0217391304347826;0,0367865390960079;0,0053521276032006;0,0037185354691075;0,0052910052910052;0,0227272727272727
UNSW-NB15;C&W;linear;10;10;2048;3;125,54088640003464;392,92211240017787;0,0;0,5869406792012826;0,769740209620347;0,5869406792012826;0,6387746560220333;0,4965543032552779;0,4031891891891891;0,0144048354363363;0,6706141117821652;0,1714671026992098;0,2598032047490995;0,0251107828655834;0,0137221269296741;0,0112496943017852;0,0217391304347826;0,0367865390960079;0,0053521276032006;0,0037185354691075;0,0052910052910052;0,0227272727272727;0,5869406792012826;0,769740209620347;0,5869406792012826;0,6387746560220333;0,4965543032552779;0,4031891891891891;0,0144048354363363;0,6706141117821652;0,1714671026992098;0,2598032047490995;0,0251107828655834;0,0137221269296741;0,0112496943017852;0,0217391304347826;0,0367865390960079;0,0053521276032006;0,0037185354691075;0,0052910052910052;0,0227272727272727
UNSW-NB15;C&W;linear;10;15;1024;2;87,83939249999821;216,47580440016463;0,0;0,5874143710829325;0,7578583939574502;0,5874143710829325;0,6432330862237499;0,4988158652801115;0,4027567567567567;0,0162578311126797;0,6816337833001451;0,1810861211221258;0,2653734732344549;0,0251107828655834;0,0120068610634648;0,0144289557348985;0,0359324469996406;0,0313427911580336;0,0018017063218695;0,006578947368421;0,0158730158730158;0,0227272727272727;0,5874143710829325;0,7578583939574502;0,5874143710829325;0,6432330862237499;0,4988158652801115;0,4027567567567567;0,0162578311126797;0,6816337833001451;0,1810861211221258;0,2653734732344549;0,0251107828655834;0,0120068610634648;0,0144289557348985;0,0359324469996406;0,0313427911580336;0,0018017063218695;0,006578947368421;0,0158730158730158;0,0227272727272727
UNSW-NB15;C&W;linear;10;15;1024;3;71,44197629997507;218,0273034998681;0,0;0,5874143710829325;0,7578583939574502;0,5874143710829325;0,6432330862237499;0,4988158652801115;0,4027567567567567;0,0162578311126797;0,6816337833001451;0,1810861211221258;0,2653734732344549;0,0251107828655834;0,0120068610634648;0,0144289557348985;0,0359324469996406;0,0313427911580336;0,0018017063218695;0,006578947368421;0,0158730158730158;0,0227272727272727;0,5874143710829325;0,7578583939574502;0,5874143710829325;0,6432330862237499;0,4988158652801115;0,4027567567567567;0,0162578311126797;0,6816337833001451;0,1810861211221258;0,2653734732344549;0,0251107828655834;0,0120068610634648;0,0144289557348985;0,0359324469996406;0,0313427911580336;0,0018017063218695;0,006578947368421;0,0158730158730158;0,0227272727272727
UNSW-NB15;C&W;linear;10;15;2048;2;69,9546001998242;216,4250916000456;0,0;0,5874143710829325;0,7578583939574502;0,5874143710829325;0,6432330862237499;0,4988158652801115;0,4027567567567567;0,0162578311126797;0,6816337833001451;0,1810861211221258;0,2653734732344549;0,0251107828655834;0,0120068610634648;0,0144289557348985;0,0359324469996406;0,0313427911580336;0,0018017063218695;0,006578947368421;0,0158730158730158;0,0227272727272727;0,5874143710829325;0,7578583939574502;0,5874143710829325;0,6432330862237499;0,4988158652801115;0,4027567567567567;0,0162578311126797;0,6816337833001451;0,1810861211221258;0,2653734732344549;0,0251107828655834;0,0120068610634648;0,0144289557348985;0,0359324469996406;0,0313427911580336;0,0018017063218695;0,006578947368421;0,0158730158730158;0,0227272727272727
UNSW-NB15;C&W;linear;10;15;2048;3;71,21064629987814;218,99075109977275;0,0;0,5874143710829325;0,7578583939574502;0,5874143710829325;0,6432330862237499;0,4988158652801115;0,4027567567567567;0,0162578311126797;0,6816337833001451;0,1810861211221258;0,2653734732344549;0,0251107828655834;0,0120068610634648;0,0144289557348985;0,0359324469996406;0,0313427911580336;0,0018017063218695;0,006578947368421;0,0158730158730158;0,0227272727272727;0,5874143710829325;0,7578583939574502;0,5874143710829325;0,6432330862237499;0,4988158652801115;0,4027567567567567;0,0162578311126797;0,6816337833001451;0,1810861211221258;0,2653734732344549;0,0251107828655834;0,0120068610634648;0,0144289557348985;0,0359324469996406;0,0313427911580336;0,0018017063218695;0,006578947368421;0,0158730158730158;0,0227272727272727
UNSW-NB15;C&W;linear;10;20;1024;2;56,34268980007619;162,76133419992402;0,0;0,6028761599378127;0,7660086142619446;0,6028761599378127;0,6434182631594613;0,5119212550680186;0,4052972972972973;0,0101473572752139;0,6814729308007401;0,179887364295218;0,2641694589277733;0,0251107828655834;0,0034305317324185;0,0066030814380044;0,0136543298598634;0,0381062355658198;0,0007948704361189;0,0040045766590389;0,0052910052910052;0,0;0,6028761599378127;0,7660086142619446;0,6028761599378127;0,6434182631594613;0,5119212550680186;0,4052972972972973;0,0101473572752139;0,6814729308007401;0,179887364295218;0,2641694589277733;0,0251107828655834;0,0034305317324185;0,0066030814380044;0,0136543298598634;0,0381062355658198;0,0007948704361189;0,0040045766590389;0,0052910052910052;0,0
UNSW-NB15;C&W;linear;10;20;1024;3;56,97584810014814;164,73736459948125;0,0;0,6028761599378127;0,7660086142619446;0,6028761599378127;0,6434182631594613;0,5119212550680186;0,4052972972972973;0,0101473572752139;0,6817412630275757;0,1799365070217249;0,2641694589277733;0,0251107828655834;0,0034305317324185;0,0066030814380044;0,0136543298598634;0,0381062355658198;0,0007948704361189;0,0040045766590389;0,0052910052910052;0,0;0,6028761599378127;0,7660086142619446;0,6028761599378127;0,6434182631594613;0,5119212550680186;0,4052972972972973;0,0101473572752139;0,6817412630275757;0,1799365070217249;0,2641694589277733;0,0251107828655834;0,0034305317324185;0,0066030814380044;0,0136543298598634;0,0381062355658198;0,0007948704361189;0,0040045766590389;0,0052910052910052;0,0
UNSW-NB15;C&W;linear;10;20;2048;2;56,49521200009622;162,92466329969466;0,0;0,6028761599378127;0,7660086142619446;0,6028761599378127;0,6434182631594613;0,5119212550680186;0,4052972972972973;0,0101473572752139;0,681739504156828;0,1799349109037073;0,2641694589277733;0,0251107828655834;0,0034305317324185;0,0066030814380044;0,0136543298598634;0,0381062355658198;0,0007948704361189;0,0040045766590389;0,0052910052910052;0,0;0,6028761599378127;0,7660086142619446;0,6028761599378127;0,6434182631594613;0,5119212550680186;0,4052972972972973;0,0101473572752139;0,681739504156828;0,1799349109037073;0,2641694589277733;0,0251107828655834;0,0034305317324185;0,0066030814380044;0,0136543298598634;0,0381062355658198;0,0007948704361189;0,0040045766590389;0,0052910052910052;0,0
UNSW-NB15;C&W;linear;10;20;2048;3;57,33819800009951;166,06332899979316;0,0;0,6028761599378127;0,7660086142619446;0,6028761599378127;0,6434182631594613;0,5119212550680186;0,4052972972972973;0,0101473572752139;0,6817412630275757;0,1799365070217249;0,2641694589277733;0,0251107828655834;0,0034305317324185;0,0066030814380044;0,0136543298598634;0,0381062355658198;0,0007948704361189;0,0040045766590389;0,0052910052910052;0,0;0,6028761599378127;0,7660086142619446;0,6028761599378127;0,6434182631594613;0,5119212550680186;0,4052972972972973;0,0101473572752139;0,6817412630275757;0,1799365070217249;0,2641694589277733;0,0251107828655834;0,0034305317324185;0,0066030814380044;0,0136543298598634;0,0381062355658198;0,0007948704361189;0,0040045766590389;0,0052910052910052;0,0
