Dataset;Attack;Binarization;Resolution;AddressSize;BloomSize;Hash;TrainTime_s;InferTime_Adv_s;Acc_Drop_pp;Clean_Acc;Clean_Precision;Clean_Recall;Clean_F1;Clean_MCC;Clean_FAR;Clean_ASR;Clean_AUC;Clean_PR_AUC;Clean_Miss_Attack;Adv_Acc;Adv_Precision;Adv_Recall;Adv_F1;Adv_MCC;Adv_FAR;Adv_ASR;Adv_AUC;Adv_PR_AUC;Adv_Miss_Attack
ToN-IoT;FGSM;distributive;1;5;1024;2;70,70233941078186;28,33538055419922;0,6136132104527486;0,2369399891018503;1,0;3,104722282591822e-05;6,209251785159888e-05;0,0027121517931016;0,0;0,999968952777174;0,5;0,8815418512639485;0,999968952777174;0,2308038569973228;0,0;0,0;0,0;-0,1407431655529084;0,0258;1,0;0,5036534431370114;0,3822663048494963;1,0
ToN-IoT;RANDOM_LINF;distributive;1;5;1024;2;70,70233941078186;4,60071873664856;-0,5851832547560942;0,2369399891018503;1,0;3,104722282591822e-05;6,209251785159888e-05;0,0027121517931016;0,0;0,999968952777174;0,5;0,8815418512639485;0,999968952777174;0,2427918216494112;0,7897196261682243;0,0104939613151603;0,0207126880534362;0,0063404002288605;0,009;0,9895060386848396;0,4980749091868732;0,7783312560442859;0,9895060386848396
ToN-IoT;RANDOM_L2;distributive;1;5;1024;2;70,70233941078186;4,670044183731079;-0,6301973512757936;0,2369399891018503;1,0;3,104722282591822e-05;6,209251785159888e-05;0,0027121517931016;0,0;0,999968952777174;0,5;0,8815418512639485;0,999968952777174;0,2432419626146082;0,7822410147991543;0,0114874724455897;0,0226424331436264;0,0047965191133753;0,0103;0,9885125275544102;0,4982189496724518;0,7742916449170906;0,9885125275544102
ToN-IoT;C&W;distributive;1;5;1024;2;70,70233941078186;3,79977297782898;0,0023691629747218;0,2369399891018503;1,0;3,104722282591822e-05;6,209251785159888e-05;0,0027121517931016;0,0;0,999968952777174;0,5;0,8815418512639485;0,999968952777174;0,2369162974721031;0,0;0,0;0,0;0,0;0,0;1,0;0,5;0,8815418512639485;1,0
ToN-IoT;FGSM;distributive;1;5;1024;3;72,4262330532074;28,91432547569275;0,1184581487360503;0,2369873723613447;1,0;9,314166847775466e-05;0,0001862659878306;0,0046976960035207;0,0;0,9999068583315224;0,50015;0,8815689712363171;0,9999068583315224;0,2358027908739842;0,0;0,0;0,0;-0,059920709590154;0,0047;1,0;0,5052224207519638;0,3825931420765299;1,0
ToN-IoT;RANDOM_LINF;distributive;1;5;1024;3;72,4262330532074;6,004480361938477;-0,5851832547560942;0,2369873723613447;1,0;9,314166847775466e-05;0,0001862659878306;0,0046976960035207;0,0;0,9999068583315224;0,50015;0,8815689712363171;0,9999068583315224;0,2428392049089056;0,7741228070175439;0,0109596696575491;0,0216133476197765;0,0027132440866372;0,0103;0,9890403303424508;0,4976810767176876;0,7663615102711068;0,9890403303424508
ToN-IoT;RANDOM_L2;distributive;1;5;1024;3;72,4262330532074;6,154571771621704;-0,5662299509583274;0,2369873723613447;1,0;9,314166847775466e-05;0,0001862659878306;0,0046976960035207;0,0;0,9999068583315224;0,50015;0,8815689712363171;0,9999068583315224;0,242649671870928;0,775;0,0105871029836381;0,0208888480504762;0,0028764516467963;0,0099;0,989412897016362;0,4974177900586792;0,7680795470411906;0,989412897016362
ToN-IoT;C&W;distributive;1;5;1024;3;72,4262330532074;3,858699560165405;0,0071074889241629;0,2369873723613447;1,0;9,314166847775466e-05;0,0001862659878306;0,0046976960035207;0,0;0,9999068583315224;0,50015;0,8815689712363171;0,9999068583315224;0,2369162974721031;0,0;0,0;0,0;0,0;0,0;1,0;0,504039343040765;0,8820944171061254;1,0
ToN-IoT;FGSM;distributive;1;5;2048;2;71,2673408985138;28,596190452575684;0,6657347958966081;0,2369873723613447;1,0;9,314166847775466e-05;0,0001862659878306;0,0046976960035207;0,0;0,9999068583315224;0,5005;0,8816322661674447;0,9999068583315224;0,2303300244023786;0,0;0,0;0,0;-0,1461313541299263;0,0278;1,0;0,5112261324474525;0,8824619304703255;1,0
ToN-IoT;RANDOM_LINF;distributive;1;5;2048;2;71,2673408985138;5,31680703163147;-0,0355374446208145;0,2369873723613447;1,0;9,314166847775466e-05;0,0001862659878306;0,0046976960035207;0,0;0,9999068583315224;0,5005;0,8816322661674447;0,9999068583315224;0,2373427468075528;0,8461538461538461;0,0006830389021702;0,0013649759578098;0,0048504200034667;0,0004;0,9993169610978296;0,496717436120339;0,8753038793257621;0,9993169610978296
ToN-IoT;RANDOM_L2;distributive;1;5;2048;2;71,2673408985138;5,233540773391724;-0,0284299556966516;0,2369873723613447;1,0;9,314166847775466e-05;0,0001862659878306;0,0046976960035207;0,0;0,9999068583315224;0,5005;0,8816322661674447;0,9999068583315224;0,2372716719183112;0,8;0,0006209444565183;0,001240925730595;0,0021136384681694;0,0005;0,9993790555434816;0,4952651401782111;0,8749031806987663;0,9993790555434816
ToN-IoT;C&W;distributive;1;5;2048;2;71,2673408985138;3,76346492767334;0,0071074889241629;0,2369873723613447;1,0;9,314166847775466e-05;0,0001862659878306;0,0046976960035207;0,0;0,9999068583315224;0,5005;0,8816322661674447;0,9999068583315224;0,2369162974721031;0,0;0,0;0,0;0,0;0,0;1,0;0,504039343040765;0,8820944171061254;1,0
ToN-IoT;FGSM;distributive;1;5;2048;3;72,27263641357422;28,40720248222351;1,0898149683716745;0,2448529934374185;1,0;0,0104008196466826;0,0205875122910521;0,0498381093299824;0,0;0,9895991803533174;0,5003500000000001;0,8816051371972893;0,9895991803533174;0,2339548437537018;0,0;0,0;0,0;-0,0978104194268942;0,0125;1,0;0,4915619004005092;0,877746146867713;1,0
ToN-IoT;RANDOM_LINF;distributive;1;5;2048;3;72,27263641357422;4,825120210647583;0,793669596531546;0,2448529934374185;1,0;0,0104008196466826;0,0205875122910521;0,0498381093299824;0,0;0,9895991803533174;0,5003500000000001;0,8816051371972893;0,9895991803533174;0,2369162974721031;0,0;0,0;0,0;0,0;0,0;1,0;0,5015872085441958;0,8780539563813324;1,0
ToN-IoT;RANDOM_L2;distributive;1;5;2048;3;72,27263641357422;4,69446873664856;0,793669596531546;0,2448529934374185;1,0;0,0104008196466826;0,0205875122910521;0,0498381093299824;0,0;0,9895991803533174;0,5003500000000001;0,8816051371972893;0,9895991803533174;0,2369162974721031;0,0;0,0;0,0;0,0;0,0;1,0;0,500534454655531;0,8776990722405845;1,0
ToN-IoT;C&W;distributive;1;5;2048;3;72,27263641357422;3,732545137405396;0,793669596531546;0,2448529934374185;1,0;0,0104008196466826;0,0205875122910521;0,0498381093299824;0,0;0,9895991803533174;0,5003500000000001;0,8816051371972893;0,9895991803533174;0,2369162974721031;0,0;0,0;0,0;0,0;0,0;1,0;0,4963179483995156;0,8782844504493342;1,0
ToN-IoT;FGSM;distributive;1;10;1024;2;39,7090585231781;14,6189923286438;2,1227700253500403;0,2531450638489421;1,0;0,0212673476357539;0,0416489329360977;0,0715660543403031;0,0;0,978732652364246;0,50395;0,8822572988369333;0,978732652364246;0,2319173635954417;0,0138248847926267;9,314166847775466e-05;0,0001850366989452;-0,1266761606606953;0,0214;0,9999068583315224;0,5010672762271414;0,5183106649096563;0,9999068583315224
ToN-IoT;RANDOM_LINF;distributive;1;10;1024;2;39,7090585231781;3,4208686351776123;0,4454026392475524;0,2531450638489421;1,0;0,0212673476357539;0,0416489329360977;0,0715660543403031;0,0;0,978732652364246;0,50395;0,8822572988369333;0,978732652364246;0,2486910374564666;0,7646432374866879;0,0222919059890092;0,0433208640038614;0,000553257256148;0,0221;0,9777080940109908;0,5017114471110559;0,7642249006107008;0,9777080940109908
ToN-IoT;RANDOM_L2;distributive;1;10;1024;2;39,7090585231781;3,1196727752685547;0,5330616693122292;0,2531450638489421;1,0;0,0212673476357539;0,0416489329360977;0,0715660543403031;0,0;0,978732652364246;0,50395;0,8822572988369333;0,978732652364246;0,2478144471558198;0,7625570776255708;0,0207395448477133;0,0403808372374187;-0,0001803106683147;0,0208;0,9792604551522868;0,4999731379428109;0,7628094817545823;0,9792604551522868
ToN-IoT;C&W;distributive;1;10;1024;2;39,7090585231781;1,943811655044556;1,6228766376839037;0,2531450638489421;1,0;0,0212673476357539;0,0416489329360977;0,0715660543403031;0,0;0,978732652364246;0,50395;0,8822572988369333;0,978732652364246;0,2369162974721031;0,0;0,0;0,0;0,0;0,0;1,0;0,5025794529479338;0,8794959793137787;1,0
ToN-IoT;FGSM;distributive;1;10;1024;3;40,215723514556885;15,586412906646729;0,8884361155203857;0,2369873723613447;1,0;9,314166847775466e-05;0,0001862659878306;0,0046976960035207;0,0;0,9999068583315224;0,50295;0,8820759193357058;0,9999068583315224;0,2281030112061408;0,0;0,0;0,0;-0,1692309619532988;0,0372;1,0;0,5084115697475861;0,3882789018409491;1,0
ToN-IoT;RANDOM_LINF;distributive;1;10;1024;3;40,215723514556885;3,687157392501831;-0,3885427278542491;0,2369873723613447;1,0;9,314166847775466e-05;0,0001862659878306;0,0046976960035207;0,0;0,9999068583315224;0,50295;0,8820759193357058;0,9999068583315224;0,2408727996398872;0,7434402332361516;0,0079170418206091;0,0156672401081346;-0,0041816815837928;0,0088;0,9920829581793909;0,4973896286752149;0,7528521911271618;0,9920829581793909
ToN-IoT;RANDOM_L2;distributive;1;10;1024;3;40,215723514556885;3,023948431015014;-0,4264493354497856;0,2369873723613447;1,0;9,314166847775466e-05;0,0001862659878306;0,0046976960035207;0,0;0,9999068583315224;0,50295;0,8820759193357058;0,9999068583315224;0,2412518657158426;0,7534626038781164;0,0084448446086497;0,016702486951182;-0,0021016353151939;0,0089;0,9915551553913502;0,4983313328572759;0,7599029963684906;0,9915551553913502
ToN-IoT;C&W;distributive;1;10;1024;3;40,215723514556885;1,9637577533721924;0,0071074889241629;0,2369873723613447;1,0;9,314166847775466e-05;0,0001862659878306;0,0046976960035207;0,0;0,9999068583315224;0,50295;0,8820759193357058;0,9999068583315224;0,2369162974721031;0,0;0,0;0,0;0,0;0,0;1,0;0,4920378869260144;0,8691857331339403;1,0
ToN-IoT;FGSM;distributive;1;10;2048;2;39,65768098831177;14,649422407150269;1,4996801629984124;0,2370584472505863;0,875;0,0002173305597814;0,000434553186206;0,0036240434737238;0,0001;0,9997826694402184;0,5002655158496072;0,8815907297530109;0,9997826694402184;0,2220616456206022;0,1441543700340522;0,0039429972988916;0,0076760350559081;-0,2125314805444238;0,0754;0,9960570027011084;0,5068324583191034;0,7952144162268863;0,9960570027011084
ToN-IoT;RANDOM_LINF;distributive;1;10;2048;2;39,65768098831177;3,791390419006348;-1,336207917742663;0,2370584472505863;0,875;0,0002173305597814;0,000434553186206;0,0036240434737238;0,0001;0,9997826694402184;0,5002655158496072;0,8815907297530109;0,9997826694402184;0,250420526428013;0,7526595744680851;0,0263590921792045;0,0509343972163062;-0,0040624705616658;0,0279;0,9736409078207954;0,5004618740103698;0,7592343840511224;0,9736409078207954
ToN-IoT;RANDOM_L2;distributive;1;10;2048;2;39,65768098831177;3,104712009429932;-1,340946243692107;0,2370584472505863;0,875;0,0002173305597814;0,000434553186206;0,0036240434737238;0,0001;0,9997826694402184;0,5002655158496072;0,8815907297530109;0,9997826694402184;0,2504679096875074;0,7549019607843137;0,0262969977335527;0,0508235576490354;-0,0031798484465925;0,0275;0,9737030022664472;0,5012878667453197;0,7600906682816191;0,9737030022664472
ToN-IoT;C&W;distributive;1;10;2048;2;39,65768098831177;1,9652643203735352;0,0142149778483258;0,2370584472505863;0,875;0,0002173305597814;0,000434553186206;0,0036240434737238;0,0001;0,9997826694402184;0,5002655158496072;0,8815907297530109;0,9997826694402184;0,2369162974721031;0,0;0,0;0,0;0,0;0,0;1,0;0,4985562001303983;0,8758696923647511;1,0
ToN-IoT;FGSM;distributive;1;10;2048;3;40,20518612861633;17,3467116355896;0,5899215807055352;0,2369873723613447;1,0;9,314166847775466e-05;0,0001862659878306;0,0046976960035207;0,0;0,9999068583315224;0,5034000000000001;0,8821575188059134;0,9999068583315224;0,2310881565542893;0,0;0,0;0,0;-0,137411445986745;0,0246;1,0;0,5071728616225278;0,8815119506631349;1,0
ToN-IoT;RANDOM_LINF;distributive;1;10;2048;3;40,20518612861633;3,10471248626709;0,0071074889241629;0,2369873723613447;1,0;9,314166847775466e-05;0,0001862659878306;0,0046976960035207;0,0;0,9999068583315224;0,5034000000000001;0,8821575188059134;0,9999068583315224;0,2369162974721031;0,0;0,0;0,0;0,0;0,0;1,0;0,4943709941320748;0,8698190246019364;1,0
ToN-IoT;RANDOM_L2;distributive;1;10;2048;3;40,20518612861633;3,027918100357056;0,0071074889241629;0,2369873723613447;1,0;9,314166847775466e-05;0,0001862659878306;0,0046976960035207;0,0;0,9999068583315224;0,5034000000000001;0,8821575188059134;0,9999068583315224;0,2369162974721031;0,0;0,0;0,0;0,0;0,0;1,0;0,4943720093762613;0,869743792961193;1,0
ToN-IoT;C&W;distributive;1;10;2048;3;40,20518612861633;2,0555129051208496;0,0071074889241629;0,2369873723613447;1,0;9,314166847775466e-05;0,0001862659878306;0,0046976960035207;0,0;0,9999068583315224;0,5034000000000001;0,8821575188059134;0,9999068583315224;0,2369162974721031;0,0;0,0;0,0;0,0;0,0;1,0;0,5012104008196467;0,8762142319784212;1,0
ToN-IoT;FGSM;distributive;1;15;1024;2;29,25796341896057;10,40473461151123;3,33341230543249;0,2520789405103177;0,9968944099378882;0,0199323170542395;0,0390831887498858;0,0684478607845349;0,0002;0,9800676829457604;0,5010654910118291;0,8817354439679124;0,9800676829457604;0,2187448174559928;0,0077021822849807;0,0001862833369555;0,0003637686431429;-0,2436094103648772;0,0773;0,9998137166630444;0,5071672110279736;0,412691064089188;0,9998137166630444
ToN-IoT;RANDOM_LINF;distributive;1;15;1024;2;29,25796341896057;3,00198745727539;-0,6657347958966109;0,2520789405103177;0,9968944099378882;0,0199323170542395;0,0390831887498858;0,0684478607845349;0,0002;0,9800676829457604;0,5010654910118291;0,8817354439679124;0,9800676829457604;0,2587362884692838;0,78980490874764;0,0389642646465273;0,0742647493934552;0,0124298100018133;0,0334;0,9610357353534726;0,4984422319848489;0,7747076230636704;0,9610357353534726
ToN-IoT;RANDOM_L2;distributive;1;15;1024;2;29,25796341896057;2,203118801116944;-0,6278281883010717;0,2520789405103177;0,9968944099378882;0,0199323170542395;0,0390831887498858;0,0684478607845349;0,0002;0,9800676829457604;0,5010654910118291;0,8817354439679124;0,9800676829457604;0,2583572223933284;0,7913715389568577;0,0381570368530534;0,072803743854037;0,0130028807170534;0,0324;0,9618429631469464;0,4980254059424384;0,775991682464998;0,9618429631469464
ToN-IoT;C&W;distributive;1;15;1024;2;29,25796341896057;1,42120623588562;1,51626430382146;0,2520789405103177;0,9968944099378882;0,0199323170542395;0,0390831887498858;0,0684478607845349;0,0002;0,9800676829457604;0,5010654910118291;0,8817354439679124;0,9800676829457604;0,2369162974721031;0,0;0,0;0,0;0,0;0,0;1,0;0,5069954391629669;0,8745890119178125;1,0
ToN-IoT;FGSM;distributive;1;15;1024;3;29,68628025054932;10,287554025650024;1,8716387500296137;0,2369873723613447;1,0;9,314166847775466e-05;0,0001862659878306;0,0046976960035207;0,0;0,9999068583315224;0,5082;0,8830300868117493;0,9999068583315224;0,2182709848610486;0,1255946717411988;0,0040982334130212;0,0079374624173181;-0,2395870749274122;0,0919;0,9959017665869788;0,5004350740476264;0,4953815357732452;0,9959017665869788
ToN-IoT;RANDOM_LINF;distributive;1;15;1024;3;29,68628025054932;2,376655578613281;-1,5920775190125331;0,2369873723613447;1,0;9,314166847775466e-05;0,0001862659878306;0,0046976960035207;0,0;0,9999068583315224;0,5082;0,8830300868117493;0,9999068583315224;0,25290814755147;0,7505567928730512;0,0313887422770033;0,060257480033377;-0,0053491450652693;0,0336;0,9686112577229968;0,4906693175820424;0,7551226047581638;0,9686112577229968
ToN-IoT;RANDOM_L2;distributive;1;15;1024;3;29,68628025054932;1,9108986854553225;-1,684474875026651;0,2369873723613447;1,0;9,314166847775466e-05;0,0001862659878306;0,0046976960035207;0,0;0,9999068583315224;0,5082;0,8830300868117493;0,9999068583315224;0,2538321211116112;0,7602040816326531;0,0323822534074327;0,0621184598433638;-0,001241371868441;0,0329;0,9676177465925672;0,4942892110900679;0,7612566520298224;0,9676177465925672
ToN-IoT;C&W;distributive;1;15;1024;3;29,68628025054932;1,4321770668029783;0,0071074889241629;0,2369873723613447;1,0;9,314166847775466e-05;0,0001862659878306;0,0046976960035207;0,0;0,9999068583315224;0,5082;0,8830300868117493;0,9999068583315224;0,2369162974721031;0,0;0,0;0,0;0,0;0,0;1,0;0,4929688829209228;0,8624132312579503;1,0
ToN-IoT;FGSM;distributive;1;15;2048;2;29,12327671051025;12,185067653656006;4,4469189035513725;0,2530739889597005;0,9985380116959064;0,0212052531901021;0,041528592709695;0,0710716365292568;0,0001;0,978794746809898;0,5007655003259959;0,8816811632758202;0,978794746809898;0,2086047999241868;0,0041493775933609;0,0001552361141295;0,0002992757526785;-0,3059856424938074;0,12;0,9998447638858704;0,5093955788754695;0,683302427232868;0,9998447638858704
ToN-IoT;RANDOM_LINF;distributive;1;15;2048;2;29,12327671051025;2,4075729846954346;1,082707479447509;0,2530739889597005;0,9985380116959064;0,0212052531901021;0,041528592709695;0,0710716365292568;0,0001;0,978794746809898;0,5007655003259959;0,8816811632758202;0,978794746809898;0,2422469141652254;0,7408993576017131;0,0107423390977677;0,0211776227200391;-0,0055186755865033;0,0121;0,9892576609022324;0,4987942702350274;0,7526782162214024;0,9892576609022324
ToN-IoT;RANDOM_L2;distributive;1;15;2048;2;29,12327671051025;2,213092088699341;1,014001753180599;0,2530739889597005;0,9985380116959064;0,0212052531901021;0,041528592709695;0,0710716365292568;0,0001;0,978794746809898;0,5007655003259959;0,8816811632758202;0,978794746809898;0,2429339714278945;0,7656903765690377;0,011363283554286;0,0223942240034264;0,0006561267163155;0,0112;0,988636716445714;0,4980395495047968;0,7666807824687489;0,988636716445714
ToN-IoT;C&W;distributive;1;15;2048;2;29,12327671051025;1,40923810005188;1,6157691487597408;0,2530739889597005;0,9985380116959064;0,0212052531901021;0,041528592709695;0,0710716365292568;0,0001;0,978794746809898;0,5007655003259959;0,8816811632758202;0,978794746809898;0,2369162974721031;0,0;0,0;0,0;0,0;0,0;1,0;0,5008430795740321;0,8763048979914239;1,0
ToN-IoT;FGSM;distributive;1;15;2048;3;29,432941913604736;10,308989763259888;1,6228766376839037;0,2429813546873889;0,996124031007752;0,0079791362662609;0,015831459635938;0,042981960462647;0,0001;0,992020863733739;0,5091;0,883194137102339;0,992020863733739;0,2267525883105499;0,0068965517241379;9,314166847775466e-05;0,0001838010047788;-0,1814835781320551;0,0432;0,9999068583315224;0,5003902496196716;0,3965777102354252;0,9999068583315224
ToN-IoT;RANDOM_LINF;distributive;1;15;2048;3;29,432941913604736;2,918210744857788;-1,040062545902534;0,2429813546873889;0,996124031007752;0,0079791362662609;0,015831459635938;0,042981960462647;0,0001;0,992020863733739;0,5091;0,883194137102339;0,992020863733739;0,2533819801464143;0,7972626176218991;0,0289360116737557;0,0558451674755827;0,0135668272549556;0,0237;0,9710639883262442;0,5005012822503028;0,7787678996101121;0,9710639883262442
ToN-IoT;RANDOM_L2;distributive;1;15;2048;3;29,432941913604736;2,2689428329467773;-1,1514132057144215;0,2429813546873889;0,996124031007752;0,0079791362662609;0,015831459635938;0,042981960462647;0,0001;0,992020863733739;0,5091;0,883194137102339;0,992020863733739;0,2544954867445331;0,79585326953748;0,0309851283802663;0,0596479693990377;0,0134859780524613;0,0256;0,9690148716197337;0,5027667282436586;0,7772180072521087;0,9690148716197337
ToN-IoT;C&W;distributive;1;15;2048;3;29,432941913604736;1,4301824569702148;0,606505721528583;0,2429813546873889;0,996124031007752;0,0079791362662609;0,015831459635938;0,042981960462647;0,0001;0,992020863733739;0,5091;0,883194137102339;0,992020863733739;0,2369162974721031;0,0;0,0;0,0;0,0;0,0;1,0;0,5107815610543637;0,8805177529431043;1,0
ToN-IoT;FGSM;distributive;1;20;1024;2;23,803474187850952;8,147268533706665;3,4874078987893604;0,2527423061432396;0,9970238095238096;0,0208016392933652;0,0407530184605091;0,0699822981052887;0,0002;0,9791983607066348;0,514515073426682;0,884184993302961;0,9791983607066348;0,217868227155346;0,1089494163424124;0,0034772889565028;0,0067394770887865;-0,2430700602649043;0,0916;0,9965227110434972;0,51826451302431;0,6048315493394912;0,9965227110434972
ToN-IoT;RANDOM_LINF;distributive;1;20;1024;2;23,803474187850952;1,9946753978729248;-0,7889312705820994;0,2527423061432396;0,9970238095238096;0,0208016392933652;0,0407530184605091;0,0699822981052887;0,0002;0,9791983607066348;0,514515073426682;0,884184993302961;0,9791983607066348;0,2606316188490606;0,7536746071971617;0,0461672203421403;0,087004856357147;-0,0049002750116663;0,0486;0,9538327796578596;0,4960624514887143;0,7590370054703386;0,9538327796578596
ToN-IoT;RANDOM_L2;distributive;1;20;1024;2;23,803474187850952;1,6226680278778076;-0,9192352341917563;0,2527423061432396;0,9970238095238096;0,0208016392933652;0,0407530184605091;0,0699822981052887;0,0002;0,9791983607066348;0,514515073426682;0,884184993302961;0,9791983607066348;0,2619346584851572;0,7645290581162325;0,0473780620323512;0,0892267212395848;0,0007573352648153;0,047;0,9526219379676488;0,4955504594988978;0,7635549784799893;0,9526219379676488
ToN-IoT;C&W;distributive;1;20;1024;2;23,803474187850952;1,105050563812256;1,5826008671136509;0,2527423061432396;0,9970238095238096;0,0208016392933652;0,0407530184605091;0,0699822981052887;0,0002;0,9791983607066348;0,514515073426682;0,884184993302961;0,9791983607066348;0,2369162974721031;0,0;0,0;0,0;0,0;0,0;1,0;0,5009223353721008;0,8735549912775452;1,0
ToN-IoT;FGSM;distributive;1;20;1024;3;28,98117709159851;9,334084033966064;4,288184984245066;0,2447582269184297;0,996996996996997;0,0103076779782048;0,0204044004670886;0,0490581163932914;0,0001;0,9896923220217952;0,50485;0,8824206876899696;0,9896923220217952;0,201876377075979;0,0606060606060606;0,0031668167282436;0,0060191195562374;-0,3366852857296898;0,1581;0,9968331832717564;0,5036562435965103;0,7879691950416179;0,9968331832717564
ToN-IoT;RANDOM_LINF;distributive;1;20;1024;3;28,98117709159851;2,79154896736145;-1,0732308275486298;0,2447582269184297;0,996996996996997;0,0103076779782048;0,0204044004670886;0,0490581163932914;0,0001;0,9896923220217952;0,50485;0,8824206876899696;0,9896923220217952;0,255490535193916;0,7696011004126547;0,0347418423422024;0,0664824881917832;0,0028952257471582;0,0335;0,9652581576577977;0,501323237293924;0,7672628664146574;0,9652581576577977
ToN-IoT;RANDOM_L2;distributive;1;20;1024;3;28,98117709159851;1,8710057735443115;-1,0353242199530903;0,2447582269184297;0,996996996996997;0,0103076779782048;0,0204044004670886;0,0490581163932914;0,0001;0,9896923220217952;0,50485;0,8824206876899696;0,9896923220217952;0,2551114691179606;0,7553191489361702;0,035269645130243;0,0673924005576483;-0,0035102089795863;0,0368;0,9647303548697568;0,4973773091371976;0,7608638342943127;0,9647303548697568
ToN-IoT;C&W;distributive;1;20;1024;3;28,98117709159851;1,0880956649780271;0,7841929446326612;0,2447582269184297;0,996996996996997;0,0103076779782048;0,0204044004670886;0,0490581163932914;0,0001;0,9896923220217952;0,50485;0,8824206876899696;0,9896923220217952;0,2369162974721031;0,0;0,0;0,0;0,0;0,0;1,0;0,5030952295942128;0,8695312653241487;1,0
ToN-IoT;FGSM;distributive;1;20;2048;2;23,63793396949768;9,389951467514038;1,874007913004336;0,2410149494183704;0,9832402234636872;0,0054643112173616;0,0108682227985673;0,033790515437481;0,0003;0,9945356887826384;0,5054;0,8825206052112776;0,9945356887826384;0,2222748702883271;0,0016129032258064;3,104722282591822e-05;6,0921746017240857e-05;-0,2186635033700841;0,0619;0,999968952777174;0,5118214365550002;0,6376501003127558;0,999968952777174
ToN-IoT;RANDOM_LINF;distributive;1;20;2048;2;23,63793396949768;2,9341838359832764;0,0852898670899576;0,2410149494183704;0,9832402234636872;0,0054643112173616;0,0108682227985673;0,033790515437481;0,0003;0,9945356887826384;0,5054;0,8825206052112776;0,9945356887826384;0,2401620507474709;0,8246445497630331;0,0054022167717097;0,0107341147439851;0,0102623767347185;0,0037;0,9945977832282902;0,4971620432177341;0,7921794776459319;0,9945977832282902
ToN-IoT;RANDOM_L2;distributive;1;20;2048;2;23,63793396949768;1,6027216911315918;0,0189533037977668;0,2410149494183704;0,9832402234636872;0,0054643112173616;0,0108682227985673;0,033790515437481;0,0003;0,9945356887826384;0,5054;0,8825206052112776;0,9945356887826384;0,2408254163803928;0,8286852589641435;0,0064578223477909;0,0128157732593961;0,0119332862187101;0,0043;0,993542177652209;0,4917505200409823;0,7877747100865794;0,993542177652209
ToN-IoT;C&W;distributive;1;20;2048;2;23,63793396949768;1,1040525436401367;0,4098651946267378;0,2410149494183704;0,9832402234636872;0,0054643112173616;0,0108682227985673;0,033790515437481;0,0003;0,9945356887826384;0,5054;0,8825206052112776;0,9945356887826384;0,2369162974721031;0,0;0,0;0,0;0,0;0,0;1,0;0,5233691204321773;0,8795406182311732;1,0
ToN-IoT;FGSM;distributive;1;20;2048;3;28,868448972702023;10,944784164428713;1,6915823639508163;0,2450425264753962;1,0;0,0106491974292899;0,0210739739493733;0,0504344982714328;0,0;0,98935080257071;0,5011;0,8817408206319483;0,98935080257071;0,228126702835888;0,0131233595800524;0,0001552361141295;0,0003068425897514;-0,16833858782366;0,0376;0,9998447638858704;0,5062858828277811;0,6005333977200962;0,9998447638858704
ToN-IoT;RANDOM_LINF;distributive;1;20;2048;3;28,868448972702023;3,4926764965057373;0,0189533037977668;0,2450425264753962;1,0;0,0106491974292899;0,0210739739493733;0,0504344982714328;0,0;0,98935080257071;0,5011;0,8817408206319483;0,98935080257071;0,2448529934374185;0,7382645803698435;0,0161135086466515;0,0315386485172581;-0,0075967018297683;0,0184;0,9838864913533484;0,4963764475767641;0,7495087424443166;0,9838864913533484
ToN-IoT;RANDOM_L2;distributive;1;20;2048;3;28,868448972702023;1,8410851955413816;0,0568599113933032;0,2450425264753962;1,0;0,0106491974292899;0,0210739739493733;0,0504344982714328;0,0;0,98935080257071;0,5011;0,8817408206319483;0,98935080257071;0,2444739273614632;0,7281831187410587;0,0158030364183923;0,030934727118026;-0,0106515143094205;0,019;0,9841969635816076;0,4965795196994628;0,7446733358172759;0,9841969635816076
ToN-IoT;C&W;distributive;1;20;2048;3;28,868448972702023;1,1010618209838867;0,8126229003293128;0,2450425264753962;1,0;0,0106491974292899;0,0210739739493733;0,0504344982714328;0,0;0,98935080257071;0,5011;0,8817408206319483;0,98935080257071;0,2369162974721031;0,0;0,0;0,0;0,0;0,0;1,0;0,5092222329162657;0,880078160564049;1,0
ToN-IoT;FGSM;distributive;2;5;1024;2;136,67429900169373;56,06241607666016;0,8457911819754055;0,2370347556208391;0,8571428571428571;0,0001862833369555;0,0003724857213806;0,0028490496450596;0,0001;0,9998137166630444;0,5002;0,8815780120838763;0,9998137166630444;0,2285768438010851;0,0;0,0;0,0;-0,164579562452032;0,0352;1,0;0,50185;0,8818766005880679;1,0
ToN-IoT;RANDOM_LINF;distributive;2;5;1024;2;136,67429900169373;9,09763216972351;-0,0047383259494437;0,2370347556208391;0,8571428571428571;0,0001862833369555;0,0003724857213806;0,0028490496450596;0,0001;0,9998137166630444;0,5002;0,8815780120838763;0,9998137166630444;0,2370821388803335;0,6842105263157895;0,0004036138967369;0,000806751892764;-0,0039365684764614;0,0006;0,9995963861032632;0,5000785153218044;0,8790187058451563;0,9995963861032632
ToN-IoT;RANDOM_L2;distributive;2;5;1024;2;136,67429900169373;8,982530355453491;-0,0213224667724915;0,2370347556208391;0,8571428571428571;0,0001862833369555;0,0003724857213806;0,0028490496450596;0,0001;0,9998137166630444;0,5002;0,8815780120838763;0,9998137166630444;0,237247980288564;0,7916666666666666;0,0005898972336924;0,0011789160177457;0,0016034310930513;0,0005;0,9994101027663076;0,5002340619081622;0,8788967333608196;0,9994101027663076
ToN-IoT;C&W;distributive;2;5;1024;2;136,67429900169373;7,480032682418823;0,0118458148736039;0,2370347556208391;0,8571428571428571;0,0001862833369555;0,0003724857213806;0,0028490496450596;0,0001;0,9998137166630444;0,5002;0,8815780120838763;0,9998137166630444;0,2369162974721031;0,0;0,0;0,0;0,0;0,0;1,0;0,4937647272501475;0,8739248315078612;1,0
ToN-IoT;FGSM;distributive;2;5;1024;3;139,71812772750854;57,20286321640015;1,0803383164727898;0,2369162974721031;0,5;9,314166847775466e-05;0,0001862486419369;-0,0073775871934159;0,0003;0,9999068583315224;0,50115;0,8817498696249941;0,9999068583315224;0,2261129143073752;0,1586826347305389;0,0032910056195473;0,0064482769109103;-0,1802567029358174;0,0562;0,9967089943804528;0,5023107671768761;0,776894305684956;0,9967089943804528
ToN-IoT;RANDOM_LINF;distributive;2;5;1024;3;139,71812772750854;8,78455114364624;-1,705797341799145;0,2369162974721031;0,5;9,314166847775466e-05;0,0001862486419369;-0,0073775871934159;0,0003;0,9999068583315224;0,50115;0,8817498696249941;0,9999068583315224;0,2539742708900945;0,7560455192034139;0,033003197863951;0,0632455748921612;-0,0030727245470996;0,0343;0,9669968021360488;0,4989211431587444;0,7635506381409796;0,9669968021360488
ToN-IoT;RANDOM_L2;distributive;2;5;1024;3;139,71812772750854;8,673845767974854;-1,8763770759790548;0,2369162974721031;0,5;9,314166847775466e-05;0,0001862486419369;-0,0073775871934159;0,0003;0,9999068583315224;0,50115;0,8817498696249941;0,9999068583315224;0,2556800682318936;0,7727272727272727;0,0348349840106802;0,0666646861352901;0,0042809138900024;0,033;0,9651650159893198;0,502240870564128;0,7728792598975093;0,9651650159893198
ToN-IoT;C&W;distributive;2;5;1024;3;139,71812772750854;6,675181150436401;-0,1611030822810305;0,2369162974721031;0,5;9,314166847775466e-05;0,0001862486419369;-0,0073775871934159;0,0003;0,9999068583315224;0,50115;0,8817498696249941;0,9999068583315224;0,2385273282949134;0,5469613259668509;0,0122947002390636;0,0240488264051255;-0,0671490561949339;0,0328;0,9877052997609364;0,486189574342575;0,6633690254056338;0,9877052997609364
ToN-IoT;FGSM;distributive;2;5;2048;2;137,3919608592987;56,590009927749634;2,3431021819991016;0,2385510199246606;0,9859154929577464;0,0021733055978142;0,0043370508054522;0,021512248558248;0,0001;0,9978266944021856;0,5005999999999999;0,8816503542905894;0,9978266944021856;0,2151199981046696;0,0021645021645021;6,209444565183644e-05;0,0001207255606193;-0,2677286366333369;0,0922;0,999937905554348;0,4969896084945202;0,5264301846659717;0,999937905554348
ToN-IoT;RANDOM_LINF;distributive;2;5;2048;2;137,3919608592987;8,808486938476562;-1,5849700300883702;0,2385510199246606;0,9859154929577464;0,0021733055978142;0,0043370508054522;0,021512248558248;0,0001;0,9978266944021856;0,5005999999999999;0,8816503542905894;0,9978266944021856;0,2544007202255443;0,7558945908460472;0,0338414728802508;0,0647826216159995;-0,0031799473268096;0,0352;0,9661585271197493;0,4978170278493588;0,758322532842566;0,9661585271197493
ToN-IoT;RANDOM_L2;distributive;2;5;2048;2;137,3919608592987;8,83641266822815;-1,599185007936696;0,2385510199246606;0,9859154929577464;0,0021733055978142;0,0043370508054522;0,021512248558248;0,0001;0,9978266944021856;0,5005999999999999;0,8816503542905894;0,9978266944021856;0,2545428700040276;0,7623413258110014;0,0335620478748176;0,0642935736164391;-0,0003255342771735;0,0337;0,9664379521251824;0,49500931727157;0,7614379758896095;0,9664379521251824
ToN-IoT;C&W;distributive;2;5;2048;2;137,3919608592987;7,423185348510742;0,1634722452557524;0,2385510199246606;0,9859154929577464;0,0021733055978142;0,0043370508054522;0,021512248558248;0,0001;0,9978266944021856;0,5005999999999999;0,8816503542905894;0,9978266944021856;0,2369162974721031;0,0;0,0;0,0;0,0;0,0;1,0;0,501611788630507;0,878693238387377;1,0
ToN-IoT;FGSM;distributive;2;5;2048;3;140,34700870513916;57,18639826774597;1,990096898765664;0,2468667819659314;1,0;0,0130398335868856;0,0257439700879585;0,0558605278407672;0,0;0,9869601664131143;0,5003500000000001;0,8816051371972893;0,9869601664131143;0,2269658129782747;0,0070422535211267;9,314166847775466e-05;0,0001838516929676;-0,1795424049986567;0,0423;0,9999068583315224;0,5013808764631005;0,756807404840809;0,9999068583315224
ToN-IoT;RANDOM_LINF;distributive;2;5;2048;3;140,34700870513916;8,887276411056519;0,464355943045322;0,2468667819659314;1,0;0,0130398335868856;0,0257439700879585;0,0558605278407672;0,0;0,9869601664131143;0,5003500000000001;0,8816051371972893;0,9869601664131143;0,2422232225354782;0,7641509433962265;0,0100593001955975;0,0198571997671069;0,0002528433961142;0,01;0,9899406998044024;0,499053230463535;0,7627477294870011;0,9899406998044024
ToN-IoT;RANDOM_L2;distributive;2;5;2048;3;140,34700870513916;9,02191710472107;0,407496031652016;0,2468667819659314;1,0;0,0130398335868856;0,0257439700879585;0,0558605278407672;0,0;0,9869601664131143;0,5003500000000001;0,8816051371972893;0,9869601664131143;0,2427918216494112;0,7594142259414226;0,0112701418858083;0,0222106647902836;-0,0009236450684975;0,0115;0,9887298581141916;0,4995677838492346;0,7593718819157161;0,9887298581141916
ToN-IoT;C&W;distributive;2;5;2048;3;140,34700870513916;7,586257696151733;0,995048449382832;0,2468667819659314;1,0;0,0130398335868856;0,0257439700879585;0,0558605278407672;0,0;0,9869601664131143;0,5003500000000001;0,8816051371972893;0,9869601664131143;0,2369162974721031;0,0;0,0;0,0;0,0;0,0;1,0;0,5;0,8815418512639485;1,0
ToN-IoT;FGSM;distributive;2;10;1024;2;72,79976320266724;28,0466582775116;2,525527731052618;0,2372005970290696;1,0;0,000372566673911;0,0007448558393594;0,0093963939031452;0,0;0,9996274333260888;0,50075;0,8816774896904773;0,9996274333260888;0,2119453197185434;0,0028301886792452;9,314166847775466e-05;0,0001803480717785;-0,2869777117898059;0,1057;0,9999068583315224;0,5222767471824644;0,687340434808927;0,9999068583315224
ToN-IoT;RANDOM_LINF;distributive;2;10;1024;2;72,79976320266724;4,52742338180542;-0,52358501741335;0,2372005970290696;1,0;0,000372566673911;0,0007448558393594;0,0093963939031452;0,0;0,9996274333260888;0,50075;0,8816774896904773;0,9996274333260888;0,2424364472032031;0,7422037422037422;0,0110838585488528;0,0218415417558886;-0,0052723576734965;0,0124;0,9889161414511471;0,4963681967772982;0,7520689923619419;0,9889161414511471
ToN-IoT;RANDOM_L2;distributive;2;10;1024;2;72,79976320266724;4,590255737304688;-0,6183515364021896;0,2372005970290696;1,0;0,000372566673911;0,0007448558393594;0,0093963939031452;0,0;0,9996274333260888;0,50075;0,8816774896904773;0,9996274333260888;0,2433841123930915;0,7768762677484787;0,0118910863423266;0,023423643813834;0,0035264166141927;0,011;0,9881089136576732;0,4931775963240087;0,7649278674508739;0,9881089136576732
ToN-IoT;C&W;distributive;2;10;1024;2;72,79976320266724;3,8073463439941406;0,0284299556966516;0,2372005970290696;1,0;0,000372566673911;0,0007448558393594;0,0093963939031452;0,0;0,9996274333260888;0,50075;0,8816774896904773;0,9996274333260888;0,2369162974721031;0,0;0,0;0,0;0,0;0,0;1,0;0,5046876369958707;0,8773167253356807;1,0
ToN-IoT;FGSM;distributive;2;10;1024;3;73,74271202087402;29,054966926574707;1,343315406666823;0,2370347556208391;1,0;0,0001552361141295;0,0003104240392375;0,0060648431603279;0,0;0,9998447638858704;0,5006999999999999;0,8816684441284512;0,9998447638858704;0,2236016015541709;0,00177304964539;3,104722282591822e-05;6,102584444512251e-05;-0,2083706123709232;0,0563;0,999968952777174;0,500924840882983;0,6356329154988933;0,999968952777174
ToN-IoT;RANDOM_LINF;distributive;2;10;1024;3;73,74271202087402;4,648591041564941;-0,9571418417872984;0,2370347556208391;1,0;0,0001552361141295;0,0003104240392375;0,0060648431603279;0,0;0,9998447638858704;0,5006999999999999;0,8816684441284512;0,9998447638858704;0,2466061740387121;0,7925608011444921;0,0172001614455586;0,0336696244074389;0,0089962889913971;0,0145;0,9827998385544412;0,4990893228600702;0,7743107147023891;0,9827998385544412
ToN-IoT;RANDOM_L2;distributive;2;10;1024;3;73,74271202087402;4,576782941818237;-0,8813286265962256;0,2370347556208391;1,0;0,0001552361141295;0,0003104240392375;0,0060648431603279;0,0;0,9998447638858704;0,5006999999999999;0,8816684441284512;0,9998447638858704;0,2458480418868014;0,7809239940387481;0,0162687447607811;0,0318734793187347;0,0053328191763637;0,0147;0,9837312552392188;0,498767456301034;0,7692215615271096;0,9837312552392188
ToN-IoT;C&W;distributive;2;10;1024;3;73,74271202087402;3,833766222000122;0,0118458148736039;0,2370347556208391;1,0;0,0001552361141295;0,0003104240392375;0,0060648431603279;0,0;0,9998447638858704;0,5006999999999999;0,8816684441284512;0,9998447638858704;0,2369162974721031;0,0;0,0;0,0;0,0;0,0;1,0;0,4997504113757025;0,8738520852233639;1,0
ToN-IoT;FGSM;distributive;2;10;2048;2;72,6248676776886;28,309430837631226;1,665521571228884;0,2379587291809803;0,9583333333333334;0,0014281722499922;0,0028520941191059;0,0154942953754522;0,0002;0,9985718277500076;0,5019;0,8818856560195395;0,9985718277500076;0,2213035134686915;0,1367144432194046;0,0038498556304138;0,0074888271530378;-0,2183056521832153;0,0783;0,9961501443695862;0,5180648685150112;0,7663748767730009;0,9961501443695862
ToN-IoT;RANDOM_LINF;distributive;2;10;2048;2;72,6248676776886;4,490525722503662;-1,6655215712288869;0,2379587291809803;0,9583333333333334;0,0014281722499922;0,0028520941191059;0,0154942953754522;0,0002;0,9985718277500076;0,5019;0,8818856560195395;0,9985718277500076;0,2546139448932692;0,7888631090487239;0,0316681672824365;0,0608918870515193;0,0107780956882093;0,0273;0,9683318327175634;0,4984464699307647;0,773991140625024;0,9683318327175634
ToN-IoT;RANDOM_L2;distributive;2;10;2048;2;72,6248676776886;4,50648307800293;-1,6276149636333477;0,2379587291809803;0,9583333333333334;0,0014281722499922;0,0028520941191059;0,0154942953754522;0,0002;0,9985718277500076;0,5019;0,8818856560195395;0,9985718277500076;0,2542348788173138;0,7844357976653696;0,0312956006085255;0,0601898847554785;0,0088985544889491;0,0277;0,9687043993914743;0,4986177295165948;0,7725408619403399;0,9687043993914743
ToN-IoT;C&W;distributive;2;10;2048;2;72,6248676776886;3,786890745162964;0,5899215807055352;0,2379587291809803;0,9583333333333334;0,0014281722499922;0,0028520941191059;0,0154942953754522;0,0002;0,9985718277500076;0,5019;0,8818856560195395;0,9985718277500076;0,232059513373925;0,0883534136546184;0,0006830389021702;0,0013555980035738;-0,1222442899889338;0,0227;0,9993169610978296;0,4908928793194448;0,4380963581191987;0,9993169610978296
ToN-IoT;FGSM;distributive;2;10;2048;3;73,63006949424744;28,99413132667541;3,9517638418346825;0,2371058305100808;0,8333333333333334;0,0003104722282591;0,0006207131994661;0,0027861873988476;0,0002;0,9996895277717408;0,5013000000000001;0,8817770191783421;0,9996895277717408;0,1975881920917339;0,0589798087141339;0,0034462417336769;0,0065119826347129;-0,3577379717882987;0,1771;0,9965537582663232;0,520134134869136;0,8066667389513609;0,9965537582663232
ToN-IoT;RANDOM_LINF;distributive;2;10;2048;3;73,63006949424744;4,753329515457153;-3,387903053851074;0,2371058305100808;0,8333333333333334;0,0003104722282591;0,0006207131994661;0,0027861873988476;0,0002;0,9996895277717408;0,5013000000000001;0,8817770191783421;0,9996895277717408;0,2709848610485915;0,7711161387631976;0,0634915706790027;0,11732308310146;0,0048914634786348;0,0607;0,9365084293209972;0,4956944611754478;0,7648821510736697;0,9365084293209972
ToN-IoT;RANDOM_L2;distributive;2;10;2048;3;73,63006949424744;4,746330738067627;-3,3760572389774675;0,2371058305100808;0,8333333333333334;0,0003104722282591;0,0006207131994661;0,0027861873988476;0,0002;0,9996895277717408;0,5013000000000001;0,8817770191783421;0,9996895277717408;0,2708664028998555;0,7648798521256932;0,0642367040268248;0,1185197914876553;0,0011054065820972;0,0636;0,9357632959731752;0,4959758763078642;0,7629057075930034;0,9357632959731752
ToN-IoT;C&W;distributive;2;10;2048;3;73,63006949424744;3,8168115615844727;0,0189533037977696;0,2371058305100808;0,8333333333333334;0,0003104722282591;0,0006207131994661;0,0027861873988476;0,0002;0,9996895277717408;0,5013000000000001;0,8817770191783421;0,9996895277717408;0,2369162974721031;0,0;0,0;0,0;0,0;0,0;1,0;0,4994966981278524;0,8751552971044787;1,0
ToN-IoT;FGSM;distributive;2;15;1024;2;51,819721937179565;19,69743633270264;1,869269587054892;0,2404937335639318;1,0;0,0046881306467136;0,0093325092707045;0,0333868575854437;0,0;0,9953118693532864;0,50145;0,8818041725936463;0,9953118693532864;0,2218010376933829;0,0031152647975077;6,209444565183644e-05;0,000121761894615;-0,2221289540881359;0,064;0,999937905554348;0,5208845726349778;0,4380064731723851;0,999937905554348
ToN-IoT;RANDOM_LINF;distributive;2;15;1024;2;51,819721937179565;3,1610703468322754;-2,6179250870667388;0,2404937335639318;1,0;0,0046881306467136;0,0093325092707045;0,0333868575854437;0,0;0,9953118693532864;0,50145;0,8818041725936463;0,9953118693532864;0,2666729844345992;0,7823741007194245;0,0540221677170977;0,1010658380042401;0,0106998201084794;0,0484;0,9459778322829024;0,4962575320562575;0,7699005588224533;0,9459778322829024
ToN-IoT;RANDOM_L2;distributive;2;15;1024;2;51,819721937179565;3,345581293106079;-2,3739013006704752;0,2404937335639318;1,0;0,0046881306467136;0,0093325092707045;0,0333868575854437;0,0;0,9953118693532864;0,50145;0,8818041725936463;0,9953118693532864;0,2642327465706366;0,759567762269248;0,052376664907324;0,0979959337786813;-0,0019488004314895;0,0534;0,947623335092676;0,4931868251109938;0,7593000350112532;0,947623335092676
ToN-IoT;C&W;distributive;2;15;1024;2;51,819721937179565;2,5985751152038574;0,3577436091828756;0,2404937335639318;1,0;0,0046881306467136;0,0093325092707045;0,0333868575854437;0,0;0,9953118693532864;0,50145;0,8818041725936463;0,9953118693532864;0,2369162974721031;0,0;0,0;0,0;0,0;0,0;1,0;0,5063159179111429;0,8714319483443778;1,0
ToN-IoT;FGSM;distributive;2;15;1024;3;52,67744183540344;19,37778186798096;5,205051055462107;0,259778720178161;0,9948717948717948;0,0301158061411406;0,0584619093539054;0,0838266553191789;0,0005;0,9698841938588594;0,50125;0,8817679688981604;0,9698841938588594;0,20772820962354;0,1898288016112789;0,0117048030053711;0,0220500073110103;-0,2995826177753242;0,1609;0,9882951969946288;0,5267386103263064;0,8366470582767758;0,9882951969946288
ToN-IoT;RANDOM_LINF;distributive;2;15;1024;3;52,67744183540344;3,089752435684204;-0,5685991139330493;0,259778720178161;0,9948717948717948;0,0301158061411406;0,0584619093539054;0,0838266553191789;0,0005;0,9698841938588594;0,50125;0,8817679688981604;0,9698841938588594;0,2654647113174915;0,7698163905060457;0,0533701760377534;0,0998199872248998;0,003742394994632;0,0514;0,9466298239622466;0,4997465537582663;0,7662232900217173;0,9466298239622466
ToN-IoT;RANDOM_L2;distributive;2;15;1024;3;52,67744183540344;3,071799993515014;-0,5070008765903022;0,259778720178161;0,9948717948717948;0,0301158061411406;0,0584619093539054;0,0838266553191789;0,0005;0,9698841938588594;0,50125;0,8817679688981604;0,9698841938588594;0,2648487289440641;0,752895752895753;0,0544878760594864;0,101621308627678;-0,0057930554284465;0,0576;0,9455121239405136;0,4947821664752087;0,7571146088808932;0,9455121239405136
ToN-IoT;C&W;distributive;2;15;1024;3;52,67744183540344;2,664886474609375;2,544481034850388;0,259778720178161;0,9948717948717948;0,0301158061411406;0,0584619093539054;0,0838266553191789;0,0005;0,9698841938588594;0,50125;0,8817679688981604;0,9698841938588594;0,2343339098296571;0,3127147766323024;0,0028252972771585;0,0056;-0,0882533252925935;0,02;0,9971747027228416;0,4754250442422924;0,5641837885724877;0,9971747027228416
ToN-IoT;FGSM;distributive;2;15;2048;2;52,070072650909424;19,2217071056366;3,198370015873392;0,237129522139828;0,8;0,000372566673911;0,0007447864945382;0,0016370232952492;0,0003;0,9996274333260888;0,5021;0,8819218820404582;0,9996274333260888;0,205145821981094;0,0029651593773165;0,0001241888913036;0,0002383932296322;-0,3248288267024647;0,1345;0,9998758111086964;0,5296584634729423;0,5427188633859397;0,9998758111086964
ToN-IoT;RANDOM_LINF;distributive;2;15;2048;2;52,070072650909424;3,217411756515503;-1,8858537278779424;0,237129522139828;0,8;0,000372566673911;0,0007447864945382;0,0016370232952492;0,0003;0,9996274333260888;0,5021;0,8819218820404582;0,9996274333260888;0,2559880594186074;0,7820602662929222;0,0346487006737247;0,0663574741348555;0,0083485632721556;0,0311;0,9653512993262752;0,4976545872271724;0,7692743561221721;0,9653512993262752
ToN-IoT;RANDOM_L2;distributive;2;15;2048;2;52,070072650909424;3,1216671466827397;-1,7579189272430047;0,237129522139828;0,8;0,000372566673911;0,0007447864945382;0,0016370232952492;0,0003;0,9996274333260888;0,5021;0,8819218820404582;0,9996274333260888;0,254708711412258;0,7609451007644198;0,0339967089943804;0,0650855920114122;-0,0009449447234702;0,0344;0,9660032910056195;0,4994971017417492;0,7623369447312216;0,9660032910056195
ToN-IoT;C&W;distributive;2;15;2048;2;52,070072650909424;2,5442087650299072;-0,1776872231040782;0,237129522139828;0,8;0,000372566673911;0,0007447864945382;0,0016370232952492;0,0003;0,9996274333260888;0,5021;0,8819218820404582;0,9996274333260888;0,2389063943708687;0,5289256198347108;0,0238442671303051;0,0456314429161344;-0,1039460042218058;0,0684;0,9761557328696948;0,4693052718184359;0,6636910606303484;0,9761557328696948
ToN-IoT;FGSM;distributive;2;15;2048;3;52,68200039863586;19,770748615264893;5,2405885000829215;0,2427444383899168;0,9730769230769232;0,0078549473749573;0,0155840955988789;0,0388819094360919;0,0007;0,9921450526250428;0,50215;0,8819309396195987;0,9921450526250428;0,1903385533890876;0,0060301507537688;0,000372566673911;0,0007017749056989;-0,3960535841715344;0,1978;0,9996274333260888;0,51153039988823;0,4143369664036626;0,9996274333260888
ToN-IoT;RANDOM_LINF;distributive;2;15;2048;3;52,68200039863586;3,123661756515503;-1,1158757610936014;0,2427444383899168;0,9730769230769232;0,0078549473749573;0,0155840955988789;0,0388819094360919;0,0007;0,9921450526250428;0,50215;0,8819309396195987;0,9921450526250428;0,2539031960008528;0,7626373626373626;0,0323201589617808;0,0620122714004884;-0,0001919041368875;0,0324;0,9676798410382192;0,4962017541680896;0,7608609797861166;0,9676798410382192
ToN-IoT;RANDOM_L2;distributive;2;15;2048;3;52,68200039863586;3,0787816047668457;-1,137198227866096;0,2427444383899168;0,9730769230769232;0,0078549473749573;0,0155840955988789;0,0388819094360919;0,0007;0,9921450526250428;0,50215;0,8819309396195987;0,9921450526250428;0,2541164206685778;0,7592857142857142;0,033003197863951;0,0632568657204915;-0,0016544593453181;0,0337;0,9669968021360488;0,4963015865130863;0,7602395137611565;0,9669968021360488
ToN-IoT;C&W;distributive;2;15;2048;3;52,68200039863586;2,5950725078582764;1,452296903503994;0,2427444383899168;0,9730769230769232;0,0078549473749573;0,0155840955988789;0,0388819094360919;0,0007;0,9921450526250428;0,50215;0,8819309396195987;0,9921450526250428;0,2282214693548769;0,1693693693693693;0,0029184389456363;0,005738005127579;-0,1611803562080698;0,0461;0,9970815610543636;0,4636588639821167;0,5255588550913071;0,9970815610543636
ToN-IoT;FGSM;distributive;2;20;1024;2;41,42248010635376;14,80049204826355;4,134189390888202;0,2476959890070838;0,989247311827957;0,0142817224999223;0,0281569443594295;0,0561395095705486;0,0005;0,9857182775000776;0,5038;0,8822300809341845;0,9857182775000776;0,2063540950982018;0,1192443919716647;0,0062715390108354;0,0119163495855823;-0,3096297723475945;0,1492;0,9937284609891646;0,5202431509826446;0,7899120592098069;0,9937284609891646
ToN-IoT;RANDOM_LINF;distributive;2;20;1024;2;41,42248010635376;2,4484639167785645;-1,1703665095121858;0,2476959890070838;0,989247311827957;0,0142817224999223;0,0281569443594295;0,0561395095705486;0,0005;0,9857182775000776;0,5038;0,8822300809341845;0,9857182775000776;0,2593996541022056;0,7597153804050356;0,0430935452823744;0,0815607004348337;-0,0016850214029436;0,0439;0,9569064547176256;0,4968986463410848;0,7611476599241912;0,9569064547176256
ToN-IoT;RANDOM_L2;distributive;2;20;1024;2;41,42248010635376;2,4025866985321045;-1,26039470255159;0,2476959890070838;0,989247311827957;0,0142817224999223;0,0281569443594295;0,0561395095705486;0,0005;0,9857182775000776;0,5038;0,8822300809341845;0,9857182775000776;0,2602999360325997;0,7623604465709729;0,0445217175323667;0,0841302434731592;-0,0003673664717923;0,0447;0,9554782824676332;0,4938346114440063;0,760540131783722;0,9554782824676332
ToN-IoT;C&W;distributive;2;20;1024;2;41,42248010635376;2,0186116695404053;1,0779691534980709;0,2476959890070838;0,989247311827957;0,0142817224999223;0,0281569443594295;0,0561395095705486;0,0005;0,9857182775000776;0,5038;0,8822300809341845;0,9857182775000776;0,2369162974721031;0,0;0,0;0,0;0,0;0,0;1,0;0,496318929491757;0,8623634014386089;1,0
ToN-IoT;FGSM;distributive;2;20;1024;3;51,289947509765625;15,157049179077148;3,0846501930867825;0,2372005970290696;0,9285714285714286;0,0004036138967369;0,0008068770753809;0,0070895023866893;0,0001;0,9995963861032632;0,502;0,8819037681709312;0,9995963861032632;0,2063540950982018;0,076215505913272;0,0036014778478065;0,0068779461029913;-0,3124419519258111;0,1406;0,9963985221521936;0,5285615775093917;0,560692539949941;0,9963985221521936
ToN-IoT;RANDOM_LINF;distributive;2;20;1024;3;51,289947509765625;2,657904624938965;-2,807458125044424;0,2372005970290696;0,9285714285714286;0,0004036138967369;0,0008068770753809;0,0070895023866893;0,0001;0,9995963861032632;0,502;0,8819037681709312;0,9995963861032632;0,2652751782795138;0,7567567567567568;0,0547673010649197;0,1021424435437174;-0,0035976176628659;0,0567;0,9452326989350802;0,5000138144617964;0,7593345533135683;0,9452326989350802
ToN-IoT;RANDOM_L2;distributive;2;20;1024;3;51,289947509765625;2,3697152137756348;-2,833518917766356;0,2372005970290696;0,9285714285714286;0,0004036138967369;0,0008068770753809;0,0070895023866893;0,0001;0,9995963861032632;0,502;0,8819037681709312;0,9995963861032632;0,2655357862067332;0,7592274678111588;0,0549225371790493;0,1024349286314021;-0,0021922280653352;0,0561;0,9450774628209506;0,4931058896581701;0,7583311364885849;0,9450774628209506
ToN-IoT;C&W;distributive;2;20;1024;3;51,289947509765625;2,046536922454834;-0,5022625506408585;0,2372005970290696;0,9285714285714286;0,0004036138967369;0,0008068770753809;0,0070895023866893;0,0001;0,9995963861032632;0,502;0,8819037681709312;0,9995963861032632;0,2422232225354782;0,5515653775322283;0,03719457294545;0,069689654169454;-0,1158680205088997;0,0974;0,96280542705455;0,4737772641187245;0,6704829961328302;0,96280542705455
ToN-IoT;FGSM;distributive;2;20;2048;2;40,91280698776245;15,219900846481323;5,619654576038285;0,2498045440545855;0,9927536231884058;0,0170138781086031;0,033454412258478;0,0621793398001002;0,0004;0,9829861218913968;0,5052;0,8824842655266596;0,9829861218913968;0,1936079982942026;0,0043383947939262;0,0002483777826073;0,0004698558129973;-0,3814085643467677;0,1836;0,9997516222173928;0,5045323869104908;0,4477592089538587;0,9997516222173928
ToN-IoT;RANDOM_LINF;distributive;2;20;2048;2;40,91280698776245;2,765617609024048;-1,0471700348266944;0,2498045440545855;0,9927536231884058;0,0170138781086031;0,033454412258478;0,0621793398001002;0,0004;0,9829861218913968;0,5052;0,8824842655266596;0,9829861218913968;0,2602762444028524;0,7735849056603774;0,04327982861933;0,0819734791685043;0,0052156037796196;0,0408;0,95672017138067;0,4929507047719581;0,7656314251938919;0,95672017138067
ToN-IoT;RANDOM_L2;distributive;2;20;2048;2;40,91280698776245;2,4075729846954346;-0,997417612357554;0,2498045440545855;0,9927536231884058;0,0170138781086031;0,033454412258478;0,0621793398001002;0,0004;0,9829861218913968;0,5052;0,8824842655266596;0,9829861218913968;0,259778720178161;0,7743035815804434;0,0422863174889006;0,0801931229392369;0,0055027308939269;0,0397;0,9577136825110992;0,4951133751435933;0,7663820531229675;0,9577136825110992
ToN-IoT;C&W;distributive;2;20;2048;2;40,91280698776245;2,0245957374572754;0,9713568196356244;0,2498045440545855;0,9927536231884058;0,0170138781086031;0,033454412258478;0,0621793398001002;0,0004;0,9829861218913968;0,5052;0,8824842655266596;0,9829861218913968;0,2400909758582292;0,5825123152709359;0,0146853363966593;0,0286484358438569;-0,0594783561310833;0,0339;0,9853146636033406;0,483999242447763;0,6812237855696202;0,9853146636033406
ToN-IoT;FGSM;distributive;2;20;2048;3;51,338255405426025;15,019418001174929;5,1197611883721486;0,240517425193679;0,9691358024691358;0,0048744139836691;0,0097000401594019;0,0300803916959398;0,0005;0,9951255860163308;0,505;0,8824479327459688;0,9951255860163308;0,1893198133099576;0,0019831432821021;0,0001241888913036;0,000233740431251;-0,4009974618637206;0,2013;0,9998758111086964;0,4955695861405196;0,5262713758716807;0,9998758111086964
ToN-IoT;RANDOM_LINF;distributive;2;20;2048;3;51,338255405426025;2,6399526596069336;-0,3814352389300862;0,240517425193679;0,9691358024691358;0,0048744139836691;0,0097000401594019;0,0300803916959398;0,0005;0,9951255860163308;0,505;0,8824479327459688;0,9951255860163308;0,2443317775829799;0,7779751332149201;0,0135986835977521;0,0267301354815086;0,0040721185865684;0,0125;0,9864013164022478;0,4967819553540937;0,7666648531269475;0,9864013164022478
ToN-IoT;RANDOM_L2;distributive;2;20;2048;3;51,338255405426025;2,615061521530152;-0,3932810538036901;0,240517425193679;0,9691358024691358;0,0048744139836691;0,0097000401594019;0,0300803916959398;0,0005;0,9951255860163308;0,505;0,8824479327459688;0,9951255860163308;0,2444502357317159;0,7694915254237288;0,0140954391629668;0,0276837708466721;0,0017943498703753;0,0136;0,9859045608370332;0,4989598761215809;0,764772394656506;0,9859045608370332
ToN-IoT;C&W;distributive;2;20;2048;3;51,338255405426025;1,952829122543335;0,6823189367196586;0,240517425193679;0,9691358024691358;0,0048744139836691;0,0097000401594019;0,0300803916959398;0,0005;0,9951255860163308;0,505;0,8824479327459688;0,9951255860163308;0,2336942358264825;0,2638888888888889;0,0023595889347697;0,0046773548327537;-0,0973121199896991;0,0212;0,9976404110652304;0,4686810192803253;0,5563912674264776;0,9976404110652304
ToN-IoT;FGSM;distributive;4;5;1024;2;275,5901753902436;116,76676487922668;23,32677864910327;0,4518704541685422;0,9994495210833424;0,2818466888136856;0,4396977622784074;0,2910926723510429;0,0005;0,7181533111863144;0,6396792107795958;0,9145977129671248;0,7181533111863144;0,2186026676775095;0,0901378579003181;0,002639013940203;0,0051278957528957;-0,2392523529775004;0,0858;0,997360986059797;0,5089463007234003;0,5631903551411873;0,997360986059797
ToN-IoT;RANDOM_LINF;distributive;4;5;1024;2;275,5901753902436;17,0137140750885;12,222511786585798;0,4518704541685422;0,9994495210833424;0,2818466888136856;0,4396977622784074;0,2910926723510429;0,0005;0,7181533111863144;0,6396792107795958;0,9145977129671248;0,7181533111863144;0,3296453363026843;0,976851851851852;0,1244683163091061;0,2208024674359045;0,1649955126305985;0,0095;0,8755316836908938;0,5520206883169301;0,8704570963304917;0,8755316836908938
ToN-IoT;RANDOM_L2;distributive;4;5;1024;2;275,5901753902436;16,19437050819397;12,139591082470565;0,4518704541685422;0,9994495210833424;0,2818466888136856;0,4396977622784074;0,2910926723510429;0,0005;0,7181533111863144;0,6396792107795958;0,9145977129671248;0,7181533111863144;0,3304745433438366;0,9802967647774264;0,1251203079884504;0,2219162995594713;0,1678127793686889;0,0081;0,8748796920115496;0,5530803905740631;0,8721361049996318;0,8748796920115496
ToN-IoT;C&W;distributive;4;5;1024;2;275,5901753902436;15,3112313747406;21,495415669643915;0,4518704541685422;0,9994495210833424;0,2818466888136856;0,4396977622784074;0,2910926723510429;0,0005;0,7181533111863144;0,6396792107795958;0,9145977129671248;0,7181533111863144;0,2369162974721031;0,0;0,0;0,0;0,0;0,0;1,0;0,4981270079791363;0,8691781282500426;1,0
ToN-IoT;FGSM;distributive;4;5;1024;3;278,8265383243561;117,07232570648192;21,34615840223649;0,4493591414153379;0,999888504850039;0,2784314943028346;0,4355723930254019;0,2893000124746763;0,0001;0,7215685056971654;0,6398596960476886;0,9146303740690486;0,7215685056971654;0,235897557392973;0,4256055363321799;0,0038188084075879;0,0075696965967136;-0,0659022750498733;0,0166;0,996181191592412;0,5183726194541899;0,8065217876478026;0,996181191592412
ToN-IoT;RANDOM_LINF;distributive;4;5;1024;3;278,8265383243561;17,18073606491089;12,20118931981331;0,4493591414153379;0,999888504850039;0,2784314943028346;0,4355723930254019;0,2893000124746763;0,0001;0,7215685056971654;0,6398596960476886;0,9146303740690486;0,7215685056971654;0,3273472482172048;0,9685735330223424;0,1224812940482473;0,2174632048949892;0,1579415558787655;0,0128;0,8775187059517526;0,551031200906579;0,8600612548714484;0,8775187059517526
ToN-IoT;RANDOM_L2;distributive;4;5;1024;3;278,8265383243561;17,18173313140869;12,082731171077254;0,4493591414153379;0,999888504850039;0,2784314943028346;0,4355723930254019;0,2893000124746763;0,0001;0,7215685056971654;0,6398596960476886;0,9146303740690486;0,7215685056971654;0,3285318297045654;0,9653429602888086;0,1245304107547579;0,2206027939720602;0,1571846776353542;0,0144;0,875469589245242;0,5521206060417896;0,8589769255235346;0,875469589245242
ToN-IoT;C&W;distributive;4;5;1024;3;278,8265383243561;14,550899505615234;19,540856215499065;0,4493591414153379;0,999888504850039;0,2784314943028346;0,4355723930254019;0,2893000124746763;0,0001;0,7215685056971654;0,6398596960476886;0,9146303740690486;0,7215685056971654;0,2539505792603473;0,7637564196625092;0,0323201589617808;0,0620159656856904;0,0002890161380238;0,0322;0,9676798410382192;0,5047830715017542;0,7681622868351918;0,9676798410382192
ToN-IoT;FGSM;distributive;4;5;2048;2;277,811208486557;117,4476010799408;24,74590727096117;0,4511360136463787;0,9995580110497236;0,2808531776832562;0,4384982670447659;0,2905520767052905;0,0004;0,7191468223167438;0,6396070166723586;0,914584650693802;0,7191468223167438;0,203676940936767;0,0471271788250484;0,002266447266292;0,0043249007642632;-0,3286586861983825;0,1476;0,997733552733708;0,5077604675711757;0,5587921042378181;0,997733552733708
ToN-IoT;RANDOM_LINF;distributive;4;5;2048;2;277,811208486557;17,061537742614746;12,021132933734512;0,4511360136463787;0,9995580110497236;0,2808531776832562;0,4384982670447659;0,2905520767052905;0,0004;0,7191468223167438;0,6396070166723586;0,914584650693802;0,7191468223167438;0,3309246843090336;0,9659464537341474;0,1276972274830016;0,2255738064551512;0,1598122147034273;0,0145;0,8723027725169984;0,5523297618678009;0,8641212956870983;0,8723027725169984
ToN-IoT;RANDOM_L2;distributive;4;5;2048;2;277,811208486557;16,86058497428894;11,862399014428204;0,4511360136463787;0,9995580110497236;0,2808531776832562;0,4384982670447659;0,2905520767052905;0,0004;0,7191468223167438;0,6396070166723586;0,914584650693802;0,7191468223167438;0,3325120235020967;0,9600912200684152;0,1307088080971157;0,2300923648685577;0,1577612404602649;0,0175;0,8692911919028843;0,5529157518085007;0,8616772690555826;0,8692911919028843
ToN-IoT;C&W;distributive;4;5;2048;2;277,811208486557;14,876878261566162;19,822786609490866;0,4511360136463787;0,9995580110497236;0,2808531776832562;0,4384982670447659;0,2905520767052905;0,0004;0,7191468223167438;0,6396070166723586;0,914584650693802;0,7191468223167438;0,25290814755147;0,7263581488933601;0,0336241423204694;0,0642729970326409;-0,0165283840934783;0,0408;0,9663758576795306;0,4980068226272159;0,7500514422095029;0,9663758576795306
ToN-IoT;FGSM;distributive;4;5;2048;3;281,2712755203247;118,36630511283876;24,144139875382027;0,4540737757350328;0,99989092495637;0,2846098916451923;0,4430964062160137;0,2933743207959564;0,0001;0,7153901083548077;0,6397359123226427;0,9146071042979552;0,7153901083548077;0,2126323769812125;0,0725604670558799;0,0027011083858548;0,0052083333333333;-0,2776894920728034;0,1112;0,9972988916141452;0,48974548418144;0,3924811559965054;0,9972988916141452
ToN-IoT;RANDOM_LINF;distributive;4;5;2048;3;281,2712755203247;17,356213569641113;9,656708284962924;0,4540737757350328;0,99989092495637;0,2846098916451923;0,4430964062160137;0,2933743207959564;0,0001;0,7153901083548077;0,6397359123226427;0,9146071042979552;0,7153901083548077;0,3575066928854036;0,8943290982336536;0,1792045701511999;0,2985800377622016;0,1311434511775438;0,0682;0,8207954298488;0,5550429941941694;0,83526014098829;0,8207954298488
ToN-IoT;RANDOM_L2;distributive;4;5;2048;3;281,2712755203247;16,203837156295776;9,64960079603876;0,4540737757350328;0,99989092495637;0,2846098916451923;0,4430964062160137;0,2933743207959564;0,0001;0,7153901083548077;0,6397359123226427;0,9146071042979552;0,7153901083548077;0,3575777677746452;0,8921915909440936;0,1798565618305442;0,2993643739341636;0,1294674263748989;0,07;0,8201434381694558;0,5530085643764163;0,8329732841951097;0,8201434381694558
ToN-IoT;C&W;distributive;4;5;2048;3;281,2712755203247;15,551572799682615;18,706910848397264;0,4540737757350328;0,99989092495637;0,2846098916451923;0,4430964062160137;0,2933743207959564;0,0001;0,7153901083548077;0,6397359123226427;0,9146071042979552;0,7153901083548077;0,2670046672510602;0,7133736559139785;0,0659132540594243;0,1206764246127611;-0,032199662311124;0,0853;0,9340867459405756;0,4787304092023968;0,742915325865053;0,9340867459405756
ToN-IoT;FGSM;distributive;4;10;1024;2;140,00584387779236;57,39223575592041;23,98777511905044;0,4493591414153379;0,999888504850039;0,2784314943028346;0,4355723930254019;0,2893000124746763;0,0001;0,7215685056971654;0,6448619143717594;0,9155378301357432;0,7215685056971654;0,2094813902248335;0,1598119858989424;0,0084448446086497;0,0160419922738934;-0,2908333092565692;0,143;0,9915551553913502;0,5133188146170324;0,6346857890613948;0,9915551553913502
ToN-IoT;RANDOM_LINF;distributive;4;10;1024;2;140,00584387779236;8,110894203186035;11,435949678978414;0,4493591414153379;0,999888504850039;0,2784314943028346;0,4355723930254019;0,2893000124746763;0,0001;0,7215685056971654;0,6448619143717594;0,9155378301357432;0,7215685056971654;0,3349996446255538;0,871367061356297;0,1507963612654848;0,2570997538575549;0,0993375730340423;0,0717;0,8492036387345152;0,539591913750815;0,8140249543361261;0,8492036387345152
ToN-IoT;RANDOM_L2;distributive;4;10;1024;2;140,00584387779236;7,867543458938599;11,369613115686228;0,4493591414153379;0,999888504850039;0,2784314943028346;0,4355723930254019;0,2893000124746763;0,0001;0,7215685056971654;0,6448619143717594;0,9155378301357432;0,7215685056971654;0,3356630102584756;0,866643209007741;0,1529386196404731;0,2599952497822816;0,0960811819352372;0,0758;0,8470613803595268;0,5378127371231645;0,811520506099916;0,8470613803595268
ToN-IoT;C&W;distributive;4;10;1024;2;140,00584387779236;7,364881992340088;17,891918785093225;0,4493591414153379;0,999888504850039;0,2784314943028346;0,4355723930254019;0,2893000124746763;0,0001;0,7215685056971654;0,6448619143717594;0,9155378301357432;0,7215685056971654;0,2704399535644057;0,7293354943273906;0,069856251358316;0,1275004250014166;-0,0222881037760244;0,0835;0,930143748641684;0,5081950976435158;0,7489984477438973;0,930143748641684
ToN-IoT;FGSM;distributive;4;10;1024;3;142,22814297676086;57,82845377922058;24,02568172664597;0,4495012911938212;0,9998885793871868;0,2786177776397901;0,4358003108003108;0,2894229764186098;0,0001;0,7213822223602099;0,6407260253345338;0,9147872551905823;0,7213822223602099;0,2092444739273614;0,0680473372781065;0,0028563444999844;0,0054825541551205;-0,2973576247386751;0,126;0,9971436555000156;0,5148601695178368;0,4194209451549963;0,9971436555000156
ToN-IoT;RANDOM_LINF;distributive;4;10;1024;3;142,22814297676086;8,377671718597412;11,39567390840816;0,4495012911938212;0,9998885793871868;0,2786177776397901;0,4358003108003108;0,2894229764186098;0,0001;0,7213822223602099;0,6407260253345338;0,9147872551905823;0,7213822223602099;0,3355445521097396;0,9075778343450166;0,1439038777981309;0,248418908779076;0,1260813704438392;0,0472;0,856096122201869;0,5426701543046974;0,8384680078870306;0,856096122201869
ToN-IoT;RANDOM_L2;distributive;4;10;1024;3;142,22814297676086;8,280438661575317;11,388566419483992;0,4495012911938212;0,9998885793871868;0,2786177776397901;0,4358003108003108;0,2894229764186098;0,0001;0,7213822223602099;0,6407260253345338;0,9147872551905823;0,7213822223602099;0,3356156269989813;0,9004229142637448;0,1454251917166009;0,2504076341183074;0,1211028117686276;0,0518;0,854574808283399;0,5424384178335249;0,8362134685988645;0,854574808283399
ToN-IoT;C&W;distributive;4;10;1024;3;142,22814297676086;7,631193161010742;18,948565471818807;0,4495012911938212;0,9998885793871868;0,2786177776397901;0,4358003108003108;0,2894229764186098;0,0001;0,7213822223602099;0,6407260253345338;0,9147872551905823;0,7213822223602099;0,2600156364756331;0,7608346709470305;0,0441491508584557;0,0834556018545689;-0,001138541066617;0,0447;0,9558508491415444;0,5069035564593747;0,7686912978931467;0,9558508491415444
ToN-IoT;FGSM;distributive;4;10;2048;2;140,52912044525146;56,65758156776428;23,731905517780568;0,4525101281717169;0,999231950844854;0,2827470582756372;0,440771483193379;0,2914569999653356;0,0007;0,7172529417243627;0,6399679872085442;0,914649974446707;0,7172529417243627;0,2151910729939112;0,3463986599664991;0,0321028284019994;0,0587600159118031;-0,2703463940606256;0,1951;0,9678971715980006;0,5222553463317705;0,8571742022741412;0,9678971715980006
ToN-IoT;RANDOM_LINF;distributive;4;10;2048;2;140,52912044525146;8,286911725997925;10,94553294321116;0,4525101281717169;0,999231950844854;0,2827470582756372;0,440771483193379;0,2914569999653356;0,0007;0,7172529417243627;0,6399679872085442;0,914649974446707;0,7172529417243627;0,3430547987396053;0,8818615751789977;0,1606072836784749;0,2717268548916612;0,1122309469694531;0,0693;0,839392716321525;0,5449651199975163;0,8263638666796856;0,839392716321525
ToN-IoT;RANDOM_L2;distributive;4;10;2048;2;140,52912044525146;8,056530714035034;10,926579639413395;0,4525101281717169;0,999231950844854;0,2827470582756372;0,440771483193379;0,2914569999653356;0,0007;0,7172529417243627;0,6399679872085442;0,914649974446707;0,7172529417243627;0,3432443317775829;0,8786702666216673;0,1616628892545561;0,2730824701717582;0,1098633976072096;0,0719;0,8383371107454438;0,5409345726349779;0,8232616853450654;0,8383371107454438
ToN-IoT;C&W;distributive;4;10;2048;2;140,52912044525146;7,035762548446655;17,44177781989623;0,4525101281717169;0,999231950844854;0,2827470582756372;0,440771483193379;0,2914569999653356;0,0007;0,7172529417243627;0,6399679872085442;0,914649974446707;0,7172529417243627;0,2780923499727546;0,8201915991156964;0,0691111180104939;0,1274804570054119;0,0352084145817018;0,0488;0,930888881989506;0,5093359449222267;0,7945872403247423;0,930888881989506
ToN-IoT;FGSM;distributive;4;10;2048;3;142,525799036026;57,10688281059265;23,630031509867568;0,4632898197066976;0,9988514148480736;0,2969977335527337;0,4578566984157373;0,3003956708176498;0,0011;0,7030022664472663;0,6407723772858518;0,9147982489649096;0,7030022664472663;0,2269895046080219;0,4417246175243393;0,0493029898475581;0,0887051726064127;-0,2306131541856166;0,2007;0,950697010152442;0,5016623785277408;0,5800120273659902;0,950697010152442
ToN-IoT;RANDOM_LINF;distributive;4;10;2048;3;142,525799036026;7,954800367355347;11,504655405245328;0,4632898197066976;0,9988514148480736;0,2969977335527337;0,4578566984157373;0,3003956708176498;0,0011;0,7030022664472663;0,6407723772858518;0,9147982489649096;0,7030022664472663;0,3482432656542443;0,8702915681639086;0,1714427644447204;0,2864553613114073;0,1060546078886477;0,0823;0,8285572355552796;0,5416022881803223;0,8189970895026414;0,8285572355552796
ToN-IoT;RANDOM_L2;distributive;4;10;2048;3;142,525799036026;7,283632755279541;11,559146153663914;0,4632898197066976;0,9988514148480736;0,2969977335527337;0,4578566984157373;0,3003956708176498;0,0011;0,7030022664472663;0,6407723772858518;0,9147982489649096;0,7030022664472663;0,3476983581700585;0,8633820329499534;0,1724673227979757;0,2875035582123541;0,100037044693219;0,0879;0,8275326772020243;0,5380009267596014;0,8154395966728554;0,8275326772020243
ToN-IoT;C&W;distributive;4;10;2048;3;142,525799036026;7,03877329826355;17,517591035087303;0,4632898197066976;0,9988514148480736;0,2969977335527337;0,4578566984157373;0,3003956708176498;0,0011;0,7030022664472663;0,6407723772858518;0,9147982489649096;0,7030022664472663;0,2881139093558246;0,7553769794374853;0,0992269241516346;0,1754116355653128;-0,0060498090145044;0,1035;0,9007730758483654;0,5072955897419976;0,7645186782627669;0,9007730758483654
ToN-IoT;FGSM;distributive;4;15;1024;2;97,22413897514345;38,40971302986145;23,40496102726907;0,4500698903077543;0,9995558023320378;0,2794560526560899;0,4367933226573494;0,2896296411779409;0,0004;0,7205439473439101;0,6434333043559254;0,9152786619041332;0,7205439473439101;0,2160202800350636;0,2859223300970874;0,0182868142444658;0,0343750911902886;-0,2542014159512354;0,1471;0,981713185755534;0,5279997360986061;0,8182057032876504;0,981713185755534
ToN-IoT;RANDOM_LINF;distributive;4;15;1024;2;97,22413897514345;5,643470048904419;12,205927645762754;0,4500698903077543;0,9995558023320378;0,2794560526560899;0,4367933226573494;0,2896296411779409;0,0004;0,7205439473439101;0,6434333043559254;0,9152786619041332;0,7205439473439101;0,3280106138501267;0,8727942602288152;0,1397435499394579;0,2409142000749344;0,0962626034675012;0,0656;0,8602564500605421;0,5320018178148964;0,8090728397332005;0,8602564500605421
ToN-IoT;RANDOM_L2;distributive;4;15;1024;2;97,22413897514345;5,255991458892822;12,040086237532282;0,4500698903077543;0,9995558023320378;0,2794560526560899;0,4367933226573494;0,2896296411779409;0,0004;0,7205439473439101;0,6434333043559254;0,9152786619041332;0,7205439473439101;0,3296690279324314;0,8766596113142198;0,1414511471948834;0,2435972838582045;0,1000939307606145;0,0641;0,8585488528051166;0,5342675509950634;0,8116296354209857;0,8585488528051166
ToN-IoT;C&W;distributive;4;15;1024;2;97,22413897514345;4,968757390975952;21,39117249875619;0,4500698903077543;0,9995558023320378;0,2794560526560899;0,4367933226573494;0,2896296411779409;0,0004;0,7205439473439101;0,6434333043559254;0,9152786619041332;0,7205439473439101;0,2361581653201923;0,3857142857142857;0,0016765500325995;0,003338588518965;-0,0511995408829479;0,0086;0,9983234499674004;0,5183979757210717;0,6067948347440191;0,9983234499674004
ToN-IoT;FGSM;distributive;4;15;1024;3;98,969300031662;38,68350481987;23,34336278992632;0,4507332559406761;0,9994465965688988;0,2803564221180415;0,4378818737270876;0,2901087979556326;0,0005;0,7196435778819584;0,6406744760781148;0,9147770500386868;0,7196435778819584;0,2172996280414129;0,3422256097560975;0,0278804060976745;0,0515603020124594;-0,2548406568988712;0,1726;0,9721195939023254;0,5291139883262441;0,8206428488595837;0,9721195939023254
ToN-IoT;RANDOM_LINF;distributive;4;15;1024;3;98,969300031662;5,67288064956665;12,397829846715153;0,4507332559406761;0,9994465965688988;0,2803564221180415;0,4378818737270876;0,2901087979556326;0,0005;0,7196435778819584;0,6406744760781148;0,9147770500386868;0,7196435778819584;0,3267549574735246;0,8694466095089634;0,1385327082492471;0,2389866366728261;0,0930674192712574;0,067;0,8614672917507529;0,538258480548915;0,8098736943658762;0,8614672917507529
ToN-IoT;RANDOM_L2;distributive;4;15;1024;3;98,969300031662;5,299385070800781;12,151436897344164;0,4507332559406761;0,9994465965688988;0,2803564221180415;0,4378818737270876;0,2901087979556326;0,0005;0,7196435778819584;0,6406744760781148;0,9147770500386868;0,7196435778819584;0,3292188869672345;0,8727516264829698;0,141606383309013;0,2436757045545612;0,0969571181727277;0,0665;0,858393616690987;0,5362001179794468;0,8126466570233409;0,858393616690987
ToN-IoT;C&W;distributive;4;15;1024;3;98,969300031662;5,049051523208618;19,258925821507265;0,4507332559406761;0,9994465965688988;0,2803564221180415;0,4378818737270876;0,2901087979556326;0,0005;0,7196435778819584;0,6406744760781148;0,9147770500386868;0,7196435778819584;0,2581439977256035;0,7269503546099291;0,0445527647551926;0,0839598630898399;-0,018823319616931;0,0539;0,9554472352448072;0,5065079077276538;0,7549633971772232;0,9554472352448072
ToN-IoT;FGSM;distributive;4;15;2048;2;97,6034770011902;38,01870656013489;21,6067663294558;0,4499751237887654;0,9995556049327852;0,2793318637647862;0,4366415918466391;0,2895476259060325;0,0004;0,7206681362352138;0,6437067589804092;0,9153275408114284;0,7206681362352138;0,2339074604942074;0,4857399505951044;0,0671551429724611;0,1179968359609404;-0,224010403192088;0,229;0,9328448570275388;0,5087099180353318;0,6260111577346583;0,9328448570275388
ToN-IoT;RANDOM_LINF;distributive;4;15;2048;2;97,6034770011902;5,538239479064941;12,814802530266055;0,4499751237887654;0,9995556049327852;0,2793318637647862;0,4366415918466391;0,2895476259060325;0,0004;0,7206681362352138;0,6437067589804092;0,9153275408114284;0,7206681362352138;0,3218270984861048;0,8734889537307211;0,1301189108634232;0,2264976896262869;0,0929900831246229;0,0607;0,8698810891365767;0,5320764786239871;0,8097332550447383;0,8698810891365767
ToN-IoT;RANDOM_L2;distributive;4;15;2048;2;97,6034770011902;5,0994086265563965;12,653699447985028;0,4499751237887654;0,9995556049327852;0,2793318637647862;0,4366415918466391;0,2895476259060325;0,0004;0,7206681362352138;0,6437067589804092;0,9153275408114284;0,7206681362352138;0,3234381293089151;0,8738738738738738;0,1325095470210189;0,2301242822095813;0,0942552600362077;0,0616;0,867490452978981;0,5324128193983049;0,810077091911027;0,867490452978981
ToN-IoT;C&W;distributive;4;15;2048;2;97,6034770011902;5,011643648147583;16,408822762917858;0,4499751237887654;0,9995556049327852;0,2793318637647862;0,4366415918466391;0,2895476259060325;0,0004;0,7206681362352138;0,6437067589804092;0,9153275408114284;0,7206681362352138;0,2858868961595868;0,7276933245208196;0,1025489769940078;0,1797648851638184;-0,0288924203766711;0,1236;0,8974510230059921;0,4934695333602409;0,7535468771423295;0,8974510230059921
ToN-IoT;FGSM;distributive;4;15;2048;3;98,55856227874756;38,326879024505615;24,29102797981473;0,4493117581558435;0,999554218210186;0,2784625415256605;0,4355786508668836;0,288973421179008;0,0004;0,7215374584743395;0,6418912415784408;0,9150011254369564;0,7215374584743395;0,2064014783576962;0,2688442211055276;0,0232543698966127;0,0428061151593084;-0,3090079114871755;0,2037;0,9767456301033872;0,5173078844422367;0,5239046008725107;0,9767456301033872
ToN-IoT;RANDOM_LINF;distributive;4;15;2048;3;98,55856227874756;5,5312559604644775;12,53287213627426;0,4493117581558435;0,999554218210186;0,2784625415256605;0,4355786508668836;0,288973421179008;0,0004;0,7215374584743395;0,6418912415784408;0,9150011254369564;0,7215374584743395;0,323983036793101;0,8801986343885785;0,1320748859014561;0,2296852221802278;0,0990468571498229;0,0579;0,8679251140985439;0,5344745940575615;0,8161031325351547;0,8679251140985439
ToN-IoT;RANDOM_L2;distributive;4;15;2048;3;98,55856227874756;5,5582275390625;12,385984031841552;0,4493117581558435;0,999554218210186;0,2784625415256605;0,4355786508668836;0,288973421179008;0,0004;0,7215374584743395;0,6418912415784408;0,9150011254369564;0,7215374584743395;0,325451917837428;0,8745239526959311;0,1354590331894812;0,2345825044357223;0,0959570942643221;0,0626;0,8645409668105188;0,5299044676953645;0,8114364274886099;0,8645409668105188
ToN-IoT;C&W;distributive;4;15;2048;3;98,55856227874756;4,959821462631226;20,19474519652207;0,4493117581558435;0,999554218210186;0,2784625415256605;0,4355786508668836;0,288973421179008;0,0004;0,7215374584743395;0,6418912415784408;0,9150011254369564;0,7215374584743395;0,2473643061906228;0,6316417910447761;0,0328479617498214;0,0624483532050525;-0,0628417083350112;0,0617;0,9671520382501784;0,486307240212363;0,7077739152037942;0,9671520382501784
ToN-IoT;FGSM;distributive;4;20;1024;2;75,65490484237671;28,2472882270813;23,79824208107276;0,4617261721433817;0,998738568274992;0,294979664069049;0,4554431714682901;0,2989539457632785;0,0012;0,7050203359309509;0,6413550995063492;0,9149021472313084;0,7050203359309509;0,2237437513326541;0,435796766743649;0,0585861094725076;0,1032868989299105;-0,2602494426366875;0,2443;0,9414138905274924;0,5263204477009531;0,5432191258122181;0,9414138905274924
ToN-IoT;RANDOM_LINF;distributive;4;20;1024;2;75,65490484237671;3,9923582077026367;13,120424554005073;0,4617261721433817;0,998738568274992;0,294979664069049;0,4554431714682901;0,2989539457632785;0,0012;0,7050203359309509;0,6413550995063492;0,9149021472313084;0,7050203359309509;0,330521926603331;0,8565240931239848;0,1473501195318078;0,2514437086092715;0,0854282581537411;0,0795;0,8526498804681921;0,5267880281908784;0,8046326295915939;0,8526498804681921
ToN-IoT;RANDOM_L2;distributive;4;20;1024;2;75,65490484237671;3,810842514038086;13,084887109384251;0,4617261721433817;0,998738568274992;0,294979664069049;0,4554431714682901;0,2989539457632785;0,0012;0,7050203359309509;0,6413550995063492;0,9149021472313084;0,7050203359309509;0,3308773010495392;0,8538543897216274;0,1485609612220187;0,2530875624785126;0,0835297003610139;0,0819;0,8514390387779813;0,5251205517091496;0,8023443279948894;0,8514390387779813
ToN-IoT;C&W;distributive;4;20;1024;2;75,65490484237671;3,889647006988525;17,880072970219622;0,4617261721433817;0,998738568274992;0,294979664069049;0,4554431714682901;0,2989539457632785;0,0012;0,7050203359309509;0,6413550995063492;0,9149021472313084;0,7050203359309509;0,2829254424411855;0,7644335511982571;0,0871495544723524;0,1564616370781193;0,0009799725487275;0,0865;0,9128504455276476;0,4926546105125896;0,7649741454706217;0,9128504455276476
ToN-IoT;FGSM;distributive;4;20;1024;3;95,11257410049438;28,39485502243042;26,13186761117297;0,4541685422540216;0,9995641752015688;0,2848272222049737;0,4433276149515548;0,2931736222588828;0,0004;0,7151727777950262;0,643237334285448;0,9152401626057036;0,7151727777950262;0,1928498661422919;0,2825070159027128;0,0375050451737092;0,0662189941071673;-0,3794804387228745;0,3068;0,9624949548262908;0,4928622527864882;0,5894626644398668;0,9624949548262908
ToN-IoT;RANDOM_LINF;distributive;4;20;1024;3;95,11257410049438;3,822809934616089;12,127745267596955;0,4541685422540216;0,9995641752015688;0,2848272222049737;0,4433276149515548;0,2931736222588828;0,0004;0,7151727777950262;0,643237334285448;0,9152401626057036;0,7151727777950262;0,3328910895780521;0,8442971273159953;0,1542115557763358;0,2607896671217053;0,0768661098974881;0,0916;0,8457884442236642;0,5232943369865565;0,7965380302414694;0,8457884442236642
ToN-IoT;RANDOM_L2;distributive;4;20;1024;3;95,11257410049438;3,340096950531006;12,073254519178372;0,4541685422540216;0,9995641752015688;0,2848272222049737;0,4433276149515548;0,2931736222588828;0,0004;0,7151727777950262;0,643237334285448;0,9152401626057036;0,7151727777950262;0,3334359970622379;0,84029401937855;0,1561675308143686;0,2633852598507658;0,0738189605278242;0,0956;0,8438324691856314;0,5224334611444006;0,7945146327583269;0,8438324691856314
ToN-IoT;C&W;distributive;4;20;1024;3;95,11257410049438;3,854725360870361;15,527494136321634;0,4541685422540216;0,9995641752015688;0,2848272222049737;0,4433276149515548;0,2931736222588828;0,0004;0,7151727777950262;0,643237334285448;0,9152401626057036;0,7151727777950262;0,2988936008908053;0,7092130518234165;0,1376633860101214;0,2305712279971919;-0,0528307071070905;0,1818;0,8623366139898786;0,4775527942500543;0,7440729370465321;0,8623366139898786
ToN-IoT;FGSM;distributive;4;20;2048;2;75,5014967918396;27,90874671936035;23,11355398137838;0,4548555995166907;0,9995655479526449;0,2857275916669254;0,4444176163801429;0,2937671228781348;0,0004;0,7142724083330746;0,6434179701325716;0,9152750184457368;0,7142724083330746;0,2237200597029069;0,4361385003439578;0,0590518178148964;0,104019688269073;-0,2610135099773763;0,2459;0,9409481821851036;0,5016225527026608;0,5895773248413381;0,9409481821851036
ToN-IoT;RANDOM_LINF;distributive;4;20;2048;2;75,5014967918396;4,012813329696655;11,694188443223007;0,4548555995166907;0,9995655479526449;0,2857275916669254;0,4444176163801429;0,2937671228781348;0,0004;0,7142724083330746;0,6434179701325716;0,9152750184457368;0,7142724083330746;0,3379137150844606;0,8458542917410352;0,1618491725915117;0,2717085374752424;0,0804933558427896;0,095;0,8381508274084883;0,5293896845602162;0,8008038137231839;0,8381508274084883
ToN-IoT;RANDOM_L2;distributive;4;20;2048;2;75,5014967918396;4,064678192138672;11,786585799237132;0,4548555995166907;0,9995655479526449;0,2857275916669254;0,4444176163801429;0,2937671228781348;0,0004;0,7142724083330746;0,6434179701325716;0,9152750184457368;0,7142724083330746;0,3369897415243194;0,8382447149263292;0,1625011642708559;0,2722284347125062;0,073654702317415;0,101;0,8374988357291441;0,5224838135303796;0,7971063589190068;0,8374988357291441
ToN-IoT;C&W;distributive;4;20;2048;2;75,5014967918396;3,794883966445923;16,811580468620434;0,4548555995166907;0,9995655479526449;0,2857275916669254;0,4444176163801429;0,2937671228781348;0,0004;0,7142724083330746;0,6434179701325716;0,9152750184457368;0,7142724083330746;0,2867397948304864;0,759693751543591;0,0955012574125244;0,169672899773843;-0,0025970455480982;0,0973;0,9044987425874756;0,5111811232885217;0,7675273884853764;0,9044987425874756
ToN-IoT;FGSM;distributive;4;20;2048;3;95,74338173866272;29,07853412628174;21,765500248762116;0,4509227889786538;0,9996681048788584;0,280542705454997;0,4381303335919317;0,290462458358656;0,0003;0,719457294545003;0,6438872520103076;0,915360377432692;0,719457294545003;0,2332677864910327;0,4816229116945107;0,0626532956627029;0,1108821670925025;-0,219756137260062;0,2172;0,937346704337297;0,5086854140147163;0,6538900547272141;0,937346704337297
ToN-IoT;RANDOM_LINF;distributive;4;20;2048;3;95,74338173866272;4,0841124057769775;13,18202279134782;0,4509227889786538;0,9996681048788584;0,280542705454997;0,4381303335919317;0,290462458358656;0,0003;0,719457294545003;0,6438872520103076;0,915360377432692;0,719457294545003;0,3191025610651756;0,8590353963982612;0,1288459747275606;0,2240820734341252;0,0811296452986092;0,0681;0,8711540252724393;0,5252245428296438;0,8025844304908306;0,8711540252724393
ToN-IoT;RANDOM_L2;distributive;4;20;2048;3;95,74338173866272;3,879168510437012;12,795849226468286;0,4509227889786538;0,9996681048788584;0,280542705454997;0,4381303335919317;0,290462458358656;0,0003;0,719457294545003;0,6438872520103076;0,915360377432692;0,719457294545003;0,322964296713971;0,8606036536934074;0,1345586637275295;0,2327292253993824;0,0844187607354567;0,0702;0,8654413362724704;0,5251265810798225;0,8034384406692668;0,8654413362724704
ToN-IoT;C&W;distributive;4;20;2048;3;95,74338173866272;3,9434876441955566;19,58823947499349;0,4509227889786538;0,9996681048788584;0,280542705454997;0,4381303335919317;0,290462458358656;0,0003;0,719457294545003;0,6438872520103076;0,915360377432692;0,719457294545003;0,255040394228719;0,7152504220596511;0,039461020211742;0,0747955040310716;-0,0235845563116383;0,0506;0,960538979788258;0,504389945356888;0,7433627325153458;0,960538979788258
ToN-IoT;FGSM;distributive;8;5;1024;2;567,1931173801422;237,65484642982483;23,118292307327824;0,4533156435831221;0,9994531933508312;0,2837405694060666;0,4419993712668972;0,2923423321924857;0,0005;0,7162594305939334;0,6425155049830793;0,915111014671134;0,7162594305939334;0,2221327205098438;0,4187076602397082;0,0498928870812505;0,0891613726523705;-0,2561535030268525;0,2231;0,9501071129187494;0,5176921341860969;0,8271621147916493;0,9501071129187494
ToN-IoT;RANDOM_LINF;distributive;8;5;1024;2;567,1931173801422;34,046813011169434;13,518443933758206;0,4533156435831221;0,9994531933508312;0,2837405694060666;0,4419993712668972;0,2923423321924857;0,0005;0,7162594305939334;0,6425155049830793;0,915111014671134;0,7162594305939334;0,31813120424554;0,944041450777202;0,113136079977646;0,2020571682053841;0,1350237782869699;0,0216;0,886863920022354;0,5423484274581638;0,8477029517322987;0,886863920022354
ToN-IoT;RANDOM_L2;distributive;8;5;1024;2;567,1931173801422;31,90099692344665;13,21045274704447;0,4533156435831221;0,9994531933508312;0,2837405694060666;0,4419993712668972;0,2923423321924857;0,0005;0,7162594305939334;0,6425155049830793;0,915111014671134;0,7162594305939334;0,3212111161126774;0,9476597886260696;0,116923841162408;0,208164054942929;0,139950759335674;0,0208;0,8830761588375919;0,5398869958707193;0,847748225505563;0,8830761588375919
ToN-IoT;C&W;distributive;8;5;1024;2;567,1931173801422;29,90533423423767;21,6399346111019;0,4533156435831221;0,9994531933508312;0,2837405694060666;0,4419993712668972;0,2923423321924857;0,0005;0,7162594305939334;0,6425155049830793;0,915111014671134;0,7162594305939334;0,2369162974721031;0,0;0,0;0,0;0,0;0,0;1,0;0,5137680260175728;0,8658867740502959;1,0
ToN-IoT;FGSM;distributive;8;5;1024;3;578,8211898803711;249,09796047210693;21,07133549716885;0,4499514321590182;0,9997776789684304;0,2792387220963085;0,4365489625045504;0,2897172264415804;0,0002;0,7207612779036915;0,640148472476637;0,9146826479388868;0,7207612779036915;0,2392380771873297;0,5294117647058824;0,0273836505324598;0,0520738007380073;-0,1114044555255797;0,0784;0,9726163494675402;0,5227365922568226;0,8209570432202701;0,9726163494675402
ToN-IoT;RANDOM_LINF;distributive;8;5;1024;3;578,8211898803711;34,752326250076294;10,175554976426833;0,4499514321590182;0,9997776789684304;0,2792387220963085;0,4365489625045504;0,2897172264415804;0,0002;0,7207612779036915;0,640148472476637;0,9146826479388868;0,7207612779036915;0,3481958823947499;0,8841812530672337;0,1678102393740879;0,282083398570012;0,1172058962088764;0,0708;0,832189760625912;0,5460891365767332;0,8231237621723568;0,832189760625912
ToN-IoT;RANDOM_L2;distributive;8;5;1024;3;578,8211898803711;34,94432306289673;10,161339998578503;0,4499514321590182;0,9997776789684304;0,2792387220963085;0,4365489625045504;0,2897172264415804;0,0002;0,7207612779036915;0,640148472476637;0,9146826479388868;0,7207612779036915;0,3483380321732331;0,8811800940184795;0,1687727032816914;0,2832873000156339;0,1149127092837778;0,0733;0,8312272967183085;0,5427723834952963;0,8222709426325858;0,8312272967183085
ToN-IoT;C&W;distributive;8;5;1024;3;578,8211898803711;32,00017428398132;14,966002511312752;0,4499514321590182;0,9997776789684304;0,2792387220963085;0,4365489625045504;0,2897172264415804;0,0002;0,7207612779036915;0,640148472476637;0,9146826479388868;0,7207612779036915;0,3002914070458907;0,7381164322592131;0,1287217858362569;0,219214297044361;-0,0230062928265307;0,1471;0,8712782141637431;0,4921146993076469;0,7442090827538612;0,8712782141637431
ToN-IoT;FGSM;distributive;8;5;2048;2;570,9439537525177;242,8626616001129;21,386434172806748;0,4562770973015234;0,9995683608503292;0,2875904250364804;0,4466679525508727;0,2949945647000429;0,0004;0,7124095749635195;0,6430101058710298;0,9152043006819548;0,7124095749635195;0,2424127555734559;0,548053024026512;0,0410754757986898;0,0764231868988822;-0,1245578909657691;0,1091;0,9589245242013102;0,5228154739358565;0,7558937001512399;0,9589245242013102
ToN-IoT;RANDOM_LINF;distributive;8;5;2048;2;570,9439537525177;34,11451983451843;13,824065957497217;0,4562770973015234;0,9995683608503292;0,2875904250364804;0,4466679525508727;0,2949945647000429;0,0004;0,7124095749635195;0,6430101058710298;0,9152043006819548;0,7124095749635195;0,3180364377265512;0,95996775926921;0,1109317271570058;0,1988811889454788;0,1439985590324605;0,0149;0,8890682728429942;0,5472401254307803;0,8571833911999739;0,8890682728429942
ToN-IoT;RANDOM_L2;distributive;8;5;2048;2;570,9439537525177;32,06467318534851;13,689023667938116;0,4562770973015234;0,9995683608503292;0,2875904250364804;0,4466679525508727;0,2949945647000429;0,0004;0,7124095749635195;0,6430101058710298;0,9152043006819548;0,7124095749635195;0,3193868606221422;0,9613040021203286;0,1126082771896054;0,2016008004002001;0,1460625508330922;0,0146;0,8873917228103946;0,5480604660188146;0,8572389229353454;0,8873917228103946
ToN-IoT;C&W;distributive;8;5;2048;2;570,9439537525177;30,472235918045044;21,93607998294203;0,4562770973015234;0,9995683608503292;0,2875904250364804;0,4466679525508727;0,2949945647000429;0,0004;0,7124095749635195;0,6430101058710298;0,9152043006819548;0,7124095749635195;0,2369162974721031;0,0;0,0;0,0;0,0;0,0;1,0;0,4959495606817971;0,8597392272802178;1,0
ToN-IoT;FGSM;distributive;8;5;2048;3;584,4397640228271;248,203715801239;22,838731076310737;0,4539079343268023;0,9993457638207393;0,2845477971995405;0,4429676172063799;0,2927601111897269;0,0006;0,7154522028004595;0,6402928606911111;0,9147087923106916;0,7154522028004595;0,2255206235636949;0,4211733857751557;0,0398956813313049;0,0728871242200794;-0,2244602801185115;0,1766;0,9601043186686952;0,4928193889906548;0,6587034092249059;0,9601043186686952
ToN-IoT;RANDOM_LINF;distributive;8;5;2048;3;584,4397640228271;34,162482500076294;11,661020161576912;0,4539079343268023;0,9993457638207393;0,2845477971995405;0,4429676172063799;0,2927601111897269;0,0006;0,7154522028004595;0,6402928606911111;0,9147087923106916;0,7154522028004595;0,3372977327110332;0,8833001628369821;0,1515725418361327;0,2587449650201399;0,1097485036881312;0,0645;0,8484274581638672;0,5426599040640816;0,8220011704307544;0,8484274581638672
ToN-IoT;RANDOM_L2;distributive;8;5;2048;3;584,4397640228271;32,387603998184204;11,402781397332316;0,4539079343268023;0,9993457638207393;0,2845477971995405;0,4429676172063799;0,2927601111897269;0,0006;0,7154522028004595;0,6402928606911111;0,9147087923106916;0,7154522028004595;0,3398801203534791;0,891955266955267;0,1535285168741656;0,261965936481869;0,1178580657226055;0,0599;0,8464714831258344;0,5456749852525691;0,8261083410107188;0,8464714831258344
ToN-IoT;C&W;distributive;8;5;2048;3;584,4397640228271;31,92494106292725;17,550759316733394;0,4539079343268023;0,9993457638207393;0,2845477971995405;0,4429676172063799;0,2927601111897269;0,0006;0,7154522028004595;0,6402928606911111;0,9147087923106916;0,7154522028004595;0,2784003411594684;0,7202515723270441;0,0888881989506038;0,1582467388901171;-0,0324810316763523;0,1112;0,9111118010493962;0,4798476776677327;0,7386710451050291;0,9111118010493962
ToN-IoT;FGSM;distributive;8;10;1024;2;281,2107095718384;113,60458731651306;22,682366319979156;0,4612286479186903;0,9991564740615774;0,2942034834984011;0,45456071762646;0,2988947495721339;0,0008;0,7057965165015989;0,6443718277500078;0,9154494252989724;0,7057965165015989;0,2344049847188988;0,4883105425672695;0,0687385513365829;0,1205127507280298;-0,22418413643757;0,232;0,9312614486634172;0,5324368297680774;0,7295792937996941;0,9312614486634172
ToN-IoT;RANDOM_LINF;distributive;8;10;1024;2;281,2107095718384;13,729393720626833;13,12279371697979;0,4612286479186903;0,9991564740615774;0,2942034834984011;0,45456071762646;0,2988947495721339;0,0008;0,7057965165015989;0,6443718277500078;0,9154494252989724;0,7057965165015989;0,3300007107488924;0,8381821311757618;0,1511689279393958;0,2561418275553685;0,070558166819964;0,094;0,8488310720606042;0,5346671970567233;0,7972635146812134;0,8488310720606042
ToN-IoT;RANDOM_L2;distributive;8;10;1024;2;281,2107095718384;12,965919494628906;13,044611338814;0,4612286479186903;0,9991564740615774;0,2942034834984011;0,45456071762646;0,2988947495721339;0,0008;0,7057965165015989;0,6443718277500078;0,9154494252989724;0,7057965165015989;0,3307825345305503;0,8389801505817933;0,152224533515477;0,257693217354742;0,0715568479047564;0,0941;0,847775466484523;0,537126641621907;0,7979374440621048;0,847775466484523
ToN-IoT;C&W;distributive;8;10;1024;2;281,2107095718384;15,35705280303955;18,51263948447014;0,4612286479186903;0,9991564740615774;0,2942034834984011;0,45456071762646;0,2988947495721339;0,0008;0,7057965165015989;0,6443718277500078;0,9154494252989724;0,7057965165015989;0,2761022530739889;0,766774193548387;0,0737992486572076;0,1346398935115693;0,0024436729789991;0,0723;0,9262007513427924;0,5060970613803596;0,7652967372259815;0,9262007513427924
ToN-IoT;FGSM;distributive;8;10;1024;3;285,9444499015808;116,0624577999115;25,04679096875074;0,4562770973015234;0,9991374663072776;0,2877146139277841;0,4467746601099219;0,2946199086130042;0,0008;0,7122853860722158;0,645331037908659;0,9156213155326958;0,7122853860722158;0,2058091876140159;0,3651119786316005;0,0551709149616566;0,0958571582695004;-0,3379096111463062;0,309;0,9448290850383432;0,5394049784221802;0,797777655959918;0,9448290850383432
ToN-IoT;RANDOM_LINF;distributive;8;10;1024;3;285,9444499015808;15,783433675765991;13,177284465398376;0,4562770973015234;0,9991374663072776;0,2877146139277841;0,4467746601099219;0,2946199086130042;0,0008;0,7122853860722158;0,645331037908659;0,9156213155326958;0,7122853860722158;0,3245042526475396;0,8554124206883291;0,1381290943525101;0,23785084202085;0,0814045852069729;0,0752;0,8618709056474898;0,5329385016610263;0,8034072196848927;0,8618709056474898
ToN-IoT;RANDOM_L2;distributive;8;10;1024;3;285,9444499015808;13,97175145149231;13,139377857802842;0,4562770973015234;0,9991374663072776;0,2877146139277841;0,4467746601099219;0,2946199086130042;0,0008;0,7122853860722158;0,645331037908659;0,9156213155326958;0,7122853860722158;0,3248833187234949;0,8530138809659631;0,1392778415970691;0,2394576705455322;0,0797932697053119;0,0773;0,8607221584029309;0,5334207022881804;0,8019196572940214;0,8607221584029309
ToN-IoT;C&W;distributive;8;10;1024;3;285,9444499015808;13,7239191532135;20,32741832310645;0,4562770973015234;0,9991374663072776;0,2877146139277841;0,4467746601099219;0,2946199086130042;0,0008;0,7122853860722158;0,645331037908659;0,9156213155326958;0,7122853860722158;0,2530029140704589;0,7642023346303501;0,0304883728150516;0,0586373678867856;0,0004661935352329;0,0303;0,9695116271849484;0,5195200316681673;0,7735823969283179;0,9695116271849484
ToN-IoT;FGSM;distributive;8;10;2048;2;282,21397066116333;112,71959042549132;22,86953019498211;0,4703262337416191;0,9993917274939172;0,3060635226179018;0,468614075535379;0,3069148250837962;0,0006;0,6939364773820982;0,641989353907293;0,915014330914244;0,6939364773820982;0,2416309317917979;0,5129069918277338;0,1227607190536806;0,1981061175409589;-0,2781331765540111;0,3755;0,8772392809463193;0,5490483607066348;0,7895675736624146;0,8772392809463193
ToN-IoT;RANDOM_LINF;distributive;8;10;2048;2;282,21397066116333;13,807164430618286;14,61536639105404;0,4703262337416191;0,9993917274939172;0,3060635226179018;0,468614075535379;0,3069148250837962;0,0006;0,6939364773820982;0,641989353907293;0,915014330914244;0,6939364773820982;0,3241725698310786;0,8365929446170718;0,1421031388742277;0,2429405520169851;0,0667166129317038;0,0894;0,8578968611257723;0,529512909435251;0,7922634974322706;0,8578968611257723
ToN-IoT;RANDOM_L2;distributive;8;10;2048;2;282,21397066116333;13,50547742843628;14,939941718590822;0,4703262337416191;0,9993917274939172;0,3060635226179018;0,468614075535379;0,3069148250837962;0,0006;0,6939364773820982;0,641989353907293;0,915014330914244;0,6939364773820982;0,3209268165557108;0,8282117734172528;0,1389052749231581;0,2379091223312328;0,0586808959654797;0,0928;0,8610947250768419;0,5272002049116706;0,7902454247426415;0,8610947250768419
ToN-IoT;C&W;distributive;8;10;2048;2;282,21397066116333;13,782342672348022;21,440924921225328;0,4703262337416191;0,9993917274939172;0,3060635226179018;0,468614075535379;0,3069148250837962;0,0006;0,6939364773820982;0,641989353907293;0,915014330914244;0,6939364773820982;0,2559169845293658;0,6751091703056769;0,0479990064888695;0,089625786254674;-0,0495565795453698;0,0744;0,9520009935111304;0,4974298224098855;0,7333030424993993;0,9520009935111304
ToN-IoT;FGSM;distributive;8;10;2048;3;286,5238597393036;118,0172061920166;24,061219171266792;0,4524153616527281;0,999231613611416;0,2826228693843335;0,4406205377671289;0,2913750108648771;0,0007;0,7173771306156664;0,6415509935111305;0,914938536666144;0,7173771306156664;0,2118031699400601;0,3496027241770715;0,0382501785215312;0,0689558671256261;-0,2935071104907862;0,2292;0,9617498214784688;0,5198628861498339;0,5682361672399175;0,9617498214784688
ToN-IoT;RANDOM_LINF;distributive;8;10;2048;3;286,5238597393036;16,25592565536499;12,807695041341894;0,4524153616527281;0,999231613611416;0,2826228693843335;0,4406205377671289;0,2913750108648771;0,0007;0,7173771306156664;0,6415509935111305;0,914938536666144;0,7173771306156664;0,3243384112393092;0,8525028658769583;0,1385327082492471;0,2383356034505782;0,0791242875048938;0,0772;0,8614672917507529;0,5296018193672576;0,798336493449561;0,8614672917507529
ToN-IoT;RANDOM_L2;distributive;8;10;2048;3;286,5238597393036;15,360280513763428;12,684498566656403;0,4524153616527281;0,999231613611416;0,2826228693843335;0,4406205377671289;0,2913750108648771;0,0007;0,7173771306156664;0,6415509935111305;0,914938536666144;0,7173771306156664;0,325570375986164;0,853953840332955;0,1401471638361948;0,2407787705027337;0,0808635341595109;0,0772;0,8598528361638051;0,5322059284671986;0,7987259055450022;0,8598528361638051
ToN-IoT;C&W;distributive;8;10;2048;3;286,5238597393036;14,867844581604004;11,74157170271743;0,4524153616527281;0,999231613611416;0,2826228693843335;0,4406205377671289;0,2913750108648771;0,0007;0,7173771306156664;0,6415509935111305;0,914938536666144;0,7173771306156664;0,3349996446255538;0,7398609501738123;0,1982365177434878;0,3126912999828595;-0,027688641734621;0,2245;0,8017634822565122;0,4799119174764816;0,7408550222230722;0,8017634822565122
ToN-IoT;FGSM;distributive;8;15;1024;2;191,7097327709198;73,83317804336548;22,992726669667608;0,460399440877538;0,99894213477203;0,2931789251451457;0,4533147712543804;0,2979938132333831;0,001;0,7068210748548542;0,6476008320655717;0,9160654595845116;0,7068210748548542;0,2304721741808619;0,4816067081417365;0,1105591604830947;0,1798348609953791;-0,3050814984216685;0,3833;0,8894408395169052;0,5317126222484398;0,7046280961575069;0,8894408395169052
ToN-IoT;RANDOM_LINF;distributive;8;15;1024;2;191,7097327709198;9,09473443031311;15,364021891065889;0,460399440877538;0,99894213477203;0,2931789251451457;0,4533147712543804;0,2979938132333831;0,001;0,7068210748548542;0,6476008320655717;0,9160654595845116;0,7068210748548542;0,3067592219668791;0,8391624482282559;0,1132292216461237;0,1995349473396252;0,0606201681283003;0,0699;0,8867707783538763;0,5180353922816604;0,7901815374827781;0,8867707783538763
ToN-IoT;RANDOM_L2;distributive;8;15;1024;2;191,7097327709198;8,532235860824585;15,283470349925372;0,460399440877538;0,99894213477203;0,2931789251451457;0,4533147712543804;0,2979938132333831;0,001;0,7068210748548542;0,6476008320655717;0,9160654595845116;0,7068210748548542;0,3075647373782842;0,8410338517840805;0,1141606383309013;0,201033323309915;0,0623182318560923;0,0695;0,8858393616690987;0,5225840556987178;0,7900662546042265;0,8858393616690987
ToN-IoT;C&W;distributive;8;15;1024;2;191,7097327709198;9,85271167755127;20,24686678196593;0,460399440877538;0,99894213477203;0,2931789251451457;0,4533147712543804;0,2979938132333831;0,001;0,7068210748548542;0,6476008320655717;0,9160654595845116;0,7068210748548542;0,2579307730578786;0,788174139051332;0,0376602812878388;0,0718857413772668;0,0114790747349971;0,0326;0,9623397187121612;0,512813930888882;0,7732165762380904;0,9623397187121612
ToN-IoT;FGSM;distributive;8;15;1024;3;195,0003876686096;71,41529083251953;17,27830557464048;0,4675543130611955;0,998974884674526;0,302555186438573;0,4644457153750834;0,3041639014782267;0,001;0,697444813561427;0,6420616163184203;0,9150294638144618;0,697444813561427;0,2947712573147907;0,6271875;0,1869353286348536;0,2880241096414647;-0,1734165889698082;0,3579;0,8130646713651464;0,5497825731938278;0,8244369421560311;0,8130646713651464
ToN-IoT;RANDOM_LINF;distributive;8;15;1024;3;195,0003876686096;8,998583793640137;14,7906844511834;0,4675543130611955;0,998974884674526;0,302555186438573;0,4644457153750834;0,3041639014782267;0,001;0,697444813561427;0,6420616163184203;0,9150294638144618;0,697444813561427;0,3196474685493615;0,8259895444361464;0,1373529137818622;0,2355384001064821;0,0564015815544364;0,0932;0,8626470862181378;0,522244616411562;0,7875438866731427;0,8626470862181378
ToN-IoT;RANDOM_L2;distributive;8;15;1024;3;195,0003876686096;8,299854040145874;14,83806771067782;0,4675543130611955;0,998974884674526;0,302555186438573;0,4644457153750834;0,3041639014782267;0,001;0,697444813561427;0,6420616163184203;0,9150294638144618;0,697444813561427;0,3191736359544173;0,8224368499257058;0,1374771026731658;0,2355757720852286;0,0533754247534772;0,0956;0,8625228973268341;0,5137244869446428;0,7837539072719901;0,8625228973268341
ToN-IoT;C&W;distributive;8;15;1024;3;195,0003876686096;8,645140409469604;21,24665355729821;0,4675543130611955;0,998974884674526;0,302555186438573;0,4644457153750834;0,3041639014782267;0,001;0,697444813561427;0,6420616163184203;0,9150294638144618;0,697444813561427;0,2550877774882134;0,7501630789302022;0,0357043062498059;0,0681643056131823;-0,0058993189255013;0,0383;0,964295693750194;0,4834058104877518;0,7501321186014939;0,964295693750194
ToN-IoT;FGSM;distributive;8;15;2048;2;191,53472328186035;73,10970568656921;21,66599540382383;0,462887062000995;0,9979118813948632;0,2967493557701263;0,4574628472970062;0,2992188002482993;0,002;0,7032506442298736;0,6457281613834642;0,9156937294348324;0,7032506442298736;0,2462271079627567;0,5221958658082007;0,1435313111242199;0,2251716915883298;-0,2918700707920674;0,423;0,8564686888757801;0,553024531963116;0,766702469276947;0,8564686888757801
ToN-IoT;RANDOM_LINF;distributive;8;15;2048;2;191,53472328186035;9,447824478149414;15,603307351512711;0,462887062000995;0,9979118813948632;0,2967493557701263;0,4574628472970062;0,2992188002482993;0,002;0,7032506442298736;0,6457281613834642;0,9156937294348324;0,7032506442298736;0,3068539884858679;0,8509272467902995;0,1111180104939613;0,1965673486200741;0,0687308928897988;0,0627;0,8888819895060387;0,5215876261293426;0,7931771300618644;0,8888819895060387
ToN-IoT;RANDOM_L2;distributive;8;15;2048;2;191,53472328186035;9,958446979522703;15,731242152147646;0,462887062000995;0,9979118813948632;0,2967493557701263;0,4574628472970062;0,2992188002482993;0,002;0,7032506442298736;0,6457281613834642;0,9156937294348324;0,7032506442298736;0,3055746404795186;0,8415841584158416;0,110838585488528;0,1958793997421195;0,0617121692037304;0,0672;0,8891614145114719;0,515688596355056;0,7864748079054356;0,8891614145114719
ToN-IoT;C&W;distributive;8;15;2048;2;191,53472328186035;9,793221712112429;20,75149849558151;0,462887062000995;0,9979118813948632;0,2967493557701263;0,4574628472970062;0,2992188002482993;0,002;0,7032506442298736;0,6457281613834642;0,9156937294348324;0,7032506442298736;0,2553720770451799;0,7662337662337663;0,0348039367878543;0,066583511522927;0,001403833015505;0,0342;0,9651960632121456;0,5108596153249092;0,7587415802538062;0,9651960632121456
ToN-IoT;FGSM;distributive;8;15;2048;3;196,54128861427307;77,62903904914856;27,638655263095547;0,465587907792177;0,9988629315691544;0,3000093141668478;0,4614282644509705;0,3023776042098711;0,0011;0,6999906858331523;0,6436291160855662;0,9153151266778116;0,6999906858331523;0,1892013551612215;0,2142451759364358;0,0234406532335682;0,0422578568829933;-0,3895898928854769;0,2769;0,9765593467664316;0,5224070259865256;0,7299382721383592;0,9765593467664316
ToN-IoT;RANDOM_LINF;distributive;8;15;2048;3;196,54128861427307;10,863520860671995;14,051505603070437;0,465587907792177;0,9988629315691544;0,3000093141668478;0,4614282644509705;0,3023776042098711;0,0011;0,6999906858331523;0,6436291160855662;0,9153151266778116;0,6999906858331523;0,3250728517614726;0,8331244404655327;0,1444627278089975;0,2462295602476583;0,0643273790039409;0,0932;0,8555372721910025;0,5268838973578813;0,7891554872826048;0,8555372721910025
ToN-IoT;RANDOM_L2;distributive;8;15;2048;3;196,54128861427307;10,257229328155518;14,169963751806486;0,465587907792177;0,9988629315691544;0,3000093141668478;0,4614282644509705;0,3023776042098711;0,0011;0,6999906858331523;0,6436291160855662;0,9153151266778116;0,6999906858331523;0,3238882702741121;0,8326989305782128;0,1426309416622683;0,2435455653925674;0,0634872465632381;0,0923;0,8573690583377317;0,5264710515694371;0,7891562139059064;0,8573690583377317
ToN-IoT;C&W;distributive;8;15;2048;3;196,54128861427307;8,447058200836182;17,85401217749769;0,465587907792177;0,9988629315691544;0,3000093141668478;0,4614282644509705;0,3023776042098711;0,0011;0,6999906858331523;0,6436291160855662;0,9153151266778116;0,6999906858331523;0,2870477860172001;0,747196261682243;0,0992890185972864;0,1752857025404916;-0,0125518163743283;0,1082;0,9007109814027136;0,5175120991027353;0,7569490416897332;0,9007109814027136
ToN-IoT;FGSM;distributive;8;20;1024;2;146,33868956565857;48,53121519088745;20,654362813617944;0,482598497950674;0,9986535872283132;0,3223943618243348;0,4874316426878212;0,3167542550012304;0,0014;0,6776056381756652;0,6451757288335559;0,9156184928646892;0,6776056381756652;0,2760548698144945;0,5825834833033393;0,1809121674066254;0,2760891710691526;-0,236571522361133;0,4175;0,8190878325933745;0,5129398599770251;0,7555961581864944;0,8190878325933745
ToN-IoT;RANDOM_LINF;distributive;8;20;1024;2;146,33868956565857;6,091745376586914;15,638844796133522;0,482598497950674;0,9986535872283132;0,3223943618243348;0,4874316426878212;0,3167542550012304;0,0014;0,6776056381756652;0,6451757288335559;0,9156184928646892;0,6776056381756652;0,3262100499893388;0,7953298855978687;0,1575646558415349;0,2630215081627364;0,0320057381080672;0,1306;0,842435344158465;0,510606790027632;0,7738850644684955;0,842435344158465
ToN-IoT;RANDOM_L2;distributive;8;20;1024;2;146,33868956565857;5,864370107650757;15,42562012840863;0,482598497950674;0,9986535872283132;0,3223943618243348;0,4874316426878212;0,3167542550012304;0,0014;0,6776056381756652;0,6451757288335559;0,9156184928646892;0,6776056381756652;0,3283422966665877;0,8011549867332605;0,1593653947654382;0,2658483530142946;0,0378780564398629;0,1274;0,8406346052345618;0,5108594352510168;0,7764253746781713;0,8406346052345618
ToN-IoT;C&W;distributive;8;20;1024;2;146,33868956565857;7,170883893966675;16,89450117273567;0,482598497950674;0,9986535872283132;0,3223943618243348;0,4874316426878212;0,3167542550012304;0,0014;0,6776056381756652;0,6451757288335559;0,9156184928646892;0,6776056381756652;0,3136534862233173;0,742113918373449;0,154118414107858;0,2552316314463468;-0,0214020080010398;0,1725;0,8458815858921419;0,4981938464404359;0,749382192488049;0,8458815858921419
ToN-IoT;FGSM;distributive;8;20;1024;3;187,25002574920651;51,24583148956299;24,97571607950911;0,4662038901656045;0,9987631416202843;0,3008475891831476;0,4624084369258667;0,3028170524723108;0,0012;0,6991524108168524;0,6465106197025677;0,9158779337601876;0,6991524108168524;0,2164467293705134;0,4467586886862214;0,1125461827439535;0,1797981300994469;-0,3629293847188769;0,4489;0,8874538172560464;0,5216936756807103;0,7383607672526974;0,8874538172560464
ToN-IoT;RANDOM_LINF;distributive;8;20;1024;3;187,25002574920651;5,67188835144043;14,591674761306829;0,4662038901656045;0,9987631416202843;0,3008475891831476;0,4624084369258667;0,3028170524723108;0,0012;0,6991524108168524;0,6465106197025677;0,9158779337601876;0,6991524108168524;0,3202871425525362;0,8203167667941016;0,1398987860535875;0,23903241207363;0,0520643631010942;0,0987;0,8601012139464125;0,517500769971126;0,7822683451319873;0,8601012139464125
ToN-IoT;RANDOM_L2;distributive;8;20;1024;3;187,25002574920651;5,411560297012329;14,814376080930607;0,4662038901656045;0,9987631416202843;0,3008475891831476;0,4624084369258667;0,3028170524723108;0,0012;0,6991524108168524;0,6465106197025677;0,9158779337601876;0,6991524108168524;0,3180601293562984;0,8147399375114869;0,1376323387872954;0,235484727755644;0,0467351403105414;0,1008;0,8623676612127045;0,5129376168151759;0,7794900541611809;0,8623676612127045
ToN-IoT;C&W;distributive;8;20;1024;3;187,25002574920651;5,791568279266357;19,550332867397945;0,4662038901656045;0,9987631416202843;0,3008475891831476;0,4624084369258667;0,3028170524723108;0,0012;0,6991524108168524;0,6465106197025677;0,9158779337601876;0,6991524108168524;0,270700561491625;0,7286722257857601;0,0705392902604861;0,128626829337334;-0,0228570099893206;0,0846;0,9294607097395138;0,5136024139215747;0,7540994024941402;0,9294607097395138
ToN-IoT;FGSM;distributive;8;20;2048;2;146,99193000793457;52,74742150306702;23,9380226965813;0,4752540927290388;0,9985133795837464;0,3128007699711261;0,4763705997777725;0,3103431934579284;0,0015;0,687199230028874;0,6493679794467385;0,9163608738807508;0,687199230028874;0,2358738657632258;0,4969520642837351;0,1113663882765686;0,1819565272528977;-0,2842779739441992;0,3631;0,8886336117234314;0,5648636918252662;0,8472929943718222;0,8886336117234314
ToN-IoT;RANDOM_LINF;distributive;8;20;2048;2;146,99193000793457;6,383965253829956;17,46310028666872;0,4752540927290388;0,9985133795837464;0,3128007699711261;0,4763705997777725;0,3103431934579284;0,0015;0,687199230028874;0,6493679794467385;0,9163608738807508;0,687199230028874;0,3006230898623516;0,8284876618617151;0,1052811326026886;0,1868216627183075;0,0504066337561861;0,0702;0,8947188673973113;0,5118979586450992;0,7825216869678641;0,8947188673973113
ToN-IoT;RANDOM_L2;distributive;8;20;2048;2;146,99193000793457;5,410191059112549;17,44177781989623;0,4752540927290388;0,9985133795837464;0,3128007699711261;0,4763705997777725;0,3103431934579284;0,0015;0,687199230028874;0,6493679794467385;0,9163608738807508;0,687199230028874;0,3008363145300765;0,826634382566586;0,1059952187276848;0,1878973004210352;0,0492230933801125;0,0716;0,8940047812723152;0,5063096370579652;0,7803380089630318;0,8940047812723152
ToN-IoT;C&W;distributive;8;20;2048;2;146,99193000793457;6,343698978424072;21,08555047501718;0,4752540927290388;0,9985133795837464;0,3128007699711261;0,4763705997777725;0,3103431934579284;0,0015;0,687199230028874;0,6493679794467385;0,9163608738807508;0,687199230028874;0,264398587978867;0,7072909220872051;0,0614424539724921;0,1130631016653812;-0,0349630712533278;0,0819;0,9385575460275078;0,4955162982396224;0,7378386720618592;0,9385575460275078
ToN-IoT;FGSM;distributive;8;20;2048;3;187,99850845336917;54,54300308227539;27,84477244189628;0,4674121632827122;0,9986673500768836;0,3024620447700953;0,4643027356782003;0,303767358791861;0,0013;0,6975379552299047;0,6449228678319724;0,9155503258362332;0,6975379552299047;0,1889644388637494;0,3368794326241134;0,064888695706169;0,1088173274672636;-0,4160913866627396;0,4114;0,9351113042938308;0,5439845120928932;0,7453394918633804;0,9351113042938308
ToN-IoT;RANDOM_LINF;distributive;8;20;2048;3;187,99850845336917;5,9720635414123535;14,887820133146962;0,4674121632827122;0,9986673500768836;0,3024620447700953;0,4643027356782003;0,303767358791861;0,0013;0,6975379552299047;0,6449228678319724;0,9155503258362332;0,6975379552299047;0,3185339619512426;0,8159970647587599;0,1380980471296842;0,236218799787573;0,0479229953563727;0,1003;0,8619019528703158;0,5200186376478624;0,7821794145169612;0,8619019528703158
ToN-IoT;RANDOM_L2;distributive;8;20;2048;3;187,99850845336917;5,581617593765259;14,894927622071124;0,4674121632827122;0,9986673500768836;0,3024620447700953;0,4643027356782003;0,303767358791861;0,0013;0,6975379552299047;0,6449228678319724;0,9155503258362332;0,6975379552299047;0,318462887062001;0,813022917424518;0,1387810860318544;0,2370912562654149;0,0454529853837909;0,1028;0,8612189139681455;0,515157151727778;0,7794457999479436;0,8612189139681455
ToN-IoT;C&W;distributive;8;20;2048;3;187,99850845336917;6,461271524429321;14,463739960671894;0,4674121632827122;0,9986673500768836;0,3024620447700953;0,4643027356782003;0,303767358791861;0,0013;0,6975379552299047;0,6449228678319724;0,9155503258362332;0,6975379552299047;0,3227747636759933;0,7174747959673548;0,1856002980533391;0,2949113243383242;-0,0531971372112426;0,2354;0,8143997019466609;0,5024355180229129;0,7622342878509974;0,8143997019466609
ToN-IoT;FGSM;distributive;10;5;1024;2;751,6253991127014;310,3665587902069;21,70864033736881;0,4531024189153972;0,999343329320346;0,2834921916234593;0,4416872248826972;0,2920636704710098;0,0006;0,7165078083765407;0,6405816371200596;0,9147610959351276;0,7165078083765407;0,2360160155417091;0,493687707641196;0,0461361731193144;0,0843862687753769;-0,1755712216533954;0,1524;0,9538638268806856;0,5303487969201155;0,6447343626022118;0,9538638268806856
ToN-IoT;RANDOM_LINF;distributive;10;5;1024;2;751,6253991127014;42,29070258140564;9,87230211566254;0,4531024189153972;0,999343329320346;0,2834921916234593;0,4416872248826972;0,2920636704710098;0,0006;0,7165078083765407;0,6405816371200596;0,9147610959351276;0,7165078083765407;0,3543793977587718;0,9266781411359724;0,1671582476947437;0,2832268076488072;0,1537192717172823;0,0426;0,8328417523052563;0,5670314632556117;0,8542315841786149;0,8328417523052563
ToN-IoT;RANDOM_L2;distributive;10;5;1024;2;751,6253991127014;40,701987981796265;9,80359638939563;0,4531024189153972;0,999343329320346;0,2834921916234593;0,4416872248826972;0,2920636704710098;0,0006;0,7165078083765407;0,6405816371200596;0,9147610959351276;0,7165078083765407;0,3550664550214409;0,9270423017640008;0,1680586171566953;0,2845353238015138;0,1545070244609681;0,0426;0,8319413828433047;0,565881509826446;0,8539548838266007;0,8319413828433047
ToN-IoT;C&W;distributive;10;5;1024;2;751,6253991127014;41,551655292510986;22,106659717121943;0,4531024189153972;0,999343329320346;0,2834921916234593;0,4416872248826972;0,2920636704710098;0,0006;0,7165078083765407;0,6405816371200596;0,9147610959351276;0,7165078083765407;0,2320358217441777;0,1068702290076335;0,0008693222391257;0,0017246158110313;-0,1219724586735975;0,0234;0,9991306777608744;0,4842983933062187;0,5205810868227345;0,9991306777608744
ToN-IoT;FGSM;distributive;10;5;1024;3;733,7435457706451;311,57925629615784;24,8951645383686;0,4502831149754792;0,999778024417314;0,2796733832158713;0,4370799873844586;0,2900041257368698;0,0002;0,7203266167841287;0,6410148017634822;0,9148395885950282;0,7203266167841287;0,2013314695917932;0,2654590880699563;0,0263901394020304;0,0480076812289966;-0,335318631601802;0,2352;0,9736098605979696;0,5207540827098016;0,6078221302022847;0,9736098605979696
ToN-IoT;RANDOM_LINF;distributive;10;5;1024;3;733,7435457706451;44,245442390441895;9,381885379895284;0,4502831149754792;0,999778024417314;0,2796733832158713;0,4370799873844586;0,2900041257368698;0,0002;0,7203266167841287;0,6410148017634822;0,9148395885950282;0,7203266167841287;0,3564642611765263;0,912794502617801;0,1732124561457977;0,2911719422770804;0,1448857561996784;0,0533;0,8267875438542023;0,5610444487565587;0,8425701333696192;0,8267875438542023
ToN-IoT;RANDOM_L2;distributive;10;5;1024;3;733,7435457706451;41,395081758499146;9,18524485299344;0,4502831149754792;0,999778024417314;0,2796733832158713;0,4370799873844586;0,2900041257368698;0,0002;0,7203266167841287;0,6410148017634822;0,9148395885950282;0,7203266167841287;0,3584306664455448;0,910385661705873;0,1766276506566487;0,2958552186801185;0,1444176874605219;0,056;0,8233723493433512;0,5591599351113044;0,8421977707728655;0,8233723493433512
ToN-IoT;C&W;distributive;10;5;1024;3;733,7435457706451;38,29481506347656;19,358430666445543;0,4502831149754792;0,999778024417314;0,2796733832158713;0,4370799873844586;0,2900041257368698;0,0002;0,7203266167841287;0,6410148017634822;0,9148395885950282;0,7203266167841287;0,2566988083110237;0,7838205302515295;0,0357974479182837;0,0684679334916864;0,00926755658863;0,0318;0,9642025520817162;0,4842902682480052;0,7693483907552214;0,9642025520817162
ToN-IoT;FGSM;distributive;10;5;2048;2;717,8034291267395;310,461229801178;24,88331872349499;0,4508990973489066;0,9993365767359575;0,2806047999006489;0,4381741933919957;0,2901575123678655;0,0006;0,7193952000993511;0,6405094430128225;0,9147480181684744;0,7193952000993511;0,2020659101139567;0,070636310566258;0,0037567139619361;0,007134013324686;-0,3349468083944936;0,1592;0,996243286038064;0,5364590921792046;0,8565910631686994;0,996243286038064
ToN-IoT;RANDOM_LINF;distributive;10;5;2048;2;717,8034291267395;43,51339077949524;9,159184060271508;0,4508990973489066;0,9993365767359575;0,2806047999006489;0,4381741933919957;0,2901575123678655;0,0006;0,7193952000993511;0,6405094430128225;0,9147480181684744;0,7193952000993511;0,3593072567461916;0,901710730948678;0,1800117979446738;0,3001112865239783;0,1382151800134106;0,0632;0,8199882020553262;0,5595955447235245;0,8423100188479504;0,8199882020553262
ToN-IoT;RANDOM_L2;distributive;10;5;2048;2;717,8034291267395;41,77558255195618;8,863038688431379;0,4508990973489066;0,9993365767359575;0,2806047999006489;0,4381741933919957;0,2901575123678655;0,0006;0,7193952000993511;0,6405094430128225;0,9147480181684744;0,7193952000993511;0,3622687104645928;0,9111111111111112;0,1820298674283585;0,3034364972570127;0,1476553213197294;0,0572;0,8179701325716414;0,5634871914682231;0,8464982045360716;0,8179701325716414
ToN-IoT;C&W;distributive;10;5;2048;2;717,8034291267395;36,66470336914063;18,477102039849324;0,4508990973489066;0,9993365767359575;0,2806047999006489;0,4381741933919957;0,2901575123678655;0,0006;0,7193952000993511;0,6405094430128225;0,9147480181684744;0,7193952000993511;0,2661280769504134;0,6880146386093321;0,0700425346952715;0,127141568981064;-0,051239625785307;0,1023;0,9299574653047284;0,5022373358378094;0,7265014688587433;0,9299574653047284
ToN-IoT;FGSM;distributive;10;5;2048;3;740,2476046085358;304,7778754234314;23,37890023454713;0,4531024189153972;0,9997809179537736;0,2833680027321556;0,4415791765445837;0,2924411239184701;0,0002;0,7166319972678444;0,6431806249805955;0,9152327231863436;0,7166319972678444;0,2193134165699258;0,4037315366675304;0,0483715731627805;0,0863923699678385;-0,2680966666888675;0,2301;0,9516284268372194;0,5369149492377906;0,8020116452161833;0,9516284268372194
ToN-IoT;RANDOM_LINF;distributive;10;5;2048;3;740,2476046085358;44,2245078086853;8,566893316591251;0,4531024189153972;0,9997809179537736;0,2833680027321556;0,4415791765445837;0,2924411239184701;0,0002;0,7166319972678444;0,6431806249805955;0,9152327231863436;0,7166319972678444;0,3674334857494847;0,8816682832201745;0,1975534788413176;0,3227819205600365;0,1266597523447143;0,0854;0,8024465211586823;0,5579194200378776;0,8375073340157642;0,8024465211586823
ToN-IoT;RANDOM_L2;distributive;10;5;2048;3;740,2476046085358;39,260759353637695;8,185458077661162;0,4531024189153972;0,9997809179537736;0,2833680027321556;0,4415791765445837;0,2924411239184701;0,0002;0,7166319972678444;0,6431806249805955;0,9152327231863436;0,7166319972678444;0,3712478381387856;0,8833153055705787;0,2028315067217237;0,3299078399192021;0,1303355251678721;0,0863;0,7971684932782762;0,5587577043683443;0,8381758507079101;0,7971684932782762
ToN-IoT;C&W;distributive;10;5;2048;3;740,2476046085358;41,1776397228241;18,439195432253783;0,4531024189153972;0,9997809179537736;0,2833680027321556;0,4415791765445837;0,2924411239184701;0,0002;0,7166319972678444;0,6431806249805955;0,9152327231863436;0,7166319972678444;0,2687104645928593;0,7932692307692307;0,0563507094290415;0,1052265414383859;0,0169958358153674;0,0473;0,9436492905709584;0,5035531357695053;0,7665511475147463;0,9436492905709584
ToN-IoT;FGSM;distributive;10;10;1024;2;354,34358310699463;142,60302209854126;24,74353810798645;0,4554005070008766;0,99870214146658;0,2866900555745288;0,4454951151851405;0,2934872886333001;0,0012;0,7133099444254711;0,6432320655717346;0,9152429300766718;0,7133099444254711;0,2079651259210121;0,4007472384665367;0,0765934987115402;0,12860680307572;-0,352133290989049;0,3689;0,9234065012884598;0,5279337840355182;0,7536323592297327;0,9234065012884598
ToN-IoT;RANDOM_LINF;distributive;10;10;1024;2;354,34358310699463;17,41903829574585;10,79627567580374;0,4554005070008766;0,99870214146658;0,2866900555745288;0,4454951151851405;0,2934872886333001;0,0012;0,7133099444254711;0,6432320655717346;0,9152429300766718;0,7133099444254711;0,3474377502428392;0,878345498783455;0,1681207116023471;0,2822223380413822;0,1121119420837547;0,075;0,8318792883976528;0,5456274333260891;0,8225146935948645;0,8318792883976528
ToN-IoT;RANDOM_L2;distributive;10;10;1024;2;354,34358310699463;16,57626485824585;10,770214883081808;0,4554005070008766;0,99870214146658;0,2866900555745288;0,4454951151851405;0,2934872886333001;0,0012;0,7133099444254711;0,6432320655717346;0,9152429300766718;0,7133099444254711;0,3476983581700585;0,8746794871794872;0,1694557421838616;0,2839085541886655;0,1093181681275056;0,0782;0,8305442578161384;0,542514151324164;0,8209949305248693;0,8305442578161384
ToN-IoT;C&W;distributive;10;10;1024;2;354,34358310699463;19,55682349205017;21,848420952877348;0,4554005070008766;0,99870214146658;0,2866900555745288;0,4454951151851405;0,2934872886333001;0,0012;0,7133099444254711;0,6432320655717346;0,9152429300766718;0,7133099444254711;0,2369162974721031;0,0;0,0;0,0;0,0;0,0;1,0;0,5337820997236796;0,8556728227567155;1,0
ToN-IoT;FGSM;distributive;10;10;1024;3;360,5849804878235;145,06989932060242;28,010613850126752;0,4567035466369731;0,9995691976305868;0,288149275047347;0,4473417843543645;0,2953626720575858;0,0004;0,711850724952653;0,6447181160545189;0,9155337635049496;0,711850724952653;0,1765974081357056;0,2460095770151636;0,0382812257443571;0,0662529217377287;-0,4463965427028084;0,3779;0,9617187742556428;0,5167957946536682;0,677792823561949;0,9617187742556428
ToN-IoT;RANDOM_LINF;distributive;10;10;1024;3;360,5849804878235;18,38692355155945;9,213674808690092;0,4567035466369731;0,9995691976305868;0,288149275047347;0,4473417843543645;0,2953626720575858;0,0004;0,711850724952653;0,6447181160545189;0,9155337635049496;0,711850724952653;0,3645667985500722;0,8430099312452254;0,2055636623304045;0,3305294161695329;0,0898785869513005;0,1233;0,7944363376695954;0,5438866729796019;0,8130134074958387;0,7944363376695954
ToN-IoT;RANDOM_L2;distributive;10;10;1024;3;360,5849804878235;18,88064837455749;9,44585278021275;0,4567035466369731;0,9995691976305868;0,288149275047347;0,4473417843543645;0,2953626720575858;0,0004;0,711850724952653;0,6447181160545189;0,9155337635049496;0,711850724952653;0,3622450188348456;0,8381488110457683;0,2035455928467198;0,3275461517324073;0,0842008199513331;0,1266;0,7964544071532801;0,5402616892793939;0,8104680328944415;0,7964544071532801
ToN-IoT;C&W;distributive;10;10;1024;3;360,5849804878235;16,67453622817993;19,735127579426187;0,4567035466369731;0,9995691976305868;0,288149275047347;0,4473417843543645;0,2953626720575858;0,0004;0,711850724952653;0,6447181160545189;0,9155337635049496;0,711850724952653;0,2593522708427113;0,6477379095163807;0,0644540345866062;0,1172417687920031;-0,0777638304462808;0,1129;0,9355459654133936;0,4869286301965289;0,7145023449937541;0,9355459654133936
ToN-IoT;FGSM;distributive;10;10;2048;2;356,0120952129364;146,86857557296753;27,420692269421217;0,45511620744391;0,9994577006507592;0,2861001583408364;0,4448574669917208;0,2938982692827688;0,0005;0,7138998416591635;0,6439899174143874;0,9153787535560388;0,7138998416591635;0,1809092847496979;0,115234375;0,010990716880375;0,0200674584053739;-0,4268814610083372;0,2718;0,989009283119625;0,5398878760594865;0,6728673587790084;0,989009283119625
ToN-IoT;RANDOM_LINF;distributive;10;10;2048;2;356,0120952129364;18,32860279083252;9,841502996991164;0,45511620744391;0,9994577006507592;0,2861001583408364;0,4448574669917208;0,2938982692827688;0,0005;0,7138998416591635;0,6439899174143874;0,9153787535560388;0,7138998416591635;0,3567011774739984;0,8608335712246645;0,1872458008631128;0,3075863827616983;0,1025599626013877;0,0975;0,8127541991368872;0,5452374584743395;0,8194499953795471;0,8127541991368872
ToN-IoT;RANDOM_L2;distributive;10;10;2048;2;356,0120952129364;17,371631145477295;9,633016655215714;0,45511620744391;0,9994577006507592;0,2861001583408364;0,4448574669917208;0,2938982692827688;0,0005;0,7138998416591635;0,6439899174143874;0,9153787535560388;0,7138998416591635;0,3587860408917529;0,8621515066178541;0,1901021453630972;0,3115158607005672;0,1047954564032131;0,0979;0,8098978546369028;0,5416954562389394;0,8193115785282163;0,8098978546369028
ToN-IoT;C&W;distributive;10;10;2048;2;356,0120952129364;19,1728675365448;21,289298490843187;0,45511620744391;0,9994577006507592;0,2861001583408364;0,4448574669917208;0,2938982692827688;0,0005;0,7138998416591635;0,6439899174143874;0,9153787535560388;0,7138998416591635;0,2422232225354782;0,5648148148148148;0,0303020894780961;0,0575183428116804;-0,0963423566684534;0,0752;0,9696979105219038;0,5127721102797355;0,686350403105995;0,9696979105219038
ToN-IoT;FGSM;distributive;10;10;2048;3;362,5630514621735;145,39258742332458;27,091378615934996;0,4573432206401478;0,9989274989274988;0,2891738334006023;0,4485108227192834;0,295354171354345;0,001;0,7108261665993977;0,6463932627526467;0,9158179413766568;0,7108261665993977;0,1864294344807979;0,282061771323379;0,0428141202769412;0,0743436303843873;-0,4094685222277942;0,351;0,9571858797230588;0,5420027228414419;0,7446987164129467;0,9571858797230588
ToN-IoT;RANDOM_LINF;distributive;10;10;2048;3;362,5630514621735;18,402917623519897;12,41204482456348;0,4573432206401478;0,9989274989274988;0,2891738334006023;0,4485108227192834;0,295354171354345;0,001;0,7108261665993977;0,6463932627526467;0,9158179413766568;0,7108261665993977;0,333222772394513;0,9088714544357273;0,1402713527274985;0,2430338891877353;0,1252755128327305;0,0453;0,8597286472725014;0,5504289173833401;0,829159663735225;0,8597286472725014
ToN-IoT;RANDOM_L2;distributive;10;10;2048;3;362,5630514621735;17,55215096473694;12,393091520765717;0,4573432206401478;0,9989274989274988;0,2891738334006023;0,4485108227192834;0,295354171354345;0,001;0,7108261665993977;0,6463932627526467;0,9158179413766568;0,7108261665993977;0,3334123054324907;0,9162068260780708;0,1391846999285914;0,2416581316371085;0,1304059141152929;0,041;0,8608153000714086;0,5481993029898476;0,8297336458044947;0,8608153000714086
ToN-IoT;C&W;distributive;10;10;2048;3;362,5630514621735;18,34655356407165;19,863062380061123;0,4573432206401478;0,9989274989274988;0,2891738334006023;0,4485108227192834;0,295354171354345;0,001;0,7108261665993977;0,6463932627526467;0,9158179413766568;0,7108261665993977;0,2587125968395365;0,8006535947712419;0,0380328479617498;0,0726162601144076;0,017136296706956;0,0305;0,9619671520382502;0,5047741407681082;0,7797772830339763;0,9619671520382502
ToN-IoT;FGSM;distributive;10;15;1024;2;241,77682209014893;88,82597184181213;24,21521476462366;0,4604705157667796;0,9992592592592592;0,2931789251451457;0,4533474159245301;0,2983334678771174;0,0007;0,7068210748548542;0,6475438635164085;0,916022333823378;0,7068210748548542;0,218318368120543;0,4332369450586834;0,0790772765376137;0,1337429111531191;-0,3120668899018175;0,3332;0,9209227234623862;0,539675645006054;0,838542942697467;0,9209227234623862
ToN-IoT;RANDOM_LINF;distributive;10;15;1024;2;241,77682209014893;11,838906288146973;12,606316188490608;0,4604705157667796;0,9992592592592592;0,2931789251451457;0,4533474159245301;0,2983334678771174;0,0007;0,7068210748548542;0,6475438635164085;0,916022333823378;0,7068210748548542;0,3344073538818735;0,8737511353315168;0,1493371417926666;0,2550776899824998;0,1007994683592625;0,0695;0,8506628582073333;0,5380550964016269;0,8141646554634201;0,8506628582073333
ToN-IoT;RANDOM_L2;distributive;10;15;1024;2;241,77682209014893;11,253961086273192;12,47838138785567;0,4604705157667796;0,9992592592592592;0,2931789251451457;0,4533474159245301;0,2983334678771174;0,0007;0,7068210748548542;0,6475438635164085;0,916022333823378;0,7068210748548542;0,3356867018882229;0,8755179246982525;0,1508895029339625;0,2574152542372881;0,1029001937313332;0,0691;0,8491104970660375;0,5373251979260456;0,8134255640748729;0,8491104970660375
ToN-IoT;C&W;distributive;10;15;1024;2;241,77682209014893;11,92317533493042;19,57165533417044;0,4604705157667796;0,9992592592592592;0,2931789251451457;0,4533474159245301;0,2983334678771174;0,0007;0,7068210748548542;0,6475438635164085;0,916022333823378;0,7068210748548542;0,2647539624250752;0,7127852227453821;0,061100934521407;0,1125536173863311;-0,0312962289450099;0,0793;0,9388990654785928;0,5218123754230185;0,7446606466333834;0,9388990654785928
ToN-IoT;FGSM;distributive;10;15;1024;3;244,73750948905945;93,42628693580627;26,75258831054988;0,4704920751498495;0,9983823678091194;0,3065913254059424;0,4691211401425178;0,3061496510293829;0,0016;0,6934086745940575;0,6458309416622684;0,9157161756412908;0,6934086745940575;0,2029661920443507;0,3709706464973888;0,0639572790213915;0,1091043906572745;-0,3589376757885005;0,3493;0,9360427209786084;0,5235897528641063;0,7563142767431128;0,9360427209786084
ToN-IoT;RANDOM_LINF;distributive;10;15;1024;3;244,73750948905945;11,599061965942385;12,639484470136695;0,4704920751498495;0,9983823678091194;0,3065913254059424;0,4691211401425178;0,3061496510293829;0,0016;0,6934086745940575;0,6458309416622684;0,9157161756412908;0,6934086745940575;0,3440972304484825;0,8694870957203529;0,1652643671023627;0,2777386449609976;0,1030725909367169;0,0799;0,8347356328976373;0,5409371883635009;0,8136286866762387;0,8347356328976373
ToN-IoT;RANDOM_L2;distributive;10;15;1024;3;244,73750948905945;11,105398893356323;12,551825440072015;0,4704920751498495;0,9983823678091194;0,3065913254059424;0,4691211401425178;0,3061496510293829;0,0016;0,6934086745940575;0,6458309416622684;0,9157161756412908;0,6934086745940575;0,3449738207491293;0,8684763289707546;0,1668788226893104;0,2799624980467732;0,1027460316237987;0,0814;0,8331211773106896;0,5387804480114253;0,8122023443637841;0,8331211773106896
ToN-IoT;C&W;distributive;10;15;1024;3;244,73750948905945;10,342918395996094;21,682579544646877;0,4704920751498495;0,9983823678091194;0,3065913254059424;0,4691211401425178;0,3061496510293829;0,0016;0,6934086745940575;0,6458309416622684;0,9157161756412908;0,6934086745940575;0,2536662797033808;0,7794466403162056;0,0306125617063553;0,0589113939176674;0,0067643777154033;0,0279;0,9693874382936446;0,5003842559533049;0,766272902053229;0,9693874382936446
ToN-IoT;FGSM;distributive;10;15;2048;2;240,32931685447693;89,59098696708679;21,372219194958426;0,4597834585041105;0,9985161632220456;0,2924958862429755;0,4524541350494669;0,2970906690505439;0,0014;0,7075041137570245;0,6469385280511659;0,915937744774087;0,7075041137570245;0,2460612665545263;0,5289963942307693;0,109317271570058;0,1811913032291264;-0,2382115639849784;0,3135;0,8906827284299419;0,5388708311341551;0,6857342815854024;0,8906827284299419
ToN-IoT;RANDOM_LINF;distributive;10;15;2048;2;240,32931685447693;10,056665420532228;11,72024923594494;0,4597834585041105;0,9985161632220456;0,2924958862429755;0,4524541350494669;0,2970906690505439;0,0014;0,7075041137570245;0,6469385280511659;0,915937744774087;0,7075041137570245;0,3425809661446611;0,8416053921568627;0,1705734422055947;0,283656452487286;0,078991005613833;0,1034;0,8294265577944053;0,5316703079884505;0,8013376198409718;0,8294265577944053
ToN-IoT;RANDOM_L2;distributive;10;15;2048;2;240,32931685447693;9,478208541870115;11,860029851453485;0,4597834585041105;0,9985161632220456;0,2924958862429755;0,4524541350494669;0,2970906690505439;0,0014;0,7075041137570245;0,6469385280511659;0,915937744774087;0,7075041137570245;0,3411831599895756;0,8382782475019216;0,169300506069732;0,281706876065506;0,0754862744264136;0,1052;0,830699493930268;0,5311797913626627;0,8007763103386025;0,830699493930268
ToN-IoT;C&W;distributive;10;15;2048;2;240,32931685447693;10,804688453674316;19,81804828354143;0,4597834585041105;0,9985161632220456;0,2924958862429755;0,4524541350494669;0,2970906690505439;0,0014;0,7075041137570245;0,6469385280511659;0,915937744774087;0,7075041137570245;0,2616029756686962;0,6891793754538853;0,0589276289235927;0,1085719188856791;-0,0459216256032713;0,0856;0,9410723710764072;0,5006418252662299;0,7485324642017168;0,9410723710764072
ToN-IoT;FGSM;distributive;10;15;2048;3;244,8685507774353;92,88120579719543;19,190220095240356;0,4618446302921178;0,9987392309308678;0,2951349001831786;0,4556282502935749;0,2990562081923784;0,0012;0,7048650998168214;0,6487963441895122;0,9162544816200386;0,7048650998168214;0,2699424293397143;0,5778075463273052;0,1607004253469527;0,2514635509024218;-0,2261721612916898;0,3782;0,8392995746530473;0,5270008972647398;0,7939571262253463;0,8392995746530473
ToN-IoT;RANDOM_LINF;distributive;10;15;2048;3;244,8685507774353;11,912224054336548;10,144755857755456;0,4618446302921178;0,9987392309308678;0,2951349001831786;0,4556282502935749;0,2990562081923784;0,0012;0,7048650998168214;0,6487963441895122;0,9162544816200386;0,7048650998168214;0,3603970717145632;0,8266482827776385;0,2047564345369306;0,3282155921069002;0,0721720179791063;0,1383;0,7952435654630693;0,5279719317582043;0,7984981690444934;0,7952435654630693
ToN-IoT;RANDOM_L2;distributive;10;15;2048;3;244,8685507774353;10,62069296836853;10,135279205856571;0,4618446302921178;0,9987392309308678;0,2951349001831786;0,4556282502935749;0,2990562081923784;0,0012;0,7048650998168214;0,6487963441895122;0,9162544816200386;0,7048650998168214;0,3604918382335521;0,8215782983970407;0,2068676456890931;0,3305141496564895;0,0670921629244391;0,1447;0,7931323543109069;0,5277555776335807;0,7969830158486136;0,7931323543109069
ToN-IoT;C&W;distributive;10;15;2048;3;244,8685507774353;12,226870775222778;16,179013954369925;0,4618446302921178;0,9987392309308678;0,2951349001831786;0,4556282502935749;0,2990562081923784;0,0012;0,7048650998168214;0,6487963441895122;0,9162544816200386;0,7048650998168214;0,3000544907484185;0,7457127051447539;0,1255549691080132;0,2149234693877551;-0,0156862710918175;0,1379;0,8744450308919867;0,5223870641746097;0,7474932681543196;0,8744450308919867
ToN-IoT;FGSM;distributive;10;20;1024;2;183,86088705062863;65,65039324760437;22,526001563647565;0,4710606742637826;0,9984868354685766;0,3073054115309385;0,4699681876454109;0,3067304316774565;0,0015;0,6926945884690614;0,6463303983358689;0,9158069959130322;0,6926945884690614;0,2458006586273069;0,5269280482550625;0,1139122605482939;0,1873276830389053;-0,2468641752058416;0,3294;0,886087739451706;0,5720664845229595;0,8316597625794093;0,886087739451706
ToN-IoT;RANDOM_LINF;distributive;10;20;1024;2;183,86088705062863;7,699467658996582;13,790897675851122;0,4710606742637826;0,9984868354685766;0,3073054115309385;0,4699681876454109;0,3067304316774565;0,0015;0,6926945884690614;0,6463303983358689;0,9158069959130322;0,6926945884690614;0,3331516975052714;0,8378243512974052;0,15638486137415;0,2635723816749954;0,0716385031363071;0,0975;0,8436151386258499;0,5337457868918625;0,7990682385115926;0,8436151386258499
ToN-IoT;RANDOM_L2;distributive;10;20;1024;2;183,86088705062863;7,174359321594238;13,388139970148549;0,4710606742637826;0,9984868354685766;0,3073054115309385;0,4699681876454109;0,3067304316774565;0,0015;0,6926945884690614;0,6463303983358689;0,9158069959130322;0,6926945884690614;0,3371792745622971;0,8467715503113733;0,1604210003415194;0,2697397614262222;0,0809131744834234;0,0935;0,8395789996584806;0,5309880297432394;0,799902933563408;0,8395789996584806
ToN-IoT;C&W;distributive;10;20;1024;2;183,86088705062863;7,750312328338623;21,42907910635173;0,4710606742637826;0,9984868354685766;0,3073054115309385;0,4699681876454109;0,3067304316774565;0,0015;0,6926945884690614;0,6463303983358689;0,9158069959130322;0,6926945884690614;0,2567698832002653;0,722872340425532;0,0421931758204228;0,079732465018041;-0,0204190449342925;0,0521;0,9578068241795772;0,5139794995187681;0,7565682401328977;0,9578068241795772
ToN-IoT;FGSM;distributive;10;20;1024;3;234,9236037731171;64,58790993690491;23,267549574735245;0,4734298372385036;0,9987011689479468;0,3103480393678785;0,4735420910512103;0,3089522290580277;0,0013;0,6896519606321214;0,649696089602285;0,9164251800839438;0,6896519606321214;0,2407543414911511;0,5104006163328197;0,1234127107330249;0,1987649073680526;-0,2826791942965642;0,3813;0,876587289266975;0,5990624390698251;0,8630862580299802;0,876587289266975
ToN-IoT;RANDOM_LINF;distributive;10;20;1024;3;234,9236037731171;7,770790338516235;14,451894145798288;0,4734298372385036;0,9987011689479468;0,3103480393678785;0,4735420910512103;0,3089522290580277;0,0013;0,6896519606321214;0,649696089602285;0,9164251800839438;0,6896519606321214;0,3289108957805207;0,8511484897811539;0,1461082306187711;0,2494037839843129;0,0804132035547903;0,0823;0,8538917693812289;0,5286638501661027;0,8013732343227301;0,8538917693812289
ToN-IoT;RANDOM_L2;distributive;10;20;1024;3;234,9236037731171;7,6034345626831055;14,56798313155962;0,4734298372385036;0,9987011689479468;0,3103480393678785;0,4735420910512103;0,3089522290580277;0,0013;0,6896519606321214;0,649696089602285;0,9164251800839438;0,6896519606321214;0,3277500059229074;0,8504570383912249;0,1444316805861715;0,2469279970275219;0,0792912669434993;0,0818;0,8555683194138284;0,5315085395386383;0,8015627752699347;0,8555683194138284
ToN-IoT;C&W;distributive;10;20;1024;3;234,9236037731171;9,22887372970581;20,990783956028334;0,4734298372385036;0,9987011689479468;0,3103480393678785;0,4735420910512103;0,3089522290580277;0,0013;0,6896519606321214;0,649696089602285;0,9164251800839438;0,6896519606321214;0,2635219976782202;0,6981997882103776;0,0614114067496662;0,1128930997089207;-0,0409318122723945;0,0855;0,9385885932503336;0,5171425626377721;0,752354088704061;0,9385885932503336
ToN-IoT;FGSM;distributive;10;20;2048;2;184,5586245059967;68,24493956565857;25,127342509891253;0,4709422161150465;0,9989896948878562;0,3069949393026793;0,4696606264991569;0,3070817028857968;0,001;0,6930050606973206;0,6560921419479028;0,91760712552657;0,6930050606973206;0,219668791016134;0,4520168731874505;0,1064609270700735;0,1723332076894082;-0,3424476704976726;0,4157;0,8935390729299264;0,5205812490297742;0,6715847442779721;0,8935390729299264
ToN-IoT;RANDOM_LINF;distributive;10;20;2048;2;184,5586245059967;7,840626955032349;15,482480039801938;0,4709422161150465;0,9989896948878562;0,3069949393026793;0,4696606264991569;0,3070817028857968;0,001;0,6930050606973206;0,6560921419479028;0,91760712552657;0,6930050606973206;0,3161174157170272;0,8581529890722092;0,1243441274178024;0,2172144484217377;0,0788346011851482;0,0662;0,8756558725821976;0,5266634574187339;0,7979630546521025;0,8756558725821976
ToN-IoT;RANDOM_L2;distributive;10;20;2048;2;184,5586245059967;7,818131685256958;15,273993698026487;0,4709422161150465;0,9989896948878562;0,3069949393026793;0,4696606264991569;0,3070817028857968;0,001;0,6930050606973206;0,6560921419479028;0,91760712552657;0,6930050606973206;0,3182022791347816;0,8597190186621934;0,1272936135862647;0,2217534750392125;0,0811144177989085;0,0669;0,8727063864137353;0,5270910009624639;0,7991197820160586;0,8727063864137353
ToN-IoT;C&W;distributive;10;20;2048;2;184,5586245059967;8,062522888183594;14,59878225023099;0,4709422161150465;0,9989896948878562;0,3069949393026793;0,4696606264991569;0,3070817028857968;0,001;0,6930050606973206;0,6560921419479028;0,91760712552657;0,6930050606973206;0,3249543936127366;0,8044903310390036;0,1524108168524325;0,2562710448696197;0,0400337904035689;0,1193;0,8475891831475675;0,5316485531994164;0,786821435035679;0,8475891831475675
ToN-IoT;FGSM;distributive;10;20;2048;3;234,79547119140625;64,98460698127747;24,454500225070483;0,4703973086308607;0,9991895451322056;0,3062187587320314;0,4687737642585551;0,3067942206513266;0,0008;0,6937812412679686;0,6482909978577416;0,916161966376582;0,6937812412679686;0,2258523063801558;0,4676637584822047;0,1048464714831258;0,1712908952574182;-0,3156424222800597;0,3844;0,8951535285168741;0,5193121239405135;0,6725272739676532;0,8951535285168741
ToN-IoT;RANDOM_LINF;distributive;10;20;2048;3;234,79547119140625;7,60370397567749;14,38318841953138;0,4703973086308607;0,9991895451322056;0,3062187587320314;0,4687737642585551;0,3067942206513266;0,0008;0,6937812412679686;0,6482909978577416;0,916161966376582;0,6937812412679686;0,3265654244355469;0,8569811320754717;0,1410164860753205;0,242181876349676;0,0836839057058452;0,0758;0,8589835139246794;0,5350289918966749;0,8009079853706728;0,8589835139246794
ToN-IoT;RANDOM_L2;distributive;10;20;2048;3;234,79547119140625;7,341403484344482;14,338174323011682;0,4703973086308607;0,9991895451322056;0,3062187587320314;0,4687737642585551;0,3067942206513266;0,0008;0,6937812412679686;0,6482909978577416;0,916161966376582;0,6937812412679686;0,3270155654007439;0,8608844182956917;0,140830202738365;0,2420620097123645;0,0868708616944257;0,0733;0,8591697972616349;0,5349472243782794;0,8009713396616518;0,8591697972616349
ToN-IoT;C&W;distributive;10;20;2048;3;234,79547119140625;9,91752791404724;20,47667559051387;0,4703973086308607;0,9991895451322056;0,3062187587320314;0,4687737642585551;0,3067942206513266;0,0008;0,6937812412679686;0,6482909978577416;0,916161966376582;0,6937812412679686;0,265630552725722;0,6813285457809695;0,0706945263746157;0,1280976625130094;-0,056382497663299;0,1065;0,9293054736253842;0,4761168601943556;0,7373491085023693;0,9293054736253842
ToN-IoT;HSJA;distributive;1;5;1024;2;70,64260077476501;11,237017393112184;-0,0213224667724887;0,2369162974721031;0,0;0,0;0,0;0,0;0,0;1,0;0,50405;0,8822754462590201;1,0;0,237129522139828;0,7647058823529411;0,0004036138967369;0,0008068019611493;7,658167176742702e-05;0,0004;0,9995963861032632;0,497474423297836;0,7634444315991636;0,9995963861032632
ToN-IoT;BPDA;distributive;1;5;1024;2;70,64260077476501;15,752519845962524;-1,2888246582482417;0,2369162974721031;0,0;0,0;0,0;0,0;0,0;1,0;0,50405;0,8822754462590201;1,0;0,2498045440545855;0,8366336633663366;0,0209879226303207;0,0409486022352121;0,02416568738693;0,0132;0,9790120773696792;0,4802154025272439;0,7942280578481552;0,9790120773696792
ToN-IoT;HSJA;distributive;1;5;1024;3;72,01009607315063;11,47933053970337;-0,2369162974721034;0,2369399891018503;1,0;3,104722282591822e-05;6,209251785159888e-05;0,0027121517931016;0,0;0,999968952777174;0,5001;0,8815599308171631;0,999968952777174;0,2393091520765713;0,8435374149659864;0,0038498556304138;0,007664729880084;0,0111860366822475;0,0023;0,9961501443695862;0,499443374522649;0,8031040810703006;0,9961501443695862
ToN-IoT;BPDA;distributive;1;5;1024;3;72,01009607315063;20,278185844421387;-3,323935653533605;0,2369399891018503;1,0;3,104722282591822e-05;6,209251785159888e-05;0,0027121517931016;0,0;0,999968952777174;0,5001;0,8815599308171631;0,999968952777174;0,2701793456371864;0,787940935192781;0,0596417150485889;0,110889831731463;0,0144744748143045;0,0517;0,940358284951411;0,5035142553323606;0,7811037488961579;0,940358284951411
ToN-IoT;HSJA;distributive;1;5;2048;2;70,69295120239258;11,166220903396606;0,0;0,2369162974721031;0,0;0,0;0,0;0,0;0,0;1,0;0,50025;0,8815870533598711;1,0;0,2369162974721031;0,0;0,0;0,0;0,0;0,0;1,0;0,4992547890341209;0,8811236615288475;1,0
ToN-IoT;BPDA;distributive;1;5;2048;2;70,69295120239258;20,901842832565308;0,0;0,2369162974721031;0,0;0,0;0,0;0,0;0,0;1,0;0,50025;0,8815870533598711;1,0;0,2369162974721031;0,5;3,104722282591822e-05;6,209059017105958e-05;-0,0042592501110255;0,0001;0,999968952777174;0,4819028330590829;0,6360763000198066;0,999968952777174
ToN-IoT;HSJA;distributive;1;5;2048;3;71,63298988342285;11,146259069442747;1,5826008671136509;0,2527423061432396;1,0;0,0207395448477133;0,0406363110989445;0,0706579669187495;0,0;0,9792604551522868;0,5005;0,8816322661674447;0,9792604551522868;0,2369162974721031;0,0;0,0;0,0;0,0;0,0;1,0;0,5001211105591604;0,8801848453200837;1,0
ToN-IoT;BPDA;distributive;1;5;2048;3;71,63298988342285;16,468076944351196;1,4759885332512046;0,2527423061432396;1,0;0,0207395448477133;0,0406363110989445;0,0706579669187495;0,0;0,9792604551522868;0,5005;0,8816322661674447;0,9792604551522868;0,2379824208107275;0,6991150442477876;0,0024527306032475;0,0048883113668708;-0,0077947553802962;0,0034;0,9975472693967524;0,4902671303051942;0,8741951983463162;0,9975472693967524
ToN-IoT;HSJA;distributive;1;10;1024;2;39,68735766410828;5,836427927017212;0,7533938259612877;0,2457769669975597;0,9973404255319148;0,0116427085597193;0,0230167254871873;0,0522327538137475;0,0001;0,9883572914402806;0,5006999999999999;0,8816684441284512;0,9883572914402806;0,2382430287379469;0,8888888888888888;0,0019870222608587;0,0039651807564821;0,0122306469490004;0,0008;0,9980129777391412;0,4996557126889999;0,8313947328760641;0,9980129777391412
ToN-IoT;BPDA;distributive;1;10;1024;2;39,68735766410828;10,796210289001465;0,3530052832334346;0,2457769669975597;0,9973404255319148;0,0116427085597193;0,0230167254871873;0,0522327538137475;0,0001;0,9883572914402806;0,5006999999999999;0,8816684441284512;0,9883572914402806;0,2422469141652254;0,7151051625239006;0,0116116613368934;0,0228522546743248;-0,0126391888495587;0,0149;0,9883883386631066;0,5022277608742899;0,7855776249094;0,9883883386631066
ToN-IoT;HSJA;distributive;1;10;1024;3;40,313472270965576;5,871333837509155;0,7225947072899142;0,2444739273614632;1,0;0,0099040640814679;0,0196138711264141;0,0486240960531837;0,0;0,990095935918532;0,500715501878357;0,8816721179946337;0,990095935918532;0,237247980288564;0,6521739130434783;0,0009314166847775;0,001860176716788;-0,0086158769341331;0,0016;0,9990685833152224;0,5000761045049521;0,7086762962318888;0,9990685833152224
ToN-IoT;BPDA;distributive;1;10;1024;3;40,313472270965576;8,396106481552124;-1,8858537278779424;0,2444739273614632;1,0;0,0099040640814679;0,0196138711264141;0,0486240960531837;0,0;0,990095935918532;0,500715501878357;0,8816721179946337;0,990095935918532;0,2633324646402426;0,9352068696330992;0,03719457294545;0,0715437444013138;0,0716176513466839;0,0083;0,96280542705455;0,5031496351951318;0,843968794854761;0,96280542705455
ToN-IoT;HSJA;distributive;1;10;2048;2;39,51562142372131;5,806017160415649;0,0047383259494437;0,2369399891018503;0,6666666666666666;6,209444565183644e-05;0,0001241773252204;-0,0019118056835661;0,0001;0,999937905554348;0,5005999999999999;0,8816503542905894;0,999937905554348;0,2368926058423558;0,0;0,0;0,0;-0,008735569710401;0,0001;1,0;0,4998595190785184;0,8801443417670295;1,0
ToN-IoT;BPDA;distributive;1;10;2048;2;39,51562142372131;8,691318273544312;-0,1231964746854941;0,2369399891018503;0,6666666666666666;6,209444565183644e-05;0,0001241773252204;-0,0019118056835661;0,0001;0,999937905554348;0,5005999999999999;0,8816503542905894;0,999937905554348;0,2381719538487052;0,6305418719211823;0,0039740445217175;0,0078983092681722;-0,0216701422382731;0,0075;0,9960259554782824;0,4880525738147722;0,8742531415377504;0,9960259554782824
ToN-IoT;HSJA;distributive;1;10;2048;3;40,02623581886292;5,884298801422119;-0,0307991186713735;0,2369636807315975;1,0;6,209444565183644e-05;0,0001241811803421;0,0038356072862582;0,0;0,999937905554348;0,50345;0,8821665875652587;0,999937905554348;0,2372716719183112;0,9411764705882352;0,0004967555652146;0,0009929870291069;0,0084076017326729;0,0001;0,9995032444347852;0,5005908069173214;0,851111189554745;0,9995032444347852
ToN-IoT;BPDA;distributive;1;10;2048;3;40,02623581886292;10,886465311050417;-0,2795612310170836;0,2369636807315975;1,0;6,209444565183644e-05;0,0001241811803421;0,0038356072862582;0,0;0,999937905554348;0,50345;0,8821665875652587;0,999937905554348;0,2397592930417683;0,655440414507772;0,0078549473749573;0,015523853351741;-0,0243214497563538;0,0133;0,9921450526250428;0,4766042286317489;0,7382269187177963;0,9921450526250428
ToN-IoT;HSJA;distributive;1;15;1024;2;29,120909214019772;3,937493085861206;-0,2369162974721034;0,2369399891018503;0,6666666666666666;6,209444565183644e-05;0,0001241773252204;-0,0019118056835661;0,0001;0,999937905554348;0,5042;0,8823026706231454;0,999937905554348;0,2393091520765713;0,8531468531468531;0,003787761184762;0,0075420375865479;0,0123499724262111;0,0021;0,996212238815238;0,5003593296904592;0,8097135387540713;0,996212238815238
ToN-IoT;BPDA;distributive;1;15;1024;2;29,120909214019772;8,25153923034668;-5,560425501670258;0,2369399891018503;0,6666666666666666;6,209444565183644e-05;0,0001241773252204;-0,0019118056835661;0,0001;0,999937905554348;0,5042;0,8823026706231454;0,999937905554348;0,2925442441185529;0,8022657054582905;0,0967431463255611;0,1726650597068683;0,0293360477640003;0,0768;0,9032568536744388;0,4936643655500016;0,793534257148066;0,9032568536744388
ToN-IoT;HSJA;distributive;1;15;1024;3;29,310301065444943;4,049195766448975;0,0094766518988848;0,2369399891018503;0,5714285714285714;0,0001241888913036;0,0002483238142537;-0,0058052295437656;0,0003;0,9998758111086964;0,5032;0,8821212480721319;0,9998758111086964;0,2368452225828614;0,0;0,0;0,0;-0,0151308090577401;0,0003;1,0;0,4970417647241454;0,8773906886988947;1,0
ToN-IoT;BPDA;distributive;1;15;1024;3;29,310301065444943;7,468991994857788;-0,400388542727853;0,2369399891018503;0,5714285714285714;0,0001241888913036;0,0002483238142537;-0,0058052295437656;0,0003;0,9998758111086964;0,5032;0,8821212480721319;0,9998758111086964;0,2409438745291288;0,7297297297297297;0,0083827501629979;0,0165750943859541;-0,0073769056139105;0,01;0,991617249837002;0,4956968564686888;0,8724806169566115;0,991617249837002
ToN-IoT;HSJA;distributive;1;15;2048;2;29,180646896362305;3,974395275115967;-0,1539955933568676;0,2369636807315975;0,6666666666666666;0,0001241888913036;0,0002483315225826;-0,0027037976209168;0,0002;0,9998758111086964;0,5076;0,8829207979646669;0,9998758111086964;0,2385036366651662;0,8316831683168316;0,0026079667173771;0,0051996285979572;0,0079016093723983;0,0017;0,9973920332826228;0,4995821587134031;0,8054429500400713;0,9973920332826228
ToN-IoT;BPDA;distributive;1;15;2048;2;29,180646896362305;7,289549112319946;-1,6299841266080697;0,2369636807315975;0,6666666666666666;0,0001241888913036;0,0002483315225826;-0,0027037976209168;0,0002;0,9998758111086964;0,5076;0,8829207979646669;0,9998758111086964;0,2532635219976782;0,7586206896551724;0,0314197894998292;0,0603404585159347;-0,0018962413551458;0,0322;0,9685802105001708;0,4704664550280977;0,7629279860216561;0,9685802105001708
ToN-IoT;HSJA;distributive;1;15;2048;3;29,4823317527771;4,087601184844971;-0,0876590300646767;0,2371769053993224;0,9230769230769232;0,000372566673911;0,0007448327229842;0,0066047146224132;0,0001;0,9996274333260888;0,5006999999999999;0,8816684441284512;0,9996274333260888;0,2380534956999692;0,7352941176470589;0,0023285417119438;0,0046423818513818;-0,0032167805747605;0,0027;0,997671458288056;0,4993109239653513;0,7526870251170592;0,997671458288056
ToN-IoT;BPDA;distributive;1;15;2048;3;29,4823317527771;6,29123592376709;-3,406856357648844;0,2371769053993224;0,9230769230769232;0,000372566673911;0,0007448327229842;0,0066047146224132;0,0001;0,9996274333260888;0,5006999999999999;0,8816684441284512;0,9996274333260888;0,2712454689758108;0,7883008356545961;0,061504548418144;0,1141063302805138;0,0149222744909773;0,0532;0,938495451581856;0,493468546058555;0,7941695922461233;0,938495451581856
ToN-IoT;HSJA;distributive;1;20;1024;2;23,78404998779297;3,11269474029541;-0,0023691629747218;0,2370347556208391;0,7777777777777778;0,0002173305597814;0,0004345396983052;0,0005046888746439;0,0002;0,9997826694402184;0,50725;0,8828570749334348;0,9997826694402184;0,2370584472505863;0,75;0,0002794250054332;0,0005586418795195;-0,0005189158533011;0,0003;0,9997205749945668;0,4981347496041479;0,8296060145591111;0,9997205749945668
ToN-IoT;BPDA;distributive;1;20;1024;2;23,78404998779297;5,922226905822754;-0,9595110047620204;0,2370347556208391;0,7777777777777778;0,0002173305597814;0,0004345396983052;0,0005046888746439;0,0002;0,9997826694402184;0,50725;0,8828570749334348;0,9997826694402184;0,2466298656684593;0,9183673469387756;0,0139712502716632;0,02752377748555;0,0395797687658963;0,004;0,9860287497283368;0,4867060790462293;0,8678118219868467;0,9860287497283368
ToN-IoT;HSJA;distributive;1;20;1024;3;24,147103309631348;3,16455626487732;0,4264493354497856;0,2410386410481177;0,967741935483871;0,0055885001086652;0,0111128260534033;0,0320227487563202;0,0006;0,9944114998913348;0,50475;0,8824025264757562;0,9944114998913348;0,2367741476936198;0,0;0,0;0,0;-0,021398955910913;0,0006;1,0;0,4977953553354651;0,8793133168795486;1,0
ToN-IoT;BPDA;distributive;1;20;1024;3;24,147103309631348;6,0129711627960205;0,0355374446208145;0,2410386410481177;0,967741935483871;0,0055885001086652;0,0111128260534033;0,0320227487563202;0,0006;0,9944114998913348;0,50475;0,8824025264757562;0,9944114998913348;0,2406832666019095;0,7054263565891473;0,0084758918314756;0,0167505215363848;-0,0130444019695445;0,0114;0,9915241081685244;0,4459792666645969;0,8505476453500598;0,9915241081685244
ToN-IoT;HSJA;distributive;1;20;2048;2;23,736680269241333;3,098240852355957;1,0448008718519723;0,2479329053045559;0,9957356076759062;0,0144990530597038;0,0285819205581736;0,0580007026259556;0,0002;0,9855009469402962;0,5015000000000001;0,881813224590436;0,9855009469402962;0,2374848965860361;0,6304347826086957;0,0018007389239032;0,0035912200860654;-0,0145809345275586;0,0034;0,9981992610760968;0,4976216864851439;0,6975404079325962;0,9981992610760968
ToN-IoT;BPDA;distributive;1;20;2048;2;23,736680269241333;6,0907487869262695;0,2606079272193112;0,2479329053045559;0,9957356076759062;0,0144990530597038;0,0285819205581736;0,0580007026259556;0,0002;0,9855009469402962;0,5015000000000001;0,881813224590436;0,9855009469402962;0,2453268260323627;0,8406909788867563;0,0135986835977521;0,0267644362969752;0,0204047940671658;0,0083;0,9864013164022478;0,5024690692042596;0,7992173073786663;0,9864013164022478
ToN-IoT;HSJA;distributive;1;20;2048;3;23,988025665283203;3,2792680263519287;0,7913004335568269;0,2455637423298348;0,9919137466307276;0,0114253779999379;0,0225905463474524;0,0506793438906627;0,0003;0,988574622000062;0,50715;0,8828388722483715;0,988574622000062;0,2376507379942666;0,6781609195402298;0,0018317861467291;0,0036537032449838;-0,0090770723017954;0,0028;0,9981682138532708;0,4953923359930454;0,7328916535274356;0,9981682138532708
ToN-IoT;BPDA;distributive;1;20;2048;3;23,988025665283203;5,774383783340454;-5,212158544386266;0,2455637423298348;0,9919137466307276;0,0114253779999379;0,0225905463474524;0,0506793438906627;0,0003;0,988574622000062;0,50715;0,8828388722483715;0,988574622000062;0,2976853277736975;0,8039819862526665;0,1053121798255146;0,1862303722411332;0,0320546944733266;0,0827;0,8946878201744853;0,5017012806979415;0,795121490040066;0,8946878201744853
ToN-IoT;HSJA;distributive;2;5;1024;2;135,79985785484314;22,285569429397583;0,0023691629747218;0,2383851785164301;0,9696969696969696;0,0019870222608587;0,0039659178931061;0,0192302039993095;0,0002;0,9980129777391412;0,5008;0,8816865356812742;0,9980129777391412;0,2383614868866829;0,8279569892473119;0,0023906361575957;0,0047675066559346;0,0071696880423235;0,0016;0,9976093638424044;0,4981163199726784;0,7991805762225239;0,9976093638424044
ToN-IoT;BPDA;distributive;2;5;1024;2;135,79985785484314;32,130263805389404;-0,2463929493709854;0,2383851785164301;0,9696969696969696;0,0019870222608587;0,0039659178931061;0,0192302039993095;0,0002;0,9980129777391412;0,5008;0,8816865356812742;0,9980129777391412;0,24084910801014;0,6224188790560472;0,0131019280325374;0,0256636360872077;-0,0422698396863853;0,0256;0,9868980719674624;0,4744409373156571;0,7221042221830716;0,9868980719674624
ToN-IoT;HSJA;distributive;2;5;1024;3;139,50004029273987;22,62668538093567;0,009476651898882;0,2369636807315975;0,6666666666666666;0,0001241888913036;0,0002483315225826;-0,0027037976209168;0,0002;0,9998758111086964;0,50065;0,8816593989951654;0,9998758111086964;0,2368689142126087;0,0;0,0;0,0;-0,0123541075083093;0,0002;1,0;0,4909089695426743;0,8734100345037425;1,0
ToN-IoT;BPDA;distributive;2;5;1024;3;139,50004029273987;31,82087254524231;-0,395650216778412;0,2369636807315975;0,6666666666666666;0,0001241888913036;0,0002483315225826;-0,0027037976209168;0,0002;0,9998758111086964;0,50065;0,8816593989951654;0,9998758111086964;0,2409201828993816;0,9082125603864736;0,0058368778912726;0,011599210266535;0,0239618534282973;0,0019;0,9941631221087274;0,4862212254338849;0,8698344951343461;0,9941631221087274
ToN-IoT;HSJA;distributive;2;5;2048;2;137,59047770500183;22,351391315460205;-0,1184581487360503;0,2369399891018503;1,0;3,104722282591822e-05;6,209251785159888e-05;0,0027121517931016;0,0;0,999968952777174;0,50005;0,8815508908263836;0,999968952777174;0,2381245705892108;0,6946564885496184;0,0028252972771585;0,0056277056277056;-0,0089795258212112;0,004;0,9971747027228416;0,4994620587413456;0,7285712317633142;0,9971747027228416
ToN-IoT;BPDA;distributive;2;5;2048;2;137,59047770500183;39,34755825996399;-2,345471344973821;0,2369399891018503;1,0;3,104722282591822e-05;6,209251785159888e-05;0,0027121517931016;0,0;0,999968952777174;0,50005;0,8815508908263836;0,999968952777174;0,2603947025515885;0,8567314614830813;0,0369461951628426;0,0708375498541579;0,040628281608496;0,0199;0,9630538048371572;0,4952223508957124;0,8182515848408355;0,9630538048371572
ToN-IoT;HSJA;distributive;2;5;2048;3;139,189190864563;22,601199865341187;-0,1516264303821457;0,2369162974721031;0,0;0,0;0,0;0,0;0,0;1,0;0,5011;0,8817408206319483;1,0;0,2384325617759245;0,8478260869565217;0,0024216833804216;0,0048295718398811;0,0093149884659115;0,0014;0,9975783166195784;0,4973878155174019;0,8044160040646676;0,9975783166195784
ToN-IoT;BPDA;distributive;2;5;2048;3;139,189190864563;31,636144876480103;-0,2985145348148504;0,2369162974721031;0,0;0,0;0,0;0,0;0,0;1,0;0,5011;0,8817408206319483;1,0;0,2399014428202516;0,7282608695652174;0,0062404917880095;0,0123749422810527;-0,0066444206003605;0,0075;0,9937595082119904;0,465817150485889;0,7413377377339225;0,9937595082119904
ToN-IoT;HSJA;distributive;2;10;1024;2;72,49220323562622;11,27790665626526;0,0260607927219325;0,2391433106683408;0,9895833333333334;0,0029494861684622;0,0058814425011608;0,0254338126132633;0,0001;0,9970505138315378;0,5006655034307181;0,8816630731421742;0,9970505138315378;0,2388827027411215;0,8373983739837398;0,0031978639510695;0,0063713967586292;0,0094487581914461;0,002;0,9968021360489304;0,4989056350709429;0,8027766101223589;0,9968021360489304
ToN-IoT;BPDA;distributive;2;10;1024;2;72,49220323562622;15,73354697227478;-1,724750645596912;0,2391433106683408;0,9895833333333334;0,0029494861684622;0,0058814425011608;0,0254338126132633;0,0001;0,9970505138315378;0,5006655034307181;0,8816630731421742;0,9970505138315378;0,25639081712431;0,7290969899665551;0,040609767456301;0,0769343881422227;-0,0168409089849219;0,0486;0,9593902325436988;0,4645067698469372;0,7534199692256104;0,9593902325436988
ToN-IoT;HSJA;distributive;2;10;1024;3;73,18675398826599;11,350728511810305;0,139780615508539;0,2391906939278353;0,9615384615384616;0,0031047222825918;0,0061894593507257;0,0231967848341169;0,0004;0,9968952777174082;0,5013000000000001;0,8817770191783421;0,9968952777174082;0,2377928877727499;0,7126436781609196;0,0019249278152069;0,0038394847659152;-0,0053913417810373;0,0025;0,9980750721847932;0,4779930966500046;0,7474736562142736;0,9980750721847932
ToN-IoT;BPDA;distributive;2;10;1024;3;73,18675398826599;15,568063497543337;-2,878533014286053;0,2391906939278353;0,9615384615384616;0,0031047222825918;0,0061894593507257;0,0231967848341169;0,0004;0,9968952777174082;0,5013000000000001;0,8817770191783421;0,9968952777174082;0,2679760240706958;0,863964464186563;0,0483094787171287;0,091502499264922;0,0500896472957733;0,0245;0,9516905212828712;0,4769515616753082;0,8099631525268755;0,9516905212828712
ToN-IoT;HSJA;distributive;2;10;2048;2;72,50709557533264;11,516839504241943;-0,0213224667724887;0,2383141036271885;0,9402985074626866;0,0019559750380328;0,0039038294708142;0,0166186703593086;0,0004;0,9980440249619672;0,5010654910118291;0,8817354439679124;0,9980440249619672;0,2385273282949134;0,6717171717171717;0,0041292806358471;0,0082081031875829;-0,0147521276941657;0,0065;0,9958707193641528;0,4815253454003539;0,7229745324654675;0,9958707193641528
ToN-IoT;BPDA;distributive;2;10;2048;2;72,50709557533264;15,61536717414856;-3,122556800682319;0,2383141036271885;0,9402985074626866;0,0019559750380328;0,0039038294708142;0,0166186703593086;0,0004;0,9980440249619672;0,5010654910118291;0,8817354439679124;0,9980440249619672;0,2695396716340117;0,8075033497096918;0,0561333788692601;0,1049698095680446;0,0247258664840579;0,0431;0,9438666211307398;0,488381806327424;0,8083428985130925;0,9438666211307398
ToN-IoT;HSJA;distributive;2;10;2048;3;73,81620955467224;11,395592212677002;0,0071074889241629;0,2370584472505863;1,0;0,0001862833369555;0,0003724972838739;0,0066437815240811;0,0;0,9998137166630444;0,5013000000000001;0,8817770191783421;0,9998137166630444;0,2369873723613447;1,0;9,314166847775466e-05;0,0001862659878306;0,0046976960035207;0,0;0,9999068583315224;0,4554825856127168;0,8545982029245469;0,9999068583315224
ToN-IoT;BPDA;distributive;2;10;2048;3;73,81620955467224;15,778895378112791;-1,4736193702764826;0,2370584472505863;1,0;0,0001862833369555;0,0003724972838739;0,0066437815240811;0,0;0,9998137166630444;0,5013000000000001;0,8817770191783421;0,9998137166630444;0,2517946409533512;0,7730434782608696;0,0276009810922412;0,0532989598009532;0,0039202226907842;0,0261;0,9723990189077588;0,4647697289577447;0,7603454074969657;0,9723990189077588
ToN-IoT;HSJA;distributive;2;15;1024;2;52,02221989631653;7,778261661529541;1,3693761993887554;0,2516051079153735;0,992063492063492;0,0194045142661988;0,0380644964828405;0,0662898214079346;0,0005;0,9805954857338012;0,5013000000000001;0,8817770191783421;0,9805954857338012;0,2379113459214859;0,6296296296296297;0,0031668167282436;0,0063019369188471;-0,0194822124469645;0,006;0,9968331832717564;0,4890862150330652;0,7028316827475902;0,9968331832717564
ToN-IoT;BPDA;distributive;2;15;1024;2;52,02221989631653;10,810699462890623;-0,9618801677367396;0,2516051079153735;0,992063492063492;0,0194045142661988;0,0380644964828405;0,0662898214079346;0,0005;0,9805954857338012;0,5013000000000001;0,8817770191783421;0,9805954857338012;0,2612239095927409;0,7609359104781281;0,0464466453475736;0,0875493782004389;-0,0011164910738736;0,047;0,9535533546524264;0,4774086916700301;0,7769165359428997;0,9535533546524264
ToN-IoT;HSJA;distributive;2;15;1024;3;52,79369163513184;7,809667825698851;-0,0260607927219297;0,2402805088962069;0,9863013698630136;0,0044708000869322;0,0089012517385257;0,0309293870728061;0,0002;0,9955291999130678;0,50095;0,881713676226594;0,9955291999130678;0,2405411168234262;0,8461538461538461;0,0058058306684467;0,0115325316065371;0,0141740821777531;0,0034;0,9941941693315532;0,4925806110093452;0,8045854550591901;0,9941941693315532
ToN-IoT;BPDA;distributive;2;15;1024;3;52,79369163513184;14,195628643035889;-1,1585206946385846;0,2402805088962069;0,9863013698630136;0,0044708000869322;0,0089012517385257;0,0309293870728061;0,0002;0,9955291999130678;0,50095;0,881713676226594;0,9955291999130678;0,2518657158425928;0,7118871725990598;0,0329100561954733;0,0629117455041842;-0,0230250420703246;0,0429;0,9670899438045268;0,4814214039554162;0,7385951554601816;0,9670899438045268
ToN-IoT;HSJA;distributive;2;15;2048;2;51,677191972732544;7,802197217941284;-0,139780615508539;0,2407543414911511;0,9655172413793104;0,0052159334347542;0,0103758144705555;0,0306314819182577;0,0006;0,9947840665652458;0,5016499999999999;0,8818403831562974;0,9947840665652458;0,2421521476462365;0,7649880095923262;0,0099040640814679;0,0195549561699258;0,0004473782545867;0,0098;0,990095935918532;0,4567763637492627;0,7595182112852594;0,990095935918532
ToN-IoT;BPDA;distributive;2;15;2048;2;51,677191972732544;10,096060276031494;-8,82987040678528;0,2407543414911511;0,9655172413793104;0,0052159334347542;0,0103758144705555;0,0306314819182577;0,0006;0,9947840665652458;0,5016499999999999;0,8818403831562974;0,9947840665652458;0,329053045559004;0,8451979407065506;0,1478158278741966;0,2516251783732361;0,0757890881173871;0,0872;0,8521841721258033;0,4786897621782732;0,7928988502988709;0,8521841721258033
ToN-IoT;HSJA;distributive;2;15;2048;3;52,39823532104492;7,818137884140015;-0,4193418465256227;0,2372005970290696;0,8333333333333334;0,0004657083423887;0,0009308964532845;0,0034126113560505;0,0003;0,9995342916576112;0,5037;0,8822119378189154;0,9995342916576112;0,2413940154943258;0,7589041095890411;0,0086000807227793;0,0170074292380426;-0,0009180794465278;0,0088;0,9913999192772206;0,4949400229749448;0,7632813193531531;0,9913999192772206
ToN-IoT;BPDA;distributive;2;15;2048;3;52,39823532104492;10,34439730644226;-7,32782108081215;0,2372005970290696;0,8333333333333334;0,0004657083423887;0,0009308964532845;0,0034126113560505;0,0003;0,9995342916576112;0,5037;0,8822119378189154;0,9995342916576112;0,3104788078371911;0,8592918305947698;0,1152783383526343;0,2032849712565015;0,0764133957567836;0,0608;0,8847216616473657;0,4766236393554597;0,7929597642730143;0,8847216616473657
ToN-IoT;HSJA;distributive;2;20;1024;2;41,27391362190247;5,925241231918335;1,075599990523346;0,2521026321400649;0,9923195084485408;0,0200565059455431;0,0393183201460742;0,0674779797180015;0,0005;0,9799434940544568;0,5021522012480983;0,8819538581230375;0,9799434940544568;0,2413466322348314;0,8191126279863481;0,0074513334782203;0,0147683219494184;0,011017235434986;0,0053;0,9925486665217796;0,4830559144959483;0,7892487571520438;0,9925486665217796
ToN-IoT;BPDA;distributive;2;20;1024;2;41,27391362190247;8,43001675605774;-3,5821744177782;0,2521026321400649;0,9923195084485408;0,0200565059455431;0,0393183201460742;0,0674779797180015;0,0005;0,9799434940544568;0,5021522012480983;0,8819538581230375;0,9799434940544568;0,2879243763178469;0,8273031316509577;0,0844794933093234;0,1533044115161417;0,0439064580656511;0,0568;0,9155205066906764;0,4808446303828123;0,7969702895441529;0,9155205066906764
ToN-IoT;HSJA;distributive;2;20;1024;3;41,69880247116089;5,962090492248535;-0,2724537420929179;0,2370821388803335;0,8181818181818182;0,0002794250054332;0,000558659217877;0,0020922019253823;0,0002;0,9997205749945668;0,5013154832500233;0,8817806896735708;0,9997205749945668;0,2398066763012627;0,7541666666666667;0,0056195473314911;0,0111559678264353;-0,0015859090077151;0,0059;0,9943804526685088;0,4672384271476916;0,7551653539087078;0,9943804526685088
ToN-IoT;BPDA;distributive;2;20;1024;3;41,69880247116089;7,861058473587036;-9,540619299201593;0,2370821388803335;0,8181818181818182;0,0002794250054332;0,000558659217877;0,0020922019253823;0,0002;0,9997205749945668;0,5013154832500233;0,8817806896735708;0,9997205749945668;0,3324883318723495;0,8236521181001284;0,1593653947654382;0,2670586092973648;0,0592876047054022;0,1099;0,8406346052345618;0,4809259911825887;0,7969364414733853;0,8406346052345618
ToN-IoT;HSJA;distributive;2;20;2048;2;41,071929693222046;5,90131139755249;1,2295955838802135;0,254708711412258;0,9960369881109644;0,0234096060107423;0,0457440999817994;0,0740389886140974;0,0003;0,9765903939892576;0,5024154490980782;0,881979898270458;0,9765903939892576;0,2424127555734559;0,8473053892215568;0,0087863640597348;0,0173923731678087;0,0176903408394769;0,0051;0,9912136359402652;0,4917980905957962;0,8039102653360111;0,9912136359402652
ToN-IoT;BPDA;distributive;2;20;2048;2;41,071929693222046;8,135798931121826;-4,053637849747688;0,254708711412258;0,9960369881109644;0,0234096060107423;0,0457440999817994;0,0740389886140974;0,0003;0,9765903939892576;0,5024154490980782;0,881979898270458;0,9765903939892576;0,2952450899097349;0,7528759244042728;0,1137880716569902;0,1976966852765865;-0,0086682210283236;0,1203;0,8862119283430098;0,4439642304945823;0,7728042391198873;0,8862119283430098
ToN-IoT;HSJA;distributive;2;20;2048;3;41,79899024963379;6,005125284194946;1,0471700348266944;0,2501125352412992;0,998211091234347;0,0173243503368623;0,0340576171875;0,0640645919290111;0,0001;0,9826756496631376;0,50225;0,8819490560667869;0,9826756496631376;0,2396408348930322;0,8248587570621468;0,004532894532584;0,0090162415858704;0,0094281435288176;0,0031;0,995467105467416;0,4900736781644882;0,7919560842674044;0,995467105467416
ToN-IoT;BPDA;distributive;2;20;2048;3;41,79899024963379;8,036066055297852;-3,177047549100904;0,2501125352412992;0,998211091234347;0,0173243503368623;0,0340576171875;0,0640645919290111;0,0001;0,9826756496631376;0,50225;0,8819490560667869;0,9826756496631376;0,2818830107323082;0,7786259541984732;0,0823372349343351;0,148926014319809;0,0108297903519681;0,0754;0,9176627650656648;0,4467196404731596;0,7847505412218646;0,9176627650656648
ToN-IoT;HSJA;distributive;4;5;1024;2;274,4384572505951;45,94942307472229;21,201639460778505;0,449145916747613;1,0;0,2781210220745754;0,4352029538222363;0,2892108307043955;0,0;0,7218789779254245;0,6421545189232823;0,9150454676708804;0,7218789779254245;0,237129522139828;0,6666666666666666;0,0005588500108665;0,0011167638664846;-0,0057370484389131;0,0009;0,9994411499891336;0,4766389270079791;0,7149632574127286;0,9994411499891336
ToN-IoT;BPDA;distributive;4;5;1024;2;274,4384572505951;66,02558279037476;19,453197185434384;0,449145916747613;1,0;0,2781210220745754;0,4352029538222363;0,2892108307043955;0,0;0,7218789779254245;0,6421545189232823;0,9150454676708804;0,7218789779254245;0,2546139448932692;0,7888631090487239;0,0316681672824365;0,0608918870515193;0,0107780956882093;0,0273;0,9683318327175634;0,4898595097643516;0,8086470492975708;0,9683318327175634
ToN-IoT;HSJA;distributive;4;5;1024;3;281,6277573108673;47,26544952392578;21,016844748750263;0,449145916747613;1,0;0,2781210220745754;0,4352029538222363;0,2892108307043955;0,0;0,7218789779254245;0,6398442081405817;0,914626702730902;0,7218789779254245;0,2389774692601104;0,859504132231405;0,0032289111738954;0,0064336529539127;0,012159033242437;0,0017;0,9967710888261044;0,4832974479182836;0,8031461756588748;0,9967710888261044
ToN-IoT;BPDA;distributive;4;5;1024;3;281,6277573108673;64,02975344657898;19,915183965504987;0,449145916747613;1,0;0,2781210220745754;0,4352029538222363;0,2892108307043955;0,0;0,7218789779254245;0,6398442081405817;0,914626702730902;0,7218789779254245;0,2499940770925632;0,693006993006993;0,0307677978204849;0,0589197062932905;-0,0308631234887794;0,0439;0,969232202179515;0,4860433015616753;0,7778135996600257;0,969232202179515
ToN-IoT;HSJA;distributive;4;5;2048;2;275,7215600013733;46,46304726600647;21,381695846857305;0,4524390532824753;1,0;0,282436586047378;0,440468697041592;0,2920571009574532;0,0;0,7175634139526219;0,6409632649259523;0,9148293832109956;0,7175634139526219;0,2386220948139022;0,7903225806451613;0,0030426278369399;0,0060619181641047;0,0034773854743255;0,0026;0,99695737216306;0,4867490903163712;0,7733779957389768;0,99695737216306
ToN-IoT;BPDA;distributive;4;5;2048;2;275,7215600013733;62,333258867263794;20,649624487668504;0,4524390532824753;1,0;0,282436586047378;0,440468697041592;0,2920571009574532;0,0;0,7175634139526219;0,6409632649259523;0,9148293832109956;0,7175634139526219;0,2459428084057902;0,5749115218246166;0,0453910397714924;0,0841390423572744;-0,112056186039579;0,1081;0,9546089602285076;0,4634909932006582;0,7257825067420401;0,9546089602285076
ToN-IoT;HSJA;distributive;4;5;2048;3;279,94838309288025;47,072967767715454;21,0097372598261;0,4490985334881186;1,0;0,2780589276289236;0,4351269282157172;0,2891698472559537;0,0;0,7219410723710764;0,6396998137166631;0,9146005721063436;0,7219410723710764;0,2390011608898576;0,931372549019608;0,0029494861684622;0,0058803503450837;0,019480258329324;0,0007;0,9970505138315378;0,4952287435188922;0,8427443069806249;0,9970505138315378
ToN-IoT;BPDA;distributive;4;5;2048;3;279,94838309288025;64,62989139556885;20,40560070127224;0,4490985334881186;1,0;0,2780589276289236;0,4351269282157172;0,2891698472559537;0,0;0,7219410723710764;0,6396998137166631;0,9146005721063436;0,7219410723710764;0,2450425264753962;0,6571952337305225;0,0222608587661833;0,043063063063063;-0,0405659354126591;0,0374;0,9777391412338168;0,4858434024651495;0,7638621208820007;0,9777391412338168
ToN-IoT;HSJA;distributive;4;10;1024;2;142,60010623931885;22,591224908828732;21,1329337345116;0,4509701722381483;0,9997787365859055;0,280573752677823;0,4381788207913111;0,2905982845470354;0,0002;0,7194262473221771;0,6404372489055854;0,9147349416423016;0,7194262473221771;0,2396408348930322;0,844311377245509;0,0043776584184544;0,0087101556708673;0,0120402918762806;0,0026;0,9956223415815456;0,4303423002887392;0,7793110800238288;0,9956223415815456
ToN-IoT;BPDA;distributive;4;10;1024;2;142,60010623931885;28,88347148895264;14,83806771067782;0,4509701722381483;0,9997787365859055;0,280573752677823;0,4381788207913111;0,2905982845470354;0,0002;0,7194262473221771;0,6404372489055854;0,9147349416423016;0,7194262473221771;0,30258949513137;0,7575250836120402;0,1265795274612685;0,2169136229416615;-0,0049977211316907;0,1305;0,8734204725387315;0,4544048356049551;0,7817883899335913;0,8734204725387315
ToN-IoT;HSJA;distributive;4;10;1024;3;142,50289154052734;22,61568522453308;20,4127081901964;0,4511360136463787;1,0;0,2807289887919525;0,4383893723788514;0,2909313587507429;0,0;0,7192710112080475;0,6422267161352416;0,9150585745810168;0,7192710112080475;0,2470089317444147;0,7541766109785203;0,0196218448259803;0,0382485550882077;-0,0029814419550308;0,0206;0,9803781551740196;0,4430490359837313;0,7475962701481914;0,9803781551740196
ToN-IoT;BPDA;distributive;4;10;1024;3;142,50289154052734;30,01541328430176;17,67869411736833;0,4511360136463787;1,0;0,2807289887919525;0,4383893723788514;0,2909313587507429;0,0;0,7192710112080475;0,6422267161352416;0,9150585745810168;0,7192710112080475;0,2743490724726954;0,7430769230769231;0,0749790431245925;0,1362136552074226;-0,0135903739580833;0,0835;0,9250209568754076;0,4745881384085194;0,7610936535184032;0,9250209568754076
ToN-IoT;HSJA;distributive;4;10;2048;2;140,59424829483032;22,637118577957157;21,64230377407662;0,4536947096590774;0,9994541484716156;0,2842373249712813;0,4426019483187894;0,2926699896973029;0,0005;0,7157626750287187;0,6453311962494954;0,915623351631892;0,7157626750287187;0,2372716719183112;0,6470588235294118;0,0010245583532553;0,0020458772473651;-0,0094910148934407;0,0018;0,9989754416467448;0,4430472352448073;0,7325543324218868;0,9989754416467448
ToN-IoT;BPDA;distributive;4;10;2048;2;140,59424829483032;28,23168110847473;21,16610201615769;0,4536947096590774;0,9994541484716156;0,2842373249712813;0,4426019483187894;0,2926699896973029;0,0005;0,7157626750287187;0,6453311962494954;0,915623351631892;0,7157626750287187;0,2420336894975005;0,56826801517067;0,0279114533205004;0,0532094344647983;-0,0904141138402865;0,0683;0,9720885466794996;0,4289983451830234;0,7185136460020511;0,9720885466794996
ToN-IoT;HSJA;distributive;4;10;2048;3;142,88286304473877;22,86351943016052;21,104503778814944;0,453528868250847;0,9997813490762;0,2839268527430221;0,4422574717090627;0,292809498671129;0,0002;0,7160731472569779;0,643334937439846;0,9152633430994384;0,7160731472569779;0,2424838304626975;0,8466076696165191;0,0089105529510385;0,017635492196141;0,0176756716224771;0,0052;0,9910894470489616;0,4569543543730013;0,7904549433802538;0,9910894470489616
ToN-IoT;BPDA;distributive;4;10;2048;3;142,88286304473877;29,035593032836918;19,78961832784477;0,453528868250847;0,9997813490762;0,2839268527430221;0,4422574717090627;0,292809498671129;0,0002;0,7160731472569779;0,643334937439846;0,9152633430994384;0,7160731472569779;0,2556326849723992;0,5974827245804541;0,075165326461548;0,1335318937701663;-0,1269190892215536;0,1631;0,924834673538452;0,4659745304107548;0,7723361467856078;0,924834673538452
ToN-IoT;HSJA;distributive;4;15;1024;2;96,88655161857604;14,964174270629885;21,104503778814944;0,4577459783458504;0,9997855227882038;0,2894532584060356;0,4489334039582029;0,2964491030212564;0,0002;0,7105467415939645;0,6466307460647645;0,9158604567038346;0,7105467415939645;0,2467009405577009;0,7349260523321957;0,0200565059455431;0,0390473887814313;-0,0096577194810772;0,0233;0,9799434940544568;0,4663440637709957;0,7439306727428485;0,9799434940544568
ToN-IoT;BPDA;distributive;4;15;1024;2;96,88655161857604;18,20155668258667;11,679973465374683;0,4577459783458504;0,9997855227882038;0,2894532584060356;0,4489334039582029;0,2964491030212564;0,0002;0,7105467415939645;0,6466307460647645;0,9158604567038346;0,7105467415939645;0,3409462436921036;0,8256935172823023;0,1728088422490608;0,2858023106546855;0,064195217545127;0,1175;0,8271911577509392;0,4835685088018875;0,789852364296583;0,8271911577509392
ToN-IoT;HSJA;distributive;4;15;1024;3;98,41450691223145;15,162554264068604;20,51932052405885;0,4504489563837096;0,999778196739492;0,2798907137756528;0,4373453645757532;0,2901475596703278;0,0002;0,7201092862243472;0,6435930205843088;0,91530856179082;0,7201092862243472;0,2452557511431211;0,8076923076923077;0,0143438169455742;0,0281870595771941;0,0122968361245823;0,011;0,9856561830544258;0,4692263264925952;0,7764342316724443;0,9856561830544258
ToN-IoT;BPDA;distributive;4;15;1024;3;98,41450691223145;18,39259910583496;14,132057144210952;0,4504489563837096;0,999778196739492;0,2798907137756528;0,4373453645757532;0,2901475596703278;0,0002;0,7201092862243472;0,6435930205843088;0,91530856179082;0,7201092862243472;0,3091283849416001;0,7596252129471891;0,1384395665807693;0,2341973266104677;-0,0032691547478758;0,1411;0,8615604334192306;0,4501028578968612;0,7756293147688639;0,8615604334192306
ToN-IoT;HSJA;distributive;4;15;2048;2;96,80721640586852;15,10720944404602;21,28219100191902;0,4555426567793598;0,9996751137102016;0,2865969139060511;0,4454793330598653;0,2944543334166288;0,0003;0,7134030860939489;0,6455477878853736;0,9156628409358936;0,7134030860939489;0,2427207467601696;0,6991869918699187;0,0133503058151448;0,026200341213746;-0,018273307320577;0,0185;0,9866496941848552;0,4700960632121457;0,7300065940437986;0,9866496941848552
ToN-IoT;BPDA;distributive;4;15;2048;2;96,80721640586852;17,42004704475403;21,3129901205904;0,4555426567793598;0,9996751137102016;0,2865969139060511;0,4454793330598653;0,2944543334166288;0,0003;0,7134030860939489;0,6455477878853736;0,9156628409358936;0,7134030860939489;0,2424127555734559;0,5331997710360619;0,0578409761246856;0,1043609780690698;-0,1624227565487983;0,1631;0,9421590238753144;0,4530244372690863;0,7763065031005107;0,9421590238753144
ToN-IoT;HSJA;distributive;4;15;2048;3;98,864266872406;15,447776794433594;20,730176028809023;0,4558032647065791;0,999459401016326;0,287000527802788;0,4459452940325148;0,2944916978075907;0,0005;0,7129994721972119;0,6407053804837158;0,9147843797841037;0,7129994721972119;0,2485015044184889;0,7794285714285715;0,0211742059672762;0,0412283883448192;0,0055930434463673;0,0193;0,9788257940327236;0,4885430500791704;0,7687337730883224;0,9788257940327236
ToN-IoT;BPDA;distributive;4;15;2048;3;98,864266872406;19,549830198287964;14,563244805610177;0,4558032647065791;0,999459401016326;0,287000527802788;0,4459452940325148;0,2944916978075907;0,0005;0,7129994721972119;0,6407053804837158;0,9147843797841037;0,7129994721972119;0,3101708166504774;0,7358145210494204;0,1497718029122295;0,2488843028505094;-0,0275017276859115;0,1732;0,8502281970877705;0,4445910568474651;0,7729027456675868;0,8502281970877705
ToN-IoT;HSJA;distributive;4;20;1024;2;75,22834873199463;11,546188354492188;21,054751356345804;0,4533867184723637;0,9992350562780024;0,2838958055201962;0,4421663442940038;0,2922152466518563;0,0007;0,7161041944798038;0,643355690955944;0,915266260621512;0,7161041944798038;0,2428392049089056;0,757201646090535;0,0114253779999379;0,0225110873222205;-0,0014930556672586;0,0118;0,988574622000062;0,4521818823931199;0,7534989236678954;0,988574622000062
ToN-IoT;BPDA;distributive;4;20;1024;2;75,22834873199463;13,728365182876589;17,47968442749177;0,4533867184723637;0,9992350562780024;0,2838958055201962;0,4421663442940038;0,2922152466518563;0,0007;0,7161041944798038;0,643355690955944;0,915266260621512;0,7161041944798038;0,278589874197446;0,6669831023352952;0,1090688937874507;0,1874799871918027;-0,0853422325250223;0,1754;0,8909311062125493;0,4422594212797666;0,7708882116465281;0,8909311062125493
ToN-IoT;HSJA;distributive;4;20;1024;3;76,33185935020447;11,528236865997314;21,362742543059536;0,4543817669217465;0,99902142002827;0,2852618833245366;0,4438004153987345;0,2928876039163502;0,0009;0,7147381166754634;0,6412829085038344;0,9148890569919176;0,7147381166754634;0,2407543414911511;0,75;0,0075444751466981;0,0149386776503857;-0,0027063898066881;0,0081;0,992455524853302;0,4377296733832159;0,7514455178179451;0,992455524853302
ToN-IoT;BPDA;distributive;4;20;1024;3;76,33185935020447;13,780893802642822;13,947262432182711;0,4543817669217465;0,99902142002827;0,2852618833245366;0,4438004153987345;0,2928876039163502;0,0009;0,7147381166754634;0,6412829085038344;0,9148890569919176;0,7147381166754634;0,3149091425999194;0,755272952853598;0,1511999751622217;0,2519595416095403;-0,0078003995556033;0,1578;0,8488000248377783;0,405349099630538;0,7540269690789434;0,8488000248377783
ToN-IoT;HSJA;distributive;4;20;2048;2;75,10217094421387;11,50106167793274;21,04527470444692;0,4557084981875903;0,9994591671173608;0,2868763389114843;0,4457953394123607;0,2944098546792583;0,0005;0,7131236610885157;0,6419894222111832;0,915016360579007;0,7131236610885157;0,2452557511431211;0,775;0,0153994225216554;0,0301987883953849;0,0034774666772406;0,0144;0,9846005774783444;0,4282910397714924;0,751484272492108;0,9846005774783444
ToN-IoT;BPDA;distributive;4;20;2048;2;75,10217094421387;13,434169054031372;16,280887962282932;0,4557084981875903;0,9994591671173608;0,2868763389114843;0,4457953394123607;0,2944098546792583;0,0005;0,7131236610885157;0,6419894222111832;0,915016360579007;0,7131236610885157;0,292899618564761;0,7109444742010356;0,1236300412928063;0,2106321079079608;-0,0479651521685528;0,1619;0,8763699587071937;0,448865480145301;0,7733415735202918;0,8763699587071937
ToN-IoT;HSJA;distributive;4;20;2048;3;76,47597050666809;11,585590600967407;20,554857968679663;0,4530787272856499;0,9992339680455242;0,2834921916234593;0,4416765424335502;0,2919488667918054;0,0007;0,7165078083765407;0,6489267130305194;0,9162895426763916;0,7165078083765407;0,2475301475988533;0,7545454545454545;0,0206153559564097;0,0401341835655353;-0,0029302123476374;0,0216;0,9793846440435904;0,4209254416467446;0,742913733851843;0,9793846440435904
ToN-IoT;BPDA;distributive;4;20;2048;3;76,47597050666809;12,98087739944458;16,937146106280647;0,4530787272856499;0,9992339680455242;0,2834921916234593;0,4416765424335502;0,2919488667918054;0,0007;0,7165078083765407;0,6489267130305194;0,9162895426763916;0,7165078083765407;0,2837072662228435;0,6601264796497487;0,126393244124313;0,2121638524077548;-0,1001626474493999;0,2096;0,8736067558756869;0,4060159862150331;0,7545157570221733;0,8736067558756869
ToN-IoT;HSJA;distributive;8;5;1024;2;565,9238631725311;104,7635304927826;19,268402473406145;0,4533393352128693;0,9996718083360684;0,2837095221832407;0,4419830713422007;0,2925514396493125;0,0003;0,7162904778167593;0,640638377472135;0,9147705097884772;0,7162904778167593;0,2606553104788078;0,9140495867768595;0,0343382284454655;0,0661898919776175;0,0609959936734697;0,0104;0,9656617715545344;0,4777240600453289;0,8241642970738339;0,9656617715545344
ToN-IoT;BPDA;distributive;8;5;1024;2;565,9238631725311;135,91281294822693;18,63820512213035;0,4533393352128693;0,9996718083360684;0,2837095221832407;0,4419830713422007;0,2925514396493125;0,0003;0,7162904778167593;0,640638377472135;0,9147705097884772;0,7162904778167593;0,2669572839915657;0,6619826264690853;0,0804433543419541;0,1434543088890734;-0,0760171519162757;0,1323;0,9195566456580458;0,4830186640380017;0,7702865286813285;0,9195566456580458
ToN-IoT;HSJA;distributive;8;5;1024;3;609,1136338710785;98,31317162513731;20,84863417754508;0,4522021369850032;0,9993405868776788;0,2823123971560743;0,4402537038830251;0,2912850242568621;0,0006;0,7176876028439256;0,6403495886242976;0,9147181989529304;0,7176876028439256;0,2437157952095524;0,7064748201438849;0,0152441864075258;0,0298443958181376;-0,0172264637676356;0,0204;0,984755813592474;0,4562167080629639;0,7324048663575086;0,984755813592474
ToN-IoT;BPDA;distributive;8;5;1024;3;609,1136338710785;124,33145475387572;16,51780425975503;0,4522021369850032;0,9993405868776788;0,2823123971560743;0,4402537038830251;0,2912850242568621;0,0006;0,7176876028439256;0,6403495886242976;0,9147181989529304;0,7176876028439256;0,2870240943874529;0,7038750722961249;0,1133534105374274;0,1952615252968232;-0,0521230285734091;0,1536;0,8866465894625726;0,4820585535098886;0,7987784951427547;0,8866465894625726
ToN-IoT;HSJA;distributive;8;5;2048;2;570,7291309833527;98,48574495315552;21,28692932786846;0,4543817669217465;0,9995646021552194;0,285106647210407;0,4436660546912745;0,293357829003007;0,0004;0,714893352789593;0,6421545189232823;0,9150454676708804;0,714893352789593;0,2415124736430619;0,7957317073170732;0,0081033251575646;0,0160432738113532;0,0067951881820325;0,0067;0,9918966748424354;0,4821656105436368;0,7760234405700056;0,9918966748424354
ToN-IoT;BPDA;distributive;8;5;2048;2;570,7291309833527;127,688618183136;18,61451349238314;0,4543817669217465;0,9995646021552194;0,285106647210407;0,4436660546912745;0,293357829003007;0,0004;0,714893352789593;0,6421545189232823;0,9150454676708804;0,714893352789593;0,2682366319979151;0,7133634602969657;0,0686143624452792;0,1251876398447899;-0,0329109883530455;0,0888;0,9313856375547208;0,4735437874507125;0,7867348785987273;0,9313856375547208
ToN-IoT;HSJA;distributive;8;5;2048;3;580,6684803962708;97,34508872032166;21,353265891160653;0,451278163424862;0,9998895027624308;0,280946319351734;0,4386436898616059;0,2909593750969835;0,0001;0,719053680648266;0,6404526638517185;0,91473657796331;0,719053680648266;0,2377455045132554;0,7160493827160493;0,0018007389239032;0,0035924434809538;-0,0048505211079483;0,0023;0,9981992610760968;0,4752975876307864;0,737473528627642;0,9981992610760968
ToN-IoT;BPDA;distributive;8;5;2048;3;580,6684803962708;135,10509490966797;19,9388755952522;0,451278163424862;0,9998895027624308;0,280946319351734;0,4386436898616059;0,2909593750969835;0,0001;0,719053680648266;0,6404526638517185;0,91473657796331;0,719053680648266;0,25188940747234;0,6040843214756259;0,056940606662734;0,1040714995034756;-0,1041044618493996;0,1202;0,943059393337266;0,4923955819801919;0,8204086149270723;0,943059393337266
ToN-IoT;HSJA;distributive;8;10;1024;2;280,6186912059784;45,84002447128296;18,75192494491696;0,4525101281717169;0,9994511525795828;0,2826849638299854;0,4407173455311116;0,2916458926564685;0,0005;0,7173150361700146;0,6438303719457295;0,91535088220024;0,7173150361700146;0,2649908787225473;0,8864970645792564;0,0421931758204228;0,0805524272420129;0,0563482696407342;0,0174;0,9578068241795772;0,3925706293272066;0,7718252617814123;0,9578068241795772
ToN-IoT;BPDA;distributive;8;10;1024;2;280,6186912059784;51,35444593429565;12,402568172664596;0,4525101281717169;0,9994511525795828;0,2826849638299854;0,4407173455311116;0,2916458926564685;0,0005;0,7173150361700146;0,6438303719457295;0,91535088220024;0,7173150361700146;0,3284844464450709;0,7091223893518017;0,2034524511782421;0,3161881785283474;-0,067191159662093;0,2688;0,7965475488217579;0,4554715110683349;0,7770049715793934;0,7965475488217579
ToN-IoT;HSJA;distributive;8;10;1024;3;286,72983837127686;45,738311767578125;21,064228008244683;0,4668198725390319;0,9991769547325104;0,3015306280853178;0,4632593193255265;0,3037141160059703;0,0008;0,6984693719146823;0,645826411872458;0,9158292722735056;0,6984693719146823;0,2561775924565851;0,8965853658536586;0,0285323977770188;0,0553048083288198;0,049533702246671;0,0106;0,9714676022229812;0,397233422335372;0,7766336500411781;0,9714676022229812
ToN-IoT;BPDA;distributive;8;10;1024;3;286,72983837127686;54,60750102996826;20,502736383235803;0,4668198725390319;0,9991769547325104;0,3015306280853178;0,4632593193255265;0,3037141160059703;0,0008;0,6984693719146823;0,645826411872458;0,9158292722735056;0,6984693719146823;0,2617925087066739;0,595108695652174;0,1019901269831413;0,1741366057939516;-0,1532366720298929;0,2235;0,8980098730168586;0,384098186842187;0,7223866367810763;0,8980098730168586
ToN-IoT;HSJA;distributive;8;10;2048;2;287,0322642326355;50,97284460067749;20,327418323106443;0,4583145774597834;0,9991453904497384;0,2903846750908131;0,449987972095261;0,2963798044812308;0,0008;0,7096153249091869;0,6421216306001428;0,9150679048342653;0,7096153249091869;0,255040394228719;0,8272027373823782;0,0300226644726629;0,0579423572412966;0,025451125854427;0,0202;0,9699773355273372;0,3874521624390698;0,7541462873307629;0,9699773355273372
ToN-IoT;BPDA;distributive;8;10;2048;2;287,0322642326355;61,48884963989258;14,191286218578975;0,4583145774597834;0,9991453904497384;0,2903846750908131;0,449987972095261;0,2963798044812308;0,0008;0,7096153249091869;0,6421216306001428;0,9150679048342653;0,7096153249091869;0,3164017152739937;0,7355047030745473;0,1626564003849855;0,2663988609783382;-0,0292253345481501;0,1884;0,8373435996150145;0,45246188798162;0,7828685255029079;0,8373435996150145
ToN-IoT;HSJA;distributive;8;10;2048;3;298,4946208000183;46,69122385978699;21,61150465540524;0,455566348409107;0,9991346673877772;0,2867831972430066;0,4456506006657982;0,2940056844816615;0,0008;0,7132168027569934;0,6460322922164612;0,9157520628862218;0,7132168027569934;0,2394513018550546;0,7772020725388601;0,0046570834238877;0,0092586877353249;0,0022504652140248;0,0043;0,9953429165761124;0,3907528532397777;0,747670627116967;0,9953429165761124
ToN-IoT;BPDA;distributive;8;10;2048;3;298,4946208000183;54,69899106025696;19,54322537847378;0,455566348409107;0,9991346673877772;0,2867831972430066;0,4456506006657982;0,2940056844816615;0,0008;0,7132168027569934;0,6460322922164612;0,9157520628862218;0,7132168027569934;0,2601340946243692;0,5973381009137863;0,0933589990375361;0,161480009666246;-0,1434463730348688;0,2027;0,906641000962464;0,4044475472693967;0,7494758812314293;0,906641000962464
ToN-IoT;HSJA;distributive;8;15;1024;2;190,8505573272705;28,94892907142639;22,225117865857992;0,4653036082352105;0,999068130047629;0,2995746530472849;0,4609358205746769;0,3023160611043607;0,0009;0,7004253469527151;0,6422781986401317;0,915068780987234;0,7004253469527151;0,2430524295766305;0,7198641765704584;0,0131640224781893;0,0258552350753094;-0,0120921367790798;0,0165;0,9868359775218106;0,3560587832593374;0,7116409527381441;0,9868359775218106
ToN-IoT;BPDA;distributive;8;15;1024;2;190,8505573272705;30,263444423675537;22,64209054940889;0,4653036082352105;0,999068130047629;0,2995746530472849;0,4609358205746769;0,3023160611043607;0,0009;0,7004253469527151;0,6422781986401317;0,915068780987234;0,7004253469527151;0,2388827027411215;0,5099687725198174;0,0659132540594243;0,1167381502254481;-0,1969168631437202;0,204;0,9340867459405756;0,3685229609736409;0,7325515201422377;0,9340867459405756
ToN-IoT;HSJA;distributive;8;15;1024;3;194,3984382152557;30,240360975265503;18,460517899026275;0,4608495818427349;0,9994715704924964;0,2936135862647086;0,4538887955652612;0,2988459248594853;0,0005;0,7063864137352914;0,6465221878977926;0,9158386310081174;0,7063864137352914;0,2762444028524722;0,8779599271402551;0,0598590456083703;0,1120767330329893;0,0632939511304786;0,0268;0,9401409543916296;0,3716313902946382;0,7566086689186715;0,9401409543916296
ToN-IoT;BPDA;distributive;8;15;1024;3;194,3984382152557;29,498330116271973;17,85401217749769;0,4608495818427349;0,9994715704924964;0,2936135862647086;0,4538887955652612;0,2988459248594853;0,0005;0,7063864137352914;0,6465221878977926;0,9158386310081174;0,7063864137352914;0,282309460067758;0,61517191632604;0,1588686392002235;0,2525230093517902;-0,1723401594447259;0,3201;0,8411313607997765;0,4026809509764351;0,7547741474674002;0,8411313607997765
ToN-IoT;HSJA;distributive;8;15;2048;2;190,9980354309082;29,996124505996704;20,500367220261083;0,4635504276339169;0,9992693110647182;0,2972150641125151;0,4581588456292326;0,3009890847067229;0,0007;0,7027849358874849;0,6456921823092924;0,915689173403125;0,7027849358874849;0,2585467554313061;0,8826487845766974;0,0326927256356918;0,0630501167594754;0,0479583660584687;0,014;0,967307274364308;0,4190727576143314;0,7825538315841069;0,967307274364308
ToN-IoT;BPDA;distributive;8;15;2048;2;190,9980354309082;31,27554059028625;19,723281764552585;0,4635504276339169;0,9992693110647182;0,2972150641125151;0,4581588456292326;0,3009890847067229;0,0007;0,7027849358874849;0,6456921823092924;0,915689173403125;0,7027849358874849;0,2663176099883911;0,5870877192982457;0,1298705330808159;0,2126913103167743;-0,1865336041380808;0,2942;0,870129466919184;0,4193517867676736;0,7478398655855192;0,870129466919184
ToN-IoT;HSJA;distributive;8;15;2048;3;195,26932740211487;30,665889739990234;20,9978914449525;0,4616787888838873;0,999053129931615;0,2948244279549194;0,4552907896629429;0,2991905035309995;0,0009;0,7051755720450805;0,6485893135459033;0,9162210784469909;0,7051755720450805;0,2516998744343623;0,8861386138613861;0,0222298115433574;0,0433715964503134;0,0404311094773192;0,0092;0,9777701884566424;0,3905216197336149;0,7720264930319127;0,9777701884566424
ToN-IoT;BPDA;distributive;8;15;2048;3;195,26932740211487;36,55465841293335;17,110095003435283;0,4616787888838873;0,999053129931615;0,2948244279549194;0,4552907896629429;0,2991905035309995;0,0009;0,7051755720450805;0,6485893135459033;0,9162210784469909;0,7051755720450805;0,2905778388495345;0,7403948206325621;0,1082927132168027;0,1889490790899241;-0,0189139412902739;0,1223;0,8917072867831972;0,3825280340898506;0,7600345432292825;0,8917072867831972
ToN-IoT;HSJA;distributive;8;20;1024;2;145,9124367237091;21,50173759460449;21,564121395910824;0,478428771115165;0,9986304050088044;0,3169300506069732;0,4811576441752492;0,3131660354241292;0,0014;0,6830699493930268;0,6439178738861809;0,9154018374203942;0,6830699493930268;0,2627875571560568;0,8962264150943396;0,038343320190009;0,0735403578765593;0,0575259028828644;0,0143;0,961656679809991;0,369520545499705;0,7566308685561574;0,961656679809991
ToN-IoT;BPDA;distributive;8;20;1024;2;145,9124367237091;23,200353860855103;16,38276197019593;0,478428771115165;0,9986304050088044;0,3169300506069732;0,4811576441752492;0,3131660354241292;0,0014;0,6830699493930268;0,6439178738861809;0,9154018374203942;0,6830699493930268;0,3146011514132057;0,6970316067780314;0,1800738923903256;0,2862077473476437;-0,0769782149510539;0,2521;0,8199261076096743;0,4223283600856903;0,7543631349359087;0,8199261076096743
ToN-IoT;HSJA;distributive;8;20;1024;3;148,69408011436462;22,275660514831543;22,016631524082538;0,4645691677130469;0,9985472657466016;0,298767425253811;0,459924485016489;0,3012235140656272;0,0014;0,7012325747461889;0,6486670588965816;0,9162316430939228;0,7012325747461889;0,2444028524722215;0,7841726618705036;0,0135365891521003;0,0266137646879291;0,0057304119603892;0,012;0,9864634108478996;0,3244279052438759;0,7103299079129113;0,9864634108478996
ToN-IoT;BPDA;distributive;8;20;1024;3;148,69408011436462;22,476306915283203;21,957402449714515;0,4645691677130469;0,9985472657466016;0,298767425253811;0,459924485016489;0,3012235140656272;0,0014;0,7012325747461889;0,6486670588965816;0,9162316430939228;0,7012325747461889;0,2449951432159018;0,51861963525172;0,1474432612002856;0,2296088575158342;-0,3026280716718358;0,4408;0,8525567387997144;0,3902290865907045;0,7449395434986787;0,8525567387997144
ToN-IoT;HSJA;distributive;8;20;2048;2;145,5129542350769;22,161990880966187;21,057120519320527;0,4790447534885925;0,9981477870930006;0,3178925145145767;0,482209715779311;0,3132505488084084;0,0019;0,6821074854854233;0,6461460445838121;0,9157691247041484;0,6821074854854233;0,2684735482953872;0,8936170212765957;0,0469434009127883;0,089200908527772;0,0627363663405834;0,018;0,9530565990872116;0,372702789592971;0,7592727816519823;0,9530565990872116
ToN-IoT;BPDA;distributive;8;20;2048;2;145,5129542350769;21,391268253326416;24,708000663365635;0,4790447534885925;0,9981477870930006;0,3178925145145767;0,482209715779311;0,3132505488084084;0,0019;0,6821074854854233;0,6461460445838121;0,9157691247041484;0,6821074854854233;0,2319647468549361;0,4860200668896321;0,1127945605265609;0,1830964620501965;-0,3022902708386935;0,3842;0,8872054394734391;0,3932927768636095;0,7312063052875005;0,8872054394734391
ToN-IoT;HSJA;distributive;8;20;2048;3;148,68760800361633;23,145929098129272;22,672889668080263;0,4759174583619607;0,9984189723320158;0,3137011394330777;0,4774031987526282;0,3108247743468293;0,0016;0,6862988605669222;0,6446831863764786;0,9155214423149022;0,6862988605669222;0,249188561681158;0,7997685185185185;0,0214536309727094;0,0417863514044689;0,0124723462953668;0,0173;0,9785463690272904;0,3896298317240523;0,7479624566281758;0,9785463690272904
ToN-IoT;BPDA;distributive;8;20;2048;3;148,68760800361633;23,40018200874329;17,363595441730435;0,4759174583619607;0,9984189723320158;0,3137011394330777;0,4774031987526282;0,3108247743468293;0,0016;0,6862988605669222;0,6446831863764786;0,9155214423149022;0,6862988605669222;0,3022815039446563;0,628840945176053;0,2090409512869074;0,313775747972784;-0,1840653937468308;0,3974;0,7909590487130926;0,4220685802105001;0,7516667878990345;0,7909590487130926
ToN-IoT;HSJA;distributive;10;5;1024;2;718,5754928588867;122,82928657531738;21,42434078040228;0,454997749295174;0,999565830891132;0,2859138750038809;0,4446429433634301;0,2938898965349005;0,0004;0,7140861249961191;0,6405867800925208;0,9147582750083254;0,7140861249961191;0,2407543414911511;0,8375;0,0062404917880095;0,0123886714536657;0,0132350568415834;0,0039;0,9937595082119904;0,4601012946691918;0,7892228905306831;0,9937595082119904
ToN-IoT;BPDA;distributive;10;5;1024;2;718,5754928588867;156,48473024368286;22,026108175981424;0,454997749295174;0,999565830891132;0,2859138750038809;0,4446429433634301;0,2938898965349005;0,0004;0,7140861249961191;0,6405867800925208;0,9147582750083254;0,7140861249961191;0,2347366675353597;0,4862850327966607;0,0506380204290726;0,0917245451733543;-0,1912663250619539;0,1723;0,9493619795709274;0,4552973734049489;0,785639041743663;0,9493619795709274
ToN-IoT;HSJA;distributive;10;5;1024;3;734,5634078979492;123,3328776359558;20,53353550190718;0,4528891942476723;0,9995615957913196;0,2831506721723741;0,4412938814022694;0,2920680552729643;0,0004;0,7168493278276258;0,6405094430128225;0,9147480181684742;0,7168493278276258;0,2475538392286005;0,7519640852974186;0,0208016392933652;0,0404833836858006;-0,0038403913835955;0,0221;0,9791983607066348;0,4701245071253376;0,7522723219967452;0,9791983607066348
ToN-IoT;BPDA;distributive;10;5;1024;3;734,5634078979492;153,60842633247375;16,378023644246493;0,4528891942476723;0,9995615957913196;0,2831506721723741;0,4412938814022694;0,2920680552729643;0,0004;0,7168493278276258;0,6405094430128225;0,9147480181684742;0,7168493278276258;0,2891089578052074;0,6753143402833042;0,131733366450371;0,2204613945754962;-0,0863253767036162;0,204;0,868266633549629;0,509972676891552;0,8076076267653696;0,868266633549629
ToN-IoT;HSJA;distributive;10;5;2048;2;723,3683776855469;124,4678189754486;20,91970906678671;0,4499988154185126;0,9997777283840854;0,2793008165419603;0,4366248452932754;0,2897582146327022;0,0002;0,7206991834580396;0,6411895743425751;0,9148911440837246;0,7206991834580396;0,2408017247506456;0,8333333333333334;0,0063646806793132;0,012632876290248;0,0126501238553933;0,0041;0,9936353193206868;0,4614547145207861;0,7873719762999015;0,9936353193206868
ToN-IoT;BPDA;distributive;10;5;2048;2;723,3683776855469;150,49705982208252;20,16157691487598;0,4499988154185126;0,9997777283840854;0,2793008165419603;0,4366248452932754;0,2897582146327022;0,0002;0,7206991834580396;0,6411895743425751;0,9148911440837246;0,7206991834580396;0,2483830462697528;0,5912518853695324;0,0486820453910397;0,0899572588279165;-0,1046393688634283;0,1084;0,9513179546089602;0,433223951380049;0,7528132599446834;0,9513179546089602
ToN-IoT;HSJA;distributive;10;5;2048;3;739,6806988716125;125,36084532737732;21,43381743230117;0,4551635907034045;0,9993495229835212;0,2861933000093141;0,4449593319334829;0,2938452968972165;0,0006;0,7138066999906858;0,6419740258933838;0,9150127058402886;0,7138066999906858;0,2408254163803928;0,8602620087336245;0,0061163028967058;0,0121462482273876;0,0168803828248771;0,0032;0,9938836971032942;0,4901904250364804;0,8114185640888458;0,9938836971032942
ToN-IoT;BPDA;distributive;10;5;2048;3;739,6806988716125;166,9199526309967;21,187424482930183;0,4551635907034045;0,9993495229835212;0,2861933000093141;0,4449593319334829;0,2938452968972165;0,0006;0,7138066999906858;0,6419740258933838;0,9150127058402886;0,7138066999906858;0,2432893458741026;0,5375174337517433;0,0598279983855444;0,1076716768173436;-0,1616242616553984;0,1658;0,9401720016144556;0,457641035114409;0,7511851894503683;0,9401720016144556
ToN-IoT;HSJA;distributive;10;10;1024;2;356,019490480423;57,39794898033142;20,552488805704943;0,4557558814470847;0,9993512812195912;0,2869694805799621;0,4458970524386125;0,2943569953711277;0,0006;0,7130305194200379;0,6418912415784408;0,9150011254369564;0,7130305194200379;0,2502309933900353;0,8393719806763285;0,0215778198640131;0,0420740381995943;0,0253798430999357;0,0133;0,9784221801359868;0,3782813142289422;0,752185186924214;0,9784221801359868
ToN-IoT;BPDA;distributive;10;10;1024;2;356,019490480423;64,72595548629761;18,41313463953185;0,4557558814470847;0,9993512812195912;0,2869694805799621;0,4458970524386125;0,2943569953711277;0,0006;0,7130305194200379;0,6418912415784408;0,9150011254369564;0,7130305194200379;0,2716245350517662;0,6204967922355651;0,1171101244993635;0,1970330129544504;-0,1375555734553719;0,2307;0,8828898755006365;0,4068946847154522;0,7773721038479191;0,8828898755006365
ToN-IoT;HSJA;distributive;10;10;1024;3;362,6003859043121;58,07317757606506;16,82342628349404;0,4572010708616645;0,9994628276751182;0,2888323139495172;0,4481537683358624;0,2956985545683862;0,0005;0,7111676860504828;0,6470845586637275;0,9159405078970742;0,7111676860504828;0,2889668080267241;0,8975750995294969;0,0769971126082771;0,1418277479126158;0,0837143490264402;0,0283;0,9230028873917228;0,4468812692104691;0,7971628760843429;0,9230028873917228
ToN-IoT;BPDA;distributive;10;10;1024;3;362,6003859043121;68,59856534004211;9,021772607737685;0,4572010708616645;0,9994628276751182;0,2888323139495172;0,4481537683358624;0,2956985545683862;0,0005;0,7111676860504828;0,6470845586637275;0,9159405078970742;0,7111676860504828;0,3669833447842877;0,7284454061251664;0,2717563413952621;0,39583945732052;-0,0513925057276069;0,3263;0,7282436586047378;0,4523503120245894;0,7605386114701669;0,7282436586047378
ToN-IoT;HSJA;distributive;10;10;2048;2;354,4307923316956;57,25139856338501;20,853372503494512;0,4565850884882371;0,9994613229907348;0,2880250861560433;0,4471813164300692;0,2951667946242939;0,0005;0,7119749138439566;0,6461501443695861;0,9157761036749544;0,7119749138439566;0,2480513634532919;0,8067885117493473;0,0191871837064174;0,0374829416224412;0,0139744416021459;0,0148;0,9808128162935824;0,3708709987891583;0,7394791615908292;0,9808128162935824
ToN-IoT;BPDA;distributive;10;10;2048;2;354,4307923316956;63,41016983985901;14,06572058091876;0,4565850884882371;0,9994613229907348;0,2880250861560433;0,4471813164300692;0,2951667946242939;0,0005;0,7119749138439566;0,6461501443695861;0,9157761036749544;0,7119749138439566;0,3159278826790495;0,6973139273458763;0,182961284113136;0,2898671913428431;-0,0773942143929952;0,2558;0,8170387158868639;0,4361564516129032;0,7628496637660135;0,8170387158868639
ToN-IoT;HSJA;distributive;10;10;2048;3;362,3883550167084;60,0957670211792;21,985832405411166;0,4598308417636049;0,9993631249336588;0,29230960290602;0,45231803987509;0,2978745379275005;0,0006;0,70769039709398;0,6470278307305412;0,9159329865745448;0,70769039709398;0,2399725177094932;0,774468085106383;0,0056505945543171;0,0112193317716681;0,0020034092586373;0,0053;0,9943494054456828;0,3603685817628613;0,7293745326922096;0,9943494054456828
ToN-IoT;BPDA;distributive;10;10;2048;3;362,3883550167084;62,18985414505005;19,95782889904996;0,4598308417636049;0,9993631249336588;0,29230960290602;0,45231803987509;0,2978745379275005;0,0006;0,70769039709398;0,6470278307305412;0,9159329865745448;0,70769039709398;0,2602525527731053;0,5946933282061142;0,096029060200565;0,1653568564554932;-0,1484667917807844;0,2108;0,903970939799435;0,4135182775000777;0,7649588591942255;0,903970939799435
ToN-IoT;HSJA;distributive;10;15;1024;2;239,48912930488584;38,35469770431519;21,632827122177737;0,4634793527446753;0,9985402981962256;0,2973392530038188;0,4582296650717703;0,3002828881149984;0,0014;0,7026607469961812;0,6485530022664473;0,9162124338145738;0,7026607469961812;0,2471510815228979;0,7967032967032966;0,0180073892390325;0,035218750948781;0,0104749025189359;0,0148;0,9819926107609674;0,4176715312490299;0,7561199946020425;0,9819926107609674
ToN-IoT;BPDA;distributive;10;15;1024;2;239,48912930488584;34,46156167984009;17,524698524011466;0,4634793527446753;0,9985402981962256;0,2973392530038188;0,4582296650717703;0,3002828881149984;0,0014;0,7026607469961812;0,6485530022664473;0,9162124338145738;0,7026607469961812;0,2882323675045606;0,6432918761577137;0,1509515973796144;0,2445243543641713;-0,1315797891943497;0,2696;0,8490484026203856;0,3911299403893322;0,7389286174024943;0,8490484026203856
ToN-IoT;HSJA;distributive;10;15;1024;3;245,0631518363953;38,82350420951843;20,175791892724305;0,4635504276339169;0,9987486965589156;0,2973703002266447;0,4582884758008564;0,3005283876276753;0,0012;0,7026296997733553;0,6436976652488435;0,915349524230994;0,7026296997733553;0,2617925087066739;0,903846153846154;0,0364804868204539;0,0701304127249395;0,0590154207966965;0,0125;0,963519513179546;0,3610413129870533;0,7541670624593348;0,963519513179546
ToN-IoT;BPDA;distributive;10;15;1024;3;245,0631518363953;38,36939287185669;20,772820962354004;0,4635504276339169;0,9987486965589156;0,2973703002266447;0,4582884758008564;0,3005283876276753;0,0012;0,7026296997733553;0,6436976652488435;0,915349524230994;0,7026296997733553;0,2558222180103769;0,5604362314450166;0,1148747244558974;0,1906675942387467;-0,2052237875379385;0,2902;0,8851252755441026;0,3924280139091559;0,7391863180491013;0,8851252755441026
ToN-IoT;HSJA;distributive;10;15;2048;2;239,8444859981537;37,922390937805176;21,16373285318297;0,4703736170011135;0,99878517918607;0,3063119004005091;0,4688383586380593;0,3064105313362327;0,0012;0,6936880995994908;0,6481299357322488;0,9161814996980108;0,6936880995994908;0,2587362884692838;0,8847117794486216;0,0328790089726473;0,0634017841106388;0,0488699487284811;0,0138;0,9671209910273526;0,3713167282436586;0,7560469546175456;0,9671209910273526
ToN-IoT;BPDA;distributive;10;15;2048;2;239,8444859981537;36,68718361854553;20,220805989244;0,4703736170011135;0,99878517918607;0,3063119004005091;0,4688383586380593;0,3064105313362327;0,0012;0,6936880995994908;0,6481299357322488;0,9161814996980108;0,6936880995994908;0,2681655571086735;0,6078142880496976;0,1154335744667639;0,1940197255127067;-0,1503370844781426;0,2399;0,8845664255332361;0,3767077928529294;0,7430770273443246;0,8845664255332361
ToN-IoT;HSJA;distributive;10;15;2048;3;244,9139266014099;38,90031003952026;19,770665024047005;0,4612286479186903;0,998946037099494;0,2942655779440529;0,4546130417056383;0,2987095374887037;0,001;0,705734422055947;0,6450034074327051;0,9155734984430932;0,705734422055947;0,2635219976782202;0,8721007289595759;0,0408581452389083;0,0780591968681416;0,0493694387092662;0,0193;0,9591418547610916;0,3695444456518364;0,7530359442043182;0,9591418547610916
ToN-IoT;BPDA;distributive;10;15;2048;3;244,9139266014099;38,9427056312561;16,828164609443487;0,4612286479186903;0,998946037099494;0,2942655779440529;0,4546130417056383;0,2987095374887037;0,001;0,705734422055947;0,6450034074327051;0,9155734984430932;0,705734422055947;0,2929470018242555;0,6253312135665077;0,1831786146729175;0,2833541446546921;-0,1738289570956088;0,3535;0,8168213853270825;0,4068469076966066;0,7621914106514706;0,8168213853270825
ToN-IoT;HSJA;distributive;10;20;1024;2;181,9807381629944;27,62083125114441;23,727167191831125;0,4792816697860645;0,9977617750097314;0,3183271756341395;0,4826644698128751;0,3130986119221213;0,0023;0,6816728243658605;0,648011546462169;0,916113348183382;0,6816728243658605;0,2420099978677533;0,7694235588972431;0,0095314974075568;0,0188297350343474;0,0014566064391044;0,0092;0,9904685025924432;0,3278038281225744;0,7114243797929513;0,9904685025924432
ToN-IoT;BPDA;distributive;10;20;1024;2;181,9807381629944;22,069162607192997;21,407756639579237;0,4792816697860645;0,9977617750097314;0,3183271756341395;0,4826644698128751;0,3130986119221213;0,0023;0,6816728243658605;0,648011546462169;0,916113348183382;0,6816728243658605;0,2652041033902722;0,5613188167625308;0,169673072743643;0,2605793300750983;-0,2598310836799398;0,4271;0,8303269272563569;0,3732242059672762;0,7396822906143563;0,8303269272563569
ToN-IoT;HSJA;distributive;10;20;1024;3;186,6164083480835;28,739805221557617;21,94555663484091;0,4653746831244521;0,9988618727366788;0,2997298891614145;0,4610975784496346;0,3021937646062439;0,0011;0,7002701108385855;0,6539370113943307;0,9171999373094196;0,7002701108385855;0,245919116776043;0,7818991097922848;0,0163618864292589;0,0320530365234315;0,0056370632328793;0,0147;0,983638113570741;0,3695028734204724;0,7323858524457753;0,983638113570741
ToN-IoT;BPDA;distributive;10;20;1024;3;186,6164083480835;29,63544988632202;20,65436281361795;0,4653746831244521;0,9988618727366788;0,2997298891614145;0,4610975784496346;0,3021937646062439;0,0011;0,7002701108385855;0,6539370113943307;0,9171999373094196;0,7002701108385855;0,2588310549882726;0,5746569814366425;0,1105281132602688;0,1853973544422456;-0,1837993234650818;0,2635;0,8894718867397311;0,3595676581079822;0,7335602656730468;0,8894718867397311
ToN-IoT;HSJA;distributive;10;20;2048;2;182,26959204673767;28,393240928649902;22,04979980572864;0,478097088298704;0,997848200312989;0,3167437672700177;0,4808521669455377;0,3121663646087321;0,0022;0,6832562327299823;0,6495968487068833;0,9164094870615984;0,6832562327299823;0,2575990902414177;0,8914798206278027;0,0308609394889627;0,0596567038770855;0,0497412347082652;0,0121;0,9691390605110372;0,3334487596634481;0,7327395033944448;0,9691390605110372
ToN-IoT;BPDA;distributive;10;20;2048;2;182,26959204673767;25,01591682434082;19,168897628467864;0,478097088298704;0,997848200312989;0,3167437672700177;0,4808521669455377;0,3121663646087321;0,0022;0,6832562327299823;0,6495968487068833;0,9164094870615984;0,6832562327299823;0,2864081120140254;0,6031604938271605;0,1896053897978825;0,2885151414938347;-0,2112910977322324;0,4018;0,8103946102021174;0,4070783088577727;0,74758831774343;0,8103946102021174
ToN-IoT;HSJA;distributive;10;20;2048;3;186,20240759849548;28,1314799785614;23,021156625364256;0,4782629297069345;0,9987271125036716;0,3166816728243659;0,4808825609353637;0,3131126134226778;0,0013;0,6833183271756341;0,644505184886212;0,9154771118871614;0,6833183271756341;0,2480513634532919;0,8435672514619883;0,0179142475705548;0,035083452406287;0,0242938749205341;0,0107;0,9820857524294452;0,3829192911919028;0,7531795806481986;0,9820857524294452
ToN-IoT;BPDA;distributive;10;20;2048;3;186,20240759849548;23,219347953796387;17,891918785093225;0,4782629297069345;0,9987271125036716;0,3166816728243659;0,4808825609353637;0,3131126134226778;0,0013;0,6833183271756341;0,644505184886212;0,9154771118871614;0,6833183271756341;0,2993437418560022;0,6413778302392961;0,1855692508305132;0,2878539780389135;-0,1523634138672037;0,3342;0,8144307491694868;0,3956015632276693;0,7558289713294642;0,8144307491694868
ToN-IoT;FGSM;gaussian;1;5;1024;2;70,52349328994751;1,9996697902679443;58,07529199933663;0,665545262858632;0,994370969504864;0,5649042193175821;0,7204941889243075;0,4758511340046181;0,0103;0,4350957806824179;0,8328445232698934;0,9551755684601816;0,4350957806824179;0,0847923428652657;0,0087222647283856;0,0017696917010773;0,0029423910799091;-0,7593514280115274;0,6478;0,9982303082989228;0,1385948973889285;0,5843257876703817;0,9982303082989228
ToN-IoT;RANDOM_LINF;gaussian;1;5;1024;2;70,52349328994751;2,036588430404663;41,93655381553697;0,665545262858632;0,994370969504864;0,5649042193175821;0,7204941889243075;0,4758511340046181;0,0103;0,4350957806824179;0,8328445232698934;0,9551755684601816;0,4350957806824179;0,2461797247032623;0,7465321563682219;0,0183799559129435;0,0358766135385734;-0,0053865107343694;0,0201;0,9816200440870564;0,509392177652209;0,768029671060507;0,9816200440870564
ToN-IoT;RANDOM_L2;gaussian;1;5;1024;2;70,52349328994751;2,047541618347168;41,7707124073065;0,665545262858632;0,994370969504864;0,5649042193175821;0,7204941889243075;0,4758511340046181;0,0103;0,4350957806824179;0,8328445232698934;0,9551755684601816;0,4350957806824179;0,247838138785567;0,8196948682385575;0,0183489086901176;0,0358943212875797;0,0175519318046562;0,013;0,9816510913098824;0,5134941398366916;0,7747765518152321;0,9816510913098824
ToN-IoT;C&W;gaussian;1;5;1024;2;70,52349328994751;25,883522272109985;0,0;0,665545262858632;0,994370969504864;0,5649042193175821;0,7204941889243075;0,4758511340046181;0,0103;0,4350957806824179;0,8328445232698934;0,9551755684601816;0,4350957806824179;0,665545262858632;0,994370969504864;0,5649042193175821;0,7204941889243075;0,4758511340046181;0,0103;0,4350957806824179;0,8328445232698934;0,9551755684601816;0,4350957806824179
ToN-IoT;FGSM;gaussian;1;5;1024;3;71,90492987632751;2,027594804763794;58,06818451041247;0,6654741879693904;0,9947486461353318;0,5645937470893229;0,720340661517132;0,4762374415998497;0,0096;0,4354062529106771;0,8327676099847868;0,9551864334129954;0,4354062529106771;0,0847923428652657;0,0087222647283856;0,0017696917010773;0,0029423910799091;-0,7593514280115274;0,6478;0,9982303082989228;0,1313875702443416;0,5825489282002292;0,9982303082989228
ToN-IoT;RANDOM_LINF;gaussian;1;5;1024;3;71,90492987632751;2,060506820678711;41,93655381553697;0,6654741879693904;0,9947486461353318;0,5645937470893229;0,720340661517132;0,4762374415998497;0,0096;0,4354062529106771;0,8327676099847868;0,9551864334129954;0,4354062529106771;0,2461086498140207;0,761455525606469;0,0175416808966437;0,0342933446632879;-0,0005122343296308;0,0177;0,9824583191033562;0,5080919836070663;0,7666132993341304;0,9824583191033562
ToN-IoT;RANDOM_L2;gaussian;1;5;1024;3;71,90492987632751;2,083445310592652;41,87021725224478;0,6654741879693904;0,9947486461353318;0,5645937470893229;0,720340661517132;0,4762374415998497;0,0096;0,4354062529106771;0,8327676099847868;0,9551864334129954;0,4354062529106771;0,2467720154469426;0,7913165266106442;0,0175416808966437;0,0343225100993226;0,0087100768317075;0,0149;0,9824583191033562;0,5123863656120959;0,7721389497121885;0,9824583191033562
ToN-IoT;C&W;gaussian;1;5;1024;3;71,90492987632751;26,23112201690674;0,0;0,6654741879693904;0,9947486461353318;0,5645937470893229;0,720340661517132;0,4762374415998497;0,0096;0,4354062529106771;0,8327676099847868;0,9551864334129954;0,4354062529106771;0,6654741879693904;0,9947486461353318;0,5645937470893229;0,720340661517132;0,4762374415998497;0,0096;0,4354062529106771;0,8327676099847868;0,9551864334129954;0,4354062529106771
ToN-IoT;FGSM;gaussian;1;5;2048;2;71,09802436828613;1,987701177597046;58,02317041389277;0,6650240470041934;0,9944724168126094;0,56415908596976;0,7199144232483509;0,4754630793406035;0,0101;0,43584091403024;0,8318168508801888;0,95493890292401;0,43584091403024;0,0847923428652657;0,0087222647283856;0,0017696917010773;0,0029423910799091;-0,7593514280115274;0,6478;0,9982303082989228;0,137335640659443;0,5843594069335541;0,9982303082989228
ToN-IoT;RANDOM_LINF;gaussian;1;5;2048;2;71,09802436828613;2,053525447845459;41,81335734085148;0,6650240470041934;0,9944724168126094;0,56415908596976;0,7199144232483509;0,4754630793406035;0,0101;0,43584091403024;0,8318168508801888;0,95493890292401;0,43584091403024;0,2468904735956786;0,7766097240473062;0,0183489086901176;0,0358507734303912;0,0043104941022941;0,017;0,9816510913098824;0,5133134713899842;0,7717361261917933;0,9816510913098824
ToN-IoT;RANDOM_L2;gaussian;1;5;2048;2;71,09802436828613;2,093418598175049;41,82046482977564;0,6650240470041934;0,9944724168126094;0,56415908596976;0,7199144232483509;0,4754630793406035;0,0101;0,43584091403024;0,8318168508801888;0,95493890292401;0,43584091403024;0,246819398706437;0,7870879120879121;0,0177900586792511;0,0347936970580198;0,0074790241034275;0,0155;0,9822099413207488;0,5131027538886648;0,7714340167094543;0,9822099413207488
ToN-IoT;C&W;gaussian;1;5;2048;2;71,09802436828613;26,06407713890076;0,0;0,6650240470041934;0,9944724168126094;0,56415908596976;0,7199144232483509;0,4754630793406035;0,0101;0,43584091403024;0,8318168508801888;0,95493890292401;0,43584091403024;0,6650240470041934;0,9944724168126094;0,56415908596976;0,7199144232483509;0,4754630793406035;0,0101;0,43584091403024;0,8318168508801888;0,95493890292401;0,43584091403024
ToN-IoT;FGSM;gaussian;1;5;2048;3;71,99064517021179;2,024601936340332;58,33826908953067;0,6681750337605724;0,994781190540908;0,5681331304914775;0,7232234605960003;0,4789293904645182;0,0096;0,4318668695085225;0,8323552143810735;0,955075920526714;0,4318668695085225;0,0847923428652657;0,0087222647283856;0,0017696917010773;0,0029423910799091;-0,7593514280115274;0,6478;0,9982303082989228;0,1363673165885311;0,5837132845715044;0,9982303082989228
ToN-IoT;RANDOM_LINF;gaussian;1;5;2048;3;71,99064517021179;2,080453872680664;42,2208533725035;0,6681750337605724;0,994781190540908;0,5681331304914775;0,7232234605960003;0,4789293904645182;0,0096;0,4318668695085225;0,8323552143810735;0,955075920526714;0,4318668695085225;0,2459665000355374;0,7682584269662921;0,0169828308857772;0,0332310683150572;0,0015941725134092;0,0165;0,9830171691142228;0,5200031497407557;0,7727698034761179;0,9830171691142228
ToN-IoT;RANDOM_L2;gaussian;1;5;2048;3;71,99064517021179;2,0654938220977783;41,88680139306783;0,6681750337605724;0,994781190540908;0,5681331304914775;0,7232234605960003;0,4789293904645182;0,0096;0,4318668695085225;0,8323552143810735;0,955075920526714;0,4318668695085225;0,2493070198298941;0,8200734394124847;0,0208016392933652;0,0405740931387391;0,0188306762569762;0,0147;0,9791983607066348;0,5230392188518738;0,7780783176342979;0,9791983607066348
ToN-IoT;C&W;gaussian;1;5;2048;3;71,99064517021179;26,07954144477844;0,0;0,6681750337605724;0,994781190540908;0,5681331304914775;0,7232234605960003;0,4789293904645182;0,0096;0,4318668695085225;0,8323552143810735;0,955075920526714;0,4318668695085225;0,6681750337605724;0,994781190540908;0,5681331304914775;0,7232234605960003;0,4789293904645182;0,0096;0,4318668695085225;0,8323552143810735;0,955075920526714;0,4318668695085225
ToN-IoT;FGSM;gaussian;1;10;1024;2;39,67575263977051;2,124336004257202;57,88812812433367;0,6665640029377621;0,9948698357255908;0,5659598248936633;0,7214834164489828;0,4774528275257892;0,0094;0,4340401751063367;0,8329341767828867;0,9552310677482134;0,4340401751063367;0,0876827216944253;0,0257491341665411;0,005309075103232;0,0088030888030888;-0,7493212608729687;0,647;0,994690924896768;0,1735537768946567;0,4016501881080396;0,994690924896768
ToN-IoT;RANDOM_LINF;gaussian;1;10;1024;2;39,67575263977051;2,7746031284332275;35,15364021891066;0,6665640029377621;0,9948698357255908;0,5659598248936633;0,7214834164489828;0,4774528275257892;0,0094;0,4340401751063367;0,8329341767828867;0,9552310677482134;0,4340401751063367;0,3150276007486555;0,7711794703076164;0,1455493806079046;0,2448809026326786;0,0078100996593424;0,1391;0,8544506193920953;0,4966604427333975;0,7740662951257175;0,8544506193920953
ToN-IoT;RANDOM_L2;gaussian;1;10;1024;2;39,67575263977051;2,9197258949279785;35,12521026321401;0,6665640029377621;0,9948698357255908;0,5659598248936633;0,7214834164489828;0,4774528275257892;0,0094;0,4340401751063367;0,8329341767828867;0,9552310677482134;0,4340401751063367;0,315311900305622;0,760838719848652;0,1498338973578813;0,2503631458808881;-0,0022204209724033;0,1517;0,8501661026421187;0,4962705315284547;0,772302960302052;0,8501661026421187
ToN-IoT;C&W;gaussian;1;10;1024;2;39,67575263977051;13,515985488891602;0,0;0,6665640029377621;0,9948698357255908;0,5659598248936633;0,7214834164489828;0,4774528275257892;0,0094;0,4340401751063367;0,8329341767828867;0,9552310677482134;0,4340401751063367;0,6665640029377621;0,9948698357255908;0,5659598248936633;0,7214834164489828;0,4774528275257892;0,0094;0,4340401751063367;0,8329341767828867;0,9552310677482134;0,4340401751063367
ToN-IoT;FGSM;gaussian;1;10;1024;3;40,070242166519165;1,175865650177002;58,27193252623848;0,6675353597573978;0,9945581192860252;0,5674190443664814;0,7225857467628743;0,478030465366121;0,01;0,4325809556335185;0,8338145859852836;0,9554669892875586;0,4325809556335185;0,0848160344950129;0,0087235996326905;0,0017696917010773;0,0029424670263015;-0,7592813414801833;0,6477;0,9982303082989228;0,1775954577913005;0,3930700590530155;0,9982303082989228
ToN-IoT;RANDOM_LINF;gaussian;1;10;1024;3;40,070242166519165;2,837435007095337;35,47110805752328;0,6675353597573978;0,9945581192860252;0,5674190443664814;0,7225857467628743;0,478030465366121;0,01;0,4325809556335185;0,8338145859852836;0,9554669892875586;0,4325809556335185;0,3128242791821649;0,7579710144927536;0,146139277841597;0,2450350087196439;-0,0049942044575399;0,1503;0,8538607221584029;0,5004227638237759;0,7745872708880369;0,8538607221584029
ToN-IoT;RANDOM_L2;gaussian;1;10;1024;3;40,070242166519165;2,91024112701416;35,25314506384895;0,6675353597573978;0,9945581192860252;0,5674190443664814;0,7225857467628743;0,478030465366121;0,01;0,4325809556335185;0,8338145859852836;0,9554669892875586;0,4325809556335185;0,3150039091189083;0,7683165092803647;0,146511844515508;0,246095277828479;0,0050786821711556;0,1423;0,8534881554844919;0,5001404514266199;0,7752680013900177;0,8534881554844919
ToN-IoT;C&W;gaussian;1;10;1024;3;40,070242166519165;13,586287260055542;0,0;0,6675353597573978;0,9945581192860252;0,5674190443664814;0,7225857467628743;0,478030465366121;0,01;0,4325809556335185;0,8338145859852836;0,9554669892875586;0,4325809556335185;0,6675353597573978;0,9945581192860252;0,5674190443664814;0,7225857467628743;0,478030465366121;0,01;0,4325809556335185;0,8338145859852836;0,9554669892875586;0,4325809556335185
ToN-IoT;FGSM;gaussian;1;10;2048;2;39,4448926448822;4,94432806968689;58,485157193963374;0,6662086284915539;0,9945414847161572;0,56568039988823;0,7211700211759584;0,4767074940812152;0,01;0,43431960011177;0,8336360411686174;0,955425119332874;0,43431960011177;0,0813570565519202;0,00956080071706;0,0019870222608587;0,0032902346862709;-0,7693958568020423;0,663;0,9980129777391412;0,1670714055077773;0,4154431078979245;0,9980129777391412
ToN-IoT;RANDOM_LINF;gaussian;1;10;2048;2;39,4448926448822;2,81500506401062;35,48058470942216;0,6662086284915539;0,9945414847161572;0,56568039988823;0,7211700211759584;0,4767074940812152;0,01;0,43431960011177;0,8336360411686174;0,955425119332874;0,43431960011177;0,3114027813973323;0,755609756097561;0,1442764444720419;0,2422899449933522;-0,0072593400696569;0,1503;0,855723555527958;0,4980060122947002;0,7727267524654821;0,855723555527958
ToN-IoT;RANDOM_L2;gaussian;1;10;2048;2;39,4448926448822;2,784575223922729;35,473477220498;0,6662086284915539;0,9945414847161572;0,56568039988823;0,7211700211759584;0,4767074940812152;0,01;0,43431960011177;0,8336360411686174;0,955425119332874;0,43431960011177;0,311473856286574;0,75807774315237;0,143500263901394;0,2413198976661619;-0,004837668331175;0,1475;0,856499736098606;0,4954426697506907;0,7717985991491634;0,856499736098606
ToN-IoT;C&W;gaussian;1;10;2048;2;39,4448926448822;13,65461254119873;0,0;0,6662086284915539;0,9945414847161572;0,56568039988823;0,7211700211759584;0,4767074940812152;0,01;0,43431960011177;0,8336360411686174;0,955425119332874;0,43431960011177;0,6662086284915539;0,9945414847161572;0,56568039988823;0,7211700211759584;0,4767074940812152;0,01;0,43431960011177;0,8336201636188643;0,955420865126306;0,43431960011177
ToN-IoT;FGSM;gaussian;1;10;2048;3;40,26270365715027;3,2593109607696533;57,7554549977493;0,6662086284915539;0,994379570009822;0,5657735415567078;0,7212031265459582;0,4765118635822487;0,0103;0,4342264584432923;0,8319949191219845;0,9549829881947473;0,4342264584432923;0,0886540785140609;0,0244680851063829;0,0049986028749728;0,0083013225398953;-0,7465279268370487;0,6419;0,9950013971250272;0,1728763435685678;0,4139875461528025;0,9950013971250272
ToN-IoT;RANDOM_LINF;gaussian;1;10;2048;3;40,26270365715027;3,134641170501709;35,345542419863065;0,6662086284915539;0,994379570009822;0,5657735415567078;0,7212031265459582;0,4765118635822487;0,0103;0,4342264584432923;0,8319949191219845;0,9549829881947473;0,4342264584432923;0,3127532042929233;0,7562850280224179;0,1466360334068117;0,2456441462526655;-0,0066630476426924;0,1522;0,8533639665931883;0,4931136250737371;0,7698064710961342;0,8533639665931883
ToN-IoT;RANDOM_L2;gaussian;1;10;2048;3;40,26270365715027;2,8593766689300537;35,627472813854865;0,6662086284915539;0,994379570009822;0,5657735415567078;0,7212031265459582;0,4765118635822487;0,0103;0,4342264584432923;0,8319949191219845;0,9549829881947473;0,4342264584432923;0,3099339003530053;0,7537878787878788;0,1421031388742277;0,2391264596013688;-0,0089617774836183;0,1495;0,8578968611257723;0,4949990592691484;0,7703406581397464;0,8578968611257723
ToN-IoT;C&W;gaussian;1;10;2048;3;40,26270365715027;13,63366413116455;0,0;0,6662086284915539;0,994379570009822;0,5657735415567078;0,7212031265459582;0,4765118635822487;0,0103;0,4342264584432923;0,8319949191219845;0,9549829881947473;0,4342264584432923;0,6662086284915539;0,994379570009822;0,5657735415567078;0,7212031265459582;0,4765118635822487;0,0103;0,4342264584432923;0,8319949191219845;0,9549829881947473;0,4342264584432923
ToN-IoT;FGSM;gaussian;1;15;1024;2;29,387176990509037;2,404588460922241;53,007652396408346;0,6666113861972565;0,994924411941276;0,5659908721164891;0,7215229953296921;0,477565248265266;0,0093;0,4340091278835108;0,8349690629948151;0,955755019136289;0,4340091278835108;0,136534862233173;0,109060712308544;0,0183489086901176;0,0314127777187201;-0,5903426207346585;0,4828;0,9816510913098824;0,2513972693967524;0,435374553070418;0,9816510913098824
ToN-IoT;RANDOM_LINF;gaussian;1;15;1024;2;29,387176990509037;0,8377668857574463;42,23033002440238;0,6666113861972565;0,994924411941276;0,5659908721164891;0,7215229953296921;0,477565248265266;0,0093;0,4340091278835108;0,8349690629948151;0,955755019136289;0,4340091278835108;0,2443080859532327;0,7476190476190476;0,0146232419510074;0,0286854045494686;-0,0044770292352967;0,0159;0,9853767580489924;0,4986211012449936;0,7520039614224171;0,9853767580489924
ToN-IoT;RANDOM_L2;gaussian;1;15;1024;2;29,387176990509037;0,8547210693359375;42,22796086142765;0,6666113861972565;0,994924411941276;0,5659908721164891;0,7215229953296921;0,477565248265266;0,0093;0,4340091278835108;0,8349690629948151;0,955755019136289;0,4340091278835108;0,2443317775829799;0,7569786535303776;0,0143127697227483;0,0280943384727893;-0,0017372710286651;0,0148;0,9856872302772516;0,4994503368623676;0,7595835730656425;0,9856872302772516
ToN-IoT;C&W;gaussian;1;15;1024;2;29,387176990509037;9,326660871505736;0,0;0,6666113861972565;0,994924411941276;0,5659908721164891;0,7215229953296921;0,477565248265266;0,0093;0,4340091278835108;0,8349690629948151;0,955755019136289;0,4340091278835108;0,6666113861972565;0,994924411941276;0,5659908721164891;0,7215229953296921;0,477565248265266;0,0093;0,4340091278835108;0,8349690629948151;0,955755019136289;0,4340091278835108
ToN-IoT;FGSM;gaussian;1;15;1024;3;29,44003438949585;2,695322275161743;51,44874315904191;0,666658769456751;0,994924965893588;0,566052966562141;0,72157359401591;0,4776124483143874;0,0093;0,433947033437859;0,8341831196249495;0,9555252926967164;0,433947033437859;0,1521713378663318;0,0112052473353375;0,0012729361358626;0,0022861603657856;-0,5447949791348595;0,3618;0,9987270638641372;0,2875441274178025;0,3866898349338959;0,9987270638641372
ToN-IoT;RANDOM_LINF;gaussian;1;15;1024;3;29,44003438949585;0,8861463069915771;42,58570447061054;0,666658769456751;0,994924965893588;0,566052966562141;0,72157359401591;0,4776124483143874;0,0093;0,433947033437859;0,8341831196249495;0,9555252926967164;0,433947033437859;0,2408017247506456;0,7440476190476191;0,0077618057064795;0,0153633430634506;-0,0040104826628323;0,0086;0,9922381942935204;0,5000136545685988;0,7641033564572536;0,9922381942935204
ToN-IoT;RANDOM_L2;gaussian;1;15;1024;3;29,44003438949585;0,8602159023284912;42,56438200383805;0,666658769456751;0,994924965893588;0,566052966562141;0,72157359401591;0,4776124483143874;0,0093;0,433947033437859;0,8341831196249495;0,9555252926967164;0,433947033437859;0,2410149494183704;0,7566765578635015;0,0079170418206091;0,0156701284336016;-0,0013518673216841;0,0082;0,9920829581793909;0,5000861591480642;0,765155824058546;0,9920829581793909
ToN-IoT;C&W;gaussian;1;15;1024;3;29,44003438949585;9,4712553024292;0,0;0,666658769456751;0,994924965893588;0,566052966562141;0,72157359401591;0,4776124483143874;0,0093;0,433947033437859;0,8341831196249495;0,9555252926967164;0,433947033437859;0,666658769456751;0,994924965893588;0,566052966562141;0,72157359401591;0,4776124483143874;0,0093;0,433947033437859;0,8341831196249495;0,9555252926967164;0,433947033437859
ToN-IoT;FGSM;gaussian;1;15;2048;2;29,01663637161255;2,9930202960968018;53,39856428723731;0,6693596152479329;0,9947953374898346;0,5696854916327735;0,7244837525170766;0,4801134161966333;0,0096;0,4303145083672265;0,8337610031357694;0,9554394825538464;0,4303145083672265;0,1353739723755597;0,0071297148114075;0,0009624639076034;0,0016959816177476;-0,6025048291554498;0,4317;0,9990375360923964;0,2463511487472445;0,3852057619723766;0,9990375360923964
ToN-IoT;RANDOM_LINF;gaussian;1;15;2048;2;29,01663637161255;0,8267955780029297;42,76813001966405;0,6693596152479329;0,9947953374898346;0,5696854916327735;0,7244837525170766;0,4801134161966333;0,0096;0,4303145083672265;0,8337610031357694;0,9554394825538464;0,4303145083672265;0,2416783150512924;0,7457212713936431;0,009469402961905;0,018701330553682;-0,0040392477499778;0,0104;0,990530597038095;0,4996531264553386;0,7594915126328625;0,990530597038095
ToN-IoT;RANDOM_L2;gaussian;1;15;2048;2;29,01663637161255;0,8766627311706543;42,80129830131014;0,6693596152479329;0,9947953374898346;0,5696854916327735;0,7244837525170766;0,4801134161966333;0,0096;0,4303145083672265;0,8337610031357694;0,9554394825538464;0,4303145083672265;0,2413466322348314;0,7297297297297297;0,0092210251792977;0,0182119205298013;-0,0077403872131501;0,011;0,9907789748207024;0,4985755021888291;0,7456156500796638;0,9907789748207024
ToN-IoT;C&W;gaussian;1;15;2048;2;29,01663637161255;9,344103336334229;-0,0023691629747246;0,6693596152479329;0,9947953374898346;0,5696854916327735;0,7244837525170766;0,4801134161966333;0,0096;0,4303145083672265;0,8337610031357694;0,9554394825538464;0,4303145083672265;0,6693833068776801;0,9947956196465358;0,5697165388555994;0,7245089329779884;0,4801371177050494;0,0096;0,4302834611444006;0,8337610031357694;0,9554394825538464;0,4302834611444006
ToN-IoT;FGSM;gaussian;1;15;2048;3;29,73976993560791;3,0807855129241943;53,02186737425667;0,6666350778270037;0,9949787141141796;0,5659908721164891;0,7215372741485425;0,4776540709106001;0,0092;0,4340091278835108;0,8351429227855568;0,9557802995711852;0,4340091278835108;0,1364164040844369;0,0072026022304832;0,0009624639076034;0,0016980253608303;-0,5990427409409214;0,4273;0,9990375360923964;0,2561907013567636;0,3853384840691569;0,9990375360923964
ToN-IoT;RANDOM_LINF;gaussian;1;15;2048;3;29,73976993560791;0,8627002239227295;42,54305953706555;0,6666350778270037;0,9949787141141796;0,5659908721164891;0,7215372741485425;0,4776540709106001;0,0092;0,4340091278835108;0,8351429227855568;0,9557802995711852;0,4340091278835108;0,2412044824563481;0,7836990595611285;0,0077618057064795;0,0153713723561239;0,0042310432471306;0,0069;0,9922381942935204;0,5004070399577758;0,7703798108733755;0,9922381942935204
ToN-IoT;RANDOM_L2;gaussian;1;15;2048;3;29,73976993560791;0,9315156936645508;42,61176526333247;0,6666350778270037;0,9949787141141796;0,5659908721164891;0,7215372741485425;0,4776540709106001;0,0092;0,4340091278835108;0,8351429227855568;0,9557802995711852;0,4340091278835108;0,240517425193679;0,7435897435897436;0,007202955695613;0,0142677039451431;-0,0039564194024172;0,008;0,992797044304387;0,4998547207302306;0,7615280929156896;0,992797044304387
ToN-IoT;C&W;gaussian;1;15;2048;3;29,73976993560791;9,311174392700195;0,0;0,6666350778270037;0,9949787141141796;0,5659908721164891;0,7215372741485425;0,4776540709106001;0,0092;0,4340091278835108;0,8351429227855568;0,9557802995711852;0,4340091278835108;0,6666350778270037;0,9949787141141796;0,5659908721164891;0,7215372741485425;0,4776540709106001;0,0092;0,4340091278835108;0,8351429227855568;0,9557802995711852;0,4340091278835108
ToN-IoT;FGSM;gaussian;1;20;1024;2;23,91726136207581;1,1988039016723633;44,9027458598877;0,6754009808334716;0,9943904263275992;0,5778819584588158;0,7309678559506745;0,4856055803791276;0,0105;0,4221180415411841;0,8359537287714615;0,9559361596109676;0,4221180415411841;0,2263735222345945;0,0486815415821501;0,000745133347822;0,0014678001345483;-0,1826549020638235;0,0469;0,999254866652178;0,4864975286410631;0,6764759805358196;0,999254866652178
ToN-IoT;RANDOM_LINF;gaussian;1;20;1024;2;23,91726136207581;0,630319356918335;43,26328508138075;0,6754009808334716;0,9943904263275992;0,5778819584588158;0,7309678559506745;0,4856055803791276;0,0105;0,4221180415411841;0,8359537287714615;0,9559361596109676;0,4221180415411841;0,242768130019664;0,7865429234338747;0,0105250085379862;0,0207720588235294;0,0056039575854402;0,0092;0,9894749914620136;0,5006964823496539;0,7751632565069594;0,9894749914620136
ToN-IoT;RANDOM_L2;gaussian;1;20;1024;2;23,91726136207581;0,6253325939178467;43,2917150370774;0,6754009808334716;0,9943904263275992;0,5778819584588158;0,7309678559506745;0,4856055803791276;0,0105;0,4221180415411841;0,8359537287714615;0,9559361596109676;0,4221180415411841;0,2424838304626975;0,7713625866050808;0,0103697724238566;0,0204644323264505;0,0019822971880943;0,0099;0,9896302275761432;0,5004784594368034;0,7716953766888512;0,9896302275761432
ToN-IoT;C&W;gaussian;1;20;1024;2;23,91726136207581;7,16440486907959;0,0;0,6754009808334716;0,9943904263275992;0,5778819584588158;0,7309678559506745;0,4856055803791276;0,0105;0,4221180415411841;0,8359537287714615;0,9559361596109676;0,4221180415411841;0,6754009808334716;0,9943904263275992;0,5778819584588158;0,7309678559506745;0,4856055803791276;0,0105;0,4221180415411841;0,8359537287714615;0,9559361596109676;0,4221180415411841
ToN-IoT;FGSM;gaussian;1;20;1024;3;28,875043869018555;2,4634318351745605;44,12802956715392;0,6727238266720368;0,9949948872504172;0,5740010556055761;0,7280173262453239;0,4836811890887156;0,0093;0,4259989443944239;0,8371860256450061;0,9563245038943586;0,4259989443944239;0,2314435310004975;0,0167364016736401;0,0001241888913036;0,0002465483234714;-0,1324606478639573;0,0235;0,9998758111086964;0,4689752507063243;0,3878496959616556;0,9998758111086964
ToN-IoT;RANDOM_LINF;gaussian;1;20;1024;3;28,875043869018555;0,7639615535736084;43,53573882347367;0,6727238266720368;0,9949948872504172;0,5740010556055761;0,7280173262453239;0,4836811890887156;0,0093;0,4259989443944239;0,8371860256450061;0,9563245038943586;0,4259989443944239;0,2373664384373001;0,7317073170731707;0,0009314166847775;0,001860465116279;-0,0023010167538148;0,0011;0,9990685833152224;0,499993332608898;0,7620843270536807;0,9990685833152224
ToN-IoT;RANDOM_L2;gaussian;1;20;1024;3;28,875043869018555;0,8048527240753174;43,55469212727143;0,6727238266720368;0,9949948872504172;0,5740010556055761;0,7280173262453239;0,4836811890887156;0,0093;0,4259989443944239;0,8371860256450061;0,9563245038943586;0,4259989443944239;0,2371769053993224;0,6486486486486487;0,000745133347822;0,0014885567202133;-0,0079719448204695;0,0013;0,999254866652178;0,4997967307274364;0,7294428943893679;0,999254866652178
ToN-IoT;C&W;gaussian;1;20;1024;3;28,875043869018555;7,286571741104126;0,0;0,6727238266720368;0,9949948872504172;0,5740010556055761;0,7280173262453239;0,4836811890887156;0,0093;0,4259989443944239;0,8371860256450061;0,9563245038943586;0,4259989443944239;0,6727238266720368;0,9949948872504172;0,5740010556055761;0,7280173262453239;0,4836811890887156;0,0093;0,4259989443944239;0,8371860256450061;0,9563245038943586;0,4259989443944239
ToN-IoT;FGSM;gaussian;1;20;2048;2;23,85343623161316;1,1848020553588867;43,97640313677178;0,6699519059916131;0,9953924544666088;0,5701201527523363;0,7249935843022682;0,4814201921248124;0,0085;0,4298798472476637;0,8330267658107982;0,9551808417013424;0,4298798472476637;0,2301878746238953;0,0202702702702702;0,0001862833369555;0,0003691739732348;-0,1468140680865687;0,029;0,9998137166630444;0,4803610760967431;0,3902631789675043;0,9998137166630444
ToN-IoT;RANDOM_LINF;gaussian;1;20;2048;2;23,85343623161316;0,6183512210845947;43,15193442156886;0,6699519059916131;0,9953924544666088;0,5701201527523363;0,7249935843022682;0,4814201921248124;0,0085;0,4298798472476637;0,8330267658107982;0,9551808417013424;0,4298798472476637;0,2384325617759245;0,7758620689655172;0,0027942500543326;0,005568445475638;0,0015776687940101;0,0026;0,9972057499456674;0,4997258219752243;0,7473164051065156;0,9972057499456674
ToN-IoT;RANDOM_L2;gaussian;1;20;2048;2;23,85343623161316;0,6213438510894775;43,18984102916439;0,6699519059916131;0,9953924544666088;0,5701201527523363;0,7249935843022682;0,4814201921248124;0,0085;0,4298798472476637;0,8330267658107982;0,9551808417013424;0,4298798472476637;0,2380534956999692;0,7181818181818181;0,0024527306032475;0,0048887651226832;-0,0053981066667441;0,0031;0,9975472693967524;0,4998090269800366;0,7518799982821006;0,9975472693967524
ToN-IoT;C&W;gaussian;1;20;2048;2;23,85343623161316;7,253659725189209;-0,0023691629747246;0,6699519059916131;0,9953924544666088;0,5701201527523363;0,7249935843022682;0,4814201921248124;0,0085;0,4298798472476637;0,8330267658107982;0,9551808417013424;0,4298798472476637;0,6699755976213604;0,9953927042116104;0,5701511999751622;0,7250187532077855;0,4814438886231258;0,0085;0,4298488000248378;0,8330267658107982;0,9551808417013424;0,4298488000248378
ToN-IoT;FGSM;gaussian;1;20;2048;3;28,990737915039062;0,7051198482513428;46,04942073965268;0,6692174654694496;0,9953846989194766;0,5691576888447328;0,724212855054715;0,4806860110918785;0,0085;0,4308423111552671;0,8367646542891739;0,956192968879132;0,4308423111552671;0,2087232580729228;0,0041666666666666;0,0001552361141295;0,0002993205423688;-0,3053245865405754;0,1195;0,9998447638858704;0,4403276180570648;0,3836435735799785;0,9998447638858704
ToN-IoT;RANDOM_LINF;gaussian;1;20;2048;3;28,990737915039062;0,710106611251831;43,225378473785206;0,6692174654694496;0,9953846989194766;0,5691576888447328;0,724212855054715;0,4806860110918785;0,0085;0,4308423111552671;0,8367646542891739;0,956192968879132;0,4308423111552671;0,2369636807315975;0,6;0,0001862833369555;0,0003724510382072;-0,0059044020923927;0,0004;0,9998137166630444;0,499886246080288;0,7148468746358269;0,9998137166630444
ToN-IoT;RANDOM_L2;gaussian;1;20;2048;3;28,990737915039062;0,6861701011657715;43,18984102916439;0,6692174654694496;0,9953846989194766;0,5691576888447328;0,724212855054715;0,4806860110918785;0,0085;0,4308423111552671;0,8367646542891739;0,956192968879132;0,4308423111552671;0,2373190551778057;0,8695652173913043;0,0006209444565183;0,001241002730206;0,0058475023808032;0,0003;0,9993790555434816;0,5000571129187494;0,7781905008837053;0,9993790555434816
ToN-IoT;C&W;gaussian;1;20;2048;3;28,990737915039062;7,178386688232422;0,0;0,6692174654694496;0,9953846989194766;0,5691576888447328;0,724212855054715;0,4806860110918785;0,0085;0,4308423111552671;0,8367646542891739;0,956192968879132;0,4308423111552671;0,6692174654694496;0,9953846989194766;0,5691576888447328;0,724212855054715;0,4806860110918785;0,0085;0,4308423111552671;0,8367568086559657;0,9561908633471666;0,4308423111552671
ToN-IoT;FGSM;gaussian;2;5;1024;2;136,6896710395813;3,913564920425415;58,08239948826079;0,6656163377478737;0,993993993993994;0,5652146915458413;0,7206476130155965;0,4754652305919162;0,011;0,4347853084541588;0,8319100686143625;0,9549384384942332;0,4347853084541588;0,0847923428652657;0,0087222647283856;0,0017696917010773;0,0029423910799091;-0,7593514280115274;0,6478;0,9982303082989228;0,0765962898568723;0,5685144158923595;0,9982303082989228
ToN-IoT;RANDOM_LINF;gaussian;2;5;1024;2;136,6896710395813;3,992355108261109;42,87000402757706;0,6656163377478737;0,993993993993994;0,5652146915458413;0,7206476130155965;0,4754652305919162;0,011;0,4347853084541588;0,8319100686143625;0,9549384384942332;0,4347853084541588;0,2369162974721031;0,0;0,0;0,0;0,0;0,0;1,0;0,5242689683007855;0,7769132870781559;1,0
ToN-IoT;RANDOM_L2;gaussian;2;5;1024;2;136,6896710395813;3,900599718093872;42,87000402757706;0,6656163377478737;0,993993993993994;0,5652146915458413;0,7206476130155965;0,4754652305919162;0,011;0,4347853084541588;0,8319100686143625;0,9549384384942332;0,4347853084541588;0,2369162974721031;0,0;0,0;0,0;0,0;0,0;1,0;0,5308627479896924;0,780013504421659;1,0
ToN-IoT;C&W;gaussian;2;5;1024;2;136,6896710395813;51,88123869895935;0,0;0,6656163377478737;0,993993993993994;0,5652146915458413;0,7206476130155965;0,4754652305919162;0,011;0,4347853084541588;0,8319100686143625;0,9549384384942332;0,4347853084541588;0,6656163377478737;0,993993993993994;0,5652146915458413;0,7206476130155965;0,4754652305919162;0,011;0,4347853084541588;0,8319100686143625;0,9549384384942332;0,4347853084541588
ToN-IoT;FGSM;gaussian;2;5;1024;3;139,2508659362793;3,904588460922241;58,14162856262882;0,6662086284915539;0,9938944614042738;0,566052966562141;0,7213023955057069;0,4759253005628545;0,0112;0,433947033437859;0,8319801561675308;0,9549778278201848;0,433947033437859;0,0847923428652657;0,0087222647283856;0,0017696917010773;0,0029423910799091;-0,7593514280115274;0,6478;0,9982303082989228;0,0847305116582321;0,5706165186908093;0,9982303082989228
ToN-IoT;RANDOM_LINF;gaussian;2;5;1024;3;139,2508659362793;3,981823444366455;42,92923310194509;0,6662086284915539;0,9938944614042738;0,566052966562141;0,7213023955057069;0,4759253005628545;0,0112;0,433947033437859;0,8319801561675308;0,9549778278201848;0,433947033437859;0,2369162974721031;0,0;0,0;0,0;0,0;0,0;1,0;0,5365797447918284;0,7829174732737261;1,0
ToN-IoT;RANDOM_L2;gaussian;2;5;1024;3;139,2508659362793;3,963449239730835;42,92923310194509;0,6662086284915539;0,9938944614042738;0,566052966562141;0,7213023955057069;0,4759253005628545;0,0112;0,433947033437859;0,8319801561675308;0,9549778278201848;0,433947033437859;0,2369162974721031;0,0;0,0;0,0;0,0;0,0;1,0;0,533301395572666;0,782054800120547;1,0
ToN-IoT;C&W;gaussian;2;5;1024;3;139,2508659362793;52,76159310340881;0,0;0,6662086284915539;0,9938944614042738;0,566052966562141;0,7213023955057069;0,4759253005628545;0,0112;0,433947033437859;0,8319801561675308;0,9549778278201848;0,433947033437859;0,6662086284915539;0,9938944614042738;0,566052966562141;0,7213023955057069;0,4759253005628545;0,0112;0,433947033437859;0,8319801561675308;0,9549778278201848;0,433947033437859
ToN-IoT;FGSM;gaussian;2;5;2048;2;137,7693121433258;3,9025936126708975;58,09424530313441;0,6657347958966098;0,9941574751556188;0,5652767859914931;0,7207410486313164;0,4757789076194694;0,0107;0,4347232140085069;0,8321422599273495;0,9550176448526718;0,4347232140085069;0,0847923428652657;0,0087222647283856;0,0017696917010773;0,0029423910799091;-0,7593514280115274;0,6478;0,9982303082989228;0,0772128147412213;0,5687689009471126;0,9982303082989228
ToN-IoT;RANDOM_LINF;gaussian;2;5;2048;2;137,7693121433258;3,939495325088501;42,88184984245067;0,6657347958966098;0,9941574751556188;0,5652767859914931;0,7207410486313164;0,4757789076194694;0,0107;0,4347232140085069;0,8321422599273495;0,9550176448526718;0,4347232140085069;0,2369162974721031;0,0;0,0;0,0;0,0;0,0;1,0;0,542064545623894;0,7879037909295651;1,0
ToN-IoT;RANDOM_L2;gaussian;2;5;2048;2;137,7693121433258;3,9220492839813232;42,88184984245067;0,6657347958966098;0,9941574751556188;0,5652767859914931;0,7207410486313164;0,4757789076194694;0,0107;0,4347232140085069;0,8321422599273495;0,9550176448526718;0,4347232140085069;0,2369162974721031;0,0;0,0;0,0;0,0;0,0;1,0;0,5349100825856128;0,7826505472462566;1,0
ToN-IoT;C&W;gaussian;2;5;2048;2;137,7693121433258;52,2935893535614;0,0;0,6657347958966098;0,9941574751556188;0,5652767859914931;0,7207410486313164;0,4757789076194694;0,0107;0,4347232140085069;0,8321422599273495;0,9550176448526718;0,4347232140085069;0,6657347958966098;0,9941574751556188;0,5652767859914931;0,7207410486313164;0,4757789076194694;0,0107;0,4347232140085069;0,8321422599273495;0,9550176448526718;0,4347232140085069
ToN-IoT;FGSM;gaussian;2;5;2048;3;139,8530969619751;3,935504913330078;58,09898362908385;0,6657821791561042;0,9942660550458716;0,5652767859914931;0,7207695809663308;0,4759565625377229;0,0105;0,4347232140085069;0,8318124313080195;0,9549340873457492;0,4347232140085069;0,0847923428652657;0,0087222647283856;0,0017696917010773;0,0029423910799091;-0,7593514280115274;0,6478;0,9982303082989228;0,0801419711881772;0,5693193157185901;0,9982303082989228
ToN-IoT;RANDOM_LINF;gaussian;2;5;2048;3;139,8530969619751;3,978391647338867;42,88658816840011;0,6657821791561042;0,9942660550458716;0,5652767859914931;0,7207695809663308;0,4759565625377229;0,0105;0,4347232140085069;0,8318124313080195;0,9549340873457492;0,4347232140085069;0,2369162974721031;0,0;0,0;0,0;0,0;0,0;1,0;0,5339839998137167;0,7833899796832031;1,0
ToN-IoT;RANDOM_L2;gaussian;2;5;2048;3;139,8530969619751;3,9853720664978023;42,88658816840011;0,6657821791561042;0,9942660550458716;0,5652767859914931;0,7207695809663308;0,4759565625377229;0,0105;0,4347232140085069;0,8318124313080195;0,9549340873457492;0,4347232140085069;0,2369162974721031;0,0;0,0;0,0;0,0;0,0;1,0;0,5323698531466361;0,7833019398033736;1,0
ToN-IoT;C&W;gaussian;2;5;2048;3;139,8530969619751;52,81707549095154;0,0;0,6657821791561042;0,9942660550458716;0,5652767859914931;0,7207695809663308;0,4759565625377229;0,0105;0,4347232140085069;0,8318124313080195;0,9549340873457492;0,4347232140085069;0,6657821791561042;0,9942660550458716;0,5652767859914931;0,7207695809663308;0,4759565625377229;0,0105;0,4347232140085069;0,8318124313080195;0,9549340873457492;0,4347232140085069
ToN-IoT;FGSM;gaussian;2;10;1024;2;74,85791325569153;2,017619132995605;58,1274135847805;0,6660664787130707;0,994215868165448;0,56568039988823;0,7210843969526071;0,476174607790419;0,0106;0,43431960011177;0,8322950976435157;0,9550561997512552;0,43431960011177;0,0847923428652657;0,0087222647283856;0,0017696917010773;0,0029423910799091;-0,7593514280115274;0,6478;0,9982303082989228;0,1115443773479462;0,5772837494643378;0,9982303082989228
ToN-IoT;RANDOM_LINF;gaussian;2;10;1024;2;74,85791325569153;2,072473287582397;42,27297495794736;0,6660664787130707;0,994215868165448;0,56568039988823;0,7210843969526071;0,476174607790419;0,0106;0,43431960011177;0,8322950976435157;0,9550561997512552;0,43431960011177;0,2433367291335971;0,7805383022774327;0,0117048030053711;0,0230637464823198;0,00441668600835;0,0106;0,9882951969946288;0,5187701713806699;0,7745146464255626;0,9882951969946288
ToN-IoT;RANDOM_L2;gaussian;2;10;1024;2;74,85791325569153;2,060504913330078;42,34641901016371;0,6660664787130707;0,994215868165448;0,56568039988823;0,7210843969526071;0,476174607790419;0,0106;0,43431960011177;0,8322950976435157;0,9550561997512552;0,43431960011177;0,2426022886114335;0,7926829268292683;0,0100903474184234;0,0199270363898341;0,0068945472878671;0,0085;0,9899096525815766;0,516898955260952;0,7732414122762776;0,9899096525815766
ToN-IoT;C&W;gaussian;2;10;1024;2;74,85791325569153;26,2964141368866;0,0;0,6660664787130707;0,994215868165448;0,56568039988823;0,7210843969526071;0,476174607790419;0,0106;0,43431960011177;0,8322950976435157;0,9550561997512552;0,43431960011177;0,6660664787130707;0,994215868165448;0,56568039988823;0,7210843969526071;0,476174607790419;0,0106;0,43431960011177;0,8322950976435157;0,9550561997512552;0,43431960011177
ToN-IoT;FGSM;gaussian;2;10;1024;3;73,33111071586609;2,0146279335021973;58,15584354047715;0,6663507782700372;0,9950835791543756;0,5655562109969263;0,721211521330298;0,47750147741359;0,009;0,4344437890030737;0,832102559843522;0,955007010371548;0,4344437890030737;0,0847923428652657;0,0087222647283856;0,0017696917010773;0,0029423910799091;-0,7593514280115274;0,6478;0,9982303082989228;0,1106785944922226;0,5768639109416247;0,9982303082989228
ToN-IoT;RANDOM_LINF;gaussian;2;10;1024;3;73,33111071586609;2,118858575820923;42,44829301807671;0,6663507782700372;0,9950835791543756;0,5655562109969263;0,721211521330298;0,47750147741359;0,009;0,4344437890030737;0,832102559843522;0,955007010371548;0,4344437890030737;0,24186784808927;0,7927170868347339;0,0087863640597348;0,0173800896640668;0,006436854546087;0,0074;0,9912136359402652;0,5235797416871061;0,7755946499215758;0,9912136359402652
ToN-IoT;RANDOM_L2;gaussian;2;10;1024;3;73,33111071586609;2,078457355499268;42,4696154848492;0,6663507782700372;0,9950835791543756;0,5655562109969263;0,721211521330298;0,47750147741359;0,009;0,4344437890030737;0,832102559843522;0,955007010371548;0,4344437890030737;0,2416546234215451;0,8225806451612904;0,0079170418206091;0,0156831390879178;0,0120362197901885;0,0055;0,9920829581793909;0,5147746282095067;0,7738047054651521;0,9920829581793909
ToN-IoT;C&W;gaussian;2;10;1024;3;73,33111071586609;26,51290702819824;0,0;0,6663507782700372;0,9950835791543756;0,5655562109969263;0,721211521330298;0,47750147741359;0,009;0,4344437890030737;0,832102559843522;0,955007010371548;0,4344437890030737;0,6663507782700372;0,9950835791543756;0,5655562109969263;0,721211521330298;0,47750147741359;0,009;0,4344437890030737;0,832102559843522;0,955007010371548;0,4344437890030737
ToN-IoT;FGSM;gaussian;2;10;2048;2;72,9780957698822;2,0535237789154053;58,11082944395744;0,6659006373048402;0,994483587306789;0,565307833214319;0,7208519735539808;0,4763354924909687;0,0101;0,434692166785681;0,832089453258406;0,9549731678441116;0,434692166785681;0,0847923428652657;0,0087222647283856;0,0017696917010773;0,0029423910799091;-0,7593514280115274;0,6478;0,9982303082989228;0,1116718789779254;0,5770609887537506;0,9982303082989228
ToN-IoT;RANDOM_LINF;gaussian;2;10;2048;2;72,9780957698822;2,148271083831787;42,028951171551086;0,6659006373048402;0,994483587306789;0,565307833214319;0,7208519735539808;0,4763354924909687;0,0101;0,434692166785681;0,832089453258406;0,9549731678441116;0,434692166785681;0,2456111255893293;0,8169257340241797;0,0146853363966593;0,0288520190313529;0,0149339246798235;0,0106;0,9853146636033406;0,5183129482442795;0,7740090076213912;0,9853146636033406
ToN-IoT;RANDOM_L2;gaussian;2;10;2048;2;72,9780957698822;2,083949565887451;42,239806676301264;0,6659006373048402;0,994483587306789;0,565307833214319;0,7208519735539808;0,4763354924909687;0,0101;0,434692166785681;0,832089453258406;0,9549731678441116;0,434692166785681;0,2435025705418275;0,7813765182186235;0,0119842280108044;0,0236063969666391;0,0046818161089958;0,0108;0,9880157719891955;0,520896946505635;0,7756636614276409;0,9880157719891955
ToN-IoT;C&W;gaussian;2;10;2048;2;72,9780957698822;26,38666248321533;0,0;0,6659006373048402;0,994483587306789;0,565307833214319;0,7208519735539808;0,4763354924909687;0,0101;0,434692166785681;0,832089453258406;0,9549731678441116;0,434692166785681;0,6659006373048402;0,994483587306789;0,565307833214319;0,7208519735539808;0,4763354924909687;0,0101;0,434692166785681;0,832089453258406;0,9549731678441116;0,434692166785681
ToN-IoT;FGSM;gaussian;2;10;2048;3;73,69756650924683;2,0265953540802;58,12504442180577;0,6660427870833234;0,9942694973530536;0,5656183054425782;0,721048048761181;0,4762161993915441;0,0105;0,4343816945574218;0,8320969744481356;0,9550031005534252;0,4343816945574218;0,0847923428652657;0,0087222647283856;0,0017696917010773;0,0029423910799091;-0,7593514280115274;0,6478;0,9982303082989228;0,1411920751963737;0,5853005744298354;0,9982303082989228
ToN-IoT;RANDOM_LINF;gaussian;2;10;2048;3;73,69756650924683;2,1123671531677246;41,99815205287971;0,6660427870833234;0,9942694973530536;0,5656183054425782;0,721048048761181;0,4762161993915441;0,0105;0,4343816945574218;0,8320969744481356;0,9550031005534252;0,4343816945574218;0,2460612665545263;0,8015625;0,015927225309696;0,0312338275137751;0,0112290530093584;0,0127;0,984072774690304;0,52235119687044;0,7767458778871077;0,984072774690304
ToN-IoT;RANDOM_L2;gaussian;2;10;2048;3;73,69756650924683;2,0904247760772705;42,09528773484328;0,6660427870833234;0,9942694973530536;0,5656183054425782;0,721048048761181;0,4762161993915441;0,0105;0,4343816945574218;0,8320969744481356;0,9550031005534252;0,4343816945574218;0,2450899097348906;0,7958833619210978;0,014405911391226;0,0282995852646987;0,009129304938459;0,0119;0,985594088608774;0,5186029215436679;0,775736148067127;0,985594088608774
ToN-IoT;C&W;gaussian;2;10;2048;3;73,69756650924683;26,649571895599365;0,0;0,6660427870833234;0,9942694973530536;0,5656183054425782;0,721048048761181;0,4762161993915441;0,0105;0,4343816945574218;0,8320969744481356;0,9550031005534252;0,4343816945574218;0,6660427870833234;0,9942694973530536;0,5656183054425782;0,721048048761181;0,4762161993915441;0,0105;0,4343816945574218;0,8320969744481356;0,9550031005534252;0,4343816945574218
ToN-IoT;FGSM;gaussian;2;15;1024;2;52,27016186714173;12,987399578094482;58,13452107370467;0,6659480205643347;0,9941603449216831;0,5655562109969263;0,7209688909997626;0,4759913579125905;0,0107;0,4344437890030737;0,8320280201186004;0,954962773145294;0,4344437890030737;0,084602809827288;0,0208674914294231;0,0043466111956285;0,0071946143172824;-0,7588598883603169;0,6569;0,9956533888043716;0,1606839765282995;0,5815721596937165;0,9956533888043716
ToN-IoT;RANDOM_LINF;gaussian;2;15;1024;2;52,27016186714173;1,933354139328003;35,44741642777607;0,6659480205643347;0,9941603449216831;0,5655562109969263;0,7209688909997626;0,4759913579125905;0,0107;0,4344437890030737;0,8320280201186004;0,954962773145294;0,4344437890030737;0,311473856286574;0,7831563793413713;0,1351175137383961;0,2304718529894614;0,0183820140638637;0,1205;0,8648824862616039;0,5179352944829085;0,7740295332856267;0,8648824862616039
ToN-IoT;RANDOM_L2;gaussian;2;15;1024;2;52,27016186714173;1,9398260116577148;35,68670188822289;0,6659480205643347;0,9941603449216831;0,5655562109969263;0,7209688909997626;0,4759913579125905;0,0107;0,4344437890030737;0,8320280201186004;0,954962773145294;0,4344437890030737;0,3090810016821057;0,7855268091488564;0,1300878636405973;0,2232107183762618;0,0200752011857498;0,1144;0,8699121363594027;0,5131386677636686;0,773317579583103;0,8699121363594027
ToN-IoT;C&W;gaussian;2;15;1024;2;52,27016186714173;18,3864963054657;0,0;0,6659480205643347;0,9941603449216831;0,5655562109969263;0,7209688909997626;0,4759913579125905;0,0107;0,4344437890030737;0,8320280201186004;0,954962773145294;0,4344437890030737;0,6659480205643347;0,9941603449216831;0,5655562109969263;0,7209688909997626;0,4759913579125905;0,0107;0,4344437890030737;0,8320280201186004;0,954962773145294;0,4344437890030737
ToN-IoT;FGSM;gaussian;2;15;1024;3;52,276692390441895;9,679194688796995;57,11815015754933;0,6664692364187732;0,9946526982048344;0,5659598248936633;0,7214263099572582;0,4770975621877694;0,0098;0,4340401751063367;0,8328170837343599;0,9551804621406408;0,4340401751063367;0,0952877348432798;0,0801966292134831;0,0177279642335993;0,0290370973073304;-0,7234688478098062;0,6549;0,9822720357664008;0,169954933403707;0,5821763711212956;0,9822720357664008
ToN-IoT;RANDOM_LINF;gaussian;2;15;1024;3;52,276692390441895;1,877993106842041;36,43298822526001;0,6664692364187732;0,9946526982048344;0,5659598248936633;0,7214263099572582;0,4770975621877694;0,0098;0,4340401751063367;0,8328170837343599;0,9551804621406408;0,4340401751063367;0,3021393541661731;0,7727362789776104;0,121084169021081;0,2093622503757784;0,0083661723139681;0,1147;0,8789158309789189;0,5044551134775994;0,7677271098005612;0,8789158309789189
ToN-IoT;RANDOM_L2;gaussian;2;15;1024;3;52,276692390441895;1,8610377311706543;36,868914212608686;0,6664692364187732;0,9946526982048344;0,5659598248936633;0,7214263099572582;0,4770975621877694;0,0098;0,4340401751063367;0,8328170837343599;0,9551804621406408;0,4340401751063367;0,2977800942926863;0,770023123817532;0,1137259772113384;0,1981821132932965;0,0058165941870001;0,1094;0,8862740227886615;0,5105272532521966;0,7682058458835438;0,8862740227886615
ToN-IoT;C&W;gaussian;2;15;1024;3;52,276692390441895;18,270289182662964;0,0;0,6664692364187732;0,9946526982048344;0,5659598248936633;0,7214263099572582;0,4770975621877694;0,0098;0,4340401751063367;0,8328170837343599;0,9551804621406408;0,4340401751063367;0,6664692364187732;0,9946526982048344;0,5659598248936633;0,7214263099572582;0,4770975621877694;0,0098;0,4340401751063367;0,8328170837343599;0,9551804621406408;0,4340401751063367
ToN-IoT;FGSM;gaussian;2;15;2048;2;52,111119747161865;15,458294868469238;57,40244971451587;0,6661612452320596;0,994325002728364;0,5657424943338818;0,7211635500148412;0,4763994449849721;0,0104;0,4342575056661181;0,8338415178987241;0,9553987700338408;0,4342575056661181;0,0921367480869009;0,0689801100296233;0,015182091961874;0,0248867626851239;-0,7334254385373316;0,66;0,984817908038126;0,1671096650004657;0,587022446182883;0,984817908038126
ToN-IoT;RANDOM_LINF;gaussian;2;15;2048;2;52,111119747161865;1,903435468673706;36,525385581274136;0,6661612452320596;0,994325002728364;0,5657424943338818;0,7211635500148412;0,4763994449849721;0,0104;0,4342575056661181;0,8338415178987241;0,9553987700338408;0,4342575056661181;0,3009073894193181;0,7683290284124776;0,1200596106678257;0,2076687610762042;0,00453911361497;0,1166;0,8799403893321742;0,5106334689062063;0,7679954835888526;0,8799403893321742
ToN-IoT;RANDOM_L2;gaussian;2;15;2048;2;52,111119747161865;1,937833547592163;36,5893529815916;0,6661612452320596;0,994325002728364;0,5657424943338818;0,7211635500148412;0,4763994449849721;0,0104;0,4342575056661181;0,8338415178987241;0,9553987700338408;0,4342575056661181;0,3002677154161435;0,7830228619813717;0,1148436772330715;0,2003086670457314;0,0166475173332551;0,1025;0,8851563227669285;0,5119829302368902;0,7703618367320874;0,8851563227669285
ToN-IoT;C&W;gaussian;2;15;2048;2;52,111119747161865;18,25234150886536;0,0;0,6661612452320596;0,994325002728364;0,5657424943338818;0,7211635500148412;0,4763994449849721;0,0104;0,4342575056661181;0,8338415178987241;0,9553987700338408;0,4342575056661181;0,6661612452320596;0,994325002728364;0,5657424943338818;0,7211635500148412;0,4763994449849721;0,0104;0,4342575056661181;0,8338415178987241;0,9553987700338408;0,4342575056661181
ToN-IoT;FGSM;gaussian;2;15;2048;3;52,277271032333374;13,262151002883911;58,110829443957456;0,6661612452320596;0,9945948897139112;0,5655872582197522;0,7211083621969322;0,4767255191328236;0,0099;0,4344127417802477;0,8342281008413797;0,9555014856750752;0,4344127417802477;0,085052950792485;0,0103880232202871;0,0021112111521624;0,0035092246161785;-0,7584289973156433;0,6478;0,9978887888478376;0,1408195473314912;0,5767812004063736;0,9978887888478376
ToN-IoT;RANDOM_LINF;gaussian;2;15;2048;3;52,277271032333374;1,910416841506958;34,791158283778344;0,6661612452320596;0,9945948897139112;0,5655872582197522;0,7211083621969322;0,4767255191328236;0,0099;0,4344127417802477;0,8342281008413797;0,9555014856750752;0,4344127417802477;0,3182496623942761;0,7820870994248151;0,1477537334285448;0,2485506867916644;0,0183434092657899;0,1326;0,8522462665714552;0,5186338663106584;0,7751373654545046;0,8522462665714552
ToN-IoT;RANDOM_L2;gaussian;2;15;2048;3;52,277271032333374;1,938830852508545;35,52086047999242;0,6661612452320596;0,9945948897139112;0,5655872582197522;0,7211083621969322;0,4767255191328236;0,0099;0,4344127417802477;0,8342281008413797;0,9555014856750752;0,4344127417802477;0,3109526404321353;0,7760113054230702;0,1363904498742587;0,2320042249801954;0,0119660059626264;0,1268;0,8636095501257413;0,5105820174485393;0,7706834539694516;0,8636095501257413
ToN-IoT;C&W;gaussian;2;15;2048;3;52,277271032333374;18,29422426223755;0,0;0,6661612452320596;0,9945948897139112;0,5655872582197522;0,7211083621969322;0,4767255191328236;0,0099;0,4344127417802477;0,8342281008413797;0,9555014856750752;0,4344127417802477;0,6661612452320596;0,9945948897139112;0,5655872582197522;0,7211083621969322;0,4767255191328236;0,0099;0,4344127417802477;0,8342281008413797;0,9555014856750752;0,4344127417802477
ToN-IoT;FGSM;gaussian;2;20;1024;2;40,79564666748047;6,884156465530396;55,66348409107063;0,6659717121940818;0,9945925278566746;0,5653388804371449;0,7209058336797514;0,4765367622425855;0,0099;0,4346611195628551;0,8328204399391474;0,9551705496426488;0,4346611195628551;0,1093368712833755;0,1487279843444227;0,0353938340215467;0,0571801173697146;-0,6806222061779859;0,6525;0,9646061659784532;0,1777174563010338;0,4655908446609814;0,9646061659784532
ToN-IoT;RANDOM_LINF;gaussian;2;20;1024;2;40,79564666748047;3,412412166595459;32,73235565874576;0,6659717121940818;0,9945925278566746;0,5653388804371449;0,7209058336797514;0,4765367622425855;0,0099;0,4346611195628551;0,8328204399391474;0,9551705496426488;0,4346611195628551;0,3386481556066242;0,7727388211382114;0,1888602564500605;0,3035353409346074;0,0108726504080384;0,1789;0,8111397435499395;0,4976134279238722;0,7733901261701823;0,8111397435499395
ToN-IoT;RANDOM_L2;gaussian;2;20;1024;2;40,79564666748047;3,365028381347656;32,519130991020866;0,6659717121940818;0,9945925278566746;0,5653388804371449;0,7209058336797514;0,4765367622425855;0,0099;0,4346611195628551;0,8328204399391474;0,9551705496426488;0,4346611195628551;0,3407804022838731;0,7722305017386984;0,1930516315315595;0,3088845284518516;0,0104447394638375;0,1834;0,8069483684684405;0,502529959017666;0,774134669775629;0,8069483684684405
ToN-IoT;C&W;gaussian;2;20;1024;2;40,79564666748047;13,792262077331545;0,0;0,6659717121940818;0,9945925278566746;0,5653388804371449;0,7209058336797514;0,4765367622425855;0,0099;0,4346611195628551;0,8328204399391474;0,9551705496426488;0,4346611195628551;0,6659717121940818;0,9945925278566746;0,5653388804371449;0,7209058336797514;0,4765367622425855;0,0099;0,4346611195628551;0,8328204399391474;0,9551705496426488;0,4346611195628551
ToN-IoT;FGSM;gaussian;2;20;1024;3;51,12626934051514;1,5738039016723633;58,26008671136488;0,6699992892511076;0,9942677914773956;0,5708342388773324;0,7252716908936707;0,4801052431476075;0,0106;0,4291657611226676;0,8334343413331677;0,9553543286242316;0,4291657611226676;0,0873984221374588;0,0300819061801935;0,0062715390108354;0,0103792004932689;-0,7498372606167727;0,6513;0,9937284609891646;0,1686973563289764;0,4165813836366668;0,9937284609891646
ToN-IoT;RANDOM_LINF;gaussian;2;20;1024;3;51,12626934051514;3,797873973846436;32,992963585965086;0,6699992892511076;0,9942677914773956;0,5708342388773324;0,7252716908936707;0,4801052431476075;0,0106;0,4291657611226676;0,8334343413331677;0,9553543286242316;0,4291657611226676;0,3400696533914568;0,7641349187090511;0,1955354093576329;0,3113890880324343;0,0012178566984909;0,1944;0,8044645906423671;0,496163095718588;0,7710090409240246;0,8044645906423671
ToN-IoT;RANDOM_L2;gaussian;2;20;1024;3;51,12626934051514;3,7370355129241934;32,81764552583573;0,6699992892511076;0,9942677914773956;0,5708342388773324;0,7252716908936707;0,4801052431476075;0,0106;0,4291657611226676;0,8334343413331677;0,9553543286242316;0,4291657611226676;0,3418228339927504;0,7657863145258104;0,1980502344065323;0,3147092922864402;0,0031517905724588;0,1951;0,8019497655934676;0,4987861420720917;0,773245258891531;0,8019497655934676
ToN-IoT;C&W;gaussian;2;20;1024;3;51,12626934051514;14,070992708206177;0,0;0,6699992892511076;0,9942677914773956;0,5708342388773324;0,7252716908936707;0,4801052431476075;0,0106;0,4291657611226676;0,8334343413331677;0,9553543286242316;0,4291657611226676;0,6699992892511076;0,9942677914773956;0,5708342388773324;0,7252716908936707;0,4801052431476075;0,0106;0,4291657611226676;0,8334343413331677;0,9553543286242316;0,4291657611226676
ToN-IoT;FGSM;gaussian;2;20;2048;2;40,82766819000244;3,673713207244873;57,895235613257846;0,6669667606434647;0,9947666812036632;0,5665497221273557;0,7219353945364271;0,4777237932856466;0,0096;0,4334502778726443;0,8327131376323388;0,9551537936283928;0,4334502778726443;0,0880144045108863;0,0310401432621996;0,0064578223477909;0,0106913389874068;-0,7479284781258659;0,6493;0,993542177652209;0,1620868670247446;0,4806397349496695;0,993542177652209
ToN-IoT;RANDOM_LINF;gaussian;2;20;2048;2;40,82766819000244;3,4129064083099365;32,760785614442426;0,6669667606434647;0,9947666812036632;0,5665497221273557;0,7219353945364271;0,4777237932856466;0,0096;0,4334502778726443;0,8327131376323388;0,9551537936283928;0,4334502778726443;0,3393589044990405;0,7673757111056146;0,1926480176348225;0,3079786574016627;0,004913831829069;0,1881;0,8073519823651775;0,5040517852153125;0,7761520795033366;0,8073519823651775
ToN-IoT;RANDOM_L2;gaussian;2;20;2048;2;40,82766819000244;3,498671531677246;32,355658745765126;0,6669667606434647;0,9947666812036632;0,5665497221273557;0,7219353945364271;0,4777237932856466;0,0096;0,4334502778726443;0,8327131376323388;0,9551537936283928;0,4334502778726443;0,3434101731858134;0,7740519448847701;0,1970877704989288;0,3141796585003712;0,0126676583133037;0,1853;0,8029122295010711;0,5028742323574157;0,7770500584289151;0,8029122295010711
ToN-IoT;C&W;gaussian;2;20;2048;2;40,82766819000244;14,074491262435911;0,0;0,6669667606434647;0,9947666812036632;0,5665497221273557;0,7219353945364271;0,4777237932856466;0,0096;0,4334502778726443;0,8327131376323388;0,9551537936283928;0,4334502778726443;0,6669667606434647;0,9947666812036632;0,5665497221273557;0,7219353945364271;0,4777237932856466;0,0096;0,4334502778726443;0,8327131376323388;0,9551537936283928;0,4334502778726443
ToN-IoT;FGSM;gaussian;2;20;2048;3;51,23941898345947;3,678191661834717;57,74360918287569;0,6677248927953754;0,9945066898727292;0,5676984693719147;0,722798695523273;0,4781546024095102;0,0101;0,4323015306280853;0,8338812754199137;0,955480089685018;0,4323015306280853;0,0902888009666185;0,0505446623093681;0,0108044335434195;0,0178032434644702;-0,7398473816137211;0,6537;0,9891955664565804;0,1785471126082772;0,4528211711593788;0,9891955664565804
ToN-IoT;RANDOM_LINF;gaussian;2;20;2048;3;51,23941898345947;3,979897975921631;32,869767111279586;0,6677248927953754;0,9945066898727292;0,5676984693719147;0,722798695523273;0,4781546024095102;0,0101;0,4323015306280853;0,8338812754199137;0,955480089685018;0,4323015306280853;0,3390272216825795;0,7681015177904952;0,1916855537272191;0,3068054761845603;0,0057236921527736;0,1864;0,8083144462727809;0,4966105933124282;0,7744346444304271;0,8083144462727809
ToN-IoT;RANDOM_L2;gaussian;2;20;2048;3;51,23941898345947;3,644282341003418;32,92662702267289;0,6677248927953754;0,9945066898727292;0,5676984693719147;0,722798695523273;0,4781546024095102;0,0101;0,4323015306280853;0,8338812754199137;0,955480089685018;0,4323015306280853;0,3384586225686465;0,7610867446393762;0,1939520009935111;0,3091273474033204;-0,0023075875005197;0,1961;0,8060479990064888;0,4941796407836318;0,7707719108550652;0,8060479990064888
ToN-IoT;C&W;gaussian;2;20;2048;3;51,23941898345947;14,08747148513794;0,0;0,6677248927953754;0,9945066898727292;0,5676984693719147;0,722798695523273;0,4781546024095102;0,0101;0,4323015306280853;0,8338812754199137;0,955480089685018;0,4323015306280853;0,6677248927953754;0,9945066898727292;0,5676984693719147;0,722798695523273;0,4781546024095102;0,0101;0,4323015306280853;0,8338812754199137;0,955480089685018;0,4323015306280853
ToN-IoT;FGSM;gaussian;4;5;1024;2;274,5030620098114;7,937833547592163;58,29562415598569;0,6677485844251226;0,993647863619089;0,5682262721599552;0,7229991309156988;0,4771380450333026;0,0117;0,4317737278400447;0,8327517665869788;0,9551821857195146;0,4317737278400447;0,0847923428652657;0,0087222647283856;0,0017696917010773;0,0029423910799091;-0,7593514280115274;0,6478;0,9982303082989228;0,0696981154335744;0,566962246991038;0,9982303082989228
ToN-IoT;RANDOM_LINF;gaussian;4;5;1024;2;274,5030620098114;7,980718374252319;43,08322869530196;0,6677485844251226;0,993647863619089;0,5682262721599552;0,7229991309156988;0,4771380450333026;0,0117;0,4317737278400447;0,8327517665869788;0,9551821857195146;0,4317737278400447;0,2369162974721031;0,0;0,0;0,0;0,0;0,0;1,0;0,5461782219255488;0,7884442345876415;1,0
ToN-IoT;RANDOM_L2;gaussian;4;5;1024;2;274,5030620098114;7,987699747085571;43,08322869530196;0,6677485844251226;0,993647863619089;0,5682262721599552;0,7229991309156988;0,4771380450333026;0,0117;0,4317737278400447;0,8327517665869788;0,9551821857195146;0,4317737278400447;0,2369162974721031;0,0;0,0;0,0;0,0;0,0;1,0;0,5418062777484554;0,7850336646468916;1,0
ToN-IoT;C&W;gaussian;4;5;1024;2;274,5030620098114;107,57724022865295;0,0;0,6677485844251226;0,993647863619089;0,5682262721599552;0,7229991309156988;0,4771380450333026;0,0117;0,4317737278400447;0,8327517665869788;0,9551821857195146;0,4317737278400447;0,6677485844251226;0,993647863619089;0,5682262721599552;0,7229991309156988;0,4771380450333026;0,0117;0,4317737278400447;0,8327517665869788;0,9551821857195146;0,4317737278400447
ToN-IoT;FGSM;gaussian;4;5;1024;3;279,547336101532;8,078457593917847;58,397498163898696;0,6687673245042527;0,9943052391799544;0,5691887360675587;0,7239520603392107;0,4789364655020109;0,0105;0,4308112639324412;0,832062876835667;0,9549963775896488;0,4308112639324412;0,0847923428652657;0,0087222647283856;0,0017696917010773;0,0029423910799091;-0,7593514280115274;0,6478;0,9982303082989228;0,074973709211711;0,5683667862595353;0,9982303082989228
ToN-IoT;RANDOM_LINF;gaussian;4;5;1024;3;279,547336101532;8,114383220672607;43,18510270321496;0,6687673245042527;0,9943052391799544;0,5691887360675587;0,7239520603392107;0,4789364655020109;0,0105;0,4308112639324412;0,832062876835667;0,9549963775896488;0,4308112639324412;0,2369162974721031;0,0;0,0;0,0;0,0;0,0;1,0;0,5337201465428918;0,7826880714942408;1,0
ToN-IoT;RANDOM_L2;gaussian;4;5;1024;3;279,547336101532;8,094923734664917;43,18510270321496;0,6687673245042527;0,9943052391799544;0,5691887360675587;0,7239520603392107;0,4789364655020109;0,0105;0,4308112639324412;0,832062876835667;0,9549963775896488;0,4308112639324412;0,2369162974721031;0,0;0,0;0,0;0,0;0,0;1,0;0,5443142180756931;0,7875219569491634;1,0
ToN-IoT;C&W;gaussian;4;5;1024;3;279,547336101532;109,41345953941344;0,0;0,6687673245042527;0,9943052391799544;0,5691887360675587;0,7239520603392107;0,4789364655020109;0,0105;0,4308112639324412;0,832062876835667;0,9549963775896488;0,4308112639324412;0,6687673245042527;0,9943052391799544;0,5691887360675587;0,7239520603392107;0,4789364655020109;0,0105;0,4308112639324412;0,832062876835667;0,9549963775896488;0,4308112639324412
ToN-IoT;FGSM;gaussian;4;5;2048;2;274,8976798057556;7,966769695281982;58,32879243763178;0,6680802672415835;0,99397426849791;0,5684746499425627;0,7232865889788663;0,4778595470507944;0,0111;0,4315253500574373;0,8320277437983173;0,9549905792325888;0,4315253500574373;0,0847923428652657;0,0087222647283856;0,0017696917010773;0,0029423910799091;-0,7593514280115274;0,6478;0,9982303082989228;0,0737441569126641;0,5680382908493855;0,9982303082989228
ToN-IoT;RANDOM_LINF;gaussian;4;5;2048;2;274,8976798057556;8,05152678489685;43,116396976948046;0,6680802672415835;0,99397426849791;0,5684746499425627;0,7232865889788663;0,4778595470507944;0,0111;0,4315253500574373;0,8320277437983173;0,9549905792325888;0,4315253500574373;0,2369162974721031;0,0;0,0;0,0;0,0;0,0;1,0;0,5400249542053464;0,7836771755802341;1,0
ToN-IoT;RANDOM_L2;gaussian;4;5;2048;2;274,8976798057556;8,11236572265625;43,116396976948046;0,6680802672415835;0,99397426849791;0,5684746499425627;0,7232865889788663;0,4778595470507944;0,0111;0,4315253500574373;0,8320277437983173;0,9549905792325888;0,4315253500574373;0,2369162974721031;0,0;0,0;0,0;0,0;0,0;1,0;0,5426524325499084;0,7871623609226253;1,0
ToN-IoT;C&W;gaussian;4;5;2048;2;274,8976798057556;108,74107003211977;0,0;0,6680802672415835;0,99397426849791;0,5684746499425627;0,7232865889788663;0,4778595470507944;0,0111;0,4315253500574373;0,8320277437983173;0,9549905792325888;0,4315253500574373;0,6680802672415835;0,99397426849791;0,5684746499425627;0,7232865889788663;0,4778595470507944;0,0111;0,4315253500574373;0,8320277437983173;0,9549905792325888;0,4315253500574373
ToN-IoT;FGSM;gaussian;4;5;2048;3;281,2661089897156;8,175196170806885;58,32879243763178;0,6680802672415835;0,9942962681297192;0,5682883666056071;0,7232209885811371;0,4782494679617528;0,0105;0,4317116333943929;0,8321195613027415;0,955010361028754;0,4317116333943929;0,0847923428652657;0,0087222647283856;0,0017696917010773;0,0029423910799091;-0,7593514280115274;0,6478;0,9982303082989228;0,0652685056971654;0,5658119125587134;0,9982303082989228
ToN-IoT;RANDOM_LINF;gaussian;4;5;2048;3;281,2661089897156;8,163228273391724;43,116396976948046;0,6680802672415835;0,9942962681297192;0,5682883666056071;0,7232209885811371;0,4782494679617528;0,0105;0,4317116333943929;0,8321195613027415;0,955010361028754;0,4317116333943929;0,2369162974721031;0,0;0,0;0,0;0,0;0,0;1,0;0,5359381058089354;0,7840590331233701;1,0
ToN-IoT;RANDOM_L2;gaussian;4;5;2048;3;281,2661089897156;8,149264812469482;43,116396976948046;0,6680802672415835;0,9942962681297192;0,5682883666056071;0,7232209885811371;0,4782494679617528;0,0105;0,4317116333943929;0,8321195613027415;0,955010361028754;0,4317116333943929;0,2369162974721031;0,0;0,0;0,0;0,0;0,0;1,0;0,5408589416001739;0,78471124008172;1,0
ToN-IoT;C&W;gaussian;4;5;2048;3;281,2661089897156;110,1478192806244;0,0;0,6680802672415835;0,9942962681297192;0,5682883666056071;0,7232209885811371;0,4782494679617528;0,0105;0,4317116333943929;0,8321195613027415;0,955010361028754;0,4317116333943929;0,6680802672415835;0,9942962681297192;0,5682883666056071;0,7232209885811371;0,4782494679617528;0,0105;0,4317116333943929;0,8321195613027415;0,955010361028754;0,4317116333943929
ToN-IoT;FGSM;gaussian;4;10;1024;2;140,72926425933838;4,034239768981934;58,35485323035372;0,6683408751688029;0,9948369565217392;0,5683194138284331;0,7233891205121619;0,4791600671669225;0,0095;0,4316805861715669;0,8335007373715421;0,9553685288205273;0,4316805861715669;0,0847923428652657;0,0087222647283856;0,0017696917010773;0,0029423910799091;-0,7593514280115274;0,6478;0,9982303082989228;0,1077045422086994;0,57681674624742;0,9982303082989228
ToN-IoT;RANDOM_LINF;gaussian;4;10;1024;2;140,72926425933838;4,068657398223877;43,07612120637779;0,6683408751688029;0,9948369565217392;0,5683194138284331;0,7233891205121619;0,4791600671669225;0,0095;0,4316805861715669;0,8335007373715421;0,9553685288205273;0,4316805861715669;0,2375796631050249;0,8181818181818182;0,001117700021733;0,0022323504790252;0,0041860409706494;0,0008;0,9988822999782668;0,5285027057654692;0,7784729147172165;0,9988822999782668
ToN-IoT;RANDOM_L2;gaussian;4;10;1024;2;140,72926425933838;4,051702976226807;43,05953706555474;0,6683408751688029;0,9948369565217392;0,5683194138284331;0,7233891205121619;0,4791600671669225;0,0095;0,4316805861715669;0,8335007373715421;0,9553685288205273;0,4316805861715669;0,2377455045132554;0,8571428571428571;0,0013039833586885;0,0026040052080104;0,0075416305341188;0,0007;0,9986960166413116;0,5324361482815362;0,7828380942560755;0,9986960166413116
ToN-IoT;C&W;gaussian;4;10;1024;2;140,72926425933838;52,54241824150085;0,0;0,6683408751688029;0,9948369565217392;0,5683194138284331;0,7233891205121619;0,4791600671669225;0,0095;0,4316805861715669;0,8335007373715421;0,9553685288205273;0,4316805861715669;0,6683408751688029;0,9948369565217392;0,5683194138284331;0,7233891205121619;0,4791600671669225;0,0095;0,4316805861715669;0,8335007373715421;0,9553685288205273;0,4316805861715669
ToN-IoT;FGSM;gaussian;4;10;1024;3;143,35783863067627;4,022780656814575;58,3193157857329;0,6679855007225947;0,9941339416653088;0,5682573193827812;0,7231529039905176;0,4779597482371535;0,0108;0,4317426806172187;0,8334898087491074;0,9553691906785032;0,4317426806172187;0,0847923428652657;0,0087222647283856;0,0017696917010773;0,0029423910799091;-0,7593514280115274;0,6478;0,9982303082989228;0,1144225759880778;0,5785236468941367;0,9982303082989228
ToN-IoT;RANDOM_LINF;gaussian;4;10;1024;3;143,35783863067627;4,080626964569092;43,06664455447889;0,6679855007225947;0,9941339416653088;0,5682573193827812;0,7231529039905176;0,4779597482371535;0,0108;0,4317426806172187;0,8334898087491074;0,9553691906785032;0,4317426806172187;0,2373190551778057;0,9047619047619048;0,0005898972336924;0,0011790257524045;0,0074342071543515;0,0002;0,9994101027663076;0,5320276817038716;0,7839750638191683;0,9994101027663076
ToN-IoT;RANDOM_L2;gaussian;4;10;1024;3;143,35783863067627;4,069149255752564;43,06427539150418;0,6679855007225947;0,9941339416653088;0,5682573193827812;0,7231529039905176;0,4779597482371535;0,0108;0,4317426806172187;0,8334898087491074;0,9553691906785032;0,4317426806172187;0,2373427468075528;0,8;0,000745133347822;0,0014888799280374;0,0023155121658411;0,0006;0,999254866652178;0,5389161461082307;0,7849608311363055;0,999254866652178
ToN-IoT;C&W;gaussian;4;10;1024;3;143,35783863067627;52,94135427474976;0,0;0,6679855007225947;0,9941339416653088;0,5682573193827812;0,7231529039905176;0,4779597482371535;0,0108;0,4317426806172187;0,8334898087491074;0,9553691906785032;0,4317426806172187;0,6679855007225947;0,9941339416653088;0,5682573193827812;0,7231529039905176;0,4779597482371535;0,0108;0,4317426806172187;0,8334898087491074;0,9553691906785032;0,4317426806172187
ToN-IoT;FGSM;gaussian;4;10;2048;2;140,84856724739075;3,976394891738892;58,335899926555946;0,6681513421308252;0,9947271145901284;0,5681331304914775;0,7232091690544412;0,4788406815587168;0,0097;0,4318668695085225;0,8327165512744885;0,9551289328548036;0,4318668695085225;0,0847923428652657;0,0087222647283856;0,0017696917010773;0,0029423910799091;-0,7593514280115274;0,6478;0,9982303082989228;0,1134035797447918;0,5784731346287237;0,9982303082989228
ToN-IoT;RANDOM_LINF;gaussian;4;10;2048;2;140,84856724739075;4,073138475418091;43,06427539150418;0,6681513421308252;0,9947271145901284;0,5681331304914775;0,7232091690544412;0,4788406815587168;0,0097;0,4318668695085225;0,8327165512744885;0,9551289328548036;0,4318668695085225;0,2375085882157833;0,9310344827586208;0,0008382750162997;0,0016750418760469;0,0103572433268803;0,0002;0,9991617249837004;0,5298866372752957;0,780975643036608;0,9991617249837004
ToN-IoT;RANDOM_L2;gaussian;4;10;2048;2;140,84856724739075;4,015292167663574;43,08559785827667;0,6681513421308252;0,9947271145901284;0,5681331304914775;0,7232091690544412;0,4788406815587168;0,0097;0,4318668695085225;0,8327165512744885;0,9551289328548036;0,4318668695085225;0,2372953635480584;0,8076923076923077;0,0006519916793442;0,0013029315960912;0,0026046719238922;0,0005;0,9993480083206556;0,533861018659381;0,7814332796974024;0,9993480083206556
ToN-IoT;C&W;gaussian;4;10;2048;2;140,84856724739075;52,57084918022156;0,0;0,6681513421308252;0,9947271145901284;0,5681331304914775;0,7232091690544412;0,4788406815587168;0,0097;0,4318668695085225;0,8327165512744885;0,9551289328548036;0,4318668695085225;0,6681513421308252;0,9947271145901284;0,5681331304914775;0,7232091690544412;0,4788406815587168;0,0097;0,4318668695085225;0,8327165512744885;0,9551289328548036;0,4318668695085225
ToN-IoT;FGSM;gaussian;4;10;2048;3;143,61421275138855;4,070146083831787;58,78130256580351;0,6726053685233008;0,994833710041976;0,5739389611599243;0,7279242385461991;0,4833682679661648;0,0096;0,4260610388400757;0,8322614315874445;0,9550411445010892;0,4260610388400757;0,0847923428652657;0,0087222647283856;0,0017696917010773;0,0029423910799091;-0,7593514280115274;0,6478;0,9982303082989228;0,092271666304449;0,5730058324519783;0,9982303082989228
ToN-IoT;RANDOM_LINF;gaussian;4;10;2048;3;143,61421275138855;4,09507942199707;43,51441635670118;0,6726053685233008;0,994833710041976;0,5739389611599243;0,7279242385461991;0,4833682679661648;0,0096;0,4260610388400757;0,8322614315874445;0,9550411445010892;0,4260610388400757;0,2374612049562889;0,7948717948717948;0,0009624639076034;0,0019225998511535;0,0022735861311893;0,0008;0,9990375360923964;0,524027059207054;0,7771762928082828;0,9990375360923964
ToN-IoT;RANDOM_L2;gaussian;4;10;2048;3;143,61421275138855;4,101063966751099;43,51204719372646;0,6726053685233008;0,994833710041976;0,5739389611599243;0,7279242385461991;0,4833682679661648;0,0096;0,4260610388400757;0,8322614315874445;0,9550411445010892;0,4260610388400757;0,2374848965860361;0,8;0,0009935111304293;0,0019845576607026;0,002674040150455;0,0008;0,9990064888695708;0,5256621798255147;0,7779987663079875;0,9990064888695708
ToN-IoT;C&W;gaussian;4;10;2048;3;143,61421275138855;53,12444472312927;0,0;0,6726053685233008;0,994833710041976;0,5739389611599243;0,7279242385461991;0,4833682679661648;0,0096;0,4260610388400757;0,8322614315874445;0,9550411445010892;0,4260610388400757;0,6726053685233008;0,994833710041976;0,5739389611599243;0,7279242385461991;0,4833682679661648;0,0096;0,4260610388400757;0,8322614315874445;0,9550411445010892;0,4260610388400757
ToN-IoT;FGSM;gaussian;4;15;1024;2;97,9344449043274;19,375856161117557;58,55149375725557;0,6687436328745054;0,9943049303031948;0,5691576888447328;0,7239268649054219;0,4789127644407651;0,0105;0,4308423111552671;0,8324745692197832;0,955091047129334;0,4308423111552671;0,0832286953019498;0,0092298380995612;0,001893880592381;0,0031428718635684;-0,7639175453674144;0,6548;0,998106119407619;0,1534878760594864;0,5852840119840647;0,998106119407619
ToN-IoT;RANDOM_LINF;gaussian;4;15;1024;2;97,9344449043274;2,910238981246948;40,024639294937096;0,6687436328745054;0,9943049303031948;0,5691576888447328;0,7239268649054219;0,4789127644407651;0,0105;0,4308423111552671;0,8324745692197832;0,955091047129334;0,4308423111552671;0,2684972399251344;0,8044769301050708;0,0546741593964419;0,1023896738182452;0,0227682720644168;0,0428;0,945325840603558;0,5167363780309852;0,7750952671687314;0,945325840603558
ToN-IoT;RANDOM_L2;gaussian;4;15;1024;2;97,9344449043274;2,923204183578491;40,31604634082779;0,6687436328745054;0,9943049303031948;0,5691576888447328;0,7239268649054219;0,4789127644407651;0,0105;0,4308423111552671;0,8324745692197832;0,955091047129334;0,4308423111552671;0,2655831694662275;0,7875475285171103;0,0514452482225464;0,0965814705796636;0,0131784529015442;0,0447;0,9485547517774536;0,5227025443199106;0,7754996866360198;0,9485547517774536
ToN-IoT;C&W;gaussian;4;15;1024;2;97,9344449043274;35,506349325180054;0,0;0,6687436328745054;0,9943049303031948;0,5691576888447328;0,7239268649054219;0,4789127644407651;0,0105;0,4308423111552671;0,8324745692197832;0,955091047129334;0,4308423111552671;0,6687436328745054;0,9943049303031948;0,5691576888447328;0,7239268649054219;0,4789127644407651;0,0105;0,4308423111552671;0,8324745692197832;0,955091047129334;0,4308423111552671
ToN-IoT;FGSM;gaussian;4;15;1024;3;98,42065715789796;3,072958707809448;58,32168494870763;0,6685540998365278;0,9947857259247188;0,5686298860566922;0,7236270248913473;0,4793080551754871;0,0096;0,4313701139433077;0,832947100189388;0,9551896076476626;0,4313701139433077;0,0853372503494515;0,0121988411100945;0,0024837778260734;0,0041272216060051;-0,7574250061486372;0,6478;0,9975162221739264;0,1467634760470675;0,5857421036337427;0,9975162221739264
ToN-IoT;RANDOM_LINF;gaussian;4;15;1024;3;98,42065715789796;2,990533828735352;39,94408775379659;0,6685540998365278;0,9947857259247188;0,5686298860566922;0,7236270248913473;0,4793080551754871;0,0096;0,4313701139433077;0,832947100189388;0,9551896076476626;0,4313701139433077;0,2691132222985619;0,7851447754930759;0,0580893539072929;0,1081753006475485;0,0126917570451173;0,0512;0,941910646092707;0,5140016781023937;0,770874289517578;0,941910646092707
ToN-IoT;RANDOM_L2;gaussian;4;15;1024;3;98,42065715789796;2,940158605575561;40,29235471108058;0,6685540998365278;0,9947857259247188;0,5686298860566922;0,7236270248913473;0,4793080551754871;0,0096;0,4313701139433077;0,832947100189388;0,9551896076476626;0,4313701139433077;0,265630552725722;0,7866603595080416;0,051631531559502;0,0969029513737144;0,0127322761645247;0,0451;0,948368468440498;0,5234843040765004;0,7758889087726594;0,948368468440498
ToN-IoT;C&W;gaussian;4;15;1024;3;98,42065715789796;36,06086611747742;0,0;0,6685540998365278;0,9947857259247188;0,5686298860566922;0,7236270248913473;0,4793080551754871;0,0096;0,4313701139433077;0,832947100189388;0,9551896076476626;0,4313701139433077;0,6685540998365278;0,9947857259247188;0,5686298860566922;0,7236270248913473;0,4793080551754871;0,0096;0,4313701139433077;0,832947100189388;0,9551896076476626;0,4313701139433077
ToN-IoT;FGSM;gaussian;4;15;2048;2;96,94309043884276;5,936255216598511;58,41645146769646;0,6689568575422303;0,9949516881988928;0,5690645471762551;0,7240228318619027;0,4799055630404589;0,0093;0,4309354528237449;0,8342015321804465;0,9554967406022457;0,4309354528237449;0,0847923428652657;0,0087222647283856;0,0017696917010773;0,0029423910799091;-0,7593514280115274;0,6478;0,9982303082989228;0,1350492129529014;0,582407912474921;0,9982303082989228
ToN-IoT;RANDOM_LINF;gaussian;4;15;2048;2;96,94309043884276;3,2962288856506348;40,20469568101589;0,6689568575422303;0,9949516881988928;0,5690645471762551;0,7240228318619027;0,4799055630404589;0,0093;0,4309354528237449;0,8342015321804465;0,9554967406022457;0,4309354528237449;0,2669099007320714;0,7788546255506608;0,0548914899562234;0,102555178514458;0,0088427610503276;0,0502;0,9451085100437766;0,5138052112763514;0,7714641483617346;0,9451085100437766
ToN-IoT;RANDOM_L2;gaussian;4;15;2048;2;96,94309043884276;3,164559841156006;40,59323840887015;0,6689568575422303;0,9949516881988928;0,5690645471762551;0,7240228318619027;0,4799055630404589;0,0093;0,4309354528237449;0,8342015321804465;0,9554967406022457;0,4309354528237449;0,2630244734535288;0,7716962524654832;0,048588903722562;0,0914215614685866;0,0045506328789388;0,0463;0,951411096277438;0,5173730758483653;0,771889729939131;0,951411096277438
ToN-IoT;C&W;gaussian;4;15;2048;2;96,94309043884276;37,32916593551636;0,0;0,6689568575422303;0,9949516881988928;0,5690645471762551;0,7240228318619027;0,4799055630404589;0,0093;0,4309354528237449;0,8342015321804465;0,9554967406022457;0,4309354528237449;0,6689568575422303;0,9949516881988928;0,5690645471762551;0,7240228318619027;0,4799055630404589;0,0093;0,4309354528237449;0,8342015321804465;0,9554967406022457;0,4309354528237449
ToN-IoT;FGSM;gaussian;4;15;2048;3;102,72062849998474;4,748335599899292;58,397498163898696;0,6688147077637471;0,9944667462297928;0,5691576888447328;0,7239697490275062;0,4791786954760714;0,0102;0,4308423111552671;0,8351647676115371;0,95573230644161;0,4308423111552671;0,0848397261247601;0,0090255468869512;0,0018317861467291;0,0030454756620038;-0,7591835631449483;0,6478;0,9981682138532708;0,135140892297184;0,5819347208739529;0,9981682138532708
ToN-IoT;RANDOM_LINF;gaussian;4;15;2048;3;102,72062849998474;3,2463414669036865;39,35890449904048;0,6688147077637471;0,9944667462297928;0,5691576888447328;0,7239697490275062;0,4791786954760714;0,0102;0,4308423111552671;0,8351647676115371;0,95573230644161;0,4308423111552671;0,2752256627733422;0,8115606936416185;0,0653854512713837;0,1210205723480059;0,0291807487288069;0,0489;0,9346145487286164;0,5280697289577447;0,7810484526701122;0,9346145487286164
ToN-IoT;RANDOM_L2;gaussian;4;15;2048;3;102,72062849998474;3,121184825897217;39,8777511905044;0,6688147077637471;0,9944667462297928;0,5691576888447328;0,7239697490275062;0,4791786954760714;0,0102;0,4308423111552671;0,8351647676115371;0,95573230644161;0,4308423111552671;0,2700371958587031;0,8005159071367154;0,0578099289018597;0,1078326335601563;0,021260466736682;0,0464;0,9421900710981402;0,534142517619299;0,7827297860719351;0,9421900710981402
ToN-IoT;C&W;gaussian;4;15;2048;3;102,72062849998474;37,15504121780396;0,0;0,6688147077637471;0,9944667462297928;0,5691576888447328;0,7239697490275062;0,4791786954760714;0,0102;0,4308423111552671;0,8351647676115371;0,95573230644161;0,4308423111552671;0,6688147077637471;0,9944667462297928;0,5691576888447328;0,7239697490275062;0,4791786954760714;0,0102;0,4308423111552671;0,8351647676115371;0,95573230644161;0,4308423111552671
ToN-IoT;FGSM;gaussian;4;20;1024;2;77,90131831169128;12,046889066696169;58,21507261484518;0,6692174654694496;0,9952771293632268;0,5692197832903847;0,7242346434920008;0,4805559954758518;0,0087;0,4307802167096153;0,8358253081436865;0,9559086344159116;0,4307802167096153;0,0870667393209978;0,0723461798512508;0,0166102642118662;0,027017472982527;-0,7487237643576291;0,686;0,9833897357881336;0,1586894517060449;0,5415035674929105;0,9833897357881336
ToN-IoT;RANDOM_LINF;gaussian;4;20;1024;2;77,90131831169128;4,893912553787232;33,00480940083868;0,6692174654694496;0,9952771293632268;0,5692197832903847;0,7242346434920008;0,4805559954758518;0,0087;0,4307802167096153;0,8358253081436865;0,9559086344159116;0,4307802167096153;0,3391693714610628;0,7660912453760789;0,1928963954174299;0,3081921674644708;0,0034495931081199;0,1897;0,8071036045825701;0,5002489909652581;0,7667041911406726;0,8071036045825701
ToN-IoT;RANDOM_L2;gaussian;4;20;1024;2;77,90131831169128;4,728897333145142;33,587623492620054;0,6692174654694496;0,9952771293632268;0,5692197832903847;0,7242346434920008;0,4805559954758518;0,0087;0,4307802167096153;0,8358253081436865;0,9559086344159116;0,4307802167096153;0,333341230543249;0,7664310028803352;0,1817504424229252;0,2938238763269505;0,0037003685540533;0,1784;0,8182495575770747;0,5000055279580242;0,7673829268363681;0,8182495575770747
ToN-IoT;C&W;gaussian;4;20;1024;2;77,90131831169128;27,853261709213257;0,0;0,6692174654694496;0,9952771293632268;0,5692197832903847;0,7242346434920008;0,4805559954758518;0,0087;0,4307802167096153;0,8358253081436865;0,9559086344159116;0,4307802167096153;0,6692174654694496;0,9952771293632268;0,5692197832903847;0,7242346434920008;0,4805559954758518;0,0087;0,4307802167096153;0,8358253081436865;0,9559086344159116;0,4307802167096153
ToN-IoT;FGSM;gaussian;4;20;1024;3;98,479421377182;31,32845973968506;57,94498803572697;0,6691700822099552;0,9952766165372712;0,5691576888447328;0,7241842458718496;0,4805086468629445;0,0087;0,4308423111552671;0,8333254463038281;0,9553059736320187;0,4308423111552671;0,0897202018526854;0,0621564482029598;0,0136918252662299;0,0224404640749033;-0,7410123344100644;0,6654;0,98630817473377;0,1660668213853271;0,4890155609665183;0,98630817473377
ToN-IoT;RANDOM_LINF;gaussian;4;20;1024;3;98,479421377182;5,261965274810791;33,39335212869293;0,6691700822099552;0,9952766165372712;0,5691576888447328;0,7241842458718496;0,4805086468629445;0,0087;0,4308423111552671;0,8333254463038281;0,9553059736320187;0,4308423111552671;0,3352365609230259;0,7738912354804647;0,1820298674283585;0,2947341963051401;0,0118882502193444;0,1713;0,8179701325716414;0,5113353053494365;0,7737867695141336;0,8179701325716414
ToN-IoT;RANDOM_L2;gaussian;4;20;1024;3;98,479421377182;4,796247243881226;33,68949750053306;0,6691700822099552;0,9952766165372712;0,5691576888447328;0,7241842458718496;0,4805086468629445;0,0087;0,4308423111552671;0,8333254463038281;0,9553059736320187;0,4308423111552671;0,3322751072046246;0,7734003532128787;0,1767518395479524;0,2877432398281526;0,0111515349059486;0,1668;0,8232481604520475;0,5098936570523767;0,7735335363733159;0,8232481604520475
ToN-IoT;C&W;gaussian;4;20;1024;3;98,479421377182;28,076173067092896;0,0;0,6691700822099552;0,9952766165372712;0,5691576888447328;0,7241842458718496;0,4805086468629445;0,0087;0,4308423111552671;0,8333254463038281;0,9553059736320187;0,4308423111552671;0,6691700822099552;0,9952766165372712;0,5691576888447328;0,7241842458718496;0,4805086468629445;0,0087;0,4308423111552671;0,8333254463038281;0,9553059736320187;0,4308423111552671
ToN-IoT;FGSM;gaussian;4;20;2048;2;76,21795988082886;31,842586278915405;58,31457745978346;0,6696676064346466;0,9944775311315648;0,5702753888664659;0,7248761814558299;0,4800322901039088;0,0102;0,4297246111335341;0,8350072138222235;0,9557067300131749;0,4297246111335341;0,086521831836812;0,0523272214386459;0,0115185196684156;0,0188808875543906;-0,7510853965800494;0,6719;0,9884814803315845;0,1673205035859542;0,5348874282361019;0,9884814803315845
ToN-IoT;RANDOM_LINF;gaussian;4;20;2048;2;76,21795988082886;4,584771156311035;32,82238385178516;0,6696676064346466;0,9944775311315648;0,5702753888664659;0,7248761814558299;0,4800322901039088;0,0102;0,4297246111335341;0,8350072138222235;0,9557067300131749;0,4297246111335341;0,341443767916795;0,7799492385786801;0,1908162314880934;0,3066177754496246;0,0190041795139965;0,1734;0,8091837685119067;0,5067206401937348;0,7729104042519518;0,8091837685119067
ToN-IoT;RANDOM_L2;gaussian;4;20;2048;2;76,21795988082886;4,545387983322144;33,25357151318439;0,6696676064346466;0,9944775311315648;0,5702753888664659;0,7248761814558299;0,4800322901039088;0,0102;0,4297246111335341;0,8350072138222235;0,9557067300131749;0,4297246111335341;0,3371318913028027;0,7762539184952978;0,1845136452544319;0,2981562774363476;0,014580332276686;0,1713;0,815486354745568;0,5085726613679407;0,7729064458755798;0,815486354745568
ToN-IoT;C&W;gaussian;4;20;2048;2;76,21795988082886;26,930177688598636;0,0;0,6696676064346466;0,9944775311315648;0,5702753888664659;0,7248761814558299;0,4800322901039088;0,0102;0,4297246111335341;0,8350072138222235;0,9557067300131749;0,4297246111335341;0,6696676064346466;0,9944775311315648;0,5702753888664659;0,7248761814558299;0,4800322901039088;0,0102;0,4297246111335341;0,8350072138222235;0,9557067300131749;0,4297246111335341
ToN-IoT;FGSM;gaussian;4;20;2048;3;95,33131456375122;39,96441173553467;57,05892108318131;0,6698097562131299;0,9954446854663774;0,5699028221925548;0,7248316847321763;0,4813429889557297;0,0084;0,4300971778074451;0,8355613431028596;0,9558913368026102;0,4300971778074451;0,0992205453813167;0,1141795007966011;0,0267006116302896;0,0432802395510933;-0,7112649782861615;0,6672;0,9732993883697104;0,1867751234127107;0,5789368632904953;0,9732993883697104
ToN-IoT;RANDOM_LINF;gaussian;4;20;2048;3;95,33131456375122;5,426526308059692;32,4433177758298;0,6698097562131299;0,9954446854663774;0,5699028221925548;0,7248316847321763;0,4813429889557297;0,0084;0,4300971778074451;0,8355613431028596;0,9558913368026102;0,4300971778074451;0,3453765784548319;0,7741317365269461;0,2006892483467353;0,3187455312014596;0,0129035027449578;0,1886;0,7993107516532646;0,5048042814120277;0,7714022260643898;0,7993107516532646
ToN-IoT;RANDOM_L2;gaussian;4;20;2048;3;95,33131456375122;4,551859617233276;32,95505697836954;0,6698097562131299;0,9954446854663774;0,5699028221925548;0,7248316847321763;0,4813429889557297;0,0084;0,4300971778074451;0,8355613431028596;0,9558913368026102;0,4300971778074451;0,3402591864294345;0,7725568607848038;0,1919339315098264;0,307478053269006;0,0107758866572171;0,182;0,8080660684901736;0,5063681579682697;0,7700719574824962;0,8080660684901736
ToN-IoT;C&W;gaussian;4;20;2048;3;95,33131456375122;27,93103551864624;0,0;0,6698097562131299;0,9954446854663774;0,5699028221925548;0,7248316847321763;0,4813429889557297;0,0084;0,4300971778074451;0,8355613431028596;0,9558913368026102;0,4300971778074451;0,6698097562131299;0,9954446854663774;0,5699028221925548;0,7248316847321763;0,4813429889557297;0,0084;0,4300971778074451;0,8355613431028596;0,9558913368026102;0,4300971778074451
ToN-IoT;FGSM;gaussian;8;5;1024;2;565,2358915805817;17,7980318069458;58,26956336326376;0,6674879764979033;0,9940735102218357;0,5676363749262628;0,7226339400407107;0,4773975770954676;0,0109;0,4323636250737371;0,8327885746220001;0,9551685835552872;0,4323636250737371;0,0847923428652657;0,0087222647283856;0,0017696917010773;0,0029423910799091;-0,7593514280115274;0,6478;0,9982303082989228;0,0627706945263746;0,5652487226487775;0,9982303082989228
ToN-IoT;RANDOM_LINF;gaussian;8;5;1024;2;565,2358915805817;17,37565016746521;43,05716790258002;0,6674879764979033;0,9940735102218357;0,5676363749262628;0,7226339400407107;0,4773975770954676;0,0109;0,4323636250737371;0,8327885746220001;0,9551685835552872;0,4323636250737371;0,2369162974721031;0,0;0,0;0,0;0,0;0,0;1,0;0,5480403381042566;0,7899356473317947;1,0
ToN-IoT;RANDOM_L2;gaussian;8;5;1024;2;565,2358915805817;17,277925491333008;43,05716790258002;0,6674879764979033;0,9940735102218357;0,5676363749262628;0,7226339400407107;0,4773975770954676;0,0109;0,4323636250737371;0,8327885746220001;0,9551685835552872;0,4323636250737371;0,2369162974721031;0,0;0,0;0,0;0,0;0,0;1,0;0,5469583905119687;0,7888650775544287;1,0
ToN-IoT;C&W;gaussian;8;5;1024;2;565,2358915805817;228,32870507240293;0,0;0,6674879764979033;0,9940735102218357;0,5676363749262628;0,7226339400407107;0,4773975770954676;0,0109;0,4323636250737371;0,8327885746220001;0,9551685835552872;0,4323636250737371;0,6674879764979033;0,9940735102218357;0,5676363749262628;0,7226339400407107;0,4773975770954676;0,0109;0,4323636250737371;0,8327885746220001;0,9551685835552872;0,4323636250737371
ToN-IoT;FGSM;gaussian;8;5;1024;3;578,6474609375;16,866514682769775;58,406974815797575;0,6688620910232415;0,994467346495986;0,5692197832903847;0,7240201401915293;0,479226089383737;0,0102;0,4307802167096153;0,8329952202800459;0,955236327489664;0,4307802167096153;0,0847923428652657;0,0087222647283856;0,0017696917010773;0,0029423910799091;-0,7593514280115274;0,6478;0,9982303082989228;0,0607675696233971;0,5647454314374081;0,9982303082989228
ToN-IoT;RANDOM_LINF;gaussian;8;5;1024;3;578,6474609375;16,905410051345825;43,19457935511384;0,6688620910232415;0,994467346495986;0,5692197832903847;0,7240201401915293;0,479226089383737;0,0102;0,4307802167096153;0,8329952202800459;0,955236327489664;0,4307802167096153;0,2369162974721031;0,0;0,0;0,0;0,0;0,0;1,0;0,5432706852122078;0,7875874409996937;1,0
ToN-IoT;RANDOM_L2;gaussian;8;5;1024;3;578,6474609375;16,891937255859375;43,19457935511384;0,6688620910232415;0,994467346495986;0,5692197832903847;0,7240201401915293;0,479226089383737;0,0102;0,4307802167096153;0,8329952202800459;0,955236327489664;0,4307802167096153;0,2369162974721031;0,0;0,0;0,0;0,0;0,0;1,0;0,5409961749821478;0,7851972131515054;1,0
ToN-IoT;C&W;gaussian;8;5;1024;3;578,6474609375;230,4148542881012;0,0;0,6688620910232415;0,994467346495986;0,5692197832903847;0,7240201401915293;0,479226089383737;0,0102;0,4307802167096153;0,8329952202800459;0,955236327489664;0,4307802167096153;0,6688620910232415;0,994467346495986;0,5692197832903847;0,7240201401915293;0,479226089383737;0,0102;0,4307802167096153;0,8329952202800459;0,955236327489664;0,4307802167096153
ToN-IoT;FGSM;gaussian;8;5;2048;2;569,17076587677;16,742836952209473;58,30983913383402;0,6678907342036059;0,9944550149497146;0,567946847154522;0,7229863251916845;0,478255170478733;0,0102;0,4320531528454779;0,8343568257319383;0,9555905778783492;0,4320531528454779;0,0847923428652657;0,0087222647283856;0,0017696917010773;0,0029423910799091;-0,7593514280115274;0,6478;0,9982303082989228;0,0604175866993697;0,56472514360056;0,9982303082989228
ToN-IoT;RANDOM_LINF;gaussian;8;5;2048;2;569,17076587677;16,70644521713257;43,09744367315028;0,6678907342036059;0,9944550149497146;0,567946847154522;0,7229863251916845;0,478255170478733;0,0102;0,4320531528454779;0,8343568257319383;0,9555905778783492;0,4320531528454779;0,2369162974721031;0,0;0,0;0,0;0,0;0,0;1,0;0,5518612421993853;0,7910466321174456;1,0
ToN-IoT;RANDOM_L2;gaussian;8;5;2048;2;569,17076587677;16,847574949264526;43,09744367315028;0,6678907342036059;0,9944550149497146;0,567946847154522;0,7229863251916845;0,478255170478733;0,0102;0,4320531528454779;0,8343568257319383;0,9555905778783492;0,4320531528454779;0,2369162974721031;0,0;0,0;0,0;0,0;0,0;1,0;0,5504829473128628;0,7896693153446559;1,0
ToN-IoT;C&W;gaussian;8;5;2048;2;569,17076587677;227,45037984848025;0,0;0,6678907342036059;0,9944550149497146;0,567946847154522;0,7229863251916845;0,478255170478733;0,0102;0,4320531528454779;0,8343568257319383;0,9555905778783492;0,4320531528454779;0,6678907342036059;0,9944550149497146;0,567946847154522;0,7229863251916845;0,478255170478733;0,0102;0,4320531528454779;0,8343568257319383;0,9555905778783492;0,4320531528454779
ToN-IoT;FGSM;gaussian;8;5;2048;3;582,503977060318;16,992679834365845;58,73155014333435;0,6721078442986093;0,9941888619854722;0,573659536154491;0,7275268732527463;0,482092804503846;0,0108;0,426340463845509;0,8334130910615045;0,955341151454806;0,426340463845509;0,0847923428652657;0,0087222647283856;0,0017696917010773;0,0029423910799091;-0,7593514280115274;0,6478;0,9982303082989228;0,0613455897419975;0,5648698754295167;0,9982303082989228
ToN-IoT;RANDOM_LINF;gaussian;8;5;2048;3;582,503977060318;17,12431001663208;43,519154682650615;0,6721078442986093;0,9941888619854722;0,573659536154491;0,7275268732527463;0,482092804503846;0,0108;0,426340463845509;0,8334130910615045;0,955341151454806;0,426340463845509;0,2369162974721031;0,0;0,0;0,0;0,0;0,0;1,0;0,5427641295911081;0,7878885804613266;1,0
ToN-IoT;RANDOM_L2;gaussian;8;5;2048;3;582,503977060318;17,12216830253601;43,519154682650615;0,6721078442986093;0,9941888619854722;0,573659536154491;0,7275268732527463;0,482092804503846;0,0108;0,426340463845509;0,8334130910615045;0,955341151454806;0,426340463845509;0,2369162974721031;0,0;0,0;0,0;0,0;0,0;1,0;0,5507038933217424;0,7895751190738416;1,0
ToN-IoT;C&W;gaussian;8;5;2048;3;582,503977060318;231,60519886016849;0,0;0,6721078442986093;0,9941888619854722;0,573659536154491;0,7275268732527463;0,482092804503846;0,0108;0,426340463845509;0,8334130910615045;0,955341151454806;0,426340463845509;0,6721078442986093;0,9941888619854722;0,573659536154491;0,7275268732527463;0,482092804503846;0,0108;0,426340463845509;0,8334130910615045;0,955341151454806;0,426340463845509
ToN-IoT;FGSM;gaussian;8;10;1024;2;282,1340067386627;8,078444242477417;58,44961974934255;0,6692885403586912;0,9950092220896172;0,569468161072992;0,7243646703394349;0,4803021264357434;0,0092;0,4305318389270079;0,8335019497655934;0,9553322375498896;0,4305318389270079;0,0847923428652657;0,0087222647283856;0,0017696917010773;0,0029423910799091;-0,7593514280115274;0,6478;0,9982303082989228;0,0820160374429507;0,569789263062739;0,9982303082989228
ToN-IoT;RANDOM_LINF;gaussian;8;10;1024;2;282,1340067386627;8,109363317489624;43,23485512568409;0,6692885403586912;0,9950092220896172;0,569468161072992;0,7243646703394349;0,4803021264357434;0,0092;0,4305318389270079;0,8335019497655934;0,9553322375498896;0,4305318389270079;0,2369399891018503;1,0;3,104722282591822e-05;6,209251785159888e-05;0,0027121517931016;0,0;0,999968952777174;0,5396354931851346;0,7857324526818643;0,999968952777174
ToN-IoT;RANDOM_L2;gaussian;8;10;1024;2;282,1340067386627;8,203110456466675;43,23485512568409;0,6692885403586912;0,9950092220896172;0,569468161072992;0,7243646703394349;0,4803021264357434;0,0092;0,4305318389270079;0,8335019497655934;0,9553322375498896;0,4305318389270079;0,2369399891018503;1,0;3,104722282591822e-05;6,209251785159888e-05;0,0027121517931016;0,0;0,999968952777174;0,5485008615604333;0,7897331310737329;0,999968952777174
ToN-IoT;C&W;gaussian;8;10;1024;2;282,1340067386627;107,77952408790588;0,0;0,6692885403586912;0,9950092220896172;0,569468161072992;0,7243646703394349;0,4803021264357434;0,0092;0,4305318389270079;0,8335019497655934;0,9553322375498896;0,4305318389270079;0,6692885403586912;0,9950092220896172;0,569468161072992;0,7243646703394349;0,4803021264357434;0,0092;0,4305318389270079;0,8335019497655934;0,9553322375498896;0,4305318389270079
ToN-IoT;FGSM;gaussian;8;10;1024;3;287,3845109939575;8,287885665893555;58,31694662275818;0,6679618090928475;0,9945096760165252;0,5680089416001739;0,7230510819089023;0,4783912043477991;0,0101;0,4319910583998261;0,8339215498773636;0,9554655258893582;0,4319910583998261;0,0847923428652657;0,0087222647283856;0,0017696917010773;0,0029423910799091;-0,7593514280115274;0,6478;0,9982303082989228;0,0824815455307522;0,5699999015440026;0,9982303082989228
ToN-IoT;RANDOM_LINF;gaussian;8;10;1024;3;287,3845109939575;8,185666561126709;43,10455116207444;0,6679618090928475;0,9945096760165252;0,5680089416001739;0,7230510819089023;0,4783912043477991;0,0101;0,4319910583998261;0,8339215498773636;0,9554655258893582;0,4319910583998261;0,2369162974721031;0,0;0,0;0,0;0,0;0,0;1,0;0,5373419649787325;0,7859523311944916;1,0
ToN-IoT;RANDOM_L2;gaussian;8;10;1024;3;287,3845109939575;8,238526344299316;43,10455116207444;0,6679618090928475;0,9945096760165252;0,5680089416001739;0,7230510819089023;0,4783912043477991;0,0101;0,4319910583998261;0,8339215498773636;0,9554655258893582;0,4319910583998261;0,2369162974721031;0,0;0,0;0,0;0,0;0,0;1,0;0,5460551010587102;0,7892367375064951;1,0
ToN-IoT;C&W;gaussian;8;10;1024;3;287,3845109939575;109,847594499588;0,0;0,6679618090928475;0,9945096760165252;0,5680089416001739;0,7230510819089023;0,4783912043477991;0,0101;0,4319910583998261;0,8339215498773636;0,9554655258893582;0,4319910583998261;0,6679618090928475;0,9945096760165252;0,5680089416001739;0,7230510819089023;0,4783912043477991;0,0101;0,4319910583998261;0,8339215498773636;0,9554655258893582;0,4319910583998261
ToN-IoT;FGSM;gaussian;8;10;2048;2;284,29464292526245;8,079441547393799;58,32642327465706;0,6680565756118363;0,9948874143369956;0,5679157999316962;0,7230754027077775;0,4789412362565946;0,0094;0,4320842000683039;0,8348695706169083;0,9557090444227224;0,4320842000683039;0,0847923428652657;0,0087222647283856;0,0017696917010773;0,0029423910799091;-0,7593514280115274;0,6478;0,9982303082989228;0,079933751435934;0,569474297222339;0,9982303082989228
ToN-IoT;RANDOM_LINF;gaussian;8;10;2048;2;284,29464292526245;8,218071460723877;43,11402781397332;0,6680565756118363;0,9948874143369956;0,5679157999316962;0,7230754027077775;0,4789412362565946;0,0094;0,4320842000683039;0,8348695706169083;0,9557090444227224;0,4320842000683039;0,2369162974721031;0,0;0,0;0,0;0,0;0,0;1,0;0,5347885823838058;0,7838439484456894;1,0
ToN-IoT;RANDOM_L2;gaussian;8;10;2048;2;284,29464292526245;8,174695491790771;43,11402781397332;0,6680565756118363;0,9948874143369956;0,5679157999316962;0,7230754027077775;0,4789412362565946;0,0094;0,4320842000683039;0,8348695706169083;0,9557090444227224;0,4320842000683039;0,2369162974721031;0,0;0,0;0,0;0,0;0,0;1,0;0,5396623831848242;0,7840987323883173;1,0
ToN-IoT;C&W;gaussian;8;10;2048;2;284,29464292526245;107,85880780220032;0,0;0,6680565756118363;0,9948874143369956;0,5679157999316962;0,7230754027077775;0,4789412362565946;0,0094;0,4320842000683039;0,8348695706169083;0,9557090444227224;0,4320842000683039;0,6680565756118363;0,9948874143369956;0,5679157999316962;0,7230754027077775;0,4789412362565946;0,0094;0,4320842000683039;0,8348695706169083;0,9557090444227224;0,4320842000683039
ToN-IoT;FGSM;gaussian;8;10;2048;3;287,26517391204834;8,219935417175293;58,39275983794925;0,6687199412447582;0,9951640947620084;0,5686298860566922;0,7237271056843103;0,4799289098065758;0,0089;0,4313701139433077;0,8340377860225402;0,9554990829994352;0,4313701139433077;0,0847923428652657;0,0087222647283856;0,0017696917010773;0,0029423910799091;-0,7593514280115274;0,6478;0,9982303082989228;0,0766718168834797;0,568607223543246;0,9982303082989228
ToN-IoT;RANDOM_LINF;gaussian;8;10;2048;3;287,26517391204834;8,21023964881897;43,18036437726551;0,6687199412447582;0,9951640947620084;0,5686298860566922;0,7237271056843103;0,4799289098065758;0,0089;0,4313701139433077;0,8340377860225402;0,9554990829994352;0,4313701139433077;0,2369162974721031;0,0;0,0;0,0;0,0;0,0;1,0;0,5390459995653388;0,7850529737559918;1,0
ToN-IoT;RANDOM_L2;gaussian;8;10;2048;3;287,26517391204834;8,301356077194214;43,18036437726551;0,6687199412447582;0,9951640947620084;0,5686298860566922;0,7237271056843103;0,4799289098065758;0,0089;0,4313701139433077;0,8340377860225402;0,9554990829994352;0,4313701139433077;0,2369162974721031;0,0;0,0;0,0;0,0;0,0;1,0;0,5386708171629048;0,7824309231881033;1,0
ToN-IoT;C&W;gaussian;8;10;2048;3;287,26517391204834;111,03235006332396;0,0;0,6687199412447582;0,9951640947620084;0,5686298860566922;0,7237271056843103;0,4799289098065758;0,0089;0,4313701139433077;0,8340377860225402;0,9554990829994352;0,4313701139433077;0,6687199412447582;0,9951640947620084;0,5686298860566922;0,7237271056843103;0,4799289098065758;0,0089;0,4313701139433077;0,8340377860225402;0,9554990829994352;0,4313701139433077
ToN-IoT;FGSM;gaussian;8;15;1024;2;191,45327639579773;5,56366229057312;58,423558956620624;0,669027932431472;0,9950062421972534;0,569126641621907;0,7240875335756044;0,4800415941767358;0,0092;0,4308733583780931;0,8370152224533517;0,956193847330564;0,4308733583780931;0,0847923428652657;0,0087222647283856;0,0017696917010773;0,0029423910799091;-0,7593514280115274;0,6478;0,9982303082989228;0,1380490841069266;0,5842255279295396;0,9982303082989228
ToN-IoT;RANDOM_LINF;gaussian;8;15;1024;2;191,45327639579773;5,472906112670898;42,44355469212727;0,669027932431472;0,9950062421972534;0,569126641621907;0,7240875335756044;0,4800415941767358;0,0092;0,4308733583780931;0,8370152224533517;0,956193847330564;0,4308733583780931;0,2445923855101992;0,7967032967032966;0,0135055419292744;0,0265608304075713;0,0090516960285871;0,0111;0,9864944580707256;0,5242507544475147;0,777632475199882;0,9864944580707256
ToN-IoT;RANDOM_L2;gaussian;8;15;1024;2;191,45327639579773;5,48138952255249;42,59281195953469;0,669027932431472;0,9950062421972534;0,569126641621907;0,7240875335756044;0,4800415941767358;0,0092;0,4308733583780931;0,8370152224533517;0,956193847330564;0,4308733583780931;0,243099812836125;0,7855579868708972;0,0111459529945046;0,0219800404089879;0,0055299572222473;0,0098;0,9888540470054954;0,5270757536713342;0,7783187141335399;0,9888540470054954
ToN-IoT;C&W;gaussian;8;15;1024;2;191,45327639579773;70,88438510894775;0,0;0,669027932431472;0,9950062421972534;0,569126641621907;0,7240875335756044;0,4800415941767358;0,0092;0,4308733583780931;0,8370152224533517;0,956193847330564;0,4308733583780931;0,669027932431472;0,9950062421972534;0,569126641621907;0,7240875335756044;0,4800415941767358;0,0092;0,4308733583780931;0,8370152224533517;0,956193847330564;0,4308733583780931
ToN-IoT;FGSM;gaussian;8;15;1024;3;195,30153560638428;5,510295391082764;58,73391930630908;0,6721315359283565;0,9953618811347212;0,5730075444751467;0,7273157179168883;0,4835390326253908;0,0086;0,4269924555248533;0,8352509422832128;0,9557900011271352;0,4269924555248533;0,0847923428652657;0,0087222647283856;0,0017696917010773;0,0029423910799091;-0,7593514280115274;0,6478;0,9982303082989228;0,1325528780775559;0,58284056619285;0,9982303082989228
ToN-IoT;RANDOM_LINF;gaussian;8;15;1024;3;195,30153560638428;5,585604429244995;42,6046577744083;0,6721315359283565;0,9953618811347212;0,5730075444751467;0,7273157179168883;0,4835390326253908;0,0086;0,4269924555248533;0,8352509422832128;0,9557900011271352;0,4269924555248533;0,2460849581842735;0,8126009693053312;0,0156167530814368;0,0306445717070793;0,0142077063223607;0,0116;0,9843832469185632;0,532787761184762;0,7827600950810252;0,9843832469185632
ToN-IoT;RANDOM_L2;gaussian;8;15;1024;3;195,30153560638428;5,610538482666016;42,649671870928;0,6721315359283565;0,9953618811347212;0,5730075444751467;0,7273157179168883;0,4835390326253908;0,0086;0,4269924555248533;0,8352509422832128;0,9557900011271352;0,4269924555248533;0,2456348172190765;0,8172413793103448;0,0147163836194852;0,0289121351672817;0,0150346206992531;0,0106;0,9852836163805148;0,5321102517929771;0,7824036751350424;0,9852836163805148
ToN-IoT;C&W;gaussian;8;15;1024;3;195,30153560638428;71,93760538101196;0,0;0,6721315359283565;0,9953618811347212;0,5730075444751467;0,7273157179168883;0,4835390326253908;0,0086;0,4269924555248533;0,8352509422832128;0,9557900011271352;0,4269924555248533;0,6721315359283565;0,9953618811347212;0,5730075444751467;0,7273157179168883;0,4835390326253908;0,0086;0,4269924555248533;0,8352509422832128;0,9557900011271352;0,4269924555248533
ToN-IoT;FGSM;gaussian;8;15;2048;2;192,2985262870789;5,437489986419678;58,64862943921912;0,671278637257457;0,99481809349023;0,5722003166816728;0,7265201537400217;0,4820359241655639;0,0096;0,4277996833183272;0,8356232698935082;0,955841982399472;0,4277996833183272;0,0847923428652657;0,0087222647283856;0,0017696917010773;0,0029423910799091;-0,7593514280115274;0,6478;0,9982303082989228;0,1154951876804619;0,578443112586364;0,9982303082989228
ToN-IoT;RANDOM_LINF;gaussian;8;15;2048;2;192,2985262870789;5,560162544250488;42,62124191523135;0,671278637257457;0,99481809349023;0,5722003166816728;0,7265201537400217;0,4820359241655639;0,0096;0,4277996833183272;0,8356232698935082;0,955841982399472;0,4277996833183272;0,2450662181051434;0,7986111111111112;0,0142817224999223;0,0280616135427787;0,0098281632462548;0,0116;0,9857182775000776;0,5296245304107547;0,7800798224857599;0,9857182775000776
ToN-IoT;RANDOM_L2;gaussian;8;15;2048;2;192,2985262870789;5,6005613803863525;42,834466582956246;0,671278637257457;0,99481809349023;0,5722003166816728;0,7265201537400217;0,4820359241655639;0,0096;0,4277996833183272;0,8356232698935082;0,955841982399472;0,4277996833183272;0,2429339714278945;0,7797356828193832;0,010990716880375;0,0216759023972078;0,004083720526542;0,01;0,989009283119625;0,5370646822316744;0,7835457218126928;0,989009283119625
ToN-IoT;C&W;gaussian;8;15;2048;2;192,2985262870789;71,47985005378723;0,0;0,671278637257457;0,99481809349023;0,5722003166816728;0,7265201537400217;0,4820359241655639;0,0096;0,4277996833183272;0,8356232698935082;0,955841982399472;0,4277996833183272;0,671278637257457;0,99481809349023;0,5722003166816728;0,7265201537400217;0,4820359241655639;0,0096;0,4277996833183272;0,8356232698935082;0,955841982399472;0,4277996833183272
ToN-IoT;FGSM;gaussian;8;15;2048;3;195,70261979103088;5,557168483734131;58,54201710535668;0,6702125139188325;0,9956099940382636;0,5703374833121178;0,7252270035530991;0,4819406100969899;0,0081;0,4296625166878822;0,8354169036604675;0,9558031552875018;0,4296625166878822;0,0847923428652657;0,0087222647283856;0,0017696917010773;0,0029423910799091;-0,7593514280115274;0,6478;0,9982303082989228;0,1119597472756061;0,5776280921362171;0,9982303082989228
ToN-IoT;RANDOM_LINF;gaussian;8;15;2048;3;195,70261979103088;5,650920391082764;42,57385865573693;0,6702125139188325;0,9956099940382636;0,5703374833121178;0,7252270035530991;0,4819406100969899;0,0081;0,4296625166878822;0,8354169036604675;0,9558031552875018;0,4296625166878822;0,2444739273614632;0,8038095238095239;0,0131019280325374;0,0257835889289423;0,0107493264327717;0,0103;0,9868980719674624;0,5279961222018691;0,7790411113210739;0,9868980719674624
ToN-IoT;RANDOM_L2;gaussian;8;15;2048;3;195,70261979103088;5,60504150390625;42,76102253073989;0,6702125139188325;0,9956099940382636;0,5703374833121178;0,7252270035530991;0,4819406100969899;0,0081;0,4296625166878822;0,8354169036604675;0,9558031552875018;0,4296625166878822;0,2426022886114335;0,8015075376884422;0,0099040640814679;0,019566350783574;0,0088168491744356;0,0079;0,990095935918532;0,527549067030954;0,7786836135875905;0,990095935918532
ToN-IoT;C&W;gaussian;8;15;2048;3;195,70261979103088;72,7305121421814;0,0;0,6702125139188325;0,9956099940382636;0,5703374833121178;0,7252270035530991;0,4819406100969899;0,0081;0,4296625166878822;0,8354169036604675;0,9558031552875018;0,4296625166878822;0,6702125139188325;0,9956099940382636;0,5703374833121178;0,7252270035530991;0,4819406100969899;0,0081;0,4296625166878822;0,8354169036604675;0,9558031552875018;0,4296625166878822
ToN-IoT;FGSM;gaussian;8;20;1024;2;146,8856303691864;55,70591902732849;58,139259399654094;0,6710891042194792;0,995672400735692;0,5714551833338508;0,7261465627773942;0,4828827821657867;0,008;0,4285448166661492;0,8394291968083455;0,9568308162043389;0,4285448166661492;0,0896965102229382;0,0493182477516681;0,0105560557608121;0,017389970079022;-0,7416995261901437;0,6554;0,9894439442391878;0,149118786674532;0,5736315189737653;0,9894439442391878
ToN-IoT;RANDOM_LINF;gaussian;8;20;1024;2;146,8856303691864;5,647437572479248;36,70307280437821;0,6710891042194792;0,995672400735692;0,5714551833338508;0,7261465627773942;0,4828827821657867;0,008;0,4285448166661492;0,8394291968083455;0,9568308162043389;0,4285448166661492;0,3040583761756971;0,7810392701309005;0,1222639634884659;0,2114305656223994;0,0155538622243098;0,1104;0,8777360365115341;0,5123279207674873;0,7713146849243192;0,8777360365115341
ToN-IoT;RANDOM_L2;gaussian;8;20;1024;2;146,8856303691864;5,258965492248535;37,165059584448805;0,6710891042194792;0,995672400735692;0,5714551833338508;0,7261465627773942;0,4828827821657867;0,008;0,4285448166661492;0,8394291968083455;0,9568308162043389;0,4285448166661492;0,2994385083749911;0,7814032842823629;0,1137570244341643;0,198601550219524;0,0152314306776543;0,1025;0,8862429755658356;0,5141225371790493;0,7719512795698567;0,8862429755658356
ToN-IoT;C&W;gaussian;8;20;1024;2;146,8856303691864;53,56709885597229;0,0;0,6710891042194792;0,995672400735692;0,5714551833338508;0,7261465627773942;0,4828827821657867;0,008;0,4285448166661492;0,8394291968083455;0,9568308162043389;0,4285448166661492;0,6710891042194792;0,995672400735692;0,5714551833338508;0,7261465627773942;0,4828827821657867;0,008;0,4285448166661492;0,8394291968083455;0,9568308162043389;0,4285448166661492
ToN-IoT;FGSM;gaussian;8;20;1024;3;187,58728790283203;59,82384157180786;56,63484091070625;0,6708995711815016;0,9953488372093025;0,571393088888199;0,726010374958086;0,4823038550173206;0,0086;0,428606911111801;0,8373740336551896;0,956331221779363;0,428606911111801;0,1045511620744391;0,1321922317314022;0,0311714117172218;0,0504471912370616;-0,6950388696811995;0,6591;0,968828588282778;0,1702297370300226;0,5747171588943171;0,968828588282778
ToN-IoT;RANDOM_LINF;gaussian;8;20;1024;3;187,58728790283203;6,175519227981567;35,94020232651804;0,6708995711815016;0,9953488372093025;0,571393088888199;0,726010374958086;0,4823038550173206;0,0086;0,428606911111801;0,8373740336551896;0,956331221779363;0,428606911111801;0,3114975479163211;0,7850416515755161;0,1345897109503555;0,2297845273117595;0,020035506075224;0,1187;0,8654102890496445;0,5167564096991524;0,774938983696349;0,8654102890496445
ToN-IoT;RANDOM_L2;gaussian;8;20;1024;3;187,58728790283203;6,051849365234375;36,36428249899311;0,6708995711815016;0,9953488372093025;0,571393088888199;0,726010374958086;0,4823038550173206;0,0086;0,428606911111801;0,8373740336551896;0,956331221779363;0,428606911111801;0,3072567461915705;0,792051937831989;0,1249961190971467;0,2159176230826987;0,0252092228031581;0,1057;0,8750038809028532;0,5200766214412121;0,7760024225096168;0,8750038809028532
ToN-IoT;C&W;gaussian;8;20;1024;3;187,58728790283203;54,3145854473114;0,0;0,6708995711815016;0,9953488372093025;0,571393088888199;0,726010374958086;0,4823038550173206;0,0086;0,428606911111801;0,8373740336551896;0,956331221779363;0,428606911111801;0,6708995711815016;0,9953488372093025;0,571393088888199;0,726010374958086;0,4823038550173206;0,0086;0,428606911111801;0,8373740336551896;0,956331221779363;0,428606911111801
ToN-IoT;FGSM;gaussian;8;20;2048;2;146,1656563282013;67,81960344314575;58,60835366864888;0,6709943377004904;0,9957251082251082;0,5712999472197212;0,726035234469017;0,4828527631818234;0,0079;0,4287000527802788;0,8359906299481512;0,9559563592008006;0,4287000527802788;0,0849108010140017;0,0304449648711943;0,0064578223477909;0,0106554647678082;-0,757215941289147;0,6624;0,993542177652209;0,1735518379955913;0,569383730437084;0,993542177652209
ToN-IoT;RANDOM_LINF;gaussian;8;20;2048;2;146,1656563282013;5,726716995239258;36,314530076523965;0,6709943377004904;0,9957251082251082;0,5712999472197212;0,726035234469017;0,4828527631818234;0,0079;0,4287000527802788;0,8359906299481512;0,9559563592008006;0,4287000527802788;0,3078490369352508;0,7783562662699889;0,1299636747492936;0,2227365844573922;0,0137256219408633;0,1192;0,8700363252507063;0,5128418516563693;0,7714931538861249;0,8700363252507063
ToN-IoT;RANDOM_L2;gaussian;8;20;2048;2;146,1656563282013;5,439483880996704;36,79310099741762;0,6709943377004904;0,9957251082251082;0,5712999472197212;0,726035234469017;0,4828527631818234;0,0079;0,4287000527802788;0,8359906299481512;0,9559563592008006;0,4287000527802788;0,3030633277263143;0,7910758965804837;0,1177931634015337;0,2050533711660586;0,0235712005437749;0,1002;0,8822068365984662;0,5208871107454438;0,7763592603148615;0,8822068365984662
ToN-IoT;C&W;gaussian;8;20;2048;2;146,1656563282013;53,71421408653259;0,0;0,6709943377004904;0,9957251082251082;0,5712999472197212;0,726035234469017;0,4828527631818234;0,0079;0,4287000527802788;0,8359906299481512;0,9559563592008006;0,4287000527802788;0,6709943377004904;0,9957251082251082;0,5712999472197212;0,726035234469017;0,4828527631818234;0,0079;0,4287000527802788;0,8359906299481512;0,9559563592008006;0,4287000527802788
ToN-IoT;FGSM;gaussian;8;20;2048;3;188,97435307502747;52,146902561187744;58,71496600251132;0,6702362055485797;0,9957714409628105;0,5702753888664659;0,7252196229394926;0,4821591459201597;0,0078;0,4297246111335341;0,8383142041044429;0,9565572289848866;0,4297246111335341;0,0830865455234665;0,0101101554247774;0,0020801639293365;0,0034504068390153;-0,7642570774437629;0,656;0,9979198360706636;0,1643383184824118;0,5732673268165929;0,9979198360706636
ToN-IoT;RANDOM_LINF;gaussian;8;20;2048;3;188,97435307502747;6,672702074050903;35,60615034708237;0,6702362055485797;0,9957714409628105;0,5702753888664659;0,7252196229394926;0,4821591459201597;0,0078;0,4297246111335341;0,8383142041044429;0,9565572289848866;0,4297246111335341;0,3141747020777559;0,7807818150508008;0,1407681082927132;0,2385311447811448;0,0166248097774335;0,1273;0,8592318917072868;0,5194846642242852;0,7761256543045305;0,8592318917072868
ToN-IoT;RANDOM_L2;gaussian;8;20;2048;3;188,97435307502747;5,311334133148193;36,12262787557155;0,6702362055485797;0,9957714409628105;0,5702753888664659;0,7252196229394926;0,4821591459201597;0,0078;0,4297246111335341;0,8383142041044429;0,9565572289848866;0,4297246111335341;0,3090099267928641;0,7887644714367053;0,1290322580645161;0,2217834462884892;0,0228107791090239;0,1113;0,8709677419354839;0,5233470815610544;0,7766467586239572;0,8709677419354839
ToN-IoT;C&W;gaussian;8;20;2048;3;188,97435307502747;53,66734170913696;0,0;0,6702362055485797;0,9957714409628105;0,5702753888664659;0,7252196229394926;0,4821591459201597;0,0078;0,4297246111335341;0,8383142041044429;0,9565572289848866;0,4297246111335341;0,6702362055485797;0,9957714409628105;0,5702753888664659;0,7252196229394926;0,4821591459201597;0,0078;0,4297246111335341;0,8383142041044429;0,9565572289848866;0,4297246111335341
ToN-IoT;FGSM;gaussian;10;5;1024;2;718,8458139896393;20,953584671020508;58,30983913383402;0,6678907342036059;0,994347518886896;0,5680089416001739;0,7230082200442618;0,4781250992100085;0,0104;0,4319910583998261;0,8329657362848893;0,9552260247411016;0,4319910583998261;0,0847923428652657;0,0087222647283856;0,0017696917010773;0,0029423910799091;-0,7593514280115274;0,6478;0,9982303082989228;0,0616945962308671;0,5649818114306905;0,9982303082989228
ToN-IoT;RANDOM_LINF;gaussian;10;5;1024;2;718,8458139896393;20,945624828338623;43,09744367315028;0,6678907342036059;0,994347518886896;0,5680089416001739;0,7230082200442618;0,4781250992100085;0,0104;0,4319910583998261;0,8329657362848893;0,9552260247411016;0,4319910583998261;0,2369162974721031;0,0;0,0;0,0;0,0;0,0;1,0;0,5466909497345462;0,7899161741897772;1,0
ToN-IoT;RANDOM_L2;gaussian;10;5;1024;2;718,8458139896393;20,997979879379272;43,09744367315028;0,6678907342036059;0,994347518886896;0,5680089416001739;0,7230082200442618;0,4781250992100085;0,0104;0,4319910583998261;0,8329657362848893;0,9552260247411016;0,4319910583998261;0,2369162974721031;0,0;0,0;0,0;0,0;0,0;1,0;0,5539821804464591;0,7933707895847575;1,0
ToN-IoT;C&W;gaussian;10;5;1024;2;718,8458139896393;283,7915933132172;0,0;0,6678907342036059;0,994347518886896;0,5680089416001739;0,7230082200442618;0,4781250992100085;0,0104;0,4319910583998261;0,8329657362848893;0,9552260247411016;0,4319910583998261;0,6678907342036059;0,994347518886896;0,5680089416001739;0,7230082200442618;0,4781250992100085;0,0104;0,4319910583998261;0,8329657362848893;0,9552260247411016;0,4319910583998261
ToN-IoT;FGSM;gaussian;10;5;1024;3;729,8841786384583;20,97109079360962;58,32879243763178;0,6680802672415835;0,9944036946481934;0,5682262721599552;0,7231991148694037;0,4783794898820679;0,0103;0,4317737278400447;0,8324521034493464;0,9550955729221152;0,4317737278400447;0,0847923428652657;0,0087222647283856;0,0017696917010773;0,0029423910799091;-0,7593514280115274;0,6478;0,9982303082989228;0,0627900214225837;0,5652835507188295;0,9982303082989228
ToN-IoT;RANDOM_LINF;gaussian;10;5;1024;3;729,8841786384583;21,197425365448;43,116396976948046;0,6680802672415835;0,9944036946481934;0,5682262721599552;0,7231991148694037;0,4783794898820679;0,0103;0,4317737278400447;0,8324521034493464;0,9550955729221152;0,4317737278400447;0,2369162974721031;0,0;0,0;0,0;0,0;0,0;1,0;0,5480817985656183;0,7901384553995093;1,0
ToN-IoT;RANDOM_L2;gaussian;10;5;1024;3;729,8841786384583;21,267268896102905;43,116396976948046;0,6680802672415835;0,9944036946481934;0,5682262721599552;0,7231991148694037;0,4783794898820679;0,0103;0,4317737278400447;0,8324521034493464;0,9550955729221152;0,4317737278400447;0,2369162974721031;0,0;0,0;0,0;0,0;0,0;1,0;0,5511572464218075;0,7907884849645717;1,0
ToN-IoT;C&W;gaussian;10;5;1024;3;729,8841786384583;288,076153755188;0,0;0,6680802672415835;0,9944036946481934;0,5682262721599552;0,7231991148694037;0,4783794898820679;0,0103;0,4317737278400447;0,8324521034493464;0,9550955729221152;0,4317737278400447;0,6680802672415835;0,9944036946481934;0,5682262721599552;0,7231991148694037;0,4783794898820679;0,0103;0,4317737278400447;0,8324521034493464;0,9550955729221152;0,4317737278400447
ToN-IoT;FGSM;gaussian;10;5;2048;2;722,825888633728;21,158563375473022;58,33353076358122;0,6681276505010779;0,9945117643862412;0,5682262721599552;0,7232276930372243;0,4785568743511956;0,0101;0,4317737278400447;0,8325882129218541;0,955122424527311;0,4317737278400447;0,0847923428652657;0,0087222647283856;0,0017696917010773;0,0029423910799091;-0,7593514280115274;0,6478;0,9982303082989228;0,0636266167841286;0,5655169683016354;0,9982303082989228
ToN-IoT;RANDOM_LINF;gaussian;10;5;2048;2;722,825888633728;21,128146648406982;43,121135302897486;0,6681276505010779;0,9945117643862412;0,5682262721599552;0,7232276930372243;0,4785568743511956;0,0101;0,4317737278400447;0,8325882129218541;0,955122424527311;0,4317737278400447;0,2369162974721031;0,0;0,0;0,0;0,0;0,0;1,0;0,5473132726877581;0,7898947407772248;1,0
ToN-IoT;RANDOM_L2;gaussian;10;5;2048;2;722,825888633728;21,173010110855103;43,121135302897486;0,6681276505010779;0,9945117643862412;0,5682262721599552;0,7232276930372243;0,4785568743511956;0,0101;0,4317737278400447;0,8325882129218541;0,955122424527311;0,4317737278400447;0,2369162974721031;0,0;0,0;0,0;0,0;0,0;1,0;0,5547630569095594;0,792420436396261;1,0
ToN-IoT;C&W;gaussian;10;5;2048;2;722,825888633728;286,5200836658478;0,0;0,6681276505010779;0,9945117643862412;0,5682262721599552;0,7232276930372243;0,4785568743511956;0,0101;0,4317737278400447;0,8325882129218541;0,955122424527311;0,4317737278400447;0,6681276505010779;0,9945117643862412;0,5682262721599552;0,7232276930372243;0,4785568743511956;0,0101;0,4317737278400447;0,8325882129218541;0,955122424527311;0,4317737278400447
ToN-IoT;FGSM;gaussian;10;5;2048;3;734,2762730121613;21,27372932434082;58,32405411168234;0,6680328839820892;0,9941882570202596;0,5682883666056071;0,7231924140655868;0,4780721071486813;0,0107;0,4317116333943929;0,8334547548821758;0,9553499286012976;0,4317116333943929;0,0847923428652657;0,0087222647283856;0,0017696917010773;0,0029423910799091;-0,7593514280115274;0,6478;0,9982303082989228;0,0614373265236424;0,5649231081911402;0,9982303082989228
ToN-IoT;RANDOM_LINF;gaussian;10;5;2048;3;734,2762730121613;21,354512453079224;43,111658650998606;0,6680328839820892;0,9941882570202596;0,5682883666056071;0,7231924140655868;0,4780721071486813;0,0107;0,4317116333943929;0,8334547548821758;0,9553499286012976;0,4317116333943929;0,2369162974721031;0,0;0,0;0,0;0,0;0,0;1,0;0,5453933931509826;0,7899905297694313;1,0
ToN-IoT;RANDOM_L2;gaussian;10;5;2048;3;734,2762730121613;21,271239519119263;43,111658650998606;0,6680328839820892;0,9941882570202596;0,5682883666056071;0,7231924140655868;0,4780721071486813;0,0107;0,4317116333943929;0,8334547548821758;0,9553499286012976;0,4317116333943929;0,2369162974721031;0,0;0,0;0,0;0,0;0,0;1,0;0,5473249619671521;0,787618430172428;1,0
ToN-IoT;C&W;gaussian;10;5;2048;3;734,2762730121613;291,02100133895874;0,0;0,6680328839820892;0,9941882570202596;0,5682883666056071;0,7231924140655868;0,4780721071486813;0,0107;0,4317116333943929;0,8334547548821758;0,9553499286012976;0,4317116333943929;0,6680328839820892;0,9941882570202596;0,5682883666056071;0,7231924140655868;0,4780721071486813;0,0107;0,4317116333943929;0,8334547548821758;0,9553499286012976;0,4317116333943929
ToN-IoT;FGSM;gaussian;10;10;1024;2;354,289174079895;10,338926076889038;58,428297282570064;0,6690753156909663;0,995221805940164;0,5690645471762551;0,7240943388772567;0,4803489467758535;0,0088;0,4309354528237449;0,8335753702381321;0,9553495363721496;0,4309354528237449;0,0847923428652657;0,0087222647283856;0,0017696917010773;0,0029423910799091;-0,7593514280115274;0,6478;0,9982303082989228;0,0716825809556335;0,5673099552833133;0,9982303082989228
ToN-IoT;RANDOM_LINF;gaussian;10;10;1024;2;354,289174079895;10,283586740493774;43,21590182188633;0,6690753156909663;0,995221805940164;0,5690645471762551;0,7240943388772567;0,4803489467758535;0,0088;0,4309354528237449;0,8335753702381321;0,9553495363721496;0,4309354528237449;0,2369162974721031;0,0;0,0;0,0;0,0;0,0;1,0;0,5474376214722593;0,7889654670638997;1,0
ToN-IoT;RANDOM_L2;gaussian;10;10;1024;2;354,289174079895;10,307486772537231;43,21590182188633;0,6690753156909663;0,995221805940164;0,5690645471762551;0,7240943388772567;0,4803489467758535;0,0088;0,4309354528237449;0,8335753702381321;0,9553495363721496;0,4309354528237449;0,2369162974721031;0,0;0,0;0,0;0,0;0,0;1,0;0,5484058492967804;0,7878255663920479;1,0
ToN-IoT;C&W;gaussian;10;10;1024;2;354,289174079895;136,74160194396973;0,0;0,6690753156909663;0,995221805940164;0,5690645471762551;0,7240943388772567;0,4803489467758535;0,0088;0,4309354528237449;0,8335753702381321;0,9553495363721496;0,4309354528237449;0,6690753156909663;0,995221805940164;0,5690645471762551;0,7240943388772567;0,4803489467758535;0,0088;0,4309354528237449;0,8335753702381321;0,9553495363721496;0,4309354528237449
ToN-IoT;FGSM;gaussian;10;10;1024;3;360,4781823158264;10,556334495544434;58,50411049776114;0,6698334478428771;0,9951764132025364;0,5700891055295104;0,7249111725227003;0,4810419581160058;0,0089;0,4299108944704896;0,8342794374243224;0,9555674623408478;0,4299108944704896;0,0847923428652657;0,0087222647283856;0,0017696917010773;0,0029423910799091;-0,7593514280115274;0,6478;0,9982303082989228;0,0875575693129249;0,5716582526113843;0,9982303082989228
ToN-IoT;RANDOM_LINF;gaussian;10;10;1024;3;360,4781823158264;10,422690868377686;43,2917150370774;0,6698334478428771;0,9951764132025364;0,5700891055295104;0,7249111725227003;0,4810419581160058;0,0089;0,4299108944704896;0,8342794374243224;0,9555674623408478;0,4299108944704896;0,2369162974721031;0,0;0,0;0,0;0,0;0,0;1,0;0,5479659505107268;0,7894907011770925;1,0
ToN-IoT;RANDOM_L2;gaussian;10;10;1024;3;360,4781823158264;10,49001693725586;43,2917150370774;0,6698334478428771;0,9951764132025364;0,5700891055295104;0,7249111725227003;0,4810419581160058;0,0089;0,4299108944704896;0,8342794374243224;0,9555674623408478;0,4299108944704896;0,2369162974721031;0,0;0,0;0,0;0,0;0,0;1,0;0,5487057592598342;0,7908330861472307;1,0
ToN-IoT;C&W;gaussian;10;10;1024;3;360,4781823158264;140,09170293807983;0,0;0,6698334478428771;0,9951764132025364;0,5700891055295104;0,7249111725227003;0,4810419581160058;0,0089;0,4299108944704896;0,8342794374243224;0,9555674623408478;0,4299108944704896;0,6698334478428771;0,9951764132025364;0,5700891055295104;0,7249111725227003;0,4810419581160058;0,0089;0,4299108944704896;0,8342794374243224;0,9555674623408478;0,4299108944704896
ToN-IoT;FGSM;gaussian;10;10;2048;2;355,00277972221375;10,37031888961792;58,5112179866853;0,6699045227321188;0,9947482403898212;0,5704306249805955;0,7250735018449457;0,4805938832370422;0,0097;0,4295693750194045;0,8334763715110682;0,9552973004495564;0,4295693750194045;0,0847923428652657;0,0087222647283856;0,0017696917010773;0,0029423910799091;-0,7593514280115274;0,6478;0,9982303082989228;0,0937004967555652;0,5730485688072248;0,9982303082989228
ToN-IoT;RANDOM_LINF;gaussian;10;10;2048;2;355,00277972221375;10,372313261032104;43,298822526001565;0,6699045227321188;0,9947482403898212;0,5704306249805955;0,7250735018449457;0,4805938832370422;0,0097;0,4295693750194045;0,8334763715110682;0,9552973004495564;0,4295693750194045;0,2369162974721031;0,0;0,0;0,0;0,0;0,0;1,0;0,5444892204042349;0,788964868836343;1,0
ToN-IoT;RANDOM_L2;gaussian;10;10;2048;2;355,00277972221375;10,328430652618408;43,298822526001565;0,6699045227321188;0,9947482403898212;0,5704306249805955;0,7250735018449457;0,4805938832370422;0,0097;0,4295693750194045;0,8334763715110682;0,9552973004495564;0,4295693750194045;0,2369162974721031;0,0;0,0;0,0;0,0;0,0;1,0;0,5479265562420441;0,7916562921464968;1,0
ToN-IoT;C&W;gaussian;10;10;2048;2;355,00277972221375;137,80743098258972;0,0;0,6699045227321188;0,9947482403898212;0,5704306249805955;0,7250735018449457;0,4805938832370422;0,0097;0,4295693750194045;0,8334763715110682;0,9552973004495564;0,4295693750194045;0,6699045227321188;0,9947482403898212;0,5704306249805955;0,7250735018449457;0,4805938832370422;0,0097;0,4295693750194045;0,8334763715110682;0,9552973004495564;0,4295693750194045
ToN-IoT;FGSM;gaussian;10;10;2048;3;362,4917850494385;10,55333924293518;58,45198891231728;0,6693122319884385;0,9953319220539544;0,5693129249588624;0,7243245378416812;0,4807156980297931;0,0086;0,4306870750411375;0,8349238008010184;0,955734286604216;0,4306870750411375;0,0847923428652657;0,0087222647283856;0,0017696917010773;0,0029423910799091;-0,7593514280115274;0,6478;0,9982303082989228;0,0829672513893632;0,570377634885767;0,9982303082989228
ToN-IoT;RANDOM_LINF;gaussian;10;10;2048;3;362,4917850494385;10,388800144195557;43,23959345163354;0,6693122319884385;0,9953319220539544;0,5693129249588624;0,7243245378416812;0,4807156980297931;0,0086;0,4306870750411375;0,8349238008010184;0,955734286604216;0,4306870750411375;0,2369162974721031;0,0;0,0;0,0;0,0;0,0;1,0;0,5442026840324132;0,7876905684574249;1,0
ToN-IoT;RANDOM_L2;gaussian;10;10;2048;3;362,4917850494385;10,498994827270508;43,23959345163354;0,6693122319884385;0,9953319220539544;0,5693129249588624;0,7243245378416812;0,4807156980297931;0,0086;0,4306870750411375;0,8349238008010184;0,955734286604216;0,4306870750411375;0,2369162974721031;0,0;0,0;0,0;0,0;0,0;1,0;0,5501596618957434;0,7907980177012774;1,0
ToN-IoT;C&W;gaussian;10;10;2048;3;362,4917850494385;140,21158933639526;0,0;0,6693122319884385;0,9953319220539544;0,5693129249588624;0,7243245378416812;0,4807156980297931;0,0086;0,4306870750411375;0,8349238008010184;0,955734286604216;0,4306870750411375;0,6693122319884385;0,9953319220539544;0,5693129249588624;0,7243245378416812;0,4807156980297931;0,0086;0,4306870750411375;0,8349238008010184;0,955734286604216;0,4306870750411375
ToN-IoT;FGSM;gaussian;10;15;1024;2;239,9387800693512;6,945478677749634;58,56570873510388;0,6704494302163045;0,9953440528395864;0,5708031916545065;0,7255327545382794;0,4818531035680898;0,0086;0,4291968083454935;0,8381246794374243;0,9565028210785138;0,4291968083454935;0,0847923428652657;0,0087222647283856;0,0017696917010773;0,0029423910799091;-0,7593514280115274;0,6478;0,9982303082989228;0,1684262535316216;0,5918373059882645;0,9982303082989228
ToN-IoT;RANDOM_LINF;gaussian;10;15;1024;2;239,9387800693512;6,896591901779175;42,91738728707147;0,6704494302163045;0,9953440528395864;0,5708031916545065;0,7255327545382794;0,4818531035680898;0,0086;0,4291968083454935;0,8381246794374243;0,9565028210785138;0,4291968083454935;0,2412755573455898;0,8357664233576643;0,0071098140271352;0,0140996829110611;0,0138176623700712;0,0045;0,9928901859728648;0,529895451581856;0,7820152404515925;0,9928901859728648
ToN-IoT;RANDOM_L2;gaussian;10;15;1024;2;239,9387800693512;6,8566977977752686;42,93397142789453;0,6704494302163045;0,9953440528395864;0,5708031916545065;0,7255327545382794;0,4818531035680898;0,0086;0,4291968083454935;0,8381246794374243;0,9565028210785138;0,4291968083454935;0,2411097159373593;0,8365019011406845;0,006830389021702;0,013550135501355;0,0136726521487026;0,0043;0,993169610978298;0,5281353084541588;0,7798335956734251;0,993169610978298
ToN-IoT;C&W;gaussian;10;15;1024;2;239,9387800693512;89,03741121292114;0,0;0,6704494302163045;0,9953440528395864;0,5708031916545065;0,7255327545382794;0,4818531035680898;0,0086;0,4291968083454935;0,8381246794374243;0,9565028210785138;0,4291968083454935;0,6704494302163045;0,9953440528395864;0,5708031916545065;0,7255327545382794;0,4818531035680898;0,0086;0,4291968083454935;0,8381246794374243;0,9565028210785138;0,4291968083454935
ToN-IoT;FGSM;gaussian;10;15;1024;3;245,67112803459167;6,953947305679321;58,58229287592693;0,670615271624535;0,9960437892911338;0,570616908317551;0,7255679911569057;0,4828629529052423;0,0073;0,429383091682449;0,8378128985687232;0,9564201454838124;0,429383091682449;0,0847923428652657;0,0087222647283856;0,0017696917010773;0,0029423910799091;-0,7593514280115274;0,6478;0,9982303082989228;0,1162737837250457;0,578711859441033;0,9982303082989228
ToN-IoT;RANDOM_LINF;gaussian;10;15;1024;3;245,67112803459167;7,074624300003052;42,87711151650122;0,670615271624535;0,9960437892911338;0,570616908317551;0,7255679911569057;0,4828629529052423;0,0073;0,429383091682449;0,8378128985687232;0,9564201454838124;0,429383091682449;0,2418441564595228;0,8023255813953488;0,0085690334999534;0,0169569624919362;0,0083660394623394;0,0068;0,9914309665000466;0,5266008832934894;0,7775932452973393;0,9914309665000466
ToN-IoT;RANDOM_L2;gaussian;10;15;1024;3;245,67112803459167;7,064143419265747;43,01215380606032;0,670615271624535;0,9960437892911338;0,570616908317551;0,7255679911569057;0,4828629529052423;0,0073;0,429383091682449;0,8378128985687232;0,9564201454838124;0,429383091682449;0,2404937335639318;0,8007968127490039;0,0062404917880095;0,0123844731977818;0,0068602234903313;0,005;0,9937595082119904;0,5275177729827067;0,779929395348373;0,9937595082119904
ToN-IoT;C&W;gaussian;10;15;1024;3;245,67112803459167;90,66208934783936;0,0;0,670615271624535;0,9960437892911338;0,570616908317551;0,7255679911569057;0,4828629529052423;0,0073;0,429383091682449;0,8378128985687232;0,9564201454838124;0,429383091682449;0,670615271624535;0,9960437892911338;0,570616908317551;0,7255679911569057;0,4828629529052423;0,0073;0,429383091682449;0,8378128985687232;0,9564201454838124;0,429383091682449
ToN-IoT;FGSM;gaussian;10;15;2048;2;240,5137453079224;6,8153181076049805;58,46383472719088;0,6694306901371745;0,9952794357026588;0,5694992082958179;0,7244613835186319;0,480769105072215;0,0087;0,430500791704182;0,8362688006457822;0,9560572379850726;0,430500791704182;0,0847923428652657;0,0087222647283856;0,0017696917010773;0,0029423910799091;-0,7593514280115274;0,6478;0,9982303082989228;0,1207438774876587;0,5798709704036082;0,9982303082989228
ToN-IoT;RANDOM_LINF;gaussian;10;15;2048;2;240,5137453079224;6,981364965438843;42,70179345637186;0,6694306901371745;0,9952794357026588;0,5694992082958179;0,7244613835186319;0,480769105072215;0,0087;0,430500791704182;0,8362688006457822;0,9560572379850726;0,430500791704182;0,2424127555734559;0,8036649214659686;0,0095314974075568;0,0188395569328955;0,0091210503580925;0,0075;0,9904685025924432;0,5242443494054457;0,7791121127459883;0,9904685025924432
ToN-IoT;RANDOM_L2;gaussian;10;15;2048;2;240,5137453079224;7,01777458190918;42,82262076808263;0,6694306901371745;0,9952794357026588;0,5694992082958179;0,7244613835186319;0,480769105072215;0,0087;0,430500791704182;0,8362688006457822;0,9560572379850726;0,430500791704182;0,2412044824563481;0,7734138972809668;0,007948089043435;0,0157344806392132;0,0021599613613373;0,0075;0,992051910956565;0,5370011891086343;0,7834483333167638;0,992051910956565
ToN-IoT;C&W;gaussian;10;15;2048;2;240,5137453079224;89,30668902397156;0,0;0,6694306901371745;0,9952794357026588;0,5694992082958179;0,7244613835186319;0,480769105072215;0,0087;0,430500791704182;0,8362688006457822;0,9560572379850726;0,430500791704182;0,6694306901371745;0,9952794357026588;0,5694992082958179;0,7244613835186319;0,480769105072215;0,0087;0,430500791704182;0,8362688006457822;0,9560572379850726;0,430500791704182
ToN-IoT;FGSM;gaussian;10;15;2048;3;245,2366514205933;6,968907833099365;58,4662038901656;0,6694543817669217;0,9952259534530462;0,5695613027414698;0,7244974527072391;0,4807278126848288;0,0088;0,4304386972585302;0,8355759787636997;0,9558520906596248;0,4304386972585302;0,0847923428652657;0,0087222647283856;0,0017696917010773;0,0029423910799091;-0,7593514280115274;0,6478;0,9982303082989228;0,1201152969666863;0,5793256817039585;0,9982303082989228
ToN-IoT;RANDOM_LINF;gaussian;10;15;2048;3;245,2366514205933;7,100047588348389;42,79892913833543;0,6694543817669217;0,9952259534530462;0,5695613027414698;0,7244974527072391;0,4807278126848288;0,0088;0,4304386972585302;0,8355759787636997;0,9558520906596248;0,4304386972585302;0,2414650903835674;0,8018867924528302;0,0079170418206091;0,0156792818274049;0,0079512598903615;0,0063;0,9920829581793909;0,5246394486013226;0,778825746012606;0,9920829581793909
ToN-IoT;RANDOM_L2;gaussian;10;15;2048;3;245,2366514205933;7,118000030517578;42,89132649434955;0,6694543817669217;0,9952259534530462;0,5695613027414698;0,7244974527072391;0,4807278126848288;0,0088;0,4304386972585302;0,8355759787636997;0,9558520906596248;0,4304386972585302;0,2405411168234262;0,7931034482758621;0,006426775124965;0,0127502309824453;0,0055691392377211;0,0054;0,993573224875035;0,5246407634512094;0,7773687957495398;0,993573224875035
ToN-IoT;C&W;gaussian;10;15;2048;3;245,2366514205933;91,43306851387024;0,0;0,6694543817669217;0,9952259534530462;0,5695613027414698;0,7244974527072391;0,4807278126848288;0,0088;0,4304386972585302;0,8355759787636997;0,9558520906596248;0,4304386972585302;0,6694543817669217;0,9952259534530462;0,5695613027414698;0,7244974527072391;0,4807278126848288;0,0088;0,4304386972585302;0,8355759787636997;0,9558520906596248;0,4304386972585302
ToN-IoT;FGSM;gaussian;10;20;1024;2;182,89348006248477;47,18758511543274;58,74576512118268;0,6710891042194792;0,995511572571923;0,5715483250023285;0,7261789708289778;0,482688231568324;0,0083;0,4284516749976714;0,8372610978297992;0,9562421548542522;0,4284516749976714;0,0836314530076524;0,0329194340167484;0,0070787668043093;0,011651973936374;-0,7608438072299826;0,6698;0,9929212331956908;0,1675699261076096;0,5763152806373324;0,9929212331956908
ToN-IoT;RANDOM_LINF;gaussian;10;20;1024;2;182,89348006248477;6,42484974861145;37,565448127176666;0,6710891042194792;0,995511572571923;0,5715483250023285;0,7261789708289778;0,482688231568324;0,0083;0,4284516749976714;0,8372610978297992;0,9562421548542522;0,4284516749976714;0,2954346229477125;0,7915486307837583;0,1041013381353038;0,1840032926327342;0,0223597558471863;0,0883;0,8958986618646962;0,5225867599118258;0,7766095046240133;0,8958986618646962
ToN-IoT;RANDOM_L2;gaussian;10;20;1024;2;182,89348006248477;5,941141366958618;38,33779525693572;0,6710891042194792;0,995511572571923;0,5715483250023285;0,7261789708289778;0,482688231568324;0,0083;0,4284516749976714;0,8372610978297992;0,9562421548542522;0,4284516749976714;0,287711151650122;0,7803347280334728;0,0926449129125399;0,1656259539866234;0,0128058829833291;0,084;0,90735508708746;0,5177621006550964;0,773597777638517;0,90735508708746
ToN-IoT;C&W;gaussian;10;20;1024;2;182,89348006248477;67,05557084083557;0,0;0,6710891042194792;0,995511572571923;0,5715483250023285;0,7261789708289778;0,482688231568324;0,0083;0,4284516749976714;0,8372610978297992;0,9562421548542522;0,4284516749976714;0,6710891042194792;0,995511572571923;0,5715483250023285;0,7261789708289778;0,482688231568324;0,0083;0,4284516749976714;0,8372610978297992;0,9562421548542522;0,4284516749976714
ToN-IoT;FGSM;gaussian;10;20;1024;3;234,8988902568817;32,77804899215698;56,34343386481556;0,6708995711815016;0,9957241827235332;0,5711757583284175;0,725934694682845;0,4827578953088889;0,0079;0,4288242416715824;0,8406681082927133;0,9571124928653362;0,4288242416715824;0,1074652325333459;0,1649497179298504;0,04175851470086;0,0666451948566756;-0,6883508173170227;0,6809;0,95824148529914;0,1448922940792946;0,571676270667874;0,95824148529914
ToN-IoT;RANDOM_LINF;gaussian;10;20;1024;3;234,8988902568817;6,438830137252808;37,21718116989268;0,6708995711815016;0,9957241827235332;0,5711757583284175;0,725934694682845;0,4827578953088889;0,0079;0,4288242416715824;0,8406681082927133;0,9571124928653362;0,4288242416715824;0,2987277594825748;0,7921612541993281;0,1098140271352727;0,192888694988275;0,0235212852314727;0,0928;0,8901859728647272;0,520332003477289;0,7751241196079453;0,8901859728647272
ToN-IoT;RANDOM_L2;gaussian;10;20;1024;3;234,8988902568817;6,055851459503174;37,89239261768817;0,6708995711815016;0,9957241827235332;0,5711757583284175;0,725934694682845;0,4827578953088889;0,0079;0,4288242416715824;0,8406681082927133;0,9571124928653362;0,4288242416715824;0,2919756450046198;0,7952235772357723;0,097177807445124;0,1731913127680177;0,0242405189995766;0,0806;0,902822192554876;0,5234312924958862;0,7784416084325276;0,902822192554876
ToN-IoT;C&W;gaussian;10;20;1024;3;234,8988902568817;67,59463715553284;0,0;0,6708995711815016;0,9957241827235332;0,5711757583284175;0,725934694682845;0,4827578953088889;0,0079;0,4288242416715824;0,8406681082927133;0,9571124928653362;0,4288242416715824;0,6708995711815016;0,9957241827235332;0,5711757583284175;0,725934694682845;0,4827578953088889;0,0079;0,4288242416715824;0,8406681082927133;0,9571124928653362;0,4288242416715824
ToN-IoT;FGSM;gaussian;10;20;2048;2;184,69115090370175;52,27052688598633;58,53254045345779;0,6705205051055462;0,996096714734902;0,5704616722034214;0,7254565195933275;0,4828331553251965;0,0072;0,4295383277965786;0,8385485097333044;0,9566737395222308;0,4295383277965786;0,0851951005709682;0,011443393347574;0,0023285417119438;0,0038696695302221;-0,7579132561576836;0,6479;0,997671458288056;0,1671236346983762;0,5804179754904486;0,997671458288056
ToN-IoT;RANDOM_LINF;gaussian;10;20;2048;2;184,69115090370175;6,188987970352173;37,73365869838186;0,6705205051055462;0,996096714734902;0,5704616722034214;0,7254565195933275;0,4828331553251965;0,0072;0,4295383277965786;0,8385485097333044;0,9566737395222308;0,4295383277965786;0,2931839181217276;0,7875999031242431;0,100965568629886;0,1789861852606087;0,0189864417055124;0,0877;0,899034431370114;0,5158867148933527;0,7738311652470199;0,899034431370114
ToN-IoT;RANDOM_L2;gaussian;10;20;2048;2;184,69115090370175;6,17420506477356;38,23829041199744;0,6705205051055462;0,996096714734902;0,5704616722034214;0,7254565195933275;0,4828331553251965;0,0072;0,4295383277965786;0,8385485097333044;0,9566737395222308;0,4295383277965786;0,2881376009855718;0,7968149368478857;0,0900990406408146;0,1618922763660706;0,0243787098082627;0,074;0,9099009593591854;0,5226542022416095;0,7772693880971839;0,9099009593591854
ToN-IoT;C&W;gaussian;10;20;2048;2;184,69115090370175;68,00604915618896;0,0;0,6705205051055462;0,996096714734902;0,5704616722034214;0,7254565195933275;0,4828331553251965;0,0072;0,4295383277965786;0,8385485097333044;0,9566737395222308;0,4295383277965786;0,6705205051055462;0,996096714734902;0,5704616722034214;0,7254565195933275;0,4828331553251965;0,0072;0,4295383277965786;0,8385485097333044;0,9566737395222308;0,4295383277965786
ToN-IoT;FGSM;gaussian;10;20;2048;3;235,3075656890869;40,0740647315979;56,27235897557393;0,6704731218460518;0,995237064299632;0,5708963333229843;0,7255795600276216;0,4817470640688097;0,0088;0,4291036666770157;0,8368310099661586;0,9561406704508506;0,4291036666770157;0,1077495320903124;0,1369206180074587;0,0319165450650439;0,051766246191807;-0,685007047200285;0,648;0,968083454934956;0,1705187121611971;0,5757972176270894;0,968083454934956
ToN-IoT;RANDOM_LINF;gaussian;10;20;2048;3;235,3075656890869;6,577442407608032;37,57729394205028;0,6704731218460518;0,995237064299632;0,5708963333229843;0,7255795600276216;0,4817470640688097;0,0088;0,4291036666770157;0,8368310099661586;0,9561406704508506;0,4291036666770157;0,2947001824255491;0,782749826107118;0,1048154242602999;0,1848748699414051;0,0156037236285396;0,0937;0,8951845757397001;0,5150111630289671;0,772662651345206;0,8951845757397001
ToN-IoT;RANDOM_L2;gaussian;10;20;2048;3;235,3075656890869;6,085754871368408;37,681537112938;0,6704731218460518;0,995237064299632;0,5708963333229843;0,7255795600276216;0,4817470640688097;0,0088;0,4291036666770157;0,8368310099661586;0,9561406704508506;0,4291036666770157;0,2936577507166718;0,8018653894630703;0,0987612158092458;0,1758624502432552;0,0293767630497945;0,0786;0,901238784190754;0,5235514887143345;0,7790636720013517;0,901238784190754
ToN-IoT;C&W;gaussian;10;20;2048;3;235,3075656890869;68,24390602111816;0,0;0,6704731218460518;0,995237064299632;0,5708963333229843;0,7255795600276216;0,4817470640688097;0,0088;0,4291036666770157;0,8368310099661586;0,9561406704508506;0,4291036666770157;0,6704731218460518;0,995237064299632;0,5708963333229843;0,7255795600276216;0,4817470640688097;0,0088;0,4291036666770157;0,8368310099661586;0,9561406704508506;0,4291036666770157
ToN-IoT;HSJA;gaussian;1;5;1024;2;70,6504123210907;5,88230299949646;40,43924281551328;0,6665166196782677;0,9944914098718298;0,5661150610077929;0,7215099715099715;0,4769491997434717;0,0101;0,4338849389922071;0,834049186562762;0,9554940809145712;0,4338849389922071;0,2621241915231349;0,8459037711313394;0,0403924368965196;0,0771031499096216;0,0378780637545475;0,0237;0,9596075631034804;0,2124221133844577;0,5283617009868533;0,9596075631034804
ToN-IoT;BPDA;gaussian;1;5;1024;2;70,6504123210907;1,937828540802002;58,21033428889574;0,6665166196782677;0,9944914098718298;0,5661150610077929;0,7215099715099715;0,4769491997434717;0,0101;0,4338849389922071;0,834049186562762;0,9554940809145712;0,4338849389922071;0,0844132767893103;0,0041596056077645;0,0008382750162997;0,0013953488372093;-0,7608990170150705;0,6464;0,9991617249837004;0,1468201806948368;0,5865117799271916;0,9991617249837004
ToN-IoT;HSJA;gaussian;1;5;1024;3;71,49679613113403;5,428514003753662;39,86590537563079;0,6656874126371153;0,9941568370467452;0,5652146915458413;0,7206904059697947;0,4757317053076394;0,0107;0,4347853084541588;0,833675632587165;0,9553891147816556;0,4347853084541588;0,2670283588808074;0,8429573664328116;0,0484957620540842;0,0917151077447008;0,0402535050177069;0,0291;0,9515042379459158;0,2211518954329535;0,5519371835954066;0,9515042379459158
ToN-IoT;BPDA;gaussian;1;5;1024;3;71,49679613113403;1,9448106288909912;58,13215191072993;0,6656874126371153;0,9941568370467452;0,5652146915458413;0,7206904059697947;0,4757317053076394;0,0107;0,4347853084541588;0,833675632587165;0,9553891147816556;0,4347853084541588;0,0843658935298159;0,0038526737555863;0,0007761805706479;0,0012920564370251;-0,7610681600499082;0,6464;0,999223819429352;0,1554206541649849;0,5895508465508635;0,999223819429352
ToN-IoT;HSJA;gaussian;1;5;2048;2;70,6884298324585;6,182501792907715;40,60982254969319;0,6652372716719183;0,9942588441139484;0,564562699866497;0,7201869380965583;0,4754140003640194;0,0105;0,435437300133503;0,8317998696016641;0,9549275270088609;0,435437300133503;0,2591390461749864;0,8243430152143845;0,0370082896084945;0,0708364284653097;0,0271356131526525;0,0254;0,9629917103915054;0,2088869539569685;0,5166263708061043;0,9629917103915054
ToN-IoT;BPDA;gaussian;1;5;2048;2;70,6884298324585;1,96176552772522;58,08713781421023;0,6652372716719183;0,9942588441139484;0,564562699866497;0,7201869380965583;0,4754140003640194;0,0105;0,435437300133503;0,8317998696016641;0,9549275270088609;0,435437300133503;0,0843658935298159;0,0038526737555863;0,0007761805706479;0,0012920564370251;-0,7610681600499082;0,6464;0,999223819429352;0,1409914946133068;0,5856269022155375;0,999223819429352
ToN-IoT;HSJA;gaussian;1;5;2048;3;71,58856272697449;8,824491262435913;40,59560757184487;0,6685304082067806;0,994302148903842;0,5688782638392996;0,7237000612200565;0,4786994918614609;0,0105;0,4311217361607004;0,832718039988823;0,955175550274994;0,4311217361607004;0,2625743324883319;0,839924670433145;0,0415411841410785;0,0791669132004023;0,0357905672654004;0,0255;0,9584588158589216;0,2245729376882238;0,5564003247304359;0,9584588158589216
ToN-IoT;BPDA;gaussian;1;5;2048;3;71,58856272697449;1,96076774597168;58,41645146769646;0,6685304082067806;0,994302148903842;0,5688782638392996;0,7237000612200565;0,4786994918614609;0,0105;0,4311217361607004;0,832718039988823;0,955175550274994;0,4311217361607004;0,0843658935298159;0,0038526737555863;0,0007761805706479;0,0012920564370251;-0,7610681600499082;0,6464;0,999223819429352;0,1532879769629606;0,5881396509548956;0,999223819429352
ToN-IoT;HSJA;gaussian;1;10;1024;2;39,37697291374207;2,0744636058807373;42,976616361439504;0,6662797033807956;0,9944344409887051;0,5658356360023596;0,7212680069653317;0,4766478906527665;0,0102;0,4341643639976404;0,8336828759042504;0,9554042731977178;0,4341643639976404;0,2365135397664005;0,4022988505747126;0,0010866527989071;0,0021674510775328;-0,0385629164678601;0,0052;0,9989133472010928;0,1778849219162345;0,386339026660869;0,9989133472010928
ToN-IoT;BPDA;gaussian;1;10;1024;2;39,37697291374207;3,372510433197021;55,933568670188826;0,6662797033807956;0,9944344409887051;0,5658356360023596;0,7212680069653317;0,4766478906527665;0,0102;0,4341643639976404;0,8336828759042504;0,9554042731977178;0,4341643639976404;0,1069440166789073;0,1399317406143344;0,0330963395324288;0,0535315238406106;-0,6877796703184625;0,6552;0,9669036604675711;0,1732706510602626;0,4682087529979213;0,9669036604675711
ToN-IoT;HSJA;gaussian;1;10;1024;3;39,74395537376404;2,043054819107056;43,2348551256841;0,6683408751688029;0,994729406650728;0,5683815082740848;0,7234109813684231;0,4790299997808545;0,0097;0,4316184917259151;0,8332433558943153;0,9553043313734108;0,4316184917259151;0,2359923239119619;0,1020408163265306;0,0001552361141295;0,0003100006200012;-0,0530021903274191;0,0044;0,9998447638858704;0,1773197848427458;0,3837404745551938;0,9998447638858704
ToN-IoT;BPDA;gaussian;1;10;1024;3;39,74395537376404;2,982041597366333;58,39512900092399;0,6683408751688029;0,994729406650728;0,5683815082740848;0,7234109813684231;0,4790299997808545;0,0097;0,4316184917259151;0,8332433558943153;0,9553043313734108;0,4316184917259151;0,0843895851595631;0,0038532675709001;0,0007761805706479;0,0012920898260847;-0,7609982674407397;0,6463;0,999223819429352;0,1773817038715887;0,4297857922799329;0,999223819429352
ToN-IoT;HSJA;gaussian;1;10;2048;2;39,50115084648132;2,078453540802002;43,042952924731686;0,6666113861972565;0,994924411941276;0,5659908721164891;0,7215229953296921;0,477565248265266;0,0093;0,4340091278835108;0,8334086994318358;0,955349843054639;0,4340091278835108;0,2361818569499396;0,2075471698113207;0,0003415194510851;0,0006819168061496;-0,0463273334308802;0,0042;0,9996584805489148;0,1776069607873576;0,384769144279338;0,9996584805489148
ToN-IoT;BPDA;gaussian;1;10;2048;2;39,50115084648132;2,63197660446167;57,81942239806676;0,6666113861972565;0,994924411941276;0,5659908721164891;0,7215229953296921;0,477565248265266;0,0093;0,4340091278835108;0,8334086994318358;0,955349843054639;0,4340091278835108;0,0884171622165888;0,0295706994896427;0,0061163028967058;0,0101360911733683;-0,746835746009363;0,6465;0,9938836971032942;0,1735377254804558;0,4278769058191076;0,9938836971032942
ToN-IoT;HSJA;gaussian;1;10;2048;3;39,88909411430359;2,076458692550659;43,45518728233315;0,6704731218460518;0,9949156209433144;0,5710826166599398;0,7256445154545634;0,4813579411558829;0,0094;0,4289173833400602;0,8336293939582105;0,9554006227896452;0,4289173833400602;0,2359212490227202;0,0434782608695652;6,209444565183644e-05;0,0001240117811192;-0,0559015751024549;0,0044;0,999937905554348;0,1772689822720357;0,3835484404371138;0,999937905554348
ToN-IoT;BPDA;gaussian;1;10;2048;3;39,88909411430359;2,216087102890014;58,61309199459831;0,6704731218460518;0,9949156209433144;0,5710826166599398;0,7256445154545634;0,4813579411558829;0,0094;0,4289173833400602;0,8336293939582105;0,9554006227896452;0,4289173833400602;0,0843422019000687;0,0038520801232665;0,0007761805706479;0,0012920230496912;-0,7611380501544819;0,6465;0,999223819429352;0,171853736533267;0,4248298621860968;0,999223819429352
ToN-IoT;HSJA;gaussian;1;15;1024;2;29,07745313644409;1,465090274810791;42,87711151650122;0,6667061527162453;0,9950335643726465;0,566052966562141;0,7216021530911105;0,4777900897442196;0,0091;0,433947033437859;0,8332791300568163;0,9553091313956692;0,433947033437859;0,2379350375512331;0,6524822695035462;0,0028563444999844;0,0056877897990726;-0,015059509269904;0,0049;0,9971436555000156;0,1790912213977459;0,3922642992522002;0,9971436555000156
ToN-IoT;BPDA;gaussian;1;15;1024;2;29,07745313644409;1,861033916473389;54,59972991542088;0,6667061527162453;0,9950335643726465;0,566052966562141;0,7216021530911105;0,4777900897442196;0,0091;0,433947033437859;0,8332791300568163;0,9553091313956692;0,433947033437859;0,1207088535620365;0,0026363820726019;0,0004036138967369;0,0007000538502961;-0,6504692573435855;0,4918;0,9995963861032632;0,2194389394268682;0,382928208082086;0,9995963861032632
ToN-IoT;HSJA;gaussian;1;15;1024;3;29,356875896453857;1,4860353469848633;43,457556445307866;0,6707337297732711;0,9951327672921962;0,5712999472197212;0,7258777120315582;0,4818783690552921;0,009;0,4287000527802788;0,834308570585861;0,9555838958900502;0,4287000527802788;0,2361581653201923;0,1363636363636363;0,0001862833369555;0,0003720584131708;-0,0476146206264137;0,0038;0,9998137166630444;0,1773710407029091;0,3839324374058253;0,9998137166630444
ToN-IoT;BPDA;gaussian;1;15;1024;3;29,356875896453857;1,0781235694885254;54,26804709895994;0,6707337297732711;0,9951327672921962;0,5712999472197212;0,7258777120315582;0,4818783690552921;0,009;0,4287000527802788;0,834308570585861;0,9555838958900502;0,4287000527802788;0,1280532587836717;0,0028132438866046;0,0004036138967369;0,0007059462394786;-0,6269428203993078;0,4608;0,9995963861032632;0,2601558834487255;0,3828779940658153;0,9995963861032632
ToN-IoT;HSJA;gaussian;1;15;2048;2;29,12081551551819;1,4551169872283936;42,99793882821199;0,6681750337605724;0,9952658214071938;0,5678537054860443;0,7231249752896058;0,4795150862006053;0,0087;0,4321462945139557;0,8333126688192742;0,9552818270828278;0,4321462945139557;0,2381956454784524;0,6928571428571428;0,003011580614114;0,0059970941914742;-0,0095279782958868;0,0043;0,996988419385886;0,1791471514173056;0,3923551837617534;0,996988419385886
ToN-IoT;BPDA;gaussian;1;15;2048;2;29,12081551551819;1,8390929698944087;53,79658366699045;0,6681750337605724;0,9952658214071938;0,5678537054860443;0,7231249752896058;0,4795150862006053;0,0087;0,4321462945139557;0,8333126688192742;0,9552818270828278;0,4321462945139557;0,1302091970906678;0,0276845637583892;0,0040982334130212;0,0071395732482353;-0,6172114340285428;0,4636;0,9959017665869788;0,2258775466484523;0,4124014491696751;0,9959017665869788
ToN-IoT;HSJA;gaussian;1;15;2048;3;29,3267719745636;1,472071647644043;43,22774763675993;0,6681987253903195;0,994566398608998;0,5682883666056071;0,7232924347499654;0,4786929085212091;0,01;0,4317116333943929;0,8353169812785246;0,955774550348102;0,4317116333943929;0,2359212490227202;0,0434782608695652;6,209444565183644e-05;0,0001240117811192;-0,0559015751024549;0,0044;0,999937905554348;0,1772705222142879;0,3835485949353842;0,999937905554348
ToN-IoT;BPDA;gaussian;1;15;2048;3;29,3267719745636;1,8390936851501465;52,69729204671989;0,6681987253903195;0,994566398608998;0,5682883666056071;0,7232924347499654;0,4786929085212091;0,01;0,4317116333943929;0,8353169812785246;0,955774550348102;0,4317116333943929;0,1412258049231206;0,0034423407917383;0,0004346611195628;0,0007718601830411;-0,5833919086111591;0,4053;0,9995653388804372;0,2504448647893446;0,3831295631562769;0,9995653388804372
ToN-IoT;HSJA;gaussian;1;20;1024;2;23,679855585098267;1,138960599899292;42,41986306238007;0,668246108649814;0,9948358338769298;0,5681952249371294;0,7232882126272108;0,4790654201641757;0,0095;0,4318047750628706;0,8372114191685553;0,9563257576028648;0,4318047750628706;0,2440474780260134;0,8278867102396514;0,0117979446738489;0,0232643565568752;0,0159804759040423;0,0079;0,9882020553261512;0,1851321167996522;0,4188058914388631;0,9882020553261512
ToN-IoT;BPDA;gaussian;1;20;1024;2;23,679855585098267;0,599400520324707;45,51872823331517;0,668246108649814;0,9948358338769298;0,5681952249371294;0,7232882126272108;0,4790654201641757;0,0095;0,4318047750628706;0,8372114191685553;0,9563257576028648;0,4318047750628706;0,2130588263166623;0,0500446827524575;0,0017386444782514;0,0033605376860297;-0,2767430426990798;0,1063;0,9982613555217486;0,4468542146604986;0,4087756876618747;0,9982613555217486
ToN-IoT;HSJA;gaussian;1;20;1024;3;24,07878160476685;1,152923583984375;43,132981117771095;0,6673932099789145;0,9947718113495262;0,5671085721382222;0,7223903027426786;0,4781490560185741;0,0096;0,4328914278617777;0,8363108199571548;0,9560834926230114;0,4328914278617777;0,2360633988012035;0,108695652173913;0,0001552361141295;0,000310029452798;-0,0508352502987062;0,0041;0,9998447638858704;0,1772885327082492;0,3840378233488585;0,9998447638858704
ToN-IoT;BPDA;gaussian;1;20;1024;3;24,07878160476685;0,626328706741333;45,36473263995831;0,6673932099789145;0,9947718113495262;0,5671085721382222;0,7223903027426786;0,4781490560185741;0,0096;0,4328914278617777;0,8363108199571548;0,9560834926230114;0,4328914278617777;0,2137458835793314;0,0020366598778004;6,209444565183644e-05;0,0001205145973306;-0,2762439799091003;0,098;0,999937905554348;0,4510317550995063;0,3825675559166705;0,999937905554348
ToN-IoT;HSJA;gaussian;1;20;2048;2;23,80450940132141;1,1429493427276611;43,237224288658815;0,6691700822099552;0,9957072216486442;0,5689093110621255;0,7240970520825101;0,4810288921623551;0,0079;0,4310906889378745;0,8345829566270297;0,9556157807459772;0,4310906889378745;0,236797839323367;0,4468085106382978;0,0006519916793442;0,0013020833333333;-0,0248353278428116;0,0026;0,9993480083206556;0,1776442640255828;0,3851163424330152;0,9993480083206556
ToN-IoT;BPDA;gaussian;1;20;2048;2;23,80450940132141;0,6742007732391357;46,61801985358572;0,6691700822099552;0,9957072216486442;0,5689093110621255;0,7240970520825101;0,4810288921623551;0,0079;0,4310906889378745;0,8345829566270297;0,9556157807459772;0,4310906889378745;0,2029898836740979;0,0048409405255878;0,0002173305597814;0,0004159857376318;-0,3358735409062445;0,1439;0,9997826694402184;0,427559306405042;0,3839527236234489;0,9997826694402184
ToN-IoT;HSJA;gaussian;1;20;2048;3;24,16902756690979;1,1379637718200684;43,21590182188633;0,6683882584282973;0,9955915968215956;0,567946847154522;0,7232864796473123;0,4801184808972699;0,0081;0,4320531528454779;0,8360823853581297;0,956055850415622;0,4320531528454779;0,236229240209434;0,0606060606060606;6,209444565183644e-05;0,0001240617827678;-0,046213964286696;0,0031;0,999937905554348;0,1772691235368996;0,3835484516713604;0,999937905554348
ToN-IoT;BPDA;gaussian;1;20;2048;3;24,16902756690979;1,5568451881408691;44,91696083773603;0,6683882584282973;0,9955915968215956;0,567946847154522;0,7232864796473123;0,4801184808972699;0,0081;0,4320531528454779;0,8360823853581297;0,956055850415622;0,4320531528454779;0,219218650050937;0,0013351134846461;3,104722282591822e-05;6,068329388919231e-05;-0,2407988235945442;0,0748;0,999968952777174;0,4390433248470924;0,3827328060515435;0,999968952777174
ToN-IoT;HSJA;gaussian;2;5;1024;2;140,8955798149109;7,962259292602539;43,0097846430856;0,6658532540453458;0,994105125266088;0,5654630693284486;0,720878685929151;0,4758317189236937;0,0108;0,4345369306715514;0,8317830621875874;0,9549043611295206;0,4345369306715514;0,2357554076144898;0,0377358490566037;6,209444565183644e-05;0,0001239848738453;-0,0604882485348298;0,0051;0,999937905554348;0,2206539585209103;0,6080750217605286;0,999937905554348
ToN-IoT;BPDA;gaussian;2;5;1024;2;140,8955798149109;3,937998771667481;58,14873605155299;0,6658532540453458;0,994105125266088;0,5654630693284486;0,720878685929151;0,4758317189236937;0,0108;0,4345369306715514;0,8317830621875874;0,9549043611295206;0,4345369306715514;0,0843658935298159;0,0038526737555863;0,0007761805706479;0,0012920564370251;-0,7610681600499082;0,6464;0,999223819429352;0,100797638858704;0,5744459914176656;0,999223819429352
ToN-IoT;HSJA;gaussian;2;5;1024;3;143,0080132484436;8,028574466705322;43,00267715416144;0,6657111042668625;0,9939413787457017;0,5653699276599709;0,7207599445873738;0,4754944524168055;0,0111;0,4346300723400292;0,8317794560526561;0,9549264656832752;0,4346300723400292;0,2356843327252481;0,0357142857142857;6,209444565183644e-05;0,0001239733457306;-0,0623521234525091;0,0054;0,999937905554348;0,2266301313297525;0,609344622402388;0,999937905554348
ToN-IoT;BPDA;gaussian;2;5;1024;3;143,0080132484436;3,9853646755218506;58,13452107370466;0,6657111042668625;0,9939413787457017;0,5653699276599709;0,7207599445873738;0,4754944524168055;0,0111;0,4346300723400292;0,8317794560526561;0,9549264656832752;0,4346300723400292;0,0843658935298159;0,0038526737555863;0,0007761805706479;0,0012920564370251;-0,7610681600499082;0,6464;0,999223819429352;0,0977569809680524;0,5740031715602154;0,999223819429352
ToN-IoT;HSJA;gaussian;2;5;2048;2;140,45033383369446;7,934334754943848;43,00030799118672;0,6657111042668625;0,9939953054206015;0,5653388804371449;0,7207488917036099;0,4755596566999475;0,011;0,4346611195628551;0,831731883945481;0,9549137146578228;0,4346611195628551;0,2357080243549953;0,0363636363636363;6,209444565183644e-05;0,0001239771881973;-0,0617370030960254;0,0053;0,999937905554348;0,2163451100624049;0,6066137543271115;0,999937905554348
ToN-IoT;BPDA;gaussian;2;5;2048;2;140,45033383369446;3,857705593109131;58,13452107370466;0,6657111042668625;0,9939953054206015;0,5653388804371449;0,7207488917036099;0,4755596566999475;0,011;0,4346611195628551;0,831731883945481;0,9549137146578228;0,4346611195628551;0,0843658935298159;0,0038526737555863;0,0007761805706479;0,0012920564370251;-0,7610681600499082;0,6464;0,999223819429352;0,1065966732900742;0,5759396461915757;0,999223819429352
ToN-IoT;HSJA;gaussian;2;5;2048;3;139,61457347869873;8,023588180541992;43,01452296903504;0,6659480205643347;0,9941603449216831;0,5655562109969263;0,7209688909997626;0,4759913579125905;0,0107;0,4344437890030737;0,8319894486013226;0,9549875549487362;0,4344437890030737;0,2358027908739842;0,0392156862745098;6,209444565183644e-05;0,0001239925604463;-0,0592135254304897;0,0049;0,999937905554348;0,2151556568039989;0,6061429921855401;0,999937905554348
ToN-IoT;BPDA;gaussian;2;5;2048;3;139,61457347869873;3,848729372024536;58,15821270345187;0,6659480205643347;0,9941603449216831;0,5655562109969263;0,7209688909997626;0,4759913579125905;0,0107;0,4344437890030737;0,8319894486013226;0,9549875549487362;0,4344437890030737;0,0843658935298159;0,0038526737555863;0,0007761805706479;0,0012920564370251;-0,7610681600499082;0,6464;0,999223819429352;0,0914608044335434;0,5721074876110399;0,999223819429352
ToN-IoT;HSJA;gaussian;2;10;1024;2;72,39086842536926;4,951295375823975;40,484256912032976;0,6662086284915539;0,994379570009822;0,5657735415567078;0,7212031265459582;0,4765118635822487;0,0103;0,4342264584432923;0,8321287792231985;0,9549922483733873;0,4342264584432923;0,2613660593712241;0,9479166666666666;0,0339035673259026;0,0654656634992955;0,0728162826451754;0,006;0,9660964326740972;0,2303963177993729;0,650910709021437;0,9660964326740972
ToN-IoT;BPDA;gaussian;2;10;1024;2;72,39086842536926;1,9837067127227783;58,1842734961738;0,6662086284915539;0,994379570009822;0,5657735415567078;0,7212031265459582;0,4765118635822487;0,0103;0,4342264584432923;0,8321287792231985;0,9549922483733873;0,4342264584432923;0,0843658935298159;0,0038526737555863;0,0007761805706479;0,0012920564370251;-0,7610681600499082;0,6464;0,999223819429352;0,1326582321711323;0,583732850757028;0,999223819429352
ToN-IoT;HSJA;gaussian;2;10;1024;3;73,42911219596863;5,024101734161377;41,01258025539576;0,6662560117510483;0,9943801833260584;0,5658356360023596;0,7212537348873103;0,4765590827640882;0,0103;0,4341643639976404;0,8318600546431122;0,9549468473773552;0,4341643639976404;0,2561302091970907;0,9393282773564464;0,026917942190071;0,0523361101050344;0,0619771563873647;0,0056;0,9730820578099288;0,2217923499642957;0,6388776487095967;0,9730820578099288
ToN-IoT;BPDA;gaussian;2;10;1024;3;73,42911219596863;2,011631965637207;58,189011822123234;0,6662560117510483;0,9943801833260584;0,5658356360023596;0,7212537348873103;0,4765590827640882;0,0103;0,4341643639976404;0,8318600546431122;0,9549468473773552;0,4341643639976404;0,0843658935298159;0,0038526737555863;0,0007761805706479;0,0012920564370251;-0,7610681600499082;0,6464;0,999223819429352;0,1364958489863081;0,5837721297584721;0,999223819429352
ToN-IoT;HSJA;gaussian;2;10;2048;2;72,59385561943054;4,869007110595703;41,10260844843518;0,665876945675093;0,9946994535519126;0,5651525971001894;0,7207824348135976;0,4765729314852853;0,0097;0,4348474028998106;0,8339144400633363;0,9554507766598332;0,4348474028998106;0,2548508611907413;0,9355581127733028;0,0252413921574715;0,0491565390894249;0,0588119748878765;0,0056;0,9747586078425284;0,2134463519513179;0,6350099700363081;0,9747586078425284
ToN-IoT;BPDA;gaussian;2;10;2048;2;72,59385561943054;1,9777214527130127;58,15110521452771;0,665876945675093;0,9946994535519126;0,5651525971001894;0,7207824348135976;0,4765729314852853;0,0097;0,4348474028998106;0,8339144400633363;0,9554507766598332;0,4348474028998106;0,0843658935298159;0,0038526737555863;0,0007761805706479;0,0012920564370251;-0,7610681600499082;0,6464;0,999223819429352;0,152400077618057;0,5884450229898984;0,999223819429352
ToN-IoT;HSJA;gaussian;2;10;2048;3;73,27967357635498;4,294559717178345;40,74249567627757;0,6665166196782677;0,993898785204554;0,5664565804588779;0,7216311355456235;0,4762325553777599;0,0112;0,433543419541122;0,8324758343941134;0,9550901827855486;0,433543419541122;0,2590916629154919;0,9223826714801444;0,0317302617280884;0,0613500615301497;0,0615138760558228;0,0086;0,9682697382719117;0,2344626144866342;0,651329182315093;0,9682697382719117
ToN-IoT;BPDA;gaussian;2;10;2048;3;73,27967357635498;2,013639450073242;58,21507261484518;0,6665166196782677;0,993898785204554;0,5664565804588779;0,7216311355456235;0,4762325553777599;0,0112;0,433543419541122;0,8324758343941134;0,9550901827855486;0,433543419541122;0,0843658935298159;0,0038526737555863;0,0007761805706479;0,0012920564370251;-0,7610681600499082;0,6464;0,999223819429352;0,1298982520413548;0,5831128385367726;0,999223819429352
ToN-IoT;HSJA;gaussian;2;15;1024;2;51,88172936439514;7,506544351577759;34,563718638205124;0,6675116681276505;0,9944501877142392;0,5674500915893074;0,7225824306159564;0,4778766484852182;0,0102;0,4325499084106927;0,8335765903939892;0,955345784508804;0,4325499084106927;0,3218744817455993;0,924680246328754;0,1212083579123847;0,2143229667041805;0,1267039418952797;0,0318;0,8787916420876153;0,2995684591263311;0,6961635786026492;0,8787916420876153
ToN-IoT;BPDA;gaussian;2;15;1024;2;51,88172936439514;4,622223138809204;57,146580113246;0,6675116681276505;0,9944501877142392;0,5674500915893074;0,7225824306159564;0,4778766484852182;0,0102;0,4325499084106927;0,8335765903939892;0,955345784508804;0,4325499084106927;0,0960458669951906;0,0846605196982397;0,0188146170325064;0,0307872075596311;-0,7210456532611867;0,6552;0,9811853829674936;0,1588795507466857;0,5818916824314493;0,9811853829674936
ToN-IoT;HSJA;gaussian;2;15;1024;3;52,25845432281494;8,691901922225952;36,83574593096259;0,6708048046625127;0,9943316778233644;0,5718587972305877;0,726115151873534;0,480977845908956;0,0105;0,4281412027694122;0,8332979307025987;0,9552815117164692;0,4281412027694122;0,3024473453528868;0,8902370203160271;0,0979539880157719;0,1764886862640897;0,0905382276067483;0,0389;0,902046011984228;0,2750541944798038;0,6752868176393393;0,902046011984228
ToN-IoT;BPDA;gaussian;2;15;1024;3;52,25845432281494;1,9418306350708008;58,63915278732024;0,6708048046625127;0,9943316778233644;0,5718587972305877;0,726115151873534;0,480977845908956;0,0105;0,4281412027694122;0,8332979307025987;0,9552815117164692;0,4281412027694122;0,0844132767893103;0,0041596056077645;0,0008382750162997;0,0013953488372093;-0,7608990170150705;0,6464;0,9991617249837004;0,1364390527492316;0,5763925619054874;0,9991617249837004
ToN-IoT;HSJA;gaussian;2;15;2048;2;51,465545415878296;4,623218774795532;40,22364898481367;0,6660901703428179;0,9947020590966192;0,5654320221056226;0,7210103329506314;0,4767852155653927;0,0097;0,4345679778943773;0,8322522400571268;0,955039893264347;0,4345679778943773;0,2638536804946812;0,8235628912919749;0,0449253314291036;0,0852028499087322;0,0296441007787889;0,031;0,9550746685708964;0,2145810937936601;0,5880013385190568;0,9550746685708964
ToN-IoT;BPDA;gaussian;2;15;2048;2;51,465545415878296;5,332802295684815;58,1724276813002;0,6660901703428179;0,9947020590966192;0,5654320221056226;0,7210103329506314;0,4767852155653927;0,0097;0,4345679778943773;0,8322522400571268;0,955039893264347;0,4345679778943773;0,0843658935298159;0,0038526737555863;0,0007761805706479;0,0012920564370251;-0,7610681600499082;0,6464;0,999223819429352;0,1426338647582973;0,575180079810903;0,999223819429352
ToN-IoT;HSJA;gaussian;2;15;2048;3;52,38342356681824;5,678880214691162;35,445047264801346;0,6673932099789145;0,994556341861731;0,5672327610295259;0,7224342118270428;0,4778885965297227;0,01;0,4327672389704741;0,8324581887050203;0,9550950905024896;0,4327672389704741;0,312942737330901;0,8962706841195357;0,1126703716352572;0,2001765127695956;0,1020347076428401;0,042;0,8873296283647428;0,2696245862957558;0,6736132146782134;0,8873296283647428
ToN-IoT;BPDA;gaussian;2;15;2048;3;52,38342356681824;2,738708257675171;58,30036248193513;0,6673932099789145;0,994556341861731;0,5672327610295259;0,7224342118270428;0,4778885965297227;0,01;0,4327672389704741;0,8324581887050203;0,9550950905024896;0,4327672389704741;0,0843895851595631;0,0040061633281972;0,0008072277934738;0,0013437039716788;-0,7609835800472029;0,6464;0,999192772206526;0,1629414340712223;0,5881945331244531;0,999192772206526
ToN-IoT;HSJA;gaussian;2;20;1024;2;40,97898268699646;5,634019374847412;42,37721812883508;0,6662797033807956;0,9949745998798274;0,5655251637741004;0,7211576530208251;0,4773001967036276;0,0092;0,4344748362258996;0,8332004144804247;0,9552689157675728;0,4344748362258996;0,2425075220924447;0,7906403940886699;0,0099661585271197;0,0196841943890847;0,0063870866703076;0,0085;0,9900338414728802;0,1924939287155763;0,4742085754695999;0,9900338414728802
ToN-IoT;BPDA;gaussian;2;20;1024;2;40,97898268699646;5,71478533744812;58,117936932881605;0,6662797033807956;0,9949745998798274;0,5655251637741004;0,7211576530208251;0,4773001967036276;0,0092;0,4344748362258996;0,8332004144804247;0,9552689157675728;0,4344748362258996;0,0851003340519794;0,008438171218165;0,0017075972554255;0,0028403955896403;-0,7584680079280591;0,6463;0,9982924027445744;0,1574427737588872;0,5170295219844241;0,9982924027445744
ToN-IoT;HSJA;gaussian;2;20;1024;3;41,45569634437561;6,411929368972778;42,79892913833543;0,6674405932384089;0,9944492816717456;0,5673569499208296;0,7225066719383216;0,4778056988621936;0,0102;0,4326430500791704;0,8347692818777359;0,9556527165790568;0,4326430500791704;0,2394513018550546;0,7488372093023256;0,0049986028749728;0,0099309153713298;-0,0023974525826487;0,0054;0,9950013971250272;0,1892093716042099;0,4452375463343679;0,9950013971250272
ToN-IoT;BPDA;gaussian;2;20;1024;3;41,45569634437561;9,479422569274902;58,11319860693217;0,6674405932384089;0,9944492816717456;0,5673569499208296;0,7225066719383216;0,4778056988621936;0,0102;0,4326430500791704;0,8347692818777359;0,9556527165790568;0,4326430500791704;0,0863086071690871;0,0267976775346136;0,0055885001086652;0,0092483173200431;-0,75333030332343;0,6537;0,9944114998913348;0,1603855056040237;0,5176229193358405;0,9944114998913348
ToN-IoT;HSJA;gaussian;2;20;2048;2;40,613900661468506;2,369201183319092;42,82498993105735;0,6661375536023123;0,994216814883518;0,5657735415567078;0,7211603150104872;0,4762454441950632;0,0106;0,4342264584432923;0,832092738054581;0,9549983387589526;0,4342264584432923;0,2378876542917387;0,6030150753768844;0,0037256667391101;0,0074055788694149;-0,0259103249735899;0,0079;0,9962743332608898;0,1791819522493713;0,4081318456896913;0,9962743332608898
ToN-IoT;BPDA;gaussian;2;20;2048;2;40,613900661468506;6,6802167892456055;58,1274135847805;0,6661375536023123;0,994216814883518;0,5657735415567078;0,7211603150104872;0,4762454441950632;0,0106;0,4342264584432923;0,832092738054581;0,9549983387589526;0,4342264584432923;0,0848634177545073;0,0069145666871542;0,0013971250271663;0,0023245602706821;-0,7593097404550969;0,6463;0,9986028749728336;0,1581625508398274;0,5260725726131922;0,9986028749728336
ToN-IoT;HSJA;gaussian;2;20;2048;3;41,474170446395874;3,5665032863616943;42,46250799592504;0,6665640029377621;0,994330262225372;0,5662702971219225;0,7215936065833202;0,4768009232699181;0,0104;0,4337297028780775;0,8351425455617996;0,9557231929989276;0,4337297028780775;0,2419389229785117;0,75;0,0098730168586419;0,0194894738454938;-0,0030997011818714;0,0106;0,990126983141358;0,1820432084200068;0,427790840224697;0,990126983141358
ToN-IoT;BPDA;gaussian;2;20;2048;3;41,474170446395874;3,9774093627929688;57,99710962117084;0,6665640029377621;0,994330262225372;0,5662702971219225;0,7215936065833202;0,4768009232699181;0,0104;0,4337297028780775;0,8351425455617996;0,9557231929989276;0,4337297028780775;0,0865929067260536;0,0302087960906263;0,0063336334564873;0,0104717416970381;-0,7522285276988044;0,6549;0,9936663665435128;0,1459009360737682;0,4827834246586133;0,9936663665435128
ToN-IoT;HSJA;gaussian;4;5;1024;2;275,7555854320526;16,284143924713135;43,28697671112796;0,668909474282736;0,9944679466319556;0,5692818777360366;0,7240705273757577;0,4792734865818838;0,0102;0,4307181222639635;0,8321195675121861;0,9550103619553312;0,4307181222639635;0,2360397071714563;0,0697674418604651;9,314166847775466e-05;0,0001860349745752;-0,0520715918024541;0,004;0,9999068583315224;0,2105208125058213;0,6053345867660869;0,9999068583315224
ToN-IoT;BPDA;gaussian;4;5;1024;2;275,7555854320526;7,8755340576171875;58,454358075292;0,668909474282736;0,9944679466319556;0,5692818777360366;0,7240705273757577;0,4792734865818838;0,0102;0,4307181222639635;0,8321195675121861;0,9550103619553312;0,4307181222639635;0,0843658935298159;0,0038526737555863;0,0007761805706479;0,0012920564370251;-0,7610681600499082;0,6464;0,999223819429352;0,086102395293241;0,5709030855596396;0,999223819429352
ToN-IoT;HSJA;gaussian;4;5;1024;3;279,98419523239136;16,407602310180664;43,21827098486104;0,6679855007225947;0,9940266087428726;0,5683194138284331;0,723174778761062;0,4778297680618242;0,011;0,4316805861715669;0,8320356468688874;0,9549705070655636;0,4316805861715669;0,2358027908739842;0,0392156862745098;6,209444565183644e-05;0,0001239925604463;-0,0592135254304897;0,0049;0,999937905554348;0,2188832034524511;0,6076054268548777;0,999937905554348
ToN-IoT;BPDA;gaussian;4;5;1024;3;279,98419523239136;7,982532024383545;58,361960719277874;0,6679855007225947;0,9940266087428726;0,5683194138284331;0,723174778761062;0,4778297680618242;0,011;0,4316805861715669;0,8320356468688874;0,9549705070655636;0,4316805861715669;0,0843658935298159;0,0038526737555863;0,0007761805706479;0,0012920564370251;-0,7610681600499082;0,6464;0,999223819429352;0,0866653807941879;0,571004106107899;0,999223819429352
ToN-IoT;HSJA;gaussian;4;5;2048;2;275,5607075691223;16,009394884109497;43,21827098486105;0,6678907342036059;0,9938107389109072;0,5683194138284331;0,7231176424113139;0,4774751052162668;0,0114;0,4316805861715669;0,8319689481200906;0,9549699966728064;0,4316805861715669;0,2357080243549953;0,0363636363636363;6,209444565183644e-05;0,0001239771881973;-0,0617370030960254;0,0053;0,999937905554348;0,2130291626564003;0,6058625913801098;0,999937905554348
ToN-IoT;BPDA;gaussian;4;5;2048;2;275,5607075691223;7,956823110580444;58,352484067379;0,6678907342036059;0,9938107389109072;0,5683194138284331;0,7231176424113139;0,4774751052162668;0,0114;0,4316805861715669;0,8319689481200906;0,9549699966728064;0,4316805861715669;0,0843658935298159;0,0038526737555863;0,0007761805706479;0,0012920564370251;-0,7610681600499082;0,6464;0,999223819429352;0,0809348101462324;0,5694589045065046;0,999223819429352
ToN-IoT;HSJA;gaussian;4;5;2048;3;280,3430588245392;16,59211492538452;43,21827098486105;0,6679618090928475;0,9939189922901508;0,568350461051259;0,7231714302644834;0,4776761217174817;0,0112;0,431649538948741;0,832894506193921;0,9552204377626956;0,431649538948741;0,235779099244237;0,0384615384615384;6,209444565183644e-05;0,0001239887170267;-0,0598542342580827;0,005;0,999937905554348;0,2199708016392933;0,6076595019334274;0,999937905554348
ToN-IoT;BPDA;gaussian;4;5;2048;3;280,3430588245392;8,054053783416748;58,35959155630316;0,6679618090928475;0,9939189922901508;0,568350461051259;0,7231714302644834;0,4776761217174817;0,0112;0,431649538948741;0,832894506193921;0,9552204377626956;0,431649538948741;0,0843658935298159;0,0038526737555863;0,0007761805706479;0,0012920564370251;-0,7610681600499082;0,6464;0,999223819429352;0,0867828774566115;0,571038421261493;0,999223819429352
ToN-IoT;HSJA;gaussian;4;10;1024;2;143,66947031021118;8,424086093902588;42,96713970954061;0,6682224170200668;0,9942981265272876;0,5684746499425627;0,7233723135271808;0,4783915488156823;0,0105;0,4315253500574373;0,8328126424291347;0,955175679487054;0,4315253500574373;0,2385510199246606;0,7254901960784313;0,0034462417336769;0,0068598974105432;-0,005332870175799;0,0042;0,9965537582663232;0,2106205423949827;0,6100536050545484;0,9965537582663232
ToN-IoT;BPDA;gaussian;4;10;1024;2;143,66947031021118;4,245217800140381;58,38565234902509;0,6682224170200668;0,9942981265272876;0,5684746499425627;0,7233723135271808;0,4783915488156823;0,0105;0,4315253500574373;0,8328126424291347;0,955175679487054;0,4315253500574373;0,0843658935298159;0,0038526737555863;0,0007761805706479;0,0012920564370251;-0,7610681600499082;0,6464;0,999223819429352;0,1150418547610916;0,5785590528063383;0,999223819429352
ToN-IoT;HSJA;gaussian;4;10;1024;3;147,86672854423523;8,360235214233398;42,96950887251534;0,6680802672415835;0,9943499755527788;0,5682573193827812;0,7232100521574206;0,47831447590164;0,0104;0,4317426806172187;0,8326497190226334;0,9551368020874396;0,4317426806172187;0,2383851785164301;0,7123287671232876;0,0032289111738954;0,0064286818111574;-0,007032682769808;0,0042;0,9967710888261044;0,1945968983824396;0,6050042065655843;0,9967710888261044
ToN-IoT;BPDA;gaussian;4;10;1024;3;147,86672854423523;4,10805606842041;58,37143737117676;0,6680802672415835;0,9943499755527788;0,5682573193827812;0,7232100521574206;0,47831447590164;0,0104;0,4317426806172187;0,8326497190226334;0,9551368020874396;0,4317426806172187;0,0843658935298159;0,0038526737555863;0,0007761805706479;0,0012920564370251;-0,7610681600499082;0,6464;0,999223819429352;0,1076138486137415;0,576506793967702;0,999223819429352
ToN-IoT;HSJA;gaussian;4;10;2048;2;143,92268061637878;8,271982669830322;42,5264753962425;0,6685777914662749;0,9947322689258172;0,568691980502344;0,7236631570629951;0,4792667213508311;0,0097;0,4313080194976559;0,8326955105715794;0,955143062387768;0,4313080194976559;0,2433130375038499;0,8994082840236687;0,0094383557390791;0,0186806771745475;0,0288066196937251;0,0034;0,9905616442609207;0,21151222794871;0,6172559567079139;0,9905616442609207
ToN-IoT;BPDA;gaussian;4;10;2048;2;143,92268061637878;3,8886406421661377;58,4211897936459;0,6685777914662749;0,9947322689258172;0,568691980502344;0,7236631570629951;0,4792667213508311;0,0097;0,4313080194976559;0,8326955105715794;0,955143062387768;0,4313080194976559;0,0843658935298159;0,0038526737555863;0,0007761805706479;0,0012920564370251;-0,7610681600499082;0,6464;0,999223819429352;0,1323576112266757;0,5829258830312815;0,999223819429352
ToN-IoT;HSJA;gaussian;4;10;2048;3;142,06421613693237;8,181710481643677;42,70179345637186;0,6681513421308252;0,9939752496743378;0,5685677916110404;0,7233622341160902;0,4779306256653948;0,0111;0,4314322083889596;0,8323097690086622;0,9550391799043696;0,4314322083889596;0,2411334075671065;0,822463768115942;0,0070477195814834;0,013975681083577;0,011330098601306;0,0049;0,9929522804185166;0,1945755518643857;0,6086631903505899;0,9929522804185166
ToN-IoT;BPDA;gaussian;4;10;2048;3;142,06421613693237;4,011820554733276;58,37854486010093;0,6681513421308252;0,9939752496743378;0,5685677916110404;0,7233622341160902;0,4779306256653948;0,0111;0,4314322083889596;0,8323097690086622;0,9550391799043696;0,4314322083889596;0,0843658935298159;0,0038526737555863;0,0007761805706479;0,0012920564370251;-0,7610681600499082;0,6464;0,999223819429352;0,1114005371169548;0,5776559163833345;0,999223819429352
ToN-IoT;HSJA;gaussian;4;15;1024;2;96,89097666740416;16,347476482391357;38,02980407022199;0,6684593333175389;0,9950535413382616;0,568350461051259;0,723471525115599;0,4795385551179268;0,0091;0,431649538948741;0,8339869803471079;0,9554627225577416;0,431649538948741;0,288161292615319;0,9373230893651436;0,0719674625104784;0,1336716452338388;0,1022310358357799;0,0155;0,9280325374895216;0,2463731798565618;0,6824807635526071;0,9280325374895216
ToN-IoT;BPDA;gaussian;4;15;1024;2;96,89097666740416;4,279623508453369;58,4093439787723;0,6684593333175389;0,9950535413382616;0,568350461051259;0,723471525115599;0,4795385551179268;0,0091;0,431649538948741;0,8339869803471079;0,9554627225577416;0,431649538948741;0,0843658935298159;0,0038526737555863;0,0007761805706479;0,0012920564370251;-0,7610681600499082;0,6464;0,999223819429352;0,1521741066161631;0,5880966392208242;0,999223819429352
ToN-IoT;HSJA;gaussian;4;15;1024;3;98,02044367790222;13,138503313064575;34,956999692008814;0,6692648487289441;0,9949552481692432;0,569468161072992;0,7243503672695679;0,4802134737227129;0,0093;0,4305318389270079;0,8336991943245676;0,955398720602012;0,4305318389270079;0,3196948518088559;0,925682261208577;0,1179483995156633;0,2092363616335747;0,1255006072109402;0,0305;0,8820516004843367;0,2776559424384489;0,7040787192289153;0,8820516004843367
ToN-IoT;BPDA;gaussian;4;15;1024;3;98,02044367790222;6,5605199337005615;58,485157193963374;0,6692648487289441;0,9949552481692432;0,569468161072992;0,7243503672695679;0,4802134737227129;0,0093;0,4305318389270079;0,8336991943245676;0,955398720602012;0,4305318389270079;0,0844132767893103;0,0043123363622362;0,0008693222391257;0,0014469536458064;-0,7608843827400886;0,6465;0,9991306777608744;0,1339409574963519;0,5822064395919803;0,9991306777608744
ToN-IoT;HSJA;gaussian;4;15;2048;2;96,5917534828186;11,26201343536377;37,8284252173707;0,6688147077637471;0,9951651455888744;0,5687540749479959;0,7238279629373531;0,4800235664430461;0,0089;0,4312459250520041;0,833220072029557;0,955272913762297;0,4312459250520041;0,29053045559004;0,9377176015473888;0,0752584681300257;0,1393343679944818;0,1049049809383372;0,0161;0,9247415318699742;0,2478964590642367;0,6830075107975402;0,9247415318699742
ToN-IoT;BPDA;gaussian;4;15;2048;2;96,5917534828186;2,6703929901123047;58,402236489848136;0,6688147077637471;0,9951651455888744;0,5687540749479959;0,7238279629373531;0,4800235664430461;0,0089;0,4312459250520041;0,833220072029557;0,955272913762297;0,4312459250520041;0,0847923428652657;0,0066082680190564;0,0013350305815144;0,0022213038537038;-0,7595483112024825;0,6464;0,9986649694184856;0,1376514933714179;0,5837798540306711;0,9986649694184856
ToN-IoT;HSJA;gaussian;4;15;2048;3;98,19645738601685;18,41246581077576;33,31280058755242;0,6690990073207136;0,9950070552480192;0,5692197832903847;0,7241631282709589;0,4801126385384227;0,0092;0,4307802167096153;0,8348308981961563;0,9556629617685852;0,4307802167096153;0,3359710014451894;0,9341640706126688;0,1396504082709801;0,2429775280898876;0,1443822489644249;0,0317;0,8603495917290198;0,3133554130832996;0,7336648459140431;0,8603495917290198
ToN-IoT;BPDA;gaussian;4;15;2048;3;98,19645738601685;2,700811624526977;58,473311379089765;0,6690990073207136;0,9950070552480192;0,5692197832903847;0,7241631282709589;0,4801126385384227;0,0092;0,4307802167096153;0,8348308981961563;0,9556629617685852;0,4307802167096153;0,0843658935298159;0,0038526737555863;0,0007761805706479;0,0012920564370251;-0,7610681600499082;0,6464;0,999223819429352;0,1462225263125213;0,5858594239244419;0,999223819429352
ToN-IoT;HSJA;gaussian;4;20;1024;2;74,95480608940125;9,502206563949583;41,946030467435854;0,6690042408017247;0,9950059711214853;0,569095594399081;0,7240623333530841;0,4800179143702678;0,0092;0,4309044056009189;0,8337101384706138;0,9554031476430018;0,4309044056009189;0,2495439361273662;0,847457627118644;0,0201806948368468;0,039422610383309;0,0269961617554262;0,0117;0,9798193051631532;0,1962365844950169;0,495666577239628;0,9798193051631532
ToN-IoT;BPDA;gaussian;4;20;1024;2;74,95480608940125;7,66110348701477;58,46383472719088;0,6690042408017247;0,9950059711214853;0,569095594399081;0,7240623333530841;0,4800179143702678;0,0092;0,4309044056009189;0,8337101384706138;0,9554031476430018;0,4309044056009189;0,0843658935298159;0,0038526737555863;0,0007761805706479;0,0012920564370251;-0,7610681600499082;0,6464;0,999223819429352;0,1383756124064702;0,5322786159463573;0,999223819429352
ToN-IoT;HSJA;gaussian;4;20;1024;3;76,10980415344238;6,7784645557403564;41,37743135350281;0,6696202231751522;0,994905701278994;0,5699649166382067;0,7247389510668957;0,4805040057317452;0,0094;0,4300350833617933;0,835894462727809;0,9559428843180456;0,4300350833617933;0,2558459096401241;0,838272650296359;0,030736750597659;0,059299191374663;0,0300023466725897;0,0191;0,969263249402341;0,1962997950883293;0,5112333622269886;0,969263249402341
ToN-IoT;BPDA;gaussian;4;20;1024;3;76,10980415344238;11,809594631195068;58,487526356938105;0,6696202231751522;0,994905701278994;0,5699649166382067;0,7247389510668957;0,4805040057317452;0,0094;0,4300350833617933;0,835894462727809;0,9559428843180456;0,4300350833617933;0,0847449596057712;0,0064545873674504;0,0013039833586885;0,0021696456245479;-0,7597026161198227;0,6465;0,9986960166413116;0,1604126269055233;0,5597244457690814;0,9986960166413116
ToN-IoT;HSJA;gaussian;4;20;2048;2;75,12339305877686;7,366373777389526;41,931815489587535;0,6696912980643939;0,9949601690781986;0,5700270110838586;0,7248036003316095;0,4806400418006593;0,0093;0,4299729889161414;0,8339974417088392;0,9554849719486924;0,4299729889161414;0,2503731431685185;0,7964509394572025;0,0236890310161756;0,0460095878433382;0,0119592020011116;0,0195;0,9763109689838244;0,1922919416933155;0,4942942164891686;0,9763109689838244
ToN-IoT;BPDA;gaussian;4;20;2048;2;75,12339305877686;11,919247150421144;58,307469970859295;0,6696912980643939;0,9949601690781986;0,5700270110838586;0,7248036003316095;0,4806400418006593;0,0093;0,4299729889161414;0,8339974417088392;0,9554849719486924;0,4299729889161414;0,0866165983558008;0,0303523837725792;0,0063646806793132;0,0105228036855478;-0,7521474379321993;0,6549;0,9936353193206868;0,1269611444006333;0,5212043862835665;0,9936353193206868
ToN-IoT;HSJA;gaussian;4;20;2048;3;76,05542778968811;5,990612030029297;42,52884455921723;0,6699755976213604;0,9950706895617788;0,5703374833121178;0,7250838760607855;0,4810543630239263;0,0091;0,4296625166878822;0,8344894734391008;0,955567563444158;0,4296625166878822;0,2446871520291881;0,7484848484848485;0,0153373280760036;0,0300587179409169;-0,0043273984876396;0,0166;0,9846626719239964;0,1809549691080132;0,4614417347579285;0,9846626719239964
ToN-IoT;BPDA;gaussian;4;20;2048;3;76,05542778968811;14,818575859069824;58,56097040915444;0,6699755976213604;0,9950706895617788;0,5703374833121178;0,7250838760607855;0,4810543630239263;0,0091;0,4296625166878822;0,8344894734391008;0,955567563444158;0,4296625166878822;0,0843658935298159;0,0038526737555863;0,0007761805706479;0,0012920564370251;-0,7610681600499082;0,6464;0,999223819429352;0,1379066736005464;0,538845308380108;0,999223819429352
ToN-IoT;HSJA;gaussian;8;5;1024;2;565,9009828567505;33,99743914604187;43,19221019213912;0,667677509535881;0,9938613646240764;0,5680089416001739;0,7228796649347057;0,4773269028049352;0,0113;0,4319910583998261;0,8326345089881709;0,9551360366080074;0,4319910583998261;0,2357554076144898;0,0196078431372549;3,104722282591822e-05;6,199628022318661e-05;-0,0608174773832977;0,005;0,999968952777174;0,206225193268962;0,6042877604199743;0,999968952777174
ToN-IoT;BPDA;gaussian;8;5;1024;2;565,9009828567505;16,36840558052063;58,33116160060651;0,667677509535881;0,9938613646240764;0,5680089416001739;0,7228796649347057;0,4773269028049352;0,0113;0,4319910583998261;0,8326345089881709;0,9551360366080074;0,4319910583998261;0,0843658935298159;0,0038526737555863;0,0007761805706479;0,0012920564370251;-0,7610681600499082;0,6464;0,999223819429352;0,0826730370393368;0,5700686893261214;0,999223819429352
ToN-IoT;HSJA;gaussian;8;5;1024;3;576,5246505737305;34,42380666732788;43,21590182188633;0,6682934919093084;0,9947288338224106;0,5683194138284331;0,7233605342712058;0,4789826653089303;0,0097;0,4316805861715669;0,8323154304697445;0,9550529206697792;0,4316805861715669;0,2361344736904451;0,054054054054054;6,209444565183644e-05;0,0001240463933511;-0,04939347727904;0,0035;0,999937905554348;0,2121577214443168;0,6059105824564429;0,999937905554348
ToN-IoT;BPDA;gaussian;8;5;1024;3;576,5246505737305;16,78975486755371;58,39275983794925;0,6682934919093084;0,9947288338224106;0,5683194138284331;0,7233605342712058;0,4789826653089303;0,0097;0,4316805861715669;0,8323154304697445;0,9550529206697792;0,4316805861715669;0,0843658935298159;0,0038526737555863;0,0007761805706479;0,0012920564370251;-0,7610681600499082;0,6464;0,999223819429352;0,0862374103511441;0,5709681492918436;0,999223819429352
ToN-IoT;HSJA;gaussian;8;5;2048;2;566,4844624996185;33,122687578201294;43,16141107346775;0,6675827430168921;0,9943973020017406;0,567574280480611;0,7226691439527207;0,4778825365044665;0,0103;0,432425719519389;0,8325237588872675;0,955106347827842;0,432425719519389;0,2359686322822146;0,0238095238095238;3,104722282591822e-05;6,201358097423335e-05;-0,0548731982029041;0,0041;0,999968952777174;0,2144963845509019;0,6062945932350516;0,999968952777174
ToN-IoT;BPDA;gaussian;8;5;2048;2;566,4844624996185;16,45018219947815;58,32168494870762;0,6675827430168921;0,9943973020017406;0,567574280480611;0,7226691439527207;0,4778825365044665;0,0103;0,432425719519389;0,8325237588872675;0,955106347827842;0,432425719519389;0,0843658935298159;0,0038526737555863;0,0007761805706479;0,0012920564370251;-0,7610681600499082;0,6464;0,999223819429352;0,0897818420317302;0,5716634620988053;0,999223819429352
ToN-IoT;HSJA;gaussian;8;5;2048;3;582,3145747184753;34,82198643684387;43,16614939941719;0,6677248927953754;0,9946681175190424;0,567605327703437;0,7227658186562296;0,478349821803865;0,0098;0,4323946722965631;0,8328516501598933;0,9551906392223948;0,4323946722965631;0,2360633988012035;0,05;6,209444565183644e-05;0,0001240348537939;-0,0516523752858942;0,0038;0,999937905554348;0,2126819910583998;0,6056431418977508;0,999937905554348
ToN-IoT;BPDA;gaussian;8;5;2048;3;582,3145747184753;16,73341655731201;58,335899926555946;0,6677248927953754;0,9946681175190424;0,567605327703437;0,7227658186562296;0,478349821803865;0,0098;0,4323946722965631;0,8328516501598933;0,9551906392223948;0,4323946722965631;0,0843658935298159;0,0038526737555863;0,0007761805706479;0,0012920564370251;-0,7610681600499082;0,6464;0,999223819429352;0,0774499270390263;0,5686847695891558;0,999223819429352
ToN-IoT;HSJA;gaussian;8;10;1024;2;281,10935711860657;16,53893756866455;43,18984102916439;0,6680802672415835;0,9942425723752104;0,5683194138284331;0,7232319241406558;0,4781844660602091;0,0106;0,4316805861715669;0,8329548511285666;0,9551656419386096;0,4316805861715669;0,2361818569499396;0,2181818181818181;0,000372566673911;0,0007438631291842;-0,046291014776108;0,0043;0,9996274333260888;0,2133302974323946;0,6068317903498331;0,9996274333260888
ToN-IoT;BPDA;gaussian;8;10;1024;2;281,10935711860657;8,006161451339722;58,37143737117676;0,6680802672415835;0,9942425723752104;0,5683194138284331;0,7232319241406558;0,4781844660602091;0,0106;0,4316805861715669;0,8329548511285666;0,9551656419386096;0,4316805861715669;0,0843658935298159;0,0038526737555863;0,0007761805706479;0,0012920564370251;-0,7610681600499082;0,6464;0,999223819429352;0,1089339066720481;0,5766893631534725;0,999223819429352
ToN-IoT;HSJA;gaussian;8;10;1024;3;287,8039221763611;16,31052589416504;43,19694851808856;0,6686251747257694;0,9951630434782608;0,5685056971653886;0,7236262324882926;0,4798342663218278;0,0089;0,4314943028346114;0,8335986416840014;0,9553705520257988;0,4314943028346114;0,2366556895448837;0,3513513513513513;0,0004036138967369;0,0008063015567822;-0,0286827110497547;0,0024;0,9995963861032632;0,2063810829271321;0,6049702846623324;0,9995963861032632
ToN-IoT;BPDA;gaussian;8;10;1024;3;287,8039221763611;8,10139775276184;58,42592811959535;0,6686251747257694;0,9951630434782608;0,5685056971653886;0,7236262324882926;0,4798342663218278;0,0089;0,4314943028346114;0,8335986416840014;0,9553705520257988;0,4314943028346114;0,0843658935298159;0,0038526737555863;0,0007761805706479;0,0012920564370251;-0,7610681600499082;0,6464;0,999223819429352;0,1000418345803967;0,5744305407158202;0,999223819429352
ToN-IoT;HSJA;gaussian;8;10;2048;2;282,2467951774597;16,317524909973145;43,23959345163354;0,6684119500580445;0,9946765169210712;0,5685056971653886;0,7234975700343751;0,4790359900163992;0,0098;0,4314943028346114;0,8334235710515695;0,9553248179156064;0,4314943028346114;0,2360160155417091;0,0476190476190476;6,209444565183644e-05;0,0001240271619484;-0,0531059178666941;0,004;0,999937905554348;0,1883775683815082;0,5997662514644757;0,999937905554348
ToN-IoT;BPDA;gaussian;8;10;2048;2;282,2467951774597;8,019635200500488;58,40460565282286;0,6684119500580445;0,9946765169210712;0,5685056971653886;0,7234975700343751;0,4790359900163992;0,0098;0,4314943028346114;0,8334235710515695;0,9553248179156064;0,4314943028346114;0,0843658935298159;0,0038526737555863;0,0007761805706479;0,0012920564370251;-0,7610681600499082;0,6464;0,999223819429352;0,0980938992207147;0,5738729409941209;0,999223819429352
ToN-IoT;HSJA;gaussian;8;10;2048;3;287,8978111743927;16,652617692947388;43,20879433296216;0,6688620910232415;0,9954886400695728;0,5686298860566922;0,7238129112573359;0,48046115699118;0,0083;0,4313701139433077;0,8358048200813437;0,9558765473595892;0,4313701139433077;0,2367741476936198;0,4166666666666667;0,0004657083423887;0,000930376802605;-0,0238039860007242;0,0021;0,9995342916576112;0,1944108711850724;0,6016778291472165;0,9995342916576112
ToN-IoT;BPDA;gaussian;8;10;2048;3;287,8978111743927;8,210106611251831;58,44961974934255;0,6688620910232415;0,9954886400695728;0,5686298860566922;0,7238129112573359;0,48046115699118;0,0083;0,4313701139433077;0,8358048200813437;0,9558765473595892;0,4313701139433077;0,0843658935298159;0,0038526737555863;0,0007761805706479;0,0012920564370251;-0,7610681600499082;0,6464;0,999223819429352;0,1094237433636561;0,5769519325105865;0,999223819429352
ToN-IoT;HSJA;gaussian;8;15;1024;2;190,92104721069336;14,88982343673706;38,04401904807032;0,6685304082067806;0,9953774200565586;0,5682573193827812;0,7234816293456133;0,4799999141733738;0,0085;0,4317426806172187;0,8353202086373375;0,9557965101992856;0,4317426806172187;0,2880902177260774;0,9787234042553192;0,0685522679996274;0,1281299869432758;0,1205146974726872;0,0048;0,9314477320003726;0,2425351237231829;0,6848171222157134;0,9314477320003726
ToN-IoT;BPDA;gaussian;8;15;1024;2;190,92104721069336;5,472914218902588;58,41645146769646;0,6685304082067806;0,9953774200565586;0,5682573193827812;0,7234816293456133;0,4799999141733738;0,0085;0,4317426806172187;0,8353202086373375;0,9557965101992856;0,4317426806172187;0,0843658935298159;0,0038526737555863;0,0007761805706479;0,0012920564370251;-0,7610681600499082;0,6464;0,999223819429352;0,1560379692011549;0,5892772280538613;0,999223819429352
ToN-IoT;HSJA;gaussian;8;15;1024;3;194,738404750824;21,48572063446045;37,49200407496032;0,6690990073207136;0,9953834455789702;0,5690024527306032;0,7240868414294462;0,4805676691232325;0,0085;0,4309975472693967;0,8386459188425595;0,9565903867853426;0,4309975472693967;0,2941789665711104;0,9786138613861386;0,0767176876028439;0,1422813381700927;0,1278637573272343;0,0054;0,923282312397156;0,2790007001148747;0,7083364334194096;0,923282312397156
ToN-IoT;BPDA;gaussian;8;15;1024;3;194,738404750824;5,414560794830322;58,473311379089765;0,6690990073207136;0,9953834455789702;0,5690024527306032;0,7240868414294462;0,4805676691232325;0,0085;0,4309975472693967;0,8386459188425595;0,9565903867853426;0,4309975472693967;0,0843658935298159;0,0038526737555863;0,0007761805706479;0,0012920564370251;-0,7610681600499082;0,6464;0,999223819429352;0,1495145844329224;0,5881307063733282;0,999223819429352
ToN-IoT;HSJA;gaussian;8;15;2048;2;191,59275007247925;17,93368124961853;38,80215119998105;0,6688857826529887;0,9950046153010804;0,5689403582849514;0,7239363173073124;0,4798995276878203;0,0092;0,4310596417150485;0,8348160902232296;0,9556706805420496;0,4310596417150485;0,2808642706531782;0,9763739085772984;0,0590207705920705;0,1113128000936877;0,1103119748896489;0,0046;0,9409792294079294;0,2486756465584153;0,6859018885145265;0,9409792294079294
ToN-IoT;BPDA;gaussian;8;15;2048;2;191,59275007247925;5,327785968780518;58,45198891231728;0,6688857826529887;0,9950046153010804;0,5689403582849514;0,7239363173073124;0,4798995276878203;0,0092;0,4310596417150485;0,8348160902232296;0,9556706805420496;0,4310596417150485;0,0843658935298159;0,0038526737555863;0,0007761805706479;0,0012920564370251;-0,7610681600499082;0,6464;0,999223819429352;0,1253526141761619;0,5816314717329245;0,999223819429352
ToN-IoT;HSJA;gaussian;8;15;2048;3;195,19214606285092;15,425879001617432;38,06534151484281;0,669596531545405;0,9951200997668492;0,5698096805240771;0,724670299297165;0,4807400373318274;0,009;0,4301903194759229;0,8357365053245988;0,955854408679807;0,4301903194759229;0,2889431163969769;0,9815789473684212;0,0694836846844049;0,1297805097277392;0,1227952701427197;0,0042;0,930516315315595;0,2612734033965662;0,6936436756140978;0,930516315315595
ToN-IoT;BPDA;gaussian;8;15;2048;3;195,19214606285092;5,45146107673645;58,523063801558905;0,669596531545405;0,9951200997668492;0,5698096805240771;0,724670299297165;0,4807400373318274;0,009;0,4301903194759229;0,8357365053245988;0,955854408679807;0,4301903194759229;0,0843658935298159;0,0038526737555863;0,0007761805706479;0,0012920564370251;-0,7610681600499082;0,6464;0,999223819429352;0,1373705454997051;0,5845172318335939;0,999223819429352
ToN-IoT;HSJA;gaussian;8;20;1024;2;145,7873921394348;14,847489356994627;38,92297851169182;0,6718235447416427;0,99567964573095;0,5724176472414543;0,7269250482987029;0,4836186378543568;0,008;0,4275823527585457;0,8402436586047377;0,9569899152475028;0,4275823527585457;0,2825937596247246;0,8834526650755767;0,0689558818963643;0,1279267344411485;0,0712435732183306;0,0293;0,9310441181036356;0,2158697693191344;0,6171369041949613;0,9310441181036356
ToN-IoT;BPDA;gaussian;8;20;1024;2;145,7873921394348;10,746408462524414;58,69601269871354;0,6718235447416427;0,99567964573095;0,5724176472414543;0,7269250482987029;0,4836186378543568;0,008;0,4275823527585457;0,8402436586047377;0,9569899152475028;0,4275823527585457;0,0848634177545073;0,0070660522273425;0,0014281722499922;0,0023760944239262;-0,7592955351842671;0,6464;0,9985718277500076;0,1318499006488869;0,5614206574813839;0,9985718277500076
ToN-IoT;HSJA;gaussian;8;20;1024;3;148,34303998947144;19,73837423324585;39,89433533132745;0,6700703641403493;0,9952863412255512;0,5703374833121178;0,7251411202778983;0,4814088356146434;0,0087;0,4296625166878822;0,8363299760936383;0,95601541236553;0,4296625166878822;0,2711270108270748;0,8620862587763289;0,0533701760377534;0,1005174984650469;0,0518479263036177;0,0275;0,9466298239622466;0,2148856530783321;0,6042701170731151;0,9466298239622466
ToN-IoT;BPDA;gaussian;8;20;1024;3;148,34303998947144;28,16668200492859;58,4993721718117;0,6700703641403493;0,9952863412255512;0,5703374833121178;0,7251411202778983;0,4814088356146434;0,0087;0,4296625166878822;0,8363299760936383;0,95601541236553;0,4296625166878822;0,0850766424222322;0,0085876399325256;0,0017386444782514;0,0028918151303898;-0,7585241546532182;0,6465;0,9982613555217486;0,1363544350957806;0,5668683881948479;0,9982613555217486
ToN-IoT;HSJA;gaussian;8;20;2048;2;145,75150275230408;12,12156867980957;41,19026747849985;0,6715629368144235;0,995569962182604;0,572138222236021;0,7266704785188982;0,4832278228587663;0,0082;0,427861777763979;0,8392537815517401;0,9567432491885518;0,427861777763979;0,259660262029425;0,8287671232876712;0,037567139619361;0,0718762065995426;0,0292408609222742;0,025;0,9624328603806388;0,192087958334627;0,5626793708014992;0,9624328603806388
ToN-IoT;BPDA;gaussian;8;20;2048;2;145,75150275230408;21,910974740982056;58,35959155630316;0,6715629368144235;0,995569962182604;0,572138222236021;0,7266704785188982;0,4832278228587663;0,0082;0,427861777763979;0,8392537815517401;0,9567432491885518;0,427861777763979;0,0879670212513918;0,0340892248406699;0,0071408612499611;0,0118081938597391;-0,7478498712486957;0,6517;0,9928591387500388;0,1550936182433481;0,5612518141729912;0,9928591387500388
ToN-IoT;HSJA;gaussian;8;20;2048;3;149,3697829246521;19,950148820877075;40,16915823639509;0,6712075623682153;0,995245042416383;0,5718587972305877;0,7263585456266267;0,482482826419281;0,0088;0,4281412027694122;0,8387417693812289;0,9566147143019818;0,4281412027694122;0,2695159800042644;0,8759562841530054;0,0497686981899469;0,0941860806721701;0,0565135600030929;0,0227;0,9502313018100532;0,2019839889471886;0,5873701140495488;0,9502313018100532
ToN-IoT;BPDA;gaussian;8;20;2048;3;149,3697829246521;14,54204559326172;58,54675543130612;0,6712075623682153;0,995245042416383;0,5718587972305877;0,7263585456266267;0,482482826419281;0,0088;0,4281412027694122;0,8387417693812289;0,9566147143019818;0,4281412027694122;0,0857400080551541;0,0128263857077416;0,0026079667173771;0,0043345889880798;-0,7561770768046743;0,6465;0,9973920332826228;0,1462331537768946;0,5481641687936906;0,9973920332826228
ToN-IoT;HSJA;gaussian;10;5;1024;2;717,4820337295532;43,44912433624268;43,26328508138074;0,6687910161339998;0,9945737696022572;0,5690645471762551;0,7239227457640507;0,479284918140021;0,01;0,4309354528237449;0,8338202753888665;0,955437162257702;0,4309354528237449;0,2361581653201923;0,1;0,0001241888913036;0,0002480697075878;-0,0480306142568042;0,0036;0,9998758111086964;0,2150561240647024;0,6062542813730462;0,9998758111086964
ToN-IoT;BPDA;gaussian;10;5;1024;2;717,4820337295532;20,747169971466064;58,44251226041839;0,6687910161339998;0,9945737696022572;0,5690645471762551;0,7239227457640507;0,479284918140021;0,01;0,4309354528237449;0,8338202753888665;0,955437162257702;0,4309354528237449;0,0843658935298159;0,0038526737555863;0,0007761805706479;0,0012920564370251;-0,7610681600499082;0,6464;0,999223819429352;0,0792413812909435;0,5691281423058452;0,999223819429352
ToN-IoT;HSJA;gaussian;10;5;1024;3;733,2358849048615;44,03709602355957;43,20405600701272;0,6680091923523419;0,9944027823062712;0,5681331304914775;0,7231234316650531;0,4783084744750639;0,0103;0,4318668695085225;0,8342857679530566;0,9555715238401664;0,4318668695085225;0,2359686322822146;0,0454545454545454;6,209444565183644e-05;0,0001240194710569;-0,0545213755060222;0,0042;0,999937905554348;0,2147240367599118;0,6064887508961234;0,999937905554348
ToN-IoT;BPDA;gaussian;10;5;1024;3;733,2358849048615;20,947787284851078;58,3643298822526;0,6680091923523419;0,9944027823062712;0,5681331304914775;0,7231234316650531;0,4783084744750639;0,0103;0,4318668695085225;0,8342857679530566;0,9555715238401664;0,4318668695085225;0,0843658935298159;0,0038526737555863;0,0007761805706479;0,0012920564370251;-0,7610681600499082;0,6464;0,999223819429352;0,0852705656803999;0,570720516271667;0,999223819429352
ToN-IoT;HSJA;gaussian;10;5;2048;2;720,4254989624023;43,61217975616455;43,22774763675993;0,6681513421308252;0,9941361711369312;0,5684746499425627;0,7233294487131373;0,4781255380496029;0,0108;0,4315253500574373;0,8344744636592256;0,9556125435673458;0,4315253500574373;0,2358738657632258;0,0416666666666666;6,209444565183644e-05;0,000124004092135;-0,0572490129502766;0,0046;0,999937905554348;0,2051428886336117;0,6040680835345041;0,999937905554348
ToN-IoT;BPDA;gaussian;10;5;2048;2;720,4254989624023;20,88678979873657;58,37854486010093;0,6681513421308252;0,9941361711369312;0,5684746499425627;0,7233294487131373;0,4781255380496029;0,0108;0,4315253500574373;0,8344744636592256;0,9556125435673458;0,4315253500574373;0,0843658935298159;0,0038526737555863;0,0007761805706479;0,0012920564370251;-0,7610681600499082;0,6464;0,999223819429352;0,0820271476916389;0,5699614994432881;0,999223819429352
ToN-IoT;HSJA;gaussian;10;5;2048;3;736,6287243366241;44,356226205825806;43,201686844038;0,6681513421308252;0,9946733340580498;0,5681641777143035;0,7232201078902128;0,4787756382851588;0,0098;0,4318358222856965;0,8336739032568538;0,9554110791286912;0,4318358222856965;0,2361344736904451;0,0769230769230769;9,314166847775466e-05;0,0001860580501116;-0,0490764046255449;0,0036;0,9999068583315224;0,2231877844701791;0,6089256691731868;0,9999068583315224
ToN-IoT;BPDA;gaussian;10;5;2048;3;736,6287243366241;21,03589653968811;58,37854486010093;0,6681513421308252;0,9946733340580498;0,5681641777143035;0,7232201078902128;0,4787756382851588;0,0098;0,4318358222856965;0,8336739032568538;0,9554110791286912;0,4318358222856965;0,0843658935298159;0,0038526737555863;0,0007761805706479;0,0012920564370251;-0,7610681600499082;0,6464;0,999223819429352;0,0930790539911205;0,5724932671218184;0,999223819429352
ToN-IoT;HSJA;gaussian;10;10;1024;2;353,58607292175293;20,23352789878845;43,30593001492572;0,6690753156909663;0,9944164362769012;0,5695302555186439;0,7242577384712571;0,4793744805013816;0,0103;0,4304697444813561;0,8346791548945949;0,9556375480698664;0,4304697444813561;0,2360160155417091;0,0869565217391304;0,0001241888913036;0,0002480235622384;-0,0525240252332891;0,0042;0,9998758111086964;0,2015499860287497;0,6033728298314377;0,9998758111086964
ToN-IoT;BPDA;gaussian;10;10;1024;2;353,58607292175293;10,07811403274536;58,47094221611504;0,6690753156909663;0,9944164362769012;0,5695302555186439;0,7242577384712571;0,4793744805013816;0,0103;0,4304697444813561;0,8346791548945949;0,9556375480698664;0,4304697444813561;0,0843658935298159;0,0038526737555863;0,0007761805706479;0,0012920564370251;-0,7610681600499082;0,6464;0,999223819429352;0,0943831553292557;0,5732137030831338;0,999223819429352
ToN-IoT;HSJA;gaussian;10;10;1024;3;360,4552037715912;21,49865221977234;43,372266578217925;0,669928214361866;0,994587865995562;0,5705548138718992;0,7251311999368661;0,4804230189346424;0,01;0,4294451861281008;0,8332088406966998;0,9552547483268332;0,4294451861281008;0,2362055485796867;0,1590909090909091;0,0002173305597814;0,0004340681486993;-0,0458879319065116;0,0037;0,9997826694402184;0,214241134465522;0,6072107130832787;0,9997826694402184
ToN-IoT;BPDA;gaussian;10;10;1024;3;360,4552037715912;10,214258193969728;58,556232083205;0,669928214361866;0,994587865995562;0,5705548138718992;0,7251311999368661;0,4804230189346424;0,01;0,4294451861281008;0,8332088406966998;0,9552547483268332;0,4294451861281008;0,0843658935298159;0,0038526737555863;0,0007761805706479;0,0012920564370251;-0,7610681600499082;0,6464;0,999223819429352;0,0941899934800832;0,5731039892321241;0,999223819429352
ToN-IoT;HSJA;gaussian;10;10;2048;2;354,69314408302307;20,055004119873047;43,2917150370774;0,6693359236181857;0,9951709169831796;0,5694371138501662;0,7243823930172397;0,4805444133996583;0,0089;0,4305628861498339;0,8349973982427272;0,9556810111350128;0,4305628861498339;0,2364187732474117;0,1818181818181818;0,0001862833369555;0,0003721853483034;-0,0382397707942362;0,0027;0,9998137166630444;0,2078481464807972;0,6054339749581914;0,9998137166630444
ToN-IoT;BPDA;gaussian;10;10;2048;2;354,69314408302307;10,124987602233888;58,49700300883698;0,6693359236181857;0,9951709169831796;0,5694371138501662;0,7243823930172397;0,4805444133996583;0,0089;0,4305628861498339;0,8349973982427272;0,9556810111350128;0,4305628861498339;0,0843658935298159;0,0038526737555863;0,0007761805706479;0,0012920564370251;-0,7610681600499082;0,6464;0,999223819429352;0,0937345043310875;0,5729347020171315;0,999223819429352
ToN-IoT;HSJA;gaussian;10;10;2048;3;361,9326591491699;20,734206676483154;43,270392570304914;0,6691700822099552;0,995384197664947;0,569095594399081;0,7241624525916561;0,4806386718311145;0,0085;0,4309044056009189;0,8361748129404825;0,9560084031307832;0,4309044056009189;0,2364661565069061;0,12;9,314166847775466e-05;0,0001861388595892;-0,0368196852065932;0,0022;0,9999068583315224;0,2214854248812443;0,6087334665666644;0,9999068583315224
ToN-IoT;BPDA;gaussian;10;10;2048;3;361,9326591491699;10,292048692703249;58,48041886801393;0,6691700822099552;0,995384197664947;0,569095594399081;0,7241624525916561;0,4806386718311145;0,0085;0,4309044056009189;0,8361748129404825;0,9560084031307832;0,4309044056009189;0,0843658935298159;0,0038526737555863;0,0007761805706479;0,0012920564370251;-0,7610681600499082;0,6464;0,999223819429352;0,1074291347138998;0,5762177762036998;0,999223819429352
ToN-IoT;HSJA;gaussian;10;15;1024;2;239,869256734848;19,51545739173889;38,9087635338435;0,6698571394726244;0,9956064222174008;0,569871774969729;0,7248494421956758;0,4815852656596572;0,0081;0,430128225030271;0,8362172901983919;0,9560017950689224;0,430128225030271;0,2807695041341894;0,9822824387701928;0,0585240150268558;0,1104664791373652;0,1125105744454141;0,0034;0,941475984973144;0,255454976869819;0,6853387651139873;0,941475984973144
ToN-IoT;BPDA;gaussian;10;15;1024;2;239,869256734848;6,82179856300354;58,54912459428084;0,6698571394726244;0,9956064222174008;0,569871774969729;0,7248494421956758;0,4815852656596572;0,0081;0,430128225030271;0,8362172901983919;0,9560017950689224;0,430128225030271;0,0843658935298159;0,0038526737555863;0,0007761805706479;0,0012920564370251;-0,7610681600499082;0,6464;0,999223819429352;0,1027995141109627;0,5754426367859612;0,999223819429352
ToN-IoT;HSJA;gaussian;10;15;1024;3;244,8953766822815;19,13694167137146;39,34705868416688;0,6702362055485797;0,9955028175119204;0,5704306249805955;0,7252738576926873;0,4818344435292266;0,0083;0,4295693750194045;0,8352419106460928;0,9557970673406788;0,4295693750194045;0,2767656187069108;0,9762174405436014;0,053525412151883;0,1014863870493009;0,1047471733522429;0,0042;0,946474587848117;0,2469965196063212;0,6765651078987042;0,946474587848117
ToN-IoT;BPDA;gaussian;10;15;1024;3;244,8953766822815;6,826786041259766;58,58703120187637;0,6702362055485797;0,9955028175119204;0,5704306249805955;0,7252738576926873;0,4818344435292266;0,0083;0,4295693750194045;0,8352419106460928;0,9557970673406788;0,4295693750194045;0,0843658935298159;0,0038526737555863;0,0007761805706479;0,0012920564370251;-0,7610681600499082;0,6464;0,999223819429352;0,1332847325281753;0,5832712198930405;0,999223819429352
ToN-IoT;HSJA;gaussian;10;15;2048;2;239,87523865699768;20,113879203796387;39,19543225378474;0,6701888222890853;0,99534127843987;0,5704616722034214;0,7252560737334465;0,4815922794498504;0,0086;0,4295383277965786;0,8368177947157627;0,956215154477304;0,4295383277965786;0,2782344997512379;0,9780701754385964;0,0553882455214381;0,1048394205623953;0,1074558219482343;0,004;0,944611754478562;0,2474515042379459;0,6795582066584455;0,944611754478562
ToN-IoT;BPDA;gaussian;10;15;2048;2;239,87523865699768;6,89364504814148;58,58229287592693;0,6701888222890853;0,99534127843987;0,5704616722034214;0,7252560737334465;0,4815922794498504;0,0086;0,4295383277965786;0,8368177947157627;0,956215154477304;0,4295383277965786;0,0843658935298159;0,0038526737555863;0,0007761805706479;0,0012920564370251;-0,7610681600499082;0,6464;0,999223819429352;0,1173826461548014;0,5794333565375945;0,999223819429352
ToN-IoT;HSJA;gaussian;10;15;2048;3;245,76598238945007;17,817968130111694;38,95377763036319;0,6699519059916131;0,9956611346132986;0,5699649166382067;0,7249392856437696;0,4817449745009516;0,008;0,4300350833617933;0,8373356686019435;0,9562931329227384;0,4300350833617933;0,2804141296879812;0,984688489968321;0,0579030705703374;0,1093745418291645;0,1129671666162742;0,0029;0,9420969294296624;0,2522549365084293;0,6823714788402763;0,9420969294296624
ToN-IoT;BPDA;gaussian;10;15;2048;3;245,76598238945007;6,871174097061157;58,55860124617972;0,6699519059916131;0,9956611346132986;0,5699649166382067;0,7249392856437696;0,4817449745009516;0,008;0,4300350833617933;0,8373356686019435;0,9562931329227384;0,4300350833617933;0,0843658935298159;0,0038526737555863;0,0007761805706479;0,0012920564370251;-0,7610681600499082;0,6464;0,999223819429352;0,1443003539383402;0,5867322580312433;0,999223819429352
ToN-IoT;HSJA;gaussian;10;20;1024;2;182,39007878303528;19,35038709640503;41,083655144637405;0,6703546636973158;0,9958263320505176;0,5703995777577696;0,7253345967073315;0,4823425514879553;0,0077;0,4296004222422304;0,8388609953739639;0,9567308914619832;0,4296004222422304;0,2595181122509417;0,8502202643171806;0,0359526840324133;0,0689881147418903;0,0374218568566549;0,0204;0,9640473159675867;0,1774251016796547;0,57763667929489;0,9640473159675867
ToN-IoT;BPDA;gaussian;10;20;1024;2;182,39007878303528;15,325356245040894;58,518325475609466;0,6703546636973158;0,9958263320505176;0,5703995777577696;0,7253345967073315;0,4823425514879553;0,0077;0,4296004222422304;0,8388609953739639;0,9567308914619832;0,4296004222422304;0,085171408941221;0,0090449179825233;0,0018317861467291;0,0030465764742331;-0,7582019216917436;0,6464;0,9981682138532708;0,1225504331087584;0,5640326434702236;0,9981682138532708
ToN-IoT;HSJA;gaussian;10;20;1024;3;187,0057818889618;17,326768159866333;39,53896088511929;0,6709232628112488;0,9959391412637392;0,5710826166599398;0,7259165712932634;0,4830411858410547;0,0075;0,4289173833400602;0,83885708652861;0,9566961313241936;0,4289173833400602;0,2755336539600559;0,8971734892787524;0,0571579372225154;0,1074691340007588;0,0712886171599192;0,0211;0,9428420627774844;0,1952432425719519;0,6012612059034225;0,9428420627774844
ToN-IoT;BPDA;gaussian;10;20;1024;3;187,0057818889618;21,606878519058228;58,65336776516856;0,6709232628112488;0,9959391412637392;0,5710826166599398;0,7259165712932634;0,4830411858410547;0,0075;0,4289173833400602;0,83885708652861;0,9566961313241936;0,4289173833400602;0,0843895851595631;0,0040061633281972;0,0008072277934738;0,0013437039716788;-0,7609835800472029;0,6464;0,999192772206526;0,1346098233413021;0,5651916478194218;0,999192772206526
ToN-IoT;HSJA;gaussian;10;20;2048;2;183,2439675331116;19,334920406341556;38,90165604491933;0,6703783553270629;0,995880312228968;0,5703995777577696;0,7253489152535681;0,482431193973535;0,0076;0,4296004222422304;0,8364864587537645;0,9560384471421998;0,4296004222422304;0,2813617948778696;0,8809910641754671;0,0673414263094166;0,1251189755126763;0,069015908749167;0,0293;0,9326585736905834;0,2083459995653388;0,6179140952565869;0,9326585736905834
ToN-IoT;BPDA;gaussian;10;20;2048;2;183,2439675331116;13,566312313079834;57,75545499774929;0,6703783553270629;0,995880312228968;0,5703995777577696;0,7253489152535681;0,482431193973535;0,0076;0,4296004222422304;0,8364864587537645;0,9560384471421998;0,4296004222422304;0,09282380534957;0,0565762613006707;0,0120463224564562;0,0198633117464868;-0,7318651568337499;0,647;0,9879536775435436;0,1586084572634978;0,5782660286466723;0,9879536775435436
ToN-IoT;HSJA;gaussian;10;20;2048;3;186,37390756607056;17,60703992843628;40,72591153545453;0,6713023288872042;0,9957817316532368;0,5716725138936322;0,7263510848126232;0,4832260232170999;0,0078;0,4283274861063678;0,8398824800521593;0,9569392759435892;0,4283274861063678;0,2640432135326589;0,864417568427753;0,0421621285975969;0,0804026050917702;0,0468589964470907;0,0213;0,9578378714024032;0,1901252569157688;0,5792765652590719;0,9578378714024032
ToN-IoT;BPDA;gaussian;10;20;2048;3;186,37390756607056;19,32919478416443;57,51616953730248;0,6713023288872042;0,9957817316532368;0,5716725138936322;0,7263510848126232;0,4832260232170999;0,0078;0,4283274861063678;0,8398824800521593;0,9569392759435892;0,4283274861063678;0,0961406335141794;0,085750139431121;0,0190940420379397;0,0312333358726289;-0,7207351824445762;0,6557;0,9809059579620604;0,1358087522121146;0,5723556146574561;0,9809059579620604
ToN-IoT;FGSM;linear;1;5;1024;2;71,86476850509644;28,587940216064453;43,2135326589116;0,6651661967826766;0,9945283431823156;0,5643143220838895;0,7200554620184213;0,4756697958595596;0,01;0,4356856779161104;0,8325737806203235;0,9551392520650528;0,4356856779161104;0,2330308701935606;0,2771739130434782;0,0031668167282436;0,0062620867483193;-0,1071753653666971;0,0266;0,9968331832717564;0,5111053339128815;0,7415554412319024;0,9968331832717564
ToN-IoT;RANDOM_LINF;linear;1;5;1024;2;71,86476850509644;4,274617433547974;30,851240256817263;0,6651661967826766;0,9945283431823156;0,5643143220838895;0,7200554620184213;0,4756697958595596;0,01;0,4356856779161104;0,8325737806203235;0,9551392520650528;0,4356856779161104;0,356653794214504;0,999407114624506;0,1570058058306684;0,2713783573479299;0,2051279715799749;0,0003;0,8429941941693315;0,6759961610108977;0,912426096893012;0,8429941941693315
ToN-IoT;RANDOM_L2;linear;1;5;1024;2;71,86476850509644;3,987890720367432;30,903361842261123;0,6651661967826766;0,9945283431823156;0,5643143220838895;0,7200554620184213;0,4756697958595596;0,01;0,4356856779161104;0,8325737806203235;0,9551392520650528;0,4356856779161104;0,3561325783600654;0,999602859412232;0,1562917197056723;0,2703181635118808;0,2047442997636789;0,0002;0,8437082802943277;0,6806891458908999;0,9136575143479876;0,8437082802943277
ToN-IoT;C&W;linear;1;5;1024;2;71,86476850509644;3,5784711837768555;42,82498993105735;0,6651661967826766;0,9945283431823156;0,5643143220838895;0,7200554620184213;0,4756697958595596;0,01;0,4356856779161104;0,8325737806203235;0,9551392520650528;0,4356856779161104;0,2369162974721031;0,0;0,0;0,0;0,0;0,0;1,0;0,4995095392592132;0,865954699634049;1,0
ToN-IoT;FGSM;linear;1;5;1024;3;72,16593742370605;32,76674032211304;41,68305337724183;0,6652135800421711;0,9944748358862144;0,5644074637523674;0,720117253263087;0,4756516159783232;0,0101;0,4355925362476326;0,83192748921109;0,9549612560303932;0,4355925362476326;0,2483830462697528;0,7737556561085973;0,021236300412928;0,0413380473211857;0,0036709635421436;0,02;0,978763699587072;0,5025884612996367;0,7794309741985466;0,978763699587072
ToN-IoT;RANDOM_LINF;linear;1;5;1024;3;72,16593742370605;5,385658025741577;30,735151271055937;0,6652135800421711;0,9944748358862144;0,5644074637523674;0,720117253263087;0,4756516159783232;0,0101;0,4355925362476326;0,83192748921109;0,9549612560303932;0,4355925362476326;0,3578620673316117;0,9662100456621004;0,1642398087491074;0,2807557584120582;0,184433854786945;0,0185;0,8357601912508926;0,6652924788102704;0,8910959298927711;0,8357601912508926
ToN-IoT;RANDOM_L2;linear;1;5;1024;3;72,16593742370605;4,127009630203247;30,891516027387528;0,6652135800421711;0,9944748358862144;0,5644074637523674;0,720117253263087;0,4756516159783232;0,0101;0,4355925362476326;0,83192748921109;0,9549612560303932;0,4355925362476326;0,3562984197682958;0,9696178937558247;0,1615076531404266;0,2768935966359717;0,1853573778511277;0,0163;0,8384923468595734;0,66914662671924;0,8937120967794484;0,8384923468595734
ToN-IoT;C&W;linear;1;5;1024;3;72,16593742370605;3,640305519104004;40,45345779336161;0,6652135800421711;0,9944748358862144;0,5644074637523674;0,720117253263087;0,4756516159783232;0,0101;0,4355925362476326;0,83192748921109;0,9549612560303932;0,4355925362476326;0,260679002108555;0,7732970027247956;0,0440560091899779;0,0833627070849488;0,0051209399667303;0,0416;0,955943990810022;0,5019393337265982;0,772316581245698;0,955943990810022
ToN-IoT;FGSM;linear;1;5;2048;2;70,63746404647827;28,704115867614743;43,50730886777702;0,664976663744699;0,9944176882661996;0,5641280387469341;0,7198748043818466;0,4753506218109254;0,0102;0,4358719612530659;0,8328296982209942;0,955205422636294;0,4358719612530659;0,2299035750669288;0,1782608695652174;0,0025458722717252;0,0050200495882947;-0,1443765433613639;0,0378;0,9974541277282748;0,5042696249495483;0,797588792469314;0,9974541277282748
ToN-IoT;RANDOM_LINF;linear;1;5;2048;2;70,63746404647827;4,2327282428741455;31,52645170461276;0,664976663744699;0,9944176882661996;0,5641280387469341;0,7198748043818466;0,4753506218109254;0,0102;0,4358719612530659;0,8328296982209942;0,955205422636294;0,4358719612530659;0,3497121466985713;0,9991612497378906;0,1479400167655003;0,2577208069663043;0,1981603989448406;0,0004;0,8520599832344997;0,6687283057530504;0,9108436437225312;0,8520599832344997
ToN-IoT;RANDOM_L2;linear;1;5;2048;2;70,63746404647827;4,286584138870239;31,623587386576325;0,664976663744699;0,9944176882661996;0,5641280387469341;0,7198748043818466;0,4753506218109254;0,0102;0,4358719612530659;0,8328296982209942;0,955205422636294;0,4358719612530659;0,3487407898789357;0,9991539763113368;0,1466670806296376;0,2557868803638627;0,1971927280971153;0,0004;0,8533329193703624;0,6711267766773262;0,9115325068777568;0,8533329193703624
ToN-IoT;C&W;linear;1;5;2048;2;70,63746404647827;3,668231725692749;42,8060366272596;0,664976663744699;0,9944176882661996;0,5641280387469341;0,7198748043818466;0,4753506218109254;0,0102;0,4358719612530659;0,8328296982209942;0,955205422636294;0,4358719612530659;0,2369162974721031;0,0;0,0;0,0;0,0;0,0;1,0;0,5003499705051383;0,8661913416270651;1,0
ToN-IoT;FGSM;linear;1;5;2048;3;71,90902900695801;28,49266505241394;41,78492738515482;0,665095121893435;0,9945815773630344;0,5641901331925859;0,7199683042789223;0,475664432386598;0,0099;0,435809866807414;0,8317879800676831;0,954928701464752;0,435809866807414;0,2472458480418868;0,6925795053003534;0,0243410226955198;0,0470291832878437;-0,0275267709339775;0,0348;0,97565897730448;0,4980162470117047;0,8286149744622273;0,97565897730448
ToN-IoT;RANDOM_LINF;linear;1;5;2048;3;71,90902900695801;4,426720142364502;29,382359212490226;0,665095121893435;0,9945815773630344;0,5641901331925859;0,7199683042789223;0,475664432386598;0,0099;0,435809866807414;0,8317879800676831;0,954928701464752;0,435809866807414;0,3712715297685328;0,9549173752607092;0,1847930702598652;0,3096613079444357;0,1877947341216081;0,0281;0,8152069297401348;0,6693279409481822;0,8909351338387431;0,8152069297401348
ToN-IoT;RANDOM_L2;linear;1;5;2048;3;71,90902900695801;3,982393264770508;29,429742471984643;0,665095121893435;0,9945815773630344;0,5641901331925859;0,7199683042789223;0,475664432386598;0,0099;0,435809866807414;0,8317879800676831;0,954928701464752;0,435809866807414;0,3707976971735885;0,9549186926420866;0,1841410785805209;0,3087454450806871;0,1874070156327121;0,028;0,815858921419479;0,6704065106026266;0,8914819423797297;0,815858921419479
ToN-IoT;C&W;linear;1;5;2048;3;71,90902900695801;3,784430503845215;40,583761756971256;0,665095121893435;0,9945815773630344;0,5641901331925859;0,7199683042789223;0,475664432386598;0,0099;0,435809866807414;0,8317879800676831;0,954928701464752;0,435809866807414;0,2592575043237224;0,7569482288828338;0,0431245925052004;0,0816002819880155;-0,0030763212280164;0,0446;0,9568754074947996;0,4994357120680555;0,7655397485265867;0,9568754074947996
ToN-IoT;FGSM;linear;1;10;1024;2;39,878312826156616;14,638028383255005;40,54822431235044;0,6662560117510483;0,9950284090909092;0,5654630693284486;0,721121295508087;0,4773418780748237;0,0091;0,4345369306715514;0,8289771352727499;0,9541706381335324;0,4345369306715514;0,2607737686275438;0,7293849658314351;0,049706603744295;0,093070573189164;-0,0185627083431886;0,0594;0,950293396255705;0,4933827532677202;0,7630931236465764;0,950293396255705
ToN-IoT;RANDOM_LINF;linear;1;10;1024;2;39,878312826156616;2,632987260818481;28,851666706152717;0,6662560117510483;0,9950284090909092;0,5654630693284486;0,721121295508087;0,4773418780748237;0,0091;0,4345369306715514;0,8289771352727499;0,9541706381335324;0,4345369306715514;0,3777393446895212;0,9117484067608757;0,2043217734173678;0,3338321454840591;0,1588014908531527;0,0637;0,7956782265826322;0,6415364851439038;0,8598191821410143;0,7956782265826322
ToN-IoT;RANDOM_L2;linear;1;10;1024;2;39,878312826156616;2,5432279109954834;29,14781207799284;0,6662560117510483;0,9950284090909092;0,5654630693284486;0,721121295508087;0,4773418780748237;0,0091;0,4345369306715514;0,8289771352727499;0,9541706381335324;0,4345369306715514;0,3747778909711199;0,9090397863067624;0,2007513427923872;0,3288744214434667;0,1545383383191943;0,0647;0,7992486572076127;0,6453283274861064;0,8600464660939642;0,7992486572076127
ToN-IoT;C&W;linear;1;10;1024;2;39,878312826156616;1,9308574199676516;33,93352128692933;0,6662560117510483;0,9950284090909092;0,5654630693284486;0,721121295508087;0,4773418780748237;0,0091;0,4345369306715514;0,8289771352727499;0,9541706381335324;0,4345369306715514;0,326920798881755;0,7587522135948781;0,1729330311403644;0,2816687737041719;-0,0046743125134573;0,1771;0,8270669688596355;0,4981053960073271;0,7662277127668362;0,8270669688596355
ToN-IoT;FGSM;linear;1;10;1024;3;39,99600124359131;15,182103633880615;42,46724632187448;0,6657347958966098;0,9944274475524476;0,5651215498773635;0,7206857640607368;0,4761051000785902;0,0102;0,4348784501226365;0,8320963410847899;0,955004092642218;0,4348784501226365;0,2410623326778649;0,5843780135004821;0,0188146170325064;0,0364555134452264;-0,0667026697747984;0,0431;0,9811853829674936;0,4933117172218945;0,4578553920973657;0,9811853829674936
ToN-IoT;RANDOM_LINF;linear;1;10;1024;3;39,99600124359131;2,9521374702453613;31,44826932644697;0,6657347958966098;0,9944274475524476;0,5651215498773635;0,7206857640607368;0,4761051000785902;0,0102;0,4348784501226365;0,8320963410847899;0,955004092642218;0,4348784501226365;0,3512521026321401;0,9733228717143978;0,1540563196622062;0,2660090599619374;0,1832646328392873;0,0136;0,8459436803377938;0,6592900757552237;0,8906831445186297;0,8459436803377938
ToN-IoT;RANDOM_L2;linear;1;10;1024;3;39,99600124359131;2,4754061698913574;31,60700324575328;0,6657347958966098;0,9944274475524476;0,5651215498773635;0,7206857640607368;0,4761051000785902;0,0102;0,4348784501226365;0,8320963410847899;0,955004092642218;0,4348784501226365;0,349664763439077;0,970535890844374;0,1523797696296066;0,2634036387055224;0,1800071850984105;0,0149;0,8476202303703934;0,6615481806327425;0,8894215905051486;0,8476202303703934
ToN-IoT;C&W;linear;1;10;1024;3;39,99600124359131;1,9168949127197263;42,88184984245067;0,6657347958966098;0,9944274475524476;0,5651215498773635;0,7206857640607368;0,4761051000785902;0,0102;0,4348784501226365;0,8320963410847899;0,955004092642218;0,4348784501226365;0,2369162974721031;0,0;0,0;0,0;0,0;0,0;1,0;0,4996261898848148;0,8608285657130799;1,0
ToN-IoT;FGSM;linear;1;10;2048;2;39,58614659309387;15,018489837646484;42,538321211116106;0,6657584875263569;0,995185205449472;0,5647179359806266;0,7205561937963;0,4770428093126454;0,0088;0,4352820640193734;0,8326603107827005;0,9551540260723164;0,4352820640193734;0,2403752754151958;0,5744897959183674;0,0174795864509919;0,0339269034921208;-0,0683841946122234;0,0417;0,982520413549008;0,508472818156416;0,8176303319956661;0,982520413549008
ToN-IoT;RANDOM_LINF;linear;1;10;2048;2;39,58614659309387;2,6489477157592773;31,832073728351773;0,6657584875263569;0,995185205449472;0,5647179359806266;0,7205561937963;0,4770428093126454;0,0088;0,4352820640193734;0,8326603107827005;0,9551540260723164;0,4352820640193734;0,3474377502428392;0,9802347127856702;0,1478158278741966;0,2568931095883019;0,1841642878179052;0,0096;0,8521841721258033;0,6532804231736471;0,8919160888656983;0,8521841721258033
ToN-IoT;RANDOM_L2;linear;1;10;2048;2;39,58614659309387;2,580129861831665;31,997915136582243;0,6657584875263569;0,995185205449472;0,5647179359806266;0,7205561937963;0,4770428093126454;0,0088;0,4352820640193734;0,8326603107827005;0,9551540260723164;0,4352820640193734;0,3457793361605344;0,9819593035452068;0,1453320500481232;0,2531912591951536;0,1836778767954748;0,0086;0,8546679499518768;0,6577913254059424;0,8927659277609645;0,8546679499518768
ToN-IoT;C&W;linear;1;10;2048;2;39,58614659309387;1,942827224731445;42,884219005425386;0,6657584875263569;0,995185205449472;0,5647179359806266;0,7205561937963;0,4770428093126454;0,0088;0,4352820640193734;0,8326603107827005;0,9551540260723164;0,4352820640193734;0,2369162974721031;0,0;0,0;0,0;0,0;0,0;1,0;0,4990607097395138;0,855511955888102;1,0
ToN-IoT;FGSM;linear;1;10;2048;3;39,89184617996216;14,76568865776062;39,03196000852899;0,664976663744699;0,9945800941640206;0,5640348970784563;0,719841505695889;0,4755466343506958;0,0099;0,4359651029215436;0,8319807010462914;0,9549779290808372;0,4359651029215436;0,2746570636594091;0,8485776805251641;0,0602005650594554;0,1124253493361164;0,0481036516971544;0,0346;0,9397994349405444;0,5337645735663944;0,8186523231236897;0,9397994349405444
ToN-IoT;RANDOM_LINF;linear;1;10;2048;3;39,89184617996216;2,9132442474365234;28,548413845388428;0,664976663744699;0,9945800941640206;0,5640348970784563;0,719841505695889;0,4755466343506958;0,0099;0,4359651029215436;0,8319807010462914;0,9549779290808372;0,4359651029215436;0,3794925252908147;0,9148056244830438;0,2060293706727933;0,3363150292679218;0,1625544639871617;0,0618;0,7939706293272066;0,6479574544382005;0,8613647053110486;0,7939706293272066
ToN-IoT;RANDOM_L2;linear;1;10;2048;3;39,89184617996216;2,3538386821746826;28,60527375678173;0,664976663744699;0,9945800941640206;0,5640348970784563;0,719841505695889;0,4755466343506958;0,0099;0,4359651029215436;0,8319807010462914;0,9549779290808372;0,4359651029215436;0,3789239261768817;0,9172932330827068;0,2045391039771492;0,3344926506054682;0,164228636328257;0,0594;0,7954608960228507;0,649197396690366;0,862263242190418;0,7954608960228507
ToN-IoT;C&W;linear;1;10;2048;3;39,89184617996216;2,013638973236084;38,16721552275581;0,664976663744699;0,9945800941640206;0,5640348970784563;0,719841505695889;0,4755466343506958;0,0099;0,4359651029215436;0,8319807010462914;0,9549779290808372;0,4359651029215436;0,2833045085171409;0,7667574931880109;0,0873668850321338;0,1568605591014242;0,00266632852893;0,0856;0,912633114967866;0,4996347728895649;0,7689824767242509;0,912633114967866
ToN-IoT;FGSM;linear;1;15;1024;2;29,136463165283203;11,861438035964966;43,3817432301168;0,6656400293776209;0,9944802710678764;0,5649663137632339;0,7205733858673056;0,4760760113763287;0,0101;0,4350336862367661;0,8332359402651432;0,9553023026183078;0,4350336862367661;0,2318225970764529;0,4296005239030779;0,0203669781738023;0,0388902063078017;-0,151952813454746;0,0871;0,9796330218261976;0,4920937362227949;0,6503672604461995;0,9796330218261976
ToN-IoT;RANDOM_LINF;linear;1;15;1024;2;29,136463165283203;2,0664985179901123;32,663649932478855;0,6656400293776209;0,9944802710678764;0,5649663137632339;0,7205733858673056;0,4760760113763287;0,0101;0,4350336862367661;0,8332359402651432;0,9553023026183078;0,4350336862367661;0,3390035300528323;0,9299541009778488;0,1446800583687789;0,2504030091348737;0,1440449879901065;0,0351;0,855319941631221;0,6366791300568165;0,8609128187028584;0,855319941631221
ToN-IoT;RANDOM_L2;linear;1;15;1024;2;29,136463165283203;1,4132375717163086;32,52860764291976;0,6656400293776209;0,9944802710678764;0,5649663137632339;0,7205733858673056;0,4760760113763287;0,0101;0,4350336862367661;0,8332359402651432;0,9553023026183078;0,4350336862367661;0,3403539529484233;0,9371245494593512;0,1453010028252973;0,2515926134989114;0,1499453104799148;0,0314;0,8546989971747028;0,6367489288708125;0,8628452266552691;0,8546989971747028
ToN-IoT;C&W;linear;1;15;1024;2;29,136463165283203;1,3334510326385498;40,467672771209934;0,6656400293776209;0,9944802710678764;0,5649663137632339;0,7205733858673056;0,4760760113763287;0,0101;0,4350336862367661;0,8332359402651432;0,9553023026183078;0,4350336862367661;0,2609633016655215;0,776566757493188;0,0442422925269334;0,0837151921043355;0,0067603922056796;0,041;0,9557577074730664;0,5027852370455463;0,7723699689204042;0,9557577074730664
ToN-IoT;FGSM;linear;1;15;1024;3;29,339397192001343;11,830028772354126;43,07849036935251;0,6656163377478737;0,9946962655147904;0,5648110776491043;0,720503782328013;0,4763135618678749;0,0097;0,4351889223508957;0,8321756713961936;0,9550253481559984;0,4351889223508957;0,2348314340543486;0,4714656290531777;0,0225713309944425;0,043080205030962;-0,1335524925824453;0,0815;0,9774286690055576;0,5058935049209848;0,644751162436296;0,9774286690055576
ToN-IoT;RANDOM_LINF;linear;1;15;1024;3;29,339397192001343;1,7987217903137207;33,09246843090336;0,6656163377478737;0,9946962655147904;0,5648110776491043;0,720503782328013;0,4763135618678749;0,0097;0,4351889223508957;0,8321756713961936;0,9550253481559984;0,4351889223508957;0,33469165343884;0,9502509273401702;0,1352106554068738;0,2367362470102196;0,1536303947462781;0,0228;0,8647893445931262;0,6341337141792668;0,870263868575746;0,8647893445931262
ToN-IoT;RANDOM_L2;linear;1;15;1024;3;29,339397192001343;1,6476128101348877;33,07588429008032;0,6656163377478737;0,9946962655147904;0,5648110776491043;0,720503782328013;0,4763135618678749;0,0097;0,4351889223508957;0,8321756713961936;0,9550253481559984;0,4351889223508957;0,3348574948470705;0,9503267973856208;0,1354279859666552;0,2370716595559662;0,1538243089001168;0,0228;0,8645720140333447;0,6339784485702754;0,8710767413079248;0,8645720140333447
ToN-IoT;C&W;linear;1;15;1024;3;29,339397192001343;1,3259804248809814;40,56480845317349;0,6656163377478737;0,9946962655147904;0,5648110776491043;0,720503782328013;0,4763135618678749;0,0097;0,4351889223508957;0,8321756713961936;0,9550253481559984;0,4351889223508957;0,2599682532161387;0,7651226158038147;0,0435903008475891;0,0824814945364822;0,0010223093693569;0,0431;0,9564096991524108;0,4990808655965723;0,7686272074585053;0,9564096991524108
ToN-IoT;FGSM;linear;1;15;2048;2;29,22321343421936;10,054656505584717;42,05975029022246;0,6651661967826766;0,9947449091307204;0,5641901331925859;0,7200110941616974;0,4759311324943763;0,0096;0,435809866807414;0,8334126750287186;0,9553377034200106;0,435809866807414;0,244568693880452;0,6161035226455788;0,0266074699618119;0,0510119047619047;-0,0638135523312446;0,0534;0,973392530038188;0,5196824909186872;0,5823451097582717;0,973392530038188
ToN-IoT;RANDOM_LINF;linear;1;15;2048;2;29,22321343421936;1,8670291900634768;34,44762965244379;0,6651661967826766;0,9947449091307204;0,5641901331925859;0,7200110941616974;0,4759311324943763;0,0096;0,435809866807414;0,8334126750287186;0,9553377034200106;0,435809866807414;0,3206899002582388;0,9881281060187742;0,1111180104939613;0,1997711478886997;0,1621579984270239;0,0043;0,8888819895060387;0,6314174066254774;0,8839649605589758;0,8888819895060387
ToN-IoT;RANDOM_L2;linear;1;15;2048;2;29,22321343421936;1,7583191394805908;34,63479352744675;0,6651661967826766;0,9947449091307204;0,5641901331925859;0,7200110941616974;0,4759311324943763;0,0096;0,435809866807414;0,8334126750287186;0,9553377034200106;0,435809866807414;0,3188182615082091;0,9864902898958626;0,1088205160048433;0,1960181197919579;0,1592947873385007;0,0048;0,8911794839951567;0,6295834518302338;0,8828089432626121;0,8911794839951567
ToN-IoT;C&W;linear;1;15;2048;2;29,22321343421936;1,3713483810424805;42,82498993105735;0,6651661967826766;0,9947449091307204;0,5641901331925859;0,7200110941616974;0,4759311324943763;0,0096;0,435809866807414;0,8334126750287186;0,9553377034200106;0,435809866807414;0,2369162974721031;0,0;0,0;0,0;0,0;0,0;1,0;0,4947287202334751;0,823034487555474;1,0
ToN-IoT;FGSM;linear;1;15;2048;3;29,48155426979065;13,412812232971191;42,06922694212135;0,6661849368618067;0,9950816984534674;0,5653388804371449;0,7210342915973708;0,477336414152604;0,009;0,4346611195628551;0,833992188518737;0,9554584457270856;0,4346611195628551;0,2454926674405932;0,5896927651139743;0,0369461951628426;0,0695357466327753;-0,0913774452727832;0,0828;0,9630538048371572;0,5208260098109223;0,7731259174319145;0,9630538048371572
ToN-IoT;RANDOM_LINF;linear;1;15;2048;3;29,48155426979065;2,523282051086426;33,3791371508446;0,6661849368618067;0,9950816984534674;0,5653388804371449;0,7210342915973708;0,477336414152604;0,009;0,4346611195628551;0,833992188518737;0,9554584457270856;0,4346611195628551;0,3323935653533607;0,9357698961937716;0,1343413331677481;0,2349523525099774;0,1424543432242128;0,0297;0,8656586668322519;0,6375071470706946;0,8647491655085259;0,8656586668322519
ToN-IoT;RANDOM_L2;linear;1;15;2048;3;29,48155426979065;1,4182243347167969;33,30332393565353;0,6661849368618067;0,9950816984534674;0,5653388804371449;0,7210342915973708;0,477336414152604;0,009;0,4346611195628551;0,833992188518737;0,9554584457270856;0,4346611195628551;0,3331516975052714;0,9345314505776636;0,1356142693036107;0,2368570886316189;0,1422899973994455;0,0306;0,8643857306963892;0,6390484445341365;0,8638414419879913;0,8643857306963892
ToN-IoT;C&W;linear;1;15;2048;3;29,48155426979065;1,318488836288452;40,60982254969319;0,6661849368618067;0,9950816984534674;0,5653388804371449;0,7210342915973708;0,477336414152604;0,009;0,4346611195628551;0,833992188518737;0,9554584457270856;0,4346611195628551;0,2600867113648747;0,7663398692810458;0,0436834425160669;0,0826553091496548;0,001633104244809;0,0429;0,9563165574839332;0,5027776428948431;0,7699201045227911;0,9563165574839332
ToN-IoT;FGSM;linear;1;20;1024;2;23,923317432403564;7,763347625732422;40,71169655760619;0,6666113861972565;0,9951405951405952;0,5658666832251855;0,7214789011163012;0,4778261863340977;0,0089;0,4341333167748145;0,8333047735105096;0,955289386655327;0,4341333167748145;0,2594944206211945;0,6454961832061069;0,0656338290539911;0,1191522939916582;-0,0802082074865365;0,1161;0,9343661709460088;0,501576245769816;0,7188549185412207;0,9343661709460088
ToN-IoT;RANDOM_LINF;linear;1;20;1024;2;23,923317432403564;1,559847116470337;34,31258736288469;0,6666113861972565;0,9951405951405952;0,5658666832251855;0,7214789011163012;0,4778261863340977;0,0089;0,4341333167748145;0,8333047735105096;0,955289386655327;0,4341333167748145;0,3234855125684095;0,947136563876652;0,1201527523363035;0,2132525141204022;0,1417146219510661;0,0216;0,8798472476636965;0,6194508770840448;0,8599779447853064;0,8798472476636965
ToN-IoT;RANDOM_L2;linear;1;20;1024;2;23,923317432403564;1,318488836288452;34,485536260039325;0,6666113861972565;0,9951405951405952;0,5658666832251855;0,7214789011163012;0,4778261863340977;0,0089;0,4341333167748145;0,8333047735105096;0,955289386655327;0,4341333167748145;0,3217560235968632;0,9441825849665096;0,1181657300754447;0,2100441501103752;0,1383987045404245;0,0225;0,8818342699245553;0,6137982489366326;0,8572957422889366;0,8818342699245553
ToN-IoT;C&W;linear;1;20;1024;2;23,923317432403564;1,0482094287872314;42,96950887251534;0,6666113861972565;0,9951405951405952;0,5658666832251855;0,7214789011163012;0,4778261863340977;0,0089;0,4341333167748145;0,8333047735105096;0,955289386655327;0,4341333167748145;0,2369162974721031;0,0;0,0;0,0;0,0;0,0;1,0;0,5007258856220311;0,8199340497523581;1,0
ToN-IoT;FGSM;linear;1;20;1024;3;28,849709033966064;9,107259035110474;43,4149115117629;0,6663744698997844;0,9952461614119448;0,5654941165512745;0,7212037220352405;0,4777208806112585;0,0087;0,4345058834487255;0,832659064236704;0,9551464756145508;0,4345058834487255;0,2322253547821554;0,4344370860927152;0,0203669781738023;0,0389098134582876;-0,1488820061682509;0,0854;0,9796330218261976;0,5066259135645318;0,7470153860519129;0,9796330218261976
ToN-IoT;RANDOM_LINF;linear;1;20;1024;3;28,849709033966064;1,6825203895568848;33,90982965718212;0,6663744698997844;0,9952461614119448;0,5654941165512745;0,7212037220352405;0,4777208806112585;0,0087;0,4345058834487255;0,832659064236704;0,9551464756145508;0,4345058834487255;0,3272761733279632;0,9743781094527364;0,1216119718091216;0,2162356123547434;0,1612309181129102;0,0103;0,8783880281908784;0,6317128690738614;0,879729738493762;0,8783880281908784
ToN-IoT;RANDOM_L2;linear;1;20;1024;3;28,849709033966064;1,58378267288208;33,78189485654718;0,6663744698997844;0,9952461614119448;0,5654941165512745;0,7212037220352405;0,4777208806112585;0,0087;0,4345058834487255;0,832659064236704;0,9551464756145508;0,4345058834487255;0,3285555213343126;0,9737873591376776;0,1234127107330249;0,2190625774985533;0,1621469178889228;0,0107;0,876587289266975;0,6341458319103357;0,8802144812190893;0,876587289266975
ToN-IoT;C&W;linear;1;20;1024;3;28,849709033966064;0,9654297828674316;42,945817242768136;0,6663744698997844;0,9952461614119448;0,5654941165512745;0,7212037220352405;0,4777208806112585;0,0087;0,4345058834487255;0,832659064236704;0,9551464756145508;0,4345058834487255;0,2369162974721031;0,0;0,0;0,0;0,0;0,0;1,0;0,4965241904436648;0,8289264577257165;1,0
ToN-IoT;FGSM;linear;1;20;2048;2;23,664531469345093;9,057566404342651;44,30808595323272;0,6659717121940818;0,994376501419524;0,5654630693284486;0,7209500247402276;0,4762758161431761;0,0103;0,4345369306715514;0,8337747244558974;0,955411953780982;0,4345369306715514;0,2228908526617546;0,3482051282051282;0,0210810642987984;0,0397552621563863;-0,2147451002807558;0,1271;0,9789189357012016;0,5179979695116272;0,5671807870736328;0,9789189357012016
ToN-IoT;RANDOM_LINF;linear;1;20;2048;2;23,664531469345093;1,5944364070892334;35,61799616195598;0,6659717121940818;0,994376501419524;0,5654630693284486;0,7209500247402276;0,4762758161431761;0,0103;0,4345369306715514;0,8337747244558974;0,955411953780982;0,4345369306715514;0,309791750574522;0,9588305489260144;0,0997857741625011;0,180759821152386;0,1352161567370665;0,0138;0,9002142258374989;0,6169476559346766;0,8613661158339231;0,9002142258374989
ToN-IoT;RANDOM_L2;linear;1;20;2048;2;23,664531469345093;1,5026805400848389;35,62273448790542;0,6659717121940818;0,994376501419524;0,5654630693284486;0,7209500247402276;0,4762758161431761;0,0103;0,4345369306715514;0,8337747244558974;0,955411953780982;0,4345369306715514;0,3097443673150276;0,9541962174940898;0,1002514825048899;0,181440170820105;0,1326981948757651;0,0155;0,8997485174951101;0,6194743286038064;0,8624500768316653;0,8997485174951101
ToN-IoT;C&W;linear;1;20;2048;2;23,664531469345093;0,9544579982757568;42,90554147219788;0,6659717121940818;0,994376501419524;0,5654630693284486;0,7209500247402276;0,4762758161431761;0,0103;0,4345369306715514;0,8337747244558974;0,955411953780982;0,4345369306715514;0,2369162974721031;0,0;0,0;0,0;0,0;0,0;1,0;0,4997232109037846;0,8093005914021769;1,0
ToN-IoT;FGSM;linear;1;20;2048;3;28,908570289611816;9,238439798355104;40,45582695633632;0,6669904522732119;0,9951988651863168;0,5663323915675743;0,7218726502829554;0,4782689404302488;0,0088;0,4336676084324257;0,8336804712968425;0,9553939465698628;0,4336676084324257;0,2624321827098486;0,7334200260078023;0,0525319010214536;0,0980414880055626;-0,0167752068527188;0,0615;0,9474680989785464;0,534336924462107;0,8073773092157768;0,9474680989785464
ToN-IoT;RANDOM_LINF;linear;1;20;2048;3;28,908570289611816;1,9976801872253416;32,83659882963349;0,6669904522732119;0,9951988651863168;0,5663323915675743;0,7218726502829554;0,4782689404302488;0,0088;0,4336676084324257;0,8336804712968425;0,9553939465698628;0,4336676084324257;0,3386244639768769;0,9053824362606232;0,1488403862274519;0,2556527303754266;0,1267520249413287;0,0501;0,851159613772548;0,6179598714644976;0,8452131584988501;0,851159613772548
ToN-IoT;RANDOM_L2;linear;1;20;2048;3;28,908570289611816;1,4690883159637451;33,35781468407212;0,6669904522732119;0,9951988651863168;0,5663323915675743;0,7218726502829554;0,4782689404302488;0,0088;0,4336676084324257;0,8336804712968425;0,9553939465698628;0,4336676084324257;0,3334123054324907;0,900806927770124;0,1421031388742277;0,2454813622955216;0,119825002512838;0,0504;0,8578968611257723;0,6218998727063864;0,8451205767960548;0,8578968611257723
ToN-IoT;C&W;linear;1;20;2048;3;28,908570289611816;1,0751378536224363;38,34490274585989;0,6669904522732119;0,9951988651863168;0,5663323915675743;0,7218726502829554;0,4782689404302488;0,0088;0,4336676084324257;0,8336804712968425;0,9553939465698628;0,4336676084324257;0,283541424814613;0,7681198910081743;0,0875221211462634;0,1571392736698347;0,0036551165442877;0,0851;0,9124778788537364;0,5019488264149772;0,7698951562188854;0,9124778788537364
ToN-IoT;FGSM;linear;2;5;1024;2;136,1215045452118;14,44255828857422;3,108341822833993;0,665995403823829;0,994809026829135;0,5652457387686671;0,7208869530785983;0,4768213884244112;0,0095;0,4347542612313329;0,8320317318140892;0,9549879847554922;0,4347542612313329;0,6349119855954891;0,9956334454475718;0,5238597907417182;0,6865082594189926;0,4479657963925372;0,0074;0,4761402092582818;0,8195135195131795;0,9497071269264098;0,4761402092582818
ToN-IoT;RANDOM_LINF;linear;2;5;1024;2;136,1215045452118;11,478943586349487;18,24492406832666;0,665995403823829;0,994809026829135;0,5652457387686671;0,7208869530785983;0,4768213884244112;0,0095;0,4347542612313329;0,8320317318140892;0,9549879847554922;0,4347542612313329;0,4835461631405624;0,9991369390103568;0,3234810146232419;0,4887304453878087;0,3180117259359198;0,0009;0,676518985376758;0,8162756279300817;0,9474541636763342;0,676518985376758
ToN-IoT;RANDOM_L2;linear;2;5;1024;2;136,1215045452118;7,390829563140869;18,23070909047833;0,665995403823829;0,994809026829135;0,5652457387686671;0,7208869530785983;0,4768213884244112;0,0095;0,4347542612313329;0,8320317318140892;0,9549879847554922;0,4347542612313329;0,4836883129190457;0,9988505747126436;0,3237604396286752;0,4890149827663017;0,3178686528725172;0,0012;0,6762395603713248;0,8175760734577292;0,9476396370140732;0,6762395603713248
ToN-IoT;C&W;linear;2;5;1024;2;136,1215045452118;6,1770617961883545;22,298561918074345;0,665995403823829;0,994809026829135;0,5652457387686671;0,7208869530785983;0,4768213884244112;0,0095;0,4347542612313329;0,8320317318140892;0,9549879847554922;0,4347542612313329;0,4430097846430856;0,999770194185913;0,2701418858083144;0,4253519749706687;0,283702468350645;0,0002;0,7298581141916856;0,7771366590083517;0,935168923437721;0,7298581141916856
ToN-IoT;FGSM;linear;2;5;1024;3;139,0207347869873;18,58853435516357;1,7721339050913332;0,6652609633016655;0,9949085733055952;0,5642211804154118;0,7200792471520555;0,4762214057764021;0,0093;0,4357788195845881;0,8324713682511099;0,9550937628879892;0,4357788195845881;0,6475396242507522;0,994183394160584;0,5412772827470583;0,7009347673132978;0,4582158392287245;0,0102;0,4587227172529417;0,8234941087894688;0,9289137429710898;0,4587227172529417
ToN-IoT;RANDOM_LINF;linear;2;5;1024;3;139,0207347869873;7,782275438308716;16,967945224952025;0,6652609633016655;0,9949085733055952;0,5642211804154118;0,7200792471520555;0,4762214057764021;0,0093;0,4357788195845881;0,8324713682511099;0,9550937628879892;0,4357788195845881;0,4955815110521452;0,986195226220164;0,3437858983513924;0,5098418399060709;0,3158944026497968;0,0155;0,6562141016486075;0,8103927070073582;0,9423249851401312;0,6562141016486075
ToN-IoT;RANDOM_L2;linear;2;5;1024;3;139,0207347869873;7,872077226638794;17,02717429932005;0,6652609633016655;0,9949085733055952;0,5642211804154118;0,7200792471520555;0,4762214057764021;0,0093;0,4357788195845881;0,8324713682511099;0,9550937628879892;0,4357788195845881;0,494989220308465;0,9870338907269964;0,3426992455524853;0,5087573746312685;0,3162162197649786;0,0145;0,6573007544475147;0,8101422304324878;0,942590279047016;0,6573007544475147
ToN-IoT;C&W;linear;2;5;1024;3;139,0207347869873;5,575176477432251;19,66642185315928;0,6652609633016655;0,9949085733055952;0,5642211804154118;0,7200792471520555;0,4762214057764021;0,0093;0,4357788195845881;0,8324713682511099;0,9550937628879892;0,4357788195845881;0,4685967447700727;0,9775368688348473;0,3107516532646154;0,4715887674330946;0,2854344304489566;0,023;0,6892483467353845;0,7569777577695677;0,9188927125148644;0,6892483467353845
ToN-IoT;FGSM;linear;2;5;2048;2;137,0302128791809;18,09281873703003;2,835888080741067;0,6654741879693904;0,9944240966489916;0,5647800304262783;0,7204071125896004;0,4758456553352971;0,0102;0,4352199695737216;0,833002955695613;0,9552434630995544;0,4352199695737216;0,6371153071619797;0,9985832349468712;0,5251948213232326;0,6883558159881178;0,4534915163077817;0,0024;0,4748051786767673;0,8090101695178366;0,9458875561640776;0,4748051786767673
ToN-IoT;RANDOM_LINF;linear;2;5;2048;2;137,0302128791809;7,340451955795288;18,37996635788576;0,6654741879693904;0,9944240966489916;0,5647800304262783;0,7204071125896004;0,4758456553352971;0,0102;0,4352199695737216;0,833002955695613;0,9552434630995544;0,4352199695737216;0,4816745243905328;0,9999032226846029;0,320779906237387;0,4857317474495792;0,31711387522266;0,0001;0,6792200937626129;0,8164196249495483;0,9463510539803838;0,6792200937626129
ToN-IoT;RANDOM_L2;linear;2;5;2048;2;137,0302128791809;7,194857358932495;18,351536402189105;0,6654741879693904;0,9944240966489916;0,5647800304262783;0,7204071125896004;0,4758456553352971;0,0102;0,4352199695737216;0,833002955695613;0,9552434630995544;0,4352199695737216;0,4819588239474993;0,9993241286086704;0,3213387562482536;0,4863036226095945;0,31682489111097;0,0007;0,6786612437517464;0,8176826663354962;0,94650583372605;0,6786612437517464
ToN-IoT;C&W;linear;2;5;2048;2;137,0302128791809;5,655955076217651;24,617972470326237;0,6654741879693904;0,9944240966489916;0,5647800304262783;0,7204071125896004;0,4758456553352971;0,0102;0,4352199695737216;0,833002955695613;0,9552434630995544;0,4352199695737216;0,419294463266128;1,0;0,2390015213139184;0,385796977973789;0,2631610198764345;0,0;0,7609984786860815;0,7849699136887205;0,9335519311778914;0,7609984786860815
ToN-IoT;FGSM;linear;2;5;2048;3;139,59134030342102;13,674580097198486;3,278921557013903;0,6652609633016655;0,9944754403238156;0,5644695581980191;0,7201679507238914;0,4756987581635585;0,0101;0,4355304418019808;0,8320849731441522;0,9550046631316192;0,4355304418019808;0,6324717477315265;0,99484291641968;0,5210655406873855;0,6839177652356405;0,4447503075543199;0,0087;0,4789344593126144;0,8135492502095687;0,9475268217527124;0,4789344593126144
ToN-IoT;RANDOM_LINF;linear;2;5;2048;3;139,59134030342102;7,473097085952759;18,358643891113267;0,6652609633016655;0,9944754403238156;0,5644695581980191;0,7201679507238914;0,4756987581635585;0,0101;0,4355304418019808;0,8320849731441522;0,9550046631316192;0,4355304418019808;0,4816745243905328;0,996730454851428;0,3218044645906424;0,4865283514832895;0,3141883993483111;0,0034;0,6781955354093576;0,8155816976621443;0,9459085096465972;0,6781955354093576
ToN-IoT;RANDOM_L2;linear;2;5;2048;3;139,59134030342102;6,97523832321167;18,52448529934374;0,6652609633016655;0,9944754403238156;0,5644695581980191;0,7201679507238914;0,4756987581635585;0,0101;0,4355304418019808;0,8320849731441522;0,9550046631316192;0,4355304418019808;0,4800161103082281;0,995556843427026;0,3200037256667391;0,4843287439500023;0,3116927577173548;0,0046;0,6799962743332609;0,8150035393834022;0,9454378532519258;0,6799962743332609
ToN-IoT;C&W;linear;2;5;2048;3;139,59134030342102;5,89910364151001;23,54947996872705;0,6652609633016655;0,9944754403238156;0,5644695581980191;0,7201679507238914;0,4756987581635585;0,0101;0,4355304418019808;0,8320849731441522;0,9550046631316192;0,4355304418019808;0,429766163614395;0,9921402660217654;0,254742463286659;0,4053953902023271;0,2659269895072131;0,0065;0,7452575367133409;0,7812431944487566;0,9297369905002631;0,7452575367133409
ToN-IoT;FGSM;linear;2;10;1024;2;72,59898066520691;8,14729905128479;2,8050889620697017;0,6654031130801488;0,9945854298840516;0,5645937470893229;0,7202978630701286;0,4759708011806754;0,0099;0,4354062529106771;0,8328885358129715;0,9552079890298808;0,4354062529106771;0,6373522234594517;0,9794621581754228;0,5359992548666522;0,6928463930972208;0,4309133028662814;0,0362;0,4640007451333478;0,8176215157254184;0,8797540829282625;0,4640007451333478
ToN-IoT;RANDOM_LINF;linear;2;10;1024;2;72,59898066520691;4,3553993701934814;15,849700300883695;0,6654031130801488;0,9945854298840516;0,5645937470893229;0,7202978630701286;0,4759708011806754;0,0099;0,4354062529106771;0,8328885358129715;0,9552079890298808;0,4354062529106771;0,5069061100713118;0,9697444352844188;0,365208482101276;0,5305938338708586;0,3086548538222382;0,0367;0,634791517898724;0,8083129575584463;0,9377899728144058;0,634791517898724
ToN-IoT;RANDOM_L2;linear;2;10;1024;2;72,59898066520691;4,329978466033936;15,64358312208297;0,6654031130801488;0,9945854298840516;0,5645937470893229;0,7202978630701286;0,4759708011806754;0,0099;0,4354062529106771;0,8328885358129715;0,9552079890298808;0,4354062529106771;0,508967281859319;0,9681970154122156;0,368623676612127;0,5339539485518978;0,3087018595770864;0,039;0,631376323387873;0,807685761743612;0,93730640015818;0,631376323387873
ToN-IoT;C&W;linear;2;10;1024;2;72,59898066520691;3,012974977493286;17,92508706673932;0,6654031130801488;0,9945854298840516;0,5645937470893229;0,7202978630701286;0,4759708011806754;0,0099;0,4354062529106771;0,8328885358129715;0,9552079890298808;0,4354062529106771;0,4861522424127555;0,9340650272322164;0,3514235151665683;0,510704536738331;0,2551891960457646;0,0799;0,6485764848334317;0,7531336241423204;0,9094032913041076;0,6485764848334317
ToN-IoT;FGSM;linear;2;10;1024;3;73,67385196685791;11,695847272872925;1,5731242152147715;0,6658058707858514;0,9948608605325024;0,5649663137632339;0,7206732673267326;0,4766980439530391;0,0094;0,4350336862367661;0,8337906020056506;0,9554019687756372;0,4350336862367661;0,6500746286337037;0,985144383241529;0,549722127355708;0,705671356263202;0,4497466368858044;0,0267;0,450277872644292;0,8254972461113352;0,9465483886280668;0,450277872644292
ToN-IoT;RANDOM_LINF;linear;2;10;1024;3;73,67385196685791;5,235056161880493;20,25871259683954;0,6658058707858514;0,9948608605325024;0,5649663137632339;0,7206732673267326;0,4766980439530391;0,0094;0,4350336862367661;0,8337906020056506;0,9554019687756372;0,4350336862367661;0,463218744817456;0,981645824929407;0,3022136669874879;0,4621483679525222;0,2848429038328924;0,0182;0,697786333012512;0,7961694712657953;0,9308743240392312;0,697786333012512
ToN-IoT;RANDOM_L2;linear;2;10;1024;3;73,67385196685791;4,5438971519470215;20,332156649055893;0,6658058707858514;0,9948608605325024;0,5649663137632339;0,7206732673267326;0,4766980439530391;0,0094;0,4350336862367661;0,8337906020056506;0,9554019687756372;0,4350336862367661;0,4624843042952924;0,9812961277929432;0,3013443447483622;0,4610926365795724;0,2839185584215912;0,0185;0,6986556552516378;0,7958734701480953;0,9306368200625256;0,6986556552516378
ToN-IoT;C&W;linear;2;10;1024;3;73,67385196685791;2,950141906738281;30,448482551114697;0,6658058707858514;0,9948608605325024;0,5649663137632339;0,7206732673267326;0,4766980439530391;0,0094;0,4350336862367661;0,8337906020056506;0,9554019687756372;0,4350336862367661;0,3613210452747044;0,9590837559013814;0,1702940172001614;0,2892322294874499;0,1824928058843436;0,0234;0,8297059827998385;0,7497102874972834;0,903982107110254;0,8297059827998385
ToN-IoT;FGSM;linear;2;10;2048;2;72,43863129615784;8,247560262680054;3,3476272832808074;0,6663981615295316;0,994543867306853;0,5659287776708374;0,721372459781942;0,4768963342755742;0,01;0,4340712223291627;0,832638695706169;0,9551374151370154;0,4340712223291627;0,6329218886967235;0,9725221914400408;0,5340432798286193;0,6894741061407728;0,4183329586365171;0,0486;0,4659567201713807;0,7939566968859635;0,8919314610798813;0,4659567201713807
ToN-IoT;RANDOM_LINF;linear;2;10;2048;2;72,43863129615784;4,098998785018921;20,602241228174083;0,6663981615295316;0,994543867306853;0,5659287776708374;0,721372459781942;0,4768963342755742;0,01;0,4340712223291627;0,832638695706169;0,9551374151370154;0,4340712223291627;0,4603757492477907;0,9662843583152066;0,3034245086776987;0,4618292654112421;0,268277550443492;0,0341;0,6965754913223012;0,7819359992548667;0,9219407051863376;0,6965754913223012
ToN-IoT;RANDOM_L2;linear;2;10;2048;2;72,43863129615784;3,363956451416016;20,926816555710865;0,6663981615295316;0,994543867306853;0,5659287776708374;0,721372459781942;0,4768963342755742;0,01;0,4340712223291627;0,832638695706169;0,9551374151370154;0,4340712223291627;0,4571299959724229;0,9646106168149556;0,2995746530472849;0,4571685776556429;0,2641473376113288;0,0354;0,7004253469527151;0,7792383712626907;0,920373896787492;0,7004253469527151
ToN-IoT;C&W;linear;2;10;2048;2;72,43863129615784;3,0069079399108887;31,047880783719105;0,6663981615295316;0,994543867306853;0,5659287776708374;0,721372459781942;0,4768963342755742;0,01;0,4340712223291627;0,832638695706169;0,9551374151370154;0,4340712223291627;0,3559193536923405;0,898714081600254;0,175758328417523;0,294016827672172;0,1335984807918356;0,0638;0,824241671582477;0,7082724347232141;0,8717892605352131;0,824241671582477
ToN-IoT;FGSM;linear;2;10;2048;3;73,65438532829285;7,308553218841553;3,297874860811678;0,6662323201213012;0,9944338335607096;0,5657735415567078;0,721217398187359;0,4766006745147317;0,0102;0,4342264584432923;0,8342352727498524;0,9555677769669372;0,4342264584432923;0,6332535715131844;0,9882668845951784;0,5256294824427955;0,6862586137008513;0,4377209194661098;0,0201;0,4743705175572045;0,8133139355459654;0,9455790477940064;0,4743705175572045
ToN-IoT;RANDOM_LINF;linear;2;10;2048;3;73,65438532829285;4,499524593353272;20,6259328579213;0,6662323201213012;0,9944338335607096;0,5657735415567078;0,721217398187359;0,4766006745147317;0,0102;0,4342264584432923;0,8342352727498524;0,9555677769669372;0,4342264584432923;0,4599729915420882;0,9924678313631132;0,2945450029494861;0,4542712124114154;0,2919069572917895;0,0072;0,7054549970505138;0,7996894889627123;0,936237632941685;0,7054549970505138
ToN-IoT;RANDOM_L2;linear;2;10;2048;3;73,65438532829285;4,066168546676636;20,70174607311237;0,6662323201213012;0,9944338335607096;0,5657735415567078;0,721217398187359;0,4766006745147317;0,0102;0,4342264584432923;0,8342352727498524;0,9555677769669372;0,4342264584432923;0,4592148593901775;0,992132592048673;0,2936446334875345;0,4531646782617028;0,2909678371450477;0,0075;0,7063553665124654;0,7983484383246917;0,9355969403778012;0,7063553665124654
ToN-IoT;C&W;linear;2;10;2048;3;73,65438532829285;3,021950483322144;29,97464995617049;0,6662323201213012;0,9944338335607096;0,5657735415567078;0,721217398187359;0,4766006745147317;0,0102;0,4342264584432923;0,8342352727498524;0,9555677769669372;0,4342264584432923;0,3664858205595963;1,0;0,1697972616349467;0,2903020330166144;0,2149788646768391;0,0;0,8302027383650532;0,7457079946598777;0,9159006017759972;0,8302027383650532
ToN-IoT;FGSM;linear;2;15;1024;2;51,89129829406738;10,357609272003174;3,5632211139804304;0,6665403113080148;0,9950857267664082;0,5658045887795337;0,7214140094610375;0,4776901696911239;0,009;0,4341954112204663;0,8345818435840914;0,9556416461139354;0,4341954112204663;0,6309081001682105;0,9773797221265358;0,5285479213884318;0,68607814294638;0,4224571523429279;0,0394;0,4714520786115682;0,7872381166754634;0,9328794450524832;0,4714520786115682
ToN-IoT;RANDOM_LINF;linear;2;15;1024;2;51,89129829406738;3,322658061981201;21,002629770901937;0,6665403113080148;0,9950857267664082;0,5658045887795337;0,7214140094610375;0,4776901696911239;0,009;0,4341954112204663;0,8345818435840914;0,9556416461139354;0,4341954112204663;0,4565140135989954;0,977537351880474;0,2945450029494861;0,4526888390513909;0,2756000224776573;0,0218;0,7054549970505138;0,7863371014312771;0,9271213751737076;0,7054549970505138
ToN-IoT;RANDOM_L2;linear;2;15;1024;2;51,89129829406738;2,972083568572998;20,907863251913096;0,6665403113080148;0,9950857267664082;0,5658045887795337;0,7214140094610375;0,4776901696911239;0,009;0,4341954112204663;0,8345818435840914;0,9556416461139354;0,4341954112204663;0,4574616787888839;0,978611825192802;0,2954764196342637;0,4539037535174322;0,2773514511884942;0,0208;0,7045235803657363;0,7860046648452297;0,9273741648010758;0,7045235803657363
ToN-IoT;C&W;linear;2;15;1024;2;51,89129829406738;2,041563034057617;30,953114264730264;0,6665403113080148;0,9950857267664082;0,5658045887795337;0,7214140094610375;0,4776901696911239;0,009;0,4341954112204663;0,8345818435840914;0,9556416461139354;0,4341954112204663;0,3570091686607122;0,957078449053201;0,164767611537148;0,2811357736928537;0,1774341722160749;0,0238;0,835232388462852;0,710688068552268;0,8903358538698137;0,835232388462852
ToN-IoT;FGSM;linear;2;15;1024;3;52,49122762680054;8,062523603439331;2,8050889620697017;0,6657347958966098;0,9950765864332604;0,5647489832034525;0,7205529917407753;0,4768885848109838;0,009;0,4352510167965475;0,8348659598248936;0,955728522229903;0,4352510167965475;0,6376839062759128;0,9840334210827516;0,5338569964916638;0,692188474931063;0,4367672873488583;0,0279;0,4661430035083362;0,7638298612189139;0,9083407803549663;0,4661430035083362
ToN-IoT;RANDOM_LINF;linear;2;15;1024;3;52,49122762680054;3,140634059906006;20,06681039588713;0,6657347958966098;0,9950765864332604;0,5647489832034525;0,7205529917407753;0,4768885848109838;0,009;0,4352510167965475;0,8348659598248936;0,955728522229903;0,4352510167965475;0,4650666919377384;0,984308992154496;0,3038281225744357;0,4643306208630874;0,2888077210967599;0,0156;0,6961718774255643;0,7909381803222703;0,9295346969327376;0,6961718774255643
ToN-IoT;RANDOM_L2;linear;2;15;1024;3;52,49122762680054;2,863391876220703;19,855954891136967;0,6657347958966098;0,9950765864332604;0,5647489832034525;0,7205529917407753;0,4768885848109838;0,009;0,4352510167965475;0,8348659598248936;0,955728522229903;0,4352510167965475;0,4671752469852401;0,9847381546134664;0,3064981837374647;0,4674906473457404;0,2909478030195851;0,0153;0,6935018162625353;0,7941410428762148;0,9304861972825408;0,6935018162625353
ToN-IoT;C&W;linear;2;15;1024;3;52,49122762680054;2,04158091545105;27,19088346087328;0,6657347958966098;0,9950765864332604;0,5647489832034525;0,7205529917407753;0,4768885848109838;0,009;0,4352510167965475;0,8348659598248936;0,955728522229903;0,4352510167965475;0,393825961287877;0,9574526868351982;0,2151883014064392;0,3513993104846887;0,2079863722067756;0,0308;0,7848116985935608;0,7247036961718774;0,8948931578374159;0,7848116985935608
ToN-IoT;FGSM;linear;2;15;2048;2;51,73076486587525;5,476919412612915;2,8927479921343813;0,6659243289345874;0,9947000327833024;0,5652146915458413;0,7208330858624854;0,4766201000767145;0,0097;0,4347853084541588;0,8344290431245924;0,9555357084784656;0,4347853084541588;0,6369968490132436;0,9888830988361994;0,5302555186438573;0,6903395311236863;0,4419439069558843;0,0192;0,4697444813561427;0,7947505588500109;0,928423616367084;0,4697444813561427
ToN-IoT;RANDOM_LINF;linear;2;15;2048;2;51,73076486587525;3,904597997665405;20,043118766139923;0,6659243289345874;0,9947000327833024;0,5652146915458413;0,7208330858624854;0,4766201000767145;0,0097;0,4347853084541588;0,8344290431245924;0,9555357084784656;0,4347853084541588;0,4654931412731882;0,988357967199838;0,3031140364494396;0,4639437355953145;0,2928552171720773;0,0115;0,6968859635505604;0,7966652224533515;0,9348568352345308;0,6968859635505604
ToN-IoT;RANDOM_L2;linear;2;15;2048;2;51,73076486587525;3,300208330154419;20,275296737662583;0,6659243289345874;0,9947000327833024;0,5652146915458413;0,7208330858624854;0,4766201000767145;0,0097;0,4347853084541588;0,8344290431245924;0,9555357084784656;0,4347853084541588;0,4631713615579615;0,9879419578990396;0,3001645502809774;0,4604357661626384;0,2905368922394023;0,0118;0,6998354497190227;0,7960198810891365;0,9345445134201332;0,6998354497190227
ToN-IoT;C&W;linear;2;15;2048;2;51,73076486587525;2,182185649871826;28,963017365964603;0,6659243289345874;0,9947000327833024;0,5652146915458413;0,7208330858624854;0,4766201000767145;0,0097;0,4347853084541588;0,8344290431245924;0,9555357084784656;0,4347853084541588;0,3762941552749413;0,9998300764655904;0,1826818591077028;0,3089200399012968;0,224117711151277;0,0001;0,8173181408922972;0,7428083920643299;0,916761890562448;0,8173181408922972
ToN-IoT;FGSM;linear;2;15;2048;3;52,37500166893005;6,722111940383911;4,472979696273304;0,6666350778270037;0,995953188231434;0,5654320221056226;0,7213387464105357;0,478829130898487;0,0074;0,4345679778943773;0,8338162516687883;0,9554010901527265;0,4345679778943773;0,6219052808642707;0,9782787850247232;0,5159737961439349;0,6756103014411448;0,4153734755610318;0,0369;0,4840262038560651;0,7708732621317024;0,8976449478426501;0,4840262038560651
ToN-IoT;RANDOM_LINF;linear;2;15;2048;3;52,37500166893005;3,653286933898926;21,102134615840225;0,6666350778270037;0,995953188231434;0,5654320221056226;0,7213387464105357;0,478829130898487;0,0074;0,4345679778943773;0,8338162516687883;0,9554010901527265;0,4345679778943773;0,4556137316686015;0,9891891891891892;0,2897637306342948;0,4482278359427528;0,2853210220466071;0,0102;0,7102362693657053;0,7864707799062374;0,9294029767025302;0,7102362693657053
ToN-IoT;RANDOM_L2;linear;2;15;2048;3;52,37500166893005;3,3755171298980717;21,189793645904903;0,6666350778270037;0,995953188231434;0,5654320221056226;0,7213387464105357;0,478829130898487;0,0074;0,4345679778943773;0,8338162516687883;0,9554010901527265;0,4345679778943773;0,4547371413679547;0,9892507449978716;0,2885839361669098;0,4468212955173657;0,2846389286708596;0,0101;0,7114160638330901;0,7885743099754727;0,930147391608826;0,7114160638330901
ToN-IoT;C&W;linear;2;15;2048;3;52,37500166893005;2,400115489959717;31,749153024236534;0,6666350778270037;0,995953188231434;0,5654320221056226;0,7213387464105357;0,478829130898487;0,0074;0,4345679778943773;0,8338162516687883;0,9554010901527265;0,4345679778943773;0,3491435475846383;0,9978978347698128;0,1473811667546338;0,2568306010928962;0,1968202332179814;0,001;0,8526188332453662;0,7036048200813437;0,9006898418721924;0,8526188332453662
ToN-IoT;FGSM;linear;2;20;1024;2;41,15341758728027;5,419561862945557;4,757279253239832;0,6670141439029591;0,9951451014619244;0,5663944860132261;0,7219089452127976;0,4782273313124824;0,0089;0,4336055139867739;0,8342153621658543;0,9555302574530974;0,4336055139867739;0,6194413513705608;0,9782016348773842;0,5127138377472135;0,6727913466826914;0,4130599899572005;0,0368;0,4872861622527865;0,7616254168089664;0,9129142436586782;0,4872861622527865
ToN-IoT;RANDOM_LINF;linear;2;20;1024;2;41,15341758728027;2,922215700149536;20,44824563481722;0,6670141439029591;0,9951451014619244;0,5663944860132261;0,7219089452127976;0,4782273313124824;0,0089;0,4336055139867739;0,8342153621658543;0,9555302574530974;0,4336055139867739;0,4625316875547869;0,9875089587386096;0,2994504641559812;0,4595483133218982;0,2896109351630923;0,0122;0,7005495358440188;0,7895508056754325;0,9313542202516268;0,7005495358440188
ToN-IoT;RANDOM_L2;linear;2;20;1024;2;41,15341758728027;2,8244757652282715;20,469568101589708;0,6670141439029591;0,9951451014619244;0,5663944860132261;0,7219089452127976;0,4782273313124824;0,0089;0,4336055139867739;0,8342153621658543;0,9555302574530974;0,4336055139867739;0,462318462887062;0,98640081799591;0,299512558601633;0,4595012979589892;0,2884304456685647;0,0133;0,7004874413983669;0,786947418423422;0,930504605674885;0,7004874413983669
ToN-IoT;C&W;linear;2;20;1024;2;41,15341758728027;1,5748050212860107;29,901205903954136;0,6670141439029591;0,9951451014619244;0,5663944860132261;0,7219089452127976;0,4782273313124824;0,0089;0,4336055139867739;0,8342153621658543;0,9555302574530974;0,4336055139867739;0,3680020848634177;0,9965894812421467;0,1723741811294979;0,2939121228163049;0,2141483710885907;0,0019;0,827625818870502;0,7121302663851719;0,9031893261970072;0,827625818870502
ToN-IoT;FGSM;linear;2;20;1024;3;51,21362113952637;9,541768312454224;4,743064275391506;0,6671562936814424;0,9954709156389828;0,5663944860132261;0,7219946571682992;0,4787602355277802;0,0083;0,4336055139867739;0,8361112189139682;0,9559731485887936;0,4336055139867739;0,6197256509275273;0,9750117591721544;0,5148560961222018;0,6738728488124022;0,4094705148687959;0,0425;0,4851439038777981;0,76639153963178;0,9016487028877932;0,4851439038777981
ToN-IoT;RANDOM_LINF;linear;2;20;1024;3;51,21362113952637;3,484717845916748;20,46482977564027;0,6671562936814424;0,9954709156389828;0,5663944860132261;0,7219946571682992;0,4787602355277802;0,0083;0,4336055139867739;0,8361112189139682;0,9559731485887936;0,4336055139867739;0,4625079959250396;0,9866107931316436;0,2996988419385886;0,4597432905484247;0,288778487564477;0,0131;0,7003011580614114;0,7805304976869819;0,9281290913105564;0,7003011580614114
ToN-IoT;RANDOM_L2;linear;2;20;1024;3;51,21362113952637;2,33577823638916;20,775190125328724;0,6671562936814424;0,9954709156389828;0,5663944860132261;0,7219946571682992;0,4787602355277802;0,0083;0,4336055139867739;0,8361112189139682;0,9559731485887936;0,4336055139867739;0,4594043924281551;0,9874390117305096;0,2953211835201341;0,4546627790258591;0,2869357726484837;0,0121;0,7046788164798659;0,7804621379117638;0,92804152230362;0,7046788164798659
ToN-IoT;C&W;linear;2;20;1024;3;51,21362113952637;1,5758028030395508;30,457959203013573;0,6671562936814424;0,9954709156389828;0,5663944860132261;0,7219946571682992;0,4787602355277802;0,0083;0,4336055139867739;0,8361112189139682;0,9559731485887936;0,4336055139867739;0,3625767016513066;0,9599375650364204;0,1718463783414573;0,2915075707702436;0,1841580219486925;0,0231;0,8281536216585427;0,6929411515414947;0,8859988968920494;0,8281536216585427
ToN-IoT;FGSM;linear;2;20;2048;2;40,82426357269287;6,542583227157593;3,4637162690421497;0,6676064346466394;0,9954215948111408;0,5670154304697445;0,7224859561674183;0,4791434961491315;0,0084;0,4329845695302555;0,8343087351361421;0,955564835723865;0,4329845695302555;0,6329692719562179;0,985648713032363;0,5266850880188767;0,6865236746256577;0,4343339251008772;0,0247;0,4733149119811233;0,7987287279952808;0,9413671602845632;0,4733149119811233
ToN-IoT;RANDOM_LINF;linear;2;20;2048;2;40,82426357269287;3,779943704605103;21,3011443057168;0,6676064346466394;0,9954215948111408;0,5670154304697445;0,7224859561674183;0,4791434961491315;0,0084;0,4329845695302555;0,8343087351361421;0,955564835723865;0,4329845695302555;0,4545949915894714;0,9920736932305056;0,2875593778136546;0,4458779636538693;0,2870077959396067;0,0074;0,7124406221863454;0,7919133409916482;0,9311927818262888;0,7124406221863454
ToN-IoT;RANDOM_L2;linear;2;20;2048;2;40,82426357269287;2,686842203140259;21,45750906204838;0,6676064346466394;0,9954215948111408;0,5670154304697445;0,7224859561674183;0,4791434961491315;0,0084;0,4329845695302555;0,8343087351361421;0,955564835723865;0,4329845695302555;0,4530313440261556;0,9903246613631476;0,2860070166723586;0,4438341644383416;0,2841496186479577;0,009;0,7139929833276414;0,7878749029774287;0,9295831682235738;0,7139929833276414
ToN-IoT;C&W;linear;2;20;2048;2;40,82426357269287;1,550867795944214;34,06619441351371;0,6676064346466394;0,9954215948111408;0,5670154304697445;0,7224859561674183;0,4791434961491315;0,0084;0,4329845695302555;0,8343087351361421;0,955564835723865;0,4329845695302555;0,3269444905115022;0,9997369805365596;0,1180104939613151;0,2111021632279026;0,1751176136761013;0,0001;0,8819895060386849;0,7349586016330839;0,9047812939036668;0,8819895060386849
ToN-IoT;FGSM;linear;2;20;2048;3;50,98073816299439;8,807044267654419;2,217536544338883;0,6674879764979033;0,9957446808510638;0,5666739110186594;0,722293674192208;0,4794166987995545;0,0078;0,4333260889813406;0,8383230556676705;0,9565061121719411;0,4333260889813406;0,6453126110545144;0,9886054421768709;0,5414325188611878;0,6996730124977432;0,4494282893057401;0,0201;0,4585674811388121;0,7995788614983389;0,9242081568884876;0,4585674811388121
ToN-IoT;RANDOM_LINF;linear;2;20;2048;3;50,98073816299439;3,076802968978882;20,41033902722168;0,6674879764979033;0,9957446808510638;0,5666739110186594;0,722293674192208;0,4794166987995545;0,0078;0,4333260889813406;0,8383230556676705;0,9565061121719411;0,4333260889813406;0,4633845862256864;0,97982130308202;0,3030208947809618;0,4628883092245672;0,2833027440003536;0,0201;0,6969791052190382;0,7914568769598559;0,9307909371981112;0,6969791052190382
ToN-IoT;RANDOM_L2;linear;2;20;2048;3;50,98073816299439;2,145285129547119;20,483783079438037;0,6674879764979033;0,9957446808510638;0,5666739110186594;0,722293674192208;0,4794166987995545;0,0078;0,4333260889813406;0,8383230556676705;0,9565061121719411;0,4333260889813406;0,4626501457035229;0,9795651298570566;0,3021205253190102;0,4618086040386304;0,282465907355836;0,0203;0,6978794746809898;0,7935336132757925;0,93133188609325;0,6978794746809898
ToN-IoT;C&W;linear;2;20;2048;3;50,98073816299439;1,808182954788208;30,87493188656447;0,6674879764979033;0,9957446808510638;0,5666739110186594;0,722293674192208;0,4794166987995545;0,0078;0,4333260889813406;0,8383230556676705;0,9565061121719411;0,4333260889813406;0,3587386576322585;0,9547223204810752;0,1675929088143065;0,2851332435359057;0,1772572390917892;0,0256;0,8324070911856934;0,7164207705920705;0,8890355820552146;0,8324070911856934
ToN-IoT;FGSM;linear;4;5;1024;2;272,8647720813751;7,915908813476562;58,09898362908385;0,6657821791561042;0,9949146981627296;0,5649042193175821;0,720636869517001;0,476739771291893;0,0093;0,4350957806824179;0,8341107920146543;0,9555427506107078;0,4350957806824179;0,0847923428652657;0,0087222647283856;0,0017696917010773;0,0029423910799091;-0,7593514280115274;0,6478;0,9982303082989228;0,0704094957931013;0,5672184508138204;0,9982303082989228
ToN-IoT;RANDOM_LINF;linear;4;5;1024;2;272,8647720813751;7,907930135726929;42,7397000639674;0,6657821791561042;0,9949146981627296;0,5649042193175821;0,720636869517001;0,476739771291893;0,0093;0,4350957806824179;0,8341107920146543;0,9555427506107078;0,4350957806824179;0,2383851785164301;0,9305555555555556;0,0020801639293365;0,0041510486044422;0,0162814361436477;0,0005;0,9979198360706636;0,6272910739234375;0,8333078540100026;0,9979198360706636
ToN-IoT;RANDOM_L2;linear;4;5;1024;2;272,8647720813751;8,89780068397522;24,94017863488829;0,6657821791561042;0,9949146981627296;0,5649042193175821;0,720636869517001;0,476739771291893;0,0093;0,4350957806824179;0,8341107920146543;0,9555427506107078;0,4350957806824179;0,4163803928072212;0,9437609841827768;0,2500853798627713;0,3953956410759866;0,2139313339726105;0,048;0,7499146201372288;0,7572505945543171;0,900927976195907;0,7499146201372288
ToN-IoT;C&W;linear;4;5;1024;2;272,8647720813751;11,805546283721924;14,489800753393824;0,6657821791561042;0,9949146981627296;0,5649042193175821;0,720636869517001;0,476739771291893;0,0093;0,4350957806824179;0,8341107920146543;0,9555427506107078;0,4350957806824179;0,5208841716221659;0,9844002586485612;0,378124126796858;0,5463762589443933;0,3351758539607551;0,0193;0,621875873203142;0,8364032382253408;0,9458023006495156;0,621875873203142
ToN-IoT;FGSM;linear;4;5;1024;3;278,93611669540405;8,141823530197144;58,12978274775522;0,6660901703428179;0,9949183104748376;0,565307833214319;0,7209661453177588;0,477046261471123;0,0093;0,434692166785681;0,8329578828898755;0,9552121721357334;0,434692166785681;0,0847923428652657;0,0087222647283856;0,0017696917010773;0,0029423910799091;-0,7593514280115274;0,6478;0,9982303082989228;0,0631803331367009;0,565241623575276;0,9982303082989228
ToN-IoT;RANDOM_LINF;linear;4;5;1024;3;278,93611669540405;8,036594152450562;42,78234499751238;0,6660901703428179;0,9949183104748376;0,565307833214319;0,7209661453177588;0,477046261471123;0,0093;0,434692166785681;0,8329578828898755;0,9552121721357334;0,434692166785681;0,238266720367694;0,9384615384615383;0,001893880592381;0,0037801326144884;0,0161986921143805;0,0004;0,998106119407619;0,6255561939209537;0,8321768196674193;0,998106119407619
ToN-IoT;RANDOM_L2;linear;4;5;1024;3;278,93611669540405;8,804548263549805;25,032575990902416;0,6660901703428179;0,9949183104748376;0,565307833214319;0,7209661453177588;0,477046261471123;0,0093;0,434692166785681;0,8329578828898755;0,9552121721357334;0,434692166785681;0,4157644104337937;0,9428604951308224;0,2494954826290788;0,3945792006284985;0,2126775224415631;0,0487;0,7505045173709212;0,7550280170138781;0,8996217653802797;0,7505045173709212
ToN-IoT;C&W;linear;4;5;1024;3;278,93611669540405;12,499705791473389;15,08209149707409;0,6660901703428179;0,9949183104748376;0,565307833214319;0,7209661453177588;0,477046261471123;0,0093;0,434692166785681;0,8329578828898755;0,9552121721357334;0,434692166785681;0,515269255372077;0,9817928319527598;0,371666304449067;0,5392099454979505;0,3278402202758844;0,0222;0,628333695550933;0,8377145269955603;0,9464353058728624;0,628333695550933
ToN-IoT;FGSM;linear;4;5;2048;2;275,80116605758667;7,987721920013428;58,07766116231136;0,6655689544883793;0,9950205198358412;0,564562699866497;0,7203866571587038;0,4766583280229992;0,0091;0,435437300133503;0,8343350709429042;0,95556579180198;0,435437300133503;0,0847923428652657;0,0087222647283856;0,0017696917010773;0,0029423910799091;-0,7593514280115274;0,6478;0,9982303082989228;0,0645233707969822;0,5657212165829644;0,9982303082989228
ToN-IoT;RANDOM_LINF;linear;4;5;2048;2;275,80116605758667;7,925886631011963;42,70179345637186;0,6655689544883793;0,9950205198358412;0,564562699866497;0,7203866571587038;0,4766583280229992;0,0091;0,435437300133503;0,8343350709429042;0,95556579180198;0,435437300133503;0,2385510199246606;0,96;0,0022354000434661;0,0044604138272828;0,0195394524768904;0,0003;0,997764599956534;0,6257112732466081;0,8323723448569108;0,997764599956534
ToN-IoT;RANDOM_L2;linear;4;5;2048;2;275,80116605758667;8,97161054611206;24,0398967044943;0,6655689544883793;0,9950205198358412;0,564562699866497;0,7203866571587038;0,4766583280229992;0,0091;0,435437300133503;0,8343350709429042;0,95556579180198;0,435437300133503;0,4251699874434362;0,9418371886120996;0,2629389301127014;0,4111065265406179;0,2187353163317407;0,0523;0,7370610698872986;0,7576982504889939;0,9009605751553944;0,7370610698872986
ToN-IoT;C&W;linear;4;5;2048;2;275,80116605758667;12,21995735168457;11,416996375180656;0,6655689544883793;0,9950205198358412;0,564562699866497;0,7203866571587038;0,4766583280229992;0,0091;0,435437300133503;0,8343350709429042;0,95556579180198;0,435437300133503;0,5513989907365727;0,9545267771538144;0,4327361917476481;0,5955010574437632;0,3274557850820059;0,0664;0,5672638082523518;0,834459360737682;0,944371969256308;0,5672638082523518
ToN-IoT;FGSM;linear;4;5;2048;3;283,40077114105225;7,997201204299927;58,08950697718495;0,6656874126371153;0,9949135856486544;0,5647800304262783;0,7205355197750183;0,4766454940392294;0,0093;0,4352199695737216;0,833865545344469;0,955454207858328;0,4352199695737216;0,0847923428652657;0,0087222647283856;0,0017696917010773;0,0029423910799091;-0,7593514280115274;0,6478;0,9982303082989228;0,0645346129963674;0,5655870528142911;0,9982303082989228
ToN-IoT;RANDOM_LINF;linear;4;5;2048;3;283,40077114105225;8,010167598724365;42,70416261934658;0,6656874126371153;0,9949135856486544;0,5647800304262783;0,7205355197750183;0,4766454940392294;0,0093;0,4352199695737216;0,833865545344469;0,955454207858328;0,4352199695737216;0,2386457864436494;0,9620253164556962;0,0023595889347697;0,0047076313181367;0,0202609542259437;0,0003;0,9976404110652304;0,6266026017572728;0,8328701779008127;0,9976404110652304
ToN-IoT;RANDOM_L2;linear;4;5;2048;3;283,40077114105225;8,909263610839844;25,106020043118765;0,6656874126371153;0,9949135856486544;0,5647800304262783;0,7205355197750183;0,4766454940392294;0,0093;0,4352199695737216;0,833865545344469;0,955454207858328;0,4352199695737216;0,4146272122059276;0,9417029796254858;0,2482535937160421;0,3929238329238329;0,2108110090827689;0,0495;0,751746406283958;0,7553790974572324;0,8998902986978471;0,751746406283958
ToN-IoT;C&W;linear;4;5;2048;3;283,40077114105225;12,48225235939026;16,75708972020185;0,6656874126371153;0,9949135856486544;0,5647800304262783;0,7205355197750183;0,4766454940392294;0,0093;0,4352199695737216;0,833865545344469;0,955454207858328;0,4352199695737216;0,4981165154350968;1,0;0,3422956316557484;0,5100152657630569;0,3313101701238934;0,0;0,6577043683442516;0,8300048526809276;0,9455126217061688;0,6577043683442516
ToN-IoT;FGSM;linear;4;10;1024;2;139,62420415878296;3,937508344650269;58,20796512592101;0,6668719941244758;0,9954679480179098;0,5660219193393151;0,7216911109791581;0,4784771599559227;0,0083;0,4339780806606849;0,8349906097674563;0,9557429643359232;0,4339780806606849;0,0847923428652657;0,0087222647283856;0,0017696917010773;0,0029423910799091;-0,7593514280115274;0,6478;0,9982303082989228;0,0809527135272749;0,5694678411305718;0,9982303082989228
ToN-IoT;RANDOM_LINF;linear;4;10;1024;2;139,62420415878296;4,024278163909912;42,63308773010496;0,6668719941244758;0,9954679480179098;0,5660219193393151;0,7216911109791581;0,4784771599559227;0,0083;0,4339780806606849;0,8349906097674563;0,9557429643359232;0,4339780806606849;0,2405411168234262;0,9636363636363636;0,0049365084293209;0,0098226972261691;0,0295484585335527;0,0006;0,995063491570679;0,6398827020398025;0,8383378356099233;0,995063491570679
ToN-IoT;RANDOM_L2;linear;4;10;1024;2;139,62420415878296;4,41922402381897;24,665355729820654;0,6668719941244758;0,9954679480179098;0,5660219193393151;0,7216911109791581;0,4784771599559227;0,0083;0,4339780806606849;0,8349906097674563;0,9557429643359232;0,4339780806606849;0,4202184368262693;0,9410557519097024;0,256263777205129;0,4028306490971205;0,2143742671219764;0,0517;0,743736222794871;0,7601683877177186;0,9022453183678218;0,743736222794871
ToN-IoT;C&W;linear;4;10;1024;2;139,62420415878296;6,008989095687866;14,660380487573743;0,6668719941244758;0,9954679480179098;0,5660219193393151;0,7216911109791581;0,4784771599559227;0,0083;0,4339780806606849;0,8349906097674563;0,9557429643359232;0,4339780806606849;0,5202681892487384;0,9818694601128124;0,3783104101338135;0,5461798785270848;0,3320630366858178;0,0225;0,6216895898661865;0,8343273867552548;0,9416236381359194;0,6216895898661865
ToN-IoT;FGSM;linear;4;10;1024;3;142,00926685333252;4,041249752044678;58,21033428889572;0,666895685754223;0,9951437769411252;0,5662392498990966;0,7217824916890929;0,478109323141526;0,0089;0,4337607501009035;0,8336862367661213;0,9553832006419974;0,4337607501009035;0,0847923428652657;0,0087222647283856;0,0017696917010773;0,0029423910799091;-0,7593514280115274;0,6478;0,9982303082989228;0,0762578083765407;0,5684170862439348;0,9982303082989228
ToN-IoT;RANDOM_LINF;linear;4;10;1024;3;142,00926685333252;4,482453107833862;42,72785424909379;0,666895685754223;0,9951437769411252;0,5662392498990966;0,7217824916890929;0,478109323141526;0,0089;0,4337607501009035;0,8336862367661213;0,9553832006419974;0,4337607501009035;0,2396171432632851;0,9596774193548387;0,0036946195162842;0,0073609006278415;0,0250976612287265;0,0005;0,9963053804837158;0,639433948585799;0,8388876440269664;0,9963053804837158
ToN-IoT;RANDOM_L2;linear;4;10;1024;3;142,00926685333252;4,818179130554199;25,15340330261318;0,666895685754223;0,9951437769411252;0,5662392498990966;0,7217824916890929;0,478109323141526;0,0089;0,4337607501009035;0,8336862367661213;0,9553832006419974;0,4337607501009035;0,4153616527280911;0,9427462967317188;0,2489676798410382;0,3939088787916001;0,2122767929477106;0,0487;0,7510323201589618;0,7572992641808189;0,9008779881728132;0,7510323201589618
ToN-IoT;C&W;linear;4;10;1024;3;142,00926685333252;6,129685640335083;17,081665047738632;0,666895685754223;0,9951437769411252;0,5662392498990966;0,7217824916890929;0,478109323141526;0,0089;0,4337607501009035;0,8336862367661213;0,9553832006419974;0,4337607501009035;0,4960790352768366;0,994843029041889;0,3413952621937968;0,5083445055707088;0,3246556011769793;0,0057;0,6586047378062032;0,8337984010680244;0,9414581357906572;0,6586047378062032
ToN-IoT;FGSM;linear;4;10;2048;2;144,02692079544067;4,138480424880981;58,26008671136488;0,6673932099789145;0,9958519812247572;0,5664876276817039;0,7221705487720409;0,4794528141759526;0,0076;0,4335123723182961;0,8353823651774349;0,955808919073802;0,4335123723182961;0,0847923428652657;0,0087222647283856;0,0017696917010773;0,0029423910799091;-0,7593514280115274;0,6478;0,9982303082989228;0,0720043357446676;0,5674878439839239;0,9982303082989228
ToN-IoT;RANDOM_LINF;linear;4;10;2048;2;144,02692079544067;4,49302864074707;42,70179345637187;0,6673932099789145;0,9958519812247572;0,5664876276817039;0,7221705487720409;0,4794528141759526;0,0076;0,4335123723182961;0,8353823651774349;0,955808919073802;0,4335123723182961;0,2403752754151958;0,9345238095238096;0,0048744139836691;0,0096982425796089;0,0254886593743879;0,0011;0,9951255860163308;0,6399064391940141;0,838656867251512;0,9951255860163308
ToN-IoT;RANDOM_L2;linear;4;10;2048;2;144,02692079544067;5,0964202880859375;24,78144471558199;0,6673932099789145;0,9958519812247572;0,5664876276817039;0,7221705487720409;0,4794528141759526;0,0076;0,4335123723182961;0,8353823651774349;0,955808919073802;0,4335123723182961;0,4195787628230946;0,940974605353466;0,2553944549660032;0,4017484310517448;0,21382928850986;0,0516;0,7446055450339967;0,7582227653761371;0,9009264226465672;0,7446055450339967
ToN-IoT;C&W;linear;4;10;2048;2;144,02692079544067;6,0010271072387695;13,689023667938129;0,6673932099789145;0,9958519812247572;0,5664876276817039;0,7221705487720409;0,4794528141759526;0,0076;0,4335123723182961;0,8353823651774349;0,955808919073802;0,4335123723182961;0,5305029732995332;0,976395509764724;0,3942686826663355;0,5617162446090899;0,3348031059242087;0,0307;0,6057313173336645;0,8326785386072216;0,9404842369198496;0,6057313173336645
ToN-IoT;FGSM;linear;4;10;2048;3;143,27093410491943;3,992361307144165;58,29799331896041;0,6677722760548698;0,9960178922103424;0,5668912415784408;0,7225420945371085;0,4800259604353243;0,0073;0,4331087584215592;0,8351027492315812;0,9557167909537828;0,4331087584215592;0,0847923428652657;0,0087222647283856;0,0017696917010773;0,0029423910799091;-0,7593514280115274;0,6478;0,9982303082989228;0,0958136405973485;0,5737606471474381;0,9982303082989228
ToN-IoT;RANDOM_LINF;linear;4;10;2048;3;143,27093410491943;4,01081919670105;42,70179345637186;0,6677722760548698;0,9960178922103424;0,5668912415784408;0,7225420945371085;0,4800259604353243;0,0073;0,4331087584215592;0,8351027492315812;0,9557167909537828;0,4331087584215592;0,2407543414911511;0,95;0,005309075103232;0,0105591404489178;0,0287690377597948;0,0009;0,994690924896768;0,6379904731596758;0,8376832342562341;0,994690924896768
ToN-IoT;RANDOM_L2;linear;4;10;2048;3;143,27093410491943;4,493046760559082;24,35736454310692;0,6677722760548698;0,9960178922103424;0,5668912415784408;0,7225420945371085;0,4800259604353243;0,0073;0,4331087584215592;0,8351027492315812;0,9557167909537828;0,4331087584215592;0,4241986306238006;0,9398019361299657;0,2622248439877053;0,4100398096902612;0,216168439881107;0,0541;0,7377751560122947;0,7595752041354902;0,9011804417753272;0,7377751560122947
ToN-IoT;C&W;linear;4;10;2048;3;143,27093410491943;6,099765539169312;15,745457129995966;0,6677722760548698;0,9960178922103424;0,5668912415784408;0,7225420945371085;0,4800259604353243;0,0073;0,4331087584215592;0,8351027492315812;0,9557167909537828;0,4331087584215592;0,5103177047549101;0,9838168707026664;0,3642770654164985;0,5316868698311997;0,3257856819156006;0,0193;0,6357229345835015;0,8368196482349655;0,9464693502940636;0,6357229345835015
ToN-IoT;FGSM;linear;4;15;1024;2;97,29563045501708;2,69481897354126;58,27904001516264;0,6675827430168921;0,9950975051748556;0,567170666583874;0,7225265489350763;0,478728905795162;0,009;0,4328293334161259;0,8377067155142972;0,9564235428191088;0,4328293334161259;0,0847923428652657;0,0087222647283856;0,0017696917010773;0,0029423910799091;-0,7593514280115274;0,6478;0,9982303082989228;0,1073652550529355;0,5767827946546126;0,9982303082989228
ToN-IoT;RANDOM_LINF;linear;4;15;1024;2;97,29563045501708;2,742691993713379;42,44592385510199;0,6675827430168921;0,9950975051748556;0,567170666583874;0,7225265489350763;0,478728905795162;0,009;0,4328293334161259;0,8377067155142972;0,9564235428191088;0,4328293334161259;0,2431235044658722;0,9145569620253164;0,0089726473966903;0,0177709454265949;0,0309403501172147;0,0027;0,9910273526033097;0,6460006457822348;0,8398052857833337;0,9910273526033097
ToN-IoT;RANDOM_L2;linear;4;15;1024;2;97,29563045501708;3,115697145462036;24,921225331090525;0,6675827430168921;0,9950975051748556;0,567170666583874;0,7225265489350763;0,478728905795162;0,009;0,4328293334161259;0,8377067155142972;0,9564235428191088;0,4328293334161259;0,4183704897059869;0,9482617347535994;0,2515135521127635;0,3975755791126816;0,2193892537389854;0,0442;0,7484864478872365;0,7639161554223974;0,9037708448378524;0,7484864478872365
ToN-IoT;C&W;linear;4;15;1024;2;97,29563045501708;3,643292427062988;19,12151436897344;0,6675827430168921;0,9950975051748556;0,567170666583874;0,7225265489350763;0,478728905795162;0,009;0,4328293334161259;0,8377067155142972;0,9564235428191088;0,4328293334161259;0,4763675993271577;0,9997033521210325;0,3138874227700332;0,4777657010538254;0,3123789762474091;0,0003;0,6861125772299668;0,8334091247787885;0,9398027441646132;0,6861125772299668
ToN-IoT;FGSM;linear;4;15;1024;3;98,86914896965028;2,7696189880371094;58,38091402307565;0,6686014830960222;0,9955398422627142;0,5682573193827812;0,7235245286002293;0,4802661089760128;0,0082;0,4317426806172187;0,8371259694495328;0,9562573325338124;0,4317426806172187;0,0847923428652657;0,0087222647283856;0,0017696917010773;0,0029423910799091;-0,7593514280115274;0,6478;0,9982303082989228;0,1177889533981185;0,5793482335416366;0,9982303082989228
ToN-IoT;RANDOM_LINF;linear;4;15;1024;3;98,86914896965028;2,784597396850586;42,52173707029306;0,6686014830960222;0,9955398422627142;0,5682573193827812;0,7235245286002293;0,4802661089760128;0,0082;0,4317426806172187;0,8371259694495328;0,9562573325338124;0,4317426806172187;0,2433841123930915;0,9475409836065574;0,0089726473966903;0,0177769576182567;0,0370113072155941;0,0016;0,9910273526033097;0,6478872364866963;0,8410488015524444;0,9910273526033097
ToN-IoT;RANDOM_L2;linear;4;15;1024;3;98,86914896965028;3,0947699546813965;24,594280840579025;0,6686014830960222;0,9955398422627142;0,5682573193827812;0,7235245286002293;0,4802661089760128;0,0082;0,4317426806172187;0,8371259694495328;0,9562573325338124;0,4317426806172187;0,4226586746902319;0,94404168554599;0,2587475550312024;0,4061700416697127;0,2188646793267908;0,0494;0,7412524449687975;0,7587659489583656;0,9010628578731098;0,7412524449687975
ToN-IoT;C&W;linear;4;15;1024;3;98,86914896965028;4,074153900146484;18,78746238953778;0,6686014830960222;0,9955398422627142;0,5682573193827812;0,7235245286002293;0,4802661089760128;0,0082;0,4317426806172187;0,8371259694495328;0,9562573325338124;0,4317426806172187;0,4807268592006444;0,9784286378428638;0,3267099257971374;0,4898519690904012;0,2961545236027481;0,0232;0,6732900742028626;0,8205180819025737;0,9364553431408812;0,6732900742028626
ToN-IoT;FGSM;linear;4;15;2048;2;97,35013699531557;2,725248098373413;58,37380653415149;0,6685304082067806;0,9964032697547685;0,5676674221490887;0,7232737989279852;0,4812375646653087;0,0066;0,4323325778509112;0,8384008926076563;0,9565551044828714;0,4323325778509112;0,0847923428652657;0,0087222647283856;0,0017696917010773;0,0029423910799091;-0,7593514280115274;0,6478;0,9982303082989228;0,1134260594864789;0,5781258770452955;0,9982303082989228
ToN-IoT;RANDOM_LINF;linear;4;15;2048;2;97,35013699531557;2,7357096672058105;42,57859698168637;0,6685304082067806;0,9964032697547685;0,5676674221490887;0,7232737989279852;0,4812375646653087;0,0066;0,4323325778509112;0,8384008926076563;0,9565551044828714;0,4323325778509112;0,2427444383899168;0,9046052631578948;0,0085379862771275;0,0169163103989173;0,0283493379311671;0,0029;0,9914620137228723;0,645724038312273;0,8388420151924542;0,9914620137228723
ToN-IoT;RANDOM_L2;linear;4;15;2048;2;97,35013699531557;3,0169599056243896;24,248383046269755;0,6685304082067806;0,9964032697547685;0,5676674221490887;0,7232737989279852;0,4812375646653087;0,0066;0,4323325778509112;0,8384008926076563;0,9565551044828714;0,4323325778509112;0,426046577744083;0,9436478826275424;0,2635909217920457;0,412075911275057;0,2210290658730444;0,0507;0,7364090782079543;0,7634125787823278;0,903307484624222;0,7364090782079543
ToN-IoT;C&W;linear;4;15;2048;2;97,35013699531557;4,033251047134399;17,820843895851596;0,6685304082067806;0,9964032697547685;0,5676674221490887;0,7232737989279852;0,4812375646653087;0,0066;0,4323325778509112;0,8384008926076563;0,9565551044828714;0,4323325778509112;0,4903219692482646;0,9991599775994028;0,3323605203514546;0,4988001770612492;0,3238350117508444;0,0009;0,6676394796485454;0,8282000263901395;0,9408833982230406;0,6676394796485454
ToN-IoT;FGSM;linear;4;15;2048;3;98,57888579368591;2,7546586990356445;58,35722239332844;0,66836456679855;0,9956453105437918;0,5678847527088702;0,7232502965599051;0,4801599744209147;0,008;0,4321152472911298;0,8380590704461487;0,9564912761881864;0,4321152472911298;0,0847923428652657;0,0087222647283856;0,0017696917010773;0,0029423910799091;-0,7593514280115274;0,6478;0,9982303082989228;0,1082854838709677;0,5768807896547823;0,9982303082989228
ToN-IoT;RANDOM_LINF;linear;4;15;2048;3;98,57888579368591;2,772610664367676;42,58333530763581;0,66836456679855;0,9956453105437918;0,5678847527088702;0,7232502965599051;0,4801599744209147;0,008;0,4321152472911298;0,8380590704461487;0,9564912761881864;0,4321152472911298;0,2425312137221919;0,9505703422053232;0,0077618057064795;0,0153978812515397;0,0349155884409308;0,0013;0,9922381942935204;0,6454100468813064;0,8411915992521657;0,9922381942935204
ToN-IoT;RANDOM_L2;linear;4;15;2048;3;98,57888579368591;3,114698648452759;25,586960126987137;0,66836456679855;0,9956453105437918;0,5678847527088702;0,7232502965599051;0,4801599744209147;0,008;0,4321152472911298;0,8380590704461487;0,9564912761881864;0,4321152472911298;0,4124949655286787;0,9464995782624412;0,2438759352975876;0,3878246272341266;0,2134039007812803;0,0444;0,7561240647024123;0,7583176177465927;0,9005695429900433;0,7561240647024123
ToN-IoT;C&W;linear;4;15;2048;3;98,57888579368591;3,8128387928009033;17,797152266104384;0,66836456679855;0,9956453105437918;0,5678847527088702;0,7232502965599051;0,4801599744209147;0,008;0,4321152472911298;0,8380590704461487;0,9564912761881864;0,4321152472911298;0,4903930441375062;0,9986948820732732;0,3326088981340619;0,4990217998882057;0,3234598039281701;0,0014;0,6673911018659381;0,832476862057189;0,9392463650479628;0,6673911018659381
ToN-IoT;FGSM;linear;4;20;1024;2;75,26996755599976;2,178194284439087;58,46146556421616;0,6694069985074274;0,9958172632951274;0,5691576888447328;0,724327314394089;0,4813955561803386;0,0077;0,4308423111552671;0,8389416094880312;0,9566735510044164;0,4308423111552671;0,0847923428652657;0,0087222647283856;0,0017696917010773;0,0029423910799091;-0,7593514280115274;0,6478;0,9982303082989228;0,1212740709118569;0,5795114055752607;0,9982303082989228
ToN-IoT;RANDOM_LINF;linear;4;20;1024;2;75,26996755599976;2,1123697757720947;42,19242341680685;0,6694069985074274;0,9958172632951274;0,5691576888447328;0,724327314394089;0,4813955561803386;0,0077;0,4308423111552671;0,8389416094880312;0,9566735510044164;0,4308423111552671;0,2474827643393589;0,9144981412639404;0,0152752336303517;0,0300485540660213;0,0404629842566859;0,0046;0,9847247663696482;0,6512096603433823;0,841583157860105;0,9847247663696482
ToN-IoT;RANDOM_L2;linear;4;20;1024;2;75,26996755599976;2,3357744216918945;23,665568954488386;0,6694069985074274;0,9958172632951274;0,5691576888447328;0,724327314394089;0,4813955561803386;0,0077;0,4308423111552671;0,8389416094880312;0,9566735510044164;0,4308423111552671;0,4327513089625435;0,9459430297798878;0,272191002514825;0,4227403139089133;0,228117279247765;0,0501;0,7278089974851749;0,761608328417523;0,9032980010021427;0,7278089974851749
ToN-IoT;C&W;linear;4;20;1024;2;75,26996755599976;2,8683555126190186;16,396976948044262;0,6694069985074274;0,9958172632951274;0,5691576888447328;0,724327314394089;0,4813955561803386;0,0077;0,4308423111552671;0,8389416094880312;0,9566735510044164;0,4308423111552671;0,5054372290269847;0,9791983764586504;0,359526840324133;0,5259452708073123;0,3171058900929751;0,0246;0,640473159675867;0,8148594569840728;0,9324665115283708;0,640473159675867
ToN-IoT;FGSM;linear;4;20;1024;3;95,63621759414671;2,1143643856048584;58,32879243763178;0,6680802672415835;0,9960747969252576;0,5672638082523518;0,7228596296882418;0,4803979314012823;0,0072;0,4327361917476481;0,839512754199137;0,9568792705110744;0,4327361917476481;0,0847923428652657;0,0087222647283856;0,0017696917010773;0,0029423910799091;-0,7593514280115274;0,6478;0,9982303082989228;0,1258132649259523;0,5814579950441108;0,9982303082989228
ToN-IoT;RANDOM_LINF;linear;4;20;1024;3;95,63621759414671;2,1761996746063232;41,93655381553697;0,6680802672415835;0,9960747969252576;0,5672638082523518;0,7228596296882418;0,4803979314012823;0,0072;0,4327361917476481;0,839512754199137;0,9568792705110744;0,4327361917476481;0,2487147290862138;0,9322916666666666;0,016672358657518;0,032758883635809;0,0468090288720915;0,0039;0,983327641342482;0,6586823512061847;0,8465333615376511;0,983327641342482
ToN-IoT;RANDOM_L2;linear;4;20;1024;3;95,63621759414671;2,3836474418640137;23,82667203676941;0,6680802672415835;0,9960747969252576;0,5672638082523518;0,7228596296882418;0,4803979314012823;0,0072;0,4327361917476481;0,839512754199137;0,9568792705110744;0,4327361917476481;0,4298135468738894;0,9459903593339176;0,2680927691018038;0,417785519026538;0,2259667062216969;0,0493;0,7319072308981962;0,7667000931416684;0,9050242205524124;0,7319072308981962
ToN-IoT;C&W;linear;4;20;1024;3;95,63621759414671;3,052864551544189;19,559809519296834;0,6680802672415835;0,9960747969252576;0,5672638082523518;0,7228596296882418;0,4803979314012823;0,0072;0,4327361917476481;0,839512754199137;0,9568792705110744;0,4327361917476481;0,4724821720486152;0,9791807228915662;0,3154087366885032;0,4771275596468157;0,2901440493032006;0,0216;0,6845912633114968;0,8294623335092677;0,937125605794272;0,6845912633114968
ToN-IoT;FGSM;linear;4;20;2048;2;75,03912401199341;2,144284963607788;58,37380653415149;0,6685304082067806;0,9965115011446636;0,567605327703437;0,7232519038670755;0,4813679717886432;0,0064;0,4323946722965631;0,8411523068086559;0,9571951191725896;0,4323946722965631;0,0847923428652657;0,0087222647283856;0,0017696917010773;0,0029423910799091;-0,7593514280115274;0,6478;0,9982303082989228;0,1227444735943369;0,5807724174920513;0,9982303082989228
ToN-IoT;RANDOM_LINF;linear;4;20;2048;2;75,03912401199341;2,171213150024414;42,147409320287146;0,6685304082067806;0,9965115011446636;0,567605327703437;0,7232519038670755;0,4813679717886432;0,0064;0,4323946722965631;0,8411523068086559;0,9571951191725896;0,4323946722965631;0,2470563150039091;0,9385245901639344;0,0142196280542705;0,0280148025812765;0,0446251629253844;0,003;0,9857803719457294;0,6571230758483654;0,8449631991999744;0,9857803719457294
ToN-IoT;RANDOM_L2;linear;4;20;2048;2;75,03912401199341;2,378659963607788;24,082541638039284;0,6685304082067806;0,9965115011446636;0,567605327703437;0,7232519038670755;0,4813679717886432;0,0064;0,4323946722965631;0,8411523068086559;0,9571951191725896;0,4323946722965631;0,4277049918263877;0,945754455883981;0,2652364246018193;0,4142864070607633;0,2241761757646044;0,049;0,7347635753981806;0,7655495699959639;0,9048271406895144;0,7347635753981806
ToN-IoT;C&W;linear;4;20;2048;2;75,03912401199341;3,006248235702514;18,998317894287947;0,6685304082067806;0,9965115011446636;0,567605327703437;0,7232519038670755;0,4813679717886432;0,0064;0,4323946722965631;0,8411523068086559;0,9571951191725896;0,4323946722965631;0,4785472292639011;0,9794114882015604;0,323449967400416;0,4862997712738645;0,2953162057056444;0,0219;0,676550032599584;0,8140980905957962;0,9321072581779904;0,676550032599584
ToN-IoT;FGSM;linear;4;20;2048;3;95,54592061042786;2,100402593612671;58,58703120187637;0,6706626548840294;0,9959367212048976;0,5707410972088547;0,725639962894981;0,4827804618667279;0,0075;0,4292589027911453;0,8386279766524884;0,9566612792348134;0,4292589027911453;0,0847923428652657;0,0087222647283856;0,0017696917010773;0,0029423910799091;-0,7593514280115274;0,6478;0,9982303082989228;0,1524940001241888;0,5883079250204455;0,9982303082989228
ToN-IoT;RANDOM_LINF;linear;4;20;2048;3;95,54592061042786;2,110374689102173;42,29192826174512;0,6706626548840294;0,9959367212048976;0,5707410972088547;0,725639962894981;0,4827804618667279;0,0075;0,4292589027911453;0,8386279766524884;0,9566612792348134;0,4292589027911453;0,2477433722665782;0,904424778761062;0,0158651308640442;0,0311832550192225;0,0387197764602708;0,0054;0,9841348691359558;0,6576583982737743;0,8433131604039916;0,9841348691359558
ToN-IoT;RANDOM_L2;linear;4;20;2048;3;95,54592061042786;2,4175567626953125;25,21026321400649;0,6706626548840294;0,9959367212048976;0,5707410972088547;0,725639962894981;0,4827804618667279;0,0075;0,4292589027911453;0,8386279766524884;0,9566612792348134;0,4292589027911453;0,4185600227439645;0,9434355118565644;0,253221149368189;0,3992754687423508;0,2152695429009873;0,0489;0,7467788506318109;0,7588067077524916;0,9011229931511672;0,7467788506318109
ToN-IoT;C&W;linear;4;20;2048;3;95,54592061042786;3,071812629699707;22,762917861119664;0,6706626548840294;0,9959367212048976;0,5707410972088547;0,725639962894981;0,4827804618667279;0,0075;0,4292589027911453;0,8386279766524884;0,9566612792348134;0,4292589027911453;0,4430334762728328;0,9924156667421328;0,272191002514825;0,4272104865628731;0,2774911223450753;0,0067;0,7278089974851749;0,8129753190102145;0,9310065871177478;0,7278089974851749
ToN-IoT;FGSM;linear;8;5;1024;2;561,9253273010254;16,57683277130127;58,22218010376934;0,6670141439029591;0,9957400327689788;0,566052966562141;0,7217878421979849;0,4789449776809505;0,0078;0,433947033437859;0,8347656276196095;0,9556790270781684;0,433947033437859;0,0847923428652657;0,0087222647283856;0,0017696917010773;0,0029423910799091;-0,7593514280115274;0,6478;0,9982303082989228;0,0630508491415442;0,5653800143139274;0,9982303082989228
ToN-IoT;RANDOM_LINF;linear;8;5;1024;2;561,9253273010254;16,450677394866943;43,0097846430856;0,6670141439029591;0,9957400327689788;0,566052966562141;0,7217878421979849;0,4789449776809505;0,0078;0,433947033437859;0,8347656276196095;0,9556790270781684;0,433947033437859;0,2369162974721031;0,0;0,0;0,0;0,0;0,0;1,0;0,6254104427333975;0,8320942758498879;1,0
ToN-IoT;RANDOM_L2;linear;8;5;1024;2;561,9253273010254;16,380118131637573;42,96713970954063;0,6670141439029591;0,9957400327689788;0,566052966562141;0,7217878421979849;0,4789449776809505;0,0078;0,433947033437859;0,8347656276196095;0,9556790270781684;0,433947033437859;0,2373427468075528;0,95;0,0005898972336924;0,0011790623351639;0,0095714777530666;0,0001;0,9994101027663076;0,6873000946940295;0,8616941947069212;0,9994101027663076
ToN-IoT;C&W;linear;8;5;1024;2;561,9253273010254;23,585947036743164;15,105783126821294;0,6670141439029591;0,9957400327689788;0,566052966562141;0,7217878421979849;0,4789449776809505;0,0078;0,433947033437859;0,8347656276196095;0,9556790270781684;0,433947033437859;0,5159563126347462;0,9818360333824252;0,3725666739110186;0,540163399428327;0,3284533997557829;0,0222;0,6274333260889814;0,8320810549846316;0,944481898537758;0,6274333260889814
ToN-IoT;FGSM;linear;8;5;1024;3;574,8716599941254;16,815696954727173;58,15821270345187;0,6663744698997844;0,9947055291741718;0,5658045887795337;0,7213140708490006;0,4770683627822838;0,0097;0,4341954112204663;0,8348602595547828;0,9557044071146044;0,4341954112204663;0,0847923428652657;0,0087222647283856;0,0017696917010773;0,0029423910799091;-0,7593514280115274;0,6478;0,9982303082989228;0,0643563600235958;0,5655861597490098;0,9982303082989228
ToN-IoT;RANDOM_LINF;linear;8;5;1024;3;574,8716599941254;16,87254524230957;42,945817242768136;0,6663744698997844;0,9947055291741718;0,5658045887795337;0,7213140708490006;0,4770683627822838;0,0097;0,4341954112204663;0,8348602595547828;0,9557044071146044;0,4341954112204663;0,2369162974721031;0,0;0,0;0,0;0,0;0,0;1,0;0,6275244931540874;0,8329530713457339;1,0
ToN-IoT;RANDOM_L2;linear;8;5;1024;3;574,8716599941254;16,731449365615845;42,89843398327371;0,6663744698997844;0,9947055291741718;0,5658045887795337;0,7213140708490006;0,4770683627822838;0,0097;0,4341954112204663;0,8348602595547828;0,9557044071146044;0,4341954112204663;0,2373901300670473;1,0;0,0006209444565183;0,001241118247541;0,0121318424410348;0,0;0,9993790555434816;0,6883663060014281;0,8625303280984791;0,9993790555434816
ToN-IoT;C&W;linear;8;5;1024;3;574,8716599941254;25,52153325080872;16,68601483096023;0,6663744698997844;0,9947055291741718;0,5658045887795337;0,7213140708490006;0,4770683627822838;0,0097;0,4341954112204663;0,8348602595547828;0,9557044071146044;0,4341954112204663;0,4995143215901821;0,9998196248196248;0,3441895122481294;0,5120909069912465;0,33233833675019;0,0002;0,6558104877518706;0,8342587972305876;0,9468316667177756;0,6558104877518706
ToN-IoT;FGSM;linear;8;5;2048;2;571,9132809638977;18,484241008758545;58,17953517022436;0,6665876945675093;0,9955732866979998;0,5655872582197522;0,7213653552972855;0,4783247850934345;0,0081;0,4344127417802477;0,8346286131205565;0,9556458432988076;0,4344127417802477;0,0847923428652657;0,0087222647283856;0,0017696917010773;0,0029423910799091;-0,7593514280115274;0,6478;0,9982303082989228;0,062792419820547;0,5652903993467197;0,9982303082989228
ToN-IoT;RANDOM_LINF;linear;8;5;2048;2;571,9132809638977;18,56502652168274;42,96713970954063;0,6665876945675093;0,9955732866979998;0,5655872582197522;0,7213653552972855;0,4783247850934345;0,0081;0,4344127417802477;0,8346286131205565;0,9556458432988076;0,4344127417802477;0,2369162974721031;0,0;0,0;0,0;0,0;0,0;1,0;0,6248228709366946;0,8322177358952543;1,0
ToN-IoT;RANDOM_L2;linear;8;5;2048;2;571,9132809638977;17,68837809562683;42,92212561302093;0,6665876945675093;0,9955732866979998;0,5655872582197522;0,7213653552972855;0,4783247850934345;0,0081;0,4344127417802477;0,8346286131205565;0,9556458432988076;0,4344127417802477;0,2373664384373001;0,9523809523809524;0,0006209444565183;0,0012410797393732;0,0099328968533372;0,0001;0,9993790555434816;0,6878831553292557;0,8625751550403887;0,9993790555434816
ToN-IoT;C&W;linear;8;5;2048;2;571,9132809638977;24,52218747138977;16,659954038238293;0,6665876945675093;0,9955732866979998;0,5655872582197522;0,7213653552972855;0,4783247850934345;0,0081;0,4344127417802477;0,8346286131205565;0,9556458432988076;0,4344127417802477;0,4999881541851264;0,999819949585884;0,3448104567046477;0,5127778932059007;0,3327453230320938;0,0002;0,6551895432953523;0,8331610171070198;0,9449980182388932;0,6551895432953523
ToN-IoT;FGSM;linear;8;5;2048;3;602,4741592407227;17,036091089248657;58,24587173351655;0,6672510602004312;0,995255753081034;0,5666428637958335;0,722139790689853;0,4785937880447988;0,0087;0,4333571362041665;0,834132081095346;0,955499259417802;0,4333571362041665;0,0847923428652657;0,0087222647283856;0,0017696917010773;0,0029423910799091;-0,7593514280115274;0,6478;0,9982303082989228;0,0596757847185569;0,5643366815557295;0,9982303082989228
ToN-IoT;RANDOM_LINF;linear;8;5;2048;3;602,4741592407227;16,982779026031494;43,033476272832814;0,6672510602004312;0,995255753081034;0,5666428637958335;0,722139790689853;0,4785937880447988;0,0087;0,4333571362041665;0,834132081095346;0,955499259417802;0,4333571362041665;0,2369162974721031;0,0;0,0;0,0;0,0;0,0;1,0;0,628022751404887;0,8331131581732766;1,0
ToN-IoT;RANDOM_L2;linear;8;5;2048;3;602,4741592407227;16,687045574188232;42,997938828212;0,6672510602004312;0,995255753081034;0,5666428637958335;0,722139790689853;0,4785937880447988;0,0087;0,4333571362041665;0,834132081095346;0,955499259417802;0,4333571362041665;0,2372716719183112;1,0;0,0004657083423887;0,0009309831181727;0,0105058612196717;0,0;0,9995342916576112;0,6887177357260393;0,861815538574384;0,9995342916576112
ToN-IoT;C&W;linear;8;5;2048;3;602,4741592407227;25,49359655380249;16,828164609443487;0,6672510602004312;0,995255753081034;0,5666428637958335;0,722139790689853;0,4785937880447988;0,0087;0,4333571362041665;0,834132081095346;0,955499259417802;0,4333571362041665;0,4989694141059964;0,9993679458239276;0,3436306622372628;0,5114129932538583;0,3314405270150383;0,0007;0,6563693377627371;0,8325585938712783;0,9504805005413066;0,6563693377627371
ToN-IoT;FGSM;linear;8;10;1024;2;279,8751404285431;8,147249460220337;58,397498163898696;0,6687673245042527;0,9966216216216216;0,5678537054860443;0,7234825260576333;0,4817343709425721;0,0062;0,4321462945139557;0,8369792371697351;0,9562035617652122;0,4321462945139557;0,0847923428652657;0,0087222647283856;0,0017696917010773;0,0029423910799091;-0,7593514280115274;0,6478;0,9982303082989228;0,0587708513148498;0,5640269681867219;0,9982303082989228
ToN-IoT;RANDOM_LINF;linear;8;10;1024;2;279,8751404285431;8,151787519454956;43,18510270321496;0,6687673245042527;0,9966216216216216;0,5678537054860443;0,7234825260576333;0,4817343709425721;0,0062;0,4321462945139557;0,8369792371697351;0,9562035617652122;0,4321462945139557;0,2369162974721031;0,0;0,0;0,0;0,0;0,0;1,0;0,644863535036791;0,8395423781846083;1,0
ToN-IoT;RANDOM_L2;linear;8;10;1024;2;279,8751404285431;8,051055669784546;43,08559785827668;0,6687673245042527;0,9966216216216216;0,5678537054860443;0,7234825260576333;0,4817343709425721;0,0062;0,4321462945139557;0,8369792371697351;0,9562035617652122;0,4321462945139557;0,2379113459214859;0,9772727272727272;0,0013350305815144;0,0026664186277245;0,0162728620099642;0,0001;0,9986649694184856;0,7041484103821913;0,8691343280795893;0,9986649694184856
ToN-IoT;C&W;linear;8;10;1024;2;279,8751404285431;11,821009635925291;16,603094126844987;0,6687673245042527;0,9966216216216216;0,5678537054860443;0,7234825260576333;0,4817343709425721;0,0062;0,4321462945139557;0,8369792371697351;0,9562035617652122;0,4321462945139557;0,5027363832358028;0,999465811965812;0,3485361234437579;0,516838930963836;0,3347648998444125;0,0006;0,651463876556242;0,8374017867676736;0,9453904664395324;0,651463876556242
ToN-IoT;FGSM;linear;8;10;1024;3;286,4274923801422;8,261491537094116;58,402236489848136;0,6688147077637471;0,9952727667898283;0,568691980502344;0,7238061367632822;0,4801536373130061;0,0087;0,4313080194976559;0,8379918935701202;0,95646507885319;0,4313080194976559;0,0847923428652657;0,0087222647283856;0,0017696917010773;0,0029423910799091;-0,7593514280115274;0,6478;0,9982303082989228;0,0702621441212083;0,5670329546981179;0,9982303082989228
ToN-IoT;RANDOM_LINF;linear;8;10;1024;3;286,4274923801422;8,176719188690186;43,18747186618968;0,6688147077637471;0,9952727667898283;0,568691980502344;0,7238061367632822;0,4801536373130061;0,0087;0,4313080194976559;0,8379918935701202;0,95646507885319;0,4313080194976559;0,2369399891018503;1,0;3,104722282591822e-05;6,209251785159888e-05;0,0027121517931016;0,0;0,999968952777174;0,6517932332577852;0,8427370327125466;0,999968952777174
ToN-IoT;RANDOM_L2;linear;8;10;1024;3;286,4274923801422;8,154270887374878;43,08085953232723;0,6688147077637471;0,9952727667898283;0,568691980502344;0,7238061367632822;0,4801536373130061;0,0087;0,4313080194976559;0,8379918935701202;0,95646507885319;0,4313080194976559;0,2380061124404748;0,9791666666666666;0,0014592194728181;0,0029140961651734;0,0171475523828552;0,0001;0,998540780527182;0,7076891738334006;0,8708734838917741;0,998540780527182
ToN-IoT;C&W;linear;8;10;1024;3;286,4274923801422;12,190513610839844;14,84517519960198;0,6688147077637471;0,9952727667898283;0,568691980502344;0,7238061367632822;0,4801536373130061;0,0087;0,4313080194976559;0,8379918935701202;0,95646507885319;0,4313080194976559;0,5203629557677273;0,981720083749396;0,378496693470769;0,5463508638268313;0,3319878271569259;0,0227;0,6215033065292309;0,8394232450557297;0,9442458661314178;0,6215033065292309
ToN-IoT;FGSM;linear;8;10;2048;2;283,0206770896912;8,156261920928955;58,33353076358122;0,6681276505010779;0,9959130292627104;0,5674190443664814;0,7229430379746835;0,4802495595643255;0,0075;0,4325809556335185;0,8382933558943154;0,9564953795771662;0,4325809556335185;0,0847923428652657;0,0087222647283856;0,0017696917010773;0,0029423910799091;-0,7593514280115274;0,6478;0,9982303082989228;0,0673049085659287;0,5662997657253498;0,9982303082989228
ToN-IoT;RANDOM_LINF;linear;8;10;2048;2;283,0206770896912;8,15925407409668;43,11876613992276;0,6681276505010779;0,9959130292627104;0,5674190443664814;0,7229430379746835;0,4802495595643255;0,0075;0,4325809556335185;0,8382933558943154;0,9564953795771662;0,4325809556335185;0,2369399891018503;1,0;3,104722282591822e-05;6,209251785159888e-05;0,0027121517931016;0,0;0,999968952777174;0,6459659101493372;0,8401273449322957;0,999968952777174
ToN-IoT;RANDOM_L2;linear;8;10;2048;2;283,0206770896912;8,027604103088379;43,02399962093392;0,6681276505010779;0,9959130292627104;0,5674190443664814;0,7229430379746835;0,4802495595643255;0,0075;0,4325809556335185;0,8382933558943154;0,9564953795771662;0,4325809556335185;0,2378876542917387;1,0;0,0012729361358626;0,0025426356589147;0,017374479623273;0,0;0,9987270638641372;0,7048857524294452;0,8689954835868721;0,9987270638641372
ToN-IoT;C&W;linear;8;10;2048;2;283,0206770896912;11,90438675880432;14,506384894216872;0,6681276505010779;0,9959130292627104;0,5674190443664814;0,7229430379746835;0,4802495595643255;0,0075;0,4325809556335185;0,8382933558943154;0,9564953795771662;0,4325809556335185;0,5230638015589092;0,9809652755654668;0,3824086435468347;0,5502959901708925;0,3334481246521484;0,0239;0,6175913564531653;0,8353325048899376;0,9424699003345948;0,6175913564531653
ToN-IoT;FGSM;linear;8;10;2048;3;287,0515286922455;8,278951168060303;58,36669904522732;0,6684593333175389;0,9958621440627212;0,5678847527088702;0,7233074976273332;0,4805150226542547;0,0076;0,4321152472911298;0,8378226846533579;0,9564335498094344;0,4321152472911298;0,0847923428652657;0,0087222647283856;0,0017696917010773;0,0029423910799091;-0,7593514280115274;0,6478;0,9982303082989228;0,0701959064236704;0,5671113778719485;0,9982303082989228
ToN-IoT;RANDOM_LINF;linear;8;10;2048;3;287,0515286922455;8,340279579162598;43,154303584543584;0,6684593333175389;0,9958621440627212;0,5678847527088702;0,7233074976273332;0,4805150226542547;0,0076;0,4321152472911298;0,8378226846533579;0,9564335498094344;0,4321152472911298;0,2369162974721031;0,0;0,0;0,0;0,0;0,0;1,0;0,6418750426899313;0,8395297902201626;1,0
ToN-IoT;RANDOM_L2;linear;8;10;2048;3;287,0515286922455;8,243535995483398;43,03110710985809;0,6684593333175389;0,9958621440627212;0,5678847527088702;0,7233074976273332;0,4805150226542547;0,0076;0,4321152472911298;0,8378226846533579;0,9564335498094344;0,4321152472911298;0,238148262218958;1,0;0,0016144555869477;0,0032237066426955;0,0195694311762099;0,0;0,9983855444130524;0,7030215498773634;0,8687628737911332;0,9983855444130524
ToN-IoT;C&W;linear;8;10;2048;3;287,0515286922455;12,362077713012695;15,61041484043687;0,6684593333175389;0,9958621440627212;0,5678847527088702;0,7233074976273332;0,4805150226542547;0,0076;0,4321152472911298;0,8378226846533579;0,9564335498094344;0,4321152472911298;0,5123551849131702;0,9950604667007324;0,3627557514980285;0,5316830106254693;0,3387015002891743;0,0058;0,6372442485019715;0,8408042332888324;0,9491271548775356;0,6372442485019715
ToN-IoT;FGSM;linear;8;15;1024;2;191,54382181167605;5,427046060562134;58,43540477149423;0,669146390580208;0,9961383661481562;0,5686298860566922;0,7239845834568633;0,481525890325586;0,0071;0,4313701139433077;0,8411594756124064;0,9572803140407724;0,4313701139433077;0,0847923428652657;0,0087222647283856;0,0017696917010773;0,0029423910799091;-0,7593514280115274;0,6478;0,9982303082989228;0,092216754633798;0,572723373071545;0,9982303082989228
ToN-IoT;RANDOM_LINF;linear;8;15;1024;2;191,54382181167605;5,465551137924194;43,220640147835766;0,669146390580208;0,9961383661481562;0,5686298860566922;0,7239845834568633;0,481525890325586;0,0071;0,4313701139433077;0,8411594756124064;0,9572803140407724;0,4313701139433077;0,2369399891018503;1,0;3,104722282591822e-05;6,209251785159888e-05;0,0027121517931016;0,0;0,999968952777174;0,6574568583315223;0,842837841112048;0,999968952777174
ToN-IoT;RANDOM_L2;linear;8;15;1024;2;191,54382181167605;5,34076452255249;43,0453220877064;0,669146390580208;0,9961383661481562;0,5686298860566922;0,7239845834568633;0,481525890325586;0,0071;0,4313701139433077;0,8411594756124064;0,9572803140407724;0,4313701139433077;0,2386931697031439;0,9411764705882352;0,0024837778260734;0,0049544807084907;0,0188151371055124;0,0005;0,9975162221739264;0,7153386367164457;0,871983039647533;0,9975162221739264
ToN-IoT;C&W;linear;8;15;1024;2;191,54382181167605;7,884013652801514;14,973110000236913;0,669146390580208;0,9961383661481562;0,5686298860566922;0,7239845834568633;0,481525890325586;0,0071;0,4313701139433077;0,8411594756124064;0,9572803140407724;0,4313701139433077;0,5194152905778389;0,982596729804112;0,3768822378838213;0,5448017413549358;0,3321023909405316;0,0215;0,6231177621161788;0,8366942826539167;0,9403874150375472;0,6231177621161788
ToN-IoT;FGSM;linear;8;15;1024;3;195,1421148777008;5,536242485046387;58,50884882371058;0,6698808311023715;0,995983281767356;0,5696854916327735;0,7247985463738348;0,4820639057359075;0,0074;0,4303145083672265;0,8407166273401845;0,9572059288200072;0,4303145083672265;0,0847923428652657;0,0087222647283856;0,0017696917010773;0,0029423910799091;-0,7593514280115274;0,6478;0,9982303082989228;0,082884300971778;0,5700927917731499;0,9982303082989228
ToN-IoT;RANDOM_LINF;linear;8;15;1024;3;195,1421148777008;5,550204992294312;43,2917150370774;0,6698808311023715;0,995983281767356;0,5696854916327735;0,7247985463738348;0,4820639057359075;0,0074;0,4303145083672265;0,8407166273401845;0,9572059288200072;0,4303145083672265;0,2369636807315975;1,0;6,209444565183644e-05;0,0001241811803421;0,0038356072862582;0,0;0,999937905554348;0,6578204119966469;0,8450529769603405;0,999937905554348
ToN-IoT;RANDOM_L2;linear;8;15;1024;3;195,1421148777008;5,441452264785767;43,03584543580753;0,6698808311023715;0,995983281767356;0,5696854916327735;0,7247985463738348;0,4820639057359075;0,0074;0,4303145083672265;0,8407166273401845;0,9572059288200072;0,4303145083672265;0,2395223767442962;0,9741379310344828;0,0035083361793287;0,0069914926527455;0,0260576085201648;0,0003;0,9964916638206712;0,7173005805830668;0,8730146783092667;0,9964916638206712
ToN-IoT;C&W;linear;8;15;1024;3;195,1421148777008;7,354414224624634;13,314695917932196;0,6698808311023715;0,995983281767356;0,5696854916327735;0,7247985463738348;0,4820639057359075;0,0074;0,4303145083672265;0,8407166273401845;0,9572059288200072;0,4303145083672265;0,5367338719230496;0,9672155357011002;0,4066875717967028;0,572608847700647;0,3299902202445386;0,0444;0,5933124282032972;0,8340755798068863;0,9394600424733665;0,5933124282032972
ToN-IoT;FGSM;linear;8;15;2048;2;192,3428406715393;5,571147918701172;58,61309199459831;0,6709232628112488;0,9959391412637392;0,5710826166599398;0,7259165712932634;0,4830411858410547;0,0075;0,4289173833400602;0,8409278773013754;0,9571695875113804;0,4289173833400602;0,0847923428652657;0,0087222647283856;0,0017696917010773;0,0029423910799091;-0,7593514280115274;0,6478;0,9982303082989228;0,0958511239094662;0,5737416884104645;0,9982303082989228
ToN-IoT;RANDOM_LINF;linear;8;15;2048;2;192,3428406715393;5,568156480789185;43,40069653391458;0,6709232628112488;0,9959391412637392;0,5710826166599398;0,7259165712932634;0,4830411858410547;0,0075;0,4289173833400602;0,8409278773013754;0,9571695875113804;0,4289173833400602;0,2369162974721031;0,0;0,0;0,0;0,0;0,0;1,0;0,658088321587134;0,843543299500949;1,0
ToN-IoT;RANDOM_L2;linear;8;15;2048;2;192,3428406715393;5,410576581954956;43,19694851808856;0,6709232628112488;0,9959391412637392;0,5710826166599398;0,7259165712932634;0,4830411858410547;0,0075;0,4289173833400602;0,8409278773013754;0,9571695875113804;0,4289173833400602;0,2389537776303631;0,967391304347826;0,0027632028315067;0,0055106653044797;0,0224577461123201;0,0003;0,9972367971684932;0,7167707690397094;0,8732746540694498;0,9972367971684932
ToN-IoT;C&W;linear;8;15;2048;2;192,3428406715393;7,387816190719604;11,869506503352367;0,6709232628112488;0,9959391412637392;0,5710826166599398;0,7259165712932634;0,4830411858410547;0,0075;0,4289173833400602;0,8409278773013754;0,9571695875113804;0,4289173833400602;0,5522281977777251;0,9606784354447906;0,4308423111552671;0,5948900415827153;0,3352042848686382;0,0568;0,5691576888447328;0,8374241982054705;0,9406768722339822;0,5691576888447328
ToN-IoT;FGSM;linear;8;15;2048;3;195,3114936351776;5,5058324337005615;58,43540477149423;0,669146390580208;0,9959225834511254;0,5687540749479959;0,7240282196707705;0,481265515435363;0,0075;0,4312459250520041;0,8419353457108262;0,9574685675646996;0,4312459250520041;0,0847923428652657;0,0087222647283856;0,0017696917010773;0,0029423910799091;-0,7593514280115274;0,6478;0,9982303082989228;0,0779023223322673;0,5686092561733451;0,9982303082989228
ToN-IoT;RANDOM_LINF;linear;8;15;2048;3;195,3114936351776;5,523274660110474;43,220640147835766;0,669146390580208;0,9959225834511254;0,5687540749479959;0,7240282196707705;0,481265515435363;0,0075;0,4312459250520041;0,8419353457108262;0,9574685675646996;0,4312459250520041;0,2369399891018503;1,0;3,104722282591822e-05;6,209251785159888e-05;0,0027121517931016;0,0;0,999968952777174;0,6472126936570524;0,8387166777290667;0,999968952777174
ToN-IoT;RANDOM_L2;linear;8;15;2048;3;195,3114936351776;5,436017751693726;43,03347627283281;0,669146390580208;0,9959225834511254;0,5687540749479959;0,7240282196707705;0,481265515435363;0,0075;0,4312459250520041;0,8419353457108262;0,9574685675646996;0,4312459250520041;0,2388116278518799;0,9651162790697676;0,0025769194945512;0,0051401145688187;0,0214697715582619;0,0003;0,9974230805054488;0,7130268760284393;0,8719887220239274;0,9974230805054488
ToN-IoT;C&W;linear;8;15;2048;3;195,3114936351776;7,886751174926758;14,928095903717209;0,669146390580208;0,9959225834511254;0,5687540749479959;0,7240282196707705;0,481265515435363;0,0075;0,4312459250520041;0,8419353457108262;0,9574685675646996;0,4312459250520041;0,5198654315430359;0,9836397505466916;0,3770685212207768;0,5451566567914534;0,3335467338428877;0,0202;0,6229314787792232;0,8378054208451053;0,9426795407824444;0,6229314787792232
ToN-IoT;FGSM;linear;8;20;1024;2;146,62742567062378;4,148449182510376;58,64389111326969;0,6712312539979626;0,9961030526087896;0,571393088888199;0,7262109105257966;0,483544097384506;0,0072;0,428606911111801;0,84255148250489;0,9575394727182698;0,428606911111801;0,0847923428652657;0,0087222647283856;0,0017696917010773;0,0029423910799091;-0,7593514280115274;0,6478;0,9982303082989228;0,1058717051134775;0,5763825815453576;0,9982303082989228
ToN-IoT;RANDOM_LINF;linear;8;20;1024;2;146,62742567062378;4,117024421691895;43,41254234878817;0,6712312539979626;0,9961030526087896;0,571393088888199;0,7262109105257966;0,483544097384506;0,0072;0,428606911111801;0,84255148250489;0,9575394727182698;0,428606911111801;0,2371058305100808;1,0;0,0002483777826073;0,0004966322128069;0,0076717598872194;0,0;0,9997516222173928;0,6602980067682945;0,8438446904748337;0,9997516222173928
ToN-IoT;RANDOM_L2;linear;8;20;1024;2;146,62742567062378;4,050202131271362;42,96713970954063;0,6712312539979626;0,9961030526087896;0,571393088888199;0,7262109105257966;0,483544097384506;0,0072;0,428606911111801;0,84255148250489;0,9575394727182698;0,428606911111801;0,2415598569025563;0,9414414414414416;0,0064888695706169;0,0128889025931978;0,0305019401905962;0,0013;0,9935111304293832;0,7217748703778447;0,8748544256026196;0,9935111304293832
ToN-IoT;C&W;linear;8;20;1024;2;146,62742567062378;5,444505929946899;15,837854486010094;0,6712312539979626;0,9961030526087896;0,571393088888199;0,7262109105257966;0,483544097384506;0,0072;0,428606911111801;0,84255148250489;0,9575394727182698;0,428606911111801;0,5128527091378616;0,9768279701956932;0,3703933683132044;0,5371212462293459;0,3207675484094613;0,0283;0,6296066316867956;0,8316514623241951;0,93772573359625;0,6296066316867956
ToN-IoT;FGSM;linear;8;20;1024;3;186,98038125038147;4,193824052810669;58,572816224028045;0,6705205051055462;0,9959353999566444;0,5705548138718992;0,7254890349578571;0,4826382912696711;0,0075;0,4294451861281008;0,8412972725014748;0,9572879164823416;0,4294451861281008;0,0847923428652657;0,0087222647283856;0,0017696917010773;0,0029423910799091;-0,7593514280115274;0,6478;0,9982303082989228;0,1197909714676022;0,5800819769581974;0,9982303082989228
ToN-IoT;RANDOM_LINF;linear;8;20;1024;3;186,98038125038147;4,169887065887451;43,34620578549598;0,6705205051055462;0,9959353999566444;0,5705548138718992;0,7254890349578571;0,4826382912696711;0,0075;0,4294451861281008;0,8412972725014748;0,9572879164823416;0,4294451861281008;0,2370584472505863;0,8;0,0002483777826073;0,0004966013842763;0,0013365447353661;0,0002;0,9997516222173928;0,6606498385544413;0,8465255266211262;0,9997516222173928
ToN-IoT;RANDOM_L2;linear;8;20;1024;3;186,98038125038147;4,149941444396973;42,88895733137482;0,6705205051055462;0,9959353999566444;0,5705548138718992;0,7254890349578571;0,4826382912696711;0,0075;0,4294451861281008;0,8412972725014748;0,9572879164823416;0,4294451861281008;0,2416309317917979;0,9627906976744186;0,006426775124965;0,0127683197631384;0,033607431927716;0,0008;0,993573224875035;0,7258324614238256;0,8779820626348579;0,993573224875035
ToN-IoT;C&W;linear;8;20;1024;3;186,98038125038147;6,282259464263916;16,68838399393494;0,6705205051055462;0,9959353999566444;0,5705548138718992;0,7254890349578571;0,4826382912696711;0,0075;0,4294451861281008;0,8412972725014748;0,9572879164823416;0,4294451861281008;0,5036366651661968;0,9995562655307064;0,3496848706883169;0,5181130252777331;0,3356243385839253;0,0005;0,6503151293116831;0,8420665761122668;0,944475041846691;0,6503151293116831
ToN-IoT;FGSM;linear;8;20;2048;2;146,32672095298767;4,082628965377808;58,64389111326969;0,6712312539979626;0,9962642122360584;0,5712999472197212;0,7261784960239942;0,4837388047825891;0,0069;0,4287000527802788;0,8453339842901052;0,958219424868385;0,4287000527802788;0,0847923428652657;0,0087222647283856;0,0017696917010773;0,0029423910799091;-0,7593514280115274;0,6478;0,9982303082989228;0,1039259042503648;0,5751976241992245;0,9982303082989228
ToN-IoT;RANDOM_LINF;linear;8;20;2048;2;146,32672095298767;4,183870077133179;43,41017318581346;0,6712312539979626;0,9962642122360584;0,5712999472197212;0,7261784960239942;0,4837388047825891;0,0069;0,4287000527802788;0,8453339842901052;0,958219424868385;0,4287000527802788;0,237129522139828;0,9090909090909092;0,0003104722282591;0,0006207324643078;0,0055442287828784;0,0001;0,9996895277717408;0,6644897870160513;0,8463192673480376;0,9996895277717408
ToN-IoT;RANDOM_L2;linear;8;20;2048;2;146,32672095298767;4,069154739379883;42,95766305764174;0,6712312539979626;0,9962642122360584;0,5712999472197212;0,7261784960239942;0,4837388047825891;0,0069;0,4287000527802788;0,8453339842901052;0,958219424868385;0,4287000527802788;0,2416546234215451;0,9672897196261684;0,006426775124965;0,0127687135675292;0,034284125096677;0,0007;0,993573224875035;0,7321465056350709;0,878944193167202;0,993573224875035
ToN-IoT;C&W;linear;8;20;2048;2;146,32672095298767;4,711510181427002;16,4348835556398;0,6712312539979626;0,9962642122360584;0,5712999472197212;0,7261784960239942;0,4837388047825891;0,0069;0,4287000527802788;0,8453339842901052;0,958219424868385;0,4287000527802788;0,5068824184415646;0,9990365244810372;0,3541246235524232;0,5228991885572823;0,3379081523908651;0,0011;0,6458753764475768;0,8409496677947158;0,9420236903914714;0,6458753764475768
ToN-IoT;FGSM;linear;8;20;2048;3;187,3943305015564;4,177865743637085;58,52543296453363;0,670046672510602;0,995984807379273;0,5699028221925548;0,7249748217776812;0,4822296009438331;0,0074;0,4300971778074451;0,8432406796237077;0,9577570201825434;0,4300971778074451;0,0847923428652657;0,0087222647283856;0,0017696917010773;0,0029423910799091;-0,7593514280115274;0,6478;0,9982303082989228;0,1103150563507094;0,577332518481597;0,9982303082989228
ToN-IoT;RANDOM_LINF;linear;8;20;2048;3;187,3943305015564;4,2177581787109375;43,29408420005212;0,670046672510602;0,995984807379273;0,5699028221925548;0,7249748217776812;0,4822296009438331;0,0074;0,4300971778074451;0,8432406796237077;0,9577570201825434;0,4300971778074451;0,2371058305100808;1,0;0,0002483777826073;0,0004966322128069;0,0076717598872194;0,0;0,9997516222173928;0,6557103294110341;0,8423052149195303;0,9997516222173928
ToN-IoT;RANDOM_L2;linear;8;20;2048;3;187,3943305015564;4,144953012466431;42,93634059086925;0,670046672510602;0,995984807379273;0,5699028221925548;0,7249748217776812;0,4822296009438331;0,0074;0,4300971778074451;0,8432406796237077;0,9577570201825434;0,4300971778074451;0,2406832666019095;0,9491525423728814;0,0052159334347542;0,0103748533316865;0,0283979308723471;0,0009;0,9947840665652458;0,7236589804092024;0,8762161289934232;0,9947840665652458
ToN-IoT;C&W;linear;8;20;2048;3;187,3943305015564;5,907845973968506;16,491743467033093;0,670046672510602;0,995984807379273;0,5699028221925548;0,7249748217776812;0,4822296009438331;0,0074;0,4300971778074451;0,8432406796237077;0,9577570201825434;0,4300971778074451;0,5051292378402711;0,9982395915852478;0,3521065540687385;0,520587560247877;0,3356348708342457;0,002;0,6478934459312614;0,8424586559657239;0,9439449073779408;0,6478934459312614
ToN-IoT;FGSM;linear;10;5;1024;2;707,9373667240143;20,838958978652958;58,20559596294629;0,6668483024947286;0,9953595021018726;0,566052966562141;0,7216878438823576;0,4783230678151946;0,0085;0,433947033437859;0,8342794017200161;0,9555545860871592;0,433947033437859;0,0847923428652657;0,0087222647283856;0,0017696917010773;0,0029423910799091;-0,7593514280115274;0,6478;0,9982303082989228;0,0637705315284547;0,565682851818048;0,9982303082989228
ToN-IoT;RANDOM_LINF;linear;10;5;1024;2;707,9373667240143;20,72776341438293;42,99320050226255;0,6668483024947286;0,9953595021018726;0,566052966562141;0,7216878438823576;0,4783230678151946;0,0085;0,433947033437859;0,8342794017200161;0,9555545860871592;0,433947033437859;0,2369162974721031;0,0;0,0;0,0;0,0;0,0;1,0;0,6348219426247322;0,8364014344499384;1,0
ToN-IoT;RANDOM_L2;linear;10;5;1024;2;707,9373667240143;20,443520069122314;42,98846217631311;0,6668483024947286;0,9953595021018726;0,566052966562141;0,7216878438823576;0,4783230678151946;0,0085;0,433947033437859;0,8342794017200161;0,9555545860871592;0,433947033437859;0,2369636807315975;1,0;6,209444565183644e-05;0,0001241811803421;0,0038356072862582;0,0;0,999937905554348;0,683069500760657;0,8604746327836135;0,999937905554348
ToN-IoT;C&W;linear;10;5;1024;2;707,9373667240143;31,650174140930176;14,89018929612168;0,6668483024947286;0,9953595021018726;0,566052966562141;0,7216878438823576;0,4783230678151946;0,0085;0,433947033437859;0,8342794017200161;0,9555545860871592;0,433947033437859;0,5179464095335118;0,9816469059606951;0,3752988295196994;0,5430002470633156;0,3299087130249739;0,0226;0,6247011704803005;0,8343988621192834;0,9461646095589838;0,6247011704803005
ToN-IoT;FGSM;linear;10;5;1024;3;717,2681772708893;21,13864040374756;58,2174417778199;0,6669667606434647;0,995523039965058;0,5661150610077929;0,7217812963879268;0,4786367568388252;0,0082;0,4338849389922071;0,8356828774566116;0,9558713334206156;0,4338849389922071;0,0847923428652657;0,0087222647283856;0,0017696917010773;0,0029423910799091;-0,7593514280115274;0,6478;0,9982303082989228;0,0635191142227327;0,5655656704490118;0,9982303082989228
ToN-IoT;RANDOM_LINF;linear;10;5;1024;3;717,2681772708893;21,05738615989685;43,00504631713616;0,6669667606434647;0,995523039965058;0,5661150610077929;0,7217812963879268;0,4786367568388252;0,0082;0,4338849389922071;0,8356828774566116;0,9558713334206156;0,4338849389922071;0,2369162974721031;0,0;0,0;0,0;0,0;0,0;1,0;0,6383758033468905;0,8369983359349101;1,0
ToN-IoT;RANDOM_L2;linear;10;5;1024;3;717,2681772708893;20,610576152801517;43,00504631713616;0,6669667606434647;0,995523039965058;0,5661150610077929;0,7217812963879268;0,4786367568388252;0,0082;0,4338849389922071;0,8356828774566116;0,9558713334206156;0,4338849389922071;0,2369162974721031;0,0;0,0;0,0;0,0;0,0;1,0;0,6855726489490516;0,8609719482334717;1,0
ToN-IoT;C&W;linear;10;5;1024;3;717,2681772708893;31,519513607025143;16,619678267668036;0,6669667606434647;0,995523039965058;0,5661150610077929;0,7217812963879268;0,4786367568388252;0,0082;0,4338849389922071;0,8356828774566116;0,9558713334206156;0,4338849389922071;0,5007699779667844;0,999641094661283;0,3458971095035549;0,5139548830557734;0,3332455155358129;0,0004;0,6541028904964451;0,8352216181812537;0,948592943183013;0,6541028904964451
ToN-IoT;FGSM;linear;10;5;2048;2;713,1801292896271;21,043936729431152;58,23402591864294;0,6671326020516951;0,9958494893779696;0,5661461082306187;0,7218923198733175;0,4791934146711407;0,0076;0,4338538917693812;0,8342281505169362;0,955528907946537;0,4338538917693812;0,0847923428652657;0,0087222647283856;0,0017696917010773;0,0029423910799091;-0,7593514280115274;0,6478;0,9982303082989228;0,0639758421559191;0,5656053789345299;0,9982303082989228
ToN-IoT;RANDOM_LINF;linear;10;5;2048;2;713,1801292896271;20,931249141693115;43,021630457959205;0,6671326020516951;0,9958494893779696;0,5661461082306187;0,7218923198733175;0,4791934146711407;0,0076;0,4338538917693812;0,8342281505169362;0,955528907946537;0,4338538917693812;0,2369162974721031;0,0;0,0;0,0;0,0;0,0;1,0;0,6330978577416251;0,8340912518361506;1,0
ToN-IoT;RANDOM_L2;linear;10;5;2048;2;713,1801292896271;20,510371446609497;43,021630457959205;0,6671326020516951;0,9958494893779696;0,5661461082306187;0,7218923198733175;0,4791934146711407;0,0076;0,4338538917693812;0,8342281505169362;0,955528907946537;0,4338538917693812;0,2369162974721031;0,0;0,0;0,0;0,0;0,0;1,0;0,683178147412214;0,8597960217028093;1,0
ToN-IoT;C&W;linear;10;5;2048;2;713,1801292896271;31,279178380966187;16,579402497097774;0,6671326020516951;0,9958494893779696;0,5661461082306187;0,7218923198733175;0,4791934146711407;0,0076;0,4338538917693812;0,8342281505169362;0,955528907946537;0,4338538917693812;0,5013385770807174;0,9997313513029462;0,346611195628551;0,5147547030616009;0,33381976501221;0,0003;0,653388804371449;0,8316251606693782;0,944364760233594;0,653388804371449
ToN-IoT;FGSM;linear;10;5;2048;3;721,2721693515778;21,33463740348816;58,19375014807269;0,6667298443459926;0,9960625615224762;0,5654941165512745;0,7214179621744727;0,479054025618957;0,0072;0,4345058834487255;0,8358449253314291;0,9559791778680284;0,4345058834487255;0,0847923428652657;0,0087222647283856;0,0017696917010773;0,0029423910799091;-0,7593514280115274;0,6478;0,9982303082989228;0,0640387950572821;0,5656601830921171;0,9982303082989228
ToN-IoT;RANDOM_LINF;linear;10;5;2048;3;721,2721693515778;21,290753841400143;42,98135468738895;0,6667298443459926;0,9960625615224762;0,5654941165512745;0,7214179621744727;0,479054025618957;0,0072;0,4345058834487255;0,8358449253314291;0,9559791778680284;0,4345058834487255;0,2369162974721031;0,0;0,0;0,0;0,0;0,0;1,0;0,634735893694309;0,8364370314309358;1,0
ToN-IoT;RANDOM_L2;linear;10;5;2048;3;721,2721693515778;21,04341459274292;42,97898552441423;0,6667298443459926;0,9960625615224762;0,5654941165512745;0,7214179621744727;0,479054025618957;0,0072;0,4345058834487255;0,8358449253314291;0,9559791778680284;0,4345058834487255;0,2369399891018503;1,0;3,104722282591822e-05;6,209251785159888e-05;0,0027121517931016;0,0;0,999968952777174;0,6840651960632123;0,8598924351931727;0,999968952777174
ToN-IoT;C&W;linear;10;5;2048;3;721,2721693515778;31,191402196884155;16,51780425975503;0,6667298443459926;0,9960625615224762;0,5654941165512745;0,7214179621744727;0,479054025618957;0,0072;0,4345058834487255;0,8358449253314291;0,9559791778680284;0,4345058834487255;0,5015518017484423;0,9941603256060876;0,3488465956720171;0,5164671002734941;0,3286409520505989;0,0066;0,6511534043279829;0,8319181238163246;0,9456584784254626;0,6511534043279829
ToN-IoT;FGSM;linear;10;10;1024;2;352,08730030059814;10,174411058425903;58,32879243763178;0,6680802672415835;0,9961829979824418;0,5672017138067;0,7228376988209226;0,4805283543981908;0,007;0,4327982861933;0,8408506535440404;0,957157260096401;0,4327982861933;0,0847923428652657;0,0087222647283856;0,0017696917010773;0,0029423910799091;-0,7593514280115274;0,6478;0,9982303082989228;0,0633427427116644;0,5653033773881889;0,9982303082989228
ToN-IoT;RANDOM_LINF;linear;10;10;1024;2;352,08730030059814;10,184866189956663;43,116396976948046;0,6680802672415835;0,9961829979824418;0,5672017138067;0,7228376988209226;0,4805283543981908;0,007;0,4327982861933;0,8408506535440404;0,957157260096401;0,4327982861933;0,2369162974721031;0,0;0,0;0,0;0,0;0,0;1,0;0,6587882579403272;0,8459026532525793;1,0
ToN-IoT;RANDOM_L2;linear;10;10;1024;2;352,08730030059814;10,09758973121643;43,10692032504916;0,6680802672415835;0,9961829979824418;0,5672017138067;0,7228376988209226;0,4805283543981908;0,007;0,4327982861933;0,8408506535440404;0,957157260096401;0,4327982861933;0,2370110639910919;1,0;0,0001241888913036;0,0002483469406761;0,0054244963669353;0,0;0,9998758111086964;0,7033144540345866;0,8669784923521326;0,9998758111086964
ToN-IoT;C&W;linear;10;10;1024;2;352,08730030059814;14,774141550064089;14,38318841953138;0,6680802672415835;0,9961829979824418;0,5672017138067;0,7228376988209226;0,4805283543981908;0,007;0,4327982861933;0,8408506535440404;0,957157260096401;0,4327982861933;0,5242483830462698;0,978082623777988;0,3851718463783414;0,5526919564297329;0,3314254745784771;0,0278;0,6148281536216585;0,8370702272656712;0,9434130197843796;0,6148281536216585
ToN-IoT;FGSM;linear;10;10;1024;3;359,6255667209625;10,417731761932371;58,290885830036245;0,6677012011656281;0,9960713701096744;0,5667670526871371;0,7224552794047807;0,4800204271652885;0,0072;0,4332329473128629;0,8390567434567977;0,9567601636399392;0,4332329473128629;0,0847923428652657;0,0087222647283856;0,0017696917010773;0,0029423910799091;-0,7593514280115274;0,6478;0,9982303082989228;0,0624567077524915;0,5649136744345958;0,9982303082989228
ToN-IoT;RANDOM_LINF;linear;10;10;1024;3;359,6255667209625;10,408755540847778;43,07849036935251;0,6677012011656281;0,9960713701096744;0,5667670526871371;0,7224552794047807;0,4800204271652885;0,0072;0,4332329473128629;0,8390567434567977;0,9567601636399392;0,4332329473128629;0,2369162974721031;0,0;0,0;0,0;0,0;0,0;1,0;0,6547568986929119;0,8424595588592237;1,0
ToN-IoT;RANDOM_L2;linear;10;10;1024;3;359,6255667209625;10,192840814590454;43,071382880428345;0,6677012011656281;0,9960713701096744;0,5667670526871371;0,7224552794047807;0,4800204271652885;0,0072;0,4332329473128629;0,8390567434567977;0,9567601636399392;0,4332329473128629;0,2369873723613447;1,0;9,314166847775466e-05;0,0001862659878306;0,0046976960035207;0,0;0,9999068583315224;0,7009568303890218;0,8655738659971699;0,9999068583315224
ToN-IoT;C&W;linear;10;10;1024;3;359,6255667209625;15,06236696243286;13,880925868890516;0,6677012011656281;0,9960713701096744;0,5667670526871371;0,7224552794047807;0,4800204271652885;0,0072;0,4332329473128629;0,8390567434567977;0,9567601636399392;0,4332329473128629;0,528891942476723;0,9844339622641508;0,3887733242261479;0,5574128068730664;0,3419085894318415;0,0198;0,611226675773852;0,837656009189978;0,9464069118043688;0,611226675773852
ToN-IoT;FGSM;linear;10;10;2048;2;356,0554292201996;10,266164541244509;58,340638252505386;0,6681987253903195;0,9962381419692508;0,5673259026980036;0,7229530573084607;0,4807115528913814;0,0069;0,4326740973019963;0,8372160886708683;0,9562682295818462;0,4326740973019963;0,0847923428652657;0,0087222647283856;0,0017696917010773;0,0029423910799091;-0,7593514280115274;0,6478;0,9982303082989228;0,0738749868049302;0,567897727210162;0,9982303082989228
ToN-IoT;RANDOM_LINF;linear;10;10;2048;2;356,0554292201996;10,53593611717224;43,12824279182165;0,6681987253903195;0,9962381419692508;0,5673259026980036;0,7229530573084607;0,4807115528913814;0,0069;0,4326740973019963;0,8372160886708683;0,9562682295818462;0,4326740973019963;0,2369162974721031;0,0;0,0;0,0;0,0;0,0;1,0;0,654438233102549;0,8428683324028963;1,0
ToN-IoT;RANDOM_L2;linear;10;10;2048;2;356,0554292201996;10,48906135559082;43,11402781397332;0,6681987253903195;0,9962381419692508;0,5673259026980036;0,7229530573084607;0,4807115528913814;0,0069;0,4326740973019963;0,8372160886708683;0,9562682295818462;0,4326740973019963;0,2370584472505863;1,0;0,0001862833369555;0,0003724972838739;0,0066437815240811;0,0;0,9998137166630444;0,6996981371666304;0,8655516673293702;0,9998137166630444
ToN-IoT;C&W;linear;10;10;2048;2;356,0554292201996;15,699177026748655;15,074984008149915;0,6681987253903195;0,9962381419692508;0,5673259026980036;0,7229530573084607;0,4807115528913814;0,0069;0,4326740973019963;0,8372160886708683;0,9562682295818462;0,4326740973019963;0,5174488853088204;0,9811458756603006;0,3748331211773107;0,5424360875230264;0,328982612621832;0,0232;0,6251668788226893;0,8376643112173615;0,941566477307714;0,6251668788226893
ToN-IoT;FGSM;linear;10;10;2048;3;371,674060344696;10,426716327667236;58,37380653415149;0,6685304082067806;0,9960248311914616;0,5678847527088702;0,723350404365966;0,48078133219882;0,0073;0,4321152472911298;0,8381603915054798;0,9565453351643822;0,4321152472911298;0,0847923428652657;0,0087222647283856;0,0017696917010773;0,0029423910799091;-0,7593514280115274;0,6478;0,9982303082989228;0,0667863407743177;0,5661714834740187;0,9982303082989228
ToN-IoT;RANDOM_LINF;linear;10;10;2048;3;371,674060344696;10,437686681747437;43,16141107346775;0,6685304082067806;0,9960248311914616;0,5678847527088702;0,723350404365966;0,48078133219882;0,0073;0,4321152472911298;0,8381603915054798;0,9565453351643822;0,4321152472911298;0,2369162974721031;0,0;0,0;0,0;0,0;0,0;1,0;0,6584115061007794;0,8463380826014439;1,0
ToN-IoT;RANDOM_L2;linear;10;10;2048;3;371,674060344696;10,379351377487184;43,149565258594144;0,6685304082067806;0,9960248311914616;0,5678847527088702;0,723350404365966;0,48078133219882;0,0073;0,4321152472911298;0,8381603915054798;0,9565453351643822;0,4321152472911298;0,2370347556208391;1,0;0,0001552361141295;0,0003104240392375;0,0060648431603279;0,0;0,9998447638858704;0,7041151029215436;0,8677720643765549;0,9998447638858704
ToN-IoT;C&W;linear;10;10;2048;3;371,674060344696;15,84030532836914;16,498850955957266;0,6685304082067806;0,9960248311914616;0,5678847527088702;0,723350404365966;0,48078133219882;0,0073;0,4321152472911298;0,8381603915054798;0,9565453351643822;0,4321152472911298;0,5035418986472079;0,999733570159858;0,3494985873513614;0,5179323195840714;0,3357133355487656;0,0003;0,6505014126486386;0,8367656400384985;0,94638541969817;0,6505014126486386
ToN-IoT;FGSM;linear;10;15;1024;2;239,52729320526123;6,812839984893799;58,40460565282286;0,6688383993934943;0,9961356338104828;0,5682262721599552;0,7236566367482503;0,4812187025361747;0,0071;0,4317737278400447;0,8429049256419012;0,9577222700666596;0,4317737278400447;0,0847923428652657;0,0087222647283856;0,0017696917010773;0,0029423910799091;-0,7593514280115274;0,6478;0,9982303082989228;0,0897223834952963;0,5717694386616176;0,9982303082989228
ToN-IoT;RANDOM_LINF;linear;10;15;1024;2;239,52729320526123;6,852733373641968;43,19221019213912;0,6688383993934943;0,9961356338104828;0,5682262721599552;0,7236566367482503;0,4812187025361747;0,0071;0,4317737278400447;0,8429049256419012;0,9577222700666596;0,4317737278400447;0,2369162974721031;0,0;0,0;0,0;0,0;0,0;1,0;0,667913766338601;0,8496150147306318;1,0
ToN-IoT;RANDOM_L2;linear;10;15;1024;2;239,52729320526123;6,822813987731934;43,16378023644247;0,6688383993934943;0,9961356338104828;0,5682262721599552;0,7236566367482503;0,4812187025361747;0,0071;0,4317737278400447;0,8429049256419012;0,9577222700666596;0,4317737278400447;0,2372005970290696;1,0;0,000372566673911;0,0007448558393594;0,0093963939031452;0,0;0,9996274333260888;0,7124956984072774;0,8718350520191496;0,9996274333260888
ToN-IoT;C&W;linear;10;15;1024;2;239,52729320526123;10,084120512008669;16,3898694591201;0,6688383993934943;0,9961356338104828;0,5682262721599552;0,7236566367482503;0,4812187025361747;0,0071;0,4317737278400447;0,8429049256419012;0,9577222700666596;0,4317737278400447;0,5049397048022933;0,9990295544772828;0,3515787512806979;0,5201175822156898;0,3362351413192945;0,0011;0,6484212487193021;0,8431184156602192;0,944193418832189;0,6484212487193021
ToN-IoT;FGSM;linear;10;15;1024;3;245,1696870326996;6,994355916976929;58,501741334786416;0,6698097562131299;0,996144238079722;0,5694992082958179;0,7246903581376054;0,4821879992053116;0,0071;0,430500791704182;0,8435833912881493;0,9578485534843174;0,430500791704182;0,0847923428652657;0,0087222647283856;0,0017696917010773;0,0029423910799091;-0,7593514280115274;0,6478;0,9982303082989228;0,0768119004005091;0,5683860033067603;0,9982303082989228
ToN-IoT;RANDOM_LINF;linear;10;15;1024;3;245,1696870326996;6,949474811553955;43,28934587410268;0,6698097562131299;0,996144238079722;0,5694992082958179;0,7246903581376054;0,4821879992053116;0,0071;0,430500791704182;0,8435833912881493;0,9578485534843174;0,430500791704182;0,2369162974721031;0,0;0,0;0,0;0,0;0,0;1,0;0,6589962557049271;0,845048273578757;1,0
ToN-IoT;RANDOM_L2;linear;10;15;1024;3;245,1696870326996;6,861709117889404;43,27513089625435;0,6698097562131299;0,996144238079722;0,5694992082958179;0,7246903581376054;0,4821879992053116;0,0071;0,430500791704182;0,8435833912881493;0,9578485534843174;0,430500791704182;0,2370584472505863;0,875;0,0002173305597814;0,000434553186206;0,0036240434737238;0,0001;0,9997826694402184;0,7094302244714211;0,8709420198352731;0,9997826694402184
ToN-IoT;C&W;linear;10;15;1024;3;245,1696870326996;9,756503582000732;13,231775213816954;0,6698097562131299;0,996144238079722;0,5694992082958179;0,7246903581376054;0,4821879992053116;0,0071;0,430500791704182;0,8435833912881493;0,9578485534843174;0,430500791704182;0,5374920040749603;0,969506328177041;0,4066875717967028;0,5730096237970254;0,3331130690071714;0,0412;0,5933124282032972;0,8388743084231116;0,9411117648067208;0,5933124282032972
ToN-IoT;FGSM;linear;10;15;2048;2;241,24627590179443;6,881163120269775;58,54201710535668;0,6702125139188325;0,996255494654583;0,5699649166382067;0,7250967690970851;0,4827203232098845;0,0069;0,4300350833617933;0,8445243736222796;0,9580559860480372;0,4300350833617933;0,0847923428652657;0,0087222647283856;0,0017696917010773;0,0029423910799091;-0,7593514280115274;0,6478;0,9982303082989228;0,0827294933093234;0,5701572231570978;0,9982303082989228
ToN-IoT;RANDOM_LINF;linear;10;15;2048;2;241,24627590179443;6,940497398376465;43,3248833187235;0,6702125139188325;0,996255494654583;0,5699649166382067;0,7250967690970851;0,4827203232098845;0,0069;0,4300350833617933;0,8445243736222796;0,9580559860480372;0,4300350833617933;0,2369636807315975;1,0;6,209444565183644e-05;0,0001241811803421;0,0038356072862582;0,0;0,999937905554348;0,6626187323418921;0,845216591323475;0,999937905554348
ToN-IoT;RANDOM_L2;linear;10;15;2048;2;241,24627590179443;6,782917261123657;43,30829917790046;0,6702125139188325;0,996255494654583;0,5699649166382067;0,7250967690970851;0,4827203232098845;0,0069;0,4300350833617933;0,8445243736222796;0,9580559860480372;0,4300350833617933;0,237129522139828;1,0;0,0002794250054332;0,000558693897821;0,0081372265707553;0,0;0,9997205749945668;0,711732762581887;0,8710153117185468;0,9997205749945668
ToN-IoT;C&W;linear;10;15;2048;2;241,24627590179443;7,666560888290405;13,790897675851122;0,6702125139188325;0,996255494654583;0,5699649166382067;0,7250967690970851;0,4827203232098845;0,0069;0,4300350833617933;0,8445243736222796;0,9580559860480372;0,4300350833617933;0,5323035371603213;0,9738522347218;0,3977770188456642;0,5648407362504133;0,3335712818582886;0,0344;0,6022229811543357;0,8441576329597318;0,9427747665765378;0,6022229811543357
ToN-IoT;FGSM;linear;10;15;2048;3;246,3929615020752;6,939499378204346;58,37854486010093;0,6685777914662749;0,9960792855587018;0,5679157999316962;0,7233899511597097;0,4808937238720982;0,0072;0,4320842000683039;0,8431811046601881;0,957790584027687;0,4320842000683039;0,0847923428652657;0,0087222647283856;0,0017696917010773;0,0029423910799091;-0,7593514280115274;0,6478;0,9982303082989228;0,0973780744512403;0,5740632337126207;0,9982303082989228
ToN-IoT;RANDOM_LINF;linear;10;15;2048;3;246,3929615020752;7,069169521331787;43,16378023644246;0,6685777914662749;0,9960792855587018;0,5679157999316962;0,7233899511597097;0,4808937238720982;0,0072;0,4320842000683039;0,8431811046601881;0,957790584027687;0,4320842000683039;0,2369399891018503;1,0;3,104722282591822e-05;6,209251785159888e-05;0,0027121517931016;0,0;0,999968952777174;0,6728781101555465;0,8510513499883864;0,999968952777174
ToN-IoT;RANDOM_L2;linear;10;15;2048;3;246,3929615020752;6,980406284332275;43,1116586509986;0,6685777914662749;0,9960792855587018;0,5679157999316962;0,7233899511597097;0,4808937238720982;0,0072;0,4320842000683039;0,8431811046601881;0,957790584027687;0,4320842000683039;0,2374612049562889;0,96;0,000745133347822;0,001489110876714;0,01127442050929;0,0001;0,999254866652178;0,7210389906547859;0,8736201840561324;0,999254866652178
ToN-IoT;C&W;linear;10;15;2048;3;246,3929615020752;10,37438154220581;14,70302542111872;0,6685777914662749;0,9960792855587018;0,5679157999316962;0,7233899511597097;0,4808937238720982;0,0072;0,4320842000683039;0,8431811046601881;0,957790584027687;0,4320842000683039;0,5215475372550877;0,9875020288914136;0,3777826073457729;0,5464956996249803;0,3389020548618326;0,0154;0,622217392654227;0,837999023564842;0,942624113644866;0,622217392654227
ToN-IoT;FGSM;linear;10;20;1024;2;182,8861212730408;5,153260231018066;58,71733516548603;0,671965694520126;0,9964314679643148;0,5721692694588469;0,7269248974439887;0,4846685605921149;0,0066;0,4278307305411531;0,846289551057158;0,9585593689241132;0,4278307305411531;0,0847923428652657;0,0087222647283856;0,0017696917010773;0,0029423910799091;-0,7593514280115274;0,6478;0,9982303082989228;0,1273081623148809;0,581619019371839;0,9982303082989228
ToN-IoT;RANDOM_LINF;linear;10;20;1024;2;182,8861212730408;5,154764890670776;43,4954630529034;0,671965694520126;0,9964314679643148;0,5721692694588469;0,7269248974439887;0,4846685605921149;0,0066;0,4278307305411531;0,846289551057158;0,9585593689241132;0,4278307305411531;0,2370110639910919;1,0;0,0001241888913036;0,0002483469406761;0,0054244963669353;0,0;0,9998758111086964;0,6689339625570493;0,8480622958971902;0,9998758111086964
ToN-IoT;RANDOM_L2;linear;10;20;1024;2;182,8861212730408;5,10040020942688;43,419649837712335;0,671965694520126;0,9964314679643148;0,5721692694588469;0,7269248974439887;0,4846685605921149;0,0066;0,4278307305411531;0,846289551057158;0,9585593689241132;0,4278307305411531;0,2377691961430026;1,0;0,001117700021733;0,0022329043262521;0,0162796619235218;0,0;0,9988822999782668;0,724504899251762;0,8761803411978129;0,9988822999782668
ToN-IoT;C&W;linear;10;20;1024;2;182,8861212730408;6,967590808868408;14,800161103082276;0,671965694520126;0,9964314679643148;0,5721692694588469;0,7269248974439887;0,4846685605921149;0,0066;0,4278307305411531;0,846289551057158;0,9585593689241132;0,4278307305411531;0,5239640834893032;0,9845624700047992;0,3821602657642274;0,5506027599472165;0,3379161042055246;0,0193;0,6178397342357727;0,8444648281536217;0,9436894552127316;0,6178397342357727
ToN-IoT;FGSM;linear;10;20;1024;3;235,26444387435916;5,197143077850342;58,60361534269942;0,6708284962922599;0,9963683668491518;0,5707100499860287;0,725729401081764;0,4834658800689921;0,0067;0,4292899500139712;0,8503547843770375;0,9595052381178516;0,4292899500139712;0,0847923428652657;0,0087222647283856;0,0017696917010773;0,0029423910799091;-0,7593514280115274;0,6478;0,9982303082989228;0,1262873141047533;0,5813968662923725;0,9982303082989228
ToN-IoT;RANDOM_LINF;linear;10;20;1024;3;235,26444387435916;5,2719433307647705;43,38411239309152;0,6708284962922599;0,9963683668491518;0,5707100499860287;0,725729401081764;0,4834658800689921;0,0067;0,4292899500139712;0,8503547843770375;0,9595052381178516;0,4292899500139712;0,2369873723613447;1,0;9,314166847775466e-05;0,0001862659878306;0,0046976960035207;0,0;0,9999068583315224;0,6718446722965631;0,8512932249053445;0,9999068583315224
ToN-IoT;RANDOM_L2;linear;10;20;1024;3;235,26444387435916;5,190162181854248;43,2917150370774;0,6708284962922599;0,9963683668491518;0,5707100499860287;0,725729401081764;0,4834658800689921;0,0067;0,4292899500139712;0,8503547843770375;0,9595052381178516;0,4292899500139712;0,2379113459214859;1,0;0,0013039833586885;0,0026045704009178;0,0175852955817051;0,0;0,9986960166413116;0,7254086808035021;0,8771342425876466;0,9986960166413116
ToN-IoT;C&W;linear;10;20;1024;3;235,26444387435916;7,359886646270752;15,932621004998936;0,6708284962922599;0,9963683668491518;0,5707100499860287;0,725729401081764;0,4834658800689921;0,0067;0,4292899500139712;0,8503547843770375;0,9595052381178516;0,4292899500139712;0,5115022862422706;0,9952991452991452;0,3615449098078176;0,5304151768430162;0,3382100313118655;0,0055;0,6384550901921823;0,8508615340432798;0,9470480007809648;0,6384550901921823
ToN-IoT;FGSM;linear;10;20;2048;2;183,28715443611145;5,347740411758423;58,61072283162358;0,6708995711815016;0,996261378413524;0,5708652861001583;0,7258265074509029;0,4834070369449292;0,0069;0,4291347138998416;0,8430431882393121;0,9577352391466832;0,4291347138998416;0,0847923428652657;0,0087222647283856;0,0017696917010773;0,0029423910799091;-0,7593514280115274;0,6478;0,9982303082989228;0,1096415799931696;0,577576016086602;0,9982303082989228
ToN-IoT;RANDOM_LINF;linear;10;20;2048;2;183,28715443611145;5,431517839431763;43,39358904499041;0,6708995711815016;0,996261378413524;0,5708652861001583;0,7258265074509029;0,4834070369449292;0,0069;0,4291347138998416;0,8430431882393121;0,9577352391466832;0,4291347138998416;0,2369636807315975;1,0;6,209444565183644e-05;0,0001241811803421;0,0038356072862582;0,0;0,999937905554348;0,674325808003974;0,8505848536298262;0,999937905554348
ToN-IoT;RANDOM_L2;linear;10;20;2048;2;183,28715443611145;5,444482326507568;43,31540666682461;0,6708995711815016;0,996261378413524;0,5708652861001583;0,7258265074509029;0,4834070369449292;0,0069;0,4291347138998416;0,8430431882393121;0,9577352391466832;0,4291347138998416;0,2377455045132554;0,972972972972973;0,001117700021733;0,00223283508032;0,0146216183387507;0,0001;0,9988822999782668;0,7282149352665404;0,8779995563577192;0,9988822999782668
ToN-IoT;C&W;linear;10;20;2048;2;183,28715443611145;7,567822456359863;16,823426283494037;0,6708995711815016;0,996261378413524;0,5708652861001583;0,7258265074509029;0,4834070369449292;0,0069;0,4291347138998416;0,8430431882393121;0,9577352391466832;0,4291347138998416;0,5026653083465612;0,9995546450521066;0,3484119345524543;0,5167142462473524;0,3347891396727764;0,0005;0,6515880654475458;0,8396010866527989;0,941628142285626;0,6515880654475458
ToN-IoT;FGSM;linear;10;20;2048;3;236,5784661769867;5,2574968338012695;58,83105498827265;0,6731028927479922;0,9959058341862844;0,5739700083827501;0,7282360356101788;0,485161067935055;0,0076;0,4260299916172498;0,8437758809649476;0,957901353124372;0,4260299916172498;0,0847923428652657;0,0087222647283856;0,0017696917010773;0,0029423910799091;-0,7593514280115274;0,6478;0,9982303082989228;0,1239190148716197;0,5808445812944834;0,9982303082989228
ToN-IoT;RANDOM_LINF;linear;10;20;2048;3;236,5784661769867;5,291893005371094;43,61155203866475;0,6731028927479922;0,9959058341862844;0,5739700083827501;0,7282360356101788;0,485161067935055;0,0076;0,4260299916172498;0,8437758809649476;0,957901353124372;0,4260299916172498;0,2369873723613447;1,0;9,314166847775466e-05;0,0001862659878306;0,0046976960035207;0,0;0,9999068583315224;0,6808077711198733;0,8540900649746537;0,9999068583315224
ToN-IoT;RANDOM_L2;linear;10;20;2048;3;236,5784661769867;5,249006986618042;43,50730886777702;0,6731028927479922;0,9959058341862844;0,5739700083827501;0,7282360356101788;0,485161067935055;0,0076;0,4260299916172498;0,8437758809649476;0,957901353124372;0,4260299916172498;0,2380298040702219;0,979591836734694;0,001490266695644;0,0029760059520119;0,0173595474305844;0,0001;0,998509733304356;0,7342173212456146;0,8802759054184816;0,998509733304356
ToN-IoT;C&W;linear;10;20;2048;3;236,5784661769867;7,805723905563354;14,1367954701604;0,6731028927479922;0,9959058341862844;0,5739700083827501;0,7282360356101788;0,485161067935055;0,0076;0,4260299916172498;0,8437758809649476;0,957901353124372;0,4260299916172498;0,5317349380463882;0,9823255813953488;0,3934304076500357;0,5618391008446209;0,3420852213782969;0,0228;0,6065695923499643;0,8425924477630475;0,94360546987298;0,6065695923499643
ToN-IoT;HSJA;linear;1;5;1024;2;77,58523941040039;5,491359710693359;40,18574237721813;0,6650714302636879;0,994689587211212;0,5640969915241082;0,7199207528479445;0,4757715581592646;0,0097;0,4359030084758918;0,8319739203328262;0,9549749048459978;0,4359030084758918;0,2632140064915065;0,8770380434782609;0,0400819646682604;0,0766604316973961;0,0509456021412792;0,0181;0,9599180353317396;0,7007483001645504;0,8729467124734566;0,9599180353317396
ToN-IoT;BPDA;linear;1;5;1024;2;77,58523941040039;16,848097801208496;42,20426923168045;0,6650714302636879;0,994689587211212;0,5640969915241082;0,7199207528479445;0,4757715581592646;0,0097;0,4359030084758918;0,8319739203328262;0,9549749048459978;0,4359030084758918;0,2430287379468833;0,6272189349112426;0,0197460337172839;0,0382867290732324;-0,0501325755124022;0,0378;0,980253966282716;0,4801073690583378;0,7718785474847715;0,980253966282716
ToN-IoT;HSJA;linear;1;5;1024;3;71,5443422794342;5,442997694015503;42,92212561302093;0,6649292804852046;0,9942006784112049;0,5641901331925859;0,7198684809951077;0,4750422111802438;0,0106;0,435809866807414;0,8318594119655996;0,954947841581576;0,435809866807414;0,2357080243549953;0,0526315789473684;9,314166847775466e-05;0,0001859542552532;-0,0614440160907483;0,0054;0,9999068583315224;0,6681072619454189;0,9016947208886262;0,9999068583315224
ToN-IoT;BPDA;linear;1;5;1024;3;71,5443422794342;18,728607892990112;43,43623397853539;0,6649292804852046;0,9942006784112049;0,5641901331925859;0,7198684809951077;0,4750422111802438;0,0106;0,435809866807414;0,8318594119655996;0,954947841581576;0,435809866807414;0,2305669406998507;0,0144927536231884;0,0001241888913036;0,0002462675080806;-0,1428359699360654;0,0272;0,9998758111086964;0,5059942174547487;0,6369388397079503;0,9998758111086964
ToN-IoT;HSJA;linear;1;5;2048;2;70,37344098091125;5,51630973815918;39,94882607974602;0,665095121893435;0,9944733242134064;0,5642522276382378;0,7199904920370811;0,4755337745626269;0,0101;0,4357477723617622;0,8323570539290261;0,9550667268779776;0,4357477723617622;0,2656068610959748;0,8767890479153703;0,0437455369617187;0,0833333333333333;0,0532024398170966;0,0198;0,9562544630382812;0,7042671691142228;0,874043181671661;0,9562544630382812
ToN-IoT;BPDA;linear;1;5;2048;2;70,37344098091125;16,58380150794983;41,55274941363216;0,665095121893435;0,9944733242134064;0,5642522276382378;0,7199904920370811;0,4755337745626269;0,0101;0,4357477723617622;0,8323570539290261;0,9550667268779776;0,4357477723617622;0,2495676277571134;0,8677685950413223;0,0195597503803284;0,0382571732199787;0,0325711945030819;0,0096;0,9804402496196716;0,5103534338228446;0,8639322710380436;0,9804402496196716
ToN-IoT;HSJA;linear;1;5;2048;3;71,71882033348083;5,626996755599976;42,9529247316923;0,6653557298206544;0,9945848375451264;0,564531652643671;0,7202471727634628;0,4759236586842931;0,0099;0,435468347356329;0,8319343289142787;0,9549642899116086;0,435468347356329;0,2358264825037314;0,0576923076923076;9,314166847775466e-05;0,0001859830755401;-0,0582657609493969;0,0049;0,9999068583315224;0,6999593033003197;0,9103330926826636;0,9999068583315224
ToN-IoT;BPDA;linear;1;5;2048;3;71,71882033348083;16,390334129333496;42,92686393897037;0,6653557298206544;0,9945848375451264;0,564531652643671;0,7202471727634628;0,4759236586842931;0,0099;0,435468347356329;0,8319343289142787;0,9549642899116086;0,435468347356329;0,2360870904309507;0,0512820512820512;6,209444565183644e-05;0,0001240387000744;-0,0509103328668568;0,0037;0,999937905554348;0,5062217842838959;0,3906635740921176;0,999937905554348
ToN-IoT;HSJA;linear;1;10;1024;2;41,414090156555176;2,871345043182373;42,566751166812764;0,6654031130801488;0,994910245183888;0,5644074637523674;0,7202313741803847;0,476362739578028;0,0093;0,4355925362476326;0,832389661274799;0,9550827001519766;0,4355925362476326;0,2397356014120211;0,7741935483870968;0,0052159334347542;0,0103620551409362;0,001878326401589;0,0049;0,9947840665652458;0,6006284175230525;0,8576786324152338;0,9947840665652458
ToN-IoT;BPDA;linear;1;10;1024;2;41,414090156555176;10,86354374885559;42,097656897818005;0,6654031130801488;0,994910245183888;0,5644074637523674;0,7202313741803847;0,476362739578028;0,0093;0,4355925362476326;0,832389661274799;0,9550827001519766;0,4355925362476326;0,2444265441019687;0,6161172161172161;0,0261107143965972;0,0500982903437183;-0,0631883399269426;0,0524;0,9738892856034028;0,4980795600608525;0,7705215124864835;0,9738892856034028
ToN-IoT;HSJA;linear;1;10;1024;3;39,87179684638977;2,8922882080078125;39,91802696107465;0,6656400293776209;0,9948047686754894;0,5647800304262783;0,720506980889197;0,4764677363335513;0,0095;0,4352199695737216;0,8328327703436927;0,9551702129714;0,4352199695737216;0,2664597597668743;0,8860681114551083;0,0444285758638889;0,0846144749290444;0,0576928296569788;0,0184;0,9555714241361112;0,5692918889130367;0,827427330521238;0,9555714241361112
ToN-IoT;BPDA;linear;1;10;1024;3;39,87179684638977;8,426532745361328;41,38453884242697;0,6656400293776209;0,9948047686754894;0,5647800304262783;0,720506980889197;0,4764677363335513;0,0095;0,4352199695737216;0,8328327703436927;0,9551702129714;0,4352199695737216;0,2517946409533512;0,6048064085447263;0,0562575677605638;0,1029399233063485;-0,1028942080638663;0,1184;0,9437424322394362;0,4880412695209413;0,7881132820860727;0,9437424322394362
ToN-IoT;HSJA;linear;1;10;2048;2;39,51817274093628;2,8643624782562256;42,66388684877632;0,6653794214504015;0,9942067005520032;0,5647800304262783;0,7203500574189206;0,4754902299813017;0,0106;0,4352199695737216;0,8320860722158403;0,9550037552161192;0,4352199695737216;0,2387405529626383;0,6652360515021459;0,0048123195380173;0,0095555144565686;-0,0171452681416179;0,0078;0,9951876804619828;0,6541997469651338;0,8387638488082031;0,9951876804619828
ToN-IoT;BPDA;linear;1;10;2048;2;39,51817274093628;8,606054306030273;41,02442607026937;0,6653794214504015;0,9942067005520032;0,5647800304262783;0,7203500574189206;0,4754902299813017;0,0106;0,4352199695737216;0,8320860722158403;0,9550037552161192;0,4352199695737216;0,2551351607477078;0,8261238337574215;0,0302399950324443;0,0583443153228704;0,0251327317009626;0,0205;0,9697600049675557;0,4911913890527493;0,8008602211595857;0,9697600049675557
ToN-IoT;HSJA;linear;1;10;2048;3;40,33051514625549;2,944150447845459;40,32552299272667;0,6655689544883793;0,9953457810874444;0,5643764165295414;0,7203201775241718;0,4770504624828015;0,0085;0,4356235834704585;0,8318911717221894;0,9549563505966674;0,4356235834704585;0,2623137245611125;0,8743016759776536;0,0388711229780496;0,0744329835617252;0,0490179667823148;0,018;0,9611288770219504;0,5907116923841162;0,8318605649735186;0,9611288770219504
ToN-IoT;BPDA;linear;1;10;2048;3;40,33051514625549;8,719752311706543;42,317989054467056;0,6655689544883793;0,9953457810874444;0,5643764165295414;0,7203201775241718;0,4770504624828015;0,0085;0,4356235834704585;0,8318911717221894;0,9549563505966674;0,4356235834704585;0,2423890639437086;0,5690376569037657;0,0295569561302741;0,0561950298093382;-0,0927147356014846;0,0721;0,970443043869726;0,4758372318296128;0,7810221900589882;0,970443043869726
ToN-IoT;HSJA;linear;1;15;1024;2;29,190690517425537;2,019615411758423;39,9796251984174;0,6658532540453458;0,9944289693593314;0,5652767859914931;0,720812383704818;0,4762230617223627;0,0102;0,4347232140085069;0,8329763606445404;0,955239926230768;0,4347232140085069;0,2660570020611718;0,8731796116504854;0,0446769536464963;0,0850045780783885;0,052192956848277;0,0209;0,9553230463535036;0,6031041572231364;0,8367070961247085;0,9553230463535036
ToN-IoT;BPDA;linear;1;15;1024;2;29,190690517425537;6,540087461471558;41,460352057618046;0,6658532540453458;0,9944289693593314;0,5652767859914931;0,720812383704818;0,4762230617223627;0,0102;0,4347232140085069;0,8329763606445404;0,955239926230768;0,4347232140085069;0,2512497334691653;0,6062521952932912;0,0535875065975348;0,0984710178000912;-0,0991984562894511;0,1121;0,9464124934024652;0,4625635536651248;0,7435735948221452;0,9464124934024652
ToN-IoT;HSJA;linear;1;15;1024;3;29,393259525299072;1,9857053756713867;37,81894856547182;0,6662323201213012;0,994811861722462;0,5655562109969263;0,7211401425178148;0,47705725735125;0,0095;0,4344437890030737;0,8341282995436058;0,9555105423397602;0,4344437890030737;0,2880428344665829;0,9080937972768532;0,0745443820050296;0,1377786704157461;0,0881637022390035;0,0243;0,9254556179949704;0,5211099257971376;0,814955712471781;0,9254556179949704
ToN-IoT;BPDA;linear;1;15;1024;3;29,393259525299072;7,09109354019165;41,86547892629534;0,6662323201213012;0,994811861722462;0,5655562109969263;0,7211401425178148;0,47705725735125;0,0095;0,4344437890030737;0,8341282995436058;0,9555105423397602;0,4344437890030737;0,2475775308583477;0,6347305389221557;0,0329100561954733;0,0625756368251719;-0,0612695569305085;0,061;0,9670899438045268;0,4690896255704926;0,7886326168023449;0,9670899438045268
ToN-IoT;HSJA;linear;1;15;2048;2;29,137836456298828;1,9837119579315183;42,77997583453767;0,6662323201213012;0,9949199759654777;0,5654941165512745;0,7211180616042442;0,4771877644979587;0,0093;0,4345058834487255;0,8319875469589245;0,9549809666277292;0,4345058834487255;0,2384325617759245;0,686046511627907;0,0036635722934583;0,0072882245761403;-0,0115895145946896;0,0054;0,9963364277065416;0,5031375174640629;0,7976265404838083;0,9963364277065416
ToN-IoT;BPDA;linear;1;15;2048;2;29,137836456298828;7,317495346069336;43,49072472695397;0,6662323201213012;0,9949199759654777;0,5654941165512745;0,7211180616042442;0,4771877644979587;0,0093;0,4345058834487255;0,8319875469589245;0,9549809666277292;0,4345058834487255;0,2313250728517614;0,3763102725366876;0,0111459529945046;0,0216506347435394;-0,1383276394991949;0,0595;0,9888540470054954;0,4825875174640628;0,8467276946119342;0,9888540470054954
ToN-IoT;HSJA;linear;1;15;2048;3;29,641979932785038;2,006649971008301;31,943424388163667;0,665876945675093;0,9947535249754073;0,5651215498773635;0,7207713782248005;0,4766382048056051;0,0096;0,4348784501226365;0,8322029137818622;0,9550290355669616;0,4348784501226365;0,3464427017934564;0,8972332015810277;0,162097550374119;0,2745871463132429;0,1261649292498646;0,0598;0,837902449625881;0,5626202909124779;0,8173566664960106;0,837902449625881
ToN-IoT;BPDA;linear;1;15;2048;3;29,641979932785038;6,805853843688965;37,48252742306144;0,665876945675093;0,9947535249754073;0,5651215498773635;0,7207713782248005;0,4766382048056051;0,0096;0,4348784501226365;0,8322029137818622;0,9550290355669616;0,4348784501226365;0,2910516714444787;0,7240635418709551;0,11462634667329;0,1979200171544977;-0,0340175102579228;0,1407;0,8853736533267099;0,4821662640876773;0,7839228196850906;0,8853736533267099
ToN-IoT;HSJA;linear;1;20;1024;2;23,873868465423584;1,495013952255249;35,35264990878723;0,6663033950105428;0,9951371434815868;0,5654630693284486;0,721149848547841;0,4775195865012303;0,0089;0,4345369306715514;0,8323605933124282;0,955064068886274;0,4345369306715514;0,3127768959226705;0,9018574297188756;0,1115526716135241;0,198546680297295;0,105368212600428;0,0391;0,8884473283864758;0,4652691375081499;0,7878346964167596;0,8884473283864758
ToN-IoT;BPDA;linear;1;20;1024;2;23,873868465423584;5,6474692821502686;41,228174086095386;0,6663033950105428;0,9951371434815868;0,5654630693284486;0,721149848547841;0,4775195865012303;0,0089;0,4345369306715514;0,8323605933124282;0,955064068886274;0,4345369306715514;0,2540216541495889;0,6581945661700263;0,0466329286845291;0,087095184250964;-0,0589754729128496;0,078;0,9533670713154708;0,4692792263032072;0,7919724403486597;0,9533670713154708
ToN-IoT;HSJA;linear;1;20;1024;3;24,18304443359375;1,6286571025848389;35,132317752138164;0,6665403113080148;0,9946535733769776;0,566052966562141;0,7215022062169809;0,4771683839036404;0,0098;0,433947033437859;0,8325395308764632;0,9551072231118396;0,433947033437859;0,3152171337866332;0,8959980829139708;0,1160855661461082;0,2055412016931449;0,1035416750386703;0,0434;0,8839144338538918;0,5300915924120587;0,8149378810951511;0,8839144338538918
ToN-IoT;BPDA;linear;1;20;1024;3;24,18304443359375;5,921739339828491;42,10002606079272;0,6665403113080148;0,9946535733769776;0,566052966562141;0,7215022062169809;0,4771683839036404;0,0098;0,433947033437859;0,8325395308764632;0,9551072231118396;0,433947033437859;0,2455400507000876;0,5885214007782101;0,037567139619361;0,0706260032102728;-0,0929008008877873;0,0846;0,9624328603806388;0,4617538638268806;0,7818283571913142;0,9624328603806388
ToN-IoT;HSJA;linear;1;20;2048;2;23,606565713882446;1,6037240028381348;42,44118552915255;0,6667535359757397;0,9946561971754184;0,5663323915675743;0,7217298409432619;0,4773808928073607;0,0098;0,4336676084324257;0,833585563041386;0,9553852444142495;0,4336676084324257;0,2423416806842142;0,7841191066997518;0,0098109224129901;0,0193793695572182;0,00485736252995;0,0087;0,9901890775870098;0,4952412431308019;0,795782789419065;0,9901890775870098
ToN-IoT;BPDA;linear;1;20;2048;2;23,606565713882446;5,44149112701416;43,03347627283281;0,6667535359757397;0,9946561971754184;0,5663323915675743;0,7217298409432619;0,4773808928073607;0,0098;0,4336676084324257;0,833585563041386;0,9553852444142495;0,4336676084324257;0,2364187732474117;0,4924187725631769;0,0211742059672762;0,0406024885396201;-0,1172507257030723;0,0703;0,9788257940327236;0,4539892918128473;0,7733943016059545;0,9788257940327236
ToN-IoT;HSJA;linear;1;20;2048;3;24,671233654022217;1,809175968170166;39,94645691677131;0,6657347958966098;0,994805904866047;0,5649042193175821;0,7206083288777996;0,4765620258249857;0,0095;0,4350957806824179;0,8354049520320407;0,9557969657200304;0,4350957806824179;0,2662702267288966;0,8807621389059619;0,0444906703095408;0,0847026835323324;0,0554166648248317;0,0194;0,9555093296904592;0,5162151370734888;0,8104259442424657;0,9555093296904592
ToN-IoT;BPDA;linear;1;20;2048;3;24,671233654022217;5,380165100097656;42,74917671586629;0,6657347958966098;0,994805904866047;0,5649042193175821;0,7206083288777996;0,4765620258249857;0,0095;0,4350957806824179;0,8354049520320407;0,9557969657200304;0,4350957806824179;0,2382430287379469;0,5084848484848485;0,0520972399018907;0,0945112506688445;-0,1743832720659088;0,1622;0,9479027600981093;0,4510351237231829;0,7731199235116727;0,9479027600981093
ToN-IoT;HSJA;linear;2;5;1024;2;142,08826541900635;10,344924449920654;21,63282712217774;0,6658058707858514;0,9942123942123942;0,5653388804371449;0,7208059536062069;0,4759149364475698;0,0106;0,4346611195628551;0,8320713698034711;0,9549763956929626;0,4346611195628551;0,449477599564074;0,9814337840738356;0,2839268527430221;0,4404363426204637;0,2733333442917094;0,0173;0,7160731472569779;0,7951668695085224;0,9347191303867456;0,7160731472569779
ToN-IoT;BPDA;linear;2;5;1024;2;142,08826541900635;23,1019299030304;4,968134757990006;0,6658058707858514;0,9942123942123942;0,5653388804371449;0,7208059536062069;0,4759149364475698;0,0106;0,4346611195628551;0,8320713698034711;0,9549763956929626;0,4346611195628551;0,6161245232059513;0,9881068553305684;0,5029960570027011;0,6666392346466413;0,4217871667962357;0,0195;0,4970039429972989;0,8129379226303207;0,9430236723686716;0,4970039429972989
ToN-IoT;HSJA;linear;2;5;1024;3;142,3785355091095;10,531914949417114;20,614087043047697;0,6659480205643347;0,9941603449216831;0,5655562109969263;0,7209688909997626;0,4759913579125905;0,0107;0,4344437890030737;0,8321574901425067;0,9550228897199332;0,4344437890030737;0,4598071501338577;0,9812768569674648;0,2977739141233816;0,4568992211133078;0,2816999563061446;0,0183;0,7022260858766184;0,8058310844794934;0,935402405071731;0,7022260858766184
ToN-IoT;BPDA;linear;2;5;1024;3;142,3785355091095;22,376810550689697;4,255016702598979;0,6659480205643347;0,9941603449216831;0,5655562109969263;0,7209688909997626;0,4759913579125905;0,0107;0,4344437890030737;0,8321574901425067;0,9550228897199332;0,4344437890030737;0,6233978535383449;0,981181051265412;0,5163774100406718;0,6766476810414972;0,4202086722392175;0,0319;0,4836225899593281;0,8063098481790805;0,942637426434914;0,4836225899593281
ToN-IoT;HSJA;linear;2;5;2048;2;139,31066918373108;10,7253999710083;22,893221824729327;0,6650714302636879;0,9945812807881772;0,56415908596976;0,7199429465718418;0,4756408711754667;0,0099;0,43584091403024;0,8323195737216307;0,9550542875725628;0,43584091403024;0,4361392120163946;0,9910078243606212;0,263466732900742;0,4162660649465319;0,2704288269707081;0,0077;0,7365332670992579;0,7873643872830575;0,9343642448296468;0,7365332670992579
ToN-IoT;BPDA;linear;2;5;2048;2;139,31066918373108;22,23672604560852;5,096069558624938;0,6650714302636879;0,9945812807881772;0,56415908596976;0,7199429465718418;0,4756408711754667;0,0099;0,43584091403024;0,8323195737216307;0,9550542875725628;0,43584091403024;0,6141107346774385;0,977276815156784;0,506069732062467;0,6668303060055637;0,4071754090800898;0,0379;0,493930267937533;0,7896037210096557;0,8824141905698721;0,493930267937533
ToN-IoT;HSJA;linear;2;5;2048;3;139,02248620986938;10,082133293151855;19,064654457580136;0,6651898884124239;0,9948535450314808;0,56415908596976;0,7200142647699805;0,47608539032048;0,0094;0,43584091403024;0,8323351827129064;0,9550668970601848;0,43584091403024;0,4745433438366225;0,995847340320348;0,3127076283026483;0,4759586985799683;0,3073083516257767;0,0042;0,6872923716973517;0,8200561116458134;0,9491545670545316;0,6872923716973517
ToN-IoT;BPDA;linear;2;5;2048;3;139,02248620986938;15,395473957061768;4,039422871899356;0,6651898884124239;0,9948535450314808;0,56415908596976;0,7200142647699805;0,47608539032048;0,0094;0,43584091403024;0,8323351827129064;0,9550668970601848;0,43584091403024;0,6247956596934303;0,9970852562545542;0,5097953988015772;0,6746512726749799;0,4401927702038759;0,0048;0,4902046011984228;0,8260979089695427;0,953138252697017;0,4902046011984228
ToN-IoT;HSJA;linear;2;10;1024;2;72,70582175254822;5,321808099746704;24,28628965386529;0,6662797033807956;0,9952451221511724;0,5653699276599709;0,7211024432740665;0,4776265787186742;0,0087;0,4346300723400292;0,8334498012977738;0,9553416731290784;0,4346300723400292;0,4234168068421426;0,9792985874330248;0,2496817659660343;0,397911976447886;0,2499229876976577;0,017;0,7503182340339657;0,7659837855878792;0,9227798866642356;0,7503182340339657
ToN-IoT;BPDA;linear;2;10;1024;2;72,70582175254822;12,966570377349854;6,816081878272406;0,6662797033807956;0,9952451221511724;0,5653699276599709;0,7211024432740665;0,4776265787186742;0,0087;0,4346300723400292;0,8334498012977738;0,9553416731290784;0,4346300723400292;0,5981188845980715;0,9942938659058488;0,47607811481263;0,6438663895362264;0,4126023275628132;0,0088;0,52392188518737;0,781400932969046;0,9380082303650464;0,52392188518737
ToN-IoT;HSJA;linear;2;10;1024;3;72,81395649909973;5,391622066497803;37,738397024331306;0,6659243289345874;0,9947000327833024;0,5652146915458413;0,7208330858624854;0,4766201000767145;0,0097;0,4347853084541588;0,8344939535533548;0,9556192696584132;0,4347853084541588;0,2885403586912743;0,9818664307828394;0,0689248346735384;0,1288076588337685;0,1224143234682215;0,0041;0,9310751653264616;0,710959515973796;0,8910802901626583;0,9310751653264616
ToN-IoT;BPDA;linear;2;10;1024;3;72,81395649909973;10,23623013496399;9,519296832429102;0,6659243289345874;0,9947000327833024;0,5652146915458413;0,7208330858624854;0,4766201000767145;0,0097;0,4347853084541588;0,8344939535533548;0,9556192696584132;0,4347853084541588;0,5707313606102964;0,9961966474151288;0,4391319196497873;0,6095632124463982;0,3903301624978675;0,0054;0,5608680803502126;0,7432429227855567;0,9206425340430878;0,5608680803502126
ToN-IoT;HSJA;linear;2;10;2048;2;72,35133695602417;5,1043877601623535;30,77305787865148;0,6656637210073681;0,9948050527697272;0,5648110776491043;0,720532319391635;0,4764913074982492;0,0095;0,4351889223508957;0,8327689046539788;0,9551687087144816;0,4351889223508957;0,3579331422208534;0,9919106317411402;0,1598931975534788;0,2753937060506403;0,201553482951708;0,0042;0,8401068024465211;0,7320845012263654;0,9065642970335692;0,8401068024465211
ToN-IoT;BPDA;linear;2;10;2048;2;72,35133695602417;9,549535036087036;5,366154137743139;0,6656637210073681;0,9948050527697272;0,5648110776491043;0,720532319391635;0,4764913074982492;0,0095;0,4351889223508957;0,8327689046539788;0,9551687087144816;0,4351889223508957;0,6120021796299367;0,974694171264092;0,5046415598124748;0,6649892605093587;0,4022060622757217;0,0422;0,4953584401875252;0,781784904840262;0,9344936776929558;0,4953584401875252
ToN-IoT;HSJA;linear;2;10;2048;3;73,17797684669495;5,08344316482544;27,37093984695208;0,6657821791561042;0,9948605795516676;0,5649352665404079;0,720647933622448;0,4766744702894253;0,0094;0,435064733459592;0,8338351516656836;0,9554339771011364;0,435064733459592;0,3920727806865834;0,9929248833358424;0,2047874817597565;0,3395449397714403;0,233619398144208;0,0047;0,7952125182402434;0,7624030131329752;0,922178361144881;0,7952125182402434
ToN-IoT;BPDA;linear;2;10;2048;3;73,17797684669495;10,540674209594728;6,211945319718549;0,6657821791561042;0,9948605795516676;0,5649352665404079;0,720647933622448;0,4766744702894253;0,0094;0,435064733459592;0,8338351516656836;0,9554339771011364;0,435064733459592;0,6036627259589187;0,9906186612576064;0,4852059983234499;0,651370219860373;0,4134183933544523;0,0148;0,51479400167655;0,7953935763295972;0,9401735668101252;0,51479400167655
ToN-IoT;HSJA;linear;2;15;1024;2;51,403005838394165;3,473063945770264;32,4883318723495;0,6667535359757397;0,9951421865618688;0,566052966562141;0,721630714427073;0,4779677401339857;0,0089;0,433947033437859;0,8326217144276444;0,9551340639764034;0,433947033437859;0,3418702172522447;0,9861720807726077;0,1394951721568505;0,2444172446620427;0,1825094911940869;0,0063;0,8605048278431494;0,6595852013412401;0,8785595150694525;0,8605048278431494
ToN-IoT;BPDA;linear;2;15;1024;2;51,403005838394165;7,469600677490234;9,097585822928757;0,6667535359757397;0,9951421865618688;0,566052966562141;0,721630714427073;0,4779677401339857;0,0089;0,433947033437859;0,8326217144276444;0,9551340639764034;0,433947033437859;0,5757776777464522;0,9695974784949768;0,4584432922475084;0,6225388928706944;0,3649053163145116;0,0463;0,5415567077524915;0,7578261526281475;0,8994601460523132;0,5415567077524915
ToN-IoT;HSJA;linear;2;15;1024;3;52,37640690803528;3,510638475418091;26,85446231846289;0,6663981615295316;0,9958424507658644;0,5651836443230153;0,7211075679851057;0,4784629087798245;0,0076;0,4348163556769847;0,833770258312894;0,9554311889111612;0,4348163556769847;0,3978535383449027;0,992746264326128;0,2124561457977584;0,350007672241829;0,2386299952041941;0,005;0,7875438542022416;0,7447585535098886;0,9148651483034732;0,7875438542022416
ToN-IoT;BPDA;linear;2;15;1024;3;52,37640690803528;7,057179927825928;7,619228126702826;0,6663981615295316;0,9958424507658644;0,5651836443230153;0,7211075679851057;0,4784629087798245;0,0076;0,4348163556769847;0,833770258312894;0,9554311889111612;0,4348163556769847;0,5902058802625033;0,9716002530044276;0,4769163898289298;0,6397884170849039;0,3795151969914667;0,0449;0,5230836101710702;0,7632368375298829;0,9164243258383492;0,5230836101710702
ToN-IoT;HSJA;linear;2;15;2048;2;51,51815390586853;3,652768850326538;28,03430547987396;0,666895685754223;0,9949817269404898;0,5663323915675743;0,7218155197657394;0,4779136945595334;0,0092;0,4336676084324257;0,8351109301747958;0,9557608778706326;0,4336676084324257;0,3865526309554834;0,9720478325859492;0,2019000900369462;0,3343530682022674;0,2132901892087563;0,0187;0,7980999099630538;0,7267378217268466;0,9057313557611508;0,7980999099630538
ToN-IoT;BPDA;linear;2;15;2048;2;51,51815390586853;7,4042534828186035;7,458125044421804;0,666895685754223;0,9949817269404898;0,5663323915675743;0,7218155197657394;0,4779136945595334;0,0092;0,4336676084324257;0,8351109301747958;0,9557608778706326;0,4336676084324257;0,5923144353100049;0,98021640309879;0,4753329814648079;0,6402107552061553;0,3913894546518321;0,0309;0,524667018535192;0,7705548837281506;0,9295392070113224;0,524667018535192
ToN-IoT;HSJA;linear;2;15;2048;3;52,48955988883972;3,470270156860352;29,683242910279795;0,6665403113080148;0,9953020867475144;0,56568039988823;0,7213698901316441;0,4779512091120162;0,0086;0,43431960011177;0,8336633239156758;0,9554072967265504;0,43431960011177;0,3697078822052169;0,9893486991444036;0,1759135645316526;0,2987136229439055;0,210842466421783;0,0061;0,8240864354683474;0,731350605420845;0,9048439126001931;0,8240864354683474
ToN-IoT;BPDA;linear;2;15;2048;3;52,48955988883972;7,603722095489502;9,009926792864077;0,6665403113080148;0,9953020867475144;0,56568039988823;0,7213698901316441;0,4779512091120162;0,0086;0,43431960011177;0,8336633239156758;0,9554072967265504;0,43431960011177;0,5764410433793741;0,9802935853609492;0,454065633829054;0,6206501442878968;0,3777148963536623;0,0294;0,545934366170946;0,7545853612344375;0,920876371721304;0,545934366170946
ToN-IoT;HSJA;linear;2;20;1024;2;41,0849974155426;2,7855710983276367;34,24388163661778;0,6674169016086616;0,9953655743961616;0,5667980999099631;0,7222947576656775;0,4788894289241505;0,0085;0,4332019000900369;0,8391579527461268;0,9567316832455792;0,4332019000900369;0,3249780852424838;0,988950276243094;0,1167065106026266;0,2087753401832824;0,1671115604734932;0,0042;0,8832934893973734;0,5769783616380514;0,8487983268406152;0,8832934893973734
ToN-IoT;BPDA;linear;2;20;1024;2;41,0849974155426;5,65941596031189;14,248146129972271;0,6674169016086616;0,9953655743961616;0,5667980999099631;0,7222947576656775;0,4788894289241505;0,0085;0,4332019000900369;0,8391579527461268;0,9567316832455792;0,4332019000900369;0,5249354403089389;0,9741789531164676;0,3877177186500667;0,5546770898107845;0,3278854804016154;0,0331;0,6122822813499332;0,6987265624514887;0,9013388422481368;0,6122822813499332
ToN-IoT;HSJA;linear;2;20;1024;3;41,72894334793091;2,641464948654175;27,12691606055581;0,6675353597573978;0,9952048823016564;0,5670464776925704;0,722454065386365;0,4788119674727565;0,0088;0,4329535223074296;0,8354061085410911;0,955778741075758;0,4329535223074296;0,3962661991518396;0,9451945988880064;0,2216771709770561;0,3591278324070115;0,1999668075017718;0,0414;0,7783228290229439;0,7222814477320004;0,8902077800588131;0,7783228290229439
ToN-IoT;BPDA;linear;2;20;1024;3;41,72894334793091;6,153068065643311;7,578952356132584;0,6675353597573978;0,9952048823016564;0,5670464776925704;0,722454065386365;0,4788119674727565;0,0088;0,4329535223074296;0,8354061085410911;0,955778741075758;0,4329535223074296;0,5917458361960719;0,9820405535886708;0,4736564314322083;0,6390750670241286;0,3929945579248505;0,0279;0,5263435685677916;0,7698804961346207;0,9076247456112724;0,5263435685677916
ToN-IoT;HSJA;linear;2;20;2048;2;40,99441313743591;2,8414223194122314;35,97337060816414;0,6670378355327063;0,995686124610932;0,5661150610077929;0,721824155813309;0,4789032871972332;0,0079;0,4338849389922071;0,8343573659536154;0,955553351438356;0,4338849389922071;0,3073041294510649;0,9920503477972838;0,092986432363625;0,1700351992733053;0,1494626190855288;0,0024;0,907013567636375;0,6806415085845571;0,8877974039520544;0,907013567636375
ToN-IoT;BPDA;linear;2;20;2048;2;40,99441313743591;6,164838552474976;13,705607808761169;0,6670378355327063;0,995686124610932;0,5661150610077929;0,721824155813309;0,4789032871972332;0,0079;0,4338849389922071;0,8343573659536154;0,955553351438356;0,4338849389922071;0,5299817574450947;0,9749654430962986;0,3941755409978577;0,5613848908934138;0,3328542379390529;0,0326;0,6058244590021422;0,7344722717252942;0,9205826366303608;0,6058244590021422
ToN-IoT;HSJA;linear;2;20;2048;3;41,6399872303009;2,8339526653289795;29,82539268876306;0,6674405932384089;0,9959065604191684;0,5665186749045298;0,7222101284360096;0,4795652356300371;0,0075;0,4334813250954702;0,8354005852401503;0,9558185608208666;0,4334813250954702;0,3691866663507783;0,9740193581253184;0,1780868701294669;0,3011181689327524;0,1997626528273162;0,0153;0,8219131298705331;0,7026521810674037;0,8917314011239299;0,8219131298705331
ToN-IoT;BPDA;linear;2;20;2048;3;41,6399872303009;5,7606377601623535;6,756852803904378;0,6674405932384089;0,9959065604191684;0,5665186749045298;0,7222101284360096;0,4795652356300371;0,0075;0,4334813250954702;0,8354005852401503;0,9558185608208666;0,4334813250954702;0,5998720651993651;0,9649751122981668;0,493557701263622;0,6530821847462153;0,3799021292017865;0,0577;0,506442298736378;0,7912523207799063;0,9201728716559394;0,506442298736378
ToN-IoT;HSJA;linear;4;5;1024;2;274,9612686634064;20,09092712402344;16,7736738610249;0,6662323201213012;0,9949740508057908;0,5654630693284486;0,721107019836085;0,4772530272337202;0,0092;0,4345369306715514;0,8327210903784656;0,955142250443912;0,4345369306715514;0,4984955815110521;0,9963139440798344;0,3440653233568257;0,5114926613126558;0,3281178459354196;0,0041;0,6559346766431743;0,8229381989506039;0,9477331811267458;0,6559346766431743
ToN-IoT;BPDA;linear;4;5;1024;2;274,9612686634064;7,869521856307983;58,186642659148525;0,6662323201213012;0,9949740508057908;0,5654630693284486;0,721107019836085;0,4772530272337202;0,0092;0,4345369306715514;0,8327210903784656;0,955142250443912;0,4345369306715514;0,0843658935298159;0,0038526737555863;0,0007761805706479;0,0012920564370251;-0,7610681600499082;0,6464;0,999223819429352;0,0882238225340743;0,571422521398061;0,999223819429352
ToN-IoT;HSJA;linear;4;5;1024;3;278,63219380378723;20,18119096755981;16,181383117344637;0,6657821791561042;0,9949146981627296;0,5649042193175821;0,720636869517001;0,476739771291893;0,0093;0,4350957806824179;0,8352163060014282;0,9557664788798846;0,4350957806824179;0,5039683479826578;0,992227074235808;0,3527274985252569;0,5204425204425205;0,3288064883612029;0,0089;0,6472725014747431;0,8213050482784313;0,9439040973407712;0,6472725014747431
ToN-IoT;BPDA;linear;4;5;1024;3;278,63219380378723;7,946491003036499;58,14162856262882;0,6657821791561042;0,9949146981627296;0,5649042193175821;0,720636869517001;0,476739771291893;0,0093;0,4350957806824179;0,8352163060014282;0,9557664788798846;0,4350957806824179;0,0843658935298159;0,0038526737555863;0,0007761805706479;0,0012920564370251;-0,7610681600499082;0,6464;0,999223819429352;0,0799976047067589;0,569263211970692;0,999223819429352
ToN-IoT;HSJA;linear;4;5;2048;2;277,2433123588562;20,641470670700077;15,058399867326866;0,6659717121940818;0,9948628265384196;0,5651836443230153;0,7208505751677985;0,4768630821773157;0,0094;0,4348163556769847;0,8329118693532864;0,9551921517561602;0,4348163556769847;0,5153877135208131;0,9841021416803952;0,370921171101245;0,5387720128976978;0,3302895253050825;0,0193;0,629078828898755;0,8272587273743364;0,9464405466763608;0,629078828898755
ToN-IoT;BPDA;linear;4;5;2048;2;277,2433123588562;7,849571466445923;58,16058186642658;0,6659717121940818;0,9948628265384196;0,5651836443230153;0,7208505751677985;0,4768630821773157;0,0094;0,4348163556769847;0,8329118693532864;0,9551921517561602;0,4348163556769847;0,0843658935298159;0,0038526737555863;0,0007761805706479;0,0012920564370251;-0,7610681600499082;0,6464;0,999223819429352;0,0818248175975659;0,5698333812619729;0,999223819429352
ToN-IoT;HSJA;linear;4;5;2048;3;281,67541456222534;20,3696711063385;16,674169016086616;0,6662086284915539;0,9949196984595214;0,5654630693284486;0,7210927447292883;0,4771641786397704;0,0093;0,4345369306715514;0,8335442624732218;0,9553382584936908;0,4345369306715514;0,4994669383306878;0,9960608773500448;0,3454314011611661;0,5129671038981996;0,3287021487180453;0,0044;0,6545685988388339;0,8266862041665373;0,9488544534028448;0,6545685988388339
ToN-IoT;BPDA;linear;4;5;2048;3;281,67541456222534;7,8670172691345215;58,1842734961738;0,6662086284915539;0,9949196984595214;0,5654630693284486;0,7210927447292883;0,4771641786397704;0,0093;0,4345369306715514;0,8335442624732218;0,9553382584936908;0,4345369306715514;0,0843658935298159;0,0038526737555863;0,0007761805706479;0,0012920564370251;-0,7610681600499082;0,6464;0,999223819429352;0,0859179142475705;0,5708119115202669;0,999223819429352
ToN-IoT;HSJA;linear;4;10;1024;2;139,2357873916626;10,08261489868164;17,782937288256058;0,6669904522732119;0,995685653432363;0,566052966562141;0,7217735550277118;0,4788561266732632;0,0079;0,433947033437859;0,833474378279363;0,955324942070082;0,433947033437859;0,4891610793906513;0,9975698663426488;0,3313670092210252;0,497482986855598;0,3213520363200796;0,0026;0,6686329907789749;0,8009519808128163;0,9289727717280768;0,6686329907789749
ToN-IoT;BPDA;linear;4;10;1024;2;139,2357873916626;3,890621900558472;58,2624558743396;0,6669904522732119;0,995685653432363;0,566052966562141;0,7217735550277118;0,4788561266732632;0,0079;0,433947033437859;0,833474378279363;0,955324942070082;0,433947033437859;0,0843658935298159;0,0038526737555863;0,0007761805706479;0,0012920564370251;-0,7610681600499082;0,6464;0,999223819429352;0,0962847045856748;0,5734967105539839;0,999223819429352
ToN-IoT;HSJA;linear;4;10;1024;3;142,21782279014587;9,780462503433228;15,81890118221233;0,6669430690137175;0,9953064454510724;0,5662082026762706;0,7218000474946569;0,4783521934416038;0,0086;0,4337917973237294;0,8351806420565681;0,9557464616921416;0,4337917973237294;0,5087540571915942;0,9953375928164392;0,3579123847371853;0,5265008791760865;0,3359069508479089;0,0054;0,6420876152628148;0,8198856825731937;0,9415091676547582;0,6420876152628148
ToN-IoT;BPDA;linear;4;10;1024;3;142,21782279014587;3,9160635471344;58,25771754839016;0,6669430690137175;0,9953064454510724;0,5662082026762706;0,7218000474946569;0,4783521934416038;0,0086;0,4337917973237294;0,8351806420565681;0,9557464616921416;0,4337917973237294;0,0843658935298159;0,0038526737555863;0,0007761805706479;0,0012920564370251;-0,7610681600499082;0,6464;0,999223819429352;0,0880014436958614;0,5714236292944141;0,999223819429352
ToN-IoT;HSJA;linear;4;10;2048;2;139,9729540348053;9,870687007904053;18,801677367386095;0,6664218531592788;0,995842678190471;0,5652146915458413;0,7211328976034859;0,478486461321412;0,0076;0,4347853084541588;0,8346696963581609;0,955632821095216;0,4347853084541588;0,4784050794854178;0,9941821002618056;0,3183271756341395;0,4822444852076572;0,3090564234269039;0,006;0,6816728243658605;0,8071887236486697;0,9334568185030644;0,6816728243658605
ToN-IoT;BPDA;linear;4;10;2048;2;139,9729540348053;3,9434814453125;58,20559596294629;0,6664218531592788;0,995842678190471;0,5652146915458413;0,7211328976034859;0,478486461321412;0,0076;0,4347853084541588;0,8346696963581609;0,955632821095216;0,4347853084541588;0,0843658935298159;0,0038526737555863;0,0007761805706479;0,0012920564370251;-0,7610681600499082;0,6464;0,999223819429352;0,0933055760812195;0,5724833435799674;0,999223819429352
ToN-IoT;HSJA;linear;4;10;2048;3;142,60326957702637;9,97191071510315;15,091568148972968;0,666895685754223;0,9953600087341012;0,5661150610077929;0,7217384420519316;0,4783702466882155;0,0085;0,4338849389922071;0,8372373761991989;0,9562452346412984;0,4338849389922071;0,5159800042644933;0,985171760441552;0,371293737775156;0,5393253359790746;0,3318687736194039;0,018;0,6287062622248439;0,8146413378248315;0,93529897718732;0,6287062622248439
ToN-IoT;BPDA;linear;4;10;2048;3;142,60326957702637;3,9983348846435542;58,2529792224407;0,666895685754223;0,9953600087341012;0,5661150610077929;0,7217384420519316;0,4783702466882155;0,0085;0,4338849389922071;0,8372373761991989;0,9562452346412984;0,4338849389922071;0,0843658935298159;0,0038526737555863;0,0007761805706479;0,0012920564370251;-0,7610681600499082;0,6464;0,999223819429352;0,0983982023657983;0,5740137002276493;0,999223819429352
ToN-IoT;HSJA;linear;4;15;1024;2;96,90964460372923;6,478718042373657;18,536331114217347;0,6669193773839702;0,995684946471488;0,5659598248936633;0,7216976463368767;0,4787853919826281;0,0079;0,4340401751063367;0,8357647877922321;0,955915326445538;0,4340401751063367;0,4815560662417967;0,997303024465421;0,3214629451395572;0,4862060059637012;0,3146167366245576;0,0028;0,6785370548604427;0,7855376664907323;0,9264388061402332;0,6785370548604427
ToN-IoT;BPDA;linear;4;15;1024;2;96,90964460372923;2,666886329650879;58,25534838541543;0,6669193773839702;0,995684946471488;0,5659598248936633;0,7216976463368767;0,4787853919826281;0,0079;0,4340401751063367;0,8357647877922321;0,955915326445538;0,4340401751063367;0,0843658935298159;0,0038526737555863;0,0007761805706479;0,0012920564370251;-0,7610681600499082;0,6464;0,999223819429352;0,1049084262162749;0,5758720246685431;0,999223819429352
ToN-IoT;HSJA;linear;4;15;1024;3;98,74271988868712;6,710137367248535;17,65974081357057;0,6685304082067806;0,9957548710133884;0,5680399888229998;0,7234050965739478;0,4804556348557253;0,0078;0,4319600111770002;0,8358442127976653;0,9559135143053956;0,4319600111770002;0,4919330000710749;0,9971365231849252;0,3351547704057872;0,5016846752643197;0,3233084866641334;0,0031;0,6648452295942128;0,7999966468999349;0,927077136285278;0,6648452295942128
ToN-IoT;BPDA;linear;4;15;1024;3;98,74271988868712;2,705781936645508;58,41645146769646;0,6685304082067806;0,9957548710133884;0,5680399888229998;0,7234050965739478;0,4804556348557253;0,0078;0,4319600111770002;0,8358442127976653;0,9559135143053956;0,4319600111770002;0,0843658935298159;0,0038526737555863;0,0007761805706479;0,0012920564370251;-0,7610681600499082;0,6464;0,999223819429352;0,102194683163091;0,5752178031990712;0,999223819429352
ToN-IoT;HSJA;linear;4;15;2048;2;96,74205088615416;6,753494739532471;15,188703830936523;0,6678433509441114;0,9953161592505856;0,5673879971436555;0,7227605299584734;0,4792493612400281;0,0086;0,4326120028563445;0,8346649709708467;0,955636130068557;0,4326120028563445;0,5159563126347462;0,975532945736434;0,375081498959918;0,5418339201219923;0,3219673820472701;0,0303;0,624918501040082;0,802018951224813;0,928480441669112;0,624918501040082
ToN-IoT;BPDA;linear;4;15;2048;2;96,74205088615416;2,7147583961486816;58,34774574142955;0,6678433509441114;0,9953161592505856;0,5673879971436555;0,7227605299584734;0,4792493612400281;0,0086;0,4326120028563445;0,8346649709708467;0,955636130068557;0,4326120028563445;0,0843658935298159;0,0038526737555863;0,0007761805706479;0,0012920564370251;-0,7610681600499082;0,6464;0,999223819429352;0,1142809028532397;0,5783078540931615;0,999223819429352
ToN-IoT;HSJA;linear;4;15;2048;3;98,3706512451172;6,619343042373657;17,02006681039589;0,6675827430168921;0,9957456092505728;0,5667980999099631;0,7223947925528758;0,4795110821321391;0,0078;0,4332019000900369;0,8360949967400416;0,9559703722189488;0,4332019000900369;0,4973820749129332;0,9959400938289428;0,3427302927753112;0,5099669692559998;0,3268121421423081;0,0045;0,6572697072246888;0,795728356980968;0,9254471976351516;0,6572697072246888
ToN-IoT;BPDA;linear;4;15;2048;3;98,3706512451172;2,6848385334014893;58,32168494870762;0,6675827430168921;0,9957456092505728;0,5667980999099631;0,7223947925528758;0,4795110821321391;0,0078;0,4332019000900369;0,8360949967400416;0,9559703722189488;0,4332019000900369;0,0843658935298159;0,0038526737555863;0,0007761805706479;0,0012920564370251;-0,7610681600499082;0,6464;0,999223819429352;0,11740280201186;0,5791384330877375;0,999223819429352
ToN-IoT;HSJA;linear;4;20;1024;2;75,44180989265442;5,015641212463379;20,27292757468786;0,667914425833353;0,9958569559529;0,567170666583874;0,7227266433248274;0,4799719091891368;0,0076;0,4328293334161259;0,8375050808780155;0,9563633357107422;0,4328293334161259;0,4651851500864744;0,9873545776428932;0,3030208947809618;0,4637240461823538;0,2916856796579068;0,0125;0,6969791052190382;0,7843071362041666;0,9181417481611504;0,6969791052190382
ToN-IoT;BPDA;linear;4;20;1024;2;75,44180989265442;2,048555850982666;58,35485323035371;0,667914425833353;0,9958569559529;0,567170666583874;0,7227266433248274;0,4799719091891368;0,0076;0,4328293334161259;0,8375050808780155;0,9563633357107422;0,4328293334161259;0,0843658935298159;0,0038526737555863;0,0007761805706479;0,0012920564370251;-0,7610681600499082;0,6464;0,999223819429352;0,1284811496786612;0,5818422969255435;0,999223819429352
ToN-IoT;HSJA;linear;4;20;1024;3;77,01864719390869;4,765313386917114;18,49368618067237;0,6689805491719776;0,9960289397813196;0,5684746499425627;0,7238298545224542;0,4812302317633257;0,0073;0,4315253500574373;0,836524916948679;0,9560908858844044;0,4315253500574373;0,4840436873652539;0,989213019416565;0,3274240119221335;0,4919990669465827;0,3091621855760987;0,0115;0,6725759880778664;0,7959153357757148;0,92361344764334;0,6725759880778664
ToN-IoT;BPDA;linear;4;20;1024;3;77,01864719390869;2,053546905517578;58,46146556421616;0,6689805491719776;0,9960289397813196;0,5684746499425627;0,7238298545224542;0,4812302317633257;0,0073;0,4315253500574373;0,836524916948679;0,9560908858844044;0,4315253500574373;0,0843658935298159;0,0038526737555863;0,0007761805706479;0,0012920564370251;-0,7610681600499082;0,6464;0,999223819429352;0,1313053463317706;0,582939340645357;0,999223819429352
ToN-IoT;HSJA;linear;4;20;2048;2;75,29969048500061;4,907907962799072;19,43898220758605;0,6696439148048994;0,9958195341766654;0,569468161072992;0,7245792841905665;0,4816321808061584;0,0077;0,4305318389270079;0,8379434055698717;0,956499067794699;0,4305318389270079;0,4752540927290388;0,9969373641572812;0,3132975255363407;0,4767664359452883;0,308908050147602;0,0031;0,6867024744636592;0,8026028423732496;0,9291631370893052;0,6867024744636592
ToN-IoT;BPDA;linear;4;20;2048;2;75,29969048500061;2,0854368209838867;58,527802127508345;0,6696439148048994;0,9958195341766654;0,569468161072992;0,7245792841905665;0,4816321808061584;0,0077;0,4305318389270079;0,8379434055698717;0,956499067794699;0,4305318389270079;0,0843658935298159;0,0038526737555863;0,0007761805706479;0,0012920564370251;-0,7610681600499082;0,6464;0,999223819429352;0,1371302694898941;0,5842498295886098;0,999223819429352
ToN-IoT;HSJA;linear;4;20;2048;3;76,71650266647339;4,978229284286499;17,20012319647469;0,6687436328745054;0,9959188115579256;0,5682262721599552;0,7235994148578658;0,4808636768238958;0,0075;0,4317737278400447;0,8399738753143531;0,9569828617342244;0,4317737278400447;0,4967424009097586;0,9835111542192048;0,3463007234002918;0,5122388059701493;0,3142342735233702;0,0187;0,6536992765997082;0,7966176736315936;0,9262191051296844;0,6536992765997082
ToN-IoT;BPDA;linear;4;20;2048;3;76,71650266647339;2,136301755905152;58,43777393446895;0,6687436328745054;0,9959188115579256;0,5682262721599552;0,7235994148578658;0,4808636768238958;0,0075;0,4317737278400447;0,8399738753143531;0,9569828617342244;0,4317737278400447;0,0843658935298159;0,0038526737555863;0,0007761805706479;0,0012920564370251;-0,7610681600499082;0,6464;0,999223819429352;0,1354589198671179;0,583863334806093;0,999223819429352
ToN-IoT;HSJA;linear;8;5;1024;2;560,6550641059875;41,62051057815552;16,811580468620434;0,6671326020516951;0,9949304987735078;0,5666739110186594;0,7220793606836254;0,4780846273404539;0,0093;0,4333260889813406;0,8346430578409761;0,9556425800654716;0,4333260889813406;0,4990167973654907;0,9964994165694282;0,3446862678133441;0,5122029988465975;0,328739561583055;0,0039;0,6553137321866559;0,8203965428917382;0,9429414736284472;0,6553137321866559
ToN-IoT;BPDA;linear;8;5;1024;2;560,6550641059875;16,552858114242554;58,27667085218792;0,6671326020516951;0,9949304987735078;0,5666739110186594;0,7220793606836254;0,4780846273404539;0,0093;0,4333260889813406;0,8346430578409761;0,9556425800654716;0,4333260889813406;0,0843658935298159;0,0038526737555863;0,0007761805706479;0,0012920564370251;-0,7610681600499082;0,6464;0,999223819429352;0,0835154785929398;0,5701634431477948;0,999223819429352
ToN-IoT;HSJA;linear;8;5;1024;3;570,4989364147186;43,32946062088013;16,396976948044262;0,6671799853111896;0,9952009598080384;0,5665807693501816;0,7220749416373204;0,478457770565088;0,0088;0,4334192306498183;0,835054900804123;0,955736446102551;0,4334192306498183;0,503210215830747;0,9969932790944463;0,350026390139402;0,5181423351793552;0,332790620977212;0,0034;0,6499736098605979;0,828892891738334;0,9508926371798768;0,6499736098605979
ToN-IoT;BPDA;linear;8;5;1024;3;570,4989364147186;16,586749792099;58,281409178137366;0,6671799853111896;0,9952009598080384;0,5665807693501816;0,7220749416373204;0,478457770565088;0,0088;0,4334192306498183;0,835054900804123;0,955736446102551;0,4334192306498183;0,0843658935298159;0,0038526737555863;0,0007761805706479;0,0012920564370251;-0,7610681600499082;0,6464;0,999223819429352;0,0878872768480859;0,5711555728033093;0,999223819429352
ToN-IoT;HSJA;linear;8;5;2048;2;565,9655365943909;42,65822911262512;16,524911748679195;0,6666350778270037;0,9958989501312336;0,5654630693284486;0,721349783155435;0,4787637977042079;0,0075;0,4345369306715514;0,8346249961190972;0,9556401167822056;0,4345369306715514;0,5013859603402118;0,9979480774377733;0,3472942345307212;0,5152701644479248;0,3321514682096778;0,0023;0,6527057654692787;0,81877011704803;0,9430149033967008;0,6527057654692787
ToN-IoT;BPDA;linear;8;5;2048;2;565,9655365943909;16,4870343208313;58,22691842971878;0,6666350778270037;0,9958989501312336;0,5654630693284486;0,721349783155435;0,4787637977042079;0,0075;0,4345369306715514;0,8346249961190972;0,9556401167822056;0,4345369306715514;0,0843658935298159;0,0038526737555863;0,0007761805706479;0,0012920564370251;-0,7610681600499082;0,6464;0,999223819429352;0,0827098823310255;0,5700173457342791;0,999223819429352
ToN-IoT;HSJA;linear;8;5;2048;3;575,4423274993896;43,83756422996521;16,650477386339404;0,6661138619725651;0,9952433023510114;0,5651525971001894;0,7209251668349869;0,4774615815405024;0,0087;0,4348474028998106;0,8333874351889223;0,955294485230327;0,4348474028998106;0,499609088109171;0,9965072541644278;0,345462448383992;0,5130605187319884;0,3292517443446328;0,0039;0,6545375516160079;0,8206177528020119;0,941916314522624;0,6545375516160079
ToN-IoT;BPDA;linear;8;5;2048;3;575,4423274993896;16,688490867614746;58,17479684427491;0,6661138619725651;0,9952433023510114;0,5651525971001894;0,7209251668349869;0,4774615815405024;0,0087;0,4348474028998106;0,8333874351889223;0,955294485230327;0,4348474028998106;0,0843658935298159;0,0038526737555863;0,0007761805706479;0,0012920564370251;-0,7610681600499082;0,6464;0,999223819429352;0,0855799108944704;0,5707149122491891;0,999223819429352
ToN-IoT;HSJA;linear;8;10;1024;2;279,1195156574249;19,63512277603149;14,973110000236922;0,6686014830960222;0,9955937550998204;0,5682262721599552;0,7235135989879823;0,4803312049035927;0,0081;0,4317737278400447;0,8366572371076406;0,9560787355262124;0,4317737278400447;0,518870383093653;0,9866688476322892;0,3745536961718774;0,5429831668016923;0,3358064584132785;0,0163;0,6254463038281226;0,8187173460833929;0,9396278984066078;0,6254463038281226
ToN-IoT;BPDA;linear;8;10;1024;2;279,1195156574249;7,958766460418701;58,423558956620624;0,6686014830960222;0,9955937550998204;0,5682262721599552;0,7235135989879823;0,4803312049035927;0,0081;0,4317737278400447;0,8366572371076406;0,9560787355262124;0,4317737278400447;0,0843658935298159;0,0038526737555863;0,0007761805706479;0,0012920564370251;-0,7610681600499082;0,6464;0,999223819429352;0,0866997531745785;0,5709871227696511;0,999223819429352
ToN-IoT;HSJA;linear;8;10;1024;3;284,73311710357666;19,94331932067871;15,07024568220048;0,6682698002795612;0,996238757154538;0,5674190443664814;0,723028840447838;0,4807823494167912;0,0069;0,4325809556335185;0,8357640566301345;0,9558992954934068;0,4325809556335185;0,5175673434575564;0,9852531541864656;0,3733739017044925;0,5415287628053586;0,3332768342996136;0,018;0,6266260982955074;0,8209185910770281;0,939475521309476;0,6266260982955074
ToN-IoT;BPDA;linear;8;10;1024;3;284,73311710357666;8,21658992767334;58,390390674974526;0,6682698002795612;0,996238757154538;0,5674190443664814;0,723028840447838;0,4807823494167912;0,0069;0,4325809556335185;0,8357640566301345;0,9558992954934068;0,4325809556335185;0,0843658935298159;0,0038526737555863;0,0007761805706479;0,0012920564370251;-0,7610681600499082;0,6464;0,999223819429352;0,0858336132757924;0,5707865670036641;0,999223819429352
ToN-IoT;HSJA;linear;8;10;2048;2;281,19701075553894;18,945958614349365;16,9774218768509;0,6696439148048994;0,9961427717716086;0,5692818777360366;0,7245139876718824;0,4820224112291391;0,0071;0,4307181222639635;0,8366280108044335;0,9561268009696696;0,4307181222639635;0,4998696960363903;0,99865217000629;0,3450588344872551;0,5128986109188242;0,3315287263366618;0,0015;0,6549411655127448;0,8140602160886709;0,936699805823251;0,6549411655127448
ToN-IoT;BPDA;linear;8;10;2048;2;281,19701075553894;7,995176553726196;58,527802127508345;0,6696439148048994;0,9961427717716086;0,5692818777360366;0,7245139876718824;0,4820224112291391;0,0071;0,4307181222639635;0,8366280108044335;0,9561268009696696;0,4307181222639635;0,0843658935298159;0,0038526737555863;0,0007761805706479;0,0012920564370251;-0,7610681600499082;0,6464;0,999223819429352;0,0933584417398863;0,5726723836896395;0,999223819429352
ToN-IoT;HSJA;linear;8;10;2048;3;287,6727840900421;19,50782155990601;16,773673861024907;0,6688383993934943;0,996243671402907;0,5681641777143035;0,7236347819209933;0,4813489875255932;0,0069;0,4318358222856965;0,8364277903691515;0,956063415803884;0,4318358222856965;0,5011016607832453;0,997945878360275;0,3469216678568102;0,5148596968161083;0,3319062831443031;0,0023;0,6530783321431898;0,8076116163184203;0,934497559574598;0,6530783321431898
ToN-IoT;BPDA;linear;8;10;2048;3;287,6727840900421;8,05450987815857;58,44725058636784;0,6688383993934943;0,996243671402907;0,5681641777143035;0,7236347819209933;0,4813489875255932;0,0069;0,4318358222856965;0,8364277903691515;0,956063415803884;0,4318358222856965;0,0843658935298159;0,0038526737555863;0,0007761805706479;0,0012920564370251;-0,7610681600499082;0,6464;0,999223819429352;0,0884042643360551;0,5713376798296552;0,999223819429352
ToN-IoT;HSJA;linear;8;15;1024;2;196,44064450263977;13,457111358642578;12,186974341964984;0,6700940557700964;0,9960929021054916;0,5699028221925548;0,7250034559709303;0,4824069497270206;0,0072;0,4300971778074451;0,8425191747648174;0,9576074457211846;0,4300971778074451;0,5482243123504466;0,9772628214441378;0,4176782886770778;0,5852311038607939;0,3504368372041643;0,0313;0,5823217113229222;0,8158943292247508;0,9345677616981912;0,5823217113229222
ToN-IoT;BPDA;linear;8;15;1024;2;196,44064450263977;5,484383821487427;58,572816224028045;0,6700940557700964;0,9960929021054916;0,5699028221925548;0,7250034559709303;0,4824069497270206;0,0072;0,4300971778074451;0,8425191747648174;0,9576074457211846;0,4300971778074451;0,0843658935298159;0,0038526737555863;0,0007761805706479;0,0012920564370251;-0,7610681600499082;0,6464;0,999223819429352;0,1122623179856561;0,5774887535664467;0,999223819429352
ToN-IoT;HSJA;linear;8;15;1024;3;205,95168542861936;12,755983352661133;10,812859816626784;0,6695728399156577;0,9956035605731656;0,5694992082958179;0,724547232042344;0,4813011243097687;0,0081;0,430500791704182;0,8386030115806141;0,9566011772530596;0,430500791704182;0,5614442417493899;0,9596644295302014;0,4439442391878046;0,6070602220382517;0,3415054310541707;0,0601;0,5560557608121953;0,8189276739420659;0,9357058630423648;0,5560557608121953
ToN-IoT;BPDA;linear;8;15;1024;3;205,95168542861936;5,465437412261963;58,52069463858418;0,6695728399156577;0,9956035605731656;0,5694992082958179;0,724547232042344;0,4813011243097687;0,0081;0,430500791704182;0,8386030115806141;0,9566011772530596;0,430500791704182;0,0843658935298159;0,0038526737555863;0,0007761805706479;0,0012920564370251;-0,7610681600499082;0,6464;0,999223819429352;0,10961611816573;0,5770213453618399;0,999223819429352
ToN-IoT;HSJA;linear;8;15;2048;2;190,7571678161621;12,454316854476929;16,50595844488142;0,669027932431472;0,996083337866507;0,5685056971653886;0,7238693864642631;0,4813426101207924;0,0072;0,4314943028346114;0,840167864572014;0,956966274771975;0,4314943028346114;0,5039683479826578;0,997440423654016;0,3508646651557018;0,5191207882588025;0,3338698459954283;0,0029;0,6491353348442982;0,804885103542488;0,92985144650788;0,6491353348442982
ToN-IoT;BPDA;linear;8;15;2048;2;190,7571678161621;5,443490982055664;58,4662038901656;0,669027932431472;0,996083337866507;0,5685056971653886;0,7238693864642631;0,4813426101207924;0,0072;0,4314943028346114;0,840167864572014;0,956966274771975;0,4314943028346114;0,0843658935298159;0,0038526737555863;0,0007761805706479;0,0012920564370251;-0,7610681600499082;0,6464;0,999223819429352;0,0989986261603899;0,5741350410307227;0,999223819429352
ToN-IoT;HSJA;linear;8;15;2048;3;195,740446805954;13,36786150932312;15,925513516074776;0,6684830249472862;0,996348773841962;0,5676363749262628;0,7232342411835677;0,4811251631180449;0,0067;0,4323636250737371;0,8386281070508242;0,9566183143300918;0,4323636250737371;0,5092278897865384;0,9981796116504854;0,3575087708404483;0,5264601668762144;0,3390868991918271;0,0021;0,6424912291595517;0,8252752382874351;0,9446012658256604;0,6424912291595517
ToN-IoT;BPDA;linear;8;15;2048;3;195,740446805954;5,469427108764648;58,41171314174702;0,6684830249472862;0,996348773841962;0,5676363749262628;0,7232342411835677;0,4811251631180449;0,0067;0,4323636250737371;0,8386281070508242;0,9566183143300918;0,4323636250737371;0,0843658935298159;0,0038526737555863;0,0007761805706479;0,0012920564370251;-0,7610681600499082;0,6464;0,999223819429352;0,1014565307833214;0,5747027873082936;0,999223819429352
ToN-IoT;HSJA;linear;8;20;1024;2;145,7722873687744;8,968580722808838;14,693548769219833;0,6699045227321188;0,9960373466507436;0,5696854916327735;0,7248128616855286;0,482152589636638;0,0073;0,4303145083672265;0,8447344950169207;0,958118009200586;0,4303145083672265;0,5229690350399204;0,9857579658834889;0,3803595268403241;0,5489168178865067;0,3383120374833233;0,0177;0,6196404731596759;0,8022088375919774;0,9264594071171008;0,6196404731596759
ToN-IoT;BPDA;linear;8;20;1024;2;145,7722873687744;4,089000940322876;58,55386292023028;0,6699045227321188;0,9960373466507436;0,5696854916327735;0,7248128616855286;0,482152589636638;0,0073;0,4303145083672265;0,8447344950169207;0,958118009200586;0,4303145083672265;0,0843658935298159;0,0038526737555863;0,0007761805706479;0,0012920564370251;-0,7610681600499082;0,6464;0,999223819429352;0,1172992672855413;0,5790486931990888;0,999223819429352
ToN-IoT;HSJA;linear;8;20;1024;3;148,6750247478485;9,184005498886108;10,853135587197048;0,670046672510602;0,9960924780201889;0,5698407277469031;0,724953095684803;0,4823596101562614;0,0072;0,4301592722530969;0,8393303471079513;0,956816356551086;0,4301592722530969;0,5615153166386315;0,9704690611908524;0,4387283057530504;0,6042762454564892;0,3539633323448825;0,043;0,5612716942469496;0,8113768496382999;0,9317327210102444;0,5612716942469496
ToN-IoT;BPDA;linear;8;20;1024;3;148,6750247478485;4,072134494781494;58,568077898078606;0,670046672510602;0,9960924780201889;0,5698407277469031;0,724953095684803;0,4823596101562614;0,0072;0,4301592722530969;0,8393303471079513;0,956816356551086;0,4301592722530969;0,0843658935298159;0,0038526737555863;0,0007761805706479;0,0012920564370251;-0,7610681600499082;0,6464;0,999223819429352;0,1216572945450029;0,5800894199086633;0,999223819429352
ToN-IoT;HSJA;linear;8;20;2048;2;146,1412558555603;8,661888360977173;16,207443910066566;0,6715392451846762;0,9960521334703368;0,5718277500077618;0,7265483234714004;0,4837875457845198;0,0073;0,4281722499922382;0,8503400943835575;0,9595544751112288;0,4281722499922382;0,5094648060840106;0,9976639557016784;0,358005526405663;0,5269266799186602;0,3387871380528969;0,0027;0,641994473594337;0,8082991834580396;0,930106515339056;0,641994473594337
ToN-IoT;BPDA;linear;8;20;2048;2;146,1412558555603;4,064155340194702;58,71733516548603;0,6715392451846762;0,9960521334703368;0,5718277500077618;0,7265483234714004;0,4837875457845198;0,0073;0,4281722499922382;0,8503400943835575;0,9595544751112288;0,4281722499922382;0,0843658935298159;0,0038526737555863;0,0007761805706479;0,0012920564370251;-0,7610681600499082;0,6464;0,999223819429352;0,1109678909621534;0,5774837026273841;0,999223819429352
ToN-IoT;HSJA;linear;8;20;2048;3;151,73128485679626;9,17055082321167;16,0984624132294;0,6690042408017247;0,9961910980520188;0,5684125554969108;0,7238223258940044;0,4814492170657978;0,007;0,4315874445030892;0,8421798332764134;0,957492798335045;0,4315874445030892;0,5080196166694307;0,9992147282087078;0,3555527958024155;0,5244790474009617;0,3390566885245094;0,0009;0,6444472041975845;0,8040054565494116;0,9264275883144216;0,6444472041975845
ToN-IoT;BPDA;linear;8;20;2048;3;151,73128485679626;4,148439407348633;58,46383472719088;0,6690042408017247;0,9961910980520188;0,5684125554969108;0,7238223258940044;0,4814492170657978;0,007;0,4315874445030892;0,8421798332764134;0,957492798335045;0,4315874445030892;0,0843658935298159;0,0038526737555863;0,0007761805706479;0,0012920564370251;-0,7610681600499082;0,6464;0,999223819429352;0,1304061877115092;0,582382034485981;0,999223819429352
ToN-IoT;HSJA;linear;10;5;1024;2;707,3256800174713;54,08171343803406;15,333222772394516;0,6681039588713308;0,9954807797016224;0,5676363749262628;0,7230054374691053;0,4797046681394133;0,0083;0,4323636250737371;0,8340194371138502;0,9554545914088534;0,4323636250737371;0,5147717311473856;0,9916988093241657;0,3671955043621348;0,535946527699105;0,3374188350563598;0,0099;0,6328044956378652;0,8235744947064486;0,9427444340831505;0,6328044956378652
ToN-IoT;BPDA;linear;10;5;1024;2;707,3256800174713;20,66693472862244;58,37380653415149;0,6681039588713308;0,9954807797016224;0,5676363749262628;0,7230054374691053;0,4797046681394133;0,0083;0,4323636250737371;0,8340194371138502;0,9554545914088534;0,4323636250737371;0,0843658935298159;0,0038526737555863;0,0007761805706479;0,0012920564370251;-0,7610681600499082;0,6464;0,999223819429352;0,0784783181719395;0,5688670656327208;0,999223819429352
ToN-IoT;HSJA;linear;10;5;1024;3;719,2511079311371;53,64485621452332;16,183752280319364;0,6674169016086616;0,9962855738242202;0,5662702971219225;0,7221078470187663;0,479998569639683;0,0068;0,4337297028780775;0,8353284951411096;0,955824095156326;0,4337297028780775;0,505579378805468;0,9983301107400246;0,352665404079605;0,5212104526579026;0,33610780897511;0,0019;0,6473345959203949;0,8157171178863051;0,9392974765773624;0,6473345959203949
ToN-IoT;BPDA;linear;10;5;1024;3;719,2511079311371;20,960090160369877;58,30510080788457;0,6674169016086616;0,9962855738242202;0,5662702971219225;0,7221078470187663;0,479998569639683;0,0068;0,4337297028780775;0,8353284951411096;0,955824095156326;0,4337297028780775;0,0843658935298159;0,0038526737555863;0,0007761805706479;0,0012920564370251;-0,7610681600499082;0,6464;0,999223819429352;0,0750289639541742;0,5680787206898882;0,999223819429352
ToN-IoT;HSJA;linear;10;5;2048;2;711,4402153491974;51,87490701675415;15,127105593593782;0,6669193773839702;0,9948200654307524;0,5664565804588779;0,7218738253971394;0,4777417348595979;0,0095;0,433543419541122;0,834815127759322;0,955645262608862;0,433543419541122;0,5156483214480324;0,9854749525460096;0,3707348877642895;0,5387808509678292;0,3318991695393305;0,0176;0,6292651122357105;0,8191808314446273;0,9400940712282498;0,6292651122357105
ToN-IoT;BPDA;linear;10;5;2048;2;711,4402153491974;20,770087242126465;58,25534838541543;0,6669193773839702;0,9948200654307524;0,5664565804588779;0,7218738253971394;0,4777417348595979;0,0095;0,433543419541122;0,834815127759322;0,955645262608862;0,433543419541122;0,0843658935298159;0,0038526737555863;0,0007761805706479;0,0012920564370251;-0,7610681600499082;0,6464;0,999223819429352;0,0843340929553851;0,570463542809037;0,999223819429352
ToN-IoT;HSJA;linear;10;5;2048;3;723,999048948288;55,79620742797852;14,712502073017609;0,6673695183491672;0,9953650689786792;0,5667360054643112;0,7222442035293186;0,4788422142602461;0,0085;0,4332639945356887;0,835294111894191;0,9557885881520952;0,4332639945356887;0,5202444976189912;0,9852308691065488;0,3769443323294731;0,5452708164915118;0,335491521288434;0,0182;0,6230556676705269;0,8261484786860815;0,9459646630004048;0,6230556676705269
ToN-IoT;BPDA;linear;10;5;2048;3;723,999048948288;21,33559799194336;58,30036248193513;0,6673695183491672;0,9953650689786792;0,5667360054643112;0,7222442035293186;0,4788422142602461;0,0085;0,4332639945356887;0,835294111894191;0,9557885881520952;0,4332639945356887;0,0843658935298159;0,0038526737555863;0,0007761805706479;0,0012920564370251;-0,7610681600499082;0,6464;0,999223819429352;0,0806043264305007;0,5693454552342305;0,999223819429352
ToN-IoT;HSJA;linear;10;10;1024;2;352,28007221221924;24,299601793289185;12,748465966973866;0,6680328839820892;0,996074368900278;0,5672017138067;0,722809099901088;0,4803507319202509;0,0072;0,4327982861933;0,8417518395479524;0,9574126751851296;0,4327982861933;0,5405482243123505;0,977638640429338;0,4072153745847434;0,5749479452054794;0,344447488684147;0,03;0,5927846254152566;0,8132807057033747;0,933285923421946;0,5927846254152566
ToN-IoT;BPDA;linear;10;10;1024;2;352,28007221221924;10,172853469848633;58,36669904522732;0,6680328839820892;0,996074368900278;0,5672017138067;0,722809099901088;0,4803507319202509;0,0072;0,4327982861933;0,8417518395479524;0,9574126751851296;0,4327982861933;0,0843658935298159;0,0038526737555863;0,0007761805706479;0,0012920564370251;-0,7610681600499082;0,6464;0,999223819429352;0,0846627386755254;0,5704294454129972;0,999223819429352
ToN-IoT;HSJA;linear;10;10;1024;3;358,7949950695038;25,138258695602417;14,639058020801244;0,6684356416877917;0,996240191804708;0,5676363749262628;0,7232056327999842;0,480947570008391;0,0069;0,4323636250737371;0,8409824800521594;0,9571644745991386;0,4323636250737371;0,5220450614797792;0,9911042193748468;0,3770374739979509;0,5462642256308758;0,3429806933642728;0,0109;0,6229625260020492;0,8196789422211183;0,9387028182537333;0,6229625260020492
ToN-IoT;BPDA;linear;10;10;1024;3;358,7949950695038;10,174359798431396;58,406974815797575;0,6684356416877917;0,996240191804708;0,5676363749262628;0,7232056327999842;0,480947570008391;0,0069;0,4323636250737371;0,8409824800521594;0,9571644745991386;0,4323636250737371;0,0843658935298159;0,0038526737555863;0,0007761805706479;0,0012920564370251;-0,7610681600499082;0,6464;0,999223819429352;0,0870061923685926;0,5709668103165096;0,999223819429352
ToN-IoT;HSJA;linear;10;10;2048;2;352,87345147132874;25,2102632522583;17,10535667748584;0,6706626548840294;0,9957755632582322;0,5708342388773324;0,725672448838632;0,4825856943997466;0,0078;0,4291657611226676;0,8366697584526064;0,9561368075479004;0,4291657611226676;0,499609088109171;0,9980237154150198;0,3449346455959514;0,5126785261069196;0,3307047901804617;0,0022;0,6550653544040486;0,8035891396814554;0,9306926093174138;0,6550653544040486
ToN-IoT;BPDA;linear;10;10;2048;2;352,87345147132874;10,10802674293518;58,62967613542135;0,6706626548840294;0,9957755632582322;0,5708342388773324;0,725672448838632;0,4825856943997466;0,0078;0,4291657611226676;0,8366697584526064;0,9561368075479004;0,4291657611226676;0,0843658935298159;0,0038526737555863;0,0007761805706479;0,0012920564370251;-0,7610681600499082;0,6464;0,999223819429352;0,0855437843459902;0,5706613543441001;0,999223819429352
ToN-IoT;HSJA;linear;10;10;2048;3;360,1548001766205;25,26961159706116;16,212182236016016;0,6694069985074274;0,995655715449362;0,5692508305132106;0,724359987357775;0,4812004525849726;0,008;0,4307491694867894;0,8396094647458785;0,9568133238115786;0,4307491694867894;0,5072851761472672;0,9964329215242737;0,3555838430252414;0,524128778344736;0,3357245734232701;0,0041;0,6444161569747586;0,8100123335092675;0,934619714654846;0,6444161569747586
ToN-IoT;BPDA;linear;10;10;2048;3;360,1548001766205;10,254655838012695;58,50411049776114;0,6694069985074274;0,995655715449362;0,5692508305132106;0,724359987357775;0,4812004525849726;0,008;0,4307491694867894;0,8396094647458785;0,9568133238115786;0,4307491694867894;0,0843658935298159;0,0038526737555863;0,0007761805706479;0,0012920564370251;-0,7610681600499082;0,6464;0,999223819429352;0,0827349327827625;0,5699360792974948;0,999223819429352
ToN-IoT;HSJA;linear;10;15;1024;2;238,3140194416046;15,14757776260376;14,54902982776185;0,6720604610391149;0,9961104208308572;0,5724797416871061;0,7270899053627761;0,4843744808232783;0,0072;0,4275202583128939;0,845933749883573;0,9585096460772986;0,4275202583128939;0,5265701627614964;0,986239261851734;0,38495451581856;0,5537616399812421;0,3418292476344686;0,0173;0,61504548418144;0,8075404995498152;0,9303475656516836;0,61504548418144
ToN-IoT;BPDA;linear;10;15;1024;2;238,3140194416046;6,713084936141968;58,76945675092989;0,6720604610391149;0,9961104208308572;0,5724797416871061;0,7270899053627761;0,4843744808232783;0,0072;0,4275202583128939;0,845933749883573;0,9585096460772986;0,4275202583128939;0,0843658935298159;0,0038526737555863;0,0007761805706479;0,0012920564370251;-0,7610681600499082;0,6464;0,999223819429352;0,1125992828091527;0,5776736837299475;0,999223819429352
ToN-IoT;HSJA;linear;10;15;1024;3;243,4126274585724;15,613862037658691;16,34011703665095;0,6706626548840294;0,9962593516209476;0,5705548138718992;0,7255749679202448;0,4831701600277149;0,0069;0,4294451861281008;0,843552306808656;0,9579100614701728;0,4294451861281008;0,50726148451752;0,9992999037367638;0,3545282374491602;0,52337519479329;0,3384884235221059;0,0008;0,6454717625508398;0,8037613539693873;0,928752929046036;0,6454717625508398
ToN-IoT;BPDA;linear;10;15;1024;3;243,4126274585724;6,829284429550171;58,62967613542135;0,6706626548840294;0,9962593516209476;0,5705548138718992;0,7255749679202448;0,4831701600277149;0,0069;0,4294451861281008;0,843552306808656;0,9579100614701728;0,4294451861281008;0,0843658935298159;0,0038526737555863;0,0007761805706479;0,0012920564370251;-0,7610681600499082;0,6464;0,999223819429352;0,1070081126393244;0,576169438840631;0,999223819429352
ToN-IoT;HSJA;linear;10;15;2048;2;239,1061115264893;15,701160669326782;15,001539955933564;0,6693596152479329;0,9960323930648404;0,5689714055077774;0,724233322794815;0,4816084830188943;0,0073;0,4310285944922227;0,8426888850942283;0,9576045964013542;0,4310285944922227;0,5193442156885972;0,9858971223608054;0,375485112856655;0,5438438708516953;0,3354181555766438;0,0173;0,624514887143345;0,8110180679313235;0,9323425887216596;0,624514887143345
ToN-IoT;BPDA;linear;10;15;2048;2;239,1061115264893;6,667207956314087;58,49937217181169;0,6693596152479329;0,9960323930648404;0,5689714055077774;0,724233322794815;0,4816084830188943;0,0073;0,4310285944922227;0,8426888850942283;0,9576045964013542;0,4310285944922227;0,0843658935298159;0,0038526737555863;0,0007761805706479;0,0012920564370251;-0,7610681600499082;0,6464;0,999223819429352;0,1085433714179266;0,5765568212465706;0,999223819429352
ToN-IoT;HSJA;linear;10;15;2048;3;245,92352151870728;15,833746433258057;14,729086213840649;0,6722026108175981;0,9960045353922574;0,5727281194697135;0,7272619751626257;0,4843873529675922;0,0074;0,4272718805302866;0,841840364494396;0,9574273338065142;0,4272718805302866;0,5249117486791917;0,9855408212174468;0,3830295880033531;0,551657835312004;0,3397174155005631;0,0181;0,6169704119966469;0,8161893725356266;0,9357366809212408;0,6169704119966469
ToN-IoT;BPDA;linear;10;15;2048;3;245,92352151870728;6,793382883071899;58,78367172877822;0,6722026108175981;0,9960045353922574;0,5727281194697135;0,7272619751626257;0,4843873529675922;0,0074;0,4272718805302866;0,841840364494396;0,9574273338065142;0,4272718805302866;0,0843658935298159;0,0038526737555863;0,0007761805706479;0,0012920564370251;-0,7610681600499082;0,6464;0,999223819429352;0,1031336474277375;0,5751148492836929;0,999223819429352
ToN-IoT;HSJA;linear;10;20;1024;2;184,18644952774048;11,185660123825071;16,155322324622713;0,6708521879220072;0,9959384815336294;0,570989474991462;0,7258411445485939;0,482970069300094;0,0075;0,429010525008538;0,8508611459529944;0,959607329595675;0,429010525008538;0,5092989646757801;0,9982664470832971;0,3575708652861001;0,5265395693320533;0,33923237679367;0,002;0,6424291347138998;0,8097785091123599;0,9315024563621876;0,6424291347138998
ToN-IoT;BPDA;linear;10;20;1024;2;184,18644952774048;5,032082319259644;58,64862943921912;0,6708521879220072;0,9959384815336294;0,570989474991462;0,7258411445485939;0,482970069300094;0,0075;0,429010525008538;0,8508611459529944;0,959607329595675;0,429010525008538;0,0843658935298159;0,0038526737555863;0,0007761805706479;0,0012920564370251;-0,7610681600499082;0,6464;0,999223819429352;0,1222540113011891;0,5802614030247291;0,999223819429352
ToN-IoT;HSJA;linear;10;20;1024;3;185,6712064743042;11,834436178207396;16,498850955957256;0,6702362055485797;0,9963095625746228;0,5699649166382067;0,7251110891675718;0,4828090044798292;0,0068;0,4300350833617933;0,8436257381477227;0,957871751967328;0,4300350833617933;0,5052476959890071;0,9992946570269794;0,3518892235089571;0,5204932148515533;0,3367550269994595;0,0008;0,6481107764910429;0,8048945124033655;0,9275204523197876;0,6481107764910429
ToN-IoT;BPDA;linear;10;20;1024;3;185,6712064743042;5,203114032745361;58,58703120187637;0,6702362055485797;0,9963095625746228;0,5699649166382067;0,7251110891675718;0,4828090044798292;0,0068;0,4300350833617933;0,8436257381477227;0,957871751967328;0,4300350833617933;0,0843658935298159;0,0038526737555863;0,0007761805706479;0,0012920564370251;-0,7610681600499082;0,6464;0,999223819429352;0,1197009096836287;0,5800072081473537;0,999223819429352
ToN-IoT;HSJA;linear;10;20;2048;2;183,0946333408356;11,88180160522461;16,73576725342936;0,6721789191878509;0,996218668971478;0,5725728833555839;0,7271938644742809;0,4846228022022139;0,007;0,4274271166444162;0,8440894377347946;0,958029179605672;0,4274271166444162;0,5048212466535573;0,998677015346622;0,351547704057872;0,5200358233632627;0,3357934951999413;0,0015;0,6484522959421279;0,8048530597038096;0,9286041803130728;0,6484522959421279
ToN-IoT;BPDA;linear;10;20;2048;2;183,0946333408356;5,116854429244995;58,78130256580349;0,6721789191878509;0,996218668971478;0,5725728833555839;0,7271938644742809;0,4846228022022139;0,007;0,4274271166444162;0,8440894377347946;0,958029179605672;0,4274271166444162;0,0843658935298159;0,0038526737555863;0,0007761805706479;0,0012920564370251;-0,7610681600499082;0,6464;0,999223819429352;0,1074471296842497;0,5760642917126467;0,999223819429352
ToN-IoT;HSJA;linear;10;20;2048;3;187,28319120407104;11,45197319984436;15,63173730720937;0,6717998531118956;0,996108108108108;0,572138222236021;0,7268137805912166;0,484113392500932;0,0072;0,427861777763979;0,8488803750504517;0,9591784282408812;0,427861777763979;0,5154824800398019;0,9985583446404342;0,365581048775187;0,5352151087475284;0,3448229272439095;0,0017;0,634418951224813;0,8173959017665869;0,93497115795056;0,634418951224813
ToN-IoT;BPDA;linear;10;20;2048;3;187,28319120407104;5,118850469589233;58,74339595820797;0,6717998531118956;0,996108108108108;0,572138222236021;0,7268137805912166;0,484113392500932;0,0072;0,427861777763979;0,8488803750504517;0,9591784282408812;0,427861777763979;0,0843658935298159;0,0038526737555863;0,0007761805706479;0,0012920564370251;-0,7610681600499082;0,6464;0,999223819429352;0,1180294172436275;0,5795275633758019;0,999223819429352
