Dataset;Attack;Binarization;Resolution;AddressSize;TrainTime_s;InferTime_Adv_s;Acc_Drop_pp;Clean_Acc;Clean_Precision;Clean_Recall;Clean_F1;Clean_MCC;Clean_FAR;Clean_ASR;Clean_AUC;Clean_PR_AUC;Clean_F1_Macro;Clean_Miss_analysis;Clean_Miss_backdoor;Clean_Miss_dos;Clean_Miss_exploits;Clean_Miss_fuzzers;Clean_Miss_generic;Clean_Miss_reconnaissance;Clean_Miss_shellcode;Clean_Miss_worms;Adv_Acc;Adv_Precision;Adv_Recall;Adv_F1;Adv_MCC;Adv_FAR;Adv_ASR;Adv_AUC;Adv_PR_AUC;Adv_F1_Macro;Adv_Miss_analysis;Adv_Miss_backdoor;Adv_Miss_dos;Adv_Miss_exploits;Adv_Miss_fuzzers;Adv_Miss_generic;Adv_Miss_reconnaissance;Adv_Miss_shellcode;Adv_Miss_worms
UNSW-NB15;FGSM;distributive;1;5;0,307748794555664;481,5728588104248;28,127581013457704;0,6533061264150026;0,6145147934176803;0,6533061264150026;0,6237725619851833;0,5104998428413834;0,2145135135135135;0,2478822906556075;0,5970205288425363;0,2043078154405807;0,2278102198759094;0,1299852289512555;0,0686106346483705;0,2384446074834923;0,3532159540064678;0,4800395908940943;0,0261777330295161;0,7136727688787186;0,7619047619047619;0,3409090909090909;0,3720303162804256;0,2317350608472576;0,3720303162804256;0,2813484257544544;0,0038261277580534;0,2217027027027027;0,7469999117621107;0,5012047935869433;0,1019682853493857;0,084104939161632;0,740029542097489;0,758147512864494;0,7163120567375887;0,7586237872799138;0,8746288353678654;0,6911663398865985;0,8215102974828375;0,8333333333333334;0,3181818181818182
UNSW-NB15;RANDOM_LINF;distributive;1;5;0,307748794555664;287,62052059173584;35,38356896467958;0,6533061264150026;0,6145147934176803;0,6533061264150026;0,6237725619851833;0,5104998428413834;0,2145135135135135;0,2478822906556075;0,5970205288425363;0,2043078154405807;0,2278102198759094;0,1299852289512555;0,0686106346483705;0,2384446074834923;0,3532159540064678;0,4800395908940943;0,0261777330295161;0,7136727688787186;0,7619047619047619;0,3409090909090909;0,2994704367682068;0,4712549503039822;0,2994704367682068;0,2594905520258064;0,0141757172419436;0,4414324324324324;0,5042133592164475;0,49941737399284;0,1011150811403906;0,0772742524588966;0,5036927621861153;0,4751286449399657;0,4993886035705551;0,5458138699245418;0,5344770702738371;0,4672778337131048;0,527745995423341;0,5185185185185185;0,5
UNSW-NB15;RANDOM_L2;distributive;1;5;0,307748794555664;285,7168476581573;35,46373220618957;0,6533061264150026;0,6145147934176803;0,6533061264150026;0,6237725619851833;0,5104998428413834;0,2145135135135135;0,2478822906556075;0,5970205288425363;0,2043078154405807;0,2278102198759094;0,1299852289512555;0,0686106346483705;0,2384446074834923;0,3532159540064678;0,4800395908940943;0,0261777330295161;0,7136727688787186;0,7619047619047619;0,3409090909090909;0,2986688043531069;0,24262482955925;0,2986688043531069;0,2586093084372978;0,012605209019994;0,4431891891891892;0,5069487337862878;0,4991941081528165;0,1010078974616252;0,0770788982617978;0,4963072378138848;0,5197255574614065;0,4962093421374419;0,5480596478620194;0,5427251732101617;0,4706692809072121;0,5225972540045767;0,4947089947089947;0,5909090909090909
UNSW-NB15;FGSM;distributive;1;10;0,2936141490936279;64,75694251060486;48,41252489918865;0,6677719477238497;0,6347361492734643;0,6677719477238497;0,6470372462122371;0,52534207221082;0,160027027027027;0,2331465631342098;0,6049392651327851;0,2097640497255719;0,2484629046619584;0,0915805022156573;0,1029159519725557;0,1565174859378821;0,4168163851958318;0,5404157043879908;0,0152615123734831;0,4021739130434782;0,5105820105820106;0,0909090909090909;0,1836466987319632;0,3816969033754127;0,1836466987319632;0,1538374690557552;-0,2055227760058753;0,6255945945945945;0,7829347921997706;0,4700476154834346;0,0939343976920355;0,0467932443089502;0,8552437223042836;0,8970840480274442;0,7813646368305209;0,6956521739130435;0,500329924117453;0,9748291028562344;0,5128718535469108;0,5978835978835979;0,0681818181818181
UNSW-NB15;RANDOM_LINF;distributive;1;10;0,2936141490936279;45,79386687278748;37,86255647864743;0,6677719477238497;0,6347361492734643;0,6677719477238497;0,6470372462122371;0,52534207221082;0,160027027027027;0,2331465631342098;0,6049392651327851;0,2097640497255719;0,2484629046619584;0,0915805022156573;0,1029159519725557;0,1565174859378821;0,4168163851958318;0,5404157043879908;0,0152615123734831;0,4021739130434782;0,5105820105820106;0,0909090909090909;0,2891463829373755;0,313370816741128;0,2891463829373755;0,2631425430139106;0,0258867287448701;0,4531891891891892;0,4857275213976881;0,5035415278810469;0,1019035025745575;0,0841532957083547;0,5642540620384048;0,5385934819897084;0,5201760821716801;0,4997305066475027;0,4859782250082481;0,4645752742303005;0,4919908466819222;0,4894179894179894;0,3409090909090909
UNSW-NB15;RANDOM_L2;distributive;1;10;0,2936141490936279;45,84029459953308;38,02895593450906;0,6677719477238497;0,6347361492734643;0,6677719477238497;0,6470372462122371;0,52534207221082;0,160027027027027;0,2331465631342098;0,6049392651327851;0,2097640497255719;0,2484629046619584;0,0915805022156573;0,1029159519725557;0,1565174859378821;0,4168163851958318;0,5404157043879908;0,0152615123734831;0,4021739130434782;0,5105820105820106;0,0909090909090909;0,2874823883787591;0,3018038654214204;0,2874823883787591;0,2621029073326629;0,0237406507313535;0,4547027027027027;0,4865216624018353;0,5031087490692522;0,1017527776711103;0,0842325946882322;0,534711964549483;0,5111492281303602;0,5138175593054537;0,4954186130075458;0,4828439458924447;0,4728419267659371;0,4971395881006865;0,4576719576719577;0,4090909090909091
UNSW-NB15;FGSM;distributive;1;15;0,2718989849090576;14,696049213409424;14,561774279745416;0,6041150463975125;0,6813235378302338;0,6041150463975125;0,6264480150526706;0,4839998634565238;0,3717837837837838;0,1037677578752316;0,6116789098697197;0,2183867631095133;0,2686631612465289;0,0960118168389955;0,0274442538593482;0,1098067987282954;0,3095580309019044;0,0859452325965028;0,0085316093476763;0,0117276887871853;0,0132275132275132;0,0;0,4584973036000583;0,4803867159905469;0,4584973036000583;0,415590875218212;0,1739797751084526;0,1714054054054054;0,5846642548310245;0,5207263316040706;0,1314728103946143;0,1230898187013554;0,9763663220088626;0,9691252144082332;0,9329909513328444;0,8695652173913043;0,7796106895414054;0,1715330401144613;0,977974828375286;0,9497354497354498;0,9545454545454546
UNSW-NB15;RANDOM_LINF;distributive;1;15;0,2718989849090576;11,94697332382202;19,22338823300781;0,6041150463975125;0,6813235378302338;0,6041150463975125;0,6264480150526706;0,4839998634565238;0,3717837837837838;0,1037677578752316;0,6116789098697197;0,2183867631095133;0,2686631612465289;0,0960118168389955;0,0274442538593482;0,1098067987282954;0,3095580309019044;0,0859452325965028;0,0085316093476763;0,0117276887871853;0,0132275132275132;0,0;0,4118811640674343;0,3526729164148084;0,4118811640674342;0,3067670000302734;0,0405783401507186;0,1362162162162162;0,8053692755669284;0,5042713436726679;0,10241326892273;0,0872365854285721;0,8286558345642541;0,8336192109777015;0,8310100269014429;0,8447718289615522;0,8434510062685582;0,7575645169837316;0,8278032036613272;0,8465608465608465;0,8409090909090909
UNSW-NB15;RANDOM_L2;distributive;1;15;0,2718989849090576;11,916892766952516;19,256182286352807;0,6041150463975125;0,6813235378302338;0,6041150463975125;0,6264480150526706;0,4839998634565238;0,3717837837837838;0,1037677578752316;0,6116789098697197;0,2183867631095133;0,2686631612465289;0,0960118168389955;0,0274442538593482;0,1098067987282954;0,3095580309019044;0,0859452325965028;0,0085316093476763;0,0117276887871853;0,0132275132275132;0,0;0,4115532235339844;0,3583968992248524;0,4115532235339844;0,3082048120944404;0,041744274544863;0,1397567567567567;0,8028765551927998;0,5046165475923164;0,1025930194037496;0,0885022458451053;0,8508124076809453;0,8456260720411664;0,8302763511861091;0,8419870643190801;0,8363576377433191;0,7542260611520322;0,829233409610984;0,8518518518518519;0,7954545454545454
UNSW-NB15;FGSM;distributive;1;20;0,2812883853912353;3,878663301467896;37,82611864159743;0,6605208181509012;0,6558168951476635;0,6605208181509012;0,6469169570329034;0,5347093455042481;0,2418648648648648;0,1576811082678902;0,6064318106971317;0,2142584431698599;0,243129277112803;0,0915805022156573;0,0651801029159519;0,1132306187331866;0,25;0,4940613658858462;0,0095384452334269;0,1524599542334096;0,2354497354497354;0,1136363636363636;0,2822596317349269;0,3309341016727213;0,2822596317349269;0,2857135603439608;0,110016225997891;0,4695135135135135;0,2174402188299656;0,5222520734644893;0,1133223953870029;0,0853314151124785;0,0841949778434268;0,144082332761578;0,1274150158963071;0,2658102766798419;0,2756516001319696;0,1091092151979227;0,6618993135011442;0,4841269841269841;0,2045454545454545
UNSW-NB15;RANDOM_LINF;distributive;1;20;0,2812883853912353;4,798989295959473;44,58533741437108;0,6605208181509012;0,6558168951476635;0,6605208181509012;0,6469169570329034;0,5347093455042481;0,2418648648648648;0,1576811082678902;0,6064318106971317;0,2142584431698599;0,243129277112803;0,0915805022156573;0,0651801029159519;0,1132306187331866;0,25;0,4940613658858462;0,0095384452334269;0,1524599542334096;0,2354497354497354;0,1136363636363636;0,2146674440071904;0,2774092126728467;0,2146674440071904;0,2266855724477929;0,0104368529576573;0,6118108108108108;0,3456498720550604;0,5022637401384078;0,1010641735901511;0,0774505740916067;0,2821270310192024;0,2950257289879931;0,342871117632673;0,4669421487603306;0,3863411415374463;0,2623072439192411;0,3615560640732265;0,335978835978836;0,5227272727272727
UNSW-NB15;RANDOM_L2;distributive;1;20;0,2812883853912353;4,905848979949951;44,52825146965943;0,6605208181509012;0,6558168951476635;0,6605208181509012;0,6469169570329034;0,5347093455042481;0,2418648648648648;0,1576811082678902;0,6064318106971317;0,2142584431698599;0,243129277112803;0,0915805022156573;0,0651801029159519;0,1132306187331866;0,25;0,4940613658858462;0,0095384452334269;0,1524599542334096;0,2354497354497354;0,1136363636363636;0,2152383034543069;0,2785384989504011;0,2152383034543069;0,2275361930284604;0,011156624591895;0,6115135135135135;0,3444586605488396;0,5022073858777605;0,1011074151460191;0,0777380914009983;0,3042836041358936;0,3396226415094339;0,3404255319148936;0,4636183974128638;0,3805674694820191;0,2616183562079381;0,3661327231121281;0,3015873015873015;0,4545454545454545
UNSW-NB15;FGSM;distributive;2;5;0,5532338619232178;137,84198260307312;38,54151484234562;0,6153014623718602;0,6104844271718537;0,6153014623718602;0,563447129030293;0,4288528891358564;0,0648648648648648;0,559273802170652;0,5749302461630614;0,1907389305169707;0,227434951752549;0,723781388478582;0,8439108061749572;0,417461482024945;0,6364534674811355;0,9041570438799076;0,3971702612474166;0,6447368421052632;0,8227513227513228;0,8636363636363636;0,229886313948404;0,1914105527454662;0,229886313948404;0,2042133144819547;-0,0787842508117555;0,6102972972972973;0,6604606017824054;0,4925965183147852;0,0982240114451119;0,083320815752766;0,8493353028064993;0,8301886792452831;0,6957691367082416;0,4564319080129357;0,5419003629165292;0,8792326850723332;0,279462242562929;0,2486772486772486;0,1590909090909091
UNSW-NB15;RANDOM_LINF;distributive;2;5;0,5532338619232178;111,57507419586182;35,35077491133459;0,6153014623718602;0,6104844271718537;0,6153014623718602;0,563447129030293;0,4288528891358564;0,0648648648648648;0,559273802170652;0,5749302461630614;0,1907389305169707;0,227434951752549;0,723781388478582;0,8439108061749572;0,417461482024945;0,6364534674811355;0,9041570438799076;0,3971702612474166;0,6447368421052632;0,8227513227513228;0,8636363636363636;0,2617937132585143;0,3575775151694302;0,2617937132585143;0,2535776243157013;0,0311126525128434;0,5295945945945946;0,3904967793170387;0,5058224562672649;0,1025080791699537;0,0895699123993184;0,3914327917282127;0,4202401372212693;0,4282220591831743;0,4577793747754222;0,4501814582645991;0,3174712521858937;0,415045766590389;0,4153439153439153;0,3863636363636363
UNSW-NB15;RANDOM_L2;distributive;2;5;0,5532338619232178;115,60948872566225;35,34834572219793;0,6153014623718602;0,6104844271718537;0,6153014623718602;0,563447129030293;0,4288528891358564;0,0648648648648648;0,559273802170652;0,5749302461630614;0,1907389305169707;0,227434951752549;0,723781388478582;0,8439108061749572;0,417461482024945;0,6364534674811355;0,9041570438799076;0,3971702612474166;0,6447368421052632;0,8227513227513228;0,8636363636363636;0,2618180051498809;0,3510160288024829;0,2618180051498809;0,2518716143242842;0,0268587204455225;0,5276216216216216;0,4044604253066267;0,5049349117668321;0,1021221286358608;0,0875573052493487;0,4047267355982274;0,4373927958833619;0,438004402054292;0,4779913762127201;0,4618937644341801;0,3312490064119548;0,4213386727688787;0,3862433862433862;0,5454545454545454
UNSW-NB15;FGSM;distributive;2;10;0,5359549522399902;10,292658567428589;25,72754214643152;0,5900864791332653;0,6070253350614397;0,5900864791332653;0,5799777469324467;0,4188136122460839;0,2545135135135135;0,3203035383393629;0,5910402243608066;0,1915047107576011;0,2425902070345533;0,2865583456425406;0,2950257289879931;0,260210320371729;0,3931908012935681;0,4491916859122402;0,2787875576281066;0,1744851258581235;0,2883597883597883;0,2272727272727272;0,3328110576689501;0,4309762068508699;0,3328110576689501;0,3475809117144768;0,0847164064894161;0,4935675675675676;0,4251963293038031;0,5122937406277501;0,1173344333411319;0,1193628710019786;0,276218611521418;0,3413379073756432;0,413059427732942;0,5196730147323033;0,5423952490927086;0,3005670075777648;0,630720823798627;0,582010582010582;0,6818181818181818
UNSW-NB15;RANDOM_LINF;distributive;2;10;0,5359549522399902;16,726961612701416;27,621095078462805;0,5900864791332653;0,6070253350614397;0,5900864791332653;0,5799777469324467;0,4188136122460839;0,2545135135135135;0,3203035383393629;0,5910402243608066;0,1915047107576011;0,2425902070345533;0,2865583456425406;0,2950257289879931;0,260210320371729;0,3931908012935681;0,4491916859122402;0,2787875576281066;0,1744851258581235;0,2883597883597883;0,2272727272727272;0,3138755283486372;0,2869893504138676;0,3138755283486372;0,2812942475694102;0,0291248308081134;0,3945135135135135;0,5172946263125386;0,5059666939296681;0,1023538869988972;0,0940999912388019;0,4416543574593796;0,4528301886792453;0,4781120078258743;0,5904599353215954;0,5417354008578027;0,4754914948863335;0,5411899313501144;0,4814814814814814;0,6363636363636364
UNSW-NB15;RANDOM_L2;distributive;2;10;0,5359549522399902;16,49065589904785;27,35145508429286;0,5900864791332653;0,6070253350614397;0,5900864791332653;0,5799777469324467;0,4188136122460839;0,2545135135135135;0,3203035383393629;0,5910402243608066;0,1915047107576011;0,2425902070345533;0,2865583456425406;0,2950257289879931;0,260210320371729;0,3931908012935681;0,4491916859122402;0,2787875576281066;0,1744851258581235;0,2883597883597883;0,2272727272727272;0,3165719282903367;0,2876965945187407;0,3165719282903367;0,2829615008515065;0,0314020687462313;0,3929459459459459;0,5209123797758758;0,5068313537839355;0,1024659930635253;0,0952825044002589;0,4549483013293944;0,4682675814751286;0,4908290535583272;0,584800574919152;0,5475090729132299;0,4805786656774946;0,5417620137299771;0,5476190476190477;0,6136363636363636
UNSW-NB15;FGSM;distributive;2;15;0,5494647026062012;3,948505401611328;42,14400233202157;0,6742943205557985;0,7240706242371446;0,6742943205557985;0,6829141254026797;0,5704482813071269;0,2826756756756757;0,0952969204976617;0,642260962963779;0,2423120634755246;0,3021742955726709;0,0768094534711964;0,0274442538593482;0,053558327219369;0,1024074739489759;0,347080171560541;0,0162683482592337;0,1212814645308924;0,1375661375661375;0,1363636363636363;0,2528542972355828;0,332491680327157;0,2528542972355828;0,2499997411282808;0,0891680958891658;0,660972972972973;0,1468278478778787;0,5171743091612855;0,1121064901953469;0,0899136704037136;0,1166912850812407;0,0754716981132075;0,1247248716067498;0,1501077973409989;0,4721214120752227;0,0471093211806475;0,1413043478260869;0,2592592592592592;0,2045454545454545
UNSW-NB15;RANDOM_LINF;distributive;2;15;0,5494647026062012;4,153892755508423;41,48083369771171;0,6742943205557985;0,7240706242371446;0,6742943205557985;0,6829141254026797;0,5704482813071269;0,2826756756756757;0,0952969204976617;0,642260962963779;0,2423120634755246;0,3021742955726709;0,0768094534711964;0,0274442538593482;0,053558327219369;0,1024074739489759;0,347080171560541;0,0162683482592337;0,1212814645308924;0,1375661375661375;0,1363636363636363;0,2594859835786814;0,3286951908444033;0,2594859835786814;0,2810353171984616;0,0398317306861597;0,604081081081081;0,2895305744286596;0,5068789462137805;0,1037332730748003;0,1006161293139375;0,2348596750369276;0,2641509433962264;0,2648569332355099;0,3451311534315487;0,2773012207192346;0,2742303004610248;0,2665903890160183;0,238095238095238;0,2045454545454545
UNSW-NB15;RANDOM_L2;distributive;2;15;0,5494647026062012;4,071635007858276;41,68124180148667;0,6742943205557985;0,7240706242371446;0,6742943205557985;0,6829141254026797;0,5704482813071269;0,2826756756756757;0,0952969204976617;0,642260962963779;0,2423120634755246;0,3021742955726709;0,0768094534711964;0,0274442538593482;0,053558327219369;0,1024074739489759;0,347080171560541;0,0162683482592337;0,1212814645308924;0,1375661375661375;0,1363636363636363;0,2574819025409318;0,3277490396181418;0,2574819025409318;0,2790849529864339;0,0372921443984033;0,6045135135135136;0,2899055854583958;0,5048142320057825;0,1034888811958486;0,0976751673008743;0,2363367799113737;0,241852487135506;0,2633895818048422;0,3457599712540424;0,2837347410095678;0,271156801441365;0,2763157894736842;0,2671957671957672;0,25
UNSW-NB15;FGSM;distributive;2;20;0,5313949584960938;1,725491285324097;60,06291599863965;0,6851527959966963;0,6657734121452711;0,6851527959966963;0,6583076857100489;0,5435816893230442;0,116;0,2941189446748434;0,6095665722232517;0,2193247147225165;0,2728309709044933;0,138847858197932;0,1320754716981132;0,2134996331621423;0,3580668343514193;0,6075552622896734;0,1608817762704679;0,3721395881006865;0,6878306878306878;0,5227272727272727;0,0845236360102997;0,0752307235608209;0,0845236360102997;0,072452414098483;-0,2002694855052783;0,8964594594594595;0,601275037501103;0,4700553143692029;0,0959724405231265;0,0419859638352069;0,8774002954209749;0,8524871355060034;0,7084861824406945;0,599802371541502;0,2957769712966018;0,7038312755020931;0,4058924485125858;0,238095238095238;0,1818181818181818
UNSW-NB15;RANDOM_LINF;distributive;2;20;0,5313949584960938;2,295475006103516;43,70840013603459;0,6851527959966963;0,6657734121452711;0,6851527959966963;0,6583076857100489;0,5435816893230442;0,116;0,2941189446748434;0,6095665722232517;0,2193247147225165;0,2728309709044933;0,138847858197932;0,1320754716981132;0,2134996331621423;0,3580668343514193;0,6075552622896734;0,1608817762704679;0,3721395881006865;0,6878306878306878;0,5227272727272727;0,2480687946363504;0,3477703236493062;0,2480687946363504;0,2662729915446006;0,0697387960940584;0,5883783783783784;0,2362128297891114;0,5154564995634658;0,1067748170197973;0,100265118379783;0,2215657311669128;0,2332761578044597;0,2225483003179261;0,3114444843693855;0,2624546354338502;0,1852048116157066;0,2428489702517162;0,2566137566137566;0,2954545454545454
UNSW-NB15;RANDOM_L2;distributive;2;20;0,5313949584960938;2,300507068634033;43,80556770150124;0,6851527959966963;0,6657734121452711;0,6851527959966963;0,6583076857100489;0,5435816893230442;0,116;0,2941189446748434;0,6095665722232517;0,2193247147225165;0,2728309709044933;0,138847858197932;0,1320754716981132;0,2134996331621423;0,3580668343514193;0,6075552622896734;0,1608817762704679;0,3721395881006865;0,6878306878306878;0,5227272727272727;0,2470971189816839;0,3533334318047771;0,2470971189816839;0,2649790957275171;0,0677391265078574;0,5928648648648649;0,2421468278478779;0,5149189543345448;0,106482312558739;0,0994923607247331;0,2289512555391432;0,2024013722126929;0,2286622646123746;0,3155767157743442;0,2650940283734741;0,1942133432250543;0,2568649885583524;0,2116402116402116;0,1363636363636363
UNSW-NB15;FGSM;distributive;4;5;1,1073145866394043;20,898663759231567;39,88850021862703;0,6416946023417384;0,6632247713512526;0,6416946023417384;0,6333354290612085;0,5099340401606667;0,3106216216216216;0,1907482573016853;0,6111969625426822;0,2263690375320616;0,2670880412503115;0,1373707533234859;0,248713550600343;0,2161897774516996;0,2598814229249012;0,4168591224018476;0,0125059615282708;0,4839816933638444;0,4576719576719577;0,0909090909090909;0,2428096001554681;0,2196060332532493;0,2428096001554681;0,2234110009581583;-0,0508253884197407;0,538027027027027;0,5932895085149563;0,4909671251352231;0,1016351306807129;0,0802925159211213;0,8212703101920237;0,7941680960548885;0,780630961115187;0,6796622349982033;0,4051468162322665;0,5205871442954798;0,7391304347826086;0,582010582010582;0,7727272727272727
UNSW-NB15;RANDOM_LINF;distributive;4;5;1,1073145866394043;24,00134968757629;40,55166885293689;0,6416946023417384;0,6632247713512526;0,6416946023417384;0,6333354290612085;0,5099340401606667;0,3106216216216216;0,1907482573016853;0,6111969625426822;0,2263690375320616;0,2670880412503115;0,1373707533234859;0,248713550600343;0,2161897774516996;0,2598814229249012;0,4168591224018476;0,0125059615282708;0,4839816933638444;0,4576719576719577;0,0909090909090909;0,2361779138123694;0,3094085833271534;0,2361779138123694;0,2518825439530753;0,0090206985177473;0,615945945945946;0,3877172858025236;0,5031659994507682;0,1010904834383844;0,0950186071431731;0,3766617429837518;0,4168096054888507;0,3805331376864759;0,3400107797340999;0,3667106565489937;0,4341052408457421;0,341533180778032;0,2989417989417989;0,3409090909090909
UNSW-NB15;RANDOM_L2;distributive;4;5;1,1073145866394043;24,129348039627075;40,52008939416023;0,6416946023417384;0,6632247713512526;0,6416946023417384;0,6333354290612085;0,5099340401606667;0,3106216216216216;0,1907482573016853;0,6111969625426822;0,2263690375320616;0,2670880412503115;0,1373707533234859;0,248713550600343;0,2161897774516996;0,2598814229249012;0,4168591224018476;0,0125059615282708;0,4839816933638444;0,4576719576719577;0,0909090909090909;0,236493708400136;0,3062979200582265;0,236493708400136;0,251230831687405;0,0076967317564478;0,6152702702702703;0,3912468013765111;0,50242836900022;0,1009356004454496;0,0954959586700298;0,4047267355982274;0,4168096054888507;0,3944729762778185;0,3516888250089831;0,3703398218409766;0,4256796142228817;0,3629862700228833;0,3439153439153439;0,3181818181818182
UNSW-NB15;FGSM;distributive;4;10;1,032376050949097;8,340727806091309;42,83389204683476;0,6540591750473692;0,6694520022450652;0,6540591750473692;0,6415035539950498;0,5038106386511294;0,1845675675675675;0,3076414012176828;0,6136235268575734;0,2283612631003815;0,2885405136030322;0,2200886262924667;0,2384219554030874;0,2235265346050379;0,3190801293568092;0,546519300560871;0,2330560118700651;0,3835812356979405;0,3095238095238095;0,5227272727272727;0,2257202545790215;0,2182054661370616;0,2257202545790215;0,2106265539700134;-0,0497173397748819;0,5560810810810811;0,5628474366893144;0,4883882729864566;0,0974037662820136;0,0682517711096879;0,3751846381093057;0,3653516295025729;0,4089019320127171;0,6890046712181099;0,4848234905971627;0,5591118647660431;0,5612128146453089;0,5740740740740741;0,8409090909090909
UNSW-NB15;RANDOM_LINF;distributive;4;10;1,032376050949097;8,596173763275146;35,41029004518292;0,6540591750473692;0,6694520022450652;0,6540591750473692;0,6415035539950498;0,5038106386511294;0,1845675675675675;0,3076414012176828;0,6136235268575734;0,2283612631003815;0,2885405136030322;0,2200886262924667;0,2384219554030874;0,2235265346050379;0,3190801293568092;0,546519300560871;0,2330560118700651;0,3835812356979405;0,3095238095238095;0,5227272727272727;0,29995627459554;0,3251985781680742;0,29995627459554;0,2833891185175761;0,061011301308777;0,4344324324324324;0,3942910085590753;0,5091412403213352;0,1052004679033028;0,0930045075790733;0,2924667651403249;0,2950257289879931;0,3629249205184641;0,5210204814947897;0,4366545694490267;0,3131789518308516;0,4184782608695652;0,4682539682539682;0,5227272727272727
UNSW-NB15;RANDOM_L2;distributive;4;10;1,032376050949097;8,388818740844727;35,78438517222951;0,6540591750473692;0,6694520022450652;0,6540591750473692;0,6415035539950498;0,5038106386511294;0,1845675675675675;0,3076414012176828;0,6136235268575734;0,2283612631003815;0,2885405136030322;0,2200886262924667;0,2384219554030874;0,2235265346050379;0,3190801293568092;0,546519300560871;0,2330560118700651;0,3835812356979405;0,3095238095238095;0,5227272727272727;0,2962153233250741;0,3259214294155254;0,2962153233250741;0,2805293257355548;0,058597413878961;0,4465675675675675;0,3931659754698667;0,5094460509228723;0,104949628406313;0,0933416264983416;0,3028064992614475;0,3104631217838765;0,3546099290780142;0,5147323032698526;0,4330254041570439;0,3116951936834296;0,4467963386727688;0,4365079365079365;0,5227272727272727
UNSW-NB15;FGSM;distributive;4;15;1,0132484436035156;2,8907687664031982;47,6619054559588;0,6790069474809308;0,659139596210323;0,6790069474809308;0,6522483562452194;0,5320319521242064;0,1138378378378378;0,3256860495896938;0,6095944661319631;0,2225129938809265;0,2804036285925156;0,1861152141802068;0,1886792452830188;0,2323306431890437;0,440801293568092;0,6661167931375783;0,1610937417200996;0,375858123569794;0,6666666666666666;0,6136363636363636;0,2023878929213428;0,2331232900810206;0,2023878929213428;0,201177409102368;-0,0544501560544227;0,6834594594594594;0,3866584311303274;0,4859121324372831;0,0976838120164687;0,0676238691785123;0,2437223042836041;0,216123499142367;0,3709953533871362;0,4013654329859863;0,4930715935334873;0,3242541465741084;0,5614988558352403;0,4021164021164021;0,6590909090909091
UNSW-NB15;RANDOM_LINF;distributive;4;15;1,0132484436035156;3,1268715858459477;38,27551863188067;0,6790069474809308;0,659139596210323;0,6790069474809308;0,6522483562452194;0,5320319521242064;0,1138378378378378;0,3256860495896938;0,6095944661319631;0,2225129938809265;0,2804036285925156;0,1861152141802068;0,1886792452830188;0,2323306431890437;0,440801293568092;0,6661167931375783;0,1610937417200996;0,375858123569794;0,6666666666666666;0,6136363636363636;0,2962517611621241;0,3183030915934943;0,2962517611621241;0,2961361525138905;0,0470350821966394;0,4683243243243243;0,3678637606988441;0,5047626129055621;0,104299426045096;0,0941877945953572;0,3161004431314623;0,3293310463121784;0,3374908290535583;0,4827524254401725;0,4816892114813593;0,259498701711621;0,4324942791762013;0,4285714285714285;0,5681818181818182
UNSW-NB15;RANDOM_L2;distributive;4;15;1,0132484436035156;3,138286828994751;38,337462954865664;0,6790069474809308;0,659139596210323;0,6790069474809308;0,6522483562452194;0,5320319521242064;0,1138378378378378;0,3256860495896938;0,6095944661319631;0,2225129938809265;0,2804036285925156;0,1861152141802068;0,1886792452830188;0,2323306431890437;0,440801293568092;0,6661167931375783;0,1610937417200996;0,375858123569794;0,6666666666666666;0,6136363636363636;0,2956323179322742;0,317367349548882;0,2956323179322742;0,2948941602771264;0,0455997373499346;0,4686216216216216;0,3709741462984205;0,5053232581063065;0,1041747622330798;0,095805928308603;0,3161004431314623;0,2847341337907376;0,3480068476400098;0,4911067193675889;0,4734411085450346;0,2629431402681363;0,4370709382151029;0,4417989417989418;0,4545454545454545
UNSW-NB15;FGSM;distributive;4;20;1,021589994430542;2,500999212265014;51,99800806490793;0,6458363698197541;0,7098866074922199;0,6458363698197541;0,6563529736004294;0,5171370552097208;0,2126756756756756;0,1555413394511603;0,617614419927312;0,2306565859070089;0,2864243684767215;0,1285081240768094;0,0977701543739279;0,0958669601369528;0,2122709306503773;0,4934015176509402;0,0114991256425202;0,244279176201373;0,2063492063492063;0,2727272727272727;0,1258562891706748;0,1524367758470301;0,1258562891706748;0,1210693967885027;-0,0946283479761209;0,8397027027027028;0,3165534280420012;0,4775537688754278;0,0960343613341348;0,0489591680497453;0,6971935007385525;0,7152658662092625;0,6172658351675226;0,5450952209845491;0,3314087759815242;0,1047639234804726;0,2225400457665904;0,2619047619047619;0,1363636363636363
UNSW-NB15;RANDOM_LINF;distributive;4;20;1,021589994430542;2,427049160003662;37,588058106204144;0,6458363698197541;0,7098866074922199;0,6458363698197541;0,6563529736004294;0,5171370552097208;0,2126756756756756;0,1555413394511603;0,617614419927312;0,2306565859070089;0,2864243684767215;0,1285081240768094;0,0977701543739279;0,0958669601369528;0,2122709306503773;0,4934015176509402;0,0114991256425202;0,244279176201373;0,2063492063492063;0,2727272727272727;0,2699557887577127;0,3365455160071166;0,2699557887577127;0,2668402253064666;0,0557471709992615;0,5520810810810811;0,2894643960116474;0,5096413044302894;0,1049713800469138;0,0935460458732832;0,2703101920236336;0,2675814751286449;0,3125458547322083;0,3891484010061085;0,3416364236225668;0,2048116157066398;0,3166475972540046;0,3068783068783068;0,3181818181818182
UNSW-NB15;RANDOM_L2;distributive;4;20;1,021589994430542;2,439871072769165;37,77996404800078;0,6458363698197541;0,7098866074922199;0,6458363698197541;0,6563529736004294;0,5171370552097208;0,2126756756756756;0,1555413394511603;0,617614419927312;0,2306565859070089;0,2864243684767215;0,1285081240768094;0,0977701543739279;0,0958669601369528;0,2122709306503773;0,4934015176509402;0,0114991256425202;0,244279176201373;0,2063492063492063;0,2727272727272727;0,2680367293397463;0,329811179859602;0,2680367293397463;0,264306451523799;0,0541942365928285;0,5584324324324325;0,2906556075178682;0,5097175783269602;0,1047805935873736;0,0931691516063776;0,2850812407680945;0,2572898799313893;0,3120567375886525;0,3778296802012217;0,348399868030353;0,2094218642361295;0,3269450800915331;0,3333333333333333;0,4090909090909091
UNSW-NB15;FGSM;distributive;8;5;2,2794997692108154;15,54267430305481;35,15036680755964;0,5870014089296993;0,5962415529528791;0,5870014089296993;0,5660770035287028;0,3920244431315861;0,1927567567567567;0,4372628606723727;0,5821288434346323;0,1910882152561879;0,2429792010883451;0,2732644017725258;0,3121783876500857;0,3215945218879922;0,5283866331297161;0,5417354008578027;0,3547241799586667;0,5592105263157895;0,783068783068783;0,6590909090909091;0,2354977408541029;0,2389057641679259;0,2354977408541029;0,222504587643077;-0,0552470081566834;0,5345945945945946;0,5060884143651284;0,4832203668303651;0,0986717513690208;0,066606674907942;0,8301329394387001;0,7787307032590052;0,806065052580093;0,770301832554797;0,5442098317387001;0,2525038418737745;0,5102974828375286;0,4417989417989418;0,9090909090909092
UNSW-NB15;RANDOM_LINF;distributive;8;5;2,2794997692108154;17,96684455871582;35,79531652334451;0,5870014089296993;0,5962415529528791;0,5870014089296993;0,5660770035287028;0,3920244431315861;0,1927567567567567;0,4372628606723727;0,5821288434346323;0,1910882152561879;0,2429792010883451;0,2732644017725258;0,3121783876500857;0,3215945218879922;0,5283866331297161;0,5417354008578027;0,3547241799586667;0,5592105263157895;0,783068783068783;0,6590909090909091;0,2290482436962541;0,2750177794600826;0,2290482436962541;0,2336451883055076;-0,0155171576045687;0,6268648648648648;0,4341083561281214;0,4987259340062485;0,0990544793170041;0,0875950522341951;0,3441654357459379;0,3653516295025729;0,3252629004646613;0,3394717930291053;0,3385021445067634;0,5792485824810556;0,2926201372997711;0,2619047619047619;0,4318181818181818
UNSW-NB15;RANDOM_L2;distributive;8;5;2,2794997692108154;17,5463445186615;35,25725112957295;0,5870014089296993;0,5962415529528791;0,5870014089296993;0,5660770035287028;0,3920244431315861;0,1927567567567567;0,4372628606723727;0,5821288434346323;0,1910882152561879;0,2429792010883451;0,2732644017725258;0,3121783876500857;0,3215945218879922;0,5283866331297161;0,5417354008578027;0,3547241799586667;0,5592105263157895;0,783068783068783;0,6590909090909091;0,2344288976339698;0,2773767136816137;0,2344288976339698;0,2395565128969159;-0,012220278871408;0,6153513513513513;0,4321891820347657;0,4995660299166894;0,0992327985253694;0,089207257930726;0,3589364844903988;0,3447684391080617;0,3365125947664465;0,3510600071864894;0,3343780930386011;0,5663716814159292;0,2954805491990847;0,2883597883597883;0,1590909090909091
UNSW-NB15;FGSM;distributive;8;10;2,162017583847046;6,566887855529785;21,73638439488899;0,6743793421755818;0,6878822039190374;0,6743793421755818;0,668094894846623;0,5422297663763183;0,1871081081081081;0,1999029383217153;0,6205571854348644;0,2287569862098417;0,2930768954203019;0,1669128508124076;0,1595197255574614;0,1638542430912203;0,2695831836148041;0,5623556581986143;0,0323777224312437;0,279462242562929;0,4417989417989418;0,4772727272727273;0,4570154982266919;0,3285859795264373;0,4570154982266919;0,3669938267490817;0,1964152001874844;0,0764864864864864;0,5643254213359217;0,525057883110277;0,1202715154858283;0,1112663127679201;0,7163958641063516;0,7066895368782161;0,6338958180484225;0,5729428674092706;0,8693500494886176;0,3814848179746701;0,8355263157894737;0,7751322751322751;0,7272727272727273
UNSW-NB15;RANDOM_LINF;distributive;8;10;2,162017583847046;6,69941258430481;32,86207064082009;0,6743793421755818;0,6878822039190374;0,6743793421755818;0,668094894846623;0,5422297663763183;0,1871081081081081;0,1999029383217153;0,6205571854348644;0,2287569862098417;0,2930768954203019;0,1669128508124076;0,1595197255574614;0,1638542430912203;0,2695831836148041;0,5623556581986143;0,0323777224312437;0,279462242562929;0,4417989417989418;0,4772727272727273;0,3457586357673808;0,2834117843963555;0,3457586357673808;0,2849444153761599;0,018255596008816;0,3017837837837838;0,6465631342098297;0,5030382907237257;0,1012829260247543;0,0894986988108481;0,6454948301329394;0,6072041166380789;0,6087062851552947;0,7103844771828961;0,6420323325635104;0,6273647395474538;0,6109839816933639;0,582010582010582;0,7954545454545454
UNSW-NB15;RANDOM_L2;distributive;8;10;2,162017583847046;6,704780340194702;32,699314968663465;0,6743793421755818;0,6878822039190374;0,6743793421755818;0,668094894846623;0,5422297663763183;0,1871081081081081;0,1999029383217153;0,6205571854348644;0,2287569862098417;0,2930768954203019;0,1669128508124076;0,1595197255574614;0,1638542430912203;0,2695831836148041;0,5623556581986143;0,0323777224312437;0,279462242562929;0,4417989417989418;0,4772727272727273;0,3473861924889472;0,2849505482077488;0,3473861924889472;0,2852313671946558;0,0175076389043679;0,2988378378378378;0,6545266037236389;0,5031198402397066;0,1011917760272933;0,0901604265983625;0,6026587887740029;0,5951972555746141;0,6162876008804109;0,7146963708228531;0,6421972946222368;0,6422553123840814;0,6209954233409611;0,6084656084656085;0,5909090909090909
UNSW-NB15;FGSM;distributive;8;15;2,104458808898926;4,52462911605835;38,39819268328232;0,704707768546859;0,6888151874050422;0,704707768546859;0,6850071695978662;0,5754957353360534;0,1575135135135135;0,2464484249536751;0,6235781336170484;0,2388413892071387;0,2982724449887505;0,4505169867060561;0,4939965694682676;0,2137441917339202;0,3244699964067553;0,6205872649290664;0,0197657781781569;0,5108695652173914;0,4259259259259259;0,25;0,3207258417140358;0,469322901907347;0,3207258417140358;0,3045998697303453;0,0444296438939559;0,431081081081081;0,5136327539045266;0,5072557129506856;0,1089388186702808;0,1014185545693257;0,7621861152141802;0,7495711835334476;0,7730496453900709;0,6567553000359324;0,5630155064335203;0,2872131842509671;0,784324942791762;0,6931216931216931;0,5
UNSW-NB15;RANDOM_LINF;distributive;8;15;2,104458808898926;4,754806280136108;37,94757809843074;0,704707768546859;0,6888151874050422;0,704707768546859;0,6850071695978662;0,5754957353360534;0,1575135135135135;0,2464484249536751;0,6235781336170484;0,2388413892071387;0,2982724449887505;0,4505169867060561;0,4939965694682676;0,2137441917339202;0,3244699964067553;0,6205872649290664;0,0197657781781569;0,5108695652173914;0,4259259259259259;0,25;0,3252319875625516;0,3185997828741892;0,3252319875625516;0,2881263660051303;0,0497651967185724;0,3763243243243243;0,5084046589605576;0,5088317960804553;0,1037484008435905;0,0956573367517344;0,4711964549483013;0,5180102915951973;0,491562729273661;0,5576715774344233;0,5156713955790169;0,4873085687033013;0,4811212814645308;0,4735449735449735;0,5681818181818182
UNSW-NB15;RANDOM_L2;distributive;8;15;2,104458808898926;4,755125045776367;37,9682262060924;0,704707768546859;0,6888151874050422;0,704707768546859;0,6850071695978662;0,5754957353360534;0,1575135135135135;0,2464484249536751;0,6235781336170484;0,2388413892071387;0,2982724449887505;0,4505169867060561;0,4939965694682676;0,2137441917339202;0,3244699964067553;0,6205872649290664;0,0197657781781569;0,5108695652173914;0,4259259259259259;0,25;0,325025506485935;0,3198277751911244;0,325025506485935;0,2875242070691786;0,0474235529801557;0,3737567567567567;0,5122209476749316;0,5080570092388053;0,103568511926644;0,0950133626092224;0,4948301329394387;0,4974271012006861;0,4991440449987772;0,5666546891843335;0,5287033982184097;0,4832282337978909;0,4925629290617849;0,4761904761904761;0,4545454545454545
UNSW-NB15;FGSM;distributive;8;20;2,0289061069488525;3,863724946975708;49,14371082932517;0,7179468493416897;0,7358500311438947;0,7179468493416897;0,7156497291164811;0,6120466950092753;0,2088918918918919;0,1307906114885731;0,646849785636256;0,2742459890382265;0,3344988926502027;0,2703101920236336;0,2315608919382504;0,1068720958669601;0,1592705713259073;0,4869679973606071;0,0056170844152403;0,0835240274599542;0,1216931216931216;0,1136363636363636;0,226509741048438;0,2791842198808064;0,226509741048438;0,2057695335798963;-0,0743864003047307;0,6114324324324324;0,6191211506220771;0,4907908557383134;0,0965913360369118;0,0763861440938266;0,6233382570162481;0,5883361921097771;0,5470775250672536;0,54599353215954;0,5023094688221709;0,7567166551852048;0,4241990846681922;0,4312169312169312;0,3409090909090909
UNSW-NB15;RANDOM_LINF;distributive;8;20;2,0289061069488525;4,109601974487305;43,0112228538114;0,7179468493416897;0,7358500311438947;0,7179468493416897;0,7156497291164811;0,6120466950092753;0,2088918918918919;0,1307906114885731;0,646849785636256;0,2742459890382265;0,3344988926502027;0,2703101920236336;0,2315608919382504;0,1068720958669601;0,1592705713259073;0,4869679973606071;0,0056170844152403;0,0835240274599542;0,1216931216931216;0,1136363636363636;0,2878346208035757;0,3402861172420463;0,2878346208035757;0,2795673974999473;0,0521879559882898;0,4842972972972973;0,3719227036089296;0,5098119373228202;0,1045843063006086;0,0976709585207662;0,3367799113737075;0,3259005145797599;0,3445830276351186;0,4385555156306144;0,4153744638733091;0,3270096974193207;0,3755720823798627;0,3518518518518518;0,3636363636363636
UNSW-NB15;RANDOM_L2;distributive;8;20;2,0289061069488525;4,126240968704224;42,69542826604479;0,7179468493416897;0,7358500311438947;0,7179468493416897;0,7156497291164811;0,6120466950092753;0,2088918918918919;0,1307906114885731;0,646849785636256;0,2742459890382265;0,3344988926502027;0,2703101920236336;0,2315608919382504;0,1068720958669601;0,1592705713259073;0,4869679973606071;0,0056170844152403;0,0835240274599542;0,1216931216931216;0,1136363636363636;0,2909925666812418;0,329633582262074;0,2909925666812418;0,2805719699741855;0,0522337747714777;0,4744324324324324;0,3793567457866408;0,5092608256809905;0,1044895031680677;0,0966174404215888;0,3559822747415066;0,3259005145797599;0,3614575690877965;0,4523895077254761;0,4092708677004289;0,3314609718615866;0,3881578947368421;0,3915343915343915;0,25
UNSW-NB15;FGSM;distributive;10;5;2,7619669437408447;17,051922082901;52,56036535004616;0,6918452120682116;0,6692833705513134;0,6918452120682116;0,6671417277687605;0,5583382637870826;0,1722702702702702;0,2545883702461837;0,6183703057468846;0,2378981879064962;0,2841583418314854;0,206794682422452;0,320754716981132;0,2819760332599658;0,299496945742005;0,6887165951831079;0,0560648614275873;0,3787185354691075;0,3888888888888889;0,5227272727272727;0,16624155856775;0,1537644389326034;0,16624155856775;0,1546062036073296;-0,1436886558869553;0,6976756756756757;0,593796876378717;0,4725603735457612;0,0941065534501557;0,0500578106656355;0,8168389955686853;0,7495711835334476;0,7928588897040841;0,8393819619116062;0,547838997030683;0,468549626410895;0,2757437070938215;0,4761904761904761;0,7954545454545454
UNSW-NB15;RANDOM_LINF;distributive;10;5;2,7619669437408447;23,51609826087952;42,52174124277316;0,6918452120682116;0,6692833705513134;0,6918452120682116;0,6671417277687605;0,5583382637870826;0,1722702702702702;0,2545883702461837;0,6183703057468846;0,2378981879064962;0,2841583418314854;0,206794682422452;0,320754716981132;0,2819760332599658;0,299496945742005;0,6887165951831079;0,0560648614275873;0,3787185354691075;0,3888888888888889;0,5227272727272727;0,26662779964048;0,3092845576386555;0,26662779964048;0,2635529154693816;0,0074154132772563;0,5748648648648649;0,4561678284655431;0,5031051854458839;0,1010692935081321;0,0965034527054296;0,3855243722304283;0,3876500857632933;0,400831499144045;0,4128638160258713;0,4318706697459584;0,5167187748397011;0,408466819221968;0,373015873015873;0,4318181818181818
UNSW-NB15;RANDOM_L2;distributive;10;5;2,7619669437408447;22,58866786956787;41,98489044356993;0,6918452120682116;0,6692833705513134;0,6918452120682116;0,6671417277687605;0,5583382637870826;0,1722702702702702;0,2545883702461837;0,6183703057468846;0,2378981879064962;0,2841583418314854;0,206794682422452;0,320754716981132;0,2819760332599658;0,299496945742005;0,6887165951831079;0,0560648614275873;0,3787185354691075;0,3888888888888889;0,5227272727272727;0,2719963076325122;0,3089138940861656;0,2719963076325122;0,2681680790694269;0,0099238961160097;0,5617297297297297;0,4613738639371746;0,5033866812525709;0,1011918211426367;0,0974527475581059;0,3988183161004431;0,4065180102915952;0,4018097334311568;0,4276859504132231;0,4422632794457274;0,5125854485718828;0,4201945080091533;0,4338624338624338;0,3863636363636363
UNSW-NB15;FGSM;distributive;10;10;2,724663257598877;7,031310796737671;36,675897585386;0,669727444978866;0,6899926661129667;0,669727444978866;0,6583252942017079;0,534260723497741;0,2173783783783783;0,2426321362393011;0,6195967024200912;0,2306273175237945;0,2899460213437366;0,3087149187592319;0,3121783876500857;0,2044509660063585;0,1893639956881063;0,5098977235235895;0,1440305230247469;0,48941647597254;0,3677248677248677;0,1136363636363636;0,3029684691250061;0,3160022178695352;0,3029684691250061;0,2662060741348;-0,0344812480625331;0,4105405405405405;0,6770052060354717;0,4919655696167733;0,099243759220115;0,0786106686983598;0,8670605612998523;0,8576329331046312;0,8248960626069943;0,7409270571325908;0,5719234576047509;0,5993323088336601;0,8298054919908466;0,7063492063492064;0,8409090909090909
UNSW-NB15;RANDOM_LINF;distributive;10;10;2,724663257598877;7,445690631866455;34,39245979691979;0,669727444978866;0,6899926661129667;0,669727444978866;0,6583252942017079;0,534260723497741;0,2173783783783783;0,2426321362393011;0,6195967024200912;0,2306273175237945;0,2899460213437366;0,3087149187592319;0,3121783876500857;0,2044509660063585;0,1893639956881063;0,5098977235235895;0,1440305230247469;0,48941647597254;0,3677248677248677;0,1136363636363636;0,3258028470096681;0,3118000673419017;0,3258028470096681;0,2967397945768223;0,0418377567882913;0,3897297297297297;0,5048530839142328;0,5080136865725081;0,1032427555955015;0,0963358507554771;0,4298375184638109;0,4373927958833619;0,4228417706040597;0,5308120733021919;0,4729462223688551;0,540246939748821;0,4110411899313501;0,4682539682539682;0,5909090909090909
UNSW-NB15;RANDOM_L2;distributive;10;10;2,724663257598877;7,365309000015259;33,8203857552349;0,669727444978866;0,6899926661129667;0,669727444978866;0,6583252942017079;0,534260723497741;0,2173783783783783;0,2426321362393011;0,6195967024200912;0,2306273175237945;0,2899460213437366;0,3087149187592319;0,3121783876500857;0,2044509660063585;0,1893639956881063;0,5098977235235895;0,1440305230247469;0,48941647597254;0,3677248677248677;0,1136363636363636;0,331523587426517;0,3174213652577763;0,331523587426517;0,3002120192633272;0,0452552467230112;0,3756756756756756;0,5117576987558458;0,5078737165702798;0,1034838617998779;0,0961222325501989;0,4460856720827179;0,425385934819897;0,446074834922964;0,5477901545095221;0,4935664797096667;0,5319802872131842;0,4367848970251716;0,4047619047619047;0,3636363636363636
UNSW-NB15;FGSM;distributive;10;15;2,678363561630249;5,290010452270508;54,14541126172083;0,731501724724287;0,7401205163395792;0,731501724724287;0,7246407714832352;0,624213595154639;0,1652162162162162;0,1528500838259948;0,6499633261723938;0,2706422772920346;0,3410124629684404;0,0753323485967503;0,0617495711835334;0,1381755930545365;0,2559288537549407;0,3328934345100627;0,0148375814742197;0,3000572082379862;0,2063492063492063;0,0681818181818181;0,1900476121070786;0,1690629945634281;0,1900476121070786;0,1743513909239262;-0,1107374951553143;0,6577027027027027;0,5639504103061854;0,4765180944600828;0,0951410898819908;0,0530774678237389;0,9350073855243722;0,915951972555746;0,814135485448765;0,6931369026230686;0,5610359617288023;0,4215462879550633;0,506578947368421;0,4947089947089947;0,8863636363636364
UNSW-NB15;RANDOM_LINF;distributive;10;15;2,678363561630249;5,577892065048218;40,59175047369188;0,731501724724287;0,7401205163395792;0,731501724724287;0,7246407714832352;0,624213595154639;0,1652162162162162;0,1528500838259948;0,6499633261723938;0,2706422772920346;0,3410124629684404;0,0753323485967503;0,0617495711835334;0,1381755930545365;0,2559288537549407;0,3328934345100627;0,0148375814742197;0,3000572082379862;0,2063492063492063;0,0681818181818181;0,3255842199873682;0,3427945877660842;0,3255842199873682;0,3065853845871282;0,0770566987561773;0,4135945945945946;0,4022324186005471;0,5149574930794203;0,1065290308986245;0,1020395042890654;0,3234859675036927;0,3276157804459691;0,3374908290535583;0,466403162055336;0,4379742659188386;0,3733771395262572;0,3984553775743707;0,3703703703703703;0,4090909090909091
UNSW-NB15;RANDOM_L2;distributive;10;15;2,678363561630249;5,56943678855896;40,677986688043525;0,731501724724287;0,7401205163395792;0,731501724724287;0,7246407714832352;0,624213595154639;0,1652162162162162;0,1528500838259948;0,6499633261723938;0,2706422772920346;0,3410124629684404;0,0753323485967503;0,0617495711835334;0,1381755930545365;0,2559288537549407;0,3328934345100627;0,0148375814742197;0,3000572082379862;0,2063492063492063;0,0681818181818181;0,3247218578438517;0,340941538631029;0,3247218578438517;0,3056798363998591;0,0748384445113833;0,4123243243243243;0,4034456895791052;0,5139097182446415;0,1063151023618686;0,1001263483668271;0,3205317577548006;0,3499142367066895;0,34678405478112;0,4684692777578153;0,4445727482678984;0,3701446664193736;0,3927345537757437;0,41005291005291;0,6136363636363636
UNSW-NB15;FGSM;distributive;10;20;2,5123813152313232;4,734926223754883;47,19064276344557;0,6983675849001604;0,7162529441513438;0,6983675849001604;0,6958391842231247;0,5813643748581436;0,1819729729729729;0,1580120003529515;0,6384872458049502;0,2574631380556396;0,3214880578440818;0,1152141802067946;0,104631217838765;0,1127415015896307;0,2279015450952209;0,4813592873639063;0,0128239097027184;0,2179633867276887;0,2566137566137566;0,1590909090909091;0,2264611572657047;0,2043772012466689;0,2264611572657047;0,1949094236441794;-0,1446047337366424;0,5425405405405406;0,7325950763257743;0,4740339516604797;0,0939207267203715;0,0541735563445377;0,7695716395864106;0,7152658662092625;0,7747615553925165;0,8246496586417535;0,663312438139228;0,7364209633829686;0,5131578947368421;0,4814814814814814;0,6818181818181818
UNSW-NB15;RANDOM_LINF;distributive;10;20;2,5123813152313232;4,809094905853272;34,264927367244816;0,6983675849001604;0,7162529441513438;0,6983675849001604;0,6958391842231247;0,5813643748581436;0,1819729729729729;0,1580120003529515;0,6384872458049502;0,2574631380556396;0,3214880578440818;0,1152141802067946;0,104631217838765;0,1127415015896307;0,2279015450952209;0,4813592873639063;0,0128239097027184;0,2179633867276887;0,2566137566137566;0,1590909090909091;0,3557183112277122;0,343144565921781;0,3557183112277122;0,3219174825117577;0,0755918512829587;0,3303243243243243;0,4966910791493867;0,5127571937547291;0,1061564570969339;0,1012069493412683;0,4106351550960118;0,4459691252144082;0,4512105649303008;0,5779734099892203;0,5306829429231277;0,4493667532192252;0,5094393592677345;0,5211640211640212;0,5454545454545454
UNSW-NB15;RANDOM_L2;distributive;10;20;2,5123813152313232;4,776475667953491;34,32079871738814;0,6983675849001604;0,7162529441513438;0,6983675849001604;0,6958391842231247;0,5813643748581436;0,1819729729729729;0,1580120003529515;0,6384872458049502;0,2574631380556396;0,3214880578440818;0,1152141802067946;0,104631217838765;0,1127415015896307;0,2279015450952209;0,4813592873639063;0,0128239097027184;0,2179633867276887;0,2566137566137566;0,1590909090909091;0,355159597726279;0,3428211946454931;0,355159597726279;0,3218513535282229;0,075324087390348;0,3327837837837837;0,494661607694344;0,5125128564606901;0,1060790385202426;0,1015054598318961;0,4416543574593796;0,4356775300171526;0,4541452677916361;0,5740208408192597;0,5367865390960079;0,4452334269514069;0,5037185354691075;0,492063492063492;0,4772727272727273
UNSW-NB15;FGSM;distributive;16;5;34,72495030006394;5,388772199628875;49,74493514065005;0,6736384394888986;0,6725012962233095;0,6736384394888986;0,6590738721260304;0,5354368065335875;0,2106486486486486;0,2447939645283685;0,6173191998577373;0,2362193336858011;0,2872279491196574;0,2008862629246676;0,2264150943396226;0,2247493274639276;0,4147502694933525;0,5118772682283075;0,025541836680621;0,4230549199084668;0,5343915343915344;0,6136363636363636;0,176189088082398;0,2967099811660028;0,176189088082398;0,2074685010250006;0,0134255975641807;0,6885405405405406;0,175615459278214;0,4868102816304359;0,1033783423798875;0,0637332396391;0,258493353028065;0,2469982847341338;0,2127659574468085;0,2497305066475026;0,4129000329924117;0,0370409623231413;0,1973684210526315;0,2486772486772486;0,1363636363636363
UNSW-NB15;RANDOM_LINF;distributive;16;5;34,72495030006394;6,020010699983686;45,12947578098431;0,6736384394888986;0,6725012962233095;0,6736384394888986;0,6590738721260304;0,5354368065335875;0,2106486486486486;0,2447939645283685;0,6173191998577373;0,2362193336858011;0,2872279491196574;0,2008862629246676;0,2264150943396226;0,2247493274639276;0,4147502694933525;0,5118772682283075;0,025541836680621;0,4230549199084668;0,5343915343915344;0,6136363636363636;0,2223436816790555;0,3876607225523292;0,2223436816790555;0,2499121339781244;0,0420778450593333;0,7009189189189189;0,2379555281037677;0,5080254926534475;0,1057321283770726;0,0956460582669698;0,1698670605612998;0,1457975986277873;0,1552946930789924;0,2394897592526051;0,2251732101616628;0,2695670605691272;0,2136727688787185;0,1931216931216931;0,3181818181818182
UNSW-NB15;RANDOM_L2;distributive;16;5;34,72495030006394;5,893149799434468;44,19545255793616;0,6736384394888986;0,6725012962233095;0,6736384394888986;0,6590738721260304;0,5354368065335875;0,2106486486486486;0,2447939645283685;0,6173191998577373;0,2362193336858011;0,2872279491196574;0,2008862629246676;0,2264150943396226;0,2247493274639276;0,4147502694933525;0,5118772682283075;0,025541836680621;0,4230549199084668;0,5343915343915344;0,6136363636363636;0,231683913909537;0,3756355800936266;0,231683913909537;0,2592488122373783;0,0441696554939034;0,6798378378378378;0,2484117179917056;0,5078115226855603;0,1055158844360111;0,0970450379011655;0,1802067946824224;0,1303602058319039;0,1748593788212276;0,2572763205174272;0,2505773672055427;0,2715807323406284;0,2133867276887872;0,2222222222222222;0,2272727272727272
UNSW-NB15;FGSM;distributive;16;10;32,70788769982755;3,444070499856025;45,55094009619589;0,6878856337754458;0,6819013740213892;0,6878856337754458;0,6726756947680084;0,5539241458548219;0,1898648648648648;0,2463160681196505;0,623215577855454;0,2414454656596849;0,2987789889383531;0,1447562776957164;0,1560891938250428;0,214722426021032;0,418702838663313;0,5285384361596833;0,0201367177150124;0,4568077803203661;0,6322751322751323;0,4090909090909091;0,2323762328134868;0,2103566058446553;0,2323762328134868;0,2136647854592391;-0,0946129523379002;0,5030810810810811;0,5620753551575046;0,4750241532211773;0,0978278857357034;0,0535731116267644;0,9527326440177252;0,9571183533447684;0,9364147713377354;0,9280452748832196;0,7223688551633124;0,1182237295320862;0,9139016018306636;0,7275132275132276;0,8409090909090909
UNSW-NB15;RANDOM_LINF;distributive;16;10;32,70788769982755;3,5777285003568977;34,95481708205801;0,6878856337754458;0,6819013740213892;0,6878856337754458;0,6726756947680084;0,5539241458548219;0,1898648648648648;0,2463160681196505;0,623215577855454;0,2414454656596849;0,2987789889383531;0,1447562776957164;0,1560891938250428;0,214722426021032;0,418702838663313;0,5285384361596833;0,0201367177150124;0,4568077803203661;0,6322751322751323;0,4090909090909091;0,3383374629548656;0,3637404783889569;0,3383374629548656;0,3260959447046271;0,0858927808989197;0,3816216216216216;0,4354098649960293;0,5161480107294866;0,1080749840642114;0,107501997031275;0,3175775480059084;0,3361921097770154;0,3504524333577892;0,5189543657923105;0,4741009567799406;0,402787345662657;0,4190503432494279;0,3941798941798942;0,6363636363636364
UNSW-NB15;RANDOM_L2;distributive;16;10;32,70788769982755;3,5684566001873463;34,55157168537142;0,6878856337754458;0,6819013740213892;0,6878856337754458;0,6726756947680084;0,5539241458548219;0,1898648648648648;0,2463160681196505;0,623215577855454;0,2414454656596849;0,2987789889383531;0,1447562776957164;0,1560891938250428;0,214722426021032;0,418702838663313;0,5285384361596833;0,0201367177150124;0,4568077803203661;0,6322751322751323;0,4090909090909091;0,3423699169217315;0,3654418935162011;0,3423699169217315;0,3289710825515871;0,0880449440865331;0,3749189189189189;0,4399541162975381;0,5166759671336761;0,1081809923463924;0,1093311122931832;0,3146233382570162;0,3224699828473413;0,3641477133773538;0,5236255839022638;0,4871329594193335;0,4008796566159716;0,4333524027459954;0,4417989417989418;0,5681818181818182
UNSW-NB15;FGSM;distributive;16;15;32,1928428998217;2,2970388997346163;31,209007433318757;0,6307875431181071;0,7006456108604647;0,6307875431181071;0,642340981078831;0,5012318869869632;0,2941621621621622;0,1967925527221388;0,6321983795131338;0,2391785133041322;0,3161626930623403;0,1639586410635155;0,144082332761578;0,0958669601369528;0,1430111390585698;0,2702078521939954;0,2537756345715648;0,074370709382151;0,1428571428571428;0,0227272727272727;0,3186974687849196;0,2570053099227256;0,3186974687849196;0,276741790382389;0,0285518505911853;0,3704324324324324;0,5296479308214948;0,50023524416135;0,1024730346194287;0,0810481552729369;0,9276218611521418;0,915951972555746;0,8400586940572267;0,7729967660797701;0,7639392939623887;0,1533570028085422;0,8432494279176201;0,7936507936507936;0,7954545454545454
UNSW-NB15;RANDOM_LINF;distributive;16;15;32,1928428998217;2,3039925002958626;25,04979837730165;0,6307875431181071;0,7006456108604647;0,6307875431181071;0,642340981078831;0,5012318869869632;0,2941621621621622;0,1967925527221388;0,6321983795131338;0,2391785133041322;0,3161626930623403;0,1639586410635155;0,144082332761578;0,0958669601369528;0,1430111390585698;0,2702078521939954;0,2537756345715648;0,074370709382151;0,1428571428571428;0,0227272727272727;0,3802895593450906;0,3435830891839848;0,3802895593450906;0,3210351766192676;0,0658194376264302;0,2499459459459459;0,6223418335833407;0,5108810597430287;0,1049657161416041;0,1025241701122659;0,5066469719350074;0,5265866209262435;0,5394962093421375;0,7049946101329501;0,648960739030023;0,5934502676063802;0,6101258581235698;0,5582010582010583;0,7045454545454546
UNSW-NB15;RANDOM_L2;distributive;16;15;32,1928428998217;2,2558401999995112;24,53845406403342;0,6307875431181071;0,7006456108604647;0,6307875431181071;0,642340981078831;0,5012318869869632;0,2941621621621622;0,1967925527221388;0,6321983795131338;0,2391785133041322;0,3161626930623403;0,1639586410635155;0,144082332761578;0,0958669601369528;0,1430111390585698;0,2702078521939954;0,2537756345715648;0,074370709382151;0,1428571428571428;0,0227272727272727;0,3854030024777729;0,3441075456268413;0,3854030024777729;0,3233234727849823;0,0692039434387124;0,2381081081081081;0,629996470484426;0,5112957886115664;0,1051223660947714;0,1030295148871906;0,4771048744460857;0,5060034305317325;0,5390070921985816;0,7163133309378369;0,6765094028373474;0,5937152244184198;0,6292906178489702;0,5978835978835979;0,7272727272727273
UNSW-NB15;FGSM;distributive;16;20;32,27661300008185;2,453157799784094;27,19234319584123;0,6788490501870476;0,7323414998073614;0,6788490501870476;0,6885748069833424;0,5693525762602946;0,2537027027027027;0,1173784523074208;0,6426767948017471;0,2616499035738493;0,3270448431534072;0,2008862629246676;0,1732418524871355;0,1024700415749572;0,140495867768595;0,4152095018145826;0,0088495575221238;0,1006864988558352;0,1613756613756613;0,0909090909090909;0,4069256182286352;0,2086919840296887;0,4069256182286352;0,2713021297525442;-0,0472506374446107;0,1068378378378378;0,9397114621018264;0,4956746182759618;0,0986578908879977;0,0650808156655642;1,0;0,9965694682675816;0,9686965028124236;0,9532878189004672;0,9369844935664796;0,9128292088389592;0,9911327231121282;0,9444444444444444;0,9090909090909092
UNSW-NB15;RANDOM_LINF;distributive;16;20;32,27661300008185;2,5139865996316075;26,39921294271972;0,6788490501870476;0,7323414998073614;0,6788490501870476;0,6885748069833424;0,5693525762602946;0,2537027027027027;0,1173784523074208;0,6426767948017471;0,2616499035738493;0,3270448431534072;0,2008862629246676;0,1732418524871355;0,1024700415749572;0,140495867768595;0,4152095018145826;0,0088495575221238;0,1006864988558352;0,1613756613756613;0,0909090909090909;0,4148569207598503;0,3361235274529975;0,4148569207598503;0,2934924434960023;0,012968493949818;0,1163243243243243;0,8794670431483279;0,5018762351925317;0,1006978152297499;0,0804807733853554;0,9039881831610044;0,9005145797598628;0,8789435069699193;0,8567193675889329;0,872814252721874;0,8960839383180541;0,8724256292906178;0,8227513227513228;0,8636363636363636
UNSW-NB15;RANDOM_L2;distributive;16;20;32,27661300008185;2,5274036996997893;26,11985619200311;0,6788490501870476;0,7323414998073614;0,6788490501870476;0,6885748069833424;0,5693525762602946;0,2537027027027027;0,1173784523074208;0,6426767948017471;0,2616499035738493;0,3270448431534072;0,2008862629246676;0,1732418524871355;0,1024700415749572;0,140495867768595;0,4152095018145826;0,0088495575221238;0,1006864988558352;0,1613756613756613;0,0909090909090909;0,4176504882670164;0,3357949282804534;0,4176504882670164;0,294965237072509;0,0184446694934673;0,1101621621621621;0,877327274331598;0,5022993202766863;0,1009075210943822;0,0805637748065397;0,9010339734121122;0,9125214408233276;0,8701393983859135;0,8551024074739489;0,8738040250742329;0,8920036034126437;0,8729977116704806;0,873015873015873;0,9090909090909092
UNSW-NB15;FGSM;distributive;32;5;165,57075859978795;11,838362999726089;30,832483117135503;0,7160156439780402;0,7163840465385386;0,7160156439780402;0,7064231445971375;0,5999556071763762;0,1748108108108108;0,1692402717726992;0,6392251951798024;0,2588160235445137;0,326447754251917;0,1580502215657311;0,1337907375643224;0,18170701883101;0,2735357527847646;0,4251072253381722;0,0155264691855227;0,2016590389016018;0,3042328042328042;0,2045454545454545;0,4076908128066851;0,2410725944266092;0,4076908128066851;0,2863231220289708;0,0244335708999597;0,0938378378378378;0,7706697255801641;0,4972271476892718;0,1036150317510421;0,0640638139219892;0,9970457902511078;1,0;0,995842504279775;0,9912863816025872;0,896238865061036;0,4917068517831593;0,9848398169336384;0,984126984126984;1,0
UNSW-NB15;RANDOM_LINF;distributive;32;5;165,57075859978795;12,853649499826131;28,444590195792653;0,7160156439780402;0,7163840465385386;0,7160156439780402;0,7064231445971375;0,5999556071763762;0,1748108108108108;0,1692402717726992;0,6392251951798024;0,2588160235445137;0,326447754251917;0,1580502215657311;0,1337907375643224;0,18170701883101;0,2735357527847646;0,4251072253381722;0,0155264691855227;0,2016590389016018;0,3042328042328042;0,2045454545454545;0,4315697420201136;0,3239653309320444;0,4315697420201136;0,3053453053064057;0,0392645037219594;0,081;0,8817391687990823;0,5041427636144516;0,101695945898765;0,0835999516352822;0,8138847858197932;0,8370497427101201;0,8410369283443385;0,8802551203736975;0,8678653909600792;0,9023369190821896;0,8698512585812357;0,8703703703703703;0,7954545454545454
UNSW-NB15;RANDOM_L2;distributive;32;5;165,57075859978795;12,509364600060508;28,20895884953603;0,7160156439780402;0,7163840465385386;0,7160156439780402;0,7064231445971375;0,5999556071763762;0,1748108108108108;0,1692402717726992;0,6392251951798024;0,2588160235445137;0,326447754251917;0,1580502215657311;0,1337907375643224;0,18170701883101;0,2735357527847646;0,4251072253381722;0,0155264691855227;0,2016590389016018;0,3042328042328042;0,2045454545454545;0,4339260554826799;0,3240950011347145;0,4339260554826799;0,3063631997853381;0,0423389309815116;0,0762972972972973;0,8853569222624195;0,5044714312509342;0,1018207854677854;0,0839666559912546;0,8345642540620384;0,8044596912521441;0,8498410369283443;0,8762127200862379;0,8733091388980534;0,9080069948598378;0,8801487414187643;0,873015873015873;0,8181818181818182
UNSW-NB15;FGSM;distributive;32;10;141,23310280009173;8,534715000074357;40,19457804984696;0,710209881941408;0,7179556726095087;0,710209881941408;0,7040032282059884;0,5951905501911104;0,1974594594594594;0,1668137298155828;0,6378468200149936;0,2542988008095047;0,3193722587195157;0,0827178729689808;0,0274442538593482;0,1171435558816336;0,2208048868127919;0,4920818211811283;0,0135127974140215;0,3212242562929062;0,492063492063492;0,1363636363636363;0,3082641014429383;0,284370799134458;0,3082641014429383;0,2658215067840557;-0,0164026160511395;0,3547837837837838;0,5289640871790346;0,4898630440173933;0,1025438561638577;0,0675325765414515;0,9719350073855244;0,986277873070326;0,9236977256052824;0,873697448796263;0,7662487627845596;0,0554289650786921;0,910183066361556;0,8783068783068783;0,8636363636363636
UNSW-NB15;RANDOM_LINF;distributive;32;10;141,23310280009173;8,859306799946353;32,01914201039693;0,710209881941408;0,7179556726095087;0,710209881941408;0,7040032282059884;0,5951905501911104;0,1974594594594594;0,1668137298155828;0,6378468200149936;0,2542988008095047;0,3193722587195157;0,0827178729689808;0,0274442538593482;0,1171435558816336;0,2208048868127919;0,4920818211811283;0,0135127974140215;0,3212242562929062;0,492063492063492;0,1363636363636363;0,3900184618374386;0,342415801459232;0,3900184618374386;0,305148428452111;0,0618476579616186;0,2155945945945946;0,6402541251213271;0,507056004818591;0,1040080120672237;0,0864026392535631;0,5539143279172821;0,58147512864494;0,6040596722915138;0,7273625583902263;0,6732101616628176;0,5915955699221027;0,6370137299771167;0,6481481481481481;0,5909090909090909
UNSW-NB15;RANDOM_L2;distributive;32;10;141,23310280009173;8,816652999725193;31,655978234465337;0,710209881941408;0,7179556726095087;0,710209881941408;0,7040032282059884;0,5951905501911104;0,1974594594594594;0,1668137298155828;0,6378468200149936;0,2542988008095047;0,3193722587195157;0,0827178729689808;0,0274442538593482;0,1171435558816336;0,2208048868127919;0,4920818211811283;0,0135127974140215;0,3212242562929062;0,492063492063492;0,1363636363636363;0,3936500995967546;0,3391013006903435;0,3936500995967546;0,3060711936444487;0,0619014257649819;0,2057567567567567;0,6541736521662402;0,5069580965497213;0,1039029092504606;0,0859469626391416;0,5908419497784343;0,6020583190394511;0,6277818537539741;0,7352676967301474;0,6963048498845266;0,6020348683164645;0,6590389016018307;0,6216931216931217;0,7045454545454546
UNSW-NB15;FGSM;distributive;32;15;144,1761718001217;8,047742899972945;38,8378759170189;0,7263275518631881;0,743061769462797;0,7263275518631881;0,7254891009490823;0,6226042219318194;0,196;0,1254081002382423;0,6489176382393133;0,2679061840126832;0,336866172148474;0,104874446085672;0,0634648370497427;0,1041819515774027;0,1444484369385555;0,4289013526888816;0,0096444279582428;0,1719107551487414;0,4179894179894179;0,0454545454545454;0,3379487926929991;0,2107280662705509;0,3379487926929991;0,2516270092978196;-0,0711344835866914;0,3102432432432432;0,8241860054707492;0,4919717063498423;0,0967523863641989;0,0686272021041107;0,9867060561299852;0,9759862778730704;0,9325018341892884;0,7952748832195472;0,8668756186077202;0,7817815696041546;0,8961670480549199;0,7301587301587301;0,9545454545454546
UNSW-NB15;RANDOM_LINF;distributive;32;15;144,1761718001217;8,068332499591634;32,61672253801681;0,7263275518631881;0,743061769462797;0,7263275518631881;0,7254891009490823;0,6226042219318194;0,196;0,1254081002382423;0,6489176382393133;0,2679061840126832;0,336866172148474;0,104874446085672;0,0634648370497427;0,1041819515774027;0,1444484369385555;0,4289013526888816;0,0096444279582428;0,1719107551487414;0,4179894179894179;0,0454545454545454;0,4001603264830199;0,3014674725686704;0,4001603264830199;0,3026806974905167;0,0537080012125065;0,1813513513513513;0,7193152739786465;0,50757935055679;0,1032455103837975;0,0896091803790389;0,5937961595273265;0,6723842195540308;0,6549278552213255;0,7551203736974488;0,7002639392939624;0,7333474643633088;0,6790617848970252;0,6402116402116402;0,6818181818181818
UNSW-NB15;RANDOM_L2;distributive;32;15;144,1761718001217;8,123110399814323;32,55356362046349;0,7263275518631881;0,743061769462797;0,7263275518631881;0,7254891009490823;0,6226042219318194;0,196;0,1254081002382423;0,6489176382393133;0,2679061840126832;0,336866172148474;0,104874446085672;0,0634648370497427;0,1041819515774027;0,1444484369385555;0,4289013526888816;0,0096444279582428;0,1719107551487414;0,4179894179894179;0,0454545454545454;0,4007919156585531;0,2762378605737606;0,4007919156585531;0,3017346518221135;0,0519675651079309;0,1777837837837838;0,7258007588458484;0,5069720315196978;0,1030063698761174;0,0880536777291483;0,6499261447562777;0,6535162950257289;0,661286378087552;0,7593424362199066;0,7162652589904323;0,7357850670340734;0,691933638443936;0,656084656084656;0,6818181818181818
UNSW-NB15;FGSM;distributive;32;20;138,1347240998875;6,916424000170082;37,056065685274255;0,7392994218529855;0,7667232461945367;0,7392994218529855;0,743744690874102;0,6467146692920325;0,2026486486486486;0,0869143210094414;0,6648781349826657;0,2909166042242642;0,3625901067562039;0,1166912850812407;0,0771869639794168;0,0530692100758131;0,08399209486166;0,3521939953810623;0,0064119548513592;0,0992562929061784;0,1507936507936507;0,0909090909090909;0,3687387650002429;0,2374025347074574;0,3687387650002429;0,2710105221854491;-0,0372619351146065;0,2448378378378378;0,8503264801905939;0,4978803129489453;0,0987359196818034;0,078152096928787;0,8700147710487445;0,8610634648370498;0,760332599657618;0,7695831836148042;0,7893434510062686;0,9822478935933444;0,6161327231121282;0,7116402116402116;0,8181818181818182
UNSW-NB15;RANDOM_LINF;distributive;32;20;138,1347240998875;7,127093599643558;33,80459602584657;0,7392994218529855;0,7667232461945367;0,7392994218529855;0,743744690874102;0,6467146692920325;0,2026486486486486;0,0869143210094414;0,6648781349826657;0,2909166042242642;0,3625901067562039;0,1166912850812407;0,0771869639794168;0,0530692100758131;0,08399209486166;0,3521939953810623;0,0064119548513592;0,0992562929061784;0,1507936507936507;0,0909090909090909;0,4012534615945197;0,3829013854389764;0,4012534615945197;0,3108585914592483;0,0758560130681177;0,1842432432432432;0,6503132445071914;0,5094224062655947;0,1050290960004409;0,0888086913750883;0,5051698670605613;0,5574614065180102;0,5788701393983859;0,7418253683075817;0,7019135598812273;0,6036776005511102;0,6481693363844394;0,6455026455026455;0,7045454545454546
UNSW-NB15;RANDOM_L2;distributive;32;20;138,1347240998875;6,949653400108218;33,72807656804159;0,7392994218529855;0,7667232461945367;0,7392994218529855;0,743744690874102;0,6467146692920325;0,2026486486486486;0,0869143210094414;0,6648781349826657;0,2909166042242642;0,3625901067562039;0,1166912850812407;0,0771869639794168;0,0530692100758131;0,08399209486166;0,3521939953810623;0,0064119548513592;0,0992562929061784;0,1507936507936507;0,0909090909090909;0,4020186561725696;0,376651729421298;0,4020186561725696;0,3106245369577617;0,0762875869703296;0,1837027027027027;0,652541251213271;0,5093522841605089;0,1049184674975755;0,0883513553083697;0,5553914327917282;0,58147512864494;0,5886524822695035;0,7376931369026231;0,7080171560541075;0,6043134969000054;0,6530320366132724;0,6322751322751323;0,6590909090909091
UNSW-NB15;C&W;distributive;1;5;1,4563680000137538;5,623299900209531;0,0;0,6426176942136714;0,6021251504507656;0,6426176942136714;0,6128062882059807;0,4959661888453446;0,2328108108108108;0,2680225888996735;0,5999628571124876;0,2081991874058414;0,2388538200353247;0,2481536189069424;0,3173241852487135;0,2357544631939349;0,3995688106360043;0,6233916199274167;0,041651210852631;0,4682494279176201;0,4576719576719577;0,2272727272727272;0,6426176942136714;0,6021251504507656;0,6426176942136714;0,6128062882059807;0,4959661888453446;0,2328108108108108;0,2680225888996735;0,5999628571124876;0,2081991874058414;0,2388538200353247;0,2481536189069424;0,3173241852487135;0,2357544631939349;0,3995688106360043;0,6233916199274167;0,041651210852631;0,4682494279176201;0,4576719576719577;0,2272727272727272
UNSW-NB15;C&W;distributive;1;10;1,3462469999212772;4,471189699834213;0,0;0,6622212505465676;0,6449909808577167;0,6622212505465676;0,632003259885446;0,5223137184573832;0,1928108108108108;0,2490514426894908;0,6043915904489906;0,2156319303175725;0,2489355938301483;0,0768094534711964;0,0891938250428816;0,1655661530936659;0,3984908372260151;0,6144836687561861;0,0361401091622065;0,4199084668192219;0,4814814814814814;0,3636363636363636;0,6622212505465676;0,6449909808577167;0,6622212505465676;0,632003259885446;0,5223137184573832;0,1928108108108108;0,2490514426894908;0,6043915904489906;0,2156319303175725;0,2489355938301483;0,0768094534711964;0,0891938250428816;0,1655661530936659;0,3984908372260151;0,6144836687561861;0,0361401091622065;0,4199084668192219;0,4814814814814814;0,3636363636363636
UNSW-NB15;C&W;distributive;1;15;1,3285852000117302;2,5621919000986964;0,0;0,6845212068211631;0,6431631514922129;0,6845212068211631;0,6437827990090425;0,5432888085929615;0,1277567567567567;0,293523338921733;0,6075398088067809;0,2144252610458948;0,2536534239768437;0,087149187592319;0,0926243567753001;0,2037172902910247;0,4559827524254402;0,6695809963708347;0,0769964495787186;0,4359267734553775;0,6137566137566137;0,3636363636363636;0,6845212068211631;0,6431631514922129;0,6845212068211631;0,6437827990090425;0,5432888085929615;0,1277567567567567;0,293523338921733;0,6075398088067809;0,2144252610458948;0,2536534239768437;0,087149187592319;0,0926243567753001;0,2037172902910247;0,4559827524254402;0,6695809963708347;0,0769964495787186;0,4359267734553775;0,6137566137566137;0,3636363636363636
UNSW-NB15;C&W;distributive;1;20;1,3285601001698524;2,435572999995202;0,0;0,6723388233007822;0,6412095906847153;0,6723388233007822;0,6448982247878894;0,5275424871915567;0,1669729729729729;0,2770449130856789;0,6091516446866845;0,2148055738223945;0,2626334093970607;0,103397341211226;0,1063464837049742;0,1958914159941306;0,4695472511678045;0,580666446717255;0,0633246780774733;0,4250572082379862;0,4814814814814814;0,3636363636363636;0,6723388233007822;0,6412095906847153;0,6723388233007822;0,6448982247878894;0,5275424871915567;0,1669729729729729;0,2770449130856789;0,6091516446866845;0,2148055738223945;0,2626334093970607;0,103397341211226;0,1063464837049742;0,1958914159941306;0,4695472511678045;0,580666446717255;0,0633246780774733;0,4250572082379862;0,4814814814814814;0,3636363636363636
UNSW-NB15;C&W;distributive;2;5;2,7082417998462915;7,191387699916959;0,0;0,6387552834863722;0,6254969068824924;0,6387552834863722;0,5997604635622099;0,4699754158823866;0,102027027027027;0,4552854495720462;0,5939329304677363;0,2056256705626128;0,2565270583714971;0,7636632200886263;0,8593481989708405;0,4164832477378332;0,3918433345310815;0,813592873639063;0,3944677017646124;0,2880434782608695;0,41005291005291;0,4090909090909091;0,6387552834863722;0,6254969068824924;0,6387552834863722;0,5997604635622099;0,4699754158823866;0,102027027027027;0,4552854495720462;0,5939329304677363;0,2056256705626128;0,2565270583714971;0,7636632200886263;0,8593481989708405;0,4164832477378332;0,3918433345310815;0,813592873639063;0,3944677017646124;0,2880434782608695;0,41005291005291;0,4090909090909091
UNSW-NB15;C&W;distributive;2;10;2,6094794999808077;5,026279299985617;0,0;0,6799907690812806;0,6462778234479618;0,6799907690812806;0,6512556070443005;0,5419315763025866;0,1552162162162162;0,2772655078090532;0,6193021808643904;0,2350491958647871;0,2832121774966004;0,1270310192023633;0,1269296740994854;0,2110540474443629;0,3455803090190442;0,6034312108215111;0,1639022839277197;0,2276887871853546;0,3544973544973545;0,4090909090909091;0,6799907690812806;0,6462778234479618;0,6799907690812806;0,6512556070443005;0,5419315763025866;0,1552162162162162;0,2772655078090532;0,6193021808643904;0,2350491958647871;0,2832121774966004;0,1270310192023633;0,1269296740994854;0,2110540474443629;0,3455803090190442;0,6034312108215111;0,1639022839277197;0,2276887871853546;0,3544973544973545;0,4090909090909091
UNSW-NB15;C&W;distributive;2;15;2,677113400073722;3,5339059999678284;0,0;0,6939586066171112;0,6802981465757004;0,6939586066171112;0,6700820181764158;0,5605348140721698;0,1401081081081081;0,2681990646783729;0,625989933488101;0,2385642694176494;0,2981330722914955;0,0664697193500738;0,0874785591766723;0,1592076302274394;0,30300035932447;0,605740679643682;0,1502305124264744;0,375;0,5238095238095238;0,5;0,6939586066171112;0,6802981465757004;0,6939586066171112;0,6700820181764158;0,5605348140721698;0,1401081081081081;0,2681990646783729;0,625989933488101;0,2385642694176494;0,2981330722914955;0,0664697193500738;0,0874785591766723;0,1592076302274394;0,30300035932447;0,605740679643682;0,1502305124264744;0,375;0,5238095238095238;0,5
UNSW-NB15;C&W;distributive;2;20;2,7548090999480337;3,1309498997870837;0,0;0,6466987319632707;0,6698425781111529;0,6466987319632707;0,6253145237085963;0,4869256401068762;0,1588108108108108;0,3475690461484161;0,6073179981478967;0,2199942158274356;0,2757754453940914;0,1181683899556868;0,1337907375643224;0,2423575446319393;0,4592166726554078;0,6002969317057076;0,2425944571034921;0,2954805491990847;0,5661375661375662;0,7045454545454546;0,6466987319632707;0,6698425781111529;0,6466987319632707;0,6253145237085963;0,4869256401068762;0,1588108108108108;0,3475690461484161;0,6073179981478967;0,2199942158274356;0,2757754453940914;0,1181683899556868;0,1337907375643224;0,2423575446319393;0,4592166726554078;0,6002969317057076;0,2425944571034921;0,2954805491990847;0,5661375661375662;0,7045454545454546
UNSW-NB15;C&W;distributive;4;5;6,048822900047526;10,587422899901869;0,0;0,6225404459991255;0,6319983487087723;0,6225404459991255;0,6002886243367701;0,4520778946418272;0,1764594594594594;0,3585546633724521;0,5898139348633062;0,1953984725254638;0,2374719865029342;0,1787296898079763;0,241852487135506;0,2673025189532893;0,4228350700682716;0,5801715605410755;0,2783106353664352;0,3452517162471396;0,4841269841269841;0,75;0,6225404459991255;0,6319983487087723;0,6225404459991255;0,6002886243367701;0,4520778946418272;0,1764594594594594;0,3585546633724521;0,5898139348633062;0,1953984725254638;0,2374719865029342;0,1787296898079763;0,241852487135506;0,2673025189532893;0,4228350700682716;0,5801715605410755;0,2783106353664352;0,3452517162471396;0,4841269841269841;0,75
UNSW-NB15;C&W;distributive;4;10;5,609507799847052;7,79188790009357;0,0;0,6179128406937764;0,6304934247695738;0,6179128406937764;0,6028141691991571;0,4491289410717893;0,2223513513513513;0,351958881143563;0,5961206757277379;0,204874293896073;0,2533270867535342;0,1816838995568685;0,2229845626072041;0,2611885546588408;0,4341537908731585;0,5183107885186408;0,2366594245138042;0,5603546910755148;0,5370370370370371;0,7045454545454546;0,6179128406937764;0,6304934247695738;0,6179128406937764;0,6028141691991571;0,4491289410717893;0,2223513513513513;0,351958881143563;0,5961206757277379;0,204874293896073;0,2533270867535342;0,1816838995568685;0,2229845626072041;0,2611885546588408;0,4341537908731585;0,5183107885186408;0,2366594245138042;0,5603546910755148;0,5370370370370371;0,7045454545454546
UNSW-NB15;C&W;distributive;4;15;5,266763899940997;5,929685299983248;0,0;0,6237186027304086;0,6379207968975484;0,6237186027304086;0,6152273668956758;0,4648451814558061;0,2447297297297297;0,3209653225094855;0,6145297489875405;0,2315247839189357;0,2878617615752467;0,1757754800590842;0,1869639794168096;0,19833700171191;0,3451311534315487;0,5174859782250083;0,2788935403529224;0,2906178489702517;0,6058201058201058;0,5454545454545454;0,6237186027304086;0,6379207968975484;0,6237186027304086;0,6152273668956758;0,4648451814558061;0,2447297297297297;0,3209653225094855;0,6145297489875405;0,2315247839189357;0,2878617615752467;0,1757754800590842;0,1869639794168096;0,19833700171191;0,3451311534315487;0,5174859782250083;0,2788935403529224;0,2906178489702517;0,6058201058201058;0,5454545454545454
UNSW-NB15;C&W;distributive;4;20;5,557677800068632;4,439958200091496;-0,0012145945683328;0,6538041101880192;0,6619542376357236;0,6538041101880192;0,6384267257513614;0,5058355921617063;0,1952972972972973;0,3021706520780023;0,620740162503813;0,2381782202408745;0,2957333508880116;0,1816838995568685;0,1921097770154373;0,1861090731230129;0,2739849083722601;0,5122071923457605;0,2772508081182767;0,300629290617849;0,626984126984127;0,6136363636363636;0,6538162561337025;0,6619593483384814;0,6538162561337025;0,6384348605829538;0,5058508826686813;0,1952702702702702;0,3021706520780023;0,6207421694209176;0,2381799881292815;0,2957364083180721;0,1816838995568685;0,1921097770154373;0,1861090731230129;0,2739849083722601;0,5122071923457605;0,2772508081182767;0,300629290617849;0,626984126984127;0,6136363636363636
UNSW-NB15;C&W;distributive;8;5;13,455552299972624;13,613021599827334;-0,0012145945683328;0,6412452023514551;0,641755814752077;0,6412452023514551;0,6181604280775944;0,4822731757486837;0,169054054054054;0,3244286596664608;0,5991744851637879;0,2057095337285474;0,2526206844516278;0,3072378138847858;0,3327615780445969;0,2044509660063585;0,3491735537190082;0,5197954470471792;0,2552593927189868;0,4279176201372998;0,2989417989417989;0,1136363636363636;0,6412573482971384;0,6417625777200348;0,6412573482971384;0,6181697291988677;0,4822890051847264;0,169027027027027;0,3244286596664608;0,5991765387623303;0,2057123153050428;0,2526240287667745;0,3072378138847858;0,3327615780445969;0,2044509660063585;0,3491735537190082;0,5197954470471792;0,2552593927189868;0,4279176201372998;0,2989417989417989;0,1136363636363636
UNSW-NB15;C&W;distributive;8;10;11,676746099954473;7,6722179998178035;-0,0012145945683328;0,7118860224457076;0,721515863377377;0,7118860224457076;0,6946647252683673;0,5949573594798779;0,1843783783783783;0,19224830142063;0,6343311914226463;0,2502617544932334;0,3025660646081864;0,2732644017725258;0,2710120068610634;0,1658107116654438;0,264193316564858;0,3733091388980534;0,0347623337396004;0,4842677345537757;0,3597883597883597;0,1136363636363636;0,711898168391391;0,7215228011842637;0,711898168391391;0,6946747165524694;0,5949723351792883;0,1843513513513513;0,19224830142063;0,6343332450211887;0,2502651839773813;0,3025697654725299;0,2732644017725258;0,2710120068610634;0,1658107116654438;0,264193316564858;0,3733091388980534;0,0347623337396004;0,4842677345537757;0,3597883597883597;0,1136363636363636
UNSW-NB15;C&W;distributive;8;15;11,895410999888554;6,3604777997825295;0,0;0,7135378710586406;0,7311874131665435;0,7135378710586406;0,7025757492794497;0,601856963522853;0,1974594594594594;0,1654239830583252;0,6422691879245475;0,2594143170785479;0,3165588936176542;0,1964549483013294;0,2006861063464837;0,1389092687698704;0,2858426158821415;0,3418013856812933;0,0109692120184409;0,3152173913043478;0,2989417989417989;0,1136363636363636;0,7135378710586406;0,7311874131665435;0,7135378710586406;0,7025757492794497;0,601856963522853;0,1974594594594594;0,1654239830583252;0,6422691879245475;0,2594143170785479;0,3165588936176542;0,1964549483013294;0,2006861063464837;0,1389092687698704;0,2858426158821415;0,3418013856812933;0,0109692120184409;0,3152173913043478;0,2989417989417989;0,1136363636363636
UNSW-NB15;C&W;distributive;8;20;11,603063100017607;4,50613859994337;0,0;0,7116552494777243;0,7222781419857817;0,7116552494777243;0,7023303642851091;0,6014258141494315;0,2122972972972973;0,1575266919615282;0,6421892354107891;0,2610902924383939;0,3170170804775979;0,3323485967503692;0,3550600343053173;0,1249694301785277;0,2178404599353215;0,4046519300560871;0,0082136611732287;0,3080663615560641;0,2248677248677248;0,0681818181818181;0,7116552494777243;0,7222781419857817;0,7116552494777243;0,7023303642851091;0,6014258141494315;0,2122972972972973;0,1575266919615282;0,6421892354107891;0,2610902924383939;0,3170170804775979;0,3323485967503692;0,3550600343053173;0,1249694301785277;0,2178404599353215;0,4046519300560871;0,0082136611732287;0,3080663615560641;0,2248677248677248;0,0681818181818181
UNSW-NB15;C&W;distributive;10;5;17,425687100039795;16,851154500152916;0,0;0,6879220716124957;0,7056869168315897;0,6879220716124957;0,6791963641008892;0,5779733112996581;0,2573783783783784;0,1251213270978558;0,6310995060514507;0,2452420024572859;0,2930082111070602;0,1181683899556868;0,1457975986277873;0,1310833944729763;0,17499101688825;0,3749587594853183;0,0099623761326903;0,1350114416475972;0,2248677248677248;0,1136363636363636;0,6879220716124957;0,7056869168315897;0,6879220716124957;0,6791963641008892;0,5779733112996581;0,2573783783783784;0,1251213270978558;0,6310995060514507;0,2452420024572859;0,2930082111070602;0,1181683899556868;0,1457975986277873;0,1310833944729763;0,17499101688825;0,3749587594853183;0,0099623761326903;0,1350114416475972;0,2248677248677248;0,1136363636363636
UNSW-NB15;C&W;distributive;10;10;16,085207500029355;9,897820899728686;0,0;0,6997643686537434;0,7236028007636828;0,6997643686537434;0,696982731664049;0,5981686875469354;0,2629459459459459;0,1065693108620841;0,6443851808041614;0,2653132829832524;0,3163413025282912;0,1078286558345642;0,0977701543739279;0,1146979701638542;0,1537908731584621;0,3406466512702079;0,0092734884213873;0,0652173913043478;0,1243386243386243;0,1136363636363636;0,6997643686537434;0,7236028007636828;0,6997643686537434;0,696982731664049;0,5981686875469354;0,2629459459459459;0,1065693108620841;0,6443851808041614;0,2653132829832524;0,3163413025282912;0,1078286558345642;0,0977701543739279;0,1146979701638542;0,1537908731584621;0,3406466512702079;0,0092734884213873;0,0652173913043478;0,1243386243386243;0,1136363636363636
UNSW-NB15;C&W;distributive;10;15;15,445550400065258;6,277095600031316;0,0;0,7305664869066706;0,7463183571953113;0,7305664869066706;0,7224439577405429;0,6353311168190771;0,2196486486486486;0,1045398394070413;0,6556654046019199;0,284339271481893;0,3359386018873593;0,1831610044313146;0,1337907375643224;0,099046221570066;0,1456162414660438;0,3488947542065325;0,009432462508611;0,0534897025171624;0,0793650793650793;0,0227272727272727;0,7305664869066706;0,7463183571953113;0,7305664869066706;0,7224439577405429;0,6353311168190771;0,2196486486486486;0,1045398394070413;0,6556654046019199;0,284339271481893;0,3359386018873593;0,1831610044313146;0,1337907375643224;0,099046221570066;0,1456162414660438;0,3488947542065325;0,009432462508611;0,0534897025171624;0,0793650793650793;0,0227272727272727
UNSW-NB15;C&W;distributive;10;20;15,161306600086393;4,685669599566609;-0,0012145945683328;0,7325827138901034;0,7584122788239107;0,7325827138901034;0,7255093622880419;0,6414559424685566;0,2262702702702702;0,0915468102003;0,6585113324072225;0,2907548857107572;0,3405589130485993;0,1491875923190546;0,1029159519725557;0,0841281486916116;0,1072583542939274;0,3462553612669086;0,0064119548513592;0,0543478260869565;0,0978835978835978;0,0909090909090909;0,7325948598357868;0,7584163021830415;0,7325948598357868;0,7255185117596712;0,6414697071593151;0,2262432432432432;0,0915468102003;0,658513339324327;0,2907574713545808;0,3405627130811269;0,1491875923190546;0,1029159519725557;0,0841281486916116;0,1072583542939274;0,3462553612669086;0,0064119548513592;0,0543478260869565;0,0978835978835978;0,0909090909090909
UNSW-NB15;C&W;distributive;16;5;27,39539929991588;24,26690459996462;0,0;0,6796142447650975;0,6751646614949922;0,6796142447650975;0,6627101359044522;0,5488100020870649;0,212027027027027;0,2056163416571075;0,6166863550407905;0,2301111819334683;0,2726256466065661;0,1122599704579025;0,1252144082332761;0,2286622646123746;0,3676787639238232;0,452161002969317;0,0173281755073922;0,2611556064073226;0,3862433862433862;0,3863636363636363;0,6796142447650975;0,6751646614949922;0,6796142447650975;0,6627101359044522;0,5488100020870649;0,212027027027027;0,2056163416571075;0,6166863550407905;0,2301111819334683;0,2726256466065661;0,1122599704579025;0,1252144082332761;0,2286622646123746;0,3676787639238232;0,452161002969317;0,0173281755073922;0,2611556064073226;0,3862433862433862;0,3863636363636363
UNSW-NB15;C&W;distributive;16;10;25,055915100034326;14,40203439979814;-0,0012145945683328;0,6984404605742603;0,7124240186462955;0,6984404605742603;0,6823000324152195;0,5833175326100006;0,2148648648648648;0,1545266037236389;0,6256829933520456;0,2391271317823833;0,2811554767415533;0,138847858197932;0,1080617495711835;0,140376620200538;0,2239489759252605;0,4333553282744968;0,0104392983943617;0,2351258581235698;0,3227513227513227;0,2954545454545454;0,6984526065199437;0,7124292688903531;0,6984526065199437;0,6823097350858653;0,5833313926188106;0,2148378378378378;0,1545266037236389;0,6256850469505879;0,2391300117571938;0,2811588208982868;0,138847858197932;0,1080617495711835;0,140376620200538;0,2239489759252605;0,4333553282744968;0,0104392983943617;0,2351258581235698;0,3227513227513227;0,2954545454545454
UNSW-NB15;C&W;distributive;16;15;22,91634800005704;7,90348260011524;-0,0012145945683328;0,7100762765388913;0,7294746221762332;0,7100762765388913;0,6975333536369231;0,6003118197190153;0,214;0,1470705020735904;0,6349190623286536;0,2536002495565846;0,300197269314131;0,0886262924667651;0,0857632933104631;0,107116654438738;0,1749011857707509;0,418013856812933;0,0110222033808489;0,3672768878718535;0,3518518518518518;0,2954545454545454;0,7100884224845746;0,7294785614626547;0,7100884224845746;0,6975419955792727;0,6003257606567259;0,2139729729729729;0,1470705020735904;0,6349210692457582;0,2536024008646347;0,300200584805803;0,0886262924667651;0,0857632933104631;0,107116654438738;0,1749011857707509;0,418013856812933;0,0110222033808489;0,3672768878718535;0,3518518518518518;0,2954545454545454
UNSW-NB15;C&W;distributive;16;20;24,01265690010041;7,209018400171772;0,0;0,7192829033668562;0,7541087346886733;0,7192829033668562;0,7058703981379834;0,6127067383377158;0,2104324324324324;0,1471807994352775;0,6410874950908967;0,2644064970663707;0,314330938422676;0,2156573116691285;0,1801029159519725;0,123746637319638;0,1603485447358965;0,453150775321676;0,0110751947432568;0,3057780320366132;0,246031746031746;0,2727272727272727;0,7192829033668562;0,7541069675684502;0,7192829033668562;0,7058688946836067;0,6127069155307868;0,2104324324324324;0,1471807994352775;0,641087448409459;0,2644051546656417;0,3143306069167987;0,2156573116691285;0,1801029159519725;0,123746637319638;0,1603485447358965;0,453150775321676;0,0110751947432568;0,3057780320366132;0,246031746031746;0,2727272727272727
UNSW-NB15;C&W;distributive;32;5;62,46971299988218;35,43914009979926;0,0;0,7235096924646554;0,7340323083581122;0,7235096924646554;0,7089657627783188;0,6167707650246401;0,1853783783783783;0,1420850613253331;0,6401300411568928;0,2595889888134683;0,311583952233479;0,1344165435745938;0,1149228130360205;0,1371973587674248;0,1635824649658641;0,4957109864731112;0,0116051083673361;0,1495995423340961;0,3809523809523809;0,2272727272727272;0,7235096924646554;0,7340323083581122;0,7235096924646554;0,7089657627783188;0,6167707650246401;0,1853783783783783;0,1420850613253331;0,6401300411568928;0,2595889888134683;0,311583952233479;0,1344165435745938;0,1149228130360205;0,1371973587674248;0,1635824649658641;0,4957109864731112;0,0116051083673361;0,1495995423340961;0,3809523809523809;0,2272727272727272
UNSW-NB15;C&W;distributive;32;10;53,47988720005378;20,67491610068828;-0,0012145945683328;0,7326920274012535;0,7558112581977234;0,7326920274012535;0,7241170917946581;0,6371756930680122;0,2158378378378378;0,1074737492279184;0,6544761536183265;0,278868541852921;0,3332365818703193;0,121122599704579;0,0806174957118353;0,0980679872829542;0,1067193675889328;0,3876608380072583;0,0077367389115574;0,1413043478260869;0,4074074074074074;0,2272727272727272;0,7327041733469368;0,7558168253383608;0,7327041733469368;0,7241274089046081;0,6371893547100305;0,2158108108108108;0,1074737492279184;0,6544782072168688;0,2788721732989822;0,3332403396579371;0,121122599704579;0,0806174957118353;0,0980679872829542;0,1067193675889328;0,3876608380072583;0,0077367389115574;0,1413043478260869;0,4074074074074074;0,2272727272727272
UNSW-NB15;C&W;distributive;32;15;45,13443470001221;13,654289299855009;0,0;0,7329349463149201;0,7566130030170093;0,7329349463149201;0,7250899415027406;0,6364453803647153;0,2066756756756756;0,1089076149298508;0,6539458243110434;0,2790437197690791;0,3330837658566123;0,1181683899556868;0,0703259005145797;0,0951332844216189;0,1158821415738411;0,3975585615308479;0,0073128080122939;0,1284324942791762;0,3465608465608465;0,2045454545454545;0,7329349463149201;0,7566130030170093;0,7329349463149201;0,7250899415027406;0,6364453803647153;0,2066756756756756;0,1089076149298508;0,6539458243110434;0,2790437197690791;0,3330837658566123;0,1181683899556868;0,0703259005145797;0,0951332844216189;0,1158821415738411;0,3975585615308479;0,0073128080122939;0,1284324942791762;0,3465608465608465;0,2045454545454545
UNSW-NB15;C&W;distributive;32;20;45,189267200184986;11,215790699468926;0,0;0,7335058057620366;0,7745249717012156;0,7335058057620366;0,7281526617578732;0,6419355381364447;0,2205675675675675;0,0898923497749933;0,658432397501399;0,286805820252534;0,3416357832161484;0,0974889217134416;0,0445969125214408;0,0623624358033749;0,0806683435141933;0,3549983503794127;0,0051931535159768;0,1335812356979405;0,2777777777777778;0,1818181818181818;0,7335058057620366;0,7745249717012156;0,7335058057620366;0,7281526617578732;0,6419355381364447;0,2205675675675675;0,0898923497749933;0,658432397501399;0,286805820252534;0,3416357832161484;0,0974889217134416;0,0445969125214408;0,0623624358033749;0,0806683435141933;0,3549983503794127;0,0051931535159768;0,1335812356979405;0,2777777777777778;0,1818181818181818
UNSW-NB15;FGSM;gaussian;1;5;0,2974612712860107;1,0048565864562988;47,40319681290385;0,5893820142836321;0,6483350866380286;0,5893820142836321;0,5767467859738722;0,4269498652313231;0,2664864864864865;0,2979572928615547;0,5925737181222936;0,1878987402067093;0,2304759649256985;0,0605612998522895;0,0445969125214408;0,0973343115676204;0,1812791951131872;0,3323985483338832;0,3943087276773885;0,4047482837528604;0,3677248677248677;0,3181818181818182;0,1153500461545936;0,2387173950833899;0,1153500461545936;0,1218836258013382;-0,0157931873975455;0,9092972972972972;0,1504676608135533;0,4941538462198765;0,1006637490910584;0,0687868330925072;0,3234859675036927;0,2847341337907376;0,3912937148447053;0,2293388429752066;0,2033982184097657;0,0089025488845318;0,2339816933638444;0,1137566137566137;0,4772727272727273
UNSW-NB15;RANDOM_LINF;gaussian;1;5;0,2974612712860107;1,0907559394836426;49,94412864985668;0,5893820142836321;0,6483350866380286;0,5893820142836321;0,5767467859738722;0,4269498652313231;0,2664864864864865;0,2979572928615547;0,5925737181222936;0,1878987402067093;0,2304759649256985;0,0605612998522895;0,0445969125214408;0,0973343115676204;0,1812791951131872;0,3323985483338832;0,3943087276773885;0,4047482837528604;0,3677248677248677;0,3181818181818182;0,0899407277850653;0,33370802844476;0,0899407277850653;0,0713524845714981;0,0035628887597449;0,9969729729729728;0,0020515309273802;0,5005612684189427;0,1003560226909949;0,0579234404247416;0,0029542097488921;0,0;0,0022010271460014;0,0030542579949694;0,0024744308808973;0,0011128186105664;0,0031464530892448;0,0026455026455026;0,0
UNSW-NB15;RANDOM_L2;gaussian;1;5;0,2974612712860107;1,0748023986816406;49,708497303600055;0,5893820142836321;0,6483350866380286;0,5893820142836321;0,5767467859738722;0,4269498652313231;0,2664864864864865;0,2979572928615547;0,5925737181222936;0,1878987402067093;0,2304759649256985;0,0605612998522895;0,0445969125214408;0,0973343115676204;0,1812791951131872;0,3323985483338832;0,3943087276773885;0,4047482837528604;0,3677248677248677;0,3181818181818182;0,0922970412476315;0,3432960968610117;0,0922970412476315;0,0729710180704617;0,0062384769517733;0,9967027027027028;0,0020735903997176;0,5023086874691444;0,1005632350730317;0,059462557560492;0,0;0,0;0,0014673514306676;0,0035034135824649;0,0032992411745298;0,0013247840601981;0,0011441647597254;0,0;0,0
UNSW-NB15;FGSM;gaussian;1;10;0,2906355857849121;0,6734664440155029;61,92488947189428;0,6590997425059515;0,6775425135063714;0,6590997425059515;0,6595132095807618;0,5352471861575729;0,2679729729729729;0,1615635753992764;0,6197840189507016;0,2219809414676511;0,2726141880962206;0,0738552437223042;0,039451114922813;0,1002690144289557;0,2117319439453826;0,2802705377763114;0,0909331778920036;0,2874713958810068;0,1269841269841269;0,3636363636363636;0,0398508477870086;0,1298340861872344;0,0398508477870086;0,0530720399447355;-0,0369741149002009;0,9734324324324324;0,1068340245301332;0,4773673665332008;0,0991825753138162;0,0367167022762954;0,1846381093057607;0,1526586620926243;0,2655906089508437;0,1934063959755659;0,0828109534806994;0,0307349901965979;0,0775171624713958;0,082010582010582;0,1363636363636363
UNSW-NB15;RANDOM_LINF;gaussian;1;10;0,2906355857849121;0,4851040840148926;56,38633824029539;0,6590997425059515;0,6775425135063714;0,6590997425059515;0,6595132095807618;0,5352471861575729;0,2679729729729729;0,1615635753992764;0,6197840189507016;0,2219809414676511;0,2726141880962206;0,0738552437223042;0,039451114922813;0,1002690144289557;0,2117319439453826;0,2802705377763114;0,0909331778920036;0,2874713958810068;0,1269841269841269;0,3636363636363636;0,0952363601029976;0,2980327261420664;0,0952363601029976;0,1254707280037039;0,0021903394276894;0,914945945945946;0,0727300802964793;0,5008421377646594;0,1002140416417399;0,0648823009591676;0,053175775480059;0,0668953687821612;0,0596722915138175;0,0848904060366511;0,0734081161332893;0,0688887711303057;0,0723684210526315;0,082010582010582;0,0909090909090909
UNSW-NB15;RANDOM_L2;gaussian;1;10;0,2906355857849121;0,5735714435577393;56,17499878540543;0,6590997425059515;0,6775425135063714;0,6590997425059515;0,6595132095807618;0,5352471861575729;0,2679729729729729;0,1615635753992764;0,6197840189507016;0,2219809414676511;0,2726141880962206;0,0738552437223042;0,039451114922813;0,1002690144289557;0,2117319439453826;0,2802705377763114;0,0909331778920036;0,2874713958810068;0,1269841269841269;0,3636363636363636;0,0973497546518972;0,2981187133151298;0,0973497546518972;0,1278485783508869;0,0040748208256683;0,9145675675675676;0,0746271949174975;0,499705454897332;0,1003536321934741;0,0673054186811625;0,0649926144756277;0,04631217838765;0,0706774272438248;0,0879446640316205;0,0772022434839986;0,0678819352445551;0,0760869565217391;0,0634920634920634;0,1136363636363636
UNSW-NB15;FGSM;gaussian;1;15;0,3162441253662109;0,6148803234100342;63,88524510518389;0,6750716610795316;0,694190628371556;0,6750716610795316;0,6767784834372389;0,5575360778948265;0,264027027027027;0,1433203917762287;0,6303879939373724;0,2341197376344203;0,297780864229397;0,0915805022156573;0,0668953687821612;0,090731230129616;0,1814588573481854;0,4252721873968987;0,0110222033808489;0,2891876430205949;0,5343915343915344;0,1363636363636363;0,0362192100276927;0,1010099775817113;0,0362192100276927;0,0445544231905136;-0,0232338190084893;0,984945945945946;0,0923630106767846;0,4826550453822361;0,10093921874229;0,0395323274962524;0,2658788774002954;0,2126929674099485;0,3179261433113231;0,1358246496586417;0,093038601121742;0,0172221927825764;0,0509153318077803;0,0026455026455026;0,0681818181818181
UNSW-NB15;RANDOM_LINF;gaussian;1;15;0,3162441253662109;0,4422667026519775;66,55978234465336;0,6750716610795316;0,694190628371556;0,6750716610795316;0,6767784834372389;0,5575360778948265;0,264027027027027;0,1433203917762287;0,6303879939373724;0,2341197376344203;0,297780864229397;0,0915805022156573;0,0668953687821612;0,090731230129616;0,1814588573481854;0,4252721873968987;0,0110222033808489;0,2891876430205949;0,5343915343915344;0,1363636363636363;0,0094738376329981;0,3151928894674766;0,0094738376329981;0,01648773793875;0,0030670103748232;0,9936756756756756;0,004919262331245;0,5037144474686934;0,1001232622877963;0,0146595919685509;0,0029542097488921;0,0034305317324185;0,0041574957202249;0,0061085159899389;0,0074232926426921;0,0039213608181866;0,0042906178489702;0,0;0,0
UNSW-NB15;RANDOM_L2;gaussian;1;15;0,3162441253662109;0,5115518569946289;66,58771801972502;0,6750716610795316;0,694190628371556;0,6750716610795316;0,6767784834372389;0,5575360778948265;0,264027027027027;0,1433203917762287;0,6303879939373724;0,2341197376344203;0,297780864229397;0,0915805022156573;0,0668953687821612;0,090731230129616;0,1814588573481854;0,4252721873968987;0,0110222033808489;0,2891876430205949;0,5343915343915344;0,1363636363636363;0,0091944808822814;0,3242650803148719;0,0091944808822814;0,0159531695912155;0,003006819530175;0,9937567567567568;0,004345716050472;0,5038814656757097;0,1001307380633833;0,014684262232613;0,0029542097488921;0,0051457975986277;0,0056248471508926;0,0054796981674452;0,0052787858792477;0,002861533570028;0,0054347826086956;0,0079365079365079;0,0
UNSW-NB15;FGSM;gaussian;1;20;0,3770208358764648;0,5801477432250977;61,20099110916776;0,6516056940193363;0,6948195286391557;0,6516056940193363;0,6610996620122409;0,5359628539726515;0,3058648648648648;0,1334156886967263;0,6376077426952428;0,231856706517109;0,3073608903872815;0,0709010339734121;0,0411663807890223;0,0875519686965028;0,1064498742364355;0,1812933025404157;0,1522441841979757;0,1044050343249427;0,2513227513227513;0,0227272727272727;0,0395957829276587;0,2869155730114056;0,0395957829276587;0,0568376202507624;0,0264512511456636;0,9856216216216216;0,0226330186181946;0,484583539498911;0,1048905645343646;0,0533875141396439;0,0324963072378138;0,0291595197255574;0,0283687943262411;0,0394358605821056;0,0521280105575717;0,0016957235970536;0,0205949656750572;0,0052910052910052;0,2272727272727272
UNSW-NB15;RANDOM_LINF;gaussian;1;20;0,3770208358764648;0,4750387668609619;65,08040616042365;0,6516056940193363;0,6948195286391557;0,6516056940193363;0,6610996620122409;0,5359628539726515;0,3058648648648648;0,1334156886967263;0,6376077426952428;0,231856706517109;0,3073608903872815;0,0709010339734121;0,0411663807890223;0,0875519686965028;0,1064498742364355;0,1812933025404157;0,1522441841979757;0,1044050343249427;0,2513227513227513;0,0227272727272727;0,0008016324150998;0,190026610951537;0,0008016324150998;0,0005301517353987;-0,0010218750137427;0,9998648648648648;0,0002205947233742;0,5002268548708543;0,1000025113265808;0,0010105209655323;0,0;0,0;0,0;8,983111749910169e-05;0,0;0,0004239308992634;0,0002860411899313;0,0;0,0
UNSW-NB15;RANDOM_L2;gaussian;1;20;0,3770208358764648;0,4003787040710449;65,07190399844531;0,6516056940193363;0,6948195286391557;0,6516056940193363;0,6610996620122409;0,5359628539726515;0,3058648648648648;0,1334156886967263;0,6376077426952428;0,231856706517109;0,3073608903872815;0,0709010339734121;0,0411663807890223;0,0875519686965028;0,1064498742364355;0,1812933025404157;0,1522441841979757;0,1044050343249427;0,2513227513227513;0,0227272727272727;0,0008866540348831;0,2562085426968852;0,0008866540348831;0,0007003159723033;-0,0007078191840243;0,9997027027027028;0,0003088326127239;0,5002264151838285;0,1000016199635703;0,0010050134897566;0,0;0,0;0,0004891171435558;0,0003593244699964;0,0001649620587264;0,0002649568120396;0,0002860411899313;0,0026455026455026;0,0
UNSW-NB15;FGSM;gaussian;2;5;0,6394433975219727;2,437917232513428;51,8534713112763;0,6219574406063256;0,6506637119409673;0,6219574406063256;0,6129419960433806;0,4722517494402395;0,2364054054054054;0,2649563222447719;0,6078743766795454;0,2060278578940204;0,2690341082847438;0,069423929098966;0,0600343053173241;0,0899975544142822;0,2453287818900467;0,395908940943583;0,3088866514758094;0,1504576659038901;0,1746031746031746;0,2045454545454545;0,1034227274935626;0,1784464899250758;0,1034227274935626;0,0996024307138531;-0,0492716100171827;0,905027027027027;0,154636901085326;0,4857365834760184;0,0979057045023517;0,0526721532963887;0,3471196454948301;0,2967409948542024;0,4150158963071655;0,242094861660079;0,2368855163312438;0,008001695723597;0,1641876430205949;0,0767195767195767;0,4545454545454545
UNSW-NB15;RANDOM_LINF;gaussian;2;5;0,6394433975219727;3,045772075653076;53,534470193849295;0,6219574406063256;0,6506637119409673;0,6219574406063256;0,6129419960433806;0,4722517494402395;0,2364054054054054;0,2649563222447719;0,6078743766795454;0,2060278578940204;0,2690341082847438;0,069423929098966;0,0600343053173241;0,0899975544142822;0,2453287818900467;0,395908940943583;0,3088866514758094;0,1504576659038901;0,1746031746031746;0,2045454545454545;0,0866127386678326;0,0696820450806468;0,0866127386678326;0,0457172810665003;0,0041077635009867;1,0;0,0;0,5013968430582172;0,1003905358704369;0,0484684268936206;0,0;0,0;0,0;0,0;0,0;0,0;0,0;0,0;0,0
UNSW-NB15;RANDOM_L2;gaussian;2;5;0,6394433975219727;2,777083158493042;53,5271826264393;0,6219574406063256;0,6506637119409673;0,6219574406063256;0,6129419960433806;0,4722517494402395;0,2364054054054054;0,2649563222447719;0,6078743766795454;0,2060278578940204;0,2690341082847438;0,069423929098966;0,0600343053173241;0,0899975544142822;0,2453287818900467;0,395908940943583;0,3088866514758094;0,1504576659038901;0,1746031746031746;0,2045454545454545;0,0866856143419326;0,0744373496944559;0,0866856143419326;0,0461522730496649;0,0046505631909774;1,0;0,0;0,5017719913107943;0,1004758049050434;0,0488135579219804;0,0;0,0;0,0;0,0;0,0;0,0;0,0;0,0;0,0
UNSW-NB15;FGSM;gaussian;2;10;0,5829002857208252;1,4912433624267578;58,219161443910025;0,6867074770441627;0,7093271022153947;0,6867074770441627;0,6834364587611984;0,5791833630888443;0,2617837837837838;0,1078046413129797;0,6275082796868494;0,2343770546206732;0,2773512099529637;0,0841949778434268;0,0222984562607204;0,0709219858156028;0,1562163133309378;0,314582645991422;0,0083726352604525;0,1816361556064073;0,2275132275132275;0,0454545454545454;0,1045158626050624;0,1455134838665296;0,1045158626050624;0,1017953844407375;-0,0660600509374019;0,8947567567567568;0,243933645107209;0,4818491542909562;0,097333739264853;0,0502434101493628;0,3161004431314623;0,3087478559176672;0,4157495720224994;0,2447897951850521;0,1979544704717915;0,1244237189338137;0,6930778032036613;0,6666666666666666;0,3636363636363636
UNSW-NB15;RANDOM_LINF;gaussian;2;10;0,5829002857208252;1,4021937847137451;59,1580430452315;0,6867074770441627;0,7093271022153947;0,6867074770441627;0,6834364587611984;0,5791833630888443;0,2617837837837838;0,1078046413129797;0,6275082796868494;0,2343770546206732;0,2773512099529637;0,0841949778434268;0,0222984562607204;0,0709219858156028;0,1562163133309378;0,314582645991422;0,0083726352604525;0,1816361556064073;0,2275132275132275;0,0454545454545454;0,0951270465918476;0,3468225038954607;0,0951270465918476;0,0742092633348412;0,0045840591592332;0,9755945945945946;0,0154195711638577;0,5027723962682282;0,1004786322114335;0,0568769361053441;0,0029542097488921;0,0102915951972555;0,0095377842993396;0,0229069349622709;0,0189706367535466;0,0126649356154946;0,0100114416475972;0,0185185185185185;0,0227272727272727
UNSW-NB15;RANDOM_L2;gaussian;2;10;0,5829002857208252;1,379542589187622;59,27221493465481;0,6867074770441627;0,7093271022153947;0,6867074770441627;0,6834364587611984;0,5791833630888443;0,2617837837837838;0,1078046413129797;0,6275082796868494;0,2343770546206732;0,2773512099529637;0,0841949778434268;0,0222984562607204;0,0709219858156028;0,1562163133309378;0,314582645991422;0,0083726352604525;0,1816361556064073;0,2275132275132275;0,0454545454545454;0,0939853276976145;0,337383582853898;0,0939853276976145;0,0723860438996465;0,00424562274695;0,9775945945945946;0,0148239654107473;0,501682445336281;0,100406076501458;0,0566337536887422;0,001477104874446;0,006861063464837;0,0075813157251161;0,0208408192597915;0,0204552952820851;0,0117110910921519;0,0143020594965675;0,0211640211640211;0,0227272727272727
UNSW-NB15;FGSM;gaussian;2;15;0,5221922397613525;1,1469080448150637;59,86615167856969;0,7132706602536073;0,7242616982871113;0,7132706602536073;0,70783621900698;0,6057148204061623;0,2025945945945945;0,1235330450895614;0,6371044513729126;0,2467106487080049;0,309317964535942;0,0797636632200886;0,0377358490566037;0,0613842015162631;0,1407653611210923;0,4485318376773342;0,0086905834349001;0,2085240274599542;0,2407407407407407;0,0681818181818181;0,1146091434679104;0,2486172246356131;0,1146091434679104;0,1493549457772554;-0,0214938504200714;0,867054054054054;0,2251610341480631;0,4811544498928689;0,0995429205292544;0,0648381708429242;0,5716395864106352;0,4974271012006861;0,5380288579114698;0,359593963348904;0,3023754536456615;0,0406443749668804;0,1939359267734553;0,082010582010582;0,4090909090909091
UNSW-NB15;RANDOM_LINF;gaussian;2;15;0,5221922397613525;1,607683181762695;62,39858135354418;0,7132706602536073;0,7242616982871113;0,7132706602536073;0,70783621900698;0,6057148204061623;0,2025945945945945;0,1235330450895614;0,6371044513729126;0,2467106487080049;0,309317964535942;0,0797636632200886;0,0377358490566037;0,0613842015162631;0,1407653611210923;0,4485318376773342;0,0086905834349001;0,2085240274599542;0,2407407407407407;0,0681818181818181;0,0892848467181654;0,3256608889559798;0,0892848467181654;0,1021300740315662;0,0033409717181218;0,9495135135135137;0,0322730080296479;0,5067703664968747;0,1004852188601601;0,0653494519948992;0,0251107828655834;0,0188679245283018;0,0234776228906823;0,042400287459576;0,0359617288023754;0,0274495257273064;0,0317505720823798;0,0476190476190476;0,0454545454545454
UNSW-NB15;RANDOM_L2;gaussian;2;15;0,5221922397613525;1,7774198055267334;62,591701889909146;0,7132706602536073;0,7242616982871113;0,7132706602536073;0,70783621900698;0,6057148204061623;0,2025945945945945;0,1235330450895614;0,6371044513729126;0,2467106487080049;0,309317964535942;0,0797636632200886;0,0377358490566037;0,0613842015162631;0,1407653611210923;0,4485318376773342;0,0086905834349001;0,2085240274599542;0,2407407407407407;0,0681818181818181;0,0873536413545158;0,314031222863281;0,0873536413545158;0,0994859001185292;0,0012756955982609;0,9537837837837838;0,0332436248124944;0,5025382714910277;0,1001950569237346;0,0629235627140857;0,0162481536189069;0,0171526586620926;0,0227439471753484;0,0464426877470355;0,0371164632134609;0,0282443961634253;0,0291762013729977;0,037037037037037;0,0454545454545454
UNSW-NB15;FGSM;gaussian;2;20;0,6576924324035645;0,959585189819336;61,44148083369772;0,7017805956371763;0,7123607402327747;0,7017805956371763;0,7018302038004973;0,5899191445307773;0,2367837837837837;0,1456807553163328;0,6440029041229144;0,2493695344279115;0,3253085291272759;0,0797636632200886;0,0325900514579759;0,098801662998288;0,1856809198706432;0,3634114153744638;0,0083196438980446;0,4342105263157895;0,4285714285714285;0,4545454545454545;0,0873657873001992;0,2049787899461836;0,0873657873001992;0,1122103392122001;-0,0032768567954475;0,9632162162162162;0,1110915026912556;0,4885121056674867;0,1033205623458118;0,0666164198895895;0,172821270310192;0,2212692967409948;0,1836634874052335;0,1522637441609773;0,1369185087429891;0,0498648720258597;0,1501716247139588;0,082010582010582;0,3863636363636363
UNSW-NB15;RANDOM_LINF;gaussian;2;20;0,6576924324035645;0,797222375869751;58,47787008696497;0,7017805956371763;0,7123607402327747;0,7017805956371763;0,7018302038004973;0,5899191445307773;0,2367837837837837;0,1456807553163328;0,6440029041229144;0,2493695344279115;0,3253085291272759;0,0797636632200886;0,0325900514579759;0,098801662998288;0,1856809198706432;0,3634114153744638;0,0083196438980446;0,4342105263157895;0,4285714285714285;0,4545454545454545;0,1170018947675265;0,2864359893040636;0,1170018947675265;0,1505735167700939;-0,0046987681953155;0,8555675675675676;0,1161431218565251;0,5112009962990066;0,1002253860156202;0,0704835875924524;0,1152141802067946;0,0943396226415094;0,1200782587429689;0,1417535034135824;0,1364236225668096;0,0912511260664511;0,1310068649885583;0,1322751322751322;0,1363636363636363
UNSW-NB15;RANDOM_L2;gaussian;2;20;0,6576924324035645;0,7786962985992432;58,34912306272167;0,7017805956371763;0,7123607402327747;0,7017805956371763;0,7018302038004973;0,5899191445307773;0,2367837837837837;0,1456807553163328;0,6440029041229144;0,2493695344279115;0,3253085291272759;0,0797636632200886;0,0325900514579759;0,098801662998288;0,1856809198706432;0,3634114153744638;0,0083196438980446;0,4342105263157895;0,4285714285714285;0,4545454545454545;0,1182893650099596;0,2901902396369308;0,1182893650099596;0,1523009343045548;-0,0026283307957931;0,8553243243243244;0,1144666019588811;0,5029838796029916;0,1002905355457875;0,0711303394636415;0,1093057607090103;0,0857632933104631;0,1176326730251895;0,1392382321236076;0,1247113163972286;0,0928938583010969;0,1344393592677345;0,1322751322751322;0,1136363636363636
UNSW-NB15;FGSM;gaussian;4;5;1,1435329914093018;4,067008256912232;60,14429383471796;0,7045498712529757;0,7041769833598178;0,7045498712529757;0,6862285304707039;0,5954267473679284;0,2096216216216216;0,1411365040148239;0,6277001980699357;0,2374530075966083;0,2833955858930617;0,0841949778434268;0,0480274442538593;0,0767913915382734;0,1324110671936759;0,4607390300230947;0,0302050765725186;0,2817505720823798;0,4470899470899471;0,1818181818181818;0,103106932905796;0,1767166192325377;0,103106932905796;0,0993104027020114;-0,0579873419618001;0,9136756756756756;0,1648945557222271;0,4918042256122162;0,102195026401906;0,0668979184705774;0,4150664697193501;0,3619210977701543;0,4734653949620934;0,2677865612648221;0,2032332563510392;0,010174341582322;0,1699084668192219;0,0793650793650793;0,4090909090909091
UNSW-NB15;RANDOM_LINF;gaussian;4;5;1,1435329914093018;4,682267189025879;61,43176407715105;0,7045498712529757;0,7041769833598178;0,7045498712529757;0,6862285304707039;0,5954267473679284;0,2096216216216216;0,1411365040148239;0,6277001980699357;0,2374530075966083;0,2833955858930617;0,0841949778434268;0,0480274442538593;0,0767913915382734;0,1324110671936759;0,4607390300230947;0,0302050765725186;0,2817505720823798;0,4470899470899471;0,1818181818181818;0,0902322304814652;0,0586759251290009;0,0902322304814652;0,0525706702162279;-0,0079383946136547;1,0;0,0;0,4988069577937443;0,0998104658462949;0,0503529190754016;0,0;0,0;0,0;0,0;0,0;0,0;0,0;0,0;0,0
UNSW-NB15;RANDOM_L2;gaussian;4;5;1,1435329914093018;4,6784069538116455;61,38439488898606;0,7045498712529757;0,7041769833598178;0,7045498712529757;0,6862285304707039;0,5954267473679284;0,2096216216216216;0,1411365040148239;0,6277001980699357;0,2374530075966083;0,2833955858930617;0,0841949778434268;0,0480274442538593;0,0767913915382734;0,1324110671936759;0,4607390300230947;0,0302050765725186;0,2817505720823798;0,4470899470899471;0,1818181818181818;0,0907059223631152;0,0594039978991259;0,0907059223631152;0,0527432352137819;-0,0083415878223233;1,0;0,0;0,4998209195624777;0,0997458486398535;0,050856387026924;0,0;0,0;0,0;0,0;0,0;0,0;0,0;0,0;0,0
UNSW-NB15;FGSM;gaussian;4;10;1,055734395980835;2,5373775959014893;58,9673516980032;0,7127605305349074;0,7111339110155015;0,7127605305349074;0,6954700341625188;0,6037567309166051;0,1969459459459459;0,1366363716579899;0,6279108441199982;0,2383549005510602;0,2826529385502059;0,0856720827178729;0,04631217838765;0,0719002201027146;0,1159719726913402;0,5021445067634444;0,0082666525356366;0,3306636155606407;0,4338624338624338;0,0909090909090909;0,1230870135548753;0,3313279887070084;0,1230870135548753;0,1426145892595856;-0,0255325853017362;0,8927837837837838;0,1749757345804288;0,4867221275799947;0,1022452474778463;0,064802247971005;0,4298375184638109;0,3910806174957118;0,4817803864025434;0,2836866690621631;0,2339161992741669;0,0120290392665995;0,1670480549199084;0,0899470899470899;0,5
UNSW-NB15;RANDOM_LINF;gaussian;4;10;1,055734395980835;2,9846737384796143;62,88198999174075;0,7127605305349074;0,7111339110155015;0,7127605305349074;0,6954700341625188;0,6037567309166051;0,1969459459459459;0,1366363716579899;0,6279108441199982;0,2383549005510602;0,2826529385502059;0,0856720827178729;0,04631217838765;0,0719002201027146;0,1159719726913402;0,5021445067634444;0,0082666525356366;0,3306636155606407;0,4338624338624338;0,0909090909090909;0,0839406306174998;0,3776909171377073;0,0839406306174998;0,0653522016296952;0,0115265364863173;0,9994594594594596;0,0003308920850613;0,5040304062173597;0,1014825351478383;0,0581951159374705;0,0;0,0;0,0002445585717779;0,0005389867049946;0,0;0,0003179481744475;0,0005720823798627;0,0;0,0
UNSW-NB15;RANDOM_L2;gaussian;4;10;1,055734395980835;2,673083543777466;62,85648350580576;0,7127605305349074;0,7111339110155015;0,7127605305349074;0,6954700341625188;0,6037567309166051;0,1969459459459459;0,1366363716579899;0,6279108441199982;0,2383549005510602;0,2826529385502059;0,0856720827178729;0,04631217838765;0,0719002201027146;0,1159719726913402;0,5021445067634444;0,0082666525356366;0,3306636155606407;0,4338624338624338;0,0909090909090909;0,0841956954768498;0,392924004646508;0,0841956954768498;0,065270947752757;0,0123564382914373;0,9993783783783784;0,0003308920850613;0,5050948862168676;0,1015160032891704;0,0587603867059162;0,0;0,0;0,0;0,0008084800574919;0,0001649620587264;0,0001589740872237;0,0005720823798627;0,0;0,0
UNSW-NB15;FGSM;gaussian;4;15;1,0529205799102783;1,689892292022705;60,65320895884953;0,6885293688966623;0,6900265422080145;0,6885293688966623;0,6796463455449621;0,5664823472803168;0,2176486486486486;0,1686226065472514;0,6239730350455923;0,2291880587746325;0,2852559872290026;0,0812407680945347;0,0651801029159519;0,0953778429933969;0,2479338842975206;0,3982184097657539;0,0108632292936251;0,4482265446224256;0,5370370370370371;0,2727272727272727;0,0819972793081669;0,1761254670321349;0,0819972793081669;0,0993198467850979;-0,046965934409036;0,9094594594594596;0,1785052501544163;0,4800662414462032;0,0980919926376849;0,050565978025044;0,4815361890694239;0,4391080617495712;0,5231107850330154;0,2903341717570966;0,2156054107555262;0,013141857877166;0,1530320366132723;0,074074074074074;0,4772727272727273
UNSW-NB15;RANDOM_LINF;gaussian;4;15;1,0529205799102783;1,7808740139007568;60,63863382402954;0,6885293688966623;0,6900265422080145;0,6885293688966623;0,6796463455449621;0,5664823472803168;0,2176486486486486;0,1686226065472514;0,6239730350455923;0,2291880587746325;0,2852559872290026;0,0812407680945347;0,0651801029159519;0,0953778429933969;0,2479338842975206;0,3982184097657539;0,0108632292936251;0,4482265446224256;0,5370370370370371;0,2727272727272727;0,0821430306563669;0,321501479550854;0,0821430306563669;0,0704901761363575;-0,0022825302970462;0,987;0,0082943615988705;0,5017279673982735;0,0999816442207424;0,0577107029349043;0,0059084194977843;0,0051457975986277;0,0070921985815602;0,0139238232123607;0,0135268888155724;0,0039213608181866;0,0080091533180778;0,0026455026455026;0,0
UNSW-NB15;RANDOM_L2;gaussian;4;15;1,0529205799102783;1,7834219932556152;60,76616625370451;0,6885293688966623;0,6900265422080145;0,6885293688966623;0,6796463455449621;0,5664823472803168;0,2176486486486486;0,1686226065472514;0,6239730350455923;0,2291880587746325;0,2852559872290026;0,0812407680945347;0,0651801029159519;0,0953778429933969;0,2479338842975206;0,3982184097657539;0,0108632292936251;0,4482265446224256;0,5370370370370371;0,2727272727272727;0,0808677063596171;0,335212171732568;0,0808677063596171;0,0706633435255285;-0,0043036569545961;0,9855945945945946;0,008007588458484;0,5006008361118293;0,0998392817084729;0,0567146265867273;0,0044313146233382;0,006861063464837;0,0073367571533382;0,0116780452748832;0,0112174199934015;0,0047162312543055;0,0088672768878718;0,0211640211640211;0,0
UNSW-NB15;FGSM;gaussian;4;20;1,034358024597168;1,6440324783325195;51,8279648253413;0,640249234805422;0,6982611438609545;0,640249234805422;0,6529887516024474;0,5210562826532283;0,2966756756756756;0,1272169769699108;0,6213384286549042;0,2238433864200062;0,2829901285043305;0,0753323485967503;0,0548885077186964;0,0758131572511616;0,1903521379805964;0,3271197624546354;0,0089025488845318;0,2766018306636155;0,3439153439153439;0,1590909090909091;0,1219695865520089;0,2324592050545566;0,1219695865520089;0,1526331662101459;-0,0318976528000285;0,8704594594594595;0,2115944586605488;0,4833900351454617;0,0985051602631326;0,0669012284750422;0,5480059084194978;0,5265866209262435;0,5035460992907801;0,3343514193316564;0,2688881557241834;0,0448836839595146;0,1673340961098398;0,1005291005291005;0,75
UNSW-NB15;RANDOM_LINF;gaussian;4;20;1,034358024597168;1,7671914100646973;53,85512315988923;0,640249234805422;0,6982611438609545;0,640249234805422;0,6529887516024474;0,5210562826532283;0,2966756756756756;0,1272169769699108;0,6213384286549042;0,2238433864200062;0,2829901285043305;0,0753323485967503;0,0548885077186964;0,0758131572511616;0,1903521379805964;0,3271197624546354;0,0089025488845318;0,2766018306636155;0,3439153439153439;0,1590909090909091;0,1016980032065296;0,3126592385649361;0,1016980032065296;0,1230371720220628;0,0064674460465507;0,920945945945946;0,0589429100855907;0,5090864614306598;0,1007130758656939;0,0692698417041296;0,053175775480059;0,0274442538593482;0,0471998043531425;0,069798778296802;0,0646651270207852;0,0546340946425732;0,0589244851258581;0,0476190476190476;0,0681818181818181
UNSW-NB15;RANDOM_L2;gaussian;4;20;1,034358024597168;1,7674274444580078;54,002089102657536;0,640249234805422;0,6982611438609545;0,640249234805422;0,6529887516024474;0,5210562826532283;0,2966756756756756;0,1272169769699108;0,6213384286549042;0,2238433864200062;0,2829901285043305;0,0753323485967503;0,0548885077186964;0,0758131572511616;0,1903521379805964;0,3271197624546354;0,0089025488845318;0,2766018306636155;0,3439153439153439;0,1590909090909091;0,1002283437788466;0,3029174191789837;0,1002283437788466;0,1205887156498419;0,004020614382531;0,9244594594594596;0,061104738374658;0,5036162279974874;0,1004358695637735;0,0676898061704363;0,0428360413589364;0,04631217838765;0,0464661286378087;0,06899029823931;0,0704387990762124;0,0573896454877854;0,062929061784897;0,0608465608465608;0,0681818181818181
UNSW-NB15;FGSM;gaussian;8;5;2,274433135986328;7,914124250411987;54,880240975562366;0,675411747558665;0,6939862277023238;0,675411747558665;0,6705287233986369;0,5575122959384591;0,2605675675675675;0,1449527927291979;0,6249410204001306;0,2317695828272989;0,2877466535980167;0,0856720827178729;0,0377358490566037;0,0780141843971631;0,2327524254401724;0,4089409435829759;0,0119230565417836;0,2191075514874141;0,2804232804232804;0,1136363636363636;0,1266093378030413;0,1624392973900794;0,1266093378030413;0,0903266893351305;-0,0450221968296984;0,924108108108108;0,1455263390099709;0,4937507677246943;0,0987027421771945;0,050028877351474;0,3648449039881831;0,3087478559176672;0,4167278063096111;0,2348185411426518;0,1803035301880567;0,0075247734619257;0,1633295194508009;0,0767195767195767;0,3863636363636363
UNSW-NB15;RANDOM_LINF;gaussian;8;5;2,274433135986328;9,021026849746704;56,906184715541954;0,675411747558665;0,6939862277023238;0,675411747558665;0,6705287233986369;0,5575122959384591;0,2605675675675675;0,1449527927291979;0,6249410204001306;0,2317695828272989;0,2877466535980167;0,0856720827178729;0,0377358490566037;0,0780141843971631;0,2327524254401724;0,4089409435829759;0,0119230565417836;0,2191075514874141;0,2804232804232804;0,1136363636363636;0,1063499004032453;0,0664413996310597;0,1063499004032453;0,0448888461101978;-0,0023034667289497;1,0;0,0;0,5009840418220609;0,099962564580162;0,044400239515444;0,0;0,0;0,0;0,0;0,0;0,0;0,0;0,0;0,0
UNSW-NB15;RANDOM_L2;gaussian;8;5;2,274433135986328;8,882342338562012;56,90254093183695;0,675411747558665;0,6939862277023238;0,675411747558665;0,6705287233986369;0,5575122959384591;0,2605675675675675;0,1449527927291979;0,6249410204001306;0,2317695828272989;0,2877466535980167;0,0856720827178729;0,0377358490566037;0,0780141843971631;0,2327524254401724;0,4089409435829759;0,0119230565417836;0,2191075514874141;0,2804232804232804;0,1136363636363636;0,1063863382402953;0,0623792117855476;0,1063863382402953;0,0450830623484548;-0,0028228171232119;1,0;0,0;0,5002800564289329;0,0998996703207168;0,0431805182405043;0,0;0,0;0,0;0,0;0,0;0,0;0,0;0,0;0,0
UNSW-NB15;FGSM;gaussian;8;10;2,262946844100952;4,777730464935303;63,087256473789054;0,7205339357722392;0,7205006794782141;0,7205339357722392;0,7117592400620696;0,6122154767449057;0,1883783783783783;0,1366363716579899;0,6392930687730064;0,2514657806174346;0,3150030495722278;0,0664697193500738;0,0548885077186964;0,0714111029591587;0,1579231045634207;0,4374793797426592;0,0075247734619257;0,3306636155606407;0,3042328042328042;0,0454545454545454;0,0896613710343487;0,1971080532394971;0,0896613710343487;0,0920203695853485;-0,1017298146490505;0,9197297297297298;0,1678946439601164;0,4767676823182136;0,0972684557674268;0,0483912310351523;0,4268833087149187;0,3842195540308747;0,4737099535338713;0,2722781171397772;0,2134609039920818;0,0100683588575062;0,1699084668192219;0,0793650793650793;0,5
UNSW-NB15;RANDOM_LINF;gaussian;8;10;2,262946844100952;5,156584978103638;62,82247485789244;0,7205339357722392;0,7205006794782141;0,7205339357722392;0,7117592400620696;0,6122154767449057;0,1883783783783783;0,1366363716579899;0,6392930687730064;0,2514657806174346;0,3150030495722278;0,0664697193500738;0,0548885077186964;0,0714111029591587;0,1579231045634207;0,4374793797426592;0,0075247734619257;0,3306636155606407;0,3042328042328042;0,0454545454545454;0,0923091871933148;0,0709422017890993;0,0923091871933148;0,0581884335210835;-0,0003772218410535;1,0;4,4118944674843376e-05;0,5027298622333118;0,1000532059311777;0,0538126897378201;0,0;0,0;0,0;0,0001796622349982;0,0;0,0;0,0;0,0;0,0
UNSW-NB15;RANDOM_L2;gaussian;8;10;2,262946844100952;5,279385089874268;62,77996404800078;0,7205339357722392;0,7205006794782141;0,7205339357722392;0,7117592400620696;0,6122154767449057;0,1883783783783783;0,1366363716579899;0,6392930687730064;0,2514657806174346;0,3150030495722278;0,0664697193500738;0,0548885077186964;0,0714111029591587;0,1579231045634207;0,4374793797426592;0,0075247734619257;0,3306636155606407;0,3042328042328042;0,0454545454545454;0,0927342952922314;0,0728417642949356;0,0927342952922314;0,0595321363282948;0,000296484781112;1,0;0,0;0,5016403598946624;0,1000787114462434;0,0537400486064924;0,0;0,0;0,0;0,0;0,0;0,0;0,0;0,0;0,0
UNSW-NB15;FGSM;gaussian;8;15;2,24550724029541;3,4135897159576416;62,93907593645242;0,6984404605742603;0,7361830087040443;0,6984404605742603;0,7024348226949474;0,5978404233493482;0,2589189189189189;0,087730521485926;0,6417917110298011;0,249460711735906;0,3157023491223292;0,0635155096011816;0,0102915951972555;0,0445096600635852;0,0912684153790873;0,3352029033322335;0,0075777648243336;0,1384439359267734;0,1719576719576719;0,1363636363636363;0,0690497012097361;0,111032305513395;0,0690497012097361;0,0630347798148132;-0,0634704893525636;0,9589189189189188;0,168027000794141;0,4801588557719493;0,0980834722223382;0,0440067653102997;0,4150664697193501;0,346483704974271;0,4568354120811934;0,2528745957599712;0,1687561860772022;0,0129298924275343;0,3155034324942792;0,1746031746031746;0,3409090909090909
UNSW-NB15;RANDOM_LINF;gaussian;8;15;2,24550724029541;3,3696694374084477;62,3803624350192;0,6984404605742603;0,7361830087040443;0,6984404605742603;0,7024348226949474;0,5978404233493482;0,2589189189189189;0,087730521485926;0,6417917110298011;0,249460711735906;0,3157023491223292;0,0635155096011816;0,0102915951972555;0,0445096600635852;0,0912684153790873;0,3352029033322335;0,0075777648243336;0,1384439359267734;0,1719576719576719;0,1363636363636363;0,0746368362240684;0,3095703501493428;0,0746368362240684;0,0647796543068462;-0,0062662636908208;0,995837837837838;0,0030000882378893;0,5019026747996717;0,0996356329058582;0,0547760974253811;0,001477104874446;0,0;0,0029347028613352;0,0055695292849443;0,0029693170570768;0,0018017063218695;0,0020022883295194;0,0052910052910052;0,0
UNSW-NB15;RANDOM_L2;gaussian;8;15;2,24550724029541;3,317121982574463;62,53947432347082;0,6984404605742603;0,7361830087040443;0,6984404605742603;0,7024348226949474;0,5978404233493482;0,2589189189189189;0,087730521485926;0,6417917110298011;0,249460711735906;0,3157023491223292;0,0635155096011816;0,0102915951972555;0,0445096600635852;0,0912684153790873;0,3352029033322335;0,0075777648243336;0,1384439359267734;0,1719576719576719;0,1363636363636363;0,073045717339552;0,3438339747247601;0,073045717339552;0,0635718073308263;-0,0079201431330376;0,9955675675675676;0,0023162445954292;0,501339855646804;0,0995443219326727;0,0538165308087239;0,0;0,0017152658662092;0,0014673514306676;0,0043118936399568;0,0021445067634444;0,001430766785014;0,0028604118993135;0,0;0,0
UNSW-NB15;FGSM;gaussian;8;20;2,150286674499512;2,7763712406158447;53,84540640334256;0,6490428994801535;0,7211136674307181;0,6490428994801535;0,6656213518915599;0,5365405506174373;0,2630540540540541;0,0957381099444101;0,6279436955398129;0,2275688609248308;0,2953859164466735;0,0664697193500738;0,0240137221269296;0,053313768647591;0,1028566295364714;0,337347410095678;0,0073128080122939;0,1782036613272311;0,2830687830687831;0,1136363636363636;0,1105888354467278;0,2349989697457783;0,1105888354467278;0,1264208003595399;-0,0172647512885425;0,9181621621621622;0,2072266831377393;0,4966339776325272;0,1011230255223491;0,0745384195171779;0,3766617429837518;0,3327615780445969;0,450232330643189;0,3410887531440891;0,2297921478060046;0,0673520216204758;0,1647597254004576;0,1084656084656084;0,5909090909090909
UNSW-NB15;RANDOM_LINF;gaussian;8;20;2,150286674499512;3,239707469940185;54,563231793227416;0,6490428994801535;0,7211136674307181;0,6490428994801535;0,6656213518915599;0,5365405506174373;0,2630540540540541;0,0957381099444101;0,6279436955398129;0,2275688609248308;0,2953859164466735;0,0664697193500738;0,0240137221269296;0,053313768647591;0,1028566295364714;0,337347410095678;0,0073128080122939;0,1782036613272311;0,2830687830687831;0,1136363636363636;0,1034105815478793;0,3266966878065664;0,1034105815478793;0,109270422241437;0,0073572938395924;0,9394594594594594;0,0429939115856348;0,5044328686292329;0,1007726165200275;0,0676192956811937;0,0236336779911373;0,0205831903945111;0,0315480557593543;0,0594681997844053;0,0470141867370504;0,0369879709607334;0,0380434782608695;0,0317460317460317;0,0454545454545454
UNSW-NB15;RANDOM_L2;gaussian;8;20;2,150286674499512;3,099919080734253;54,58630909002574;0,6490428994801535;0,7211136674307181;0,6490428994801535;0,6656213518915599;0,5365405506174373;0,2630540540540541;0,0957381099444101;0,6279436955398129;0,2275688609248308;0,2953859164466735;0,0664697193500738;0,0240137221269296;0,053313768647591;0,1028566295364714;0,337347410095678;0,0073128080122939;0,1782036613272311;0,2830687830687831;0,1136363636363636;0,103179808579896;0,3293021527869377;0,103179808579896;0,1084505310967499;0,0074283871540689;0,940027027027027;0,0414056295773405;0,5060814863372607;0,1007824673614048;0,0677716838975975;0,0265878877400295;0,0171526586620926;0,0344827586206896;0,0549766439094502;0,0468492246783239;0,0339144719410736;0,0426201372997711;0,0502645502645502;0,0909090909090909
UNSW-NB15;FGSM;gaussian;10;5;3,015552043914795;9,902172327041626;59,3159403391148;0,6859422824661128;0,7117273986725601;0,6859422824661128;0,6819321909884086;0,5747363159813731;0,2705675675675675;0,1350039707050207;0,6318508284777742;0,2427012470512676;0,2959207324296522;0,0827178729689808;0,0600343053173241;0,0804597701149425;0,1829859863456701;0,3518640712636093;0,0088495575221238;0,3375286041189931;0,4656084656084656;0,1590909090909091;0,0927828790749647;0,1768110792419612;0,0927828790749647;0,0859293189128569;-0,0792883946710136;0,9127027027027028;0,1584531897997;0,4769964690449345;0,0968664560285035;0,0382923350646974;0,3781388478581979;0,3224699828473413;0,4470530692100758;0,25;0,2172550313427911;0,0095914365958348;0,1670480549199084;0,0767195767195767;0,3863636363636363
UNSW-NB15;RANDOM_LINF;gaussian;10;5;3,015552043914795;10,891600370407104;58,96978088713987;0,6859422824661128;0,7117273986725601;0,6859422824661128;0,6819321909884086;0,5747363159813731;0,2705675675675675;0,1350039707050207;0,6318508284777742;0,2427012470512676;0,2959207324296522;0,0827178729689808;0,0600343053173241;0,0804597701149425;0,1829859863456701;0,3518640712636093;0,0088495575221238;0,3375286041189931;0,4656084656084656;0,1590909090909091;0,096244473594714;0,1133200849145567;0,096244473594714;0,055153640329096;0,0080105543339096;1,0;0,0;0,5010394061900174;0,1007696234884704;0,0471982558644059;0,0;0,0;0,0;0,0;0,0;0,0;0,0;0,0;0,0
UNSW-NB15;RANDOM_L2;gaussian;10;5;3,015552043914795;10,943115711212158;58,96978088713987;0,6859422824661128;0,7117273986725601;0,6859422824661128;0,6819321909884086;0,5747363159813731;0,2705675675675675;0,1350039707050207;0,6318508284777742;0,2427012470512676;0,2959207324296522;0,0827178729689808;0,0600343053173241;0,0804597701149425;0,1829859863456701;0,3518640712636093;0,0088495575221238;0,3375286041189931;0,4656084656084656;0,1590909090909091;0,096244473594714;0,1134311471199986;0,096244473594714;0,05513697148191;0,0084819442924234;1,0;0,0;0,5012776448393815;0,1008199825131584;0,0468852685576143;0,0;0,0;0,0;0,0;0,0;0,0;0,0;0,0;0,0
UNSW-NB15;FGSM;gaussian;10;10;2,77736496925354;5,758364677429199;61,23742894621776;0,7112422873244911;0,7078510391290326;0,7112422873244911;0,7025706022079099;0,5963160938630033;0,1884054054054054;0,1587620224124239;0,634181002803428;0,2430695113710627;0,3069213127791636;0,0841949778434268;0,0531732418524871;0,0980679872829542;0,2147862019403521;0,4467172550313428;0,0112871601928885;0,3504004576659039;0,4365079365079365;0,1363636363636363;0,0988679978623135;0,1749251585273254;0,0988679978623135;0,1057110276540694;-0,0362124540176676;0,8944864864864864;0,1860495896938145;0,4821622261006162;0,0985344519031997;0,0531822456551075;0,4579025110782865;0,4082332761578044;0,491807287845439;0,2784764642472152;0,2796106895414055;0,0103863070319537;0,233695652173913;0,1296296296296296;0,4090909090909091
UNSW-NB15;RANDOM_LINF;gaussian;10;10;2,77736496925354;5,999682426452637;62,0645678472526;0,7112422873244911;0,7078510391290326;0,7112422873244911;0,7025706022079099;0,5963160938630033;0,1884054054054054;0,1587620224124239;0,634181002803428;0,2430695113710627;0,3069213127791636;0,0841949778434268;0,0531732418524871;0,0980679872829542;0,2147862019403521;0,4467172550313428;0,0112871601928885;0,3504004576659039;0,4365079365079365;0,1363636363636363;0,0905966088519652;0,3854885432121164;0,0905966088519652;0,0537408600083411;0,0047091180713639;0,999945945945946;2,2059472337421688e-05;0,5010231276285669;0,1003695211535297;0,0511943611905102;0,0;0,0;0,0002445585717779;0,0;0,0;0,0;0,0;0,0;0,0
UNSW-NB15;RANDOM_L2;gaussian;10;10;2,77736496925354;6,003267049789429;62,08157217120925;0,7112422873244911;0,7078510391290326;0,7112422873244911;0,7025706022079099;0,5963160938630033;0,1884054054054054;0,1587620224124239;0,634181002803428;0,2430695113710627;0,3069213127791636;0,0841949778434268;0,0531732418524871;0,0980679872829542;0,2147862019403521;0,4467172550313428;0,0112871601928885;0,3504004576659039;0,4365079365079365;0,1363636363636363;0,0904265656123985;0,5345723807485513;0,0904265656123985;0,0531865103322765;0,0037321643442341;0,9999729729729728;0,0;0,5018445878872175;0,1002861717307227;0,0517713350916315;0,0;0,0;0,0;0,0;0,0;0,0;0,0;0,0;0,0
UNSW-NB15;FGSM;gaussian;10;15;2,813602924346924;4,680777311325073;61,24714570276441;0,711460914346791;0,7512647146758148;0,711460914346791;0,7135287404069744;0,6158455488809298;0,2489459459459459;0,0785317215212212;0,6465193756465392;0,2574177408571031;0,3212144530736872;0,0753323485967503;0,0188679245283018;0,0459770114942528;0,1057312252964426;0,2584955460244144;0,0067299030258067;0,1035469107551487;0,1851851851851851;0,1590909090909091;0,0989894573191468;0,2729139649068219;0,0989894573191468;0,1257279752012391;-0,026131840812717;0,8935135135135135;0,1727697873466866;0,4828321086346202;0,099615704835476;0,0564389811187649;0,379615952732644;0,3430531732418524;0,4411836634874052;0,2760510240747394;0,2608050148465853;0,0099093847702824;0,1885011441647597;0,1137566137566137;0,6363636363636364
UNSW-NB15;RANDOM_LINF;gaussian;10;15;2,813602924346924;4,269693851470947;63,78443375601224;0,711460914346791;0,7512647146758148;0,711460914346791;0,7135287404069744;0,6158455488809298;0,2489459459459459;0,0785317215212212;0,6465193756465392;0,2574177408571031;0,3212144530736872;0,0753323485967503;0,0188679245283018;0,0459770114942528;0,1057312252964426;0,2584955460244144;0,0067299030258067;0,1035469107551487;0,1851851851851851;0,1590909090909091;0,0736165767866686;0,3627037704008522;0,0736165767866686;0,0616383340679341;-0,0079441483575004;0,9959189189189188;0,0017868172593311;0,4978903221422429;0,0995183408578411;0,0527939511987849;0,0;0,0;0,0017119100024455;0,0030542579949694;0,0019795447047179;0,0009008531609347;0,0028604118993135;0,0026455026455026;0,0
UNSW-NB15;RANDOM_L2;gaussian;10;15;2,813602924346924;4,5518879890441895;63,952047806442216;0,711460914346791;0,7512647146758148;0,711460914346791;0,7135287404069744;0,6158455488809298;0,2489459459459459;0,0785317215212212;0,6465193756465392;0,2574177408571031;0,3212144530736872;0,0753323485967503;0,0188679245283018;0,0459770114942528;0,1057312252964426;0,2584955460244144;0,0067299030258067;0,1035469107551487;0,1851851851851851;0,1590909090909091;0,0719404362823689;0,3264085907219884;0,0719404362823689;0,0601563765242374;-0,0100328030127043;0,9964594594594596;0,0021618282890673;0,4961080110126785;0,0993572755442382;0,051482259982549;0,0;0,0;0,0012227928588897;0,0050305425799496;0,0024744308808973;0,0007418790737109;0,0020022883295194;0,0026455026455026;0,0
UNSW-NB15;FGSM;gaussian;10;20;2,820773839950561;3,884225845336914;62,758101345770775;0,6974566389739105;0,7382390500353737;0,6974566389739105;0,7070564049514121;0,6000535029289622;0,2868648648648648;0,0863628342010059;0,6492865895635572;0,2545958368896736;0,3244963287457447;0,0206794682422452;0,0325900514579759;0,0418195157740278;0,0914480776140855;0,2845595513032002;0,0045042658046738;0,2196796338672768;0,2962962962962963;0,0681818181818181;0,0698756255162026;0,1698970065942854;0,0698756255162026;0,0881701629828659;-0,0404163269846288;0,9336756756756756;0,1854319244683667;0,4741249422501026;0,0995031175170394;0,049733259304215;0,5302806499261448;0,4802744425385934;0,487405233553436;0,3180021559468199;0,2019135598812273;0,0202956918022362;0,1639016018306636;0,082010582010582;0,5227272727272727
UNSW-NB15;RANDOM_LINF;gaussian;10;20;2,820773839950561;3,615698099136353;59,943885730943016;0,6974566389739105;0,7382390500353737;0,6974566389739105;0,7070564049514121;0,6000535029289622;0,2868648648648648;0,0863628342010059;0,6492865895635572;0,2545958368896736;0,3244963287457447;0,0206794682422452;0,0325900514579759;0,0418195157740278;0,0914480776140855;0,2845595513032002;0,0045042658046738;0,2196796338672768;0,2962962962962963;0,0681818181818181;0,0980177816644804;0,3469203735100405;0,0980177816644804;0,1062705533760317;0,0076121617806563;0,9526756756756756;0,0271331509750286;0,5026560047916402;0,1007688774303058;0,0664896556591905;0,0147710487444608;0,0120068610634648;0,0212765957446808;0,0459037010420409;0,034477070273837;0,0161093741720099;0,0280320366132723;0,0079365079365079;0,0227272727272727
UNSW-NB15;RANDOM_L2;gaussian;10;20;2,820773839950561;3,485626220703125;60,01797599961133;0,6974566389739105;0,7382390500353737;0,6974566389739105;0,7070564049514121;0,6000535029289622;0,2868648648648648;0,0863628342010059;0,6492865895635572;0,2545958368896736;0,3244963287457447;0,0206794682422452;0,0325900514579759;0,0418195157740278;0,0914480776140855;0,2845595513032002;0,0045042658046738;0,2196796338672768;0,2962962962962963;0,0681818181818181;0,0972768789777972;0,3426209346579054;0,0972768789777972;0,1045272628194097;0,0074897834726212;0,9548648648648648;0,0271993293920409;0,5031425820570403;0,1007384119245836;0,0658212483292982;0,0059084194977843;0,0085763293310463;0,0229885057471264;0,04599353215954;0,0321676014516661;0,0156324519103386;0,0328947368421052;0,0317460317460317;0,0227272727272727
UNSW-NB15;FGSM;gaussian;16;5;34,44582789996639;4,018982600187883;56,20050527134042;0,6859058446290628;0,6996906286662556;0,6859058446290628;0,6781360806648086;0,5649266951236925;0,231;0,173365393099797;0,6262275771486179;0,2347793721581231;0,2902844812661508;0,0797636632200886;0,0668953687821612;0,107361213010516;0,222601509162774;0,4199934015176509;0,0463144507445286;0,3532608695652174;0,4947089947089947;0,1590909090909091;0,1239007919156585;0,1514042278333714;0,1239007919156585;0,1140400788468176;-0,0410854500099446;0,8960270270270271;0,2619562340068825;0,4857857754150008;0,1017107751409516;0,0553429324808372;0,9335302806499262;0,8987993138936535;0,74345805820494;0,386902623068631;0,4354998350379412;0,0060410153145037;0,1681922196796338;0,074074074074074;0,0454545454545454
UNSW-NB15;RANDOM_LINF;gaussian;16;5;34,44582789996639;4,492508699651808;58,16936306660836;0,6859058446290628;0,6996906286662556;0,6859058446290628;0,6781360806648086;0,5649266951236925;0,231;0,173365393099797;0,6262275771486179;0,2347793721581231;0,2902844812661508;0,0797636632200886;0,0668953687821612;0,107361213010516;0,222601509162774;0,4199934015176509;0,0463144507445286;0,3532608695652174;0,4947089947089947;0,1590909090909091;0,1042122139629791;0,1138553880086613;0,1042122139629791;0,0452045066204763;-0,0049784410252136;1,0;0,0;0,4966315837270821;0,099871118713113;0,0401991586957998;0,0;0,0;0,0;0,0;0,0;0,0;0,0;0,0;0,0
UNSW-NB15;RANDOM_L2;gaussian;16;5;34,44582789996639;4,4669945002533495;58,214303065636685;0,6859058446290628;0,6996906286662556;0,6859058446290628;0,6781360806648086;0,5649266951236925;0,231;0,173365393099797;0,6262275771486179;0,2347793721581231;0,2902844812661508;0,0797636632200886;0,0668953687821612;0,107361213010516;0,222601509162774;0,4199934015176509;0,0463144507445286;0,3532608695652174;0,4947089947089947;0,1590909090909091;0,1037628139726959;0,1143242789622997;0,1037628139726959;0,0450343626300621;-0,0052975736090274;1,0;0,0;0,4966593991995737;0,0998438481468668;0,0406813823735115;0,0;0,0;0,0;0,0;0,0;0,0;0,0;0,0;0,0
UNSW-NB15;FGSM;gaussian;16;10;33,15125310001895;2,2345427004620437;59,32444250109313;0,6970315308749939;0,7308430822202245;0,6970315308749939;0,6986097297170485;0,5923913336049896;0,254;0,1073193329215565;0,6405107789383262;0,2510050508769696;0,318039822221058;0,0738552437223042;0,0240137221269296;0,0594277329420396;0,1246855910887531;0,3896403827119762;0,0102803243071379;0,1367276887871853;0,335978835978836;0,2045454545454545;0,1037871058640625;0,176825682245348;0,1037871058640625;0,1213063746041367;-0,0605719024751279;0,8920810810810811;0,2590223241860054;0,4811422030601136;0,1017712810154178;0,0631443188756606;0,9497784342688332;0,8987993138936535;0,735387625336268;0,3797161336687028;0,4330254041570439;0,0058820412272799;0,165903890160183;0,0529100529100529;0,1136363636363636
UNSW-NB15;RANDOM_LINF;gaussian;16;10;33,15125310001895;2,470039799809456;61,55929650682602;0,6970315308749939;0,7308430822202245;0,6970315308749939;0,6986097297170485;0,5923913336049896;0,254;0,1073193329215565;0,6405107789383262;0,2510050508769696;0,318039822221058;0,0738552437223042;0,0240137221269296;0,0594277329420396;0,1246855910887531;0,3896403827119762;0,0102803243071379;0,1367276887871853;0,335978835978836;0,2045454545454545;0,0814385658067337;0,0602924681845088;0,0814385658067337;0,0515085004617534;-0,0035928467819117;1,0;0,0;0,5008703628122606;0,0999453899624314;0,0517242606225558;0,0;0,0;0,0;0,0;0,0;0,0;0,0;0,0;0,0
UNSW-NB15;RANDOM_L2;gaussian;16;10;33,15125310001895;2,4648420999292284;61,61395326240101;0,6970315308749939;0,7308430822202245;0,6970315308749939;0,6986097297170485;0,5923913336049896;0,254;0,1073193329215565;0,6405107789383262;0,2510050508769696;0,318039822221058;0,0738552437223042;0,0240137221269296;0,0594277329420396;0,1246855910887531;0,3896403827119762;0,0102803243071379;0,1367276887871853;0,335978835978836;0,2045454545454545;0,0808919982509838;0,0622582906158627;0,0808919982509838;0,0521574906310612;-0,0054734108529301;1,0;0,0;0,5002304250247617;0,0997538280056003;0,0515408148017545;0,0;0,0;0,0;0,0;0,0;0,0;0,0;0,0;0,0
UNSW-NB15;FGSM;gaussian;16;15;32,59460490010679;2,13539159973152;57,319146868775206;0,6631200505271341;0,752198540410376;0,6631200505271341;0,68429400409431;0,562687417951459;0,2828648648648648;0,0646563134209829;0,6436645034708458;0,2459639562744639;0,3195233474264737;0,0192023633677991;0,0154373927958833;0,0291024700415749;0,0578512396694214;0,2301220719234576;0,002914524932436;0,1721967963386727;0,238095238095238;0,0909090909090909;0,089928581839382;0,1651828305929489;0,089928581839382;0,1124383467253511;-0,0615520391417331;0,8716486486486487;0,2913394511603282;0,4706695492295796;0,0985990011431071;0,0512051939793462;0,9512555391432792;0,9073756432247;0,780630961115187;0,4627200862378728;0,4643681953150775;0,0095914365958348;0,1844965675057208;0,1137566137566137;0,1590909090909091
UNSW-NB15;RANDOM_LINF;gaussian;16;15;32,59460490010679;2,429146400419995;57,71753388718845;0,6631200505271341;0,752198540410376;0,6631200505271341;0,68429400409431;0,562687417951459;0,2828648648648648;0,0646563134209829;0,6436645034708458;0,2459639562744639;0,3195233474264737;0,0192023633677991;0,0154373927958833;0,0291024700415749;0,0578512396694214;0,2301220719234576;0,002914524932436;0,1721967963386727;0,238095238095238;0,0909090909090909;0,0859447116552494;0,3901829399412855;0,0859447116552494;0,0664442018210596;-0,0038092233683117;0,9968108108108108;0,0010588546721962;0,5012338325814734;0,0998481205513437;0,0575174341570416;0,0029542097488921;0,0;0,0007336757153338;0,0022457779374775;0,0009897723523589;0,0005299136240792;0,0005720823798627;0,0;0,0
UNSW-NB15;RANDOM_L2;gaussian;16;15;32,59460490010679;2,3624985003843904;58,034543069523394;0,6631200505271341;0,752198540410376;0,6631200505271341;0,68429400409431;0,562687417951459;0,2828648648648648;0,0646563134209829;0,6436645034708458;0,2459639562744639;0,3195233474264737;0,0192023633677991;0,0154373927958833;0,0291024700415749;0,0578512396694214;0,2301220719234576;0,002914524932436;0,1721967963386727;0,238095238095238;0,0909090909090909;0,0827746198319001;0,3265245713668987;0,0827746198319001;0,0628651789732507;-0,0074952252226712;0,9972972972972972;0,0016103414806317;0,4998433992500849;0,099619751167197;0,0558381977185249;0,001477104874446;0,0017152658662092;0,0009782342871117;0,0036830758174631;0,0018145826459914;0,0004769222616713;0,0014302059496567;0,0;0,0227272727272727
UNSW-NB15;FGSM;gaussian;16;20;32,611746800132096;1,912769899936393;57,780692804741776;0,6972015741145605;0,7486555760966278;0,6972015741145605;0,7054417492319562;0,5999600527861653;0,2876216216216216;0,0850833848054354;0,64853969576086;0,2592985214690037;0,3285831561228919;0,0679468242245199;0,0240137221269296;0,0501345072144778;0,0928853754940711;0,3066644671725503;0,0089025488845318;0,1292906178489702;0,1957671957671957;0,1136363636363636;0,1193946460671427;0,2571791388332766;0,1193946460671427;0,1434805377850686;-0,0069234691484207;0,8796216216216216;0,1690858554663372;0,484277552713319;0,1067832799753843;0,0667273746877823;0,361890694239291;0,3310463121783876;0,2993396918561996;0,2352676967301473;0,3134279115803365;0,0545811032801653;0,1218535469107551;0,0608465608465608;0,1136363636363636
UNSW-NB15;RANDOM_LINF;gaussian;16;20;32,611746800132096;2,142232800135389;60,615556527231206;0,6972015741145605;0,7486555760966278;0,6972015741145605;0,7054417492319562;0,5999600527861653;0,2876216216216216;0,0850833848054354;0,64853969576086;0,2592985214690037;0,3285831561228919;0,0679468242245199;0,0240137221269296;0,0501345072144778;0,0928853754940711;0,3066644671725503;0,0089025488845318;0,1292906178489702;0,1957671957671957;0,1136363636363636;0,0910460088422484;0,3748274713530031;0,0910460088422484;0,0900049506885555;0,011399821775906;0,9661351351351352;0,0174049236742257;0,5019529609162612;0,1011459634157387;0,0586054027803842;0,0088626292466765;0,0051457975986277;0,0124724871606749;0,0283866331297161;0,0202903332233586;0,0114461342801123;0,0197368421052631;0,0105820105820105;0,0227272727272727
UNSW-NB15;RANDOM_L2;gaussian;16;20;32,611746800132096;2,1595751005224884;60,54511004226789;0,6972015741145605;0,7486555760966278;0,6972015741145605;0,7054417492319562;0,5999600527861653;0,2876216216216216;0,0850833848054354;0,64853969576086;0,2592985214690037;0,3285831561228919;0,0679468242245199;0,0240137221269296;0,0501345072144778;0,0928853754940711;0,3066644671725503;0,0089025488845318;0,1292906178489702;0,1957671957671957;0,1136363636363636;0,0917504736918816;0,376973679846545;0,0917504736918816;0,0900790954399441;0,0123058730614692;0,9663243243243244;0,0168313773934527;0,503075216465449;0,1012079332869974;0,0600633117873798;0,0059084194977843;0,0051457975986277;0,0151626314502323;0,028296802012217;0,0209501814582645;0,0099623761326903;0,0163043478260869;0,0158730158730158;0,0227272727272727
UNSW-NB15;FGSM;gaussian;32;5;153,42720459983684;9,899609199957922;58,29446630714668;0,688152844580479;0,7280479345948104;0,688152844580479;0,6908257457272775;0,5840614470366883;0,2529459459459459;0,0908409070855025;0,633769566376525;0,2404078975859135;0,3017828815678998;0,0605612998522895;0,0257289879931389;0,0584494986549278;0,1067193675889328;0,3033652259980204;0,0081606698108208;0,1581807780320366;0,2275132275132275;0,0681818181818181;0,1052081815090122;0,1270465436579012;0,1052081815090122;0,0892684141250929;-0,1164337802178054;0,8911891891891892;0,2621106503132445;0,4737810318344213;0,0957107029922802;0,0333104180186636;0,9364844903988184;0,902229845626072;0,7459036439227195;0,3828602227811714;0,4430880897393599;0,0062529807641354;0,1656178489702517;0,0661375661375661;0,0454545454545454
UNSW-NB15;RANDOM_LINF;gaussian;32;5;153,42720459983684;11,724599899956957;57,67502307729679;0,688152844580479;0,7280479345948104;0,688152844580479;0,6908257457272775;0,5840614470366883;0,2529459459459459;0,0908409070855025;0,633769566376525;0,2404078975859135;0,3017828815678998;0,0605612998522895;0,0257289879931389;0,0584494986549278;0,1067193675889328;0,3033652259980204;0,0081606698108208;0,1581807780320366;0,2275132275132275;0,0681818181818181;0,111402613807511;0,0656729133319069;0,111402613807511;0,0356781369422762;-0,0025525418116147;1,0;0,0;0,4996564828558266;0,0998762664430123;0,0323652377518585;0,0;0,0;0,0;0,0;0,0;0,0;0,0;0,0;0,0
UNSW-NB15;RANDOM_L2;gaussian;32;5;153,42720459983684;11,295187899610028;57,58392848467181;0,688152844580479;0,7280479345948104;0,688152844580479;0,6908257457272775;0,5840614470366883;0,2529459459459459;0,0908409070855025;0,633769566376525;0,2404078975859135;0,3017828815678998;0,0605612998522895;0,0257289879931389;0,0584494986549278;0,1067193675889328;0,3033652259980204;0,0081606698108208;0,1581807780320366;0,2275132275132275;0,0681818181818181;0,1123135597337608;0,07552068475614;0,1123135597337608;0,0360214808954744;-0,0014970696109892;1,0;0,0;0,4996380934171661;0,0999370389500567;0,0323969609711948;0,0;0,0;0,0;0,0;0,0;0,0;0,0;0,0;0,0
UNSW-NB15;FGSM;gaussian;32;10;148,41283809999004;5,532798999454826;58,1414273915367;0,6970558227663606;0,7428714016044284;0,6970558227663606;0,7038830874990369;0,5923372838772135;0,2446756756756756;0,1043854231006794;0,6433580375369113;0,2526218169895527;0,3236029988788603;0,069423929098966;0,0343053173241852;0,0376620200538028;0,0921667265540783;0,3526888815572418;0,025541836680621;0,216533180778032;0,2804232804232804;0,0454545454545454;0,1156415488509935;0,1344426294690467;0,1156415488509935;0,0951395271788041;-0,1049545198490954;0,8856756756756756;0,2748169063795994;0,4761921866276186;0,0959755592464088;0,0363814091502601;0,9438700147710488;0,902229845626072;0,7662020053802886;0,4184333453108156;0,4526558891454965;0,0078957129987812;0,1656178489702517;0,0687830687830687;0,0909090909090909
UNSW-NB15;RANDOM_LINF;gaussian;32;10;148,41283809999004;6,811173500493169;58,53252684253996;0,6970558227663606;0,7428714016044284;0,6970558227663606;0,7038830874990369;0,5923372838772135;0,2446756756756756;0,1043854231006794;0,6433580375369113;0,2526218169895527;0,3236029988788603;0,069423929098966;0,0343053173241852;0,0376620200538028;0,0921667265540783;0,3526888815572418;0,025541836680621;0,216533180778032;0,2804232804232804;0,0454545454545454;0,1117305543409609;0,0835313491474532;0,1117305543409609;0,0481702425635808;0,0084469345125705;1,0;0,0;0,5028819033448533;0,1005790010594293;0,047461147999873;0,0;0,0;0,0;0,0;0,0;0,0;0,0;0,0;0,0
UNSW-NB15;RANDOM_L2;gaussian;32;10;148,41283809999004;6,796488499967381;58,56775008502162;0,6970558227663606;0,7428714016044284;0,6970558227663606;0,7038830874990369;0,5923372838772135;0,2446756756756756;0,1043854231006794;0,6433580375369113;0,2526218169895527;0,3236029988788603;0,069423929098966;0,0343053173241852;0,0376620200538028;0,0921667265540783;0,3526888815572418;0,025541836680621;0,216533180778032;0,2804232804232804;0,0454545454545454;0,1113783219161443;0,0746327500685726;0,1113783219161443;0,0476913175548479;0,0078226317640821;1,0;0,0;0,5032207945035656;0,1005633244481923;0,0484046258197719;0,0;0,0;0,0;0,0;0,0;0,0;0,0;0,0;0,0
UNSW-NB15;FGSM;gaussian;32;15;165,51609060005285;4,993249400053173;62,87956080260408;0,7127848224262741;0,7549701623008919;0,7127848224262741;0,722343304605572;0,6148056490715538;0,2301351351351351;0,0841348274949263;0,6518764221544704;0,263685760372051;0,3380011497237307;0,0753323485967503;0,0240137221269296;0,0313034971875764;0,0587495508444125;0,3914549653579676;0,0036564040061469;0,1321510297482837;0,1613756613756613;0,0454545454545454;0,0839892144002332;0,1407303547632596;0,0839892144002332;0,0974546081599587;-0,0898265930616938;0,8840270270270271;0,2871481514162181;0,4677309092495972;0,0980773551685703;0,0402603326443944;0,9512555391432792;0,902229845626072;0,7833211054047444;0,4520301832554797;0,4557901682612999;0,0096444279582428;0,1799199084668192;0,0899470899470899;0,0909090909090909
UNSW-NB15;RANDOM_LINF;gaussian;32;15;165,51609060005285;6,15900869993493;63,42005538551231;0,7127848224262741;0,7549701623008919;0,7127848224262741;0,722343304605572;0,6148056490715538;0,2301351351351351;0,0841348274949263;0,6518764221544704;0,263685760372051;0,3380011497237307;0,0753323485967503;0,0240137221269296;0,0313034971875764;0,0587495508444125;0,3914549653579676;0,0036564040061469;0,1321510297482837;0,1613756613756613;0,0454545454545454;0,0785842685711509;0,3681510021509505;0,0785842685711509;0,0468055225595552;0,0022631076005283;0,999891891891892;4,4118944674843376e-05;0,5016166923447736;0,1002326765102025;0,0493498379465555;0,0;0,0;0,0;0,0;0,0001649620587264;5,299136240792751e-05;0,0;0,0;0,0
UNSW-NB15;RANDOM_L2;gaussian;32;15;165,51609060005285;6,1644351000431925;63,20871593062235;0,7127848224262741;0,7549701623008919;0,7127848224262741;0,722343304605572;0,6148056490715538;0,2301351351351351;0,0841348274949263;0,6518764221544704;0,263685760372051;0,3380011497237307;0,0753323485967503;0,0240137221269296;0,0313034971875764;0,0587495508444125;0,3914549653579676;0,0036564040061469;0,1321510297482837;0,1613756613756613;0,0454545454545454;0,0806976631200505;0,5167722251888717;0,0806976631200505;0,0477193171729575;0,0047870464793233;0,9999729729729728;0,0;0,5037068503954023;0,1004307428052946;0,0514561625972045;0,0;0,0;0,0;0,0;0,0;0,0;0,0;0,0;0,0
UNSW-NB15;FGSM;gaussian;32;20;167,69465429987758;5,196255999151617;60,29125977748628;0,7201817033474226;0,7487475869460896;0,7201817033474226;0,7247177452668271;0,6233086092369241;0,2268108108108108;0,0847966116650489;0,6504211048648589;0,2587102000932474;0,3308642993536468;0,0709010339734121;0,0102915951972555;0,0339936414771337;0,0609054976643909;0,3782580006598482;0,0059350325896878;0,1358695652173913;0,2328042328042328;0,1136363636363636;0,1172691055725598;0,2303495031968475;0,1172691055725598;0,144367390362259;-0,038337684416907;0,8676216216216216;0,2807950233830407;0,4837939854885609;0,0995867822883735;0,0685589650959082;0,9246676514032496;0,902229845626072;0,7691367082416238;0,4347826086956521;0,4590894094358297;0,0076307561867415;0,1813501144164759;0,074074074074074;0,0681818181818181
UNSW-NB15;RANDOM_LINF;gaussian;32;20;167,69465429987758;6,479113399749622;62,44473594714084;0,7201817033474226;0,7487475869460896;0,7201817033474226;0,7247177452668271;0,6233086092369241;0,2268108108108108;0,0847966116650489;0,6504211048648589;0,2587102000932474;0,3308642993536468;0,0709010339734121;0,0102915951972555;0,0339936414771337;0,0609054976643909;0,3782580006598482;0,0059350325896878;0,1358695652173913;0,2328042328042328;0,1136363636363636;0,0957343438760141;0,353634647150082;0,0957343438760141;0,0863558308804236;0,008421385096985;0,9834054054054054;0,0093532162710667;0,5032451417420826;0,1007478345101752;0,0641370029572712;0,0029542097488921;0,0017152658662092;0,0066030814380044;0,0184153790873158;0,011052457934675;0,00434529171745;0,0091533180778032;0,0158730158730158;0,0454545454545454
UNSW-NB15;RANDOM_L2;gaussian;32;20;167,69465429987758;6,424901699647307;62,55404945829082;0,7201817033474226;0,7487475869460896;0,7201817033474226;0,7247177452668271;0,6233086092369241;0,2268108108108108;0,0847966116650489;0,6504211048648589;0,2587102000932474;0,3308642993536468;0,0709010339734121;0,0102915951972555;0,0339936414771337;0,0609054976643909;0,3782580006598482;0,0059350325896878;0,1358695652173913;0,2328042328042328;0,1136363636363636;0,0946412087645144;0,3712765153562679;0,0946412087645144;0,086068117390627;0,0071157295012648;0,9835945945945946;0,0078972910967969;0,5027208722181867;0,1007111651932705;0,0634658465968219;0,0029542097488921;0,0;0,0034238200048911;0,0169780812073302;0,0080831408775981;0,0035504212813311;0,0100114416475972;0,0052910052910052;0,0
UNSW-NB15;C&W;gaussian;1;5;1,435087300138548;4,622956899926066;0,0;0,6296093863868241;0,678364819203505;0,6296093863868241;0,6243664655022422;0,5095424928699425;0,3180810810810811;0,1582325950763257;0,6139376082310669;0,2128363412460299;0,2603411915066906;0,017725258493353;0,0291595197255574;0,078503301540719;0,1444484369385555;0,2773012207192346;0,1533040114461343;0,1681922196796338;0,1296296296296296;0,0909090909090909;0,6296093863868241;0,678364819203505;0,6296093863868241;0,6243664655022422;0,5095424928699425;0,3180810810810811;0,1582325950763257;0,6139376082310669;0,2128363412460299;0,2603411915066906;0,017725258493353;0,0291595197255574;0,078503301540719;0,1444484369385555;0,2773012207192346;0,1533040114461343;0,1681922196796338;0,1296296296296296;0,0909090909090909
UNSW-NB15;C&W;gaussian;1;10;1,2958180999848992;2,923931600060314;0,0;0,6266579215857747;0,6764922516208426;0,6266579215857747;0,6229195285085407;0,5041968696262585;0,3185675675675675;0,1648724962498897;0,6140765408786535;0,2120216398725603;0,2620780752703368;0,0295420974889217;0,0411663807890223;0,0704328686720469;0,1453467481135465;0,2634444077862091;0,1752424354830162;0,1524599542334096;0,2089947089947089;0,1818181818181818;0,6266579215857747;0,6764922516208426;0,6266579215857747;0,6229195285085407;0,5041968696262585;0,3185675675675675;0,1648724962498897;0,6140765408786535;0,2120216398725603;0,2620780752703368;0,0295420974889217;0,0411663807890223;0,0704328686720469;0,1453467481135465;0,2634444077862091;0,1752424354830162;0,1524599542334096;0,2089947089947089;0,1818181818181818
UNSW-NB15;C&W;gaussian;1;15;1,3243178999982774;2,0697608997579664;0,0;0,5986979546227469;0,6605375703242056;0,5986979546227469;0,6086786672971136;0,4591063934573023;0,2758648648648649;0,1954028059648813;0,6086369710589425;0,2007642329842315;0,2561876627865985;0,053175775480059;0,0857632933104631;0,0897529958425042;0,1912504491555875;0,394259320356318;0,1643792061893911;0,170766590389016;0,4735449735449735;0,1818181818181818;0,5986979546227469;0,6605375703242056;0,5986979546227469;0,6086786672971136;0,4591063934573023;0,2758648648648649;0,1954028059648813;0,6086369710589425;0,2007642329842315;0,2561876627865985;0,053175775480059;0,0857632933104631;0,0897529958425042;0,1912504491555875;0,394259320356318;0,1643792061893911;0,170766590389016;0,4735449735449735;0,1818181818181818
UNSW-NB15;C&W;gaussian;1;20;1,3149216999299824;1,759508300339803;0,0;0,6072244084924452;0,6610178383704965;0,6072244084924452;0,6134226189778076;0,4680358155393933;0,2601891891891892;0,1983808347304332;0,6102653795274967;0,2029895779470062;0,2574671617866316;0,0753323485967503;0,1286449399656946;0,0829053558327219;0,1381602587136184;0,4142197294622237;0,1750834613957924;0,2791762013729977;0,5105820105820106;0,1363636363636363;0,6072244084924452;0,6610178383704965;0,6072244084924452;0,6134226189778076;0,4680358155393933;0,2601891891891892;0,1983808347304332;0,6102653795274967;0,2029895779470062;0,2574671617866316;0,0753323485967503;0,1286449399656946;0,0829053558327219;0,1381602587136184;0,4142197294622237;0,1750834613957924;0,2791762013729977;0,5105820105820106;0,1363636363636363
UNSW-NB15;C&W;gaussian;2;5;2,718475299887359;6,634728000033647;0,0;0,6639095369965505;0,6660005342473049;0,6639095369965505;0,6366410231690243;0,5184826118464417;0,1456216216216216;0,2963248919085855;0,6076099106696542;0,2119367354278368;0,2635928472342725;0,0812407680945347;0,0548885077186964;0,1034482758620689;0,2556593604024434;0,5379412735070934;0,2753431190715913;0,4056064073226544;0,5105820105820106;0,2045454545454545;0,6639095369965505;0,6660005342473049;0,6639095369965505;0,6366410231690243;0,5184826118464417;0,1456216216216216;0,2963248919085855;0,6076099106696542;0,2119367354278368;0,2635928472342725;0,0812407680945347;0,0548885077186964;0,1034482758620689;0,2556593604024434;0,5379412735070934;0,2753431190715913;0,4056064073226544;0,5105820105820106;0,2045454545454545
UNSW-NB15;C&W;gaussian;2;10;2,557360300095752;4,598493300378323;0,0;0,6319535539037069;0,6569880898963668;0,6319535539037069;0,6183866536048236;0,4769899687017352;0,2058918918918919;0,2944057178152298;0,6039920565364676;0,2061956139456349;0,2601353900189536;0,0812407680945347;0,0514579759862778;0,1340180973343115;0,3151275601868487;0,4312108215110524;0,2853054952042817;0,3049199084668192;0,3333333333333333;0,3409090909090909;0,6319535539037069;0,6569880898963668;0,6319535539037069;0,6183866536048236;0,4769899687017352;0,2058918918918919;0,2944057178152298;0,6039920565364676;0,2061956139456349;0,2601353900189536;0,0812407680945347;0,0514579759862778;0,1340180973343115;0,3151275601868487;0,4312108215110524;0,2853054952042817;0,3049199084668192;0,3333333333333333;0,3409090909090909
UNSW-NB15;C&W;gaussian;2;15;2,592879300005734;3,2834291998296976;0,0;0,6199412136228927;0,6680384393937431;0,6199412136228927;0,616771202814163;0,4793974628948098;0,284027027027027;0,2262860672372716;0,6114484288230557;0,2101663834369163;0,2674151778551212;0,069423929098966;0,0411663807890223;0,0841281486916116;0,1657384117858426;0,3234905971626526;0,274124317736209;0,2182494279176201;0,2433862433862433;0,2045454545454545;0,6199412136228927;0,6680384393937431;0,6199412136228927;0,616771202814163;0,4793974628948098;0,284027027027027;0,2262860672372716;0,6114484288230557;0,2101663834369163;0,2674151778551212;0,069423929098966;0,0411663807890223;0,0841281486916116;0,1657384117858426;0,3234905971626526;0,274124317736209;0,2182494279176201;0,2433862433862433;0,2045454545454545
UNSW-NB15;C&W;gaussian;2;20;2,878782299812883;2,470459599979222;0,0;0,6323057863285235;0,6957074843766536;0,6323057863285235;0,633487978957129;0,5090175012405259;0,3038918918918919;0,1760125297802876;0,6233169656654478;0,2225217686775795;0,278968697461681;0,0812407680945347;0,0274442538593482;0,0501345072144778;0,0755479698167445;0,2410095677994061;0,2702559482804303;0,0763729977116704;0,074074074074074;0,1363636363636363;0,6323057863285235;0,6957074843766536;0,6323057863285235;0,633487978957129;0,5090175012405259;0,3038918918918919;0,1760125297802876;0,6233169656654478;0,2225217686775795;0,278968697461681;0,0812407680945347;0,0274442538593482;0,0501345072144778;0,0755479698167445;0,2410095677994061;0,2702559482804303;0,0763729977116704;0,074074074074074;0,1363636363636363
UNSW-NB15;C&W;gaussian;4;5;5,989952000090852;8,624823200050741;0,0;0,6824806879463635;0,7024634084477083;0,6824806879463635;0,6632469061867012;0,5648047945098977;0,2302162162162162;0,1515044560134121;0,6154174709761719;0,2238911159825046;0,2505554436390461;0,0265878877400295;0,039451114922813;0,0848618244069454;0,1764283147682357;0,4473771032662487;0,0454135975835938;0,2437070938215103;0,2089947089947089;0,3636363636363636;0,6824806879463635;0,7024634084477083;0,6824806879463635;0,6632469061867012;0,5648047945098977;0,2302162162162162;0,1515044560134121;0,6154174709761719;0,2238911159825046;0,2505554436390461;0,0265878877400295;0,039451114922813;0,0848618244069454;0,1764283147682357;0,4473771032662487;0,0454135975835938;0,2437070938215103;0,2089947089947089;0,3636363636363636
UNSW-NB15;C&W;gaussian;4;10;5,287166099995375;5,518487200140953;0,0;0,7033595685760093;0,72591567156178;0,7033595685760093;0,6829408719119792;0,5980124586700318;0,2241621621621621;0,1156357539927644;0,6233171548156812;0,2340295590722198;0,2594606323177897;0,0265878877400295;0,0428816466552315;0,069943751528491;0,1203736974487962;0,4368195315077532;0,0076837475491494;0,1925057208237986;0,2751322751322751;0,0681818181818181;0,7033595685760093;0,72591567156178;0,7033595685760093;0,6829408719119792;0,5980124586700318;0,2241621621621621;0,1156357539927644;0,6233171548156812;0,2340295590722198;0,2594606323177897;0,0265878877400295;0,0428816466552315;0,069943751528491;0,1203736974487962;0,4368195315077532;0,0076837475491494;0,1925057208237986;0,2751322751322751;0,0681818181818181
UNSW-NB15;C&W;gaussian;4;15;5,096856100019068;4,163818900240585;0,0;0,704999271243259;0,7249104248571723;0,704999271243259;0,6836352221067544;0,5970198613623041;0,2195675675675675;0,1301729462631254;0,6237712265597963;0,2347440325015415;0,2613756575679199;0,0561299852289512;0,0566037735849056;0,0694546343849352;0,1250449155587495;0,4584295612009237;0,0082666525356366;0,3052059496567506;0,3941798941798942;0,0681818181818181;0,704999271243259;0,7249104248571723;0,704999271243259;0,6836352221067544;0,5970198613623041;0,2195675675675675;0,1301729462631254;0,6237712265597963;0,2347440325015415;0,2613756575679199;0,0561299852289512;0,0566037735849056;0,0694546343849352;0,1250449155587495;0,4584295612009237;0,0082666525356366;0,3052059496567506;0,3941798941798942;0,0681818181818181
UNSW-NB15;C&W;gaussian;4;20;5,406155500095338;3,441782600013539;0,0;0,7044891415245591;0,7273289070007243;0,7044891415245591;0,6855699328725327;0,5962713774207927;0,2224594594594594;0,1307023735992235;0,6253139634424867;0,2357779859919992;0,2654121269340433;0,0472673559822747;0,0583190394511149;0,0662753729518219;0,14399928135106;0,441438469152095;0,0073657993747019;0,2920480549199085;0,3862433862433862;0,0681818181818181;0,7044891415245591;0,7273289070007243;0,7044891415245591;0,6855699328725327;0,5962713774207927;0,2224594594594594;0,1307023735992235;0,6253139634424867;0,2357779859919992;0,2654121269340433;0,0472673559822747;0,0583190394511149;0,0662753729518219;0,14399928135106;0,441438469152095;0,0073657993747019;0,2920480549199085;0,3862433862433862;0,0681818181818181
UNSW-NB15;C&W;gaussian;8;5;12,687800000188872;14,557396199787036;0,0;0,671743671962299;0,7153654287089898;0,671743671962299;0,658442168136023;0,5495428392429825;0,2351351351351351;0,1717329921468278;0,6187087425539675;0,2262710080772628;0,2698349443899891;0,0192023633677991;0,0651801029159519;0,0731230129616043;0,1752605102407474;0,3891454965357968;0,1171109109215197;0,227974828375286;0,2936507936507936;0,1590909090909091;0,671743671962299;0,7153654287089898;0,671743671962299;0,658442168136023;0,5495428392429825;0,2351351351351351;0,1717329921468278;0,6187087425539675;0,2262710080772628;0,2698349443899891;0,0192023633677991;0,0651801029159519;0,0731230129616043;0,1752605102407474;0,3891454965357968;0,1171109109215197;0,227974828375286;0,2936507936507936;0,1590909090909091
UNSW-NB15;C&W;gaussian;8;10;11,794687600107864;7,438496900023892;0,0;0,7043555361220425;0,7315979628234518;0,7043555361220425;0,6900076099899147;0,5999403982558567;0,2398918918918919;0,1186137827583164;0,6314551878099393;0,2404843388377366;0,2814894034754788;0,0206794682422452;0,0548885077186964;0,049400831499144;0,111390585698886;0,3640712636093698;0,0075777648243336;0,3904462242562929;0,4470899470899471;0,1136363636363636;0,7043555361220425;0,7315979628234518;0,7043555361220425;0,6900076099899147;0,5999403982558567;0,2398918918918919;0,1186137827583164;0,6314551878099393;0,2404843388377366;0,2814894034754788;0,0206794682422452;0,0548885077186964;0,049400831499144;0,111390585698886;0,3640712636093698;0,0075777648243336;0,3904462242562929;0,4470899470899471;0,1136363636363636
UNSW-NB15;C&W;gaussian;8;15;11,399368399986995;5,574509700061753;0,0;0,7003716659379099;0,7436748978785469;0,7003716659379099;0,6904441484298012;0,6026234651262479;0,2679189189189189;0,0932453895702814;0,6345882996225741;0,243169075140943;0,2835054619856439;0,0635155096011816;0,0497427101200686;0,0415749572022499;0,0763564498742364;0,2969317057076872;0,0062529807641354;0,3114988558352403;0,3306878306878307;0,0681818181818181;0,7003716659379099;0,7436748978785469;0,7003716659379099;0,6904441484298012;0,6026234651262479;0,2679189189189189;0,0932453895702814;0,6345882996225741;0,243169075140943;0,2835054619856439;0,0635155096011816;0,0497427101200686;0,0415749572022499;0,0763564498742364;0,2969317057076872;0,0062529807641354;0,3114988558352403;0,3306878306878307;0,0681818181818181
UNSW-NB15;C&W;gaussian;8;20;12,248462799936531;4,460766599979252;0,0;0,709554000874508;0,7448737153157199;0,709554000874508;0,7051464625431282;0,611927569666042;0,2492162162162162;0,0930909732639195;0,641359365487847;0,2549482716769956;0,3060884858308392;0,0635155096011816;0,0445969125214408;0,0386402543409146;0,0803090190441969;0,3093038601121742;0,0057230671400561;0,2731693363844393;0,41005291005291;0,1363636363636363;0,709554000874508;0,7448737153157199;0,709554000874508;0,7051464625431282;0,611927569666042;0,2492162162162162;0,0930909732639195;0,641359365487847;0,2549482716769956;0,3060884858308392;0,0635155096011816;0,0445969125214408;0,0386402543409146;0,0803090190441969;0,3093038601121742;0,0057230671400561;0,2731693363844393;0,41005291005291;0,1363636363636363
UNSW-NB15;C&W;gaussian;10;5;17,25106310006231;14,37144590029493;0,0;0,6869625419035126;0,6985515582822377;0,6869625419035126;0,6668773154774812;0,5710072338745444;0,2286216216216216;0,1474013941586517;0,6170434499764579;0,2248211808466502;0,2533882206830486;0,0782865583456425;0,0583190394511149;0,0980679872829542;0,197897951850521;0,3685252391949851;0,020401674527052;0,3455377574370709;0,4206349206349206;0,1136363636363636;0,6869625419035126;0,6985515582822377;0,6869625419035126;0,6668773154774812;0,5710072338745444;0,2286216216216216;0,1474013941586517;0,6170434499764579;0,2248211808466502;0,2533882206830486;0,0782865583456425;0,0583190394511149;0,0980679872829542;0,197897951850521;0,3685252391949851;0,020401674527052;0,3455377574370709;0,4206349206349206;0,1136363636363636
UNSW-NB15;C&W;gaussian;10;10;16,32777320011519;8,803569399984553;0,0;0,7061288441918088;0,7493864720639176;0,7061288441918088;0,6992644425938942;0,606452756458002;0,2461891891891892;0,1008559075266919;0,6390615034725432;0,2573703423223103;0,3054994695984029;0,0768094534711964;0,039451114922813;0,0689655172413793;0,1362738052461372;0,3314087759815242;0,0062529807641354;0,1455949656750572;0,164021164021164;0,0;0,7061288441918088;0,7493864720639176;0,7061288441918088;0,6992644425938942;0,606452756458002;0,2461891891891892;0,1008559075266919;0,6390615034725432;0,2573703423223103;0,3054994695984029;0,0768094534711964;0,039451114922813;0,0689655172413793;0,1362738052461372;0,3314087759815242;0,0062529807641354;0,1455949656750572;0,164021164021164;0,0
UNSW-NB15;C&W;gaussian;10;15;15,117230199975891;5,728466900065541;0,0;0,7122868386532576;0,7620099854886173;0,7122868386532576;0,7078900292836819;0,621218625805679;0,2600810810810811;0,073083031853878;0,6453522758637449;0,2598956604066541;0,3105142303060629;0,0827178729689808;0,0205831903945111;0,0357055514795793;0,0741106719367589;0,3102936324645332;0,0034974299189232;0,0826659038901601;0,0873015873015873;0,1136363636363636;0,7122868386532576;0,7620099854886173;0,7122868386532576;0,7078900292836819;0,621218625805679;0,2600810810810811;0,073083031853878;0,6453522758637449;0,2598956604066541;0,3105142303060629;0,0827178729689808;0,0205831903945111;0,0357055514795793;0,0741106719367589;0,3102936324645332;0,0034974299189232;0,0826659038901601;0,0873015873015873;0,1136363636363636
UNSW-NB15;C&W;gaussian;10;20;15,099497400224209;5,0835489998571575;0,0;0,7121289413593742;0,7670953195916728;0,7121289413593742;0,7084500099392818;0,6228742736840561;0,2628108108108108;0,0682520074119827;0,6462910496519434;0,2647140457375165;0,3134798403126607;0,0827178729689808;0,0188679245283018;0,0308143800440205;0,0714157384117858;0,2909930715935335;0,0033384558316994;0,0717963386727688;0,0687830687830687;0,0454545454545454;0,7121289413593742;0,7670953195916728;0,7121289413593742;0,7084500099392818;0,6228742736840561;0,2628108108108108;0,0682520074119827;0,6462910496519434;0,2647140457375165;0,3134798403126607;0,0827178729689808;0,0188679245283018;0,0308143800440205;0,0714157384117858;0,2909930715935335;0,0033384558316994;0,0717963386727688;0,0687830687830687;0,0454545454545454
UNSW-NB15;C&W;gaussian;16;5;27,51656479993835;19,969415299827237;0,0;0,6911407472185784;0,7355701950283637;0,6911407472185784;0,6812853739338031;0,5839685740179245;0,2508918918918918;0,1189887937880525;0,6292300813268629;0,240935154651248;0,2840195870733346;0,0605612998522895;0,0325900514579759;0,0714111029591587;0,1639417894358605;0,3352029033322335;0,0096444279582428;0,2554347826086957;0,2804232804232804;0,0909090909090909;0,6911407472185784;0,7355701950283637;0,6911407472185784;0,6812853739338031;0,5839685740179245;0,2508918918918918;0,1189887937880525;0,6292300813268629;0,240935154651248;0,2840195870733346;0,0605612998522895;0,0325900514579759;0,0714111029591587;0,1639417894358605;0,3352029033322335;0,0096444279582428;0,2554347826086957;0,2804232804232804;0,0909090909090909
UNSW-NB15;C&W;gaussian;16;10;25,26124510006048;10,677160099847242;0,0;0,6898411310304621;0,7391268826187181;0,6898411310304621;0,6851454327484019;0,5902993780792362;0,285054054054054;0,0926939027618459;0,6348286764377264;0,2439582956881848;0,2912484493302202;0,0590841949778434;0,0274442538593482;0,0432868672046955;0,1133668702838663;0,3046849224678324;0,0056700757776482;0,1899313501144164;0,2248677248677248;0,0909090909090909;0,6898411310304621;0,7391268826187181;0,6898411310304621;0,6851454327484019;0,5902993780792362;0,285054054054054;0,0926939027618459;0,6348286764377264;0,2439582956881848;0,2912484493302202;0,0590841949778434;0,0274442538593482;0,0432868672046955;0,1133668702838663;0,3046849224678324;0,0056700757776482;0,1899313501144164;0,2248677248677248;0,0909090909090909
UNSW-NB15;C&W;gaussian;16;15;23,221220100065693;8,90761819994077;0,0;0,7028858766943594;0,753810302614402;0,7028858766943594;0,6995143728932729;0,6086036153266184;0,2796486486486486;0,0863628342010059;0,6436281968358075;0,2606232497357932;0,3088713456278487;0,0738552437223042;0,0257289879931389;0,0464661286378087;0,0840819259791591;0,2992411745298581;0,0066239203009909;0,1864988558352402;0,335978835978836;0,1363636363636363;0,7028858766943594;0,753810302614402;0,7028858766943594;0,6995143728932729;0,6086036153266184;0,2796486486486486;0,0863628342010059;0,6436281968358075;0,2606232497357932;0,3088713456278487;0,0738552437223042;0,0257289879931389;0,0464661286378087;0,0840819259791591;0,2992411745298581;0,0066239203009909;0,1864988558352402;0,335978835978836;0,1363636363636363
UNSW-NB15;C&W;gaussian;16;20;23,599288099911064;6,954362000105903;0,0;0,6978574551814605;0,7577794278271117;0,6978574551814605;0,6973131122764654;0,6055488529393487;0,2887027027027027;0,0739433512750375;0,6421043333604526;0,2566725543170159;0,3039727035775468;0,0635155096011816;0,0188679245283018;0,0305698214722426;0,0620733021918792;0,3053447707027383;0,0033914471941073;0,1398741418764302;0,1984126984126984;0,0681818181818181;0,6978574551814605;0,7577794278271117;0,6978574551814605;0,6973131122764654;0,6055488529393487;0,2887027027027027;0,0739433512750375;0,6421043333604526;0,2566725543170159;0,3039727035775468;0,0635155096011816;0,0188679245283018;0,0305698214722426;0,0620733021918792;0,3053447707027383;0,0033914471941073;0,1398741418764302;0,1984126984126984;0,0681818181818181
UNSW-NB15;C&W;gaussian;32;5;57,60778209986165;30,15039370022714;0,0;0,7073798765971918;0,7564304437862428;0,7073798765971918;0,698291280549978;0,6140693687490327;0,2542162162162162;0,0841348274949263;0,64143556882883;0,2596138669375636;0,3118558821384136;0,0679468242245199;0,0257289879931389;0,0481780386402543;0,0876751706791232;0,2951171230616958;0,0081606698108208;0,1470251716247139;0,3042328042328042;0,1818181818181818;0,7073798765971918;0,7564304437862428;0,7073798765971918;0,698291280549978;0,6140693687490327;0,2542162162162162;0,0841348274949263;0,64143556882883;0,2596138669375636;0,3118558821384136;0,0679468242245199;0,0257289879931389;0,0481780386402543;0,0876751706791232;0,2951171230616958;0,0081606698108208;0,1470251716247139;0,3042328042328042;0,1818181818181818
UNSW-NB15;C&W;gaussian;32;10;53,488371199928224;14,847774700028822;0,0;0,7116188116406743;0,7530286719753776;0,7116188116406743;0,7026829727170834;0,6150581823460016;0,2425945945945946;0,0907967881408276;0,6410296434669094;0,2560780397086854;0,3073113797965942;0,0856720827178729;0,0102915951972555;0,0486671557838102;0,08399209486166;0,3121082151105245;0,0049281967039372;0,2448512585812357;0,1957671957671957;0,0681818181818181;0,7116188116406743;0,7530286719753776;0,7116188116406743;0,7026829727170834;0,6150581823460016;0,2425945945945946;0,0907967881408276;0,6410296434669094;0,2560780397086854;0,3073113797965942;0,0856720827178729;0,0102915951972555;0,0486671557838102;0,08399209486166;0,3121082151105245;0,0049281967039372;0,2448512585812357;0,1957671957671957;0,0681818181818181
UNSW-NB15;C&W;gaussian;32;15;45,76302389986813;12,453790899831802;0,0;0,7213841519700724;0,7677210639195182;0,7213841519700724;0,7176004593007599;0,6302186529111361;0,2417837837837838;0,0754433953939821;0,6514766384469104;0,27327813364016;0,3315826462645265;0,0856720827178729;0,0051457975986277;0,0405967229151381;0,0621631333093783;0,3086440118772682;0,0045042658046738;0,1375858123569794;0,164021164021164;0,0454545454545454;0,7213841519700724;0,7677210639195182;0,7213841519700724;0,7176004593007599;0,6302186529111361;0,2417837837837838;0,0754433953939821;0,6514766384469104;0,27327813364016;0,3315826462645265;0,0856720827178729;0,0051457975986277;0,0405967229151381;0,0621631333093783;0,3086440118772682;0,0045042658046738;0,1375858123569794;0,164021164021164;0,0454545454545454
UNSW-NB15;C&W;gaussian;32;20;44,99804370012134;12,228185700019822;0,0;0,7147038818442404;0,7643658866129606;0,7147038818442404;0,7152455897018686;0,6237488300189179;0,2588108108108108;0,072244771905056;0,6537080568142738;0,2755220170982516;0,3368282422969509;0,0856720827178729;0,0171526586620926;0,0342382000489117;0,0620733021918792;0,2931375783569779;0,0043982830798579;0,1318649885583524;0,1375661375661375;0,0681818181818181;0,7147038818442404;0,7643658866129606;0,7147038818442404;0,7152455897018686;0,6237488300189179;0,2588108108108108;0,072244771905056;0,6537080568142738;0,2755220170982516;0,3368282422969509;0,0856720827178729;0,0171526586620926;0,0342382000489117;0,0620733021918792;0,2931375783569779;0,0043982830798579;0,1318649885583524;0,1375661375661375;0,0681818181818181
UNSW-NB15;FGSM;linear;1;5;0,294823408126831;1055,3958928585052;28,580624787445945;0,6987805470533935;0,7326201308038357;0,6987805470533935;0,6450166786156678;0,5714399421824954;0,1503243243243243;0,252250066178417;0,6045041001741825;0,2152561136698398;0,2272429753102442;0,0856720827178729;0,078902229845626;0,1296160430423086;0,2879087315846209;0,697129660178159;0,0193948386413014;0,7505720823798627;0,9788359788359788;0,2272727272727272;0,4129742991789341;0,4453017988491359;0,4129742991789341;0,3186675131758811;0,0546389945970783;0,1624594594594594;0,8139945292508604;0,5096584368980149;0,1060263389561841;0,0990095280007639;0,7813884785819794;0,7564322469982847;0,7510393739300563;0,7724577793747754;0,8160673045199605;0,9090138307455884;0,5389016018306636;0,6402116402116402;0,75
UNSW-NB15;RANDOM_LINF;linear;1;5;0,294823408126831;820,798267364502;26,39556915901472;0,6987805470533935;0,7326201308038357;0,6987805470533935;0,6450166786156678;0,5714399421824954;0,1503243243243243;0,252250066178417;0,6045041001741825;0,2152561136698398;0,2272429753102442;0,0856720827178729;0,078902229845626;0,1296160430423086;0,2879087315846209;0,697129660178159;0,0193948386413014;0,7505720823798627;0,9788359788359788;0,2272727272727272;0,4348248554632464;0,5288911659323053;0,4348248554632464;0,3811614872098629;0,1856097743092198;0,1737027027027027;0,510985617224036;0,5324875728237627;0,1203731300939901;0,1242111278905281;0,2392909896602658;0,2590051457975986;0,3570555147957936;0,6174092705713259;0,6369185087429892;0,4379206189391129;0,6072654462242563;0,6322751322751323;0,7045454545454546
UNSW-NB15;RANDOM_L2;linear;1;5;0,294823408126831;800,9048805236816;26,82189185249963;0,6987805470533935;0,7326201308038357;0,6987805470533935;0,6450166786156678;0,5714399421824954;0,1503243243243243;0,252250066178417;0,6045041001741825;0,2152561136698398;0,2272429753102442;0,0856720827178729;0,078902229845626;0,1296160430423086;0,2879087315846209;0,697129660178159;0,0193948386413014;0,7505720823798627;0,9788359788359788;0,2272727272727272;0,4305616285283972;0,5245511876458502;0,4305616285283972;0,3780810694036368;0,1793951343146649;0,1817297297297297;0,5118018177005206;0,5315134183693321;0,1196897378947366;0,1230645338941531;0,2496307237813884;0,2555746140651801;0,3484959647835656;0,6228889687387711;0,6232266578686902;0,4434847119919453;0,6032608695652174;0,6349206349206349;0,6363636363636364
UNSW-NB15;FGSM;linear;1;10;0,2822704315185547;607,9948296546936;44,489384443472765;0,6986347957051936;0,6534431554232801;0,6986347957051936;0,6451041193718704;0,5710287709157049;0,1501891891891892;0,2524927203741287;0,6044720215244166;0,2152177484730335;0,2274592999988033;0,0856720827178729;0,078902229845626;0,1296160430423086;0,2876392382321236;0,6997690531177829;0,0193948386413014;0,75;0,9788359788359788;0,2272727272727272;0,2537409512704659;0,4257171110101703;0,2537409512704659;0,2154302404871501;0,0307530204272902;0,6822972972972973;0,3696285184858378;0,5132383393232406;0,1040925747342603;0,0830599750142145;0,0709010339734121;0,0377358490566037;0,0738566886769381;0,0965684513115343;0,3683602771362587;0,6763287584123788;0,0740846681922196;0,1111111111111111;0,2727272727272727
UNSW-NB15;RANDOM_LINF;linear;1;10;0,2822704315185547;348,16668462753296;43,82135743088957;0,6986347957051936;0,6534431554232801;0,6986347957051936;0,6451041193718704;0,5710287709157049;0,1501891891891892;0,2524927203741287;0,6044720215244166;0,2152177484730335;0,2274592999988033;0,0856720827178729;0,078902229845626;0,1296160430423086;0,2876392382321236;0,6997690531177829;0,0193948386413014;0,75;0,9788359788359788;0,2272727272727272;0,2604212213962979;0,490991263213316;0,2604212213962979;0,2603134949123455;0,0782872841427357;0,6574324324324324;0,263654813376864;0,5209014533976577;0,1108575436562264;0,096403041320848;0,0295420974889217;0,04631217838765;0,1046710687209586;0,2432626661875673;0,2773012207192346;0,3163584335753272;0,2820366132723112;0,3201058201058201;0,25
UNSW-NB15;RANDOM_L2;linear;1;10;0,2822704315185547;345,0014111995697;44,06792012826119;0,6986347957051936;0,6534431554232801;0,6986347957051936;0,6451041193718704;0,5710287709157049;0,1501891891891892;0,2524927203741287;0,6044720215244166;0,2152177484730335;0,2274592999988033;0,0856720827178729;0,078902229845626;0,1296160430423086;0,2876392382321236;0,6997690531177829;0,0193948386413014;0,75;0,9788359788359788;0,2272727272727272;0,2579555944225817;0,4818593172130679;0,2579555944225817;0,2580859947060821;0,0725484265332198;0,655918918918919;0,2721918291714462;0,5191724211745308;0,1101492104290738;0,0946136765347992;0,0384047267355982;0,0360205831903945;0,1061384201516263;0,2548508803449515;0,2834048168921148;0,3279105505802554;0,2783180778032036;0,3465608465608465;0,25
UNSW-NB15;FGSM;linear;1;15;0,2732846736907959;378,9149613380432;41,89258125637662;0,6987076713792936;0,7176188012206064;0,6987076713792936;0,6453418462636663;0,5711821964778101;0,1503243243243243;0,2523603635401041;0,6045641895422188;0,2152856603587012;0,2277950301742894;0,0856720827178729;0,078902229845626;0,1296160430423086;0,2876392382321236;0,698779280765424;0,0193948386413014;0,75;0,9788359788359788;0,2272727272727272;0,2797818588155273;0,2790177270533754;0,2797818588155273;0,2449673691510855;0,0405243496858138;0,6102972972972973;0,4081222977146386;0,5139579367418401;0,1047005205764924;0,089905565664907;0,0930576070901034;0,0497427101200686;0,0995353387136219;0,1745418613007545;0,4660178159023425;0,6600074187907371;0,1933638443935926;0,246031746031746;0,2272727272727272
UNSW-NB15;RANDOM_LINF;linear;1;15;0,2732846736907959;266,49846720695496;41,682456396055;0,6987076713792936;0,7176188012206064;0,6987076713792936;0,6453418462636663;0,5711821964778101;0,1503243243243243;0,2523603635401041;0,6045641895422188;0,2152856603587012;0,2277950301742894;0,0856720827178729;0,078902229845626;0,1296160430423086;0,2876392382321236;0,698779280765424;0,0193948386413014;0,75;0,9788359788359788;0,2272727272727272;0,2818831074187436;0,3953042081562799;0,2818831074187436;0,2856064348617005;0,0733175986505315;0,5688108108108109;0,3132665666637254;0,5162109551906843;0,1073998834768134;0,1005080058709108;0,0487444608567208;0,0634648370497427;0,1513817559305453;0,3489040603665109;0,3525239194985153;0,3208097080175931;0,3649885583524027;0,3809523809523809;0,3863636363636363
UNSW-NB15;RANDOM_L2;linear;1;15;0,2732846736907959;263,8384041786194;41,78448233979498;0,6987076713792936;0,7176188012206064;0,6987076713792936;0,6453418462636663;0,5711821964778101;0,1503243243243243;0,2523603635401041;0,6045641895422188;0,2152856603587012;0,2277950301742894;0,0856720827178729;0,078902229845626;0,1296160430423086;0,2876392382321236;0,698779280765424;0,0193948386413014;0,75;0,9788359788359788;0,2272727272727272;0,2808628479813438;0,3852364576652626;0,2808628479813438;0,2845999628110738;0,0703902200871363;0,5694324324324325;0,3176564016588723;0,515515640216652;0,1069461767391937;0,0999718008784047;0,0457902511078286;0,0480274442538593;0,1457569087796527;0,3558210564139418;0,3606070603761135;0,3276455937682158;0,3575514874141876;0,3941798941798942;0,3636363636363636
UNSW-NB15;FGSM;linear;1;20;0,2689485549926758;203,07438039779663;29,317883690424136;0,6985983578681436;0,6968050796879841;0,6985983578681436;0,6443664701092106;0,5705709296440494;0,1507567567567567;0,2516544604253066;0,6045633083763596;0,2142424654837857;0,2275817069672959;0,0856720827178729;0,078902229845626;0,127904133039863;0,2871900826446281;0,6963048498845266;0,0193418472788935;0,7488558352402745;0,9788359788359788;0,2272727272727272;0,4054195209639022;0,4693059752867768;0,4054195209639022;0,3144974282356383;0,0764946168631238;0,1712432432432432;0,7027927291979176;0,5112636979147492;0,1059525409220834;0,0925831335795667;0,7740029542097489;0,7478559176672385;0,7388114453411592;0,75700682716493;0,754041570438799;0,6872449790684119;0,488558352402746;0,4814814814814814;0,4772727272727273
UNSW-NB15;RANDOM_LINF;linear;1;20;0,2689485549926758;117,4589343070984;26,674925909731336;0,6985983578681436;0,6968050796879841;0,6985983578681436;0,6443664701092106;0,5705709296440494;0,1507567567567567;0,2516544604253066;0,6045633083763596;0,2142424654837857;0,2275817069672959;0,0856720827178729;0,078902229845626;0,127904133039863;0,2871900826446281;0,6963048498845266;0,0193418472788935;0,7488558352402745;0,9788359788359788;0,2272727272727272;0,4318490987708303;0,5184788018878472;0,4318490987708303;0,372383804638174;0,1863643308681509;0,1719459459459459;0,489852642724786;0,5337479423044078;0,1197428338607155;0,1158443681336131;0,1772525849335302;0,2075471698113207;0,3438493519197848;0,6548688465684513;0,6080501484658528;0,3819617402363415;0,6032608695652174;0,6216931216931217;0,7045454545454546
UNSW-NB15;RANDOM_L2;linear;1;20;0,2689485549926758;116,21732687950134;26,89719671573629;0,6985983578681436;0,6968050796879841;0,6985983578681436;0,6443664701092106;0,5705709296440494;0,1507567567567567;0,2516544604253066;0,6045633083763596;0,2142424654837857;0,2275817069672959;0,0856720827178729;0,078902229845626;0,127904133039863;0,2871900826446281;0,6963048498845266;0,0193418472788935;0,7488558352402745;0,9788359788359788;0,2272727272727272;0,4296263907107807;0,5144886703889306;0,4296263907107807;0,3710155000168246;0,183146993313269;0,178054054054054;0,4917497573458043;0,5335483552085977;0,1195039674449686;0,1157981995836449;0,1979320531757754;0,2041166380789022;0,3338224504768892;0,6550485088034496;0,5986473111184427;0,3925600127179269;0,5966819221967964;0,5978835978835979;0,75
UNSW-NB15;FGSM;linear;2;5;0,5660970211029053;598,5135366916656;20,883739007919157;0,6660107855997668;0,6616811172689814;0,6660107855997668;0,6357337862723309;0,5235511042206027;0,2009189189189189;0,2449924997794052;0,6007930144412806;0,2083178288690622;0,2366909441010277;0,0384047267355982;0,0634648370497427;0,1883101002690144;0,4294825727632052;0,3871659518310788;0,0246939748820942;0,676487414187643;0,7248677248677249;0,9090909090909092;0,4571733955205752;0,5227454165909459;0,4571733955205752;0,4221732160754688;0,202901313016355;0,2143243243243243;0,5330671490337952;0,5387558302017663;0,1281566689308309;0,1528343056943744;0,0280649926144756;0,0874785591766723;0,185619955979457;0,5039525691699605;0,4905971626525899;0,6850193418472789;0,4533752860411899;0,5661375661375662;0,5909090909090909
UNSW-NB15;RANDOM_LINF;linear;2;5;0,5660970211029053;504,4598858356476;19,53068065879609;0,6660107855997668;0,6616811172689814;0,6660107855997668;0,6357337862723309;0,5235511042206027;0,2009189189189189;0,2449924997794052;0,6007930144412806;0,2083178288690622;0,2366909441010277;0,0384047267355982;0,0634648370497427;0,1883101002690144;0,4294825727632052;0,3871659518310788;0,0246939748820942;0,676487414187643;0,7248677248677249;0,9090909090909092;0,4707039790118059;0,5432702118881363;0,4707039790118059;0,4301396049182791;0,2331190248240343;0,1705405405405405;0,506639901173564;0,5439883064338606;0,131415275680567;0,1484579738271539;0,0738552437223042;0,0771869639794168;0,2345316703350452;0,584800574919152;0,5168261299901022;0,5301785808913148;0,5778032036613272;0,5687830687830688;0,6818181818181818
UNSW-NB15;RANDOM_L2;linear;2;5;0,5660970211029053;72,40047693252563;43,48248554632463;0,6660107855997668;0,6616811172689814;0,6660107855997668;0,6357337862723309;0,5235511042206027;0,2009189189189189;0,2449924997794052;0,6007930144412806;0,2083178288690622;0,2366909441010277;0,0384047267355982;0,0634648370497427;0,1883101002690144;0,4294825727632052;0,3871659518310788;0,0246939748820942;0,676487414187643;0,7248677248677249;0,9090909090909092;0,2311859301365204;0,4201418055001825;0,2311859301365204;0,2638582549009962;0,0740072608527681;0,728081081081081;0,1894688079061149;0,518623125970533;0,1109041506989124;0,1053152482558465;0,035450516986706;0,039451114922813;0,0777696258253851;0,1952030183255479;0,1885516331243814;0,2217158603147687;0,1853546910755149;0,164021164021164;0,3181818181818182
UNSW-NB15;FGSM;linear;2;10;0,599323034286499;453,4898872375488;12,529757566924154;0,6147670407617937;0,6471148794688847;0,6147670407617937;0,5976918529489628;0,4665963339501405;0,2968648648648648;0,2435806935498103;0,5928410822593886;0,1974353547349838;0,224623027517944;0,0841949778434268;0,0617495711835334;0,1076057715822939;0,3150377290693496;0,3964038271197624;0,1150442477876106;0,6101258581235698;0,7116402116402116;0,5909090909090909;0,4894694650925521;0,5416926245388267;0,4894694650925521;0,4727341828136308;0,2746855237925005;0,2998918918918919;0,413945998411718;0,5575257972096413;0,1457935206128921;0,18048239804179;0,0413589364844904;0,0531732418524871;0,107361213010516;0,2890765361121092;0,4757505773672055;0,5879391659159557;0,2520022883295194;0,4391534391534391;0,5227272727272727
UNSW-NB15;RANDOM_LINF;linear;2;10;0,599323034286499;377,2094869613648;16,54885099353835;0,6147670407617937;0,6471148794688847;0,6147670407617937;0,5976918529489628;0,4665963339501405;0,2968648648648648;0,2435806935498103;0,5928410822593886;0,1974353547349838;0,224623027517944;0,0841949778434268;0,0617495711835334;0,1076057715822939;0,3150377290693496;0,3964038271197624;0,1150442477876106;0,6101258581235698;0,7116402116402116;0,5909090909090909;0,4492785308264101;0,547874979433861;0,4492785308264101;0,4566889814565062;0,2462449329327543;0,3558918918918919;0,3498852907438454;0,5538026854686462;0,1440349266075401;0,1681197671059404;0,069423929098966;0,0583190394511149;0,1594521887992174;0,4303808839381962;0,4513361926756846;0,3027396534364898;0,4802631578947368;0,4867724867724867;0,5681818181818182
UNSW-NB15;RANDOM_L2;linear;2;10;0,599323034286499;56,566235065460205;37,19695865520089;0,6147670407617937;0,6471148794688847;0,6147670407617937;0,5976918529489628;0,4665963339501405;0,2968648648648648;0,2435806935498103;0,5928410822593886;0,1974353547349838;0,224623027517944;0,0841949778434268;0,0617495711835334;0,1076057715822939;0,3150377290693496;0,3964038271197624;0,1150442477876106;0,6101258581235698;0,7116402116402116;0,5909090909090909;0,2427974542097847;0,4777888039603621;0,2427974542097847;0,2738502598054971;0,1044184607920789;0,7682162162162162;0,1328642018882908;0,525520021849984;0,1176335708674432;0,115423575726445;0,0280649926144756;0,0308747855917667;0,0557593543653705;0,1585519223859144;0,1593533487297921;0,1302527687986858;0,1473112128146453;0,1296296296296296;0,1136363636363636
UNSW-NB15;FGSM;linear;2;15;0,5445678234100342;185,90495681762692;17,77437691298644;0,6698489044356993;0,6683685322440356;0,6698489044356993;0,6463152714089628;0,5345776222685262;0,2065135135135135;0,2165578399364687;0,6059356497203291;0,2127120950957828;0,2449037268351533;0,0841949778434268;0,072041166380789;0,107116654438738;0,3183614804168164;0,4905971626525899;0,0617879285676434;0,397883295194508;0,5079365079365079;0,2954545454545454;0,4921051353058349;0,5436491816125573;0,4921051353058349;0,4617810600229048;0,292613939619856;0,2231621621621621;0,3374216888732022;0,5591307963686468;0,1419536508068099;0,1678986310374757;0,0753323485967503;0,0343053173241852;0,0677427243824896;0,1766079770032339;0,5079181788188717;0,4957871866885697;0,1264302059496567;0,2539682539682539;0,2045454545454545
UNSW-NB15;RANDOM_LINF;linear;2;15;0,5445678234100342;137,68235778808594;21,791041150463972;0,6698489044356993;0,6683685322440356;0,6698489044356993;0,6463152714089628;0,5345776222685262;0,2065135135135135;0,2165578399364687;0,6059356497203291;0,2127120950957828;0,2449037268351533;0,0841949778434268;0,072041166380789;0,107116654438738;0,3183614804168164;0,4905971626525899;0,0617879285676434;0,397883295194508;0,5079365079365079;0,2954545454545454;0,4519384929310596;0,5630014534016783;0,4519384929310596;0,462121669266173;0,2556654504848973;0,3182162162162162;0,3252889790876202;0,5559916719129863;0,1443161020251135;0,1739349796083382;0,0664697193500738;0,0651801029159519;0,1658107116654438;0,449694574200503;0,4161992741669416;0,260982459859043;0,387299771167048;0,4126984126984127;0,4772727272727273
UNSW-NB15;RANDOM_L2;linear;2;15;0,5445678234100342;22,6186625957489;42,26910557255987;0,6698489044356993;0,6683685322440356;0,6698489044356993;0,6463152714089628;0,5345776222685262;0,2065135135135135;0,2165578399364687;0,6059356497203291;0,2127120950957828;0,2449037268351533;0,0841949778434268;0,072041166380789;0,107116654438738;0,3183614804168164;0,4905971626525899;0,0617879285676434;0,397883295194508;0,5079365079365079;0,2954545454545454;0,2471578487101005;0,4927219852053794;0,2471578487101005;0,2877463484068576;0,1134662748365646;0,746;0,1310112062119474;0,5259978413835027;0,1190995428319104;0,1190518321206483;0,0265878877400295;0,0377358490566037;0,0662753729518219;0,1695113187208048;0,1773342131309798;0,1087382756610672;0,1578947368421052;0,1428571428571428;0,1818181818181818
UNSW-NB15;FGSM;linear;2;20;0,5207347869873047;75,9680905342102;25,128747024243303;0,7057523198756255;0,6964906964477829;0,7057523198756255;0,678595124659672;0,587843643702837;0,1825945945945946;0,1717771110915027;0,618039551718502;0,2284029946319869;0,2575485605777696;0,0841949778434268;0,078902229845626;0,0968451944240645;0,2211642112827883;0,4937314417683933;0,013088866514758;0,3973112128146453;0,5105820105820106;0,0909090909090909;0,4544648496331924;0,4928072089651895;0,4544648496331924;0,4676482520177026;0,2603885741615245;0,3526486486486486;0,2365216624018353;0,5550448452936186;0,1363040844300107;0,1733553833395598;0,0753323485967503;0,0737564322469982;0,1274150158963071;0,4220265900107797;0,4871329594193335;0,0461554766573048;0,4056064073226544;0,41005291005291;0,2727272727272727
UNSW-NB15;RANDOM_LINF;linear;2;20;0,5207347869873047;45,35209012031555;22,6546178885488;0,7057523198756255;0,6964906964477829;0,7057523198756255;0,678595124659672;0,587843643702837;0,1825945945945946;0,1717771110915027;0,618039551718502;0,2284029946319869;0,2575485605777696;0,0841949778434268;0,078902229845626;0,0968451944240645;0,2211642112827883;0,4937314417683933;0,013088866514758;0,3973112128146453;0,5105820105820106;0,0909090909090909;0,4792061409901375;0,5456253578491941;0,4792061409901375;0,4900600936055416;0,2968997093423339;0,2816486486486486;0,2863319509397335;0,5612618038154936;0,147721970515858;0,1770019040770366;0,0812407680945347;0,0583190394511149;0,1753484959647835;0,4632590729428674;0,3579676674364896;0,1879603624609188;0,3272311212814645;0,3544973544973545;0,5
UNSW-NB15;RANDOM_L2;linear;2;20;0,5207347869873047;10,185206651687622;45,799931982704166;0,7057523198756255;0,6964906964477829;0,7057523198756255;0,678595124659672;0,587843643702837;0,1825945945945946;0,1717771110915027;0,618039551718502;0,2284029946319869;0,2575485605777696;0,0841949778434268;0,078902229845626;0,0968451944240645;0,2211642112827883;0,4937314417683933;0,013088866514758;0,3973112128146453;0,5105820105820106;0,0909090909090909;0,2477530000485837;0,4416389402941137;0,2477530000485837;0,2952214491358398;0,1048610020943388;0,7065675675675676;0,1237977587576105;0,524977483099029;0,1135042205578573;0,1210137958960637;0,0339734121122599;0,0308747855917667;0,0635852286622646;0,1765181458857348;0,1425272187396898;0,1041810184939854;0,1327231121281464;0,1084656084656084;0,25
UNSW-NB15;FGSM;linear;4;5;1,2635984420776367;4,139536142349243;56,20293446047708;0,6918695039595782;0,6936103747591793;0,6918695039595782;0,6648509857195115;0,5672014021388978;0,1932972972972973;0,1809979705285449;0,6130597806982199;0,2206476395385074;0,2506983705481466;0,0841949778434268;0,078902229845626;0,1142088530202983;0,2808120733021919;0,4394589244473771;0,0170632186953526;0,3821510297482837;0,4576719576719577;0,3181818181818182;0,1298401593548073;0,2036722914600746;0,1298401593548073;0,1167269885405563;-0,0381285429423366;0,8791891891891892;0,1931968587311391;0,4874533716900279;0,0984054195598601;0,048660590845809;0,4933530280649926;0,4408233276157804;0,5226216678894595;0,2994071146245059;0,2944572748267898;0,0120290392665995;0,1787757437070938;0,0873015873015873;0,6136363636363636
UNSW-NB15;RANDOM_LINF;linear;4;5;1,2635984420776367;6,860682487487793;55,41101880192392;0,6918695039595782;0,6936103747591793;0,6918695039595782;0,6648509857195115;0,5672014021388978;0,1932972972972973;0,1809979705285449;0,6130597806982199;0,2206476395385074;0,2506983705481466;0,0841949778434268;0,078902229845626;0,1142088530202983;0,2808120733021919;0,4394589244473771;0,0170632186953526;0,3821510297482837;0,4576719576719577;0,3181818181818182;0,1377593159403391;0,471071937868716;0,1377593159403391;0,1129948894712481;0,0457075331661356;0,9905675675675676;0,0030442071825641;0,5112656744404911;0,1062437138574246;0,0738658718556315;0,0;0,0;0,0004891171435558;0,0008084800574919;0,0008248102936324;0,0062529807641354;0,000858123569794;0,0026455026455026;0,0
UNSW-NB15;RANDOM_L2;linear;4;5;1,2635984420776367;5,751069068908691;56,55759607443035;0,6918695039595782;0,6936103747591793;0,6918695039595782;0,6648509857195115;0,5672014021388978;0,1932972972972973;0,1809979705285449;0,6130597806982199;0,2206476395385074;0,2506983705481466;0,0841949778434268;0,078902229845626;0,1142088530202983;0,2808120733021919;0,4394589244473771;0,0170632186953526;0,3821510297482837;0,4576719576719577;0,3181818181818182;0,1262935432152747;0,4108256867878651;0,1262935432152747;0,0944364260307572;0,0305986276772848;0,999108108108108;0,0004411894467484;0,507877772764006;0,1037161938861023;0,0671431182274363;0,0;0,0;0,0;8,983111749910169e-05;0,0001649620587264;0,0009538445233426;0,0;0,0;0,0
UNSW-NB15;FGSM;linear;4;10;1,224499225616455;3,1003012657165527;59,702181411844734;0,6824199582179469;0,6686957661979409;0,6824199582179469;0,6553090721466244;0,5498750285215674;0,187081081081081;0,210976793435101;0,6073135683117628;0,2161953146506398;0,2461157522750518;0,0841949778434268;0,0840480274442538;0,1430667644900953;0,3541142651814588;0,4919168591224018;0,018229028668327;0,4021739130434782;0,5158730158730159;0,0909090909090909;0,0853981440994995;0,1756844526409606;0,0853981440994995;0,08960103781011;-0,0611462227818197;0,922108108108108;0,1581664166593135;0,4780873809947618;0,0971010164844391;0,0451444442282371;0,397341211225997;0,3396226415094339;0,4509660063585228;0,2541322314049586;0,2000989772352359;0,0090615229717556;0,1699084668192219;0,082010582010582;0,4772727272727273
UNSW-NB15;RANDOM_LINF;linear;4;10;1,224499225616455;4,000028371810913;54,89360151581403;0,6824199582179469;0,6686957661979409;0,6824199582179469;0,6553090721466244;0,5498750285215674;0,187081081081081;0,210976793435101;0,6073135683117628;0,2161953146506398;0,2461157522750518;0,0841949778434268;0,0840480274442538;0,1430667644900953;0,3541142651814588;0,4919168591224018;0,018229028668327;0,4021739130434782;0,5158730158730159;0,0909090909090909;0,1334839430598066;0,4894937656909237;0,1334839430598066;0,1189910151536828;0,0404348843528965;0,986108108108108;0,0024706609017912;0,5126666974049775;0,1048119838752902;0,0813438404550868;0,0;0,0017152658662092;0,0;0,0023356090549766;0,0026393929396238;0,0033384558316994;0,0014302059496567;0,0026455026455026;0,0
UNSW-NB15;RANDOM_L2;linear;4;10;1,224499225616455;3,607969522476196;56,3499004032454;0,6824199582179469;0,6686957661979409;0,6824199582179469;0,6553090721466244;0,5498750285215674;0,187081081081081;0,210976793435101;0,6073135683117628;0,2161953146506398;0,2461157522750518;0,0841949778434268;0,0840480274442538;0,1430667644900953;0,3541142651814588;0,4919168591224018;0,018229028668327;0,4021739130434782;0,5158730158730159;0,0909090909090909;0,1189209541854928;0,4273232064839459;0,1189209541854928;0,0970187947853805;0,023627676801754;0,9984864864864864;0,0005073678637606;0,5076465111739626;0,1025041787471295;0,0726852088570576;0,0;0,0;0,0;0,0004491555874955;0,0003299241174529;0,0007948704361189;0,0;0,0026455026455026;0,0
UNSW-NB15;FGSM;linear;4;15;1,0393006801605225;2,0108699798583984;58,38920468347665;0,7047199144925423;0,6730342017256571;0,7047199144925423;0,6768731436966551;0,5825818842050171;0,1645135135135135;0,1875716932850966;0,6153890665387614;0,2250980939846699;0,2582997423288696;0,0841949778434268;0,0686106346483705;0,090731230129616;0,2662594322673374;0,5235895743978884;0,0152085210110751;0,4013157894736842;0,5317460317460317;0,1363636363636363;0,1208278676577758;0,2034217713307014;0,1208278676577758;0,1165542869396827;-0,0370337774119165;0,8852702702702703;0,1814832789199682;0,4879171546591265;0,0980576512231143;0,0559929004474091;0,4800590841949778;0,3996569468267582;0,4705306921007581;0,2941070786920589;0,2683932695480039;0,0118700651793757;0,1618993135011441;0,0873015873015873;0,4772727272727273
UNSW-NB15;RANDOM_LINF;linear;4;15;1,0393006801605225;2,971710205078125;57,1393868726619;0,7047199144925423;0,6730342017256571;0,7047199144925423;0,6768731436966551;0,5825818842050171;0,1645135135135135;0,1875716932850966;0,6153890665387614;0,2250980939846699;0,2582997423288696;0,0841949778434268;0,0686106346483705;0,090731230129616;0,2662594322673374;0,5235895743978884;0,0152085210110751;0,4013157894736842;0,5317460317460317;0,1363636363636363;0,1333260457659233;0,4027584213786649;0,1333260457659233;0,1275963607754126;0,0395925295647093;0,9769189189189188;0,0119121150622077;0,5112148517579893;0,1051706098536266;0,0832095165839868;0,0044313146233382;0,0034305317324185;0,003912937148447;0,0108695652173913;0,0105575717584955;0,0163743309840495;0,0068649885583524;0,0026455026455026;0,0
UNSW-NB15;RANDOM_L2;linear;4;15;1,0393006801605225;2,8086578845977783;58,62483602973328;0,7047199144925423;0,6730342017256571;0,7047199144925423;0,6768731436966551;0,5825818842050171;0,1645135135135135;0,1875716932850966;0,6153890665387614;0,2250980939846699;0,2582997423288696;0,0841949778434268;0,0686106346483705;0,090731230129616;0,2662594322673374;0,5235895743978884;0,0152085210110751;0,4013157894736842;0,5317460317460317;0,1363636363636363;0,1184715541952096;0,352119131850875;0,1184715541952096;0,1025922841051485;0,0266416384684312;0,9947837837837836;0,0040148239654107;0,5105731816305104;0,1034645040878176;0,0771330171312274;0,001477104874446;0,0;0,0004891171435558;0,0049407114624505;0,0031342791158033;0,0051931535159768;0,0020022883295194;0,0;0,0
UNSW-NB15;FGSM;linear;4;20;1,0240614414215088;1,8198835849761963;62,54311810717583;0,7015984064519264;0,676884494505913;0,7015984064519264;0,675418197608797;0,5799505343879072;0,1794054054054054;0,1838657019324097;0,6163795813572432;0,2254844707011055;0,2593447594804433;0,0856720827178729;0,0737564322469982;0,0966006358522866;0,2510779734099892;0,5275486638073243;0,013830745588469;0,3967391304347826;0,5132275132275133;0,0909090909090909;0,0761672253801681;0,1563962819362541;0,0761672253801681;0,0872611707793923;-0,0841013892627927;0,8987027027027027;0,1889173210976793;0,476454926250473;0,0972098046090594;0,042016545035305;0,5066469719350074;0,4562607204116638;0,5074590364392272;0,296891843334531;0,2810953480699439;0,0115521170049281;0,1719107551487414;0,082010582010582;0,4772727272727273
UNSW-NB15;RANDOM_LINF;linear;4;20;1,0240614414215088;2,849951267242432;54,002089102657536;0,7015984064519264;0,676884494505913;0,7015984064519264;0,675418197608797;0,5799505343879072;0,1794054054054054;0,1838657019324097;0,6163795813572432;0,2254844707011055;0,2593447594804433;0,0856720827178729;0,0737564322469982;0,0966006358522866;0,2510779734099892;0,5275486638073243;0,013830745588469;0,3967391304347826;0,5132275132275133;0,0909090909090909;0,161577515425351;0,4676405187562406;0,161577515425351;0,1631652669832902;0,0756315659231626;0,9675945945945946;0,0115591635048089;0,5198558690817634;0,1115060587698653;0,0979002199427557;0,0029542097488921;0,0017152658662092;0,003912937148447;0,011498383039885;0,0089079511712306;0,0157914259975624;0,005720823798627;0,0105820105820105;0,0227272727272727
UNSW-NB15;RANDOM_L2;linear;4;20;1,0240614414215088;2,542097330093384;56,46042850896371;0,7015984064519264;0,676884494505913;0,7015984064519264;0,675418197608797;0,5799505343879072;0,1794054054054054;0,1838657019324097;0,6163795813572432;0,2254844707011055;0,2593447594804433;0,0856720827178729;0,0737564322469982;0,0966006358522866;0,2510779734099892;0,5275486638073243;0,013830745588469;0,3967391304347826;0,5132275132275133;0,0909090909090909;0,1369941213622892;0,4076502933119271;0,1369941213622892;0,1298320680304611;0,049419699413882;0,987108108108108;0,0067943174799258;0,5140550798546059;0,1067416419557958;0,0861772141411816;0,0;0,0;0,0029347028613352;0,006198347107438;0,0051138238205212;0,0097504106830586;0,0031464530892448;0,0026455026455026;0,0
UNSW-NB15;FGSM;linear;8;5;2,261058568954468;8,46276044845581;51,0530534907448;0,6434679104115046;0,641160018539312;0,6434679104115046;0,619284799211264;0,4952084415677713;0,1901891891891892;0,2669196152828024;0,5988528459381821;0,1992731639011061;0,2360386289702882;0,0620384047267356;0,0686106346483705;0,0829053558327219;0,2141573841178584;0,4901022764764104;0,2572200731280801;0,369279176201373;0,4603174603174603;0,1136363636363636;0,1329373755040567;0,2872099858803738;0,1329373755040567;0,1096950674849786;-0,0264245349304147;0,900972972972973;0,1733212741551222;0,4889734273214411;0,1004098649355654;0,0492480128106756;0,4076809453471196;0,3516295025728988;0,4937637564196625;0,2749730506647502;0,2342461233916199;0,0113401515552964;0,1741990846681922;0,0846560846560846;0,4772727272727273
UNSW-NB15;RANDOM_LINF;linear;8;5;2,261058568954468;8,64627981185913;53,16523344507603;0,6434679104115046;0,641160018539312;0,6434679104115046;0,619284799211264;0,4952084415677713;0,1901891891891892;0,2669196152828024;0,5988528459381821;0,1992731639011061;0,2360386289702882;0,0620384047267356;0,0686106346483705;0,0829053558327219;0,2141573841178584;0,4901022764764104;0,2572200731280801;0,369279176201373;0,4603174603174603;0,1136363636363636;0,1118155759607443;0,1709455400291967;0,1118155759607443;0,0840527747158966;0,0256736436270951;1,0;0,0;0,5070425796135749;0,1047846238297168;0,0630099892228042;0,0;0,0;0,0;0,0;0,0;0,0;0,0;0,0;0,0
UNSW-NB15;RANDOM_L2;linear;8;5;2,261058568954468;8,486352920532227;52,56400913375116;0,6434679104115046;0,641160018539312;0,6434679104115046;0,619284799211264;0,4952084415677713;0,1901891891891892;0,2669196152828024;0,5988528459381821;0,1992731639011061;0,2360386289702882;0,0620384047267356;0,0686106346483705;0,0829053558327219;0,2141573841178584;0,4901022764764104;0,2572200731280801;0,369279176201373;0,4603174603174603;0,1136363636363636;0,1178278190739931;0,156355585186711;0,1178278190739931;0,0851759016543048;0,0266988909233267;1,0;0,0;0,5073642985238791;0,1041498742944045;0,0637998655857529;0,0;0,0;0,0;0,0;0,0;0,0;0,0;0,0;0,0
UNSW-NB15;FGSM;linear;8;10;2,2430362701416016;6,2724010944366455;55,38794150512558;0,6854200068017295;0,6787315326420371;0,6854200068017295;0,6694009985835958;0,5619865352288022;0,2084054054054054;0,1711815053383923;0,6164199342504201;0,2235250797794406;0,2642538714320033;0,0738552437223042;0,078902229845626;0,0929322572756175;0,2173014732303269;0,4820191355988122;0,0155264691855227;0,4127574370709382;0,5079365079365079;0,3409090909090909;0,1315405917504737;0,3086301940822872;0,1315405917504737;0,1403788355942885;-0,0159211527674325;0,8861081081081081;0,1821230036177534;0,4889205848250021;0,1021756594234537;0,0684641609159377;0,4460856720827179;0,4030874785591766;0,4900953778429934;0,2864714337046353;0,2761464863081491;0,0110222033808489;0,1687643020594965;0,0899470899470899;0,4545454545454545
UNSW-NB15;RANDOM_LINF;linear;8;10;2,2430362701416016;6,892300605773926;53,89399018607588;0,6854200068017295;0,6787315326420371;0,6854200068017295;0,6694009985835958;0,5619865352288022;0,2084054054054054;0,1711815053383923;0,6164199342504201;0,2235250797794406;0,2642538714320033;0,0738552437223042;0,078902229845626;0,0929322572756175;0,2173014732303269;0,4820191355988122;0,0155264691855227;0,4127574370709382;0,5079365079365079;0,3409090909090909;0,1464801049409707;0,1401336584573006;0,1464801049409707;0,1079833085821794;0,0407045355226883;1,0;0,0;0,5082584445545073;0,105547787496578;0,0725850868666502;0,0;0,0;0,0;0,0;0,0;0,0;0,0;0,0;0,0
UNSW-NB15;RANDOM_L2;linear;8;10;2,2430362701416016;7,26704216003418;54,03731234513919;0,6854200068017295;0,6787315326420371;0,6854200068017295;0,6694009985835958;0,5619865352288022;0,2084054054054054;0,1711815053383923;0,6164199342504201;0,2235250797794406;0,2642538714320033;0,0738552437223042;0,078902229845626;0,0929322572756175;0,2173014732303269;0,4820191355988122;0,0155264691855227;0,4127574370709382;0,5079365079365079;0,3409090909090909;0,1450468833503376;0,3631591565846944;0,1450468833503376;0,1066488898767843;0,0405093022695995;0,9999729729729728;2,2059472337421688e-05;0,5088479298175013;0,1053173108823377;0,072829223682862;0,0;0,0;0,0;0,0;0,0;5,299136240792751e-05;0,0;0,0;0,0
UNSW-NB15;FGSM;linear;8;15;2,36100172996521;3,870704889297485;59,8370014089297;0,694869552543361;0,6981591617967364;0,694869552543361;0,6856158003547318;0,5812534635194766;0,2298648648648648;0,143232153886879;0,6304953215666911;0,2353025304373494;0,2948096152696317;0,0768094534711964;0,0531732418524871;0,0726338958180484;0,218199784405318;0,3848564830089079;0,0118700651793757;0,2817505720823798;0,3624338624338624;0,1136363636363636;0,096499538454064;0,162052923618276;0,096499538454064;0,097360738640387;-0,0548449643724398;0,914891891891892;0,1688873202153004;0,4888728287346905;0,0989641171716048;0,0556921654830839;0,4254062038404727;0,3756432246998284;0,4614820249449743;0,2690441969098096;0,2372154404486968;0,0102803243071379;0,1664759725400457;0,0846560846560846;0,4772727272727273
UNSW-NB15;RANDOM_LINF;linear;8;15;2,36100172996521;5,0982160568237305;59,74955060000971;0,694869552543361;0,6981591617967364;0,694869552543361;0,6856158003547318;0,5812534635194766;0,2298648648648648;0,143232153886879;0,6304953215666911;0,2353025304373494;0,2948096152696317;0,0768094534711964;0,0531732418524871;0,0726338958180484;0,218199784405318;0,3848564830089079;0,0118700651793757;0,2817505720823798;0,3624338624338624;0,1136363636363636;0,0973740465432638;0,4980849683938638;0,0973740465432638;0,0699083501754547;0,0074570202058643;0,999837837837838;2,2059472337421688e-05;0,5013852511740959;0,1010109830741149;0,0594854425252451;0,0;0,0;0,0;0,0;0,0;5,299136240792751e-05;0,0;0,0;0,0
UNSW-NB15;RANDOM_L2;linear;8;15;2,36100172996521;4,876162528991699;59,87586843511637;0,694869552543361;0,6981591617967364;0,694869552543361;0,6856158003547318;0,5812534635194766;0,2298648648648648;0,143232153886879;0,6304953215666911;0,2353025304373494;0,2948096152696317;0,0768094534711964;0,0531732418524871;0,0726338958180484;0,218199784405318;0,3848564830089079;0,0118700651793757;0,2817505720823798;0,3624338624338624;0,1136363636363636;0,0961108681921974;0,4378811638554653;0,0961108681921974;0,0663147928459541;0,0037660705114545;0,9999189189189188;2,2059472337421688e-05;0,5025067977329354;0,1005487027858691;0,060267260543989;0,0;0,0;0,0;8,983111749910169e-05;0,0;0,0;0,0;0,0;0,0
UNSW-NB15;FGSM;linear;8;20;2,1367220878601074;3,2121355533599854;53,33527668464267;0,6881771364718458;0,6807491590154258;0,6881771364718458;0,6737437124374449;0,568730518164126;0,2207837837837837;0,1549016147533751;0,6194901097039697;0,2261183994298053;0,265479772129054;0,0856720827178729;0,0617495711835334;0,0838835901198337;0,2428135106000718;0,3954140547674035;0,0140427110381007;0,3074942791762013;0,3756613756613756;0,0681818181818181;0,154824369625419;0,4205786703161573;0,154824369625419;0,1910668110763569;0,0523895885106401;0,8922432432432432;0,1074737492279184;0,4996321427510494;0,1132006008485885;0,0915094624133799;0,1683899556868537;0,1543739279588336;0,2137441917339202;0,1797520661157025;0,1864071263609369;0,0060940066769116;0,1398741418764302;0,0873015873015873;0,5909090909090909
UNSW-NB15;RANDOM_LINF;linear;8;20;2,1367220878601074;4,187164068222046;55,00777340523734;0,6881771364718458;0,6807491590154258;0,6881771364718458;0,6737437124374449;0,568730518164126;0,2207837837837837;0,1549016147533751;0,6194901097039697;0,2261183994298053;0,265479772129054;0,0856720827178729;0,0617495711835334;0,0838835901198337;0,2428135106000718;0,3954140547674035;0,0140427110381007;0,3074942791762013;0,3756613756613756;0,0681818181818181;0,1380994024194723;0,4525318712392818;0,1380994024194723;0,1198169620051544;0,0501054226497882;0,9958648648648648;0,0016544604253066;0,5173281399115682;0,1076108829077843;0,0878363753238938;0,0;0,0;0,0009782342871117;0,0025152712899748;0,0004948861761794;0,0020666631339091;0,0002860411899313;0,0;0,0
UNSW-NB15;RANDOM_L2;linear;8;20;2,1367220878601074;4,124241590499878;55,84341446825051;0,6881771364718458;0,6807491590154258;0,6881771364718458;0,6737437124374449;0,568730518164126;0,2207837837837837;0,1549016147533751;0,6194901097039697;0,2261183994298053;0,265479772129054;0,0856720827178729;0,0617495711835334;0,0838835901198337;0,2428135106000718;0,3954140547674035;0,0140427110381007;0,3074942791762013;0,3756613756613756;0,0681818181818181;0,1297429917893407;0,4061308822840361;0,1297429917893407;0,1084082346900639;0,0370694791565599;0,9952972972972972;0,0023603635401041;0,5126141164255982;0,104629189399611;0,0801551203239618;0,0;0,0017152658662092;0,0007336757153338;0,0036830758174631;0,0009897723523589;0,0027555508452122;0,000858123569794;0,0;0,0227272727272727
UNSW-NB15;FGSM;linear;10;5;2,8164682388305664;10,761975765228271;61,351600835641065;0,7112179954331245;0,6858118934795231;0,7112179954331245;0,6837356356914084;0,5968461207658311;0,1715675675675675;0,1595782228889085;0,6198865948260769;0,2284920325993527;0,2641533431774176;0,0827178729689808;0,0668953687821612;0,0846172658351675;0,1869385555156306;0,4782250082481029;0,013830745588469;0,3898741418764302;0,4814814814814814;0,1590909090909091;0,0977019870767137;0,1713833640370727;0,0977019870767137;0,0937958263159328;-0,0757705448742101;0,8997027027027027;0,1723285978999382;0,4772426038249954;0,0970699557641372;0,0401675258401442;0,4150664697193501;0,3670668953687822;0,4744436292492052;0,2715594681997844;0,2472781260310128;0,0108632292936251;0,1710526315789473;0,082010582010582;0,4772727272727273
UNSW-NB15;RANDOM_LINF;linear;10;5;2,8164682388305664;10,674406051635742;60,04955545838799;0,7112179954331245;0,6858118934795231;0,7112179954331245;0,6837356356914084;0,5968461207658311;0,1715675675675675;0,1595782228889085;0,6198865948260769;0,2284920325993527;0,2641533431774176;0,0827178729689808;0,0668953687821612;0,0846172658351675;0,1869385555156306;0,4782250082481029;0,013830745588469;0,3898741418764302;0,4814814814814814;0,1590909090909091;0,1107224408492445;0,16223598327912;0,1107224408492445;0,0722959703014072;0,0080884214967681;1,0;0,0;0,5020334002071996;0,1027362702201113;0,0536510204355826;0,0;0,0;0,0;0,0;0,0;0,0;0,0;0,0;0,0
UNSW-NB15;RANDOM_L2;linear;10;5;2,8164682388305664;10,6697039604187;60,11149978137298;0,7112179954331245;0,6858118934795231;0,7112179954331245;0,6837356356914084;0,5968461207658311;0,1715675675675675;0,1595782228889085;0,6198865948260769;0,2284920325993527;0,2641533431774176;0,0827178729689808;0,0668953687821612;0,0846172658351675;0,1869385555156306;0,4782250082481029;0,013830745588469;0,3898741418764302;0,4814814814814814;0,1590909090909091;0,1101029976193946;0,1445290209676257;0,1101029976193946;0,0686599596903165;0,0048860358706242;1,0;0,0;0,5006276362209443;0,1016292369530124;0,05303595171226;0,0;0,0;0,0;0,0;0,0;0,0;0,0;0,0;0,0
UNSW-NB15;FGSM;linear;10;10;2,84641695022583;6,567542552947998;57,56328037701015;0,6763591313219647;0,6899442486378626;0,6763591313219647;0,6679146825068921;0,5632547005620119;0,2656756756756757;0,1232462719491749;0,6205903491290403;0,2267738156624261;0,2627564387818621;0,0812407680945347;0,0445969125214408;0,0767913915382734;0,2047251167804527;0,3076542395249093;0,0139367283132849;0,1970823798627002;0,2433862433862433;0,0909090909090909;0,1007263275518631;0,2137766465687053;0,1007263275518631;0,1026775344332092;-0,0363490508876547;0,922918918918919;0,1618282890673255;0,484298367728082;0,0992459338909159;0,0539243027964379;0,3855243722304283;0,3293310463121784;0,4715089263878699;0,2650017966223499;0,1910260640052787;0,0103333156695458;0,1710526315789473;0,082010582010582;0,5227272727272727
UNSW-NB15;RANDOM_LINF;linear;10;10;2,84641695022583;7,619858026504517;53,88548802409755;0,6763591313219647;0,6899442486378626;0,6763591313219647;0,6679146825068921;0,5632547005620119;0,2656756756756757;0,1232462719491749;0,6205903491290403;0,2267738156624261;0,2627564387818621;0,0812407680945347;0,0445969125214408;0,0767913915382734;0,2047251167804527;0,3076542395249093;0,0139367283132849;0,1970823798627002;0,2433862433862433;0,0909090909090909;0,1375042510809891;0,1046454904378056;0,1375042510809891;0,0958100493479297;0,0310972618473818;1,0;0,0;0,5107883193479573;0,1028423657516009;0,0698453577318382;0,0;0,0;0,0;0,0;0,0;0,0;0,0;0,0;0,0
UNSW-NB15;RANDOM_L2;linear;10;10;2,84641695022583;8,065415620803833;55,03813826944566;0,6763591313219647;0,6899442486378626;0,6763591313219647;0,6679146825068921;0,5632547005620119;0,2656756756756757;0,1232462719491749;0,6205903491290403;0,2267738156624261;0,2627564387818621;0,0812407680945347;0,0445969125214408;0,0767913915382734;0,2047251167804527;0,3076542395249093;0,0139367283132849;0,1970823798627002;0,2433862433862433;0,0909090909090909;0,1259777486275081;0,0972494743958098;0,1259777486275081;0,0838055272536964;0,0179075653037361;1,0;0,0;0,5071535399438996;0,1015195649963981;0,0667480753026719;0,0;0,0;0,0;0,0;0,0;0,0;0,0;0,0;0,0
UNSW-NB15;FGSM;linear;10;15;2,9262521266937256;5,272760629653931;57,4952630811835;0,6967035903415439;0,6823172561962086;0,6967035903415439;0,6830110241972656;0,5744637175625121;0,1921351351351351;0,1736301067678461;0,6219238896923223;0,2286334393285628;0,2792999848594462;0,0856720827178729;0,0548885077186964;0,0992907801418439;0,2418253683075817;0,4734411085450346;0,0126119442530867;0,3927345537757437;0,5185185185185185;0,1363636363636363;0,1217509595297089;0,2549592765409756;0,1217509595297089;0,1340737814596398;-0,0141445146844026;0,9133783783783784;0,1235771640342363;0,4976640554780113;0,1003400676335975;0,0733619935730455;0,2614475627769572;0,2281303602058319;0,3008070432868672;0,1966403162055336;0,1895414054767403;0,0089025488845318;0,1438787185354691;0,0846560846560846;0,4772727272727273
UNSW-NB15;RANDOM_LINF;linear;10;15;2,9262521266937256;6,267358303070068;56,40334256425204;0,6967035903415439;0,6823172561962086;0,6967035903415439;0,6830110241972656;0,5744637175625121;0,1921351351351351;0,1736301067678461;0,6219238896923223;0,2286334393285628;0,2792999848594462;0,0856720827178729;0,0548885077186964;0,0992907801418439;0,2418253683075817;0,4734411085450346;0,0126119442530867;0,3927345537757437;0,5185185185185185;0,1363636363636363;0,1326701646990234;0,6053531750935308;0,1326701646990234;0,0998693143430036;0,037702540516955;0,9997297297297296;0,0;0,510754591892554;0,1055454335279002;0,0747998350908621;0,0;0,0;0,0;0,0;0,0;0,0;0,0;0,0;0,0
UNSW-NB15;RANDOM_L2;linear;10;15;2,9262521266937256;6,504170179367065;56,16163824515377;0,6967035903415439;0,6823172561962086;0,6967035903415439;0,6830110241972656;0,5744637175625121;0,1921351351351351;0,1736301067678461;0,6219238896923223;0,2286334393285628;0,2792999848594462;0,0856720827178729;0,0548885077186964;0,0992907801418439;0,2418253683075817;0,4734411085450346;0,0126119442530867;0,3927345537757437;0,5185185185185185;0,1363636363636363;0,1350872078900063;0,5948251517231299;0,1350872078900063;0,1054546470085492;0,0395017833488724;0,9998108108108108;0,0;0,511017025314488;0,1055651102371852;0,0771636247110225;0,0;0,0;0,0;0,0;0,0;0,0;0,0;0,0;0,0
UNSW-NB15;FGSM;linear;10;20;2,795571804046631;3,8876469135284415;59,53578195598309;0,7086552008939416;0,7085551264961159;0,7086552008939416;0,701556366465509;0,5990246738211177;0,2178648648648648;0,1355775169857937;0,6378142562914315;0,2448290708319625;0,3091628015841591;0,0841949778434268;0,0600343053173241;0,0711665443873807;0,1429213079410707;0,4406136588584625;0,0098034020454665;0,3220823798627002;0,4894179894179894;0,1136363636363636;0,1132973813341106;0,2363902649275598;0,1132973813341106;0,131738345307681;-0,0333062810912883;0,8722162162162163;0,1945866054883967;0,4790295704017215;0,0988529588478267;0,0550398504805936;0,4933530280649926;0,4596912521440823;0,512350207874786;0,3133309378368666;0,2860442098317387;0,0096974193206507;0,1870709382151029;0,0952380952380952;0,6590909090909091
UNSW-NB15;RANDOM_LINF;linear;10;20;2,795571804046631;5,068666934967041;59,73011708691639;0,7086552008939416;0,7085551264961159;0,7086552008939416;0,701556366465509;0,5990246738211177;0,2178648648648648;0,1355775169857937;0,6378142562914315;0,2448290708319625;0,3091628015841591;0,0841949778434268;0,0600343053173241;0,0711665443873807;0,1429213079410707;0,4406136588584625;0,0098034020454665;0,3220823798627002;0,4894179894179894;0,1136363636363636;0,1113540300247777;0,4436261418753261;0,1113540300247777;0,0690975424623408;0,0075945019072818;0,9981351351351352;0,0003970705020735;0,5030953653706508;0,1006263568298217;0,0589949547866002;0,0;0,0;0,0004891171435558;0,0011678045274883;0,0001649620587264;0,0;0,0005720823798627;0,0;0,0
UNSW-NB15;RANDOM_L2;linear;10;20;2,795571804046631;4,901879072189331;60,013117621338;0,7086552008939416;0,7085551264961159;0,7086552008939416;0,701556366465509;0,5990246738211177;0,2178648648648648;0,1355775169857937;0,6378142562914315;0,2448290708319625;0,3091628015841591;0,0841949778434268;0,0600343053173241;0,0711665443873807;0,1429213079410707;0,4406136588584625;0,0098034020454665;0,3220823798627002;0,4894179894179894;0,1136363636363636;0,1085240246805616;0,4149536454268199;0,1085240246805616;0,0704439848400212;0,0086247568066543;0,9977837837837836;0,00068384364246;0,5053448073697684;0,1007425428292712;0,0616510205013893;0,0;0,0;0,0012227928588897;0,0016169601149838;0,0008248102936324;5,299136240792751e-05;0,0005720823798627;0,0;0,0
UNSW-NB15;FGSM;linear;16;5;34,45653069997206;4,06317099975422;53,76402856726424;0,6932784336588447;0,7054109232817454;0,6932784336588447;0,6783498816992158;0,5852253172042133;0,2345945945945945;0,1155695755757522;0,6217708329811448;0,2299368785058001;0,2640116778534944;0,0635155096011816;0,0360205831903945;0,0604059672291513;0,1256737333812432;0,3723193665456945;0,0104922897567696;0,2677345537757437;0,3544973544973545;0,0909090909090909;0,1556381479862022;0,3177393087274025;0,1556381479862022;0,1743427797423123;-0,0213132451247316;0,8886756756756756;0,268574075708109;0,4881679899912167;0,1092938539620024;0,073208590979249;0,9409158050221564;0,902229845626072;0,7529958425042798;0,3992094861660079;0,4500164962058726;0,0067299030258067;0,17162471395881;0,0846560846560846;0,0454545454545454
UNSW-NB15;RANDOM_LINF;linear;16;5;34,45653069997206;4,095865399809554;55,82519554972551;0,6932784336588447;0,7054109232817454;0,6932784336588447;0,6783498816992158;0,5852253172042133;0,2345945945945945;0,1155695755757522;0,6217708329811448;0,2299368785058001;0,2640116778534944;0,0635155096011816;0,0360205831903945;0,0604059672291513;0,1256737333812432;0,3723193665456945;0,0104922897567696;0,2677345537757437;0,3544973544973545;0,0909090909090909;0,1350264781615896;0,1526117447370942;0,1350264781615896;0,0678864422925092;0,0257785007364007;1,0;0,0;0,5057474417471658;0,1025744448648734;0,0502986287570836;0,0;0,0;0,0;0,0;0,0;0,0;0,0;0,0;0,0
UNSW-NB15;RANDOM_L2;linear;16;5;34,45653069997206;4,13501390023157;56,01953068065879;0,6932784336588447;0,7054109232817454;0,6932784336588447;0,6783498816992158;0,5852253172042133;0,2345945945945945;0,1155695755757522;0,6217708329811448;0,2299368785058001;0,2640116778534944;0,0635155096011816;0,0360205831903945;0,0604059672291513;0,1256737333812432;0,3723193665456945;0,0104922897567696;0,2677345537757437;0,3544973544973545;0,0909090909090909;0,1330831268522567;0,1430962652273247;0,1330831268522567;0,0689044237321317;0,022147168831184;1,0;0,0;0,5046751301500719;0,1022053786129101;0,0512782127319131;0,0;0,0;0,0;0,0;0,0;0,0;0,0;0,0;0,0
UNSW-NB15;FGSM;linear;16;10;32,86319800000638;2,5710613999981438;59,52120682116309;0,7122504008162075;0,7217038171015029;0,7122504008162075;0,7045719146102638;0,6067517068950735;0,2211891891891892;0,1207535515750463;0,6379369401874067;0,246488594037156;0,3080873899309502;0,0221565731166912;0,0548885077186964;0,0538028857911469;0,1021379805964786;0,4163642362256681;0,0126119442530867;0,3246567505720824;0,4417989417989418;0,1363636363636363;0,1170383326045765;0,1976040997307544;0,1170383326045765;0,1326739622860416;-0,0526926727237889;0,8895405405405405;0,2749713226859613;0,4781935737943984;0,1018501666812365;0,0579933193934091;0,9335302806499262;0,8936535162950258;0,760332599657618;0,4216672655407833;0,4419333553282745;0,0079487043611891;0,1827803203661327;0,0873015873015873;0,1818181818181818
UNSW-NB15;RANDOM_LINF;linear;16;10;32,86319800000638;3,049885399872437;58,838604673759896;0,7122504008162075;0,7217038171015029;0,7122504008162075;0,7045719146102638;0,6067517068950735;0,2211891891891892;0,1207535515750463;0,6379369401874067;0,246488594037156;0,3080873899309502;0,0221565731166912;0,0548885077186964;0,0538028857911469;0,1021379805964786;0,4163642362256681;0,0126119442530867;0,3246567505720824;0,4417989417989418;0,1363636363636363;0,1238643540786085;0,1607668751832306;0,1238643540786085;0,0843885613842987;0,0241549337382351;1,0;0,0;0,5032888037566483;0,1041343546972008;0,0594882784363317;0,0;0,0;0,0;0,0;0,0;0,0;0,0;0,0;0,0
UNSW-NB15;RANDOM_L2;linear;16;10;32,86319800000638;3,0456146004144102;58,98435602195986;0,7122504008162075;0,7217038171015029;0,7122504008162075;0,7045719146102638;0,6067517068950735;0,2211891891891892;0,1207535515750463;0,6379369401874067;0,246488594037156;0,3080873899309502;0,0221565731166912;0,0548885077186964;0,0538028857911469;0,1021379805964786;0,4163642362256681;0,0126119442530867;0,3246567505720824;0,4417989417989418;0,1363636363636363;0,1224068405966088;0,1499543323273841;0,1224068405966088;0,079919079475334;0,0213410815603776;1,0;0,0;0,5035656562810559;0,1031963640898155;0,058937183407203;0,0;0,0;0,0;0,0;0,0;0,0;0,0;0,0;0,0
UNSW-NB15;FGSM;linear;16;15;32,630205899942666;1,7503214997705072;58,86532575426322;0,7031045037166593;0,6977040670183942;0,7031045037166593;0,6923297591839737;0,5843258829936473;0,1954054054054054;0,1699241154151592;0,6288666654144144;0,2364128601715939;0,2969341306002392;0,0812407680945347;0,0497427101200686;0,1012472487160675;0,2562881782249371;0,4439129000329924;0,0141486937629166;0,3504004576659039;0,4365079365079365;0,0909090909090909;0,1144512461740271;0,1349108839901049;0,1144512461740271;0,0933014980280789;-0,0915346391579507;0,9011351351351352;0,2511912115062207;0,4780169216395012;0,0966108973533015;0,0391648573565821;0,9158050221565732;0,8850771869639794;0,6935681095622401;0,3736076176787639;0,4105905641702408;0,0049811880663451;0,1827803203661327;0,0873015873015873;0,0227272727272727
UNSW-NB15;RANDOM_LINF;linear;16;15;32,630205899942666;2,225612699985504;53,17616479619103;0,7031045037166593;0,6977040670183942;0,7031045037166593;0,6923297591839737;0,5843258829936473;0,1954054054054054;0,1699241154151592;0,6288666654144144;0,2364128601715939;0,2969341306002392;0,0812407680945347;0,0497427101200686;0,1012472487160675;0,2562881782249371;0,4439129000329924;0,0141486937629166;0,3504004576659039;0,4365079365079365;0,0909090909090909;0,171342855754749;0,156635460989416;0,171342855754749;0,1372081230993139;0,0758199439585028;1,0;0,0;0,5191750670866239;0,1114365438129656;0,0900297951049381;0,0;0,0;0,0;0,0;0,0;0,0;0,0;0,0;0,0
UNSW-NB15;RANDOM_L2;linear;16;15;32,630205899942666;2,2267026999033988;54,37011125686245;0,7031045037166593;0,6977040670183942;0,7031045037166593;0,6923297591839737;0,5843258829936473;0,1954054054054054;0,1699241154151592;0,6288666654144144;0,2364128601715939;0,2969341306002392;0,0812407680945347;0,0497427101200686;0,1012472487160675;0,2562881782249371;0,4439129000329924;0,0141486937629166;0,3504004576659039;0,4365079365079365;0,0909090909090909;0,1594033911480347;0,3759814213418124;0,1594033911480347;0,1263006722471127;0,0633614106677293;0,9999729729729728;2,2059472337421688e-05;0,5165967476615165;0,1089914566191683;0,0855256935332845;0,0;0,0;0,0;0,0;0,0;5,299136240792751e-05;0,0;0,0;0,0
UNSW-NB15;FGSM;linear;16;20;31,972571100108325;1,892049100017175;54,73206043822573;0,7117281251518244;0,7255044064554365;0,7117281251518244;0,7122320454977235;0,6050929410926328;0,2229189189189189;0,1226506661960645;0,6448037752265597;0,2518326167270001;0,3242286073891652;0,0709010339734121;0,0480274442538593;0,0604059672291513;0,1339381961911606;0,3987132959419333;0,0067828943882147;0,2989130434782608;0,4074074074074074;0,0454545454545454;0,1644075207695671;0,2516997958247666;0,1644075207695671;0,1938613242610581;-0,005606545838329;0,8882162162162163;0,2725006617841701;0,4896461140601939;0,107498772925111;0,0875567045606048;0,9379615952732644;0,8867924528301887;0,7476155539251651;0,4237333812432626;0,4371494556252062;0,0076307561867415;0,1661899313501144;0,0952380952380952;0,3636363636363636
UNSW-NB15;RANDOM_LINF;linear;16;20;31,972571100108325;2,436309200245887;58,74751008113493;0,7117281251518244;0,7255044064554365;0,7117281251518244;0,7122320454977235;0,6050929410926328;0,2229189189189189;0,1226506661960645;0,6448037752265597;0,2518326167270001;0,3242286073891652;0,0709010339734121;0,0480274442538593;0,0604059672291513;0,1339381961911606;0,3987132959419333;0,0067828943882147;0,2989130434782608;0,4074074074074074;0,0454545454545454;0,1242530243404751;0,4759683754454019;0,1242530243404751;0,0917201501150188;0,0246367174360095;0,999162162162162;0,0001323568340245;0,5087682175819509;0,1022514152126683;0,0701762920354186;0,0;0,0;0,0;0,0004491555874955;0,0;0,0;0,0002860411899313;0,0;0,0
UNSW-NB15;RANDOM_L2;linear;16;20;31,972571100108325;2,40017359983176;59,68031870961473;0,7117281251518244;0,7255044064554365;0,7117281251518244;0,7122320454977235;0,6050929410926328;0,2229189189189189;0,1226506661960645;0,6448037752265597;0,2518326167270001;0,3242286073891652;0,0709010339734121;0,0480274442538593;0,0604059672291513;0,1339381961911606;0,3987132959419333;0,0067828943882147;0,2989130434782608;0,4074074074074074;0,0454545454545454;0,114924938055677;0,4115549331174994;0,114924938055677;0,0850736445301092;0,015280775712695;0,9986216216216216;0,0004632489190858;0,5052760642541255;0,1013156348109382;0,0665096496452423;0,0;0,0;0,0002445585717779;0,0012576356449874;0,0004948861761794;0,0001589740872237;0,0;0,0;0,0
UNSW-NB15;FGSM;linear;32;5;142,5825257000979;12,134032600093631;60,602195986979545;0,709991254919108;0,7013094345786508;0,709991254919108;0,6945321740585119;0,5927518585413509;0,1821891891891892;0,1759684108356128;0,630518377113358;0,2413001520503634;0,3027245311033081;0,0797636632200886;0,0583190394511149;0,1183663487405233;0,2369744879626302;0,4623886506103596;0,0185999682051825;0,3898741418764302;0,6402116402116402;0,1818181818181818;0,1039692950493125;0,1346569653961452;0,1039692950493125;0,0884632330133594;-0,1374328292018886;0,8887297297297297;0,2646033706873731;0,4708095050282269;0,0954723879315363;0,0308650651391558;0,9364844903988184;0,8970840480274442;0,7419907067742725;0,3903162055335968;0,4444077862091719;0,0064119548513592;0,1741990846681922;0,0846560846560846;0,0681818181818181
UNSW-NB15;RANDOM_LINF;linear;32;5;142,5825257000979;12,47728329966776;58,09891658164504;0,709991254919108;0,7013094345786508;0,709991254919108;0,6945321740585119;0,5927518585413509;0,1821891891891892;0,1759684108356128;0,630518377113358;0,2413001520503634;0,3027245311033081;0,0797636632200886;0,0583190394511149;0,1183663487405233;0,2369744879626302;0,4623886506103596;0,0185999682051825;0,3898741418764302;0,6402116402116402;0,1818181818181818;0,1290020891026575;0,1850579231400898;0,1290020891026575;0,0639861462850899;0,0081295310978991;1,0;0,0;0,4999983850620392;0,1025373973874823;0,0442284122653641;0,0;0,0;0,0;0,0;0,0;0,0;0,0;0,0;0,0
UNSW-NB15;RANDOM_L2;linear;32;5;142,5825257000979;12,0738330995664;58,00053442161006;0,709991254919108;0,7013094345786508;0,709991254919108;0,6945321740585119;0,5927518585413509;0,1821891891891892;0,1759684108356128;0,630518377113358;0,2413001520503634;0,3027245311033081;0,0797636632200886;0,0583190394511149;0,1183663487405233;0,2369744879626302;0,4623886506103596;0,0185999682051825;0,3898741418764302;0,6402116402116402;0,1818181818181818;0,1299859107030073;0,1786329078259775;0,1299859107030073;0,0615091749127657;0,0096072962181056;1,0;0,0;0,5004302483620167;0,1021440320320211;0,0435204172843982;0,0;0,0;0,0;0,0;0,0;0,0;0,0;0,0;0,0
UNSW-NB15;FGSM;linear;32;10;149,04795580008067;6,172012599883601;56,923189039498624;0,6930719525822281;0,7175991815741778;0,6930719525822281;0,6984818463988818;0,5789984157542352;0,2295675675675675;0,138732021530045;0,6392276275382043;0,2458001142925935;0,3194928130754365;0,0812407680945347;0,0360205831903945;0,0716556615309366;0,1855910887531441;0,4221379082810954;0,0119230565417836;0,2665903890160183;0,3439153439153439;0,1818181818181818;0,1238400621872419;0,2350375831687028;0,1238400621872419;0,0973932830213222;-0,1279414482940849;0,8811621621621621;0,2783464219535869;0,4773007856571737;0,0956308984425331;0,0359218851492637;0,948301329394387;0,9039451114922812;0,760577158229396;0,4233740567732663;0,4577697129660178;0,0073657993747019;0,1927917620137299;0,0925925925925925;0,0681818181818181
UNSW-NB15;RANDOM_LINF;linear;32;10;149,04795580008067;7,991846400080249;56,96084147111694;0,6930719525822281;0,7175991815741778;0,6930719525822281;0,6984818463988818;0,5789984157542352;0,2295675675675675;0,138732021530045;0,6392276275382043;0,2458001142925935;0,3194928130754365;0,0812407680945347;0,0360205831903945;0,0716556615309366;0,1855910887531441;0,4221379082810954;0,0119230565417836;0,2665903890160183;0,3439153439153439;0,1818181818181818;0,1234635378710586;0,1078268805254704;0,1234635378710586;0,0622797558957286;0,0086325990248204;1,0;0,0;0,5022160514146831;0,1007708000552267;0,0513380917121151;0,0;0,0;0,0;0,0;0,0;0,0;0,0;0,0;0,0
UNSW-NB15;RANDOM_L2;linear;32;10;149,04795580008067;8,05788500001654;57,08594471165526;0,6930719525822281;0,7175991815741778;0,6930719525822281;0,6984818463988818;0,5789984157542352;0,2295675675675675;0,138732021530045;0,6392276275382043;0,2458001142925935;0,3194928130754365;0,0812407680945347;0,0360205831903945;0,0716556615309366;0,1855910887531441;0,4221379082810954;0,0119230565417836;0,2665903890160183;0,3439153439153439;0,1818181818181818;0,1222125054656755;0,1101429017217481;0,1222125054656755;0,0606888859224084;0,0092295781652951;1,0;0,0;0,5024089887189099;0,1007872884320087;0,0506564550449657;0,0;0,0;0,0;0,0;0,0;0,0;0,0;0,0;0,0
UNSW-NB15;FGSM;linear;32;15;139,7733564998489;5,530489600030705;52,63324102414615;0,6972987416800273;0,7185788556164108;0,6972987416800273;0,7021453634546098;0,5854348086738831;0,2306216216216216;0,1349598517603459;0,6417891967821083;0,2466505954205634;0,322286313804995;0,0635155096011816;0,0480274442538593;0,0760577158229395;0,1557671577434423;0,4044869679973606;0,0086905834349001;0,3386727688787185;0,5291005291005291;0,0454545454545454;0,1709663314385658;0,2222519587153444;0,1709663314385658;0,18226948391411;-0,0255236895259002;0,8797297297297297;0,2821847701402982;0,4935871382921227;0,1011994146283012;0,0844441778795475;0,9571639586410636;0,9039451114922812;0,7666911225238444;0,4376572044556234;0,4594193335532827;0,0092734884213873;0,1747711670480549;0,082010582010582;0,1818181818181818
UNSW-NB15;RANDOM_LINF;linear;32;15;139,7733564998489;7,956265199230984;56,264878783462095;0,6972987416800273;0,7185788556164108;0,6972987416800273;0,7021453634546098;0,5854348086738831;0,2306216216216216;0,1349598517603459;0,6417891967821083;0,2466505954205634;0,322286313804995;0,0635155096011816;0,0480274442538593;0,0760577158229395;0,1557671577434423;0,4044869679973606;0,0086905834349001;0,3386727688787185;0,5291005291005291;0,0454545454545454;0,1346499538454064;0,5948001128578264;0,1346499538454064;0,090532034567543;0,0281316163523743;0,9999729729729728;0,0;0,5058116296589914;0,1037694076804086;0,0664340840622128;0,0;0,0;0,0;0,0;0,0;0,0;0,0;0,0;0,0
UNSW-NB15;RANDOM_L2;linear;32;15;139,7733564998489;7,855071899946779;57,01671282126026;0,6972987416800273;0,7185788556164108;0,6972987416800273;0,7021453634546098;0,5854348086738831;0,2306216216216216;0,1349598517603459;0,6417891967821083;0,2466505954205634;0,322286313804995;0,0635155096011816;0,0480274442538593;0,0760577158229395;0,1557671577434423;0,4044869679973606;0,0086905834349001;0,3386727688787185;0,5291005291005291;0,0454545454545454;0,1271316134674245;0,1331495126331851;0,1271316134674245;0,0855705793723713;0,0213418688920731;1,0;0,0;0,5051289469099093;0,1027520991123849;0,0664095608130702;0,0;0,0;0,0;0,0;0,0;0,0;0,0;0,0;0,0
UNSW-NB15;FGSM;linear;32;20;138,18367379996926;5,007505799876526;58,75722683768159;0,7130398872856241;0,7310822430637288;0,7130398872856241;0,7130965436625363;0,6075536697925739;0,2277297297297297;0,1237315803405982;0,6470494199409715;0,2570852655279864;0,3318473858494091;0,0797636632200886;0,0445969125214408;0,0630961115187087;0,1267517067912325;0,3777631144836688;0,0075247734619257;0,3386727688787185;0,6322751322751323;0,1136363636363636;0,1254676189088082;0,1847158032155756;0,1254676189088082;0,1395784216778579;-0,0927498853304654;0,8768918918918919;0,3012000352951557;0,470452828925141;0,0966589162319199;0,0530048414318104;0,9527326440177252;0,902229845626072;0,789435069699193;0,4898490837226015;0,4736060706037611;0,0104922897567696;0,1962242562929061;0,0899470899470899;0,2954545454545454
UNSW-NB15;RANDOM_LINF;linear;32;20;138,18367379996926;6,658552000764757;55,48875285429724;0,7130398872856241;0,7310822430637288;0,7130398872856241;0,7130965436625363;0,6075536697925739;0,2277297297297297;0,1237315803405982;0,6470494199409715;0,2570852655279864;0,3318473858494091;0,0797636632200886;0,0445969125214408;0,0630961115187087;0,1267517067912325;0,3777631144836688;0,0075247734619257;0,3386727688787185;0,6322751322751323;0,1136363636363636;0,1581523587426517;0,4716936610545977;0,1581523587426517;0,1298621689642461;0,05452660155121;0,9999189189189188;2,2059472337421688e-05;0,5136859164792115;0,1078627745710401;0,0868700507484009;0,0;0,0;0,0;8,983111749910169e-05;0,0;0,0;0,0;0,0;0,0
UNSW-NB15;RANDOM_L2;linear;32;20;138,18367379996926;6,680768199963495;57,260846329495216;0,7130398872856241;0,7310822430637288;0,7130398872856241;0,7130965436625363;0,6075536697925739;0,2277297297297297;0,1237315803405982;0,6470494199409715;0,2570852655279864;0,3318473858494091;0,0797636632200886;0,0445969125214408;0,0630961115187087;0,1267517067912325;0,3777631144836688;0,0075247734619257;0,3386727688787185;0,6322751322751323;0,1136363636363636;0,1404314239906719;0,5721208720429628;0,1404314239906719;0,1138183692272296;0,0369647837524638;0,999891891891892;0,0;0,5104485943012126;0,1048321396185007;0,0801968282318121;0,0;0,0;0,0;0,0;0,0;0,0;0,0;0,0;0,0
UNSW-NB15;C&W;linear;1;5;1,3672021999955175;5,326759599847719;0,0;0,6987926929990769;0,7235468521502313;0,6987926929990769;0,6439381926931652;0,5708754412337477;0,1499189189189189;0,2526030177358158;0,6044219110506301;0,2141787165844841;0,2267940245653476;0,0856720827178729;0,078902229845626;0,1296160430423086;0,2879087315846209;0,6999340151765094;0,0193948386413014;0,7502860411899314;0,9788359788359788;0,2272727272727272;0,6987926929990769;0,7235468521502313;0,6987926929990769;0,6439381926931652;0,5708754412337477;0,1499189189189189;0,2526030177358158;0,6044219110506301;0,2141787165844841;0,2267940245653476;0,0856720827178729;0,078902229845626;0,1296160430423086;0,2879087315846209;0,6999340151765094;0,0193948386413014;0,7502860411899314;0,9788359788359788;0,2272727272727272
UNSW-NB15;C&W;linear;1;10;1,2105132001452148;3,95559179992415;0,0;0,6996064713598601;0,7239258819627982;0,6996064713598601;0,6445459788822605;0,5719364409639967;0,1481351351351351;0,2524927203741287;0,6045646459896215;0,2143557046386169;0,2269995092141103;0,0856720827178729;0,078902229845626;0,1291269258987527;0,2878189004671218;0,6999340151765094;0,0192888559164856;0,7502860411899314;0,9788359788359788;0,2272727272727272;0,6996064713598601;0,7239258819627982;0,6996064713598601;0,6445459788822605;0,5719364409639967;0,1481351351351351;0,2524927203741287;0,6045646459896215;0,2143557046386169;0,2269995092141103;0,0856720827178729;0,078902229845626;0,1291269258987527;0,2878189004671218;0,6999340151765094;0,0192888559164856;0,7502860411899314;0,9788359788359788;0,2272727272727272
UNSW-NB15;C&W;linear;1;15;1,2483975999057293;2,656557600479573;0,0;0,6996186173055434;0,7339930091419461;0,6996186173055434;0,645497248034328;0,5724686499213646;0,1481621621621621;0,2525809582634783;0,6045920192412533;0,2153523086387147;0,2272669212280198;0,0856720827178729;0,078902229845626;0,1291269258987527;0,28799856270212;0,7002639392939624;0,0192888559164856;0,7502860411899314;0,9788359788359788;0,2272727272727272;0,6996186173055434;0,7339930091419461;0,6996186173055434;0,645497248034328;0,5724686499213646;0,1481621621621621;0,2525809582634783;0,6045920192412533;0,2153523086387147;0,2272669212280198;0,0856720827178729;0,078902229845626;0,1291269258987527;0,28799856270212;0,7002639392939624;0,0192888559164856;0,7502860411899314;0,9788359788359788;0,2272727272727272
UNSW-NB15;C&W;linear;1;20;1,2982677000109106;2,542871000245213;0,0;0,6996914929796434;0,7337591589079305;0,6996914929796434;0,6457253767237352;0,5725984206119137;0,1481621621621621;0,252250066178417;0,6046839212833213;0,2154270067313176;0,2276152615480406;0,0856720827178729;0,078902229845626;0,1274150158963071;0,2878189004671218;0,7002639392939624;0,0192358645540776;0,7488558352402745;0,9788359788359788;0,2272727272727272;0,6996914929796434;0,7337591589079305;0,6996914929796434;0,6457253767237352;0,5725984206119137;0,1481621621621621;0,252250066178417;0,6046839212833213;0,2154270067313176;0,2276152615480406;0,0856720827178729;0,078902229845626;0,1274150158963071;0,2878189004671218;0,7002639392939624;0,0192358645540776;0,7488558352402745;0,9788359788359788;0,2272727272727272
UNSW-NB15;C&W;linear;2;5;2,760111500043422;7,255323599791154;0,0;0,623293494631492;0,7027048200207004;0,623293494631492;0,6165159888931443;0,5117866993832685;0,3652162162162162;0,1176211065031324;0,6040896975851465;0,2114230944117368;0,2320736458240671;0,0384047267355982;0,0514579759862778;0,0696991929567131;0,2212540424002874;0,242329264269218;0,0128239097027184;0,2019450800915331;0,2698412698412698;0,2045454545454545;0,623293494631492;0,7027048200207004;0,623293494631492;0,6165159888931443;0,5117866993832685;0,3652162162162162;0,1176211065031324;0,6040896975851465;0,2114230944117368;0,2320736458240671;0,0384047267355982;0,0514579759862778;0,0696991929567131;0,2212540424002874;0,242329264269218;0,0128239097027184;0,2019450800915331;0,2698412698412698;0,2045454545454545
UNSW-NB15;C&W;linear;2;10;2,4584578999783844;5,260095200268552;0,0;0,5987343924597969;0,7434104129142058;0,5987343924597969;0,6035674684304037;0,5162024566344126;0,4459459459459459;0,0433027441983587;0,6043230547091671;0,2131921664555302;0,2280857149318518;0,0044313146233382;0,0137221269296741;0,0359501100513573;0,1343873517786561;0,0235895743978884;0,0078957129987812;0,0025743707093821;0,0026455026455026;0,1590909090909091;0,5987343924597969;0,7434104129142058;0,5987343924597969;0,6035674684304037;0,5162024566344126;0,4459459459459459;0,0433027441983587;0,6043230547091671;0,2131921664555302;0,2280857149318518;0,0044313146233382;0,0137221269296741;0,0359501100513573;0,1343873517786561;0,0235895743978884;0,0078957129987812;0,0025743707093821;0,0026455026455026;0,1590909090909091
UNSW-NB15;C&W;linear;2;15;2,465455899946392;4,282516000093892;-0,0012145945683328;0,6013336248360297;0,7406717253269456;0,6013336248360297;0,6077174178674855;0,51825667391026;0,4466216216216216;0,0425968410835612;0,6070174715478613;0,2149334033864959;0,2343893995790587;0,0044313146233382;0,0137221269296741;0,033015407190022;0,1330398850161696;0,023094688221709;0,0077897302739653;0,0025743707093821;0,0026455026455026;0,1590909090909091;0,601345770781713;0,7406745010486231;0,601345770781713;0,6077285356791072;0,518267126961471;0,4465945945945946;0,0425968410835612;0,6070195251464037;0,2149355253737145;0,2343924954747249;0,0044313146233382;0,0137221269296741;0,033015407190022;0,1330398850161696;0,023094688221709;0,0077897302739653;0,0025743707093821;0,0026455026455026;0,1590909090909091
UNSW-NB15;C&W;linear;2;20;2,60696140001528;2,74065350019373;0,0;0,6276053053490744;0,7471081887548245;0,6276053053490744;0,6357208742563906;0,537538239087211;0,4131351351351351;0,0619650577958175;0,6248967480464706;0,2276027531074964;0,255593146485995;0,0841949778434268;0,0222984562607204;0,0513573000733675;0,1998742364355012;0,0173210161662817;0,0096444279582428;0,0025743707093821;0,0026455026455026;0,1590909090909091;0,6276053053490744;0,746132751781996;0,6276053053490744;0,6357215822537845;0,5375365663062744;0,4131351351351351;0,0619650577958175;0,6248967693842061;0,2275902509294201;0,2555939718379424;0,0841949778434268;0,0222984562607204;0,0513573000733675;0,1998742364355012;0,0173210161662817;0,0096444279582428;0,0025743707093821;0,0026455026455026;0,1590909090909091
UNSW-NB15;C&W;linear;4;5;5,851794300135225;8,433451200136915;0,0;0,698428314628577;0,6878537658168404;0,698428314628577;0,6630294353982107;0,566377222283845;0,1391351351351351;0,2334774552192711;0,6075766621773886;0,217621702975551;0,2457947275968268;0,0635155096011816;0,0874785591766723;0,1655661530936659;0,3967840459935322;0,5148465852853844;0,016798261883313;0,4974256292906178;0,5158730158730159;0,5454545454545454;0,698428314628577;0,6878537658168404;0,698428314628577;0,6630294353982107;0,566377222283845;0,1391351351351351;0,2334774552192711;0,6075766621773886;0,217621702975551;0,2457947275968268;0,0635155096011816;0,0874785591766723;0,1655661530936659;0,3967840459935322;0,5148465852853844;0,016798261883313;0,4974256292906178;0,5158730158730159;0,5454545454545454
UNSW-NB15;C&W;linear;4;10;5,188597499858588;7,00927669997327;0,0;0,7090560171014916;0,6832535794539828;0,7090560171014916;0,674171725949033;0,5830832880048882;0,1291621621621621;0,2129621459454689;0,6118783036191784;0,2216664131394231;0,2514528453813192;0,0856720827178729;0,0874785591766723;0,1638542430912203;0,3584261588214157;0,4953810623556582;0,0147315987494038;0,4016018306636155;0,5158730158730159;0,1136363636363636;0,7090560171014916;0,6832535794539828;0,7090560171014916;0,674171725949033;0,5830832880048882;0,1291621621621621;0,2129621459454689;0,6118783036191784;0,2216664131394231;0,2514528453813192;0,0856720827178729;0,0874785591766723;0,1638542430912203;0,3584261588214157;0,4953810623556582;0,0147315987494038;0,4016018306636155;0,5158730158730159;0,1136363636363636
UNSW-NB15;C&W;linear;4;15;5,226210199994966;4,657369900494814;0,0;0,7107321576057912;0,7023133617356934;0,7107321576057912;0,6768162985604848;0,5867404172933999;0,134027027027027;0,2055501632400952;0,6134311321230015;0,2237254210528964;0,2532848406238693;0,0856720827178729;0,0806174957118353;0,1550501345072144;0,3387531440891124;0,487957769712966;0,0129828837899422;0,4018878718535469;0,5158730158730159;0,1136363636363636;0,7107321576057912;0,7023133617356934;0,7107321576057912;0,6768162985604848;0,5867404172933999;0,134027027027027;0,2055501632400952;0,6134311321230015;0,2237254210528964;0,2532848406238693;0,0856720827178729;0,0806174957118353;0,1550501345072144;0,3387531440891124;0,487957769712966;0,0129828837899422;0,4018878718535469;0,5158730158730159;0,1136363636363636
UNSW-NB15;C&W;linear;4;20;5,345726399915293;3,753432999830693;0,0;0,7082179468493417;0,6958036784227648;0,7082179468493417;0,6798412308727545;0,5899897215308341;0,1743243243243243;0,1760566487249625;0,6184742407926764;0,2281870256607412;0,2584820873809006;0,0856720827178729;0,0737564322469982;0,0882856444118366;0,2308659719726913;0,523754536456615;0,0092204970589793;0,4004576659038901;0,5158730158730159;0,1136363636363636;0,7082179468493417;0,6958036784227648;0,7082179468493417;0,6798412308727545;0,5899897215308341;0,1743243243243243;0,1760566487249625;0,6184742407926764;0,2281870256607412;0,2584820873809006;0,0856720827178729;0,0737564322469982;0,0882856444118366;0,2308659719726913;0,523754536456615;0,0092204970589793;0,4004576659038901;0,5158730158730159;0,1136363636363636
UNSW-NB15;C&W;linear;8;5;12,539042299846187;10,13053759979084;0,0;0,6724967205946655;0,713134612928734;0,6724967205946655;0,6613801082473876;0,55967957348016;0,2682162162162162;0,1194520427071384;0,617126370065761;0,2243480794455984;0,2530461056995139;0,0856720827178729;0,0343053173241852;0,0665199315235999;0,2038268056054617;0,2970966677664137;0,0117640824545599;0,1910755148741418;0,2539682539682539;0,2045454545454545;0,6724967205946655;0,713134612928734;0,6724967205946655;0,6613801082473876;0,55967957348016;0,2682162162162162;0,1194520427071384;0,617126370065761;0,2243480794455984;0,2530461056995139;0,0856720827178729;0,0343053173241852;0,0665199315235999;0,2038268056054617;0,2970966677664137;0,0117640824545599;0,1910755148741418;0,2539682539682539;0,2045454545454545
UNSW-NB15;C&W;linear;8;10;11,906137599842625;8,043523099739105;0,0;0,678351066414031;0,6936265080087415;0,678351066414031;0,6614763251012513;0,5601104347137289;0,2314594594594594;0,1407614929850878;0,6136080563007941;0,2209959096402472;0,2492446413277841;0,0856720827178729;0,0411663807890223;0,0821716801173881;0,2373338124326266;0,3528538436159683;0,0124529701658629;0,2356979405034324;0,3015873015873015;0,2045454545454545;0,678351066414031;0,6936265080087415;0,678351066414031;0,6614763251012513;0,5601104347137289;0,2314594594594594;0,1407614929850878;0,6136080563007941;0,2209959096402472;0,2492446413277841;0,0856720827178729;0,0411663807890223;0,0821716801173881;0,2373338124326266;0,3528538436159683;0,0124529701658629;0,2356979405034324;0,3015873015873015;0,2045454545454545
UNSW-NB15;C&W;linear;8;15;11,630387699929996;6,104023399762809;0,0;0,7072705630860419;0,7005212500563376;0,7072705630860419;0,6826666130786327;0,5935833837140921;0,1888648648648648;0,1507985528986146;0,6204100660017406;0,2302684885943185;0,2597866977773515;0,0856720827178729;0,0566037735849056;0,0792369772560528;0,1951131872080488;0,4473771032662487;0,0081606698108208;0,3489702517162471;0,4259259259259259;0,0454545454545454;0,7072705630860419;0,7005212500563376;0,7072705630860419;0,6826666130786327;0,5935833837140921;0,1888648648648648;0,1507985528986146;0,6204100660017406;0,2302684885943185;0,2597866977773515;0,0856720827178729;0,0566037735849056;0,0792369772560528;0,1951131872080488;0,4473771032662487;0,0081606698108208;0,3489702517162471;0,4259259259259259;0,0454545454545454
UNSW-NB15;C&W;linear;8;20;11,686085200170057;5,341478599933907;0,0;0,7041004712626925;0,7097784239918156;0,7041004712626925;0,6835292763504044;0,5911307215794009;0,1983513513513513;0,1435189270272655;0,6217197638966194;0,2314323431778113;0,2621708681979814;0,0856720827178729;0,0445969125214408;0,0755685986793837;0,1878368666906216;0,4312108215110524;0,0083196438980446;0,3140732265446224;0,3968253968253968;0,0681818181818181;0,7041004712626925;0,7097784239918156;0,7041004712626925;0,6835292763504044;0,5911307215794009;0,1983513513513513;0,1435189270272655;0,6217197638966194;0,2314323431778113;0,2621708681979814;0,0856720827178729;0,0445969125214408;0,0755685986793837;0,1878368666906216;0,4312108215110524;0,0083196438980446;0,3140732265446224;0,3968253968253968;0,0681818181818181
UNSW-NB15;C&W;linear;10;5;16,393956700107083;13,295311799738556;0,0;0,6976874119418938;0,677219375321708;0,6976874119418938;0,6670536094676073;0,5690855656260818;0,1572162162162162;0,2121900644136592;0,6108930839184227;0,2202400339632036;0,2508252555873024;0,0841949778434268;0,0806174957118353;0,1345072144778674;0,3560905497664391;0,4976905311778291;0,017487149594616;0,4170480549199085;0,4629629629629629;0,4772727272727273;0,6976874119418938;0,677219375321708;0,6976874119418938;0,6670536094676073;0,5690855656260818;0,1572162162162162;0,2121900644136592;0,6108930839184227;0,2202400339632036;0,2508252555873024;0,0841949778434268;0,0806174957118353;0,1345072144778674;0,3560905497664391;0,4976905311778291;0,017487149594616;0,4170480549199085;0,4629629629629629;0,4772727272727273
UNSW-NB15;C&W;linear;10;10;15,416414599865677;9,0150362001732;0,0;0,6920516931448283;0,7015383203184838;0,6920516931448283;0,6721979284648848;0,5701730614482805;0,1982162162162162;0,1696814612194476;0,6166488733721636;0,225111175465581;0,2582577770420113;0,0856720827178729;0,0668953687821612;0,1213010516018586;0,302102048149479;0,3861761794787199;0,0140957024005087;0,2811784897025172;0,3703703703703703;0,1363636363636363;0,6920516931448283;0,7015383203184838;0,6920516931448283;0,6721979284648848;0,5701730614482805;0,1982162162162162;0,1696814612194476;0,6166488733721636;0,225111175465581;0,2582577770420113;0,0856720827178729;0,0668953687821612;0,1213010516018586;0,302102048149479;0,3861761794787199;0,0140957024005087;0,2811784897025172;0,3703703703703703;0,1363636363636363
UNSW-NB15;C&W;linear;10;15;14,68772520008497;6,766333400504664;0,0;0,7048170820580091;0,72188309971412;0,7048170820580091;0,6861910359840155;0,599373241060657;0,2247567567567567;0,1179299391158563;0,6262973645534045;0,2350440724602815;0,2671926739364249;0,0546528803545051;0,0445969125214408;0,0552702372218146;0,1207330219187926;0,4021774991751897;0,0079487043611891;0,2797482837528604;0,3783068783068783;0,0909090909090909;0,7048170820580091;0,72188309971412;0,7048170820580091;0,6861910359840155;0,599373241060657;0,2247567567567567;0,1179299391158563;0,6262973645534045;0,2350440724602815;0,2671926739364249;0,0546528803545051;0,0445969125214408;0,0552702372218146;0,1207330219187926;0,4021774991751897;0,0079487043611891;0,2797482837528604;0,3783068783068783;0,0909090909090909
UNSW-NB15;C&W;linear;10;20;14,399455900071189;5,816282599698752;0,0;0,684739833843463;0,7340251281996917;0,684739833843463;0,683050893953162;0,5881217996413104;0,2966756756756756;0,0793699814700432;0,6353305834183068;0,2408184392100966;0,2934016421118662;0,0472673559822747;0,0240137221269296;0,0366837857666911;0,1078871721164211;0,2530517980864401;0,0059350325896878;0,1395881006864988;0,1772486772486772;0,0;0,684739833843463;0,7340251281996917;0,684739833843463;0,683050893953162;0,5881217996413104;0,2966756756756756;0,0793699814700432;0,6353305834183068;0,2408184392100966;0,2934016421118662;0,0472673559822747;0,0240137221269296;0,0366837857666911;0,1078871721164211;0,2530517980864401;0,0059350325896878;0,1395881006864988;0,1772486772486772;0,0
UNSW-NB15;C&W;linear;16;5;28,53018320002593;14,7275250996463;0,0;0,6977724335616771;0,7019231921334372;0,6977724335616771;0,6789445192987823;0,5784166634789596;0,2037027027027027;0,1702550075002206;0,6229139580744184;0,2321330655201204;0,2771821179278604;0,0768094534711964;0,0668953687821612;0,1022254830031792;0,2406575637800934;0,4584295612009237;0,0241640612580149;0,3220823798627002;0,4365079365079365;0,0909090909090909;0,6977724335616771;0,7019231921334372;0,6977724335616771;0,6789445192987823;0,5784166634789596;0,2037027027027027;0,1702550075002206;0,6229139580744184;0,2321330655201204;0,2771821179278604;0,0768094534711964;0,0668953687821612;0,1022254830031792;0,2406575637800934;0,4584295612009237;0,0241640612580149;0,3220823798627002;0,4365079365079365;0,0909090909090909
UNSW-NB15;C&W;linear;16;10;26,18355829990469;14,821373200044036;0,0;0,6966792984501773;0,7105069612977588;0,6966792984501773;0,6856188203692748;0,5835561414663197;0,2301081081081081;0,1439601164740139;0,6305638990273611;0,2392312471003293;0,2917052311961259;0,0649926144756277;0,0600343053173241;0,0875519686965028;0,2205353934602946;0,3779280765423952;0,0142546764877325;0,2660183066361556;0,3756613756613756;0,0454545454545454;0,6966792984501773;0,7105069612977588;0,6966792984501773;0,6856188203692748;0,5835561414663197;0,2301081081081081;0,1439601164740139;0,6305638990273611;0,2392312471003293;0,2917052311961259;0,0649926144756277;0,0600343053173241;0,0875519686965028;0,2205353934602946;0,3779280765423952;0,0142546764877325;0,2660183066361556;0,3756613756613756;0,0454545454545454
UNSW-NB15;C&W;linear;16;15;23,711873000022024;9,748806499876082;0,0;0,7134164116018074;0,7325007473254761;0,7134164116018074;0,7045214072529182;0,6097115493867836;0,2258648648648648;0,1202020647666107;0,6390304398837463;0,2495092153554028;0,3035473830554528;0,0856720827178729;0,0548885077186964;0,0621178772315969;0,1159719726913402;0,4241174529858132;0,0074187907371098;0,2751716247139588;0,3624338624338624;0,0909090909090909;0,7134164116018074;0,7325007473254761;0,7134164116018074;0,7045214072529182;0,6097115493867836;0,2258648648648648;0,1202020647666107;0,6390304398837463;0,2495092153554028;0,3035473830554528;0,0856720827178729;0,0548885077186964;0,0621178772315969;0,1159719726913402;0,4241174529858132;0,0074187907371098;0,2751716247139588;0,3624338624338624;0,0909090909090909
UNSW-NB15;C&W;linear;16;20;23,885232200147584;7,800208499887958;0,0012145945683328;0,7179347033960064;0,7330045867564067;0,7179347033960064;0,7094870740130566;0,6137235416197322;0,2130810810810811;0,1244374834553957;0,6408059574328668;0,252979397684313;0,3093412061117492;0,0856720827178729;0,04631217838765;0,0748349229640499;0,1376212720086237;0,3924447377103266;0,0056700757776482;0,3063501144164759;0,4179894179894179;0,0681818181818181;0,7179225574503231;0,7329985973426055;0,7179225574503231;0,70947674523111;0,6137096949515581;0,2131081081081081;0,1244374834553957;0,6408039038343245;0,2529757457322656;0,3093374157627045;0,0856720827178729;0,04631217838765;0,0748349229640499;0,1376212720086237;0,3924447377103266;0,0056700757776482;0,3063501144164759;0,4179894179894179;0,0681818181818181
UNSW-NB15;C&W;linear;32;5;61,8823543000035;28,49862760026008;0,0;0,7208375844143226;0,7077408349061246;0,7208375844143226;0,6959495848106378;0,6071679615773246;0,1605945945945946;0,1756595782228889;0,628325200972027;0,240000263885548;0,2894951672415277;0,0723781388478582;0,0583190394511149;0,0941550501345072;0,2251167804527488;0,5042890135268888;0,0179640718562874;0,3987414187643021;0,4814814814814814;0,3863636363636363;0,7208375844143226;0,7077408349061246;0,7208375844143226;0,6959495848106378;0,6071679615773246;0,1605945945945946;0,1756595782228889;0,628325200972027;0,240000263885548;0,2894951672415277;0,0723781388478582;0,0583190394511149;0,0941550501345072;0,2251167804527488;0,5042890135268888;0,0179640718562874;0,3987414187643021;0,4814814814814814;0,3863636363636363
UNSW-NB15;C&W;linear;32;10;58,72708870004863;17,570742199895903;0,0;0,7266919302336879;0,7199899770405294;0,7266919302336879;0,704986518820228;0,6200726831043669;0,1703783783783783;0,1441365922527133;0,6324899292372487;0,2434453517378774;0,2927615267634789;0,0723781388478582;0,0497427101200686;0,0711665443873807;0,1468738771110312;0,48729792147806;0,0085846007100842;0,3569794050343249;0,4259259259259259;0,1136363636363636;0,7266919302336879;0,7199899770405294;0,7266919302336879;0,704986518820228;0,6200726831043669;0,1703783783783783;0,1441365922527133;0,6324899292372487;0,2434453517378774;0,2927615267634789;0,0723781388478582;0,0497427101200686;0,0711665443873807;0,1468738771110312;0,48729792147806;0,0085846007100842;0,3569794050343249;0,4259259259259259;0,1136363636363636
UNSW-NB15;C&W;linear;32;15;49,52465540007688;15,610364800319076;-0,0012145945683328;0,7225015789729389;0,7239256261863881;0,7225015789729389;0,7073610424674407;0,6186558172481978;0,199027027027027;0,1293788052589782;0,638324180163407;0,2479827432038406;0,3044366615522166;0,0723781388478582;0,0445969125214408;0,0594277329420396;0,1300754581386992;0,4440778620917189;0,007259816649886;0,318649885583524;0,3968253968253968;0,1363636363636363;0,7225137249186222;0,7239308239434212;0,7225137249186222;0,7073709248341714;0,618669603961165;0,199;0,1293788052589782;0,6383262337619493;0,2479860311777318;0,3044401806200136;0,0723781388478582;0,0445969125214408;0,0594277329420396;0,1300754581386992;0,4440778620917189;0,007259816649886;0,318649885583524;0,3968253968253968;0,1363636363636363
UNSW-NB15;C&W;linear;32;20;49,1712503999006;16,305461599957198;0,0;0,7268984113103046;0,7343957304508009;0,7268984113103046;0,713024722897996;0,6239829767666336;0,1935675675675675;0,1273934527486102;0,6405934640603081;0,2539580868140539;0,3106398843208907;0,0206794682422452;0,0583190394511149;0,0586940572267057;0,1073481854114265;0,4439129000329924;0,0073657993747019;0,3667048054919908;0,4603174603174603;0,1363636363636363;0,7268984113103046;0,7343957304508009;0,7268984113103046;0,713024722897996;0,6239829767666336;0,1935675675675675;0,1273934527486102;0,6405934640603081;0,2539580868140539;0,3106398843208907;0,0206794682422452;0,0583190394511149;0,0586940572267057;0,1073481854114265;0,4439129000329924;0,0073657993747019;0,3667048054919908;0,4603174603174603;0,1363636363636363
