Dataset;Attack;Binarization;Resolution;AddressSize;TrainTime_s;InferTime_Adv_s;Acc_Drop_pp;Clean_Acc;Clean_Precision;Clean_Recall;Clean_F1;Clean_MCC;Clean_FAR;Clean_ASR;Clean_AUC;Clean_PR_AUC;Clean_Miss_Attack;Adv_Acc;Adv_Precision;Adv_Recall;Adv_F1;Adv_MCC;Adv_FAR;Adv_ASR;Adv_AUC;Adv_PR_AUC;Adv_Miss_Attack
UNSW-NB15;FGSM;distributive;1;5;0,2902872562408447;18,98414635658264;36,73419812466599;0,7772797940047612;0,7376613315021218;0,9241595341039442;0,8204455324357405;0,5607829786699818;0,4026756756756757;0,0758404658960557;0,7607419292141342;0,8517893134326789;0,0758404658960557;0,4099378127581013;0,0045745654162854;0,0003308920850613;0,0006171442677583;-0,2235577729983241;0,0882162162162162;0,9996691079149388;0,4560573379344225;0,2776616390164266;0,9996691079149388
UNSW-NB15;RANDOM_LINF;distributive;1;5;0,2902872562408447;16,343847036361694;31,3280377010154;0,7772797940047612;0,7376613315021218;0,9241595341039442;0,8204455324357405;0,5607829786699818;0,4026756756756757;0,0758404658960557;0,7607419292141342;0,8517893134326789;0,0758404658960557;0,4639994169946072;0,6426198386331277;0,0597370510897379;0,1093125580268841;0,0429653637075292;0,0407027027027027;0,940262948910262;0,5095171741935176;0,610032839264581;0,940262948910262
UNSW-NB15;RANDOM_L2;distributive;1;5;0,2902872562408447;15,99377703666687;31,355973376087064;0,7772797940047612;0,7376613315021218;0,9241595341039442;0,8204455324357405;0,5607829786699818;0,4026756756756757;0,0758404658960557;0,7607419292141342;0,8517893134326789;0,0758404658960557;0,4637200602438905;0,6401902497027349;0,0593840995323391;0,1086864364010739;0,0417838534125044;0,0408918918918918;0,9406159004676607;0,5092461038202236;0,608738736586152;0,9406159004676607
UNSW-NB15;FGSM;distributive;1;10;0,3104524612426758;9,024556159973145;41,93752125540495;0,7355949084195695;0,6972888792136243;0,9185564281302392;0,7927728964578434;0,4791960392770512;0,4885675675675676;0,0814435718697608;0,7149944302813358;0,8303440694033605;0,0814435718697608;0,31621969586552;0,0059475533928088;0,0014559251742698;0,0023392227400804;-0,4321563597374296;0,2981351351351351;0,9985440748257302;0,3516603950195673;0,2786009279343677;0,9985440748257302
UNSW-NB15;RANDOM_LINF;distributive;1;10;0,3104524612426758;11,596830606460571;25,09109459262498;0,7355949084195695;0,6972888792136243;0,9185564281302392;0,7927728964578434;0,4791960392770512;0,4885675675675676;0,0814435718697608;0,7149944302813358;0,8303440694033605;0,0814435718697608;0,4846839624933197;0,5718525847143211;0,2550075002205947;0,3527239995728256;0,0243729757900867;0,2339189189189189;0,7449924997794053;0,5105442906508378;0,6185264812761836;0,7449924997794053
UNSW-NB15;RANDOM_L2;distributive;1;10;0,3104524612426758;9,323780059814451;25,38502647816159;0,7355949084195695;0,6972888792136243;0,9185564281302392;0,7927728964578434;0,4791960392770512;0,4885675675675676;0,0814435718697608;0,7149944302813358;0,8303440694033605;0,0814435718697608;0,4817446436379536;0,5671220446640117;0,248169063795994;0,3452561800856235;0,0187130363066013;0,232081081081081;0,751830936204006;0,5080439913574565;0,6146246146196448;0,751830936204006
UNSW-NB15;FGSM;distributive;1;15;0,287585973739624;1,975733757019043;11,119613273089444;0,7520648107661663;0,7150748304016847;0,9138136415776936;0,8023202889708801;0,5094675004770702;0,4461081081081081;0,0861863584223065;0,7338527667347926;0,838171340882076;0,0861863584223065;0,6408686780352718;0,6074339612354497;0,9830803847171976;0,7508972349997473;0,3268295148260333;0,7784054054054054;0,0169196152828024;0,6023374896558962;0,7999151431458811;0,0169196152828024
UNSW-NB15;RANDOM_LINF;distributive;1;15;0,287585973739624;2,8982934951782227;21,46310061701404;0,7520648107661663;0,7150748304016847;0,9138136415776936;0,8023202889708801;0,5094675004770702;0,4461081081081081;0,0861863584223065;0,7338527667347926;0,838171340882076;0,0861863584223065;0,5374338045960259;0,5616054125726719;0,7287787876114004;0,6343631790164942;0,0349998837074641;0,697;0,2712212123885996;0,5158893938057002;0,7198593011803129;0,2712212123885996
UNSW-NB15;RANDOM_L2;distributive;1;15;0,287585973739624;3,0040059089660645;21,074430355147456;0,7520648107661663;0,7150748304016847;0,9138136415776936;0,8023202889708801;0,5094675004770702;0,4461081081081081;0,0861863584223065;0,7338527667347926;0,838171340882076;0,0861863584223065;0,5413205072146917;0,5643384228244975;0,7321759463513633;0,6373936589019261;0,0436759238540324;0,6925135135135135;0,2678240536486367;0,5198312164189249;0,7219891478585906;0,2678240536486367
UNSW-NB15;FGSM;distributive;1;20;0,2850816249847412;2,551429510116577;34,04265656123986;0,7890492153719089;0,7359194141666385;0,962123885996647;0,8339547601292567;0,5971767950276303;0,423;0,037876114003353;0,7695619429983234;0,8594489444507823;0,037876114003353;0,4486226497595103;0,4978313906207644;0,1620488837906997;0,2445080548528824;-0,0495711706630685;0,2002702702702702;0,8379511162093003;0,4808893067602147;0,560628083569236;0,8379511162093003
UNSW-NB15;RANDOM_LINF;distributive;1;20;0,2850816249847412;2,6144936084747314;25,557498906864883;0,7890492153719089;0,7359194141666385;0,962123885996647;0,8339547601292567;0,5971767950276303;0,423;0,037876114003353;0,7695619429983234;0,8594489444507823;0,037876114003353;0,53347422630326;0,6272894446487679;0,3762463601870643;0,4703676125865255;0,1082590590199823;0,2738918918918919;0,6237536398129356;0,5511772341475862;0,6734872824888485;0,6237536398129356
UNSW-NB15;RANDOM_L2;distributive;1;20;0,2850816249847412;2,174264430999756;25,391099451003253;0,7890492153719089;0,7359194141666385;0,962123885996647;0,8339547601292567;0,5971767950276303;0,423;0,037876114003353;0,7695619429983234;0,8594489444507823;0,037876114003353;0,5351382208618763;0,6293188729710915;0,3788934968675549;0,4730051635111876;0,1114383177858886;0,2734324324324324;0,6211065031324451;0,5527305322175612;0,6750968082492557;0,6211065031324451
UNSW-NB15;FGSM;distributive;2;5;0,566704273223877;4,808299064636231;31,19078851479376;0,761380751105281;0,7602326146863349;0,8276493426277244;0,792509822145241;0,5155268000364497;0,3198108108108108;0,1723506573722756;0,7539192659084568;0,8413891154689619;0,1723506573722756;0,4494728659573434;1,0;0,0001323568340245;0,0002646786360227;0,0077126840315216;0,0;0,9998676431659754;0,5000661784170123;0,7753297454383405;0,9998676431659754
UNSW-NB15;RANDOM_LINF;distributive;2;5;0,566704273223877;17,519672393798828;33,12928144585337;0,761380751105281;0,7602326146863349;0,8276493426277244;0,792509822145241;0,5155268000364497;0,3198108108108108;0,1723506573722756;0,7539192659084568;0,8413891154689619;0,1723506573722756;0,4300879366467473;0,2549321824907521;0,0182431836230477;0,0340497364953886;-0,1203800610719903;0,0653243243243243;0,9817568163769522;0,4764594296493616;0,4068653393752208;0,9817568163769522
UNSW-NB15;RANDOM_L2;distributive;2;5;0,566704273223877;16,946752071380615;33,1523587426517;0,761380751105281;0,7602326146863349;0,8276493426277244;0,792509822145241;0,5155268000364497;0,3198108108108108;0,1723506573722756;0,7539192659084568;0,8413891154689619;0,1723506573722756;0,429857163678764;0,2600656128839845;0,0192358598782317;0,0358221218034302;-0,1203438444935584;0,067054054054054;0,9807641401217684;0,4760909029120888;0,4096551089215541;0,9807641401217684
UNSW-NB15;FGSM;distributive;2;10;0,5619528293609619;0,5735645294189453;32,99931982704173;0,7605669727444979;0,763553690101434;0,8186490779140563;0,7901421195507532;0,5139020133611706;0,3105945945945946;0,1813509220859437;0,7540272416597309;0,8410272937390769;0,1813509220859437;0,4305737744740806;0,4887161119361696;0,7404482484778964;0,5888048836107846;-0,2790603690868819;0,9490810810810812;0,2595517515221036;0,3956835836984076;0,6860367786620687;0,2595517515221036
UNSW-NB15;RANDOM_LINF;distributive;2;10;0,5619528293609619;1,5089266300201416;18,76427148617792;0,7605669727444979;0,763553690101434;0,8186490779140563;0,7901421195507532;0,5139020133611706;0,3105945945945946;0,1813509220859437;0,7540272416597309;0,8410272937390769;0,1813509220859437;0,5729242578827187;0,618691937818029;0,5847083737756993;0,6012203143783882;0,1425779272386345;0,4415135135135135;0,4152916262243007;0,5715974301310929;0,716029942514058;0,4152916262243007
UNSW-NB15;RANDOM_L2;distributive;2;10;0,5619528293609619;1,4352643489837646;18,64159743477627;0,7605669727444979;0,763553690101434;0,8186490779140563;0,7901421195507532;0,5139020133611706;0,3105945945945946;0,1813509220859437;0,7540272416597309;0,8410272937390769;0,1813509220859437;0,5741509983967352;0,619034374058364;0,589142327715521;0,6037185645662616;0,1443486347372103;0,4442162162162162;0,4108576722844789;0,5724630557496524;0,7171974700629615;0,4108576722844789
UNSW-NB15;FGSM;distributive;2;15;0,5298669338226318;0,4311470985412597;41,86950395957829;0,7827576155079434;0,7298891010821859;0,9611312097414628;0,8296993125511778;0,58528250470157;0,4357837837837838;0,038868790258537;0,7626737129788396;0,8562107335588388;0,038868790258537;0,3640625759121605;0,4376597103918228;0,5440527662578312;0,4850910664411313;-0,3343870050023673;0,8564594594594594;0,4559472337421689;0,3437966533991858;0,6163785139892102;0,4559472337421689
UNSW-NB15;RANDOM_LINF;distributive;2;15;0,5298669338226318;0,7554824352264404;23,662731380265267;0,7827576155079434;0,7298891010821859;0,9611312097414628;0,8296993125511778;0,58528250470157;0,4357837837837838;0,038868790258537;0,7626737129788396;0,8562107335588388;0,038868790258537;0,5461303017052908;0,5783488115850779;0,6484161298861731;0,6113815050542868;0,0708489799804713;0,5791891891891892;0,3515838701138268;0,5346134703484919;0,7101735118860895;0,3515838701138268
UNSW-NB15;RANDOM_L2;distributive;2;15;0,5298669338226318;0,7610988616943359;23,695525433610253;0,7827576155079434;0,7298891010821859;0,9611312097414628;0,8296993125511778;0,58528250470157;0,4357837837837838;0,038868790258537;0,7626737129788396;0,8562107335588388;0,038868790258537;0,5458023611718409;0,5777634079909079;0,6504235418688785;0,6119441706013594;0,0697284133810202;0,5823783783783784;0,3495764581311215;0,5340225817452501;0,7103318755517656;0,3495764581311215
UNSW-NB15;FGSM;distributive;2;20;0,5048120021820068;0,6558496952056885;56,04139338288879;0,8032721177670894;0,7677012698237683;0,9215565163681284;0,8376224323050858;0,6093631521987595;0,3416486486486486;0,0784434836318715;0,7899539338597399;0,8662243845209108;0,0784434836318715;0,2428581839382014;0,0435879542648558;0,0179122915379864;0,0253904723190694;-0,5511863805115125;0,4815405405405405;0,9820877084620137;0,2681858754987229;0,301118873812367;0,9820877084620137
UNSW-NB15;RANDOM_LINF;distributive;2;20;0,5048120021820068;0,5890710353851318;24,62590487295341;0,8032721177670894;0,7677012698237683;0,9215565163681284;0,8376224323050858;0,6093631521987595;0,3416486486486486;0,0784434836318715;0,7899539338597399;0,8662243845209108;0,0784434836318715;0,5570130690375553;0,6784994761866388;0,3714594546898438;0,4800855310049893;0,1689004084008237;0,2156486486486486;0,6285405453101561;0,5779054030205976;0,6980166806158151;0,6285405453101561
UNSW-NB15;RANDOM_L2;distributive;2;20;0,5048120021820068;0,6123833656311035;24,40241947238012;0,8032721177670894;0,7677012698237683;0,9215565163681284;0,8376224323050858;0,6093631521987595;0,3416486486486486;0,0784434836318715;0,7899539338597399;0,8662243845209108;0,0784434836318715;0,5592479230432882;0,6807498601007275;0,3756948733786288;0,4841791044776119;0,1728641642816625;0,2158648648648648;0,6243051266213712;0,5799150042568819;0,7000935711316522;0,6243051266213712
UNSW-NB15;FGSM;distributive;4;5;1,103367805480957;2,0622501373291016;9,801778166448038;0,7712311130544625;0,7473165450167074;0,8831068560840025;0,809557031779254;0,5396919112116968;0,3658378378378378;0,1168931439159975;0,7586345091230824;0,8473923836383401;0,1168931439159975;0,6732133313899821;0,6518450154094633;0,8724962498897026;0,7462007942721844;0,3406998391230748;0,5709459459459459;0,1275037501102973;0,6507751519718783;0,7972724156744093;0,1275037501102973
UNSW-NB15;RANDOM_LINF;distributive;4;5;1,103367805480957;8,184595584869385;21,63678764028568;0,7712311130544625;0,7473165450167074;0,8831068560840025;0,809557031779254;0,5396919112116968;0,3658378378378378;0,1168931439159975;0,7586345091230824;0,8473923836383401;0,1168931439159975;0,5548632366516056;0,6043905840486667;0,5544868966734315;0,5783642618009457;0,1092532290415748;0,4446756756756757;0,4455131033265684;0,5549056104988779;0,7020884998713246;0,4455131033265684
UNSW-NB15;RANDOM_L2;distributive;4;5;1,103367805480957;8,403979778289795;21,568770344459026;0,7712311130544625;0,7473165450167074;0,8831068560840025;0,809557031779254;0,5396919112116968;0,3658378378378378;0,1168931439159975;0,7586345091230824;0,8473923836383401;0,1168931439159975;0,5555434096098723;0,6057145622142114;0,5522809494396894;0,5777649570184042;0,1112483250053536;0,4404594594594594;0,4477190505603106;0,555910744990115;0,7022548126213924;0,4477190505603106
UNSW-NB15;FGSM;distributive;4;10;1,03448224067688;0,7319290637969971;55,17538745566729;0,7828669290190934;0,7492781782854238;0,9102179475866936;0,8219440045417874;0,5676521467121461;0,3731621621621621;0,0897820524133062;0,7685278927122657;0,8544650624016371;0,0897820524133062;0,2311130544624204;0,2710456583774969;0,2346686667254919;0,2515488295105226;-0,5363921046311897;0,7732432432432432;0,7653313332745081;0,2307127117411243;0,4635528823202356;0,7653313332745081
UNSW-NB15;RANDOM_LINF;distributive;4;10;1,03448224067688;1,2618048191070557;17,27639313996987;0,7828669290190934;0,7492781782854238;0,9102179475866936;0,8219440045417874;0,5676521467121461;0,3731621621621621;0,0897820524133062;0,7685278927122657;0,8544650624016371;0,0897820524133062;0,6101029976193947;0,6665407950054125;0,584068649077914;0,6225853859267533;0,2250463378702517;0,358;0,4159313509220859;0,6130343245389569;0,7398106249712654;0,4159313509220859
UNSW-NB15;RANDOM_L2;distributive;4;10;1,03448224067688;1,2298429012298584;17,60311907885147;0,7828669290190934;0,7492781782854238;0,9102179475866936;0,8219440045417874;0,5676521467121461;0,3731621621621621;0,0897820524133062;0,7685278927122657;0,8544650624016371;0,0897820524133062;0,6068357382305787;0,6626512071475179;0,5824583075972822;0,6199722933151752;0,2181480364143496;0,3632972972972973;0,4175416924027177;0,6095805051499924;0,7375039873194438;0,4175416924027177
UNSW-NB15;FGSM;distributive;4;15;1,022885799407959;0,6525917053222656;58,00174901617841;0,7799276101637274;0,7557853181690009;0,8868790258537016;0,8161011702375999;0,5573456481088829;0,3511081081081081;0,1131209741462984;0,7678854588727968;0,8524743767434116;0,1131209741462984;0,1999101200019433;0,0702180189982006;0,0370157945821936;0,0484767944069681;-0,6175715038314066;0,6005135135135136;0,9629842054178064;0,21825114053434;0,3187264632202607;0,9629842054178064
UNSW-NB15;RANDOM_LINF;distributive;4;15;1,022885799407959;0,7959661483764648;18,670747704416268;0,7799276101637274;0,7557853181690009;0,8868790258537016;0,8161011702375999;0,5573456481088829;0,3511081081081081;0,1131209741462984;0,7678854588727968;0,8524743767434116;0,1131209741462984;0,5932201331195647;0,6078670723486436;0,7359922350657372;0,6658218501481755;0,1628071224262894;0,5817027027027027;0,2640077649342627;0,5771447661815172;0,7446109926762426;0,2640077649342627
UNSW-NB15;RANDOM_L2;distributive;4;15;1,022885799407959;0,7945904731750488;18,44483311470632;0,7799276101637274;0,7557853181690009;0,8868790258537016;0,8161011702375999;0,5573456481088829;0,3511081081081081;0,1131209741462984;0,7678854588727968;0,8524743767434116;0,1131209741462984;0,5954792790166642;0,6093502809448476;0,7392129180270008;0,6680289060553202;0,1675088020627638;0,5806216216216217;0,2607870819729992;0,5792956482026896;0,7460762844200931;0,2607870819729992
UNSW-NB15;FGSM;distributive;4;20;1,0139424800872805;0,6618127822875977;42,09784773842492;0,8014016421318564;0,7460061456971632;0,9693373334509838;0,8431333045522138;0,6228670990899606;0,4043513513513513;0,0306626665490161;0,7824929910498163;0,8661131718239885;0,0306626665490161;0,3804231647476072;0,4438512190781278;0,4951469160857672;0,468097973994557;-0,270789620584416;0,7601351351351351;0,5048530839142328;0,367505890475316;0,6084851240363031;0,5048530839142328
UNSW-NB15;RANDOM_LINF;distributive;4;20;1,0139424800872805;0,706622838973999;18,87115580819122;0,8014016421318564;0,7460061456971632;0,9693373334509838;0,8431333045522138;0,6228670990899606;0,4043513513513513;0,0306626665490161;0,7824929910498163;0,8661131718239885;0,0306626665490161;0,6126900840499442;0,6185203469920305;0,7738462895967528;0,6875195986202571;0,2031712893825927;0,5847567567567568;0,2261537104032471;0,5945447664199981;0,7584434358671458;0,2261537104032471
UNSW-NB15;RANDOM_L2;distributive;4;20;1,0139424800872805;0,6994554996490479;18,516494194237964;0,8014016421318564;0,7460061456971632;0,9693373334509838;0,8431333045522138;0,6228670990899606;0,4043513513513513;0,0306626665490161;0,7824929910498163;0,8661131718239885;0,0306626665490161;0,6162367001894767;0,6211372936362354;0,7768463778346422;0,6903203042302113;0,2108798939919597;0,5805405405405405;0,2231536221653578;0,5981529186470509;0,7604260290017265;0,2231536221653578
UNSW-NB15;FGSM;distributive;8;5;2,39546537399292;2,3599326610565186;35,80989165816451;0,7562065782441821;0,7326738145241517;0,877327274331598;0,7985022185636557;0,5091834960784283;0,3921891891891892;0,122672725668402;0,7425690425712045;0,8387723464003765;0,122672725668402;0,398107661662537;0,1358854974995688;0,0173828642018882;0,0308227885235962;-0,229491593715287;0,1354324324324324;0,9826171357981116;0,4409752158847279;0,3471486831098745;0,9826171357981116
UNSW-NB15;RANDOM_LINF;distributive;8;5;2,39546537399292;3,612245321273804;23,301996793470348;0,7562065782441821;0,7326738145241517;0,877327274331598;0,7985022185636557;0,5091834960784283;0,3921891891891892;0,122672725668402;0,7425690425712045;0,8387723464003765;0,122672725668402;0,5231866103094787;0,6709822685054884;0,2629489102620665;0,3778309586826632;0,1269419464093819;0,1579729729729729;0,7370510897379334;0,5524879686445467;0,6698757579695036;0,7370510897379334
UNSW-NB15;RANDOM_L2;distributive;8;5;2,39546537399292;3,6106960773468018;23,21940436282369;0,7562065782441821;0,7326738145241517;0,877327274331598;0,7985022185636557;0,5091834960784283;0,3921891891891892;0,122672725668402;0,7425690425712045;0,8387723464003765;0,122672725668402;0,5240125346159452;0,6656062975144228;0,2723241860054707;0,3865119992485793;0,1246707306569622;0,1676216216216216;0,7276758139945293;0,5523512821919245;0,669294396887965;0,7276758139945293
UNSW-NB15;FGSM;distributive;8;10;2,0986170768737797;1,6537322998046875;10,10421221396298;0,8025797988631395;0,7641917429858991;0,9277111091502692;0,8380494998206528;0,6096437530478457;0,3507297297297297;0,0722888908497308;0,7884906897102697;0,8658525580702218;0,0722888908497308;0,7015376767235096;0,6775760893740056;0,873665401923586;0,7632271181214649;0,3993530411806631;0,5093513513513513;0,126334598076414;0,6821570252861173;0,8104006611130139;0,126334598076414
UNSW-NB15;RANDOM_LINF;distributive;8;10;2,0986170768737797;1,6975646018981934;27,381819948501185;0,8025797988631395;0,7641917429858991;0,9277111091502692;0,8380494998206528;0,6096437530478457;0,3507297297297297;0,0722888908497308;0,7884906897102697;0,8658525580702218;0,0722888908497308;0,5287615993781276;0,5914767318138545;0,4659842936556957;0,5212842089677467;0,0719256597360015;0,3943243243243243;0,5340157063443043;0,5358299846656857;0,6757450392858124;0,5340157063443043
UNSW-NB15;RANDOM_L2;distributive;8;10;2,0986170768737797;1,6531155109405518;27,653889131807794;0,8025797988631395;0,7641917429858991;0,9277111091502692;0,8380494998206528;0,6096437530478457;0,3507297297297297;0,0722888908497308;0,7884906897102697;0,8658525580702218;0,0722888908497308;0,5260409075450615;0,5891242937853107;0,4600502955969293;0,5166476737848684;0,0672615761351706;0,3931081081081081;0,5399497044030707;0,5334710937444107;0,6732354509365652;0,5399497044030707
UNSW-NB15;FGSM;distributive;8;15;2,0679233074188232;1,3653054237365725;25,974104843803143;0,758441432249915;0,7448044950738916;0,8538339362922439;0,7956012332990751;0,5107555914208235;0,3584324324324324;0,1461660637077561;0,7477007519299058;0,839558733731943;0,1461660637077561;0,4987003838118836;0,5339262132027215;0,7045795464572487;0,6074957442964062;-0,0546423414411588;0,7535405405405405;0,2954204535427512;0,4755195029583541;0,7005821321255689;0,2954204535427512
UNSW-NB15;RANDOM_LINF;distributive;8;15;2,0679233074188232;1,4534764289855957;25,395957829276597;0,758441432249915;0,7448044950738916;0,8538339362922439;0,7956012332990751;0,5107555914208235;0,3584324324324324;0,1461660637077561;0,7477007519299058;0,839558733731943;0,1461660637077561;0,5044818539571491;0,5442931650811634;0,6146651372099179;0,5773426573426573;-0,0162566275363551;0,6305135135135135;0,385334862790082;0,4920758118482022;0,6855618407437528;0,385334862790082
UNSW-NB15;RANDOM_L2;distributive;8;15;2,0679233074188232;1,451527118682861;25,354661613953265;0,758441432249915;0,7448044950738916;0,8538339362922439;0,7956012332990751;0,5107555914208235;0,3584324324324324;0,1461660637077561;0,7477007519299058;0,839558733731943;0,1461660637077561;0,5048948161103823;0,5448794766516708;0,611841524750728;0,5764222995791551;-0,0146355238328438;0,6261351351351352;0,388158475249272;0,4928531948077963;0,6852205308231447;0,388158475249272
UNSW-NB15;FGSM;distributive;8;20;2,0052618980407715;1,3207054138183594;17,461011514356507;0,8281348685808677;0,7996194941963256;0,9178725844877792;0,8546750472434476;0,6560818136741742;0,2818108108108108;0,0821274155122209;0,8180308868384841;0,8813557172315727;0,0821274155122209;0,6535247534373027;0,6832955239507896;0,6910129709697344;0,6871325787487935;0,2990114557810562;0,3924054054054054;0,3089870290302656;0,6493037827821646;0,7722183780534699;0,3089870290302656
UNSW-NB15;RANDOM_LINF;distributive;8;20;2,0052618980407715;1,3514654636383057;29,107758830102515;0,8281348685808677;0,7996194941963256;0,9178725844877792;0,8546750472434476;0,6560818136741742;0,2818108108108108;0,0821274155122209;0,8180308868384841;0,8813557172315727;0,0821274155122209;0,5370572802798426;0,6182765741256678;0,4161078267007853;0,497435424110969;0,1043893944346639;0,3147567567567567;0,5838921732992147;0,5506755349720143;0,6779377185592694;0,5838921732992147
UNSW-NB15;RANDOM_L2;distributive;8;20;2,0052618980407715;1,3636784553527832;28,924355050284213;0,8281348685808677;0,7996194941963256;0,9178725844877792;0,8546750472434476;0,6560818136741742;0,2818108108108108;0,0821274155122209;0,8180308868384841;0,8813557172315727;0,0821274155122209;0,5388913180780256;0,6179257362355954;0,4258360540015883;0,5042051924985634;0,1058340638852426;0,3225945945945946;0,5741639459984117;0,5516207297034968;0,6799482322414603;0,5741639459984117
UNSW-NB15;FGSM;distributive;10;5;3,0095975399017334;2,6737914085388184;34,205412233396494;0,7985837827333236;0,7764061147966542;0,8906953145680755;0,8296331302587916;0,5944411527608118;0,3142702702702702;0,1093046854319244;0,7882125221489027;0,8636422951128171;0,1093046854319244;0,4565296603993587;0,5181992931109319;0,184351010323833;0,2719536601636864;-0,03214780881672;0,21;0,815648989676167;0,4871755051619165;0,5758233225379626;0,815648989676167
UNSW-NB15;RANDOM_LINF;distributive;10;5;3,0095975399017334;4,270984649658203;24,60525676529175;0,7985837827333236;0,7764061147966542;0,8906953145680755;0,8296331302587916;0,5944411527608118;0,3142702702702702;0,1093046854319244;0,7882125221489027;0,8636422951128171;0,1093046854319244;0,5525312150804061;0,7088395887648188;0,3178769963822465;0,4389211251732383;0,1821512427185119;0,1599729729729729;0,6821230036177535;0,5789520117046368;0,7011467587835118;0,6821230036177535
UNSW-NB15;RANDOM_L2;distributive;10;5;3,0095975399017334;4,209450483322144;24,723072438420058;0,7985837827333236;0,7764061147966542;0,8906953145680755;0,8296331302587916;0,5944411527608118;0,3142702702702702;0,1093046854319244;0,7882125221489027;0,8636422951128171;0,1093046854319244;0,5513530583491231;0,7090347644187668;0,3140386481955352;0,4352851245986852;0,1808807763496179;0,1578918918918919;0,6859613518044648;0,5780733781518216;0,70038186979158;0,6859613518044648
UNSW-NB15;FGSM;distributive;10;10;2,7352890968322754;1,798232078552246;29,74177719477238;0,7791381236943108;0,7393159379407617;0,9250419129974412;0,8218163289303493;0,5645732348216642;0,3996216216216216;0,0749580870025589;0,7627101456879097;0,8528148871850806;0,0749580870025589;0,481720351746587;0,754836238268531;0,0869363804817788;0,1559155737542777;0,1068358044311277;0,0345945945945945;0,9130636195182212;0,5261708929435921;0,6722527282645298;0,9130636195182212
UNSW-NB15;RANDOM_LINF;distributive;10;10;2,7352890968322754;1,8926472663879397;31,274595540008743;0,7791381236943108;0,7393159379407617;0,9250419129974412;0,8218163289303493;0,5645732348216642;0,3996216216216216;0,0749580870025589;0,7627101456879097;0,8528148871850806;0,0749580870025589;0,4663921682942233;0,5585502636645183;0,1472028589076149;0,2329998777911625;0,0065846961427941;0,1425405405405405;0,852797141092385;0,5023311591835372;0,5876516183720114;0,852797141092385
UNSW-NB15;RANDOM_L2;distributive;10;10;2,7352890968322754;1,8862762451171875;30,997667978428797;0,7791381236943108;0,7393159379407617;0,9250419129974412;0,8218163289303493;0,5645732348216642;0,3996216216216216;0,0749580870025589;0,7627101456879097;0,8528148871850806;0,0749580870025589;0,4691614439100228;0,5645993806082744;0,1568428483190682;0,2454898575744497;0,0119591586367593;0,1481891891891892;0,8431571516809317;0,5043268295649395;0,5928422824178082;0,8431571516809317
UNSW-NB15;FGSM;distributive;10;15;2,525761127471924;1,6233437061309814;50,08866540348832;0,804984696108439;0,7533577956244808;0,9601605929586164;0,8442797843038368;0,6252271470564864;0,3851351351351351;0,0398394070413835;0,7875127289117407;0,8677269832435964;0,0398394070413835;0,3040980420735558;0,2575296931371357;0,14014382775964;0,1815116926901044;-0,3853579762102153;0,495027027027027;0,85985617224036;0,3225584003663065;0,4355551688436655;0,85985617224036
UNSW-NB15;RANDOM_LINF;distributive;10;15;2,525761127471924;1,761693239212036;26,045765923334795;0,804984696108439;0,7533577956244808;0,9601605929586164;0,8442797843038368;0,6252271470564864;0,3851351351351351;0,0398394070413835;0,7875127289117407;0,8677269832435964;0,0398394070413835;0,5445270368750911;0,5972194637537239;0,5306626665490162;0,5619772929028641;0,0917242035723995;0,4384864864864864;0,4693373334509838;0,5460880900312648;0,6931496353306441;0,4693373334509838
UNSW-NB15;RANDOM_L2;distributive;10;15;2,525761127471924;1,742579221725464;26,31297672836808;0,804984696108439;0,7533577956244808;0,9601605929586164;0,8442797843038368;0,6252271470564864;0,3851351351351351;0,0398394070413835;0,7875127289117407;0,8677269832435964;0,0398394070413835;0,5418549288247583;0,5958497028306639;0,5219271155033972;0,5564440263405456;0,0877996746237097;0,4337297297297297;0,4780728844966028;0,5440986928868337;0,6905018765916042;0,4780728844966028
UNSW-NB15;FGSM;distributive;10;20;2,5233185291290283;1,5406105518341064;61,36131759218773;0,8111669824612544;0,7743997936358779;0,927137562869496;0,843913458159731;0,6257211658473418;0,3309189189189189;0,0728624371305038;0,7981093219752886;0,870827707548708;0,0728624371305038;0,1975538065393771;0,1045203127980164;0,0604429542045354;0,0765930087914238;-0,6129224494031634;0,6344594594594595;0,9395570457954646;0,212991747372538;0,3411416927734909;0,9395570457954646
UNSW-NB15;RANDOM_LINF;distributive;10;20;2,5233185291290283;1,6813108921051023;21,833551960355635;0,8111669824612544;0,7743997936358779;0,927137562869496;0,843913458159731;0,6257211658473418;0,3309189189189189;0,0728624371305038;0,7981093219752886;0,870827707548708;0,0728624371305038;0,592831462857698;0,6857871055032881;0,4807861995941057;0,5652743376603167;0,2154862210522974;0,2698918918918919;0,5192138004058943;0,6054471538511069;0,7262262143229767;0,5192138004058943
UNSW-NB15;RANDOM_L2;distributive;10;20;2,5233185291290283;1,6599140167236328;21,71695088179565;0,8111669824612544;0,7743997936358779;0,927137562869496;0,843913458159731;0,6257211658473418;0,3309189189189189;0,0728624371305038;0,7981093219752886;0,870827707548708;0,0728624371305038;0,5939974736432979;0,6831594818302101;0,4897644048354363;0,570518173992368;0,2152051260267375;0,2782972972972973;0,5102355951645636;0,6057335537690696;0,7269298051605452;0,5102355951645636
UNSW-NB15;FGSM;distributive;16;5;33,41506760008633;1,6291406000964344;42,995433124423066;0,801462371860273;0,758609614217908;0,9378364069531456;0,8387554994377256;0,6105345862637875;0,3656216216216216;0,0621635930468543;0,786107392665762;0,8653366480533401;0,0621635930468543;0,3715080406160423;0,1811039283938339;0,0401702991264448;0,0657555021936555;-0,2770551188831841;0,2225405405405405;0,9598297008735552;0,4088148792929522;0,3748782350738449;0,9598297008735552
UNSW-NB15;RANDOM_LINF;distributive;16;5;33,41506760008633;1,702272100141272;26,06884322013312;0,801462371860273;0,758609614217908;0,9378364069531456;0,8387554994377256;0,6105345862637875;0,3656216216216216;0,0621635930468543;0,786107392665762;0,8653366480533401;0,0621635930468543;0,5407739396589418;0,6668144928821678;0,3316862260654725;0,4430105626022009;0,1434829870601736;0,203054054054054;0,6683137739345275;0,5643160860057093;0,6832371446849167;0,6683137739345275
UNSW-NB15;RANDOM_L2;distributive;16;5;33,41506760008633;1,7201726001221689;26,470874022251365;0,801462371860273;0,758609614217908;0,9378364069531456;0,8387554994377256;0,6105345862637875;0,3656216216216216;0,0621635930468543;0,786107392665762;0,8653366480533401;0,0621635930468543;0,5367536316377594;0,6616325062927004;0,3247154328068473;0,4356318437407517;0,1358255704133605;0,2034594594594594;0,6752845671931528;0,560627986673694;0,6790798141788367;0,6752845671931528
UNSW-NB15;FGSM;distributive;16;10;33,09550460008904;1,7259685003664345;36,53136083175436;0,8105718311227712;0,7856923254294608;0,9019897644048356;0,8398340419413807;0,619485505986199;0,3014324324324324;0,0980102355951645;0,8002786659862015;0,8708232632526677;0,0980102355951645;0,4452582228052276;0,4173533688802714;0,01899320568252;0,0363329465133452;-0,0429434883950625;0,0324864864864864;0,98100679431748;0,4932533595980168;0,4882444625231001;0,98100679431748
UNSW-NB15;RANDOM_LINF;distributive;16;10;33,09550460008904;1,7827951996587217;32,98474469222173;0,8105718311227712;0,7856923254294608;0,9019897644048356;0,8398340419413807;0,619485505986199;0,3014324324324324;0,0980102355951645;0,8002786659862015;0,8708232632526677;0,0980102355951645;0,4807243842005538;0,6153502102155828;0,1517471102091238;0,2434570260657217;0,0515954436339502;0,1162162162162162;0,8482528897908762;0,5177654469964538;0,617072684892915;0,8482528897908762
UNSW-NB15;RANDOM_L2;distributive;16;10;33,09550460008904;1,7770212998148054;32,71146091434679;0,8105718311227712;0,7856923254294608;0,9019897644048356;0,8398340419413807;0,619485505986199;0,3014324324324324;0,0980102355951645;0,8002786659862015;0,8708232632526677;0,0980102355951645;0,4834572219793033;0,6152770925834566;0,1650710315009265;0,2603054231745921;0,0541305635140693;0,1264594594594594;0,8349289684990735;0,5193057860207335;0,6200300111263872;0,8349289684990735
UNSW-NB15;FGSM;distributive;16;15;32,4891390001867;1,3713412003125995;26,12471457027644;0,8287178739736676;0,7850596954981927;0,9486455483984824;0,8591349515532913;0,6645754602424369;0,3182162162162162;0,0513544516015176;0,815214666091133;0,8809905027237348;0,0513544516015176;0,5674707282709032;0,7516959246025581;0,3202153004500132;0,4491128196401776;0,2237836476136551;0,1295945945945946;0,6797846995499868;0,5953103529277093;0,7231003436150483;0,6797846995499868
UNSW-NB15;RANDOM_LINF;distributive;16;15;32,4891390001867;1,3889653000514954;26,118641597434777;0,8287178739736676;0,7850596954981927;0,9486455483984824;0,8591349515532913;0,6645754602424369;0,3182162162162162;0,0513544516015176;0,815214666091133;0,8809905027237348;0,0513544516015176;0,5675314579993198;0,6591608300058912;0,4442777728756728;0,5307961942914372;0,1676485806935256;0,2814594594594594;0,5557222271243272;0,5814091567081067;0,704709633268018;0,5557222271243272
UNSW-NB15;RANDOM_L2;distributive;16;15;32,4891390001867;1,3979030998889357;26,19759024437642;0,8287178739736676;0,7850596954981927;0,9486455483984824;0,8591349515532913;0,6645754602424369;0,3182162162162162;0,0513544516015176;0,815214666091133;0,8809905027237348;0,0513544516015176;0,5667419715299034;0,6593961392509486;0,4408144357186976;0,5283921890080252;0,1669250676135331;0,2789729729729729;0,5591855642813024;0,5809207313728623;0,7040490760482007;0,5591855642813024
UNSW-NB15;FGSM;distributive;16;20;32,512616799911484;1,4654312003403902;6,924403634066955;0,8033207015498227;0,775629504909287;0,9044163063619518;0,8350867187420435;0,6058318598902123;0,3205405405405405;0,0955836936380481;0,7919378829107055;0,8663370969585558;0,0955836936380481;0,7340766652091532;0,794698989086154;0,6971234448072002;0,7427201579355567;0,4743029879546871;0,2206486486486486;0,3028765551927997;0,7382373980792758;0,8292931340627437;0,3028765551927997
UNSW-NB15;RANDOM_LINF;distributive;16;20;32,512616799911484;1,5075778001919389;28,90249234805422;0,8033207015498227;0,775629504909287;0,9044163063619518;0,8350867187420435;0,6058318598902123;0,3205405405405405;0,0955836936380481;0,7919378829107055;0,8663370969585558;0,0955836936380481;0,5142957780692805;0,5735565406536524;0,4595208682608312;0,5102448224761484;0,0410013626166521;0,4185945945945946;0,5404791317391688;0,5204631368331183;0,6653326120508871;0,5404791317391688
UNSW-NB15;RANDOM_L2;distributive;16;20;32,512616799911484;1,506870400160551;28,307341009571008;0,8033207015498227;0,775629504909287;0,9044163063619518;0,8350867187420435;0,6058318598902123;0,3205405405405405;0,0955836936380481;0,7919378829107055;0,8663370969585558;0,0955836936380481;0,5202472914541126;0,5812508705947904;0,4602488308479661;0,5137208071207849;0,0541742542355296;0,4062432432432432;0,5397511691520339;0,5270027938023615;0,6693433502112485;0,5397511691520339
UNSW-NB15;FGSM;distributive;32;5;152,47531499993056;3,599858599714935;36,47913326531604;0,8089199825098382;0,7675343456254519;0,9366451954469248;0,8436990819854548;0,6241031508330774;0,3475675675675675;0,063354804553075;0,7945388139396787;0,8695313485374515;0,063354804553075;0,4441286498566778;0,4545073375262054;0,0478249360275302;0,0865434513592271;-0,0479060456324679;0,0703243243243243;0,9521750639724698;0,4887503058516029;0,5132999365145154;0,9521750639724698
UNSW-NB15;RANDOM_LINF;distributive;32;5;152,47531499993056;3,832542300224304;29,49157071369577;0,8089199825098382;0,7675343456254519;0,9366451954469248;0,8436990819854548;0,6241031508330774;0,3475675675675675;0,063354804553075;0,7945388139396787;0,8695313485374515;0,063354804553075;0,5140042753728805;0,6348972863302055;0,2761184152475073;0,3848601780251203;0,0950891947890293;0,1945405405405405;0,7238815847524928;0,5407889373534834;0,6547924545881082;0,7238815847524928
UNSW-NB15;RANDOM_L2;distributive;32;5;152,47531499993056;3,6448988001793614;29,666472331535733;0,8089199825098382;0,7675343456254519;0,9366451954469248;0,8436990819854548;0,6241031508330774;0,3475675675675675;0,063354804553075;0,7945388139396787;0,8695313485374515;0,063354804553075;0,5122552591944809;0,636277452994154;0,2665004853083914;0,3756588255414418;0,0942983006473897;0,1866486486486486;0,7334995146916086;0,5399259183298714;0,6533213891094907;0,7334995146916086
UNSW-NB15;FGSM;distributive;32;10;147,72204320016317;2,3445656998082995;43,715687703444594;0,8274789875139679;0,7858297215896569;0,943924821318274;0,8576525294636415;0,6608730974089525;0,3151891891891892;0,0560751786817259;0,8143678160645424;0,8803147684174791;0,0560751786817259;0,3903221104795219;0,0774843641417651;0,00983852466249;0,0174600689007203;-0,2607634555509918;0,1435135135135135;0,99016147533751;0,4331625055744883;0,316252903373123;0,99016147533751
UNSW-NB15;RANDOM_LINF;distributive;32;10;147,72204320016317;2,463726300280541;23,949375698391883;0,8274789875139679;0,7858297215896569;0,943924821318274;0,8576525294636415;0,6608730974089525;0,3151891891891892;0,0560751786817259;0,8143678160645424;0,8803147684174791;0,0560751786817259;0,587985230530049;0,6802869422323348;0,4748742610076767;0,5593171897734359;0,2059940572051644;0,2734324324324324;0,5251257389923233;0,6007209142876221;0,7221477201158519;0,5251257389923233
UNSW-NB15;RANDOM_L2;distributive;32;10;147,72204320016317;2,4259235004428774;24,362337851625128;0,8274789875139679;0,7858297215896569;0,943924821318274;0,8576525294636415;0,6608730974089525;0,3151891891891892;0,0560751786817259;0,8143678160645424;0,8803147684174791;0,0560751786817259;0,5838556089977166;0,68364299933643;0,4545354275125739;0,5460303158787365;0,2032483426876538;0,2577027027027027;0,5454645724874261;0,5984163624049357;0,7192556128803635;0,5454645724874261
UNSW-NB15;FGSM;distributive;32;15;156,25886980001815;4,243745799874887;46,56634115532236;0,8179201282611864;0,7669687637483502;0,9614179828818494;0,853255283534168;0,6492320313405432;0,3578918918918919;0,0385820171181505;0,8017630454949789;0,8748150028151727;0,0385820171181505;0,3522567167079629;0,232078252713386;0,0764140121768287;0,1149722858375651;-0,3013192699912059;0,3097837837837838;0,9235859878231713;0,3833151141965225;0,4085093593799565;0,9235859878231713
UNSW-NB15;RANDOM_LINF;distributive;32;15;156,25886980001815;4,124507799977437;25,43603945003158;0,8179201282611864;0,7669687637483502;0,9614179828818494;0,853255283534168;0,6492320313405432;0,3578918918918919;0,0385820171181505;0,8017630454949789;0,8748150028151727;0,0385820171181505;0,5635597337608707;0,6752694588445903;0,3994088061413571;0,501933605932497;0,1741715795047654;0,2353243243243243;0,6005911938586429;0,5820422409085163;0,7026818910801573;0,6005911938586429
UNSW-NB15;RANDOM_L2;distributive;32;15;156,25886980001815;4,1723534998018295;25,72875674099986;0,8179201282611864;0,7669687637483502;0,9614179828818494;0,853255283534168;0,6492320313405432;0,3578918918918919;0,0385820171181505;0,8017630454949789;0,8748150028151727;0,0385820171181505;0,5606325608511878;0,6724800361609161;0,3938277596399894;0,4967445742904841;0,169028127926376;0,235;0,6061722403600106;0,5794138798199947;0,7000331186165778;0,6061722403600106
UNSW-NB15;FGSM;distributive;32;20;150,94818289997056;4,126025499077514;11,769421367147636;0,8171670796288198;0,7735477459571777;0,9444101297096974;0,8504822352672408;0,6418452353709904;0,3387297297297297;0,0555898702903026;0,8028401999899837;0,8742828293944345;0,0555898702903026;0,6994728659573435;0,761447619047619;0,6613870996205771;0,707898992999398;0,4058143088101471;0,2538648648648648;0,3386129003794229;0,7037611173778561;0,8046374924536627;0,3386129003794229
UNSW-NB15;RANDOM_LINF;distributive;32;20;150,94818289997056;4,090244499966502;17,740368265073116;0,8171670796288198;0,7735477459571777;0,9444101297096974;0,8504822352672408;0,6418452353709904;0,3387297297297297;0,0555898702903026;0,8028401999899837;0,8742828293944345;0,0555898702903026;0,6397633969780887;0,7070901931767131;0,5902453013323922;0,6434059129765669;0,290133369457195;0,2995675675675676;0,4097546986676079;0,6453388668824124;0,7614732177884884;0,4097546986676079
UNSW-NB15;RANDOM_L2;distributive;32;20;150,94818289997056;4,087039299774915;17,855754749064758;0,8171670796288198;0,7735477459571777;0,9444101297096974;0,8504822352672408;0,6418452353709904;0,3387297297297297;0,0555898702903026;0,8028401999899837;0,8742828293944345;0,0555898702903026;0,6386095321381723;0,7065171280093329;0,5878187593752757;0,6417252673152876;0,288188509262506;0,2991621621621622;0,4121812406247243;0,6443282986065568;0,7606414412388233;0,4121812406247243
UNSW-NB15;C&W;distributive;1;5;1,3597332001663744;0,3725448998156935;0,0012145945683328;0,8060778312199388;0,7689391164187852;0,9260787081973;0,8402249619726203;0,6158222705523537;0,3409459459459459;0,0739212918027;0,7925663811256769;0,8678594443004635;0,0739212918027;0,8060656852742555;0,7689250325109438;0,9260787081973;0,8402165537531647;0,6157992877003124;0,3409729729729729;0,0739212918027;0,7925528676121636;0,8678524023465427;0,0739212918027
UNSW-NB15;C&W;distributive;1;10;1,3691314000170678;0,3636470998171717;0,0012145945683328;0,7807049506874605;0,7653972640059157;0,8676652254478073;0,8133290598732437;0,5564779539505944;0,3258378378378378;0,1323347745521927;0,7709136938049848;0,8529630088040125;0,1323347745521927;0,7806928047417772;0,7653823701109165;0,8676652254478073;0,8133206509377391;0,556453773782165;0,3258648648648649;0,1323347745521927;0,7709001802914711;0,852955561856513;0,1323347745521927
UNSW-NB15;C&W;distributive;1;15;1,300355999963358;0,3454248995985836;0,0;0,8189282417529029;0,8189633481506332;0,8615988705550163;0,8397402820777434;0,633027205639278;0,2333513513513513;0,1384011294449836;0,8141237596018325;0,8783829409614339;0,1384011294449836;0,8189282417529029;0,8189633481506332;0,8615988705550163;0,8397402820777434;0,633027205639278;0,2333513513513513;0,1384011294449836;0,8141237596018325;0,8783829409614339;0,1384011294449836
UNSW-NB15;C&W;distributive;1;20;1,2693816998507828;0,3609583000652492;0,0;0,8028105718311228;0,8002104785291265;0,8554442777728757;0,8269060590875652;0,6002198246681891;0,2616756756756757;0,1445557222271243;0,7968843010485999;0,8676235691824348;0,1445557222271243;0,8028105718311228;0,8002104785291265;0,8554442777728757;0,8269060590875652;0,6002198246681891;0,2616756756756757;0,1445557222271243;0,7968843010485999;0,8676235691824348;0,1445557222271243
UNSW-NB15;C&W;distributive;2;5;2,6373892000410706;0,4852577000856399;-0,0012145945683328;0,7877738910751592;0,7307392867200053;0,9731315626930204;0,834694089932924;0,6003920580876533;0,4393243243243243;0,0268684373069796;0,766903619184348;0,8593323056276614;0,0268684373069796;0,7877860370208425;0,7307513914656771;0,9731315626930204;0,8347019867549669;0,600413760748448;0,4392972972972973;0,0268684373069796;0,7669171326978615;0,8593383580004972;0,0268684373069796
UNSW-NB15;C&W;distributive;2;10;2,678592700045556;0,4326552001293748;-0,0012145945683328;0,8057013069037555;0,7688866890318796;0,9252183887761404;0,8398394088965869;0,614888576562814;0,3407297297297297;0,0747816112238595;0,7922443295232054;0,8676399168372559;0,0747816112238595;0,8057134528494388;0,7689007846300506;0,9252183887761404;0,839847817380857;0,6149115795181433;0,3407027027027027;0,0747816112238595;0,7922578430367189;0,8676469646363414;0,0747816112238595
UNSW-NB15;C&W;distributive;2;15;2,6219949999358505;0,405944500118494;-0,0012145945683328;0,7876645775640091;0,7485275745136534;0,9251742698314656;0,8275290542806969;0,5807477945010614;0,3808108108108108;0,0748257301685343;0,7721817295103275;0,8574504460514887;0,0748257301685343;0,7876767235096924;0,7485409341590962;0,9251742698314656;0,827537218456803;0,5807707704426249;0,3807837837837838;0,0748257301685343;0,772195243023841;0,8574571258742101;0,0748257301685343
UNSW-NB15;C&W;distributive;2;20;2,5953881999012083;0,3717700000852346;-0,0012145945683328;0,7908225234416751;0,7551557621087793;0,91760787081973;0,8284934671765456;0,5846857102179668;0,3645135135135135;0,08239212918027;0,7765471786531081;0,8590643700278752;0,08239212918027;0,7908346693873585;0,7551694715247899;0,91760787081973;0,828501717870836;0,5847088592192352;0,3644864864864864;0,08239212918027;0,7765606921666217;0,8590712247358804;0,08239212918027
UNSW-NB15;C&W;distributive;4;5;5,83403590018861;0,572805899893865;-0,0012145945683328;0,7642593402322305;0,719876503418209;0,9361157681108268;0,8138778876305367;0,5403188566279481;0,4462972972972973;0,0638842318891732;0,7449092354067648;0,8455834651139811;0,0638842318891732;0,7642714861779139;0,7198887154780484;0,9361157681108268;0,813885692366705;0,540341699359806;0,4462702702702703;0,0638842318891732;0,7449227489202782;0,8455895711439008;0,0638842318891732
UNSW-NB15;C&W;distributive;4;10;5,285508699947968;0,5179203997831792;-0,0012145945683328;0,7689233833746295;0,7277386290839206;0,9272037412865084;0,8154507270416824;0,5459264911794227;0,425;0,0727962587134915;0,7511018706432542;0,8475119955627104;0,0727962587134915;0,7689355293203128;0,727751229309509;0,9272037412865084;0,8154586372807698;0,5459494898967956;0,424972972972973;0,0727962587134915;0,7511153841567677;0,8475182956755047;0,0727962587134915
UNSW-NB15;C&W;distributive;4;15;5,5850884998217225;0,4508342000190168;0,0;0,7691420103969295;0,7279812938425565;0,9271596223418336;0,8155859780531111;0,5463257522200076;0,4244594594594594;0,0728403776581664;0,751350081441187;0,8476234144153744;0,0728403776581664;0,7691420103969295;0,7279812938425565;0,9271596223418336;0,8155859780531111;0,5463257522200076;0,4244594594594594;0,0728403776581664;0,751350081441187;0,8476234144153744;0,0728403776581664
UNSW-NB15;C&W;distributive;4;20;5,198086299933493;0,4327673998195678;-0,0012145945683328;0,7927780206966915;0,7419012578078207;0,9563443042442424;0,8355835670299806;0,6013786407801915;0,4076216216216216;0,0436556957557575;0,7743613413113103;0,8611411942796876;0,0436556957557575;0,7927901666423748;0,7419139542047438;0,9563443042442424;0,8355916196056512;0,601400824317099;0,4075945945945946;0,0436556957557575;0,7743748548248239;0,8611475424781492;0,0436556957557575
UNSW-NB15;C&W;distributive;8;5;12,574077499797568;0,8681348001118749;0,0;0,7903366856143419;0,7449560178721027;0,94156445777817;0,8318002884203142;0,5910755762089985;0,3949459459459459;0,05843554222183;0,7733092559161121;0,8593475428827081;0,05843554222183;0,7903366856143419;0,7449560178721027;0,94156445777817;0,8318002884203142;0,5910755762089985;0,3949459459459459;0,05843554222183;0,7733092559161121;0,8593475428827081;0,05843554222183
UNSW-NB15;C&W;distributive;8;10;11,90114130009897;0,638509199488908;-0,0012145945683328;0,7946484963319244;0,7473588944776094;0,9472558016412248;0,8355174191790951;0,6011594024604773;0,3923243243243243;0,0527441983587752;0,7774657386584501;0,8618278261238392;0,0527441983587752;0,7946606422776077;0,7473719019771652;0,9472558016412248;0,8355255477293069;0,6011818287156389;0,3922972972972973;0,0527441983587752;0,7774792521719636;0,8618343298736171;0,0527441983587752
UNSW-NB15;C&W;distributive;8;15;12,952750299824402;0,5979863998945802;-0,0012145945683328;0,7959116746829908;0,7533254009128203;0,9357407570810906;0,8346828543599532;0,5994924761684128;0,3754054054054054;0,0642592429189093;0,7801676758378425;0,8622236488847269;0,0642592429189093;0,7959238206286742;0,7533387795695106;0,9357407570810906;0,8346910665092483;0,5995151966153144;0,3753783783783784;0,0642592429189093;0,7801811893513562;0,862230338213072;0,0642592429189093
UNSW-NB15;C&W;distributive;8;20;12,028371500084177;0,5137068000622094;0,0;0,805421950153039;0,7612384585219778;0,942093885114268;0,8420647908985153;0,6192885319563602;0,362027027027027;0,0579061148857319;0,7900334290436204;0,8676077255274948;0,0579061148857319;0,805421950153039;0,7612384585219778;0,942093885114268;0,8420647908985153;0,6192885319563602;0,362027027027027;0,0579061148857319;0,7900334290436204;0,8676077255274948;0,0579061148857319
UNSW-NB15;C&W;distributive;10;5;16,44016470015049;0,9091873997822404;-0,0012145945683328;0,8048753825972891;0,7548191617183555;0,956211947410218;0,8436633287595248;0,6234141038913039;0,3805405405405405;0,043788052589782;0,7878357034348387;0,8675704056549927;0,043788052589782;0,8048875285429724;0,7548323059241459;0,956211947410218;0,8436715389556044;0,6234362844231678;0,3805135135135135;0,043788052589782;0,7878492169483522;0,8675769777578879;0,043788052589782
UNSW-NB15;C&W;distributive;10;10;15,514619800029324;0,7663531000725925;-0,0012145945683328;0,8102438905893213;0,7574570601591071;0,96406511956234;0,8483630822389813;0,6364085767943365;0,3782162162162162;0,0359348804376599;0,792924451673062;0,8706539626197967;0,0359348804376599;0,8102560365350047;0,7574701885745979;0,96406511956234;0,8483713165353108;0,6364305346437241;0,3781891891891892;0,0359348804376599;0,7929379651865754;0,870660526827542;0,0359348804376599
UNSW-NB15;C&W;distributive;10;15;15,475801999913529;0,7319035993423313;0,0012145945683328;0,8220983335762523;0,7699290979785007;0,965366628430248;0,8566422957590706;0,6583765258207284;0,3534324324324324;0,034633371569752;0,8059670979989075;0,8771824305657892;0,034633371569752;0,822086187630569;0,7699155524278677;0,965366628430248;0,8566339114434482;0,658354568921023;0,3534594594594594;0,034633371569752;0,8059535844853942;0,8771756577904726;0,034633371569752
UNSW-NB15;C&W;distributive;10;20;14,645117799984291;0,5739421001635492;0,0;0,8210294903561192;0,7662136530530566;0,971322685961352;0,8566620297862819;0,6589563275211191;0,3631081081081081;0,0286773140386481;0,8041072889266219;0,8766630342013693;0,0286773140386481;0,8210294903561192;0,7662136530530566;0,971322685961352;0,8566620297862819;0,6589563275211191;0,3631081081081081;0,0286773140386481;0,8041072889266219;0,8766630342013693;0,0286773140386481
UNSW-NB15;C&W;distributive;16;5;25,2249398001004;4,596814100397751;-0,0012145945683328;0,7935553612204246;0,7495904021986153;0,9386084884849556;0,833517802047113;0,5960370691653696;0,3841621621621621;0,0613915115150445;0,7772231631613966;0,8610005287601403;0,0613915115150445;0,7935675071661079;0,7496036080476375;0,9386084884849556;0,833525966266382;0,5960597183322724;0,3841351351351351;0,0613915115150445;0,7772366766749101;0,8610071316846515;0,0613915115150445
UNSW-NB15;C&W;distributive;16;10;25,38663009996526;1,526533100055531;0,0;0,8073410095710052;0,7657828282828283;0,9365348980852378;0,842595165323701;0,6211164258493933;0,3509459459459459;0,0634651019147621;0,7927944760696459;0,8686308060495045;0,0634651019147621;0,8073410095710052;0,7657828282828283;0,9365348980852378;0,842595165323701;0,6211164258493933;0,3509459459459459;0,0634651019147621;0,7927944760696459;0,8686308060495045;0,0634651019147621
UNSW-NB15;C&W;distributive;16;15;23,761892499867827;4,95509110041894;0,0;0,8192197444493028;0,7692607003891051;0,959454689843819;0,8538950840270143;0,6508358555285129;0,3525945945945946;0,040545310156181;0,8034300476246123;0,8755198191994431;0,040545310156181;0,8192197444493028;0,7692607003891051;0,959454689843819;0,8538950840270143;0,6508358555285129;0,3525945945945946;0,040545310156181;0,8034300476246123;0,8755198191994431;0,040545310156181
UNSW-NB15;C&W;distributive;16;20;23,538152399938557;0,8415000999812037;0,0;0,8204586309090026;0,7713625866050808;0,9578222888908496;0,8545393713959576;0,6524831115185394;0,3478378378378378;0,0421777111091502;0,804992225526506;0,8762039618212296;0,0421777111091502;0,8204586309090026;0,7713625866050808;0,9578222888908496;0,8545393713959576;0,6524831115185394;0,3478378378378378;0,0421777111091502;0,804992225526506;0,8762039618212296;0,0421777111091502
UNSW-NB15;C&W;distributive;32;5;59,18789079994895;5,273816800210625;-0,0012145945683328;0,8148350580576204;0,7606424450335256;0,968454954557487;0,8520606701666198;0,6465831206205198;0,3733783783783784;0,031545045442513;0,7975382880895543;0,873233050959088;0,031545045442513;0,8148472040033037;0,7606556240903736;0,968454954557487;0,8520689387469917;0,6466049543730921;0,3733513513513513;0,031545045442513;0,7975518016030678;0,8732396404875118;0,031545045442513
UNSW-NB15;C&W;distributive;32;10;56,7369804000482;5,841632699361071;-0,0012145945683328;0,8188918039158529;0,7603779721656367;0,979859701755934;0,8562781328012801;0,6591126676831645;0,3783243243243243;0,020140298244066;0,8007676887158048;0,8756634611652259;0,020140298244066;0,8189039498615363;0,7603909887702;0,979859701755934;0,8562863862435902;0,6591341428093836;0,3782972972972973;0,020140298244066;0,8007812022293184;0,8756699694675076;0,020140298244066
UNSW-NB15;C&W;distributive;32;15;53,44477179995738;3,292211599647999;0,0;0,8191104309381528;0,7640578100872704;0,9714550427953764;0,8553642358379706;0,6555767783741007;0,3675405405405405;0,0285449572046236;0,8019572511274178;0,8756148532984384;0,0285449572046236;0,8191104309381528;0,7640578100872704;0,9714550427953764;0,8553642358379706;0,6555767783741007;0,3675405405405405;0,0285449572046236;0,8019572511274178;0,8756148532984384;0,0285449572046236
UNSW-NB15;C&W;distributive;32;20;44,10729399998672;3,873585600405932;0,0;0,827855511830151;0,7714056756615508;0,9768154945733698;0,8620431206502166;0,6735819531792275;0,3546486486486486;0,0231845054266301;0,8110834229623606;0,8804932795740507;0,0231845054266301;0,827855511830151;0,7714056756615508;0,9768154945733698;0,8620431206502166;0,6735819531792275;0,3546486486486486;0,0231845054266301;0,8110834229623606;0,8804932795740507;0,0231845054266301
UNSW-NB15;FGSM;gaussian;1;5;0,3050854206085205;0,2359600067138672;61,04795219355778;0,7687047563523296;0,7259009744444636;0,9317479925880172;0,8160434316405684;0,5470777445664272;0,431054054054054;0,0682520074119827;0,7503469692669816;0,8476142614883533;0,0682520074119827;0,1582252344167516;0,04237773450922;0,024486014294538;0,0310380985669346;-0,6978777379629849;0,6779189189189189;0,975513985705462;0,1732835476878096;0,3019908794060086;0,975513985705462
UNSW-NB15;RANDOM_LINF;gaussian;1;5;0,3050854206085205;0,2878491878509521;21,39022494291406;0,7687047563523296;0,7259009744444636;0,9317479925880172;0,8160434316405684;0,5470777445664272;0,431054054054054;0,0682520074119827;0,7503469692669816;0,8476142614883533;0,0682520074119827;0,554802506923189;0,5557396844971996;0,9543148327891996;0,7024257972332273;0,043031565931759;0,9346756756756756;0,0456851672108003;0,5098195785567621;0,7676043853982888;0,0456851672108003
UNSW-NB15;RANDOM_L2;gaussian;1;5;0,3050854206085205;0,2995619773864746;21,452169265899045;0,7687047563523296;0,7259009744444636;0,9317479925880172;0,8160434316405684;0,5470777445664272;0,431054054054054;0,0682520074119827;0,7503469692669816;0,8476142614883533;0,0682520074119827;0,5541830636933391;0,5553388841135644;0,9548883790699726;0,7022607256710388;0,0401657115275636;0,9367567567567568;0,0451116209300273;0,509065811156608;0,7675328610529744;0,0451116209300273
UNSW-NB15;FGSM;gaussian;1;10;0,2948629856109619;0,2275090217590332;62,183598114949234;0,7970048097944906;0,7471885850507005;0,9541604164828378;0,8380852733455402;0,6081971889179721;0,3955405405405405;0,0458395835171622;0,7793099379711486;0,86329413833175;0,0458395835171622;0,1751688286449983;0,0780444045750168;0,0460601782405364;0,0579308048719584;-0,6591149862699108;0,6666486486486487;0,9539398217594636;0,1897057647959439;0,3246719289727575;0,9539398217594636
UNSW-NB15;RANDOM_LINF;gaussian;1;10;0,2948629856109619;0,2522823810577392;25,047369188164996;0,7970048097944906;0,7471885850507005;0,9541604164828378;0,8380852733455402;0,6081971889179721;0,3955405405405405;0,0458395835171622;0,7793099379711486;0,86329413833175;0,0458395835171622;0,5465311179128407;0,5536632175115084;0,9100414718079944;0,6884674115300852;0,0190073194937898;0,8988378378378379;0,0899585281920056;0,5056018169850782;0,756617927908063;0,0899585281920056
UNSW-NB15;RANDOM_L2;gaussian;1;10;0,2948629856109619;0,2230942249298095;25,07530486323666;0,7970048097944906;0,7471885850507005;0,9541604164828378;0,8380852733455402;0,6081971889179721;0,3955405405405405;0,0458395835171622;0,7793099379711486;0,86329413833175;0,0458395835171622;0,546251761162124;0,5534923659001261;0,9100414718079944;0,6883353077603324;0,017976400535895;0,8994594594594595;0,0899585281920056;0,5052910061742675;0,756532502102372;0,0899585281920056
UNSW-NB15;FGSM;gaussian;1;15;0,2828867435455322;0,2117977142333984;24,78380216683671;0,7590730214254482;0,7473706679085652;0,8496205770757963;0,7952222658105011;0,5116952327588428;0,3518648648648648;0,1503794229242036;0,7488778561054659;0,8398950783538142;0,1503794229242036;0,5112349997570811;0,5332984498659167;0,8993205682520075;0,6695517215894627;-0,1253366686516582;0,9642432432432432;0,1006794317479925;0,4675386625043821;0,7440265571083232;0,1006794317479925
UNSW-NB15;RANDOM_LINF;gaussian;1;15;0,2828867435455322;0,1711606979370117;20,84122819802749;0,7590730214254482;0,7473706679085652;0,8496205770757963;0,7952222658105011;0,5116952327588428;0,3518648648648648;0,1503794229242036;0,7488778561054659;0,8398950783538142;0,1503794229242036;0,5506607394451732;0,550920440247731;0,9948822024177182;0,7091473721451315;0,0085105310272972;0,9935945945945946;0,0051177975822818;0,5006438039115618;0,7743102510319909;0,0051177975822818
UNSW-NB15;RANDOM_L2;gaussian;1;15;0,2828867435455322;0,1814737319946289;20,846086576300827;0,7590730214254482;0,7473706679085652;0,8496205770757963;0,7952222658105011;0,5116952327588428;0,3518648648648648;0,1503794229242036;0,7488778561054659;0,8398950783538142;0,1503794229242036;0,5506121556624399;0,5509022271633294;0,9947277861113564;0,7090930534261116;0,0079420833252074;0,9935135135135136;0,0052722138886437;0,5006071362989214;0,7742664471465008;0,0052722138886437
UNSW-NB15;FGSM;gaussian;1;20;0,2802526950836181;0,718071699142456;56,19807608220376;0,7857819559830929;0,7573262966197759;0,8990117356392835;0,8221090322255282;0,5708703970193034;0,3529459459459459;0,1009882643607164;0,7730328948466687;0,8559710857986741;0,1009882643607164;0,2238011951610552;0,2067386636352153;0,1444233653930998;0,170051948051948;-0,5465240812743754;0,6789459459459459;0,8555766346069003;0,2327387097235769;0,4111212661781522;0,8555766346069003
UNSW-NB15;RANDOM_LINF;gaussian;1;20;0,2802526950836181;0,1710283756256103;23,52305300490697;0,7857819559830929;0,7573262966197759;0,8990117356392835;0,8221090322255282;0,5708703970193034;0,3529459459459459;0,1009882643607164;0,7730328948466687;0,8559710857986741;0,1009882643607164;0,5505514259340232;0,5505916944086701;0,9996691079149388;0,7100863379244425;-0,0009405302797384;0,9997027027027028;0,0003308920850613;0,499983202606118;0,7752214957544293;0,0003308920850613
UNSW-NB15;RANDOM_L2;gaussian;1;20;0,2802526950836181;0,1705985069274902;23,521838410338635;0,7857819559830929;0,7573262966197759;0,8990117356392835;0,8221090322255282;0,5708703970193034;0,3529459459459459;0,1009882643607164;0,7730328948466687;0,8559710857986741;0,1009882643607164;0,5505635718797065;0,5505922371378242;0,9997794052766258;0,7101146129560428;-0,0010872903534975;0,9998108108108108;0,0002205947233742;0,4999842972329075;0,7752465509356417;0,0002205947233742
UNSW-NB15;FGSM;gaussian;2;5;0,5580334663391113;0,4235661029815674;60,89855706165282;0,7729072535587621;0,7392952760857456;0,907614929850878;0,8148536911422488;0,5478805529300566;0,3921351351351351;0,092385070149122;0,7577398973578714;0,8488887132292068;0,092385070149122;0,1639216829422339;0,0400391389432485;0,0225668402011823;0,0288648740159702;-0,6884985031357196;0,6628918918918919;0,9774331597988176;0,1798374741546452;0,30039034321357;0,9774331597988176
UNSW-NB15;RANDOM_LINF;gaussian;2;5;0,5580334663391113;0,5623140335083008;22,23072438420055;0,7729072535587621;0,7392952760857456;0,907614929850878;0,8148536911422488;0,5478805529300566;0,3921351351351351;0,092385070149122;0,7577398973578714;0,8488887132292068;0,092385070149122;0,5506000097167566;0,5506000097167566;1,0;0,710176713873919;0,0;1,0;0,0;0,5;0,7753000048583782;0,0
UNSW-NB15;RANDOM_L2;gaussian;2;5;0,5580334663391113;0,6975736618041992;22,23072438420055;0,7729072535587621;0,7392952760857456;0,907614929850878;0,8148536911422488;0,5478805529300566;0,3921351351351351;0,092385070149122;0,7577398973578714;0,8488887132292068;0,092385070149122;0,5506000097167566;0,5506000097167566;1,0;0,710176713873919;0,0;1,0;0,0;0,5;0,7753000048583782;0,0
UNSW-NB15;FGSM;gaussian;2;10;0,530266284942627;0,3732891082763672;65,37069426225526;0,813535441869504;0,766176575040841;0,9518221124150712;0,8489689910278608;0,6376209084266985;0,3558918918918919;0,0481778875849289;0,7979651102615897;0,8722627164141533;0,0481778875849289;0,1598284992469513;0,0279944565432587;0,0155960469425571;0,0200320172269681;-0,69884763659189;0,6634594594594595;0,9844039530574428;0,1760682937415488;0,2928016648022288;0,9844039530574428
UNSW-NB15;RANDOM_LINF;gaussian;2;10;0,530266284942627;0,4322247505187988;25,370451343341596;0,813535441869504;0,766176575040841;0,9518221124150712;0,8489689910278608;0,6376209084266985;0,3558918918918919;0,0481778875849289;0,7979651102615897;0,8722627164141533;0,0481778875849289;0,5598309284360881;0,5585930451370092;0,9560354716315186;0,7051692998584422;0,0649688104202014;0,9255945945945946;0,0439645283684814;0,515220438518462;0,7694176932577032;0,0439645283684814
UNSW-NB15;RANDOM_L2;gaussian;2;10;0,530266284942627;0,4370908737182617;25,62794539182821;0,813535441869504;0,766176575040841;0,9518221124150712;0,8489689910278608;0,6376209084266985;0,3558918918918919;0,0481778875849289;0,7979651102615897;0,8722627164141533;0,0481778875849289;0,5572559879512219;0,5570870191318659;0,9557928174358068;0,7039022646781687;0,0538816436973597;0,931027027027027;0,044207182564193;0,51238289520439;0,768610155858534;0,044207182564193
UNSW-NB15;FGSM;gaussian;2;15;0,5426120758056641;0,3556666374206543;59,08759656026818;0,8233493659816353;0,784747142170101;0,9358731139151152;0,8536732599553293;0,6509345996961913;0,3145135135135135;0,0641268860848848;0,8106798002008008;0,8779642600933295;0,0641268860848848;0,2324734003789535;0,2589353201598099;0,2115944586605488;0,2328833640866271;-0,5302938426628785;0,741945945945946;0,7884055413394512;0,2348242563573014;0,4523129387713027;0,7884055413394512
UNSW-NB15;RANDOM_LINF;gaussian;2;15;0,5426120758056641;0,4982907772064209;27,96482534130107;0,8233493659816353;0,784747142170101;0,9358731139151152;0,8536732599553293;0,6509345996961913;0,3145135135135135;0,0641268860848848;0,8106798002008008;0,8779642600933295;0,0641268860848848;0,5437011125686246;0,5563131020076593;0,8459807641401218;0,6712290405012777;0,026053859911178;0,8266486486486486;0,1540192358598782;0,5096660577457366;0,7435484294543988;0,1540192358598782
UNSW-NB15;RANDOM_L2;gaussian;2;15;0,5426120758056641;0,5281920433044434;28,10450371665938;0,8233493659816353;0,784747142170101;0,9358731139151152;0,8536732599553293;0,6509345996961913;0,3145135135135135;0,0641268860848848;0,8106798002008008;0,8779642600933295;0,0641268860848848;0,5423043288150415;0,555735291974526;0,8412159181152387;0,6693052276855842;0,0230932808331035;0,8239189189189189;0,1587840818847613;0,5086484995981599;0,7421888635591902;0,1587840818847613
UNSW-NB15;FGSM;gaussian;2;20;0,5179135799407959;0,4050779342651367;59,966963027741336;0,8203007336151192;0,7677979479084451;0,965675461042972;0,855442758458968;0,6552537349431193;0,3578108108108108;0,0343245389570281;0,8039323251160806;0,8761862502173399;0,0343245389570281;0,2206311033377058;0,3071804426608792;0,3309582634783376;0,3186263578732757;-0,590947724937674;0,9145405405405406;0,6690417365216624;0,2082088614688985;0,5032565463844799;0,6690417365216624
UNSW-NB15;RANDOM_LINF;gaussian;2;20;0,5179135799407959;0,4467954635620117;27,24578535684789;0,8203007336151192;0,7677979479084451;0,965675461042972;0,855442758458968;0,6552537349431193;0,3578108108108108;0,0343245389570281;0,8039323251160806;0,8761862502173399;0,0343245389570281;0,5478428800466404;0,555734345559819;0,8913791582105356;0,6846318714366798;0,0283752428896831;0,873054054054054;0,1086208417894643;0,5091625520782408;0,753460070157538;0,1086208417894643
UNSW-NB15;RANDOM_L2;gaussian;2;20;0,5179135799407959;0,3535637855529785;27,119467521741235;0,8203007336151192;0,7677979479084451;0,965675461042972;0,855442758458968;0,6552537349431193;0,3578108108108108;0,0343245389570281;0,8039323251160806;0,8761862502173399;0,0343245389570281;0,5491060583977069;0,5567209761894891;0,8886879025853701;0,6845830324142912;0,0331526193858617;0,866945945945946;0,1113120974146298;0,5108709783197121;0,7533486603464735;0,1113120974146298
UNSW-NB15;FGSM;gaussian;4;5;1,188917636871338;0,8203506469726562;60,85361706262449;0,7689476752659962;0,72207309867477;0,9435277508162004;0,8180783612420744;0,5520427923013016;0,4449459459459459;0,0564722491837995;0,7492909024351272;0,8483472352201488;0,0564722491837995;0,1604115046397512;0,0298011936287103;0,0166328421424159;0,0213497940056347;-0,6973466220929987;0,6634324324324324;0,983367157857584;0,1766002048549917;0,2939380012213257;0,983367157857584
UNSW-NB15;RANDOM_LINF;gaussian;4;5;1,188917636871338;1,101065158843994;21,83476655492396;0,7689476752659962;0,72207309867477;0,9435277508162004;0,8180783612420744;0,5520427923013016;0,4449459459459459;0,0564722491837995;0,7492909024351272;0,8483472352201488;0,0564722491837995;0,5506000097167566;0,5506000097167566;1,0;0,710176713873919;0,0;1,0;0,0;0,5;0,7753000048583782;0,0
UNSW-NB15;RANDOM_L2;gaussian;4;5;1,188917636871338;1,0820262432098389;21,83476655492396;0,7689476752659962;0,72207309867477;0,9435277508162004;0,8180783612420744;0,5520427923013016;0,4449459459459459;0,0564722491837995;0,7492909024351272;0,8483472352201488;0,0564722491837995;0,5506000097167566;0,5506000097167566;1,0;0,710176713873919;0,0;1,0;0,0;0,5;0,7753000048583782;0,0
UNSW-NB15;FGSM;gaussian;4;10;1,0390517711639404;0,6940402984619141;63,13584025652238;0,7979279016664238;0,758872670191076;0,9277993470396187;0,834876681058012;0,6008884602974307;0,3611891891891892;0,0722006529603811;0,7833050789252148;0,8632128487261184;0,0722006529603811;0,1665694991012;0,0601435587457499;0,0351186799611753;0,044344168686109;-0,6787104638732816;0,6723783783783783;0,9648813200388248;0,1813701507913985;0,3132629514479095;0,9648813200388248
UNSW-NB15;RANDOM_LINF;gaussian;4;10;1,0390517711639404;0,8063914775848389;24,759510275470053;0,7979279016664238;0,758872670191076;0,9277993470396187;0,834876681058012;0,6008884602974307;0,3611891891891892;0,0722006529603811;0,7833050789252148;0,8632128487261184;0,0722006529603811;0,5503327989117233;0,5506188782223088;0,997021971234448;0,7094399447479124;0,0006900908716513;0,996945945945946;0,0029780287655519;0,500038012644251;0,7746402760620033;0,0029780287655519
UNSW-NB15;RANDOM_L2;gaussian;4;10;1,0390517711639404;0,8087830543518066;24,768012437448384;0,7979279016664238;0,758872670191076;0,9277993470396187;0,834876681058012;0,6008884602974307;0,3611891891891892;0,0722006529603811;0,7833050789252148;0,8632128487261184;0,0722006529603811;0,55024777729194;0,5505953469099241;0,9966028412600372;0,7093142834713664;-0,000160752567447;0,9966216216216216;0,0033971587399629;0,4999906098192077;0,774534331902597;0,0033971587399629
UNSW-NB15;FGSM;gaussian;4;15;1,0498571395874023;0,6341080665588379;60,73458679492786;0,805021133945489;0,7552792648264076;0,9554619253507456;0,843658391686713;0,6233828726706718;0,3792972972972973;0,0445380746492543;0,7880823140267241;0,8676319272558992;0,0445380746492543;0,1976752659962104;0,0303648311806027;0,0147798464660725;0,0198821906019555;-0,6328157191193954;0,5782432432432433;0,9852201535339274;0,2182683016114146;0,2938034518778001;0,9852201535339274
UNSW-NB15;RANDOM_LINF;gaussian;4;15;1,0498571395874023;0,9027864933013916;23,270417334693683;0,805021133945489;0,7552792648264076;0,9554619253507456;0,843658391686713;0,6233828726706718;0,3792972972972973;0,0445380746492543;0,7880823140267241;0,8676319272558992;0,0445380746492543;0,5723169605985522;0,5848025742441509;0,7697432277419924;0,664647619047619;0,1115646208885962;0,6695675675675675;0,2302567722580075;0,5500878300872125;0,7406625915143757;0,2302567722580075
UNSW-NB15;RANDOM_L2;gaussian;4;15;1,0498571395874023;0,8713808059692383;23,79147840450858;0,805021133945489;0,7552792648264076;0,9554619253507456;0,843658391686713;0,6233828726706718;0,3792972972972973;0,0445380746492543;0,7880823140267241;0,8676319272558992;0,0445380746492543;0,5671063499004032;0,5811872727577367;0,7651769169681462;0,6606103889920487;0,0998175228432652;0,6755675675675675;0,2348230830318538;0,5448046747002893;0,7378288907624702;0,2348230830318538
UNSW-NB15;FGSM;gaussian;4;20;1,0593292713165283;0,614332914352417;61,42812029344604;0,7955108584754409;0,7596872379980316;0,9194608664960734;0,8319726940657498;0,5940825698557978;0,3563513513513514;0,0805391335039265;0,781554757572361;0,8617464760919731;0,0805391335039265;0,1812296555409804;0,0951630056107668;0,0572443307156092;0,0714866186416165;-0,6443151579785669;0,6668648648648648;0,9427556692843908;0,1951897329253722;0,3357443084974445;0,9427556692843908
UNSW-NB15;RANDOM_LINF;gaussian;4;20;1,0593292713165283;0,6623895168304443;24,225088665403494;0,7955108584754409;0,7596872379980316;0,9194608664960734;0,8319726940657498;0,5940825698557978;0,3563513513513514;0,0805391335039265;0,781554757572361;0,8617464760919731;0,0805391335039265;0,553259971821406;0,560653133024074;0,8718124062472425;0,6824378577657287;0,0493104559197841;0,837027027027027;0,1281875937527574;0,5173926896101078;0,7515228148185763;0,1281875937527574
UNSW-NB15;RANDOM_L2;gaussian;4;20;1,0593292713165283;0,7054479122161865;24,45707622795511;0,7955108584754409;0,7596872379980316;0,9194608664960734;0,8319726940657498;0,5940825698557978;0,3563513513513514;0,0805391335039265;0,781554757572361;0,8617464760919731;0,0805391335039265;0,5509400961958898;0,5591565242003963;0,871569752051531;0,681253879577902;0,0423229986172313;0,8418918918918918;0,128430247948469;0,5148389300798195;0,7507199860101398;0,128430247948469
UNSW-NB15;FGSM;gaussian;8;5;2,447157382965088;1,6805698871612549;64,38687266190544;0,8037943934314725;0,7626093530618857;0,9345716050472072;0,8398786749400313;0,6138877437922594;0,3564324324324324;0,0654283949527927;0,7890695863073875;0,8666029165029262;0,0654283949527927;0,159925666812418;0,0268789454877516;0,0149342627724344;0,0192004991562557;-0,6989796107763483;0,6624324324324324;0,9850657372275656;0,176250915170001;0,2920952063746638;0,9850657372275656
UNSW-NB15;RANDOM_LINF;gaussian;8;5;2,447157382965088;2,2701754570007324;25,31943837147159;0,8037943934314725;0,7626093530618857;0,9345716050472072;0,8398786749400313;0,6138877437922594;0,3564324324324324;0,0654283949527927;0,7890695863073875;0,8666029165029262;0,0654283949527927;0,5506000097167566;0,5506000097167566;1,0;0,710176713873919;0,0;1,0;0,0;0,5;0,7753000048583782;0,0
UNSW-NB15;RANDOM_L2;gaussian;8;5;2,447157382965088;2,2185418605804443;25,31943837147159;0,8037943934314725;0,7626093530618857;0,9345716050472072;0,8398786749400313;0,6138877437922594;0,3564324324324324;0,0654283949527927;0,7890695863073875;0,8666029165029262;0,0654283949527927;0,5506000097167566;0,5506000097167566;1,0;0,710176713873919;0,0;1,0;0,0;0,5;0,7753000048583782;0,0
UNSW-NB15;FGSM;gaussian;8;10;2,163451194763184;1,4898974895477295;60,18559005004129;0,7962760530534907;0,7472084206152727;0,9521088855554576;0,8373053979339444;0,6060362281056944;0,3946486486486486;0,0478911144445424;0,7787301184534043;0,8628430771246208;0,0478911144445424;0,1944201525530778;0,0303369278267484;0,0149563222447719;0,0200351649650566;-0,6384153621613616;0,5857027027027027;0,985043677755228;0,2146268097710346;0,2938291543074892;0,985043677755228
UNSW-NB15;RANDOM_LINF;gaussian;8;10;2,163451194763184;1,5604000091552734;24,54695622601175;0,7962760530534907;0,7472084206152727;0,9521088855554576;0,8373053979339444;0,6060362281056944;0,3946486486486486;0,0478911144445424;0,7787301184534043;0,8628430771246208;0,0478911144445424;0,5508064907933732;0,5507322112171112;0,9996691079149388;0,7102031860958963;0,0111202142575042;0,9991351351351352;0,0003308920850613;0,5002669863899017;0,7752917541586499;0,0003308920850613
UNSW-NB15;RANDOM_L2;gaussian;8;10;2,163451194763184;1,55743408203125;24,555458387990083;0,7962760530534907;0,7472084206152727;0,9521088855554576;0,8373053979339444;0,6060362281056944;0,3946486486486486;0,0478911144445424;0,7787301184534043;0,8628430771246208;0,0478911144445424;0,5507214691735899;0,5506841325005468;0,999691167387276;0,7101687743876639;0,0078699375662395;0,9993513513513512;0,0003088326127239;0,5001699080179625;0,7752726715636948;0,0003088326127239
UNSW-NB15;FGSM;gaussian;8;15;2,145803213119507;1,2469475269317627;65,10226886265364;0,8121022202788709;0,7585006925207757;0,9664475425747816;0,8499398595429325;0,6407883655971363;0,377;0,0335524574252183;0,7947237712873908;0,8717111092399518;0,0335524574252183;0,1610795316523344;0,0291200507815599;0,0161916526956675;0,0208114775014885;-0,6963667785673441;0,6614054054054054;0,9838083473043324;0,177393123645131;0,2934982945312096;0,9838083473043324
UNSW-NB15;RANDOM_LINF;gaussian;8;15;2,145803213119507;1,2828738689422607;26,1417188942331;0,8121022202788709;0,7585006925207757;0,9664475425747816;0,8499398595429325;0,6407883655971363;0,377;0,0335524574252183;0,7947237712873908;0,8717111092399518;0,0335524574252183;0,5506850313365399;0,5532537199054857;0,9555501632400952;0,7007692494358029;0,0234939745896481;0,9453513513513514;0,0444498367599047;0,505099405944372;0,7666389818487463;0,0444498367599047
UNSW-NB15;RANDOM_L2;gaussian;8;15;2,145803213119507;1,2971255779266355;26,07734538211145;0,8121022202788709;0,7585006925207757;0,9664475425747816;0,8499398595429325;0,6407883655971363;0,377;0,0335524574252183;0,7947237712873908;0,8717111092399518;0,0335524574252183;0,5513287664577564;0,5535572971179128;0,9566972558016412;0,7013211727227154;0,026357163055259;0,9453243243243244;0,0433027441983587;0,5056864657386585;0,7670485221479663;0,0433027441983587
UNSW-NB15;FGSM;gaussian;8;20;2,064291715621948;1,2124238014221191;63,47957051936064;0,7971141233056406;0,7509995090131164;0,944763081267096;0,8368112543962485;0,6047995737398807;0,3837837837837838;0,0552369187329039;0,7804896487416562;0,8630880191356365;0,0552369187329039;0,1623184181120342;0,036258044263067;0,0203829524397776;0,0260957975598734;-0,6922987166305345;0,6637837837837838;0,9796170475602224;0,1782995843279969;0,2980090763041017;0,9796170475602224
UNSW-NB15;RANDOM_LINF;gaussian;8;20;2,064291715621948;1,3256101608276367;23,48175678958364;0,7971141233056406;0,7509995090131164;0,944763081267096;0,8368112543962485;0,6047995737398807;0,3837837837837838;0,0552369187329039;0,7804896487416562;0,8630880191356365;0,0552369187329039;0,5622965554098042;0,5702368178452145;0,8323480102355951;0,6768011049228259;0,0798734712701763;0,7685675675675676;0,1676519897644048;0,5318902213340138;0,7474470076370623;0,1676519897644048
UNSW-NB15;RANDOM_L2;gaussian;8;20;2,064291715621948;1,3493623733520508;23,64572705630861;0,7971141233056406;0,7509995090131164;0,944763081267096;0,8368112543962485;0,6047995737398807;0,3837837837837838;0,0552369187329039;0,7804896487416562;0,8630880191356365;0,0552369187329039;0,5606568527425545;0,5693855290267846;0,8290832083296568;0,6751212502245375;0,0759405192901008;0,7682162162162162;0,1709167916703432;0,5304334960567203;0,7462877622554447;0,1709167916703432
UNSW-NB15;FGSM;gaussian;10;5;3,112658739089966;2,164026975631714;63,02288296166739;0,7902030802118253;0,7438683098958786;0,9440130592076238;0,8320743527673268;0,5917214272669388;0,3982432432432432;0,0559869407923762;0,7728849079821902;0,8593538896238981;0,0559869407923762;0,1599742505951513;0,0270334643324997;0,0150225006617841;0,0193128482906285;-0,6988533275928067;0,6624324324324324;0,984977499338216;0,1762950341146758;0,2921922928503461;0,984977499338216
UNSW-NB15;RANDOM_LINF;gaussian;10;5;3,112658739089966;2,821898460388184;23,960307049506863;0,7902030802118253;0,7438683098958786;0,9440130592076238;0,8320743527673268;0,5917214272669388;0,3982432432432432;0,0559869407923762;0,7728849079821902;0,8593538896238981;0,0559869407923762;0,5506000097167566;0,5506000097167566;1,0;0,710176713873919;0,0;1,0;0,0;0,5;0,7753000048583782;0,0
UNSW-NB15;RANDOM_L2;gaussian;10;5;3,112658739089966;2,7345399856567383;23,960307049506863;0,7902030802118253;0,7438683098958786;0,9440130592076238;0,8320743527673268;0,5917214272669388;0,3982432432432432;0,0559869407923762;0,7728849079821902;0,8593538896238981;0,0559869407923762;0,5506000097167566;0,5506000097167566;1,0;0,710176713873919;0,0;1,0;0,0;0,5;0,7753000048583782;0,0
UNSW-NB15;FGSM;gaussian;10;10;2,9876039028167725;1,9381980895996092;65,38041101880192;0,8137540688918039;0,759076933706429;0,9694255713403336;0,8514521535272122;0,6450706790601409;0,376972972972973;0,0305744286596664;0,7962262991836804;0,8726683928819297;0,0305744286596664;0,1599499587037846;0,0272564967268399;0,0151548574958087;0,0194791386081063;-0,698835326304593;0,6626486486486487;0,9848451425041912;0,17625310442358;0,2923335496274784;0,9848451425041912
UNSW-NB15;RANDOM_LINF;gaussian;10;10;2,9876039028167725;1,933835506439209;26,3105475392314;0,8137540688918039;0,759076933706429;0,9694255713403336;0,8514521535272122;0,6450706790601409;0,376972972972973;0,0305744286596664;0,7962262991836804;0,8726683928819297;0,0305744286596664;0,5506485934994899;0,5506316812439261;0,9999117621106504;0,710180804061041;0,0052734693510495;0,9997837837837836;8,823788934968675e-05;0,5000639891634333;0,775296013568655;8,823788934968675e-05
UNSW-NB15;RANDOM_L2;gaussian;10;10;2,9876039028167725;1,9799461364746092;26,312976728368064;0,8137540688918039;0,759076933706429;0,9694255713403336;0,8514521535272122;0,6450706790601409;0,376972972972973;0,0305744286596664;0,7962262991836804;0,8726683928819297;0,0305744286596664;0,5506243016081233;0,5506158443262152;0,9999558810553252;0,7101787588713594;0,003728770052861;0,999891891891892;4,4118944674843376e-05;0,5000319945817167;0,7752980086364536;4,4118944674843376e-05
UNSW-NB15;FGSM;gaussian;10;15;2,593630075454712;1,6616499423980713;64,4949715784871;0,8057741825778555;0,7532584114488926;0,962543015971058;0,8451369856380557;0,6276695917159414;0,3862972972972973;0,037456984028942;0,7881228593368803;0,8682126215951231;0,037456984028942;0,1608244667929845;0,0397148281607191;0,0226109591458572;0,0288160132694226;-0,6940034923780468;0,6698378378378378;0,9773890408541428;0,1763865606540097;0,3002381013489594;0,9773890408541428
UNSW-NB15;RANDOM_LINF;gaussian;10;15;2,593630075454712;1,6012029647827148;24,873682164893356;0,8057741825778555;0,7532584114488926;0,962543015971058;0,8451369856380557;0,6276695917159414;0,3862972972972973;0,037456984028942;0,7881228593368803;0,8682126215951231;0,037456984028942;0,557037360928922;0,5558975652832093;0,972072708020824;0,70730806889135;0,0541867021109068;0,9514594594594594;0,0279272919791758;0,5103066242806823;0,7716735202695653;0,0279272919791758
UNSW-NB15;RANDOM_L2;gaussian;10;15;2,593630075454712;1,5903708934783936;24,98299567604333;0,8057741825778555;0,7532584114488926;0,962543015971058;0,8451369856380557;0,6276695917159414;0,3862972972972973;0,037456984028942;0,7881228593368803;0,8682126215951231;0,037456984028942;0,5559442258174222;0,5552810688177464;0,97185211329745;0,7067505133470225;0,0484590383109058;0,9536216216216216;0,02814788670255;0,5091152458379141;0,7713157044035633;0,02814788670255
UNSW-NB15;FGSM;gaussian;10;20;2,713104486465454;1,547027826309204;64,23747753000049;0,8022518583296896;0,7515020344558913;0,9574472778611136;0,8420654398711768;0,6191274168790415;0,3878918918918919;0,0425527221388864;0,7847776929846109;0,8661894207700751;0,0425527221388864;0,1598770830296847;0,0272875104112957;0,0151769169681461;0,0195052803175278;-0,6989537437820879;0,6628378378378378;0,9848230830318538;0,1761695395651542;0,2923540132330334;0,9848230830318538
UNSW-NB15;RANDOM_LINF;gaussian;10;20;2,713104486465454;1,8337984085083008;24,15342758587185;0,8022518583296896;0,7515020344558913;0,9574472778611136;0,8420654398711768;0,6191274168790415;0,3878918918918919;0,0425527221388864;0,7847776929846109;0,8661894207700751;0,0425527221388864;0,5607175824709711;0,5620859244807543;0,9151813288626136;0,6964353161380213;0,067949985568883;0,8735675675675676;0,0848186711373863;0,520806880647523;0,7619842072478876;0,0848186711373863
UNSW-NB15;RANDOM_L2;gaussian;10;20;2,713104486465454;1,6612660884857178;23,99310110285188;0,8022518583296896;0,7515020344558913;0,9574472778611136;0,8420654398711768;0,6191274168790415;0,3878918918918919;0,0425527221388864;0,7847776929846109;0,8661894207700751;0,0425527221388864;0,5623208473011708;0,563113518797605;0,9149166151945646;0,6971466991637602;0,0732832721637261;0,8696756756756757;0,0850833848054354;0,5226204697594444;0,7624385232463884;0,0850833848054354
UNSW-NB15;FGSM;gaussian;16;5;33,41179639985785;1,2526496001519265;64,87513967837536;0,8121993878443375;0,7619072671156004;0,95841789464396;0,8489389972253703;0,6376460924939402;0,3669459459459459;0,0415821053560398;0,7957359743490071;0,8716101346863196;0,0415821053560398;0,1634479910605839;0,0277231695085255;0,0152430953851583;0,0196706378012155;-0,6926278128118315;0,654972972972973;0,9847569046148416;0,1801350612060926;0,2925867130716295;0,9847569046148416
UNSW-NB15;RANDOM_LINF;gaussian;16;5;33,41179639985785;1,2953813998028636;26,15993781275809;0,8121993878443375;0,7619072671156004;0,95841789464396;0,8489389972253703;0,6376460924939402;0,3669459459459459;0,0415821053560398;0,7957359743490071;0,8716101346863196;0,0415821053560398;0,5506000097167566;0,5506000097167566;1,0;0,710176713873919;0,0;1,0;0,0;0,5;0,7753000048583782;0,0
UNSW-NB15;RANDOM_L2;gaussian;16;5;33,41179639985785;1,2794044001493603;26,15993781275809;0,8121993878443375;0,7619072671156004;0,95841789464396;0,8489389972253703;0,6376460924939402;0,3669459459459459;0,0415821053560398;0,7957359743490071;0,8716101346863196;0,0415821053560398;0,5506000097167566;0,5506000097167566;1,0;0,710176713873919;0,0;1,0;0,0;0,5;0,7753000048583782;0,0
UNSW-NB15;FGSM;gaussian;16;10;32,701393000083044;1,1987671998795122;64,90064616431036;0,8124423067580042;0,7597233325223315;0,9643518927027266;0,8498940451426016;0,6405042962135614;0,3736756756756756;0,0356481072972734;0,7953381085135255;0,8718515367246604;0,0356481072972734;0,1634358451149006;0,0277599486521181;0,0152651548574958;0,0196982635923711;-0,6926388702683106;0,655027027027027;0,9847348451425042;0,1801190639152344;0,2926100594067528;0,9847348451425042
UNSW-NB15;RANDOM_LINF;gaussian;16;10;32,701393000083044;1,218448300147429;26,18422970412476;0,8124423067580042;0,7597233325223315;0,9643518927027266;0,8498940451426016;0,6405042962135614;0,3736756756756756;0,0356481072972734;0,7953381085135255;0,8718515367246604;0,0356481072972734;0,5506000097167566;0,5506000097167566;1,0;0,710176713873919;0,0;1,0;0,0;0,5;0,7753000048583782;0,0
UNSW-NB15;RANDOM_L2;gaussian;16;10;32,701393000083044;1,20191549975425;26,18422970412476;0,8124423067580042;0,7597233325223315;0,9643518927027266;0,8498940451426016;0,6405042962135614;0,3736756756756756;0,0356481072972734;0,7953381085135255;0,8718515367246604;0,0356481072972734;0,5506000097167566;0,5506000097167566;1,0;0,710176713873919;0,0;1,0;0,0;0,5;0,7753000048583782;0,0
UNSW-NB15;FGSM;gaussian;16;15;32,503863299964;1,142146699829027;62,747169994655785;0,809903804110188;0,7615480869212738;0,9532118591723286;0,8466685607359439;0,6314599324032616;0,3656756756756756;0,0467881408276714;0,7937680917483265;0,8702607484439736;0,0467881408276714;0,1824321041636301;0,0286498541773889;0,0147357275213976;0,0194616012119799;-0,6595330033490197;0,6121081081081081;0,9852642724786024;0,2013138097066447;0,2929360498495391;0,9852642724786024
UNSW-NB15;RANDOM_LINF;gaussian;16;15;32,503863299964;1,1553412000648675;25,3631637759316;0,809903804110188;0,7615480869212738;0,9532118591723286;0,8466685607359439;0,6314599324032616;0,3656756756756756;0,0467881408276714;0,7937680917483265;0,8702607484439736;0,0467881408276714;0,5562721663508721;0,5550729173186455;0,9781611223859524;0,7082424910355622;0,0513772583566967;0,9606216216216216;0,0218388776140474;0,5087697503821655;0,7726292629655478;0,0218388776140474
UNSW-NB15;RANDOM_L2;gaussian;16;15;32,503863299964;1,145595499780029;25,44332701744157;0,809903804110188;0,7615480869212738;0,9532118591723286;0,8466685607359439;0,6314599324032616;0,3656756756756756;0,0467881408276714;0,7937680917483265;0,8702607484439736;0,0467881408276714;0,5554705339357723;0,5546611919932902;0,9774111003264802;0,7077107375314459;0,0466284131783495;0,9614864864864864;0,0225888996735198;0,5079623069199968;0,7722548703497506;0,0225888996735198
UNSW-NB15;FGSM;gaussian;16;20;32,4132587001659;1,4835779001004994;46,1825292717291;0,8166812418014867;0,7622409157922123;0,9694476308126708;0,8534475225028402;0,650335232808202;0,3704864864864864;0,030552369187329;0,7994805721630922;0,8742553406881483;0,030552369187329;0,3548559490841957;0,0762195121951219;0,0154416306361951;0,0256805341551104;-0,337914555309559;0,2292972972972973;0,9845583693638048;0,3930721666694489;0,316879495284871;0,9845583693638048
UNSW-NB15;RANDOM_LINF;gaussian;16;20;32,4132587001659;1,5305957002565265;26,275324296749748;0,8166812418014867;0,7622409157922123;0,9694476308126708;0,8534475225028402;0,650335232808202;0,3704864864864864;0,030552369187329;0,7994805721630922;0,8742553406881483;0,030552369187329;0,5539279988339892;0,5656245234100961;0,8181417100502956;0,6688427620782312;0,0597386578154892;0,7697837837837838;0,1818582899497044;0,5241789631332558;0,7419487048368858;0,1818582899497044
UNSW-NB15;RANDOM_L2;gaussian;16;20;32,4132587001659;1,5157229001633823;26,638488072681344;0,8166812418014867;0,7622409157922123;0,9694476308126708;0,8534475225028402;0,650335232808202;0,3704864864864864;0,030552369187329;0,7994805721630922;0,8742553406881483;0,030552369187329;0,5502963610746733;0,5626990716280474;0,8222888908497309;0,6681663783754717;0,0493578329314658;0,7829459459459459;0,1777111091502691;0,5196714724518925;0,741417850451346;0,1777111091502691
UNSW-NB15;FGSM;gaussian;32;5;166,61094800010324;4,183585700113326;64,58242238740709;0,8092600689889715;0,7558637604062316;0,9653886879025854;0,8478736801317447;0,6352023845903316;0,382027027027027;0,0346113120974146;0,7916808304377793;0,8701547185429814;0,0346113120974146;0,1634358451149006;0,0277599486521181;0,0152651548574958;0,0196982635923711;-0,6926388702683106;0,655027027027027;0,9847348451425042;0,1801190639152344;0,2926100594067528;0,9847348451425042
UNSW-NB15;RANDOM_LINF;gaussian;32;5;166,61094800010324;4,448561500059441;25,86600592722149;0,8092600689889715;0,7558637604062316;0,9653886879025854;0,8478736801317447;0,6352023845903316;0,382027027027027;0,0346113120974146;0,7916808304377793;0,8701547185429814;0,0346113120974146;0,5506000097167566;0,5506000097167566;1,0;0,710176713873919;0,0;1,0;0,0;0,5;0,7753000048583782;0,0
UNSW-NB15;RANDOM_L2;gaussian;32;5;166,61094800010324;4,405371500179172;25,86600592722149;0,8092600689889715;0,7558637604062316;0,9653886879025854;0,8478736801317447;0,6352023845903316;0,382027027027027;0,0346113120974146;0,7916808304377793;0,8701547185429814;0,0346113120974146;0,5506000097167566;0,5506000097167566;1,0;0,710176713873919;0,0;1,0;0,0;0,5;0,7753000048583782;0,0
UNSW-NB15;FGSM;gaussian;32;10;161,30586640001275;2,3274184993933886;65,61239858135355;0,8195476849827528;0,7668891107491286;0,9658519368216713;0,8549475225774957;0,6539662850467255;0,3597027027027027;0,0341480631783287;0,8030746170594842;0,875771485744298;0,0341480631783287;0,1634236991692173;0,0277209451598668;0,0152430953851583;0,0196700778547944;-0,6926706133957176;0,655027027027027;0,9847569046148416;0,1801080341790656;0,2925856008973;0,9847569046148416
UNSW-NB15;RANDOM_LINF;gaussian;32;10;161,30586640001275;2,3861477996688336;26,894767526599612;0,8195476849827528;0,7668891107491286;0,9658519368216713;0,8549475225774957;0,6539662850467255;0,3597027027027027;0,0341480631783287;0,8030746170594842;0,875771485744298;0,0341480631783287;0,5506000097167566;0,5506000097167566;1,0;0,710176713873919;0,0;1,0;0,0;0,5;0,7753000048583782;0,0
UNSW-NB15;RANDOM_L2;gaussian;32;10;161,30586640001275;2,3865312000270933;26,894767526599612;0,8195476849827528;0,7668891107491286;0,9658519368216713;0,8549475225774957;0,6539662850467255;0,3597027027027027;0,0341480631783287;0,8030746170594842;0,875771485744298;0,0341480631783287;0,5506000097167566;0,5506000097167566;1,0;0,710176713873919;0,0;1,0;0,0;0,5;0,7753000048583782;0,0
UNSW-NB15;FGSM;gaussian;32;15;178,09332059998997;3,4988866997882724;63,74556672982558;0,8070130690375553;0,7609408511618838;0,9470131474455132;0,8438412171126989;0,6239048446356679;0,3645135135135135;0,0529868525544868;0,7912498169659998;0,8685642800693789;0,0529868525544868;0,1695574017392994;0,0282941610023749;0,0152430953851583;0,0198124838718926;-0,6818739251040943;0,6413783783783784;0,9847569046148416;0,18693235850339;0,2928722088185541;0,9847569046148416
UNSW-NB15;RANDOM_LINF;gaussian;32;15;178,09332059998997;3,4848503994289786;25,57450323082156;0,8070130690375553;0,7609408511618838;0,9470131474455132;0,8438412171126989;0,6239048446356679;0,3645135135135135;0,0529868525544868;0,7912498169659998;0,8685642800693789;0,0529868525544868;0,5512680367293398;0,551018918425695;0,9990955616341656;0,7102966430638218;0,0206275272195139;0,9974054054054056;0,0009044383658342;0,5008450781143802;0,7753062319164387;0,0009044383658342
UNSW-NB15;RANDOM_L2;gaussian;32;15;178,09332059998997;3,4868758998345584;25,59393674391489;0,8070130690375553;0,7609408511618838;0,9470131474455132;0,8438412171126989;0,6239048446356679;0,3645135135135135;0,0529868525544868;0,7912498169659998;0,8685642800693789;0,0529868525544868;0,5510737015984064;0,5509153944407275;0,9990293832171534;0,7101939045139842;0,0161307022048652;0,9977567567567568;0,0009706167828465;0,5006363132301983;0,7752395996339738;0,0009706167828465
UNSW-NB15;FGSM;gaussian;32;20;176,7877183998935;2,890205000061542;58,0090365835884;0,8198999174075694;0,7710502932290741;0,9570943263037148;0,8540579909844295;0,6511943328115;0,3481891891891892;0,0429056736962851;0,8044525685572628;0,8758842419434338;0,0429056736962851;0,2398095515716853;0,0477987421383647;0,0201182387717285;0,0283177047755076;-0,5551543935691006;0,491027027027027;0,9798817612282714;0,2645456058723507;0,303719944081826;0,9798817612282714
UNSW-NB15;RANDOM_LINF;gaussian;32;20;176,7877183998935;2,940997499739751;25,881795656609828;0,8198999174075694;0,7710502932290741;0,9570943263037148;0,8540579909844295;0,6511943328115;0,3481891891891892;0,0429056736962851;0,8044525685572628;0,8758842419434338;0,0429056736962851;0,5610819608414711;0,5592728679172307;0,9569399099973528;0,7059570209199574;0,0703295650524098;0,923918918918919;0,0430600900026471;0,5165104955392169;0,7699608319442228;0,0430600900026471
UNSW-NB15;RANDOM_L2;gaussian;32;20;176,7877183998935;2,963106300216168;25,908516737113157;0,8198999174075694;0,7710502932290741;0,9570943263037148;0,8540579909844295;0,6511943328115;0,3481891891891892;0,0429056736962851;0,8044525685572628;0,8758842419434338;0,0429056736962851;0,5608147500364379;0,5590914361544507;0,9572708020824142;0,7059024473562209;0,0692601762999026;0,9249189189189188;0,0427291979175858;0,5161759415817477;0,7699444675127385;0,0427291979175858
UNSW-NB15;C&W;gaussian;1;5;1,40778120001778;0,3877489001024514;0,0;0,7513967837535831;0,7102912818430934;0,926299302920674;0,8040402106270943;0,5123083334727405;0,4628918918918919;0,0737006970793258;0,7317037055143911;0,8385850946458882;0,0737006970793258;0,7513967837535831;0,7102912818430934;0,926299302920674;0,8040402106270943;0,5123083334727405;0,4628918918918919;0,0737006970793258;0,7317037055143911;0,8385850946458882;0,0737006970793258
UNSW-NB15;C&W;gaussian;1;10;1,3589706998318434;0,3237165999598801;0,0;0,758295680901715;0,7253730814221403;0,9028280243536576;0,8044302926666274;0,5184780968409322;0,4187837837837838;0,0971719756463425;0,7420221202849369;0,8408519982554352;0,0971719756463425;0,758295680901715;0,7253730814221403;0,9028280243536576;0,8044302926666274;0,5184780968409322;0,4187837837837838;0,0971719756463425;0,7420221202849369;0,8408519982554352;0,0971719756463425
UNSW-NB15;C&W;gaussian;1;15;1,349619099870324;0,3142095000948757;0,0;0,7681096050138464;0,729804526028165;0,919129974411012;0,8135983753807702;0,5418227885815124;0,4169189189189189;0,0808700255889879;0,7511055277460467;0,8467307686571341;0,0808700255889879;0,7681096050138464;0,729804526028165;0,919129974411012;0,8135983753807702;0,5418227885815124;0,4169189189189189;0,0808700255889879;0,7511055277460467;0,8467307686571341;0,0808700255889879
UNSW-NB15;C&W;gaussian;1;20;1,289816600037739;0,3235403997823596;0,0;0,7619394646067142;0,7280882144376685;0,9059825288979088;0,8073520739138982;0,526325248656607;0,4145405405405405;0,0940174711020912;0,7457209941786842;0,8429183819189668;0,0940174711020912;0,7619394646067142;0,7280882144376685;0,9059825288979088;0,8073520739138982;0,526325248656607;0,4145405405405405;0,0940174711020912;0,7457209941786842;0,8429183819189668;0,0940174711020912
UNSW-NB15;C&W;gaussian;2;5;2,666204899782315;0,4705482998397201;0,0;0,804802506923189;0,7600007108457287;0,943395393982176;0,8418255366475399;0,6185720223415231;0,365;0,056604606017824;0,789197696991088;0,8672813007256659;0,056604606017824;0,804802506923189;0,7600007108457287;0,943395393982176;0,8418255366475399;0,6185720223415231;0,365;0,056604606017824;0,789197696991088;0,8672813007256659;0,056604606017824
UNSW-NB15;C&W;gaussian;2;10;2,710863600019365;0,3870073999278247;0,0;0,7932638585240247;0,7579683997594445;0,9174975734580428;0,8301382166558555;0,5893114956321199;0,3589459459459459;0,0825024265419571;0,7792758137560485;0,8604459050365726;0,0825024265419571;0,7932638585240247;0,7579683997594445;0,9174975734580428;0,8301382166558555;0,5893114956321199;0,3589459459459459;0,0825024265419571;0,7792758137560485;0,8604459050365726;0,0825024265419571
UNSW-NB15;C&W;gaussian;2;15;2,498999300180003;0,3210701998323202;0,0;0,7840815235874266;0,7453739158310922;0,9232330362657726;0,8248243513564115;0,5733996814938703;0,3864054054054054;0,0767669637342274;0,7684138154301836;0,8554374215374281;0,0767669637342274;0,7840815235874266;0,7453739158310922;0,9232330362657726;0,8248243513564115;0,5733996814938703;0,3864054054054054;0,0767669637342274;0,7684138154301836;0,8554374215374281;0,0767669637342274
UNSW-NB15;C&W;gaussian;2;20;2,6433614999987185;0,3527496999595314;0,0;0,8140212796968372;0,7625319201035435;0,9617268154945734;0,8506233781437185;0,6422778553081151;0,3669459459459459;0,0382731845054266;0,7973904347743137;0,8726659756793481;0,0382731845054266;0,8140212796968372;0,7625319201035435;0,9617268154945734;0,8506233781437185;0,6422778553081151;0,3669459459459459;0,0382731845054266;0,7973904347743137;0,8726659756793481;0,0382731845054266
UNSW-NB15;C&W;gaussian;4;5;5,673180799931288;0,553828899981454;0,0;0,7927172909682748;0,7347206536902943;0,975888996735198;0,8383044038505268;0,6106843825855952;0,4317027027027027;0,0241110032648019;0,7720931470162478;0,8619425845286864;0,0241110032648019;0,7927172909682748;0,7347206536902943;0,975888996735198;0,8383044038505268;0,6106843825855952;0,4317027027027027;0,0241110032648019;0,7720931470162478;0,8619425845286864;0,0241110032648019
UNSW-NB15;C&W;gaussian;4;10;5,553070700028911;0,4102545997593552;0,0;0,7933002963610747;0,7368817348236396;0,9714771022677138;0,8380718581106797;0,6094090598530383;0,425;0,0285228977322862;0,7732385511338569;0,8620317724299501;0,0285228977322862;0,7933002963610747;0,7368817348236396;0,9714771022677138;0,8380718581106797;0,6094090598530383;0,425;0,0285228977322862;0,7732385511338569;0,8620317724299501;0,0285228977322862
UNSW-NB15;C&W;gaussian;4;15;5,368050099816173;0,3732686000876128;0,0;0,8146771607637371;0,7687386067126568;0,9488661431218566;0,8493572655648363;0,638693529097907;0,3497297297297297;0,0511338568781434;0,7995682066960634;0,8728795259642372;0,0511338568781434;0,8146771607637371;0,7687386067126568;0,9488661431218566;0,8493572655648363;0,638693529097907;0,3497297297297297;0,0511338568781434;0,7995682066960634;0,8728795259642372;0,0511338568781434
UNSW-NB15;C&W;gaussian;4;20;5,635421199956909;0,3984731002710759;0,0;0,8170820580090365;0,768140589569161;0,9564987205506044;0,8520337983886814;0,6458240727532997;0,3537297297297297;0,0435012794493955;0,8013844954104373;0,874295557503647;0,0435012794493955;0,8170820580090365;0,768140589569161;0,9564987205506044;0,8520337983886814;0,6458240727532997;0,3537297297297297;0,0435012794493955;0,8013844954104373;0,874295557503647;0,0435012794493955
UNSW-NB15;C&W;gaussian;8;5;12,33879920002073;0,7374654000159353;0,0;0,7970898314142739;0,7429308530500017;0,9655872231536222;0,8397505995203837;0,6133388721269756;0,4093513513513513;0,0344127768463778;0,7781179359011354;0,86373287573481;0,0344127768463778;0,7970898314142739;0,7429308530500017;0,9655872231536222;0,8397505995203837;0,6133388721269756;0,4093513513513513;0,0344127768463778;0,7781179359011354;0,86373287573481;0,0344127768463778
UNSW-NB15;C&W;gaussian;8;10;11,944673800142482;0,58251339988783;0,0;0,8043895447699558;0,7470708573554027;0,974741904173652;0,8458541907943223;0,6308502693647464;0,4043243243243243;0,0252580958263478;0,7852087899246639;0,8678599346682343;0,0252580958263478;0,8043895447699558;0,7470708573554027;0,974741904173652;0,8458541907943223;0,6308502693647464;0,4043243243243243;0,0252580958263478;0,7852087899246639;0,8678599346682343;0,0252580958263478
UNSW-NB15;C&W;gaussian;8;15;12,366027700016277;0,5619477999862283;0,0;0,8119807608220376;0,7549361207897793;0,9750286773140386;0,8509819021948402;0,6445017054504767;0,3877837837837838;0,0249713226859613;0,7936224467651274;0,8718570043086743;0,0249713226859613;0,8119807608220376;0,7549361207897793;0,9750286773140386;0,8509819021948402;0,6445017054504767;0,3877837837837838;0,0249713226859613;0,7936224467651274;0,8718570043086743;0,0249713226859613
UNSW-NB15;C&W;gaussian;8;20;11,526966100092976;0,5002062001731247;0,0;0,8150172472428703;0,7570359997267573;0,977874349245566;0,8533998151855845;0,6512790116642412;0,3845135135135135;0,0221256507544339;0,7966804178660262;0,8735463662463521;0,0221256507544339;0,8150172472428703;0,7570359997267573;0,977874349245566;0,8533998151855845;0,6512790116642412;0,3845135135135135;0,0221256507544339;0,7966804178660262;0,8735463662463521;0,0221256507544339
UNSW-NB15;C&W;gaussian;10;5;16,952242200030014;0,8759733000770211;0,0;0,7954622746927076;0,75322620782822;0,934770140298244;0,8342356531154641;0,5983417025494498;0,3752162162162162;0,0652298597017559;0,7797769620410138;0,8619559547560368;0,0652298597017559;0,7954622746927076;0,75322620782822;0,934770140298244;0,8342356531154641;0,5983417025494498;0,3752162162162162;0,0652298597017559;0,7797769620410138;0,8619559547560368;0,0652298597017559
UNSW-NB15;C&W;gaussian;10;10;16,439776899991557;0,8614744003862143;0,0;0,8119807608220376;0,7624859313449635;0,9564546016059297;0,8485263611100239;0,6364858418288782;0,365027027027027;0,0435453983940704;0,7957137872894512;0,8714583148648941;0,0435453983940704;0,8119807608220376;0,7624859313449635;0,9564546016059297;0,8485263611100239;0,6364858418288782;0,365027027027027;0,0435453983940704;0,7957137872894512;0,8714583148648941;0,0435453983940704
UNSW-NB15;C&W;gaussian;10;15;15,289319300092757;0,6388363000005484;0,0;0,8219890200651022;0,7674175326033894;0,9709697344039532;0,8572764100966033;0,6605226685765515;0,3605405405405405;0,0290302655960469;0,8052145969317063;0,877185665763303;0,0290302655960469;0,8219890200651022;0,7674175326033894;0,9709697344039532;0,8572764100966033;0,6605226685765515;0,3605405405405405;0,0290302655960469;0,8052145969317063;0,877185665763303;0,0290302655960469
UNSW-NB15;C&W;gaussian;10;20;15,09808070003055;0,5120189997833222;0,0;0,820033522810086;0,7619358272245017;0,9790435012794494;0,856952529904133;0,6607351567368327;0,3747837837837838;0,0209564987205506;0,8021298587478328;0,8762589884515576;0,0209564987205506;0,820033522810086;0,7619358272245017;0,9790435012794494;0,856952529904133;0,6607351567368327;0,3747837837837838;0,0209564987205506;0,8021298587478328;0,8762589884515576;0,0209564987205506
UNSW-NB15;C&W;gaussian;16;5;26,5444030999206;1,2427019998431206;0,0;0,8037458096487392;0,7531586254772649;0,957314921027089;0,8430530732768668;0,6217972014967683;0,3844054054054054;0,0426850789729109;0,7864547578108418;0,8669879757007996;0,0426850789729109;0,8037458096487392;0,7531586254772649;0,957314921027089;0,8430530732768668;0,6217972014967683;0,3844054054054054;0,0426850789729109;0,7864547578108418;0,8669879757007996;0,0426850789729109
UNSW-NB15;C&W;gaussian;16;10;25,614448599983007;0,8772601999808103;0,0;0,8132560851187873;0,7566613547182097;0,974102179475867;0,8517229074847383;0,6463304569005675;0,3838108108108108;0,025897820524133;0,795145684332528;0,8725114372131536;0,025897820524133;0,8132560851187873;0,7566613547182097;0,974102179475867;0,8517229074847383;0,6463304569005675;0,3838108108108108;0,025897820524133;0,795145684332528;0,8725114372131536;0,025897820524133
UNSW-NB15;C&W;gaussian;16;15;24,456252000061795;0,9457725998945534;0,0;0,8146042850896371;0,7561071173043508;0,9791096796964616;0,8532787357979122;0,6511586263407764;0,3869459459459459;0,0208903203035383;0,7960818668752578;0,8733595037814633;0,0208903203035383;0,8146042850896371;0,7561071173043508;0,9791096796964616;0,8532787357979122;0,6511586263407764;0,3869459459459459;0,0208903203035383;0,7960818668752578;0,8733595037814633;0,0208903203035383
UNSW-NB15;C&W;gaussian;16;20;24,512129600159824;0,9897447999101132;0,0;0,8160617985716367;0,7590621996430043;0,9756022235948116;0,8538167496814549;0,6520378491157727;0,3794054054054054;0,0243977764051883;0,7980984090947031;0,87404891958179;0,0243977764051883;0,8160617985716367;0,7590621996430043;0,9756022235948116;0,8538167496814549;0,6520378491157727;0,3794054054054054;0,0243977764051883;0,7980984090947031;0,87404891958179;0,0243977764051883
UNSW-NB15;C&W;gaussian;32;5;57,13204660010524;5,01927880034782;0,0;0,8110576689501044;0,7516480173084075;0,9809626753728052;0,8511302084330201;0,6458379240533637;0,3971081081081081;0,0190373246271949;0,7919272836323485;0,8715463219029635;0,0190373246271949;0,8110576689501044;0,7516480173084075;0,9809626753728052;0,8511302084330201;0,6458379240533637;0,3971081081081081;0,0190373246271949;0,7919272836323485;0,8715463219029635;0,0190373246271949
UNSW-NB15;C&W;gaussian;32;10;54,81763130007312;6,450728899799287;0,0;0,808434144682505;0,7511725919380056;0,9750727962587136;0,8486023652280755;0,6382120552027791;0,3957297297297297;0,0249272037412865;0,7896715332644919;0,8699851534094416;0,0249272037412865;0,808434144682505;0,7511725919380056;0,9750727962587136;0,8486023652280755;0,6382120552027791;0,3957297297297297;0,0249272037412865;0,7896715332644919;0,8699851534094416;0,0249272037412865
UNSW-NB15;C&W;gaussian;32;15;49,97964269993827;3,99388079973869;0,0;0,8102074527522712;0,7536026499112143;0,9736389305567812;0,8496053897978826;0,6406745530936839;0,390027027027027;0,0263610694432189;0,7918059517648771;0,8708779927797878;0,0263610694432189;0,8102074527522712;0,7536026499112143;0,9736389305567812;0,8496053897978826;0,6406745530936839;0,390027027027027;0,0263610694432189;0,7918059517648771;0,8708779927797878;0,0263610694432189
UNSW-NB15;C&W;gaussian;32;20;44,06121669989079;5,376936299959198;0,0;0,8139241121313705;0,7559353254195661;0,977719932939204;0,8526412989111616;0,6492653034269916;0,3867567567567567;0,0222800670607959;0,7954815880912237;0,8729613317494672;0,0222800670607959;0,8139241121313705;0,7559353254195661;0,977719932939204;0,8526412989111616;0,6492653034269916;0,3867567567567567;0,0222800670607959;0,7954815880912237;0,8729613317494672;0,0222800670607959
UNSW-NB15;FGSM;linear;1;5;0,3021080493927002;447,23265743255615;7,983530097653402;0,6707234125248992;0,6281290431456377;0,9852863319509396;0,7671762281003092;0,3922971343561116;0,7146756756756757;0,0147136680490602;0,635305328137632;0,8107583604336795;0,0147136680490602;0,5908881115483652;0,6053731343283583;0,7381540633548046;0,6652022225093681;0,1573828605551494;0,5895405405405405;0,2618459366451954;0,5743067614071321;0,7438497864721504;0,2618459366451954
UNSW-NB15;RANDOM_LINF;linear;1;5;0,3021080493927002;185,0465545654297;0,2161978331632896;0,6707234125248992;0,6281290431456377;0,9852863319509396;0,7671762281003092;0,3922971343561116;0,7146756756756757;0,0147136680490602;0,635305328137632;0,8107583604336795;0,0147136680490602;0,6685614341932663;0,6836203036593804;0,7409556163416571;0,711134164673004;0,3253256955062175;0,4201351351351351;0,2590443836583428;0,6604102406032609;0,7836028800801962;0,2590443836583428
UNSW-NB15;RANDOM_L2;linear;1;5;0,3021080493927002;179,78197407722473;0,8404994412865019;0,6707234125248992;0,6281290431456377;0,9852863319509396;0,7671762281003092;0,3922971343561116;0,7146756756756757;0,0147136680490602;0,635305328137632;0,8107583604336795;0,0147136680490602;0,6623184181120342;0,6803869108870138;0,7292861554751611;0,7039884159195928;0,3131008635993233;0,4197297297297297;0,270713844524839;0,6547782128727156;0,7793640558940058;0,270713844524839
UNSW-NB15;FGSM;linear;1;10;0,2842323780059814;131,7933099269867;10,723655443812865;0,6705533692853326;0,628037803780378;0,985087796699903;0,7670479920299563;0,391754641511203;0,7148108108108108;0,014912203300097;0,635138492944546;0,8106681298811064;0,014912203300097;0,563316814847204;0,5887809772628311;0,6860495896938146;0,6337045225311504;0,102688932549325;0,5870540540540541;0,3139504103061855;0,5494977678198802;0,7238458329609054;0,3139504103061855
UNSW-NB15;RANDOM_LINF;linear;1;10;0,2842323780059814;69,87513041496277;9,324442501093143;0,6705533692853326;0,628037803780378;0,985087796699903;0,7670479920299563;0,391754641511203;0,7148108108108108;0,014912203300097;0,635138492944546;0,8106681298811064;0,014912203300097;0,5773089442744012;0,6453714695894647;0,5156622253595694;0,5732713695388275;0,1688577047313025;0,3471621621621621;0,4843377746404306;0,5842500315987037;0,7138550391861237;0,4843377746404306
UNSW-NB15;RANDOM_L2;linear;1;10;0,2842323780059814;71,11043906211853;9,8697954622747;0,6705533692853326;0,628037803780378;0,985087796699903;0,7670479920299563;0,391754641511203;0,7148108108108108;0,014912203300097;0,635138492944546;0,8106681298811064;0,014912203300097;0,5718554146625856;0,6409833314688443;0,5055810465013677;0,565287095501184;0,1592014547642085;0,3469459459459459;0,4944189534986323;0,5793175502777108;0,7093957292853538;0,4944189534986323
UNSW-NB15;FGSM;linear;1;15;0,2650632858276367;16,465404272079468;13,870669970363892;0,7677087888062964;0,777798978142424;0,809317921115327;0,7932454784272602;0,5290017304735781;0,2832702702702703;0,1906820788846731;0,7630238254225283;0,8460532268722317;0,1906820788846731;0,6290020891026575;0,6000162331074226;0,978447895526339;0,7438681816276047;0,294545593802491;0,7991351351351351;0,0215521044736609;0,589656380195602;0,795165358783188;0,0215521044736609
UNSW-NB15;RANDOM_LINF;linear;1;15;0,2650632858276367;29,162738800048828;16,564640722926683;0,7677087888062964;0,777798978142424;0,809317921115327;0,7932454784272602;0,5290017304735781;0,2832702702702703;0,1906820788846731;0,7630238254225283;0,8460532268722317;0,1906820788846731;0,6020623815770296;0,6041462970021377;0,804200123533045;0,6899645138396026;0,1783222093331747;0,6455945945945946;0,1957998764669549;0,5793027644692252;0,758076917210214;0,1957998764669549
UNSW-NB15;RANDOM_L2;linear;1;15;0,2650632858276367;27,620436668396;17,074770441626587;0,7677087888062964;0,777798978142424;0,809317921115327;0,7932454784272602;0,5290017304735781;0,2832702702702703;0,1906820788846731;0,7630238254225283;0,8460532268722317;0,1906820788846731;0,5969610843900306;0,6019228510545479;0,7913615106326657;0,6837636160905738;0,1670579568332844;0,6412162162162162;0,2086384893673343;0,5750726472082248;0,7540803579800787;0,2086384893673343
UNSW-NB15;FGSM;linear;1;20;0,2727687358856201;83,06588912010193;18,36588446776466;0,7874095127046592;0,8061024704665948;0,8083252448601429;0,8072123274846071;0,5702887720680518;0,2382162162162162;0,191674755139857;0,7850545143219633;0,8599819186845999;0,191674755139857;0,6037506680270126;0,5916433495831771;0,904901614753375;0,7154867179460346;0,1905649033422506;0,7652162162162162;0,0950983852466249;0,5698426992685794;0,7744530680886959;0,0950983852466249
UNSW-NB15;RANDOM_LINF;linear;1;20;0,2727687358856201;36,46002745628357;12,285624058689216;0,7874095127046592;0,8061024704665948;0,8083252448601429;0,8072123274846071;0,5702887720680518;0,2382162162162162;0,191674755139857;0,7850545143219633;0,8599819186845999;0,191674755139857;0,664553272117767;0,6801008581072837;0,7378011117974058;0,7077769548195958;0,3170702109963929;0,4251891891891892;0,2621988882025942;0,6563059613041082;0,7811343401483803;0,2621988882025942
UNSW-NB15;RANDOM_L2;linear;1;20;0,2727687358856201;35,407108783721924;12,91599863965408;0,7874095127046592;0,8061024704665948;0,8083252448601429;0,8072123274846071;0,5702887720680518;0,2382162162162162;0,191674755139857;0,7850545143219633;0,8599819186845999;0,191674755139857;0,6582495263081184;0,6771110149764127;0,7250727962587135;0,700271637816245;0,3048381426463082;0,4236216216216216;0,2749272037412865;0,650725587318546;0,7767793661432396;0,2749272037412865
UNSW-NB15;FGSM;linear;2;5;0,5642542839050293;305,33774852752686;5,559199339260545;0,7566802701258319;0,7051325711505716;0,9591899761757698;0,8127704515079862;0,5366189618292622;0,4914324324324324;0,0408100238242301;0,7338787718716687;0,8433962734202518;0,0408100238242301;0,7010882767332265;0,656345254262864;0,9594988087884938;0,7794842386337162;0,4318022328045557;0,6155135135135135;0,0405011912115062;0,6719926476374902;0,8190720096629768;0,0405011912115062
UNSW-NB15;RANDOM_LINF;linear;2;5;0,5642542839050293;120,0032398700714;5,3417869115289225;0,7566802701258319;0,7051325711505716;0,9591899761757698;0,8127704515079862;0,5366189618292622;0,4914324324324324;0,0408100238242301;0,7338787718716687;0,8433962734202518;0,0408100238242301;0,7032624010105427;0,6994332169233412;0,8085017206388423;0,7500230219066232;0,3958898595855012;0,4256756756756756;0,1914982793611576;0,6914130224815833;0,8066869460195896;0,1914982793611576
UNSW-NB15;RANDOM_L2;linear;2;5;0,5642542839050293;17,84803557395935;15,670699120633524;0,7566802701258319;0,7051325711505716;0,9591899761757698;0,8127704515079862;0,5366189618292622;0,4914324324324324;0,0408100238242301;0,7338787718716687;0,8433962734202518;0,0408100238242301;0,5999732789194967;0,5885436754517535;0,908872319774111;0,7144454945074;0,181777648491975;0,7784864864864864;0,0911276802258889;0,5651929166438123;0,7737954484218523;0,0911276802258889
UNSW-NB15;FGSM;linear;2;10;0,5257036685943604;58,31027007102966;18,88330175387456;0,798523053004907;0,7393896995136252;0,9792199770581488;0,8425707994837143;0,622781972648622;0,4228648648648648;0,0207800229418512;0,778177556096642;0,8650255787027359;0,0207800229418512;0,6096900354661614;0,5993615323224262;0,8780331774463955;0,7124153175647255;0,2001905829758397;0,719081081081081;0,1219668225536045;0,5794760481826573;0,772274821725979;0,1219668225536045
UNSW-NB15;RANDOM_LINF;linear;2;10;0,5257036685943604;29,963586807250977;10,403002477772926;0,798523053004907;0,7393896995136252;0,9792199770581488;0,8425707994837143;0,622781972648622;0,4228648648648648;0,0207800229418512;0,778177556096642;0,8650255787027359;0,0207800229418512;0,6944930282271777;0,7111083213022827;0,7497132268596135;0,7299006711409396;0,3795684934682297;0,3731621621621621;0,2502867731403865;0,6882755323487257;0,7993147239424845;0,2502867731403865
UNSW-NB15;RANDOM_L2;linear;2;10;0,5257036685943604;5,841572284698486;20,561871447310885;0,798523053004907;0,7393896995136252;0,9792199770581488;0,8425707994837143;0,622781972648622;0,4228648648648648;0,0207800229418512;0,778177556096642;0,8650255787027359;0,0207800229418512;0,5929043385317981;0,5887611749680716;0,8644004235418689;0,7004388356109289;0,1575669475720187;0,7397297297297297;0,1355995764581311;0,5623353469060696;0,7639113633126877;0,1355995764581311
UNSW-NB15;FGSM;linear;2;15;0,6297488212585449;23,412091493606567;3,219890200651021;0,7807049506874605;0,7367836247157069;0,9361598870555016;0,8245912310188379;0,5711838175385735;0,4097567567567567;0,0638401129444983;0,7632015651493724;0,8540469392893841;0,0638401129444983;0,7485060486809503;0,7220238739226081;0,8833053913350393;0,7945629526738763;0,4950540174678858;0,4166486486486486;0,1166946086649607;0,7333283713431953;0,834790658961234;0,1166946086649607
UNSW-NB15;RANDOM_LINF;linear;2;15;0,6297488212585449;18,731372117996216;3,655929650682599;0,7807049506874605;0,7367836247157069;0,9361598870555016;0,8245912310188379;0,5711838175385735;0,4097567567567567;0,0638401129444983;0,7632015651493724;0,8540469392893841;0,0638401129444983;0,7441456541806345;0,7567121548714694;0,7889790876202242;0,7725088285797596;0,4810491715554943;0,3107837837837838;0,2110209123797758;0,7390976519182202;0,8309396794492184;0,2110209123797758
UNSW-NB15;RANDOM_L2;linear;2;15;0,6297488212585449;5,3667356967926025;12,676723509692456;0,7807049506874605;0,7367836247157069;0,9361598870555016;0,8245912310188379;0,5711838175385735;0,4097567567567567;0,0638401129444983;0,7632015651493724;0,8540469392893841;0,0638401129444983;0,6539377155905359;0,6423740277308082;0,8380393540986499;0,7272762079791715;0,2946162304060065;0,5716216216216217;0,16196064590135;0,6332088662385141;0,7847944575182367;0,16196064590135
UNSW-NB15;FGSM;linear;2;20;0,5424273014068604;5,955550193786621;15,232230481465292;0,7907010639848419;0,7396874680132383;0,956476661078267;0,8342279942279942;0,5976420928800558;0,4124054054054054;0,0435233389217329;0,7720356278364309;0,8600640399623587;0,0435233389217329;0,6383787591701889;0,6084417123182648;0,9628739080561192;0,745684242895337;0,3026039582724621;0,7591891891891892;0,0371260919438807;0,601842359433465;0,7958786234797149;0,0371260919438807
UNSW-NB15;RANDOM_LINF;linear;2;20;0,5424273014068604;3,771059274673462;9,826070057814707;0,7907010639848419;0,7396874680132383;0,956476661078267;0,8342279942279942;0,5976420928800558;0,4124054054054054;0,0435233389217329;0,7720356278364309;0,8600640399623587;0,0435233389217329;0,6924403634066948;0,656759212835297;0,924666901967705;0,7680200813514603;0,3963102247427006;0,592081081081081;0,075333098032295;0,666292910443312;0,8114522596557885;0,075333098032295
UNSW-NB15;RANDOM_L2;linear;2;20;0,5424273014068604;1,3221158981323242;17,705145022591463;0,7907010639848419;0,7396874680132383;0,956476661078267;0,8342279942279942;0,5976420928800558;0,4124054054054054;0,0435233389217329;0,7720356278364309;0,8600640399623587;0,0435233389217329;0,6136496137589272;0,595721788864193;0,9282625959587046;0,7257111814364183;0,2229295240503372;0,7718108108108108;0,0717374040412953;0,578225892573947;0,781741500092545;0,0717374040412953
UNSW-NB15;FGSM;linear;4;5;1,4038681983947754;0,8486075401306152;62,1896710877909;0,781713064179177;0,7344473007712082;0,9453586870202064;0,8266622943230262;0,5765013507494743;0,4187837837837838;0,0546413129797935;0,7632874516182113;0,8549457476245126;0,0546413129797935;0,159816353301268;0,0290003951007506;0,0161916526956675;0,0207808385946037;-0,6985982201558516;0,6642162162162162;0,9838083473043324;0,1759877182397256;0,293438466690805;0,9838083473043324
UNSW-NB15;RANDOM_LINF;linear;4;5;1,4038681983947754;0,8792593479156494;22,88174707282709;0,781713064179177;0,7344473007712082;0,9453586870202064;0,8266622943230262;0,5765013507494743;0,4187837837837838;0,0546413129797935;0,7632874516182113;0,8549457476245126;0,0546413129797935;0,5528955934509061;0,5519250222422639;0,9989852642724786;0,7110210938665285;0,0455170519893961;0,9936486486486488;0,0010147357275213;0,502668307811915;0,7757345000080879;0,0010147357275213
UNSW-NB15;RANDOM_L2;linear;4;5;1,4038681983947754;0,9567258358001708;23,09187193314871;0,781713064179177;0,7344473007712082;0,9453586870202064;0,8266622943230262;0,5765013507494743;0,4187837837837838;0,0546413129797935;0,7632874516182113;0,8549457476245126;0,0546413129797935;0,5507943448476899;0,5507131922338591;0,9998897026383128;0,7102430310722512;0,0128018809844462;0,9994324324324324;0,0001102973616871;0,5002286351029402;0,7753318123002944;0,0001102973616871
UNSW-NB15;FGSM;linear;4;10;1,0666191577911377;0,7021114826202393;61,80707379876598;0,792024972064325;0,7371420885384267;0,9671534456895792;0,8366266255760478;0,6049592060796252;0,4225405405405405;0,0328465543104209;0,7723064525745194;0,8611904236752428;0,0328465543104209;0,1739542340766652;0,0871322458491115;0,0527883173034501;0,0657453706247596;-0,6591848630513838;0,6775945945945946;0,94721168269655;0,1875968613544277;0,3307276624245537;0,94721168269655
UNSW-NB15;RANDOM_LINF;linear;4;10;1,0666191577911377;0,8131678104400635;23,54491570713696;0,792024972064325;0,7371420885384267;0,9671534456895792;0,8366266255760478;0,6049592060796252;0,4225405405405405;0,0328465543104209;0,7723064525745194;0,8611904236752428;0,0328465543104209;0,5565758149929554;0,5541828363707816;0,9954557486984912;0,7119911644051752;0,0683587052684153;0,9811351351351352;0,0045442513015088;0,507160306781678;0,7760703249400194;0,0045442513015088
UNSW-NB15;RANDOM_L2;linear;4;10;1,0666191577911377;0,8261330127716064;24,027109750765195;0,792024972064325;0,7371420885384267;0,9671534456895792;0,8366266255760478;0,6049592060796252;0,4225405405405405;0,0328465543104209;0,7723064525745194;0,8611904236752428;0,0328465543104209;0,551753874556673;0,5513059360730593;0,9987646695491044;0,7104513679123156;0,0282668411786747;0,9959189189189188;0,0012353304508956;0,5014228753150928;0,7753753892902151;0,0012353304508956
UNSW-NB15;FGSM;linear;4;15;1,0185298919677734;0,6322367191314697;55,85920419763882;0,7876645775640091;0,740417817679558;0,9460204711903292;0,8306860884050672;0,5877801468669451;0,4063513513513513;0,0539795288096708;0,7698345599194889;0,8580797089784991;0,0539795288096708;0,2290725355876208;0,2413891423357664;0,186755492808612;0,2105865379831849;-0,5354926570063625;0,719081081081081;0,813244507191388;0,2338372058637654;0,4379585343530278;0,813244507191388
UNSW-NB15;RANDOM_LINF;linear;4;15;1,0185298919677734;0,7547924518585205;22,706845454987125;0,7876645775640091;0,740417817679558;0,9460204711903292;0,8306860884050672;0,5877801468669451;0,4063513513513513;0,0539795288096708;0,7698345599194889;0,8580797089784991;0,0539795288096708;0,5605961230141379;0,557456476170154;0,979705285449572;0,7105863153094776;0,0753919225933607;0,952891891891892;0,0202947145504279;0,51340669677884;0,7741680158241953;0,0202947145504279
UNSW-NB15;RANDOM_L2;linear;4;15;1,0185298919677734;0,7465903759002686;23,36637030559199;0,7876645775640091;0,740417817679558;0,9460204711903292;0,8306860884050672;0,5877801468669451;0,4063513513513513;0,0539795288096708;0,7698345599194889;0,8580797089784991;0,0539795288096708;0,5540008745080892;0,5529513034923758;0,9919262331245036;0,7100716925117645;0,0423721680659964;0,9825405405405404;0,0080737668754963;0,5046928462919816;0,7746614763684894;0,0080737668754963
UNSW-NB15;FGSM;linear;4;20;1,0479590892791748;0,6974220275878906;62,86255647864743;0,7964096584560074;0,7423815664449572;0,9651680931792112;0,8392411861740898;0,6119158815343617;0,4103513513513513;0,0348319068207888;0,7774083709139299;0,8633640539290739;0,0348319068207888;0,1677840936695331;0,0275876120619396;0,0149342627724344;0,0193782917334554;-0,6851422727575054;0,6449459459459459;0,9850657372275656;0,1849941584132443;0,2924495396617579;0,9850657372275656
UNSW-NB15;RANDOM_LINF;linear;4;20;1,0479590892791748;0,7692766189575195;21,46431521158237;0,7964096584560074;0,7423815664449572;0,9651680931792112;0,8392411861740898;0,6119158815343617;0,4103513513513513;0,0348319068207888;0,7774083709139299;0,8633640539290739;0,0348319068207888;0,5817665063401837;0,5735754793410748;0,937064325421336;0,7115887161618869;0,1382026439246529;0,8535405405405405;0,062935674578664;0,5417618924403977;0,7726460938984768;0,062935674578664
UNSW-NB15;RANDOM_L2;linear;4;20;1,0479590892791748;0,763380765914917;22,965554098042077;0,7964096584560074;0,7423815664449572;0,9651680931792112;0,8392411861740898;0,6119158815343617;0,4103513513513513;0,0348319068207888;0,7774083709139299;0,8633640539290739;0,0348319068207888;0,5667541174755867;0,5628071452715879;0,9549545574869848;0,7082208588957055;0,0924983522753913;0,9088648648648648;0,045045442513015;0,52304484631106;0,7712818619219672;0,045045442513015
UNSW-NB15;FGSM;linear;8;5;2,555814027786255;1,7998929023742676;63,33381917116066;0,793348880143808;0,7486128669756988;0,9405056031059738;0,8336592233389386;0,5963036050054131;0,3869459459459459;0,0594943968940262;0,7767798285800139;0,860938042794808;0,0594943968940262;0,1600106884322013;0,0275618654822335;0,015331333274508;0,019702897318138;-0,698647213229571;0,6627297297297298;0,984668666725492;0,1763008017723891;0,2925258881117916;0,984668666725492
UNSW-NB15;RANDOM_LINF;linear;8;5;2,555814027786255;2,2031614780426025;24,27488704270514;0,793348880143808;0,7486128669756988;0,9405056031059738;0,8336592233389386;0,5963036050054131;0,3869459459459459;0,0594943968940262;0,7767798285800139;0,860938042794808;0,0594943968940262;0,5506000097167566;0,5506000097167566;1,0;0,710176713873919;0,0;1,0;0,0;0,5;0,7753000048583782;0,0
UNSW-NB15;RANDOM_L2;linear;8;5;2,555814027786255;2,238513469696045;24,27488704270514;0,793348880143808;0,7486128669756988;0,9405056031059738;0,8336592233389386;0,5963036050054131;0,3869459459459459;0,0594943968940262;0,7767798285800139;0,860938042794808;0,0594943968940262;0,5506000097167566;0,5506000097167566;1,0;0,710176713873919;0,0;1,0;0,0;0,5;0,7753000048583782;0,0
UNSW-NB15;FGSM;linear;8;10;2,1424810886383057;1,3667974472045898;65,00995967546032;0,8106447067968712;0,7488370536461296;0,9872055060442956;0,8516566121757665;0,6484805553407248;0,4056756756756757;0,0127944939557045;0,7907649151843099;0,8715436040933785;0,0127944939557045;0,1605451100422679;0,0309270216962524;0,0172946263125386;0,0221838657649755;-0,696812037002131;0,6639459459459459;0,9827053736874614;0,1766743401832963;0,2946496181549081;0,9827053736874614
UNSW-NB15;RANDOM_LINF;linear;8;10;2,1424810886383057;1,6704137325286863;26,004469708011456;0,8106447067968712;0,7488370536461296;0,9872055060442956;0,8516566121757665;0,6484805553407248;0,4056756756756757;0,0127944939557045;0,7907649151843099;0,8715436040933785;0,0127944939557045;0,5506000097167566;0,5506000097167566;1,0;0,710176713873919;0,0;1,0;0,0;0,5;0,7753000048583782;0,0
UNSW-NB15;RANDOM_L2;linear;8;10;2,1424810886383057;1,82356071472168;26,004469708011456;0,8106447067968712;0,7488370536461296;0,9872055060442956;0,8516566121757665;0,6484805553407248;0,4056756756756757;0,0127944939557045;0,7907649151843099;0,8715436040933785;0,0127944939557045;0,5506000097167566;0,5506000097167566;1,0;0,710176713873919;0,0;1,0;0,0;0,5;0,7753000048583782;0,0
UNSW-NB15;FGSM;linear;8;15;2,21286416053772;1,3814375400543213;63,68969537968226;0,8173614147597532;0,7695524512857016;0,9539618812318008;0,8518916150383642;0,6454106456832838;0,35;0,046038118768199;0,8019809406159004;0,8744314605793071;0,046038118768199;0,1804644609629305;0,0967730186480186;0,0586120180005294;0,0730065395394845;-0,6453318416236108;0,6702432432432432;0,9413879819994706;0,194184387378643;0,3368566343423472;0,9413879819994706
UNSW-NB15;RANDOM_LINF;linear;8;15;2,21286416053772;1,539325475692749;26,62148374872467;0,8173614147597532;0,7695524512857016;0,9539618812318008;0,8518916150383642;0,6454106456832838;0,35;0,046038118768199;0,8019809406159004;0,8744314605793071;0,046038118768199;0,5511465772725065;0,5509172025625753;0,9997132268596136;0,7103681236431466;0,0217048387968972;0,9984324324324324;0,0002867731403864;0,5006403972135905;0,775394163358036;0,0002867731403864
UNSW-NB15;RANDOM_L2;linear;8;15;2,21286416053772;1,530395746231079;26,63727347811301;0,8173614147597532;0,7695524512857016;0,9539618812318008;0,8518916150383642;0,6454106456832838;0,35;0,046038118768199;0,8019809406159004;0,8744314605793071;0,046038118768199;0,5509886799786231;0,550830152903712;0,9997132268596136;0,7102957541181449;0,0174253213325834;0,9987837837837836;0,0002867731403864;0,5004647215379149;0,7753506385286043;0,0002867731403864
UNSW-NB15;FGSM;linear;8;20;2,1468186378479004;1,222995042800903;64,43181266093379;0,8059806636544722;0,7558386781929727;0,9566531368569664;0,8444717061962067;0,6256078610295163;0,3786216216216216;0,0433468631430336;0,7890157576176724;0,8681792991588422;0,0433468631430336;0,1616625370451343;0,0271079527307569;0,0149783817171093;0,0192952543336175;-0,6958975684504325;0,6586216216216216;0,9850216182828908;0,1781783800477438;0,2922196235228206;0,9850216182828908
UNSW-NB15;RANDOM_LINF;linear;8;20;2,1468186378479004;1,481306552886963;25,231987562551627;0,8059806636544722;0,7558386781929727;0,9566531368569664;0,8444717061962067;0,6256078610295163;0,3786216216216216;0,0433468631430336;0,7890157576176724;0,8681792991588422;0,0433468631430336;0,5536607880289559;0,552446356126888;0,9973087443748344;0,7110279315551082;0,0476771084550472;0,989891891891892;0,0026912556251654;0,5037084262414713;0,7756184529375444;0,0026912556251654
UNSW-NB15;RANDOM_L2;linear;8;20;2,1468186378479004;1,467519760131836;25,166399455861644;0,8059806636544722;0,7558386781929727;0,9566531368569664;0,8444717061962067;0,6256078610295163;0,3786216216216216;0,0433468631430336;0,7890157576176724;0,8681792991588422;0,0433468631430336;0,5543166690958558;0,5528835557732338;0,9960734139239388;0,711075416135179;0,0509891088334859;0,9869189189189188;0,003926586076061;0,50457724750251;0,7755594740144027;0,003926586076061
UNSW-NB15;FGSM;linear;10;5;3,096339702606201;2,413530111312866;62,857698100374094;0,7887698586211922;0,7380429041217264;0,9555060442954204;0,8328126051470376;0,5936922897659371;0,4155135135135135;0,0444939557045795;0,7699962653909533;0,8590236604302127;0,0444939557045795;0,1601928776174513;0,0286257275210832;0,0159489984999558;0,0204847780815707;-0,6980433451392959;0,6630810810810811;0,984051001500044;0,1764339587094374;0,2931966085043737;0,984051001500044
UNSW-NB15;RANDOM_LINF;linear;10;5;3,096339702606201;2,537637710571289;23,81698489044356;0,7887698586211922;0,7380429041217264;0,9555060442954204;0,8328126051470376;0,5936922897659371;0,4155135135135135;0,0444939557045795;0,7699962653909533;0,8590236604302127;0,0444939557045795;0,5506000097167566;0,5506000097167566;1,0;0,710176713873919;0,0;1,0;0,0;0,5;0,7753000048583782;0,0
UNSW-NB15;RANDOM_L2;linear;10;5;3,096339702606201;2,712360382080078;23,81698489044356;0,7887698586211922;0,7380429041217264;0,9555060442954204;0,8328126051470376;0,5936922897659371;0,4155135135135135;0,0444939557045795;0,7699962653909533;0,8590236604302127;0,0444939557045795;0,5506000097167566;0,5506000097167566;1,0;0,710176713873919;0,0;1,0;0,0;0,5;0,7753000048583782;0,0
UNSW-NB15;FGSM;linear;10;10;3,036531925201416;1,7166242599487305;63,77593159403391;0,8020332313073896;0,7494372562159561;0,962123885996647;0,8425658511141806;0,6207114418293193;0,3941081081081081;0,037876114003353;0,7840078889442694;0,8662078654754412;0,037876114003353;0,1642739153670504;0,0415218155540799;0,0234492190946792;0,029971945356886;-0,6874927196889338;0,6631891891891892;0,9765507809053208;0,180130014952745;0,3013299520520675;0,9765507809053208
UNSW-NB15;RANDOM_LINF;linear;10;10;3,036531925201416;2,114212274551392;25,143322159063292;0,8020332313073896;0,7494372562159561;0,962123885996647;0,8425658511141806;0,6207114418293193;0,3941081081081081;0,037876114003353;0,7840078889442694;0,8662078654754412;0,037876114003353;0,5506000097167566;0,5506000097167566;1,0;0,710176713873919;0,0;1,0;0,0;0,5;0,7753000048583782;0,0
UNSW-NB15;RANDOM_L2;linear;10;10;3,036531925201416;2,1024694442749023;25,143322159063292;0,8020332313073896;0,7494372562159561;0,962123885996647;0,8425658511141806;0,6207114418293193;0,3941081081081081;0,037876114003353;0,7840078889442694;0,8662078654754412;0,037876114003353;0,5506000097167566;0,5506000097167566;1,0;0,710176713873919;0,0;1,0;0,0;0,5;0,7753000048583782;0,0
UNSW-NB15;FGSM;linear;10;15;2,5775351524353027;1,5934185981750488;63,38604673759899;0,7945634747121411;0,7584770428581823;0,9197696991087974;0,8313726272132717;0,5923584602217333;0,3588378378378378;0,0802303008912026;0,7804659306354798;0,8612107732086272;0,0802303008912026;0,1607030073361512;0,0346528838247386;0,0195226330186181;0,0249749544947863;-0,6955447866639738;0,6663243243243243;0,9804773669813818;0,1765991543471469;0,2970131823151827;0,9804773669813818
UNSW-NB15;RANDOM_LINF;linear;10;15;2,5775351524353027;1,899808883666992;24,37812758101345;0,7945634747121411;0,7584770428581823;0,9197696991087974;0,8313726272132717;0,5923584602217333;0,3588378378378378;0,0802303008912026;0,7804659306354798;0,8612107732086272;0,0802303008912026;0,5507821989020065;0,5507003413632664;1,0;0,7102601665504626;0,014941783533008;0,9995945945945944;0,0;0,5002027027027027;0,7753501706816333;0,0
UNSW-NB15;RANDOM_L2;linear;10;15;2,5775351524353027;1,8886404037475584;24,386629742991783;0,7945634747121411;0,7584770428581823;0,9197696991087974;0,8313726272132717;0,5923584602217333;0,3588378378378378;0,0802303008912026;0,7804659306354798;0,8612107732086272;0,0802303008912026;0,5506971772822232;0,5506547459974247;0,9999779405276624;0,7102166794616698;0,0099838627843293;0,9997567567567568;2,2059472337421688e-05;0,5001105918854528;0,7753224162353852;2,2059472337421688e-05
UNSW-NB15;FGSM;linear;10;20;2,587010622024536;1,4908547401428225;62,95122188213576;0,8064786474274888;0,7542770156895985;0,9618812318009352;0,8455221492907767;0,628663570716898;0,3839189189189189;0,0381187681990646;0,7889811564410081;0,8685732208156648;0,0381187681990646;0,1769664286061312;0,0870461742396347;0,0521485926056648;0,0652227893502552;-0,6538034362714396;0,6701081081081081;0,9478514073943352;0,1910202422487784;0,3305408804833309;0,9478514073943352
UNSW-NB15;RANDOM_LINF;linear;10;20;2,587010622024536;1,7346642017364502;25,361949181363265;0,8064786474274888;0,7542770156895985;0,9618812318009352;0,8455221492907767;0,628663570716898;0,3839189189189189;0,0381187681990646;0,7889811564410081;0,8685732208156648;0,0381187681990646;0,5528591556138561;0,5519516955354965;0,998169063795994;0,7108363704913913;0,0414690174935359;0,9927297297297296;0,001830936204006;0,5027196670331322;0,7755644364116036;0,001830936204006
UNSW-NB15;RANDOM_L2;linear;10;20;2,587010622024536;1,7270379066467283;25,340086479133276;0,8064786474274888;0,7542770156895985;0,9618812318009352;0,8455221492907767;0,628663570716898;0,3839189189189189;0,0381187681990646;0,7889811564410081;0,8685732208156648;0,0381187681990646;0,553077782636156;0,5521365224402043;0,997066090179123;0,7107096246678303;0,0407655936029714;0,990891891891892;0,002933909820877;0,5030870991436155;0,7754090116976052;0,002933909820877
UNSW-NB15;FGSM;linear;16;5;32,91770759993233;1,3840081000234932;64,16217266676384;0,805094009619589;0,7516109631411634;0,9648813200388248;0,844996957315483;0,6274603361698776;0,3906756756756757;0,0351186799611753;0,7871028221815745;0,8679143143539254;0,0351186799611753;0,1634722829519506;0,0279148116953435;0,0153533927468454;0,0198107165729737;-0,6925333145689359;0,655054054054054;0,9846466072531546;0,1801496693463957;0,2927073179816736;0,9846466072531546
UNSW-NB15;RANDOM_LINF;linear;16;5;32,91770759993233;1,3593439001124352;25,44939999028324;0,805094009619589;0,7516109631411634;0,9648813200388248;0,844996957315483;0,6274603361698776;0,3906756756756757;0,0351186799611753;0,7871028221815745;0,8679143143539254;0,0351186799611753;0,5506000097167566;0,5506000097167566;1,0;0,710176713873919;0,0;1,0;0,0;0,5;0,7753000048583782;0,0
UNSW-NB15;RANDOM_L2;linear;16;5;32,91770759993233;1,3597836000844836;25,44939999028324;0,805094009619589;0,7516109631411634;0,9648813200388248;0,844996957315483;0,6274603361698776;0,3906756756756757;0,0351186799611753;0,7871028221815745;0,8679143143539254;0,0351186799611753;0,5506000097167566;0,5506000097167566;1,0;0,710176713873919;0,0;1,0;0,0;0,5;0,7753000048583782;0,0
UNSW-NB15;FGSM;linear;16;10;32,80551640014164;1,4342463000211865;62,38400621872419;0,7874945343244425;0,7563261998600317;0,9059163504808964;0,824390243902439;0,5755781895607941;0,3575945945945946;0,0940836495191035;0,7741608779431509;0,8570225043401672;0,0940836495191035;0,1636544721372006;0,0287637208557006;0,0158387011382687;0,02042848607278;-0,6919853573546645;0,6552432432432432;0,9841612988617312;0,1802977289475127;0,2932408213550472;0,9841612988617312
UNSW-NB15;RANDOM_LINF;linear;16;10;32,80551640014164;1,4807988002430648;23,68945246076859;0,7874945343244425;0,7563261998600317;0,9059163504808964;0,824390243902439;0,5755781895607941;0,3575945945945946;0,0940836495191035;0,7741608779431509;0,8570225043401672;0,0940836495191035;0,5506000097167566;0,5506000097167566;1,0;0,710176713873919;0,0;1,0;0,0;0,5;0,7753000048583782;0,0
UNSW-NB15;RANDOM_L2;linear;16;10;32,80551640014164;1,4803020004183054;23,68945246076859;0,7874945343244425;0,7563261998600317;0,9059163504808964;0,824390243902439;0,5755781895607941;0,3575945945945946;0,0940836495191035;0,7741608779431509;0,8570225043401672;0,0940836495191035;0,5506000097167566;0,5506000097167566;1,0;0,710176713873919;0,0;1,0;0,0;0,5;0,7753000048583782;0,0
UNSW-NB15;FGSM;linear;16;15;32,18779000011273;1,1133112001698464;63,952047806442216;0,8148472040033037;0,7600428680080205;0,9699549986764316;0,852263916886339;0,6472683946296025;0,3751891891891892;0,0300450013235683;0,7973829047436213;0,8732703223525744;0,0300450013235683;0,1753267259388816;0,0652383337828985;0,0373466866672549;0,0475008066439403;-0,661974875260533;0,6556216216216216;0,9626533133327452;0,1908625325228166;0,3163109720625154;0,9626533133327452
UNSW-NB15;RANDOM_LINF;linear;16;15;32,18779000011273;1,1722057003062218;26,41743186124471;0,8148472040033037;0,7600428680080205;0,9699549986764316;0,852263916886339;0,6472683946296025;0,3751891891891892;0,0300450013235683;0,7973829047436213;0,8732703223525744;0,0300450013235683;0,5506728853908566;0,5506413682522715;0,9999779405276624;0,7102055524221345;0,0084342943603126;0,9998108108108108;2,2059472337421688e-05;0,5000835648584259;0,7753157273628087;2,2059472337421688e-05
UNSW-NB15;RANDOM_L2;linear;16;15;32,18779000011273;1,17428130004555;26,42229023951804;0,8148472040033037;0,7600428680080205;0,9699549986764316;0,852263916886339;0,6472683946296025;0,3751891891891892;0,0300450013235683;0,7973829047436213;0,8732703223525744;0,0300450013235683;0,5506243016081233;0,5506146147118842;0,9999779405276624;0,710183299389002;0,0042122153520624;0,9999189189189188;2,2059472337421688e-05;0,5000295108043717;0,775302350592615;2,2059472337421688e-05
UNSW-NB15;FGSM;linear;16;20;32,178248999873176;0,9549130003433676;63,63989700238061;0,8104989554486712;0,7614040023915872;0,9551310332656844;0,8473355642967573;0,6332718284075003;0,3667027027027027;0,0448689667343157;0,7942141652814907;0,8706199445885833;0,0448689667343157;0,1740999854248651;0,0342730336155173;0,0183975999294096;0,0239428128498837;-0,6723422794256095;0,6351351351351351;0,9816024000705904;0,1916312323971373;0,2965704622808928;0,9816024000705904
UNSW-NB15;RANDOM_LINF;linear;16;20;32,178248999873176;0,9879715000279248;25,77248214545984;0,8104989554486712;0,7614040023915872;0,9551310332656844;0,8473355642967573;0,6332718284075003;0,3667027027027027;0,0448689667343157;0,7942141652814907;0,8706199445885833;0,0448689667343157;0,5527741339940728;0,5518539729733023;0,9990514426894908;0,7109788930839331;0,0443620407374707;0,994;0,0009485573105091;0,5025257213447455;0,7757138456635883;0,0009485573105091
UNSW-NB15;RANDOM_L2;linear;16;20;32,178248999873176;0,9848288998473436;25,8186367390565;0,8104989554486712;0,7614040023915872;0,9551310332656844;0,8473355642967573;0,6332718284075003;0,3667027027027027;0,0448689667343157;0,7942141652814907;0,8706199445885833;0,0448689667343157;0,5523125880581062;0,5516249710588207;0,998588193770405;0,7106715334196789;0,0359890517349788;0,9944594594594596;0,0014118062295949;0,5020643671554728;0,7754952526764795;0,0014118062295949
UNSW-NB15;FGSM;linear;32;5;148,28713899990544;3,416109399870038;65,12048778117865;0,8146650148180538;0,7571704664009988;0,9765948998499956;0,8529975626439051;0,6500307256900086;0,3837297297297297;0,0234051001500044;0,7964325850601329;0,8733261073105042;0,0234051001500044;0,1634601370062673;0,0278379462494985;0,0153092738021706;0,0197546326606131;-0,6925753878942296;0,655027027027027;0,9846907261978294;0,1801411233875718;0,2926589717320971;0,9846907261978294
UNSW-NB15;RANDOM_LINF;linear;32;5;148,28713899990544;3,48735179961659;26,40650051012972;0,8146650148180538;0,7571704664009988;0,9765948998499956;0,8529975626439051;0,6500307256900086;0,3837297297297297;0,0234051001500044;0,7964325850601329;0,8733261073105042;0,0234051001500044;0,5506000097167566;0,5506000097167566;1,0;0,710176713873919;0,0;1,0;0,0;0,5;0,7753000048583782;0,0
UNSW-NB15;RANDOM_L2;linear;32;5;148,28713899990544;3,538649099878967;26,40650051012972;0,8146650148180538;0,7571704664009988;0,9765948998499956;0,8529975626439051;0,6500307256900086;0,3837297297297297;0,0234051001500044;0,7964325850601329;0,8733261073105042;0,0234051001500044;0,5506000097167566;0,5506000097167566;1,0;0,710176713873919;0,0;1,0;0,0;0,5;0,7753000048583782;0,0
UNSW-NB15;FGSM;linear;32;10;137,99459920008667;3,528148000361398;65,03182237769033;0,8140212796968372;0,766579050190033;0,9521530045001324;0,8493476849209941;0,6386318823344179;0,3552162162162162;0,0478469954998676;0,798468394141958;0,8725383054386552;0,0478469954998676;0,1637030559199339;0,028239069394304;0,0155298685255448;0,0200392815462127;-0,6920439644474622;0,6547567567567567;0,9844701314744552;0,1803865558843941;0,2929091009377703;0,9844701314744552
UNSW-NB15;RANDOM_LINF;linear;32;10;137,99459920008667;3,5970008997246623;26,342126998008062;0,8140212796968372;0,766579050190033;0,9521530045001324;0,8493476849209941;0,6386318823344179;0,3552162162162162;0,0478469954998676;0,798468394141958;0,8725383054386552;0,0478469954998676;0,5506000097167566;0,5506000097167566;1,0;0,710176713873919;0,0;1,0;0,0;0,5;0,7753000048583782;0,0
UNSW-NB15;RANDOM_L2;linear;32;10;137,99459920008667;3,6971803000196815;26,342126998008062;0,8140212796968372;0,766579050190033;0,9521530045001324;0,8493476849209941;0,6386318823344179;0,3552162162162162;0,0478469954998676;0,798468394141958;0,8725383054386552;0,0478469954998676;0,5506000097167566;0,5506000097167566;1,0;0,710176713873919;0,0;1,0;0,0;0,5;0,7753000048583782;0,0
UNSW-NB15;FGSM;linear;32;15;132,06921300012618;4,370548400329426;64,60307049506875;0,8173371228683866;0,7612050976943108;0,9737051089737934;0,8544410998945015;0,6534233551203038;0,3742432432432432;0,0262948910262066;0,7997309328652751;0,8746940869613173;0,0262948910262066;0,171306417917699;0,0261589403973509;0,0139415865172505;0,018189144074138;-0,6794437761654409;0,6358918918918919;0,9860584134827496;0,1890248473126793;0,2915121494797465;0,9860584134827496
UNSW-NB15;RANDOM_LINF;linear;32;15;132,06921300012618;4,602784999180585;26,673711315163;0,8173371228683866;0,7612050976943108;0,9737051089737934;0,8544410998945015;0,6534233551203038;0,3742432432432432;0,0262948910262066;0,7997309328652751;0,8746940869613173;0,0262948910262066;0,5506000097167566;0,5506000097167566;1,0;0,710176713873919;0,0;1,0;0,0;0,5;0,7753000048583782;0,0
UNSW-NB15;RANDOM_L2;linear;32;15;132,06921300012618;4,599307700293139;26,673711315163;0,8173371228683866;0,7612050976943108;0,9737051089737934;0,8544410998945015;0,6534233551203038;0,3742432432432432;0,0262948910262066;0,7997309328652751;0,8746940869613173;0,0262948910262066;0,5506000097167566;0,5506000097167566;1,0;0,710176713873919;0,0;1,0;0,0;0,5;0,7753000048583782;0,0
UNSW-NB15;FGSM;linear;32;20;133,45206249994226;3,866588500328362;63,74678132439392;0,8130131662051208;0,7599826313504126;0,9652342715962234;0,8503989038646544;0,6419097340826166;0,3734864864864864;0,0347657284037765;0,7958738925548685;0,8721794566717828;0,0347657284037765;0,1755453529611815;0,0470852918725643;0,0258537015794582;0,033379377127152;-0,6663274568688453;0,641054054054054;0,9741462984205418;0,1923998237627021;0,3046519774139576;0,9741462984205418
UNSW-NB15;RANDOM_LINF;linear;32;20;133,45206249994226;4,0155422003008425;26,227955108584755;0,8130131662051208;0,7599826313504126;0,9652342715962234;0,8503989038646544;0,6419097340826166;0,3734864864864864;0,0347657284037765;0,7958738925548685;0,8721794566717828;0,0347657284037765;0,5507336151192732;0,5506772763165887;0,9999338215829876;0,7102242904259403;0,0108086684453692;0,9996216216216216;6,617841701226507e-05;0,5001560999806831;0,7753237678683131;6,617841701226507e-05
UNSW-NB15;RANDOM_L2;linear;32;20;133,45206249994226;4,054276899434626;26,210950784628096;0,8130131662051208;0,7599826313504126;0,9652342715962234;0,8503989038646544;0,6419097340826166;0,3734864864864864;0,0347657284037765;0,7958738925548685;0,8721794566717828;0,0347657284037765;0,5509036583588398;0,5507746521659882;0,9998676431659754;0,7102885753014644;0,0165577392642319;0,999162162162162;0,0001323568340245;0,5003527405019067;0,7753575855030319;0,0001323568340245
UNSW-NB15;C&W;linear;1;5;1,3355378999840468;0,3781514002475887;0,0;0,6505975805276198;0,6138190713078371;0,9853304508956146;0,756420352071532;0,3505819350535261;0,7595135135135135;0,0146695491043854;0,6129084686910505;0,8036132880414333;0,0146695491043854;0,6505975805276198;0,6138190713078371;0,9853304508956146;0,756420352071532;0,3505819350535261;0,7595135135135135;0,0146695491043854;0,6129084686910505;0,8036132880414333;0,0146695491043854
UNSW-NB15;C&W;linear;1;10;1,2318583000451326;0,3780302999075502;0,0012145945683328;0,7685832968954963;0,7789288216188677;0,8094282184770141;0,7938856975951709;0,530815141746108;0,2814594594594594;0,1905717815229859;0,7639843795087772;0,8466429324270888;0,1905717815229859;0,768571150949813;0,7789122866604399;0,8094282184770141;0,7938771094764171;0,5307898695775349;0,2814864864864865;0,1905717815229859;0,7639708659952638;0,8466346649478748;0,1905717815229859
UNSW-NB15;C&W;linear;1;15;1,2533156999852508;0,3444797003176063;0,0012145945683328;0,7875917018899091;0,8060587407667956;0,8088326127239036;0,80744329442854;0,5706254642435512;0,2384324324324324;0,1911673872760963;0,7852000901457357;0,8600740593912224;0,1911673872760963;0,7875795559442258;0,8060410209061531;0,8088326127239036;0,8074344039374154;0,5705998981889452;0,2384594594594594;0,1911673872760963;0,7851865766322221;0,8600651994609012;0,1911673872760963
UNSW-NB15;C&W;linear;1;20;1,2561712998431176;0,3697881000116467;0,0012145945683328;0,7875917018899091;0,8060587407667956;0,8088326127239036;0,80744329442854;0,5706254642435512;0,2384324324324324;0,1911673872760963;0,7852000901457357;0,8600740593912224;0,1911673872760963;0,7875795559442258;0,8060410209061531;0,8088326127239036;0,8074344039374154;0,5705998981889452;0,2384594594594594;0,1911673872760963;0,7851865766322221;0,8600651994609012;0,1911673872760963
UNSW-NB15;C&W;linear;2;5;2,693725199904293;0,4729481996037066;0,0;0,756461643103532;0,7045156697461452;0,96055766346069;0,8128505959547877;0,5369395834534728;0,4935945945945946;0,0394423365393099;0,7334815344330478;0,8433951420443155;0,0394423365393099;0,756461643103532;0,7045156697461452;0,96055766346069;0,8128505959547877;0,5369395834534728;0,4935945945945946;0,0394423365393099;0,7334815344330478;0,8433951420443155;0,0394423365393099
UNSW-NB15;C&W;linear;2;10;2,559162799967453;0,4143535995390266;0,0;0,7707452752271292;0,7181804687371147;0,96055766346069;0,8218717854345384;0,5631138784863967;0,4618108108108108;0,0394423365393099;0,7493734263249396;0,8502275415398002;0,0394423365393099;0,7707452752271292;0,7181804687371147;0,96055766346069;0,8218717854345384;0,5631138784863967;0,4618108108108108;0,0394423365393099;0,7493734263249396;0,8502275415398002;0,0394423365393099
UNSW-NB15;C&W;linear;2;15;2,488728699972853;0,3643726997543126;-0,0012145945683328;0,7726764805907788;0,7201780219052977;0,9602267713756288;0,82305670580672;0,5664758971302502;0,4571081081081081;0,0397732286243713;0,7515593316337603;0,8511519666739861;0,0397732286243713;0,7726886265364621;0,7201899372942208;0,9602267713756288;0,8230644871564577;0,5664980745585679;0,4570810810810811;0,0397732286243713;0,7515728451472738;0,8511579243684476;0,0397732286243713
UNSW-NB15;C&W;linear;2;20;2,565245700068772;0,3555408997926861;0,0;0,7889399018607589;0,7359111546186433;0,9618371128562604;0,8338417112094931;0,5968446278059737;0,4228918918918919;0,0381628871437395;0,7694726104821843;0,8593803767535332;0,0381628871437395;0,7889399018607589;0,7359111546186433;0,9618371128562604;0,8338417112094931;0,5968446278059737;0,4228918918918919;0,0381628871437395;0,7694726104821843;0,8593803767535332;0,0381628871437395
UNSW-NB15;C&W;linear;4;5;5,526548200054094;0,5595130999572575;0,0;0,7775227129184278;0,7219182808418355;0,9693152739786464;0,827521916402226;0,5799553356451105;0,4574594594594595;0,0306847260213535;0,7559279072595935;0,8540642826329977;0,0306847260213535;0,7775227129184278;0,7219182808418355;0,9693152739786464;0,827521916402226;0,5799553356451105;0,4574594594594595;0,0306847260213535;0,7559279072595935;0,8540642826329977;0,0306847260213535
UNSW-NB15;C&W;linear;4;10;5,03133050003089;0,5557326003909111;0,0;0,778372929116261;0,724128229316651;0,9651901526515486;0,8274596945770886;0,5793290930113248;0,4505135135135135;0,0348098473484514;0,7573383195690175;0,8542423421282478;0,0348098473484514;0,778372929116261;0,724128229316651;0,9651901526515486;0,8274596945770886;0,5793290930113248;0,4505135135135135;0,0348098473484514;0,7573383195690175;0,8542423421282478;0,0348098473484514
UNSW-NB15;C&W;linear;4;15;5,122938700020313;0,3848514000419527;0,0;0,791842782879075;0,7349891648608101;0,9726462543015972;0,8372799605020793;0,6074060941935893;0,4296756756756756;0,0273537456984028;0,7714852893129607;0,8613481959048688;0,0273537456984028;0,791842782879075;0,7349891648608101;0,9726462543015972;0,8372799605020793;0,6074060941935893;0,4296756756756756;0,0273537456984028;0,7714852893129607;0,8613481959048688;0,0273537456984028
UNSW-NB15;C&W;linear;4;20;5,163812299957499;0,384995199739933;-0,0012145945683328;0,7937618422970413;0,7387496631635678;0,967616694608665;0,8378347404209803;0,6083116676635876;0,4192432432432432;0,032383305391335;0,7741867256827109;0,8620983030176814;0,032383305391335;0,7937739882427246;0,7387621052631579;0,967616694608665;0,8378427421280334;0,6083335218040417;0,4192162162162162;0,032383305391335;0,7742002391962243;0,8621045240674763;0,032383305391335
UNSW-NB15;C&W;linear;8;5;12,36091939988546;0,8673464998137206;0,0;0,7885876694359423;0,7380489634478996;0,9549766169593225;0,8326153017655883;0,593130749999213;0,4152702702702702;0,0450233830406776;0,7698531733445262;0,8589077277734501;0,0450233830406776;0,7885876694359423;0,7380489634478996;0,9549766169593225;0,8326153017655883;0,593130749999213;0,4152702702702702;0,0450233830406776;0,7698531733445262;0,8589077277734501;0,0450233830406776
UNSW-NB15;C&W;linear;8;10;11,135982099920511;0,6219250003341585;0,0;0,7939075936452412;0,7423444976076555;0,958307597282273;0,8366136424912375;0,6042859171367067;0,4075135135135135;0,0416924027177269;0,7753970418843796;0,8618039661157121;0,0416924027177269;0,7939075936452412;0,7423444976076555;0,958307597282273;0,8366136424912375;0,6042859171367067;0,4075135135135135;0,0416924027177269;0,7753970418843796;0,8618039661157121;0,0416924027177269
UNSW-NB15;C&W;linear;8;15;11,446717800106851;0,5037231997121125;-0,0012145945683328;0,7962396152164407;0,7440350037601695;0,960292949792641;0,8384437596302003;0,6093975359934958;0,4047567567567567;0,039707050207359;0,7777680965179422;0,8630953278914031;0,039707050207359;0,796251761162124;0,744047720785547;0,960292949792641;0,8384518340893113;0,6094196016262099;0,4047297297297297;0,039707050207359;0,7777816100314557;0,8631016864040918;0,039707050207359
UNSW-NB15;C&W;linear;8;20;11,60310890013352;0,4840054998639971;0,0;0,8008307826847398;0,7514250955856795;0,9537854054531016;0,8405980247297613;0,6150529017414627;0,3865675675675675;0,0462145945468984;0,7836089189427671;0,8653281286226797;0,0462145945468984;0,8008307826847398;0,7514250955856795;0,9537854054531016;0,8405980247297613;0,6150529017414627;0,3865675675675675;0,0462145945468984;0,7836089189427671;0,8653281286226797;0,0462145945468984
UNSW-NB15;C&W;linear;10;5;16,797525400063023;0,8477779999375343;0,0;0,7880046640431424;0,7416525085815332;0,9437042265948998;0,8305667190867261;0,5875296372680643;0,4027567567567567;0,0562957734051001;0,7704737349190716;0,8581765942801467;0,0562957734051001;0,7880046640431424;0,7416525085815332;0,9437042265948998;0,8305667190867261;0,5875296372680643;0,4027567567567567;0,0562957734051001;0,7704737349190716;0,8581765942801467;0,0562957734051001
UNSW-NB15;C&W;linear;10;10;14,996862399857491;0,6701515002641827;0,0;0,7912719234319584;0,7499777971189542;0,931417100502956;0,8309078922769627;0,5894274625998981;0,3804324324324324;0,068582899497044;0,7754923340352617;0,859578321375693;0,068582899497044;0,7912719234319584;0,7499777971189542;0,931417100502956;0,8309078922769627;0,5894274625998981;0,3804324324324324;0,068582899497044;0,7754923340352617;0,859578321375693;0,068582899497044
UNSW-NB15;C&W;linear;10;15;14,71204619994387;0,5480890998151153;0,0;0,812879560802604;0,7579027198455651;0,9699991176211064;0,8509337203676827;0,6437592965426211;0,3796216216216216;0,0300008823788934;0,7951887479997424;0,8722101617980007;0,0300008823788934;0,812879560802604;0,7579027198455651;0,9699991176211064;0,8509337203676827;0,6437592965426211;0,3796216216216216;0,0300008823788934;0,7951887479997424;0,8722101617980007;0,0300008823788934
UNSW-NB15;C&W;linear;10;20;14,4301991998218;0,5647680000402033;0,0;0,8085191663022883;0,7541823558742112;0,967616694608665;0,8476708569661716;0,6348543528392071;0,3864054054054054;0,032383305391335;0,7906056446016297;0,8698146493730029;0,032383305391335;0,8085191663022883;0,7541823558742112;0,967616694608665;0,8476708569661716;0,6348543528392071;0,3864054054054054;0,032383305391335;0,7906056446016297;0,8698146493730029;0,032383305391335
UNSW-NB15;C&W;linear;16;5;26,77526140003465;1,2773797002155334;0,0;0,8008550745761065;0,7520381854923002;0,9523074208064944;0,840406478741629;0,6145178507952614;0,3847027027027027;0,0476925791935056;0,7838023590518959;0,8653025704330779;0,0476925791935056;0,8008550745761065;0,7520381854923002;0,9523074208064944;0,840406478741629;0,6145178507952614;0,3847027027027027;0,0476925791935056;0,7838023590518959;0,8653025704330779;0,0476925791935056
UNSW-NB15;C&W;linear;16;10;24,792505799792707;0,9248979003168644;0,0;0,8071831122771219;0,7571361231865081;0,9566751963293038;0,8452894913800665;0,6278114152989205;0,375972972972973;0,0433248036706961;0,7903511116781652;0,8688329784189369;0,0433248036706961;0,8071831122771219;0,7571361231865081;0,9566751963293038;0,8452894913800665;0,6278114152989205;0,375972972972973;0,0433248036706961;0,7903511116781652;0,8688329784189369;0,0433248036706961
UNSW-NB15;C&W;linear;16;15;24,760385800153017;0,7626989998389035;0,0;0,8176650634018364;0,7625290063381014;0,9713447454336892;0,8543627156134189;0,6529392256910813;0,3706216216216216;0,0286552545663107;0,8003615619060338;0,8748256676072188;0,0286552545663107;0,8176650634018364;0,7625290063381014;0,9713447454336892;0,8543627156134189;0,6529392256910813;0,3706216216216216;0,0286552545663107;0,8003615619060338;0,8748256676072188;0,0286552545663107
UNSW-NB15;C&W;linear;16;20;23,99666339997202;0,8422244999092072;0,0012145945683328;0,8204464849633193;0,766435835266619;0,9692711550339717;0,8560017923067182;0,6570221617427137;0,3618918918918919;0,0307288449660284;0,8036896315710398;0,8763131463187352;0,0307288449660284;0,820434339017636;0,7664224664224665;0,9692711550339717;0,8559934542479204;0,6570003343309092;0,3619189189189189;0,0307288449660284;0,8036761180575263;0,876306461896659;0,0307288449660284
UNSW-NB15;C&W;linear;32;5;60,25722500006668;7,394988999236375;-0,0012145945683328;0,8135232959238207;0,7689905787348587;0,9452925086031942;0,8480758383882363;0,6353694467602332;0,3479189189189189;0,0547074913968057;0,7986867948421377;0,8722025163163568;0,0547074913968057;0,813535441869504;0,7690043787237097;0,9452925086031942;0,8480842305256492;0,6353919539056593;0,3478918918918919;0,0547074913968057;0,7987003083556513;0,8722094163107823;0,0547074913968057
UNSW-NB15;C&W;linear;32;10;54,9581641999539;4,79132239962928;-0,0012145945683439;0,8139605499684205;0,7560264087210194;0,9775875761051795;0,8526488951312663;0,6492647816872341;0,3865135135135135;0,0224124238948204;0,795537031295833;0,8729771328202317;0,0224124238948204;0,8139726959141039;0,7560393066739457;0,9775875761051795;0,852657097779659;0,6492863188053912;0,3864864864864865;0,0224124238948204;0,7955505448093465;0,8729835817966948;0,0224124238948204
UNSW-NB15;C&W;linear;32;15;52,64219669997692;3,4382064999081194;-0,0012145945683328;0,811992906767721;0,7539686590781481;0,9775213976881671;0,8513135776379617;0,6457432441481489;0,3908108108108108;0,0224786023118327;0,7933552934386782;0,8719333877088148;0,0224786023118327;0,8120050527134043;0,7539814877832982;0,9775213976881671;0,851321755167909;0,6457647792729811;0,3907837837837838;0,0224786023118327;0,7933688069521918;0,8719398020613899;0,0224786023118327
UNSW-NB15;C&W;linear;32;20;49,87770719989203;5,101232099812478;-0,0012145945683328;0,8125273283777875;0,7562878255353438;0,9730874437483455;0,8510983127369548;0,6445519020418436;0,3841891891891892;0,0269125562516544;0,7944491272795782;0,8720966615086765;0,0269125562516544;0,8125394743234708;0,7563007920995782;0,9730874437483455;0,8511065233749445;0,6445735832253675;0,3841621621621621;0,0269125562516544;0,7944626407930917;0,8721031447907939;0,0269125562516544
