Dataset;Attack;Binarization;Resolution;AddressSize;TrainTime_s;InferTime_Adv_s;Acc_Drop_pp;Clean_Acc;Clean_Precision;Clean_Recall;Clean_F1;Clean_MCC;Clean_FAR;Clean_ASR;Clean_AUC;Clean_PR_AUC;Clean_F1_Macro;Clean_Miss_bots;Clean_Miss_brute force;Clean_Miss_ddos;Clean_Miss_dos;Clean_Miss_port scanning;Clean_Miss_web attacks;Adv_Acc;Adv_Precision;Adv_Recall;Adv_F1;Adv_MCC;Adv_FAR;Adv_ASR;Adv_AUC;Adv_PR_AUC;Adv_F1_Macro;Adv_Miss_bots;Adv_Miss_brute force;Adv_Miss_ddos;Adv_Miss_dos;Adv_Miss_port scanning;Adv_Miss_web attacks
CICIDS;FGSM;distributive;1;5;3,352468099910766;1,4699159997981042;6,901107009606255;0,8988120622591248;0,8638202120988706;0,8988120622591248;0,8708555697190022;0,6093828206505854;0,0059831222017507;0,5696566790777434;0,6698652803724351;0,4130298403654912;0,4595168113199263;1,0;0,2377049180327868;0,1525993047689723;0,6505458205373041;0,99961409118474;1,0;0,8298009921630622;0,7273459169628865;0,8298009921630622;0,7539837125220137;-0,0063453315243973;0,0016968487776006;0,9994831980643418;0,4999656812850356;0,1430553988037295;0,1302026761051593;1,0;0,9994535519125683;0,9983205093153146;1,0;1,0;1,0
CICIDS;RANDOM_LINF;distributive;1;5;3,352468099910766;0,8685211995616555;6,771185617007614;0,8988120622591248;0,8638202120988706;0,8988120622591248;0,8708555697190022;0,6093828206505854;0,0059831222017507;0,5696566790777434;0,6698652803724351;0,4130298403654912;0,4595168113199263;1,0;0,2377049180327868;0,1525993047689723;0,6505458205373041;0,99961409118474;1,0;0,8311002060890487;0,6939512245445963;0,8311002060890487;0,7544726874896289;0,0023823714526311;3,1025364428703715e-05;0,9998825450146231;0,5000057291009637;0,1428589412510611;0,1296924575479037;1,0;1,0;0,9999609420771004;0,9997935430591756;1,0;0,9976689976689976
CICIDS;RANDOM_L2;distributive;1;5;3,352468099910766;0,8594814999960363;6,77078891046532;0,8988120622591248;0,8638202120988706;0,8988120622591248;0,8708555697190022;0,6093828206505854;0,0059831222017507;0,5696566790777434;0,6698652803724351;0,4130298403654912;0,4595168113199263;1,0;0,2377049180327868;0,1525993047689723;0,6505458205373041;0,99961409118474;1,0;0,8311041731544716;0,7009264133579608;0,8311041731544716;0,754469752227215;0,0010228161807897;2,625223143967237e-05;0,9999530180058492;0,5000022515341775;0,1428583910895857;0,1296919575203152;1,0;1,0;0,9999609420771004;0,999974192882397;0,9998897403384972;1,0
CICIDS;FGSM;distributive;1;10;2,9343912000767887;1,3546263000462204;8,683311150825846;0,9147894182496912;0,9094406565499285;0,9147894182496912;0,8916695963102551;0,6821124370709499;0,0067205712485561;0,4714173293085425;0,7101635977594002;0,477865474989304;0,5094435765912286;1,0;0,0415300546448087;0,0066398468929422;0,553640093937908;0,971332488009262;1,0;0,8279563067414326;0,6996757348704393;0,8279563067414326;0,7537750503883135;0,0109752466402554;0,0040118182772808;0,9908385111406054;0,5002419210652969;0,1430277863307078;0,1304041628427119;1,0;0,9994535519125683;0,998281451392415;0,9989677152958786;0,9616847676277632;1,0
CICIDS;RANDOM_LINF;distributive;1;10;2,9343912000767887;1,303527700016275;8,824141973337351;0,9147894182496912;0,9094406565499285;0,9147894182496912;0,8916695963102551;0,6821124370709499;0,0067205712485561;0,4714173293085425;0,7101635977594002;0,477865474989304;0,5094435765912286;1,0;0,0415300546448087;0,0066398468929422;0,553640093937908;0,971332488009262;1,0;0,8265479985163176;0,7029961361626593;0,8265479985163176;0,7535153972001426;0,0061410818030841;0,0061645012553339;0,9922009889709767;0,5002900518305126;0,1429230202158867;0,1317062642535304;0,9974293059125964;0,9972677595628416;0,992305589188767;0,9909675088389378;0,9939908484480952;0,9953379953379954
CICIDS;RANDOM_L2;distributive;1;10;2,9343912000767887;1,2750228997319937;8,826720565862212;0,9147894182496912;0,9094406565499285;0,9147894182496912;0,8916695963102551;0,6821124370709499;0,0067205712485561;0,4714173293085425;0,7101635977594002;0,477865474989304;0,5094435765912286;1,0;0,0415300546448087;0,0066398468929422;0,553640093937908;0,971332488009262;1,0;0,826522212591069;0,7034980842866797;0,826522212591069;0,7531668556032527;0,0010524518665746;0,0059902819012343;0,9935869577984238;0,5000076304814778;0,1428672511233261;0,1309033292806037;1,0;0,996174863387978;0,9933601531070576;0,993419185011226;0,9938805887865924;0,993006993006993
CICIDS;FGSM;distributive;1;15;2,543472700053826;1,474886099807918;37,131732357964175;0,9341090268590164;0,9318940154214846;0,9341090268590164;0,9246947565340292;0,7621488173056684;0,006863765238227;0,3563114436392253;0,754530850756859;0,5501784988764588;0,6020306422895343;1,0;0,0306010928961748;0,0072647736593367;0,5148778032981496;0,5140856717569877;1,0;0,5627917032793747;0,6546798832997938;0,5627917032793747;0,6026485652990525;-0,1051878284213714;0,3237616106459958;0,9383713691727644;0,5051785799272482;0,1379968207700276;0,1052846732526024;0,3881748071979434;0,9562841530054644;0,9771901730265984;0,8908100854215593;0,9974640277854347;0,8414918414918415
CICIDS;RANDOM_LINF;distributive;1;15;2,543472700053826;1,296071799704805;37,29299356740341;0,9341090268590164;0,9318940154214846;0,9341090268590164;0,9246947565340292;0,7621488173056684;0,006863765238227;0,3563114436392253;0,754530850756859;0,5501784988764588;0,6020306422895343;1,0;0,0306010928961748;0,0072647736593367;0,5148778032981496;0,5140856717569877;1,0;0,5611790911849823;0,7016830562124331;0,5611790911849823;0,6208572295397474;-0,0082172619966597;0,3308520997012019;0,7079246878633764;0,5016088993051285;0,1427969086968683;0,1209306790741211;0,6580976863753213;0,653551912568306;0,698629066906222;0,7419030168520478;0,6559898561111417;0,6666666666666666
CICIDS;RANDOM_L2;distributive;1;15;2,543472700053826;1,271043200045824;37,77042989104454;0,9341090268590164;0,9318940154214846;0,9341090268590164;0,9246947565340292;0,7621488173056684;0,006863765238227;0,3563114436392253;0,754530850756859;0,5501784988764588;0,6020306422895343;1,0;0,0306010928961748;0,0072647736593367;0,5148778032981496;0,5140856717569877;1,0;0,556404727948571;0,7017760136828896;0,556404727948571;0,618242516898589;-0,0028981321482952;0,334754135919735;0,6804989487778809;0,5023138087170312;0,1427812204505155;0,1167245791302102;0,6426735218508998;0,6781420765027323;0,6710541733390618;0,7001212934527342;0,6535641435580792;0,655011655011655
CICIDS;FGSM;distributive;1;20;2,528296099975705;1,5896091000176966;56,81908793198863;0,953281854047696;0,9546762844662846;0,953281854047696;0,951967955980319;0,8426184206907031;0,0243429782440598;0,1565322590117337;0,8361973492861905;0,6483247398096018;0,7125711230458087;0,6889460154241646;0,0278688524590163;0,0043354294418622;0,3106918888229373;0,023650697392359;1,0;0,3850909747278097;0,6757355486090277;0,3850909747278097;0,4842379638817979;-0,0638641629754212;0,5402566036294904;0,6525446622581895;0,5082612678331603;0,1404748628797812;0,0913337304524829;0,2185089974293059;0,0114754098360655;0,9300472600867086;0,4465405558853131;0,7897899553448371;0,0233100233100233
CICIDS;RANDOM_LINF;distributive;1;20;2,528296099975705;1,3757507996633649;79,70250976393977;0,953281854047696;0,9546762844662846;0,953281854047696;0,951967955980319;0,8426184206907031;0,0243429782440598;0,1565322590117337;0,8361973492861905;0,6483247398096018;0,7125711230458087;0,6889460154241646;0,0278688524590163;0,0043354294418622;0,3106918888229373;0,023650697392359;1,0;0,1562567564082983;0,6936152294661467;0,1562567564082983;0,2538637933763137;-0,0079248055383465;0,8145208251792312;0,2071553577091579;0,498965564717671;0,1425982389089234;0,0500417645192345;0,1876606683804627;0,1666666666666666;0,1872436823809709;0,2379416242999819;0,1740448756822316;0,2051282051282051
CICIDS;RANDOM_L2;distributive;1;20;2,528296099975705;1,3314111998770386;80,18966539786692;0,953281854047696;0,9546762844662846;0,953281854047696;0,951967955980319;0,8426184206907031;0,0243429782440598;0,1565322590117337;0,8361973492861905;0,6483247398096018;0,7125711230458087;0,6889460154241646;0,0278688524590163;0,0043354294418622;0,3106918888229373;0,023650697392359;1,0;0,1513852000690269;0,6962729192634401;0,1513852000690269;0,2475625056858399;-0,0031630886093082;0,8197378595362425;0,1879044856058915;0,503931926003814;0,1427203652233489;0,0467363955526762;0,1233933161953727;0,1759562841530054;0,1772839120415576;0,2038246148287697;0,1715640332984177;0,1841491841491841
CICIDS;FGSM;distributive;2;5;8,052289899904281;1,0540096000768244;7,596533578233511;0,9071468667125524;0,9146280806375064;0,9071468667125524;0,8839339486019382;0,651878323969735;0,0005608431262111;0,5467764479263323;0,6967436534082471;0,468692034564047;0,5303596303893128;1,0;0,3185792349726776;0,4799828145139241;0,8036852563937134;0,0948233088924417;1,0;0,8311815309302173;0,8184555194000992;0,8311815309302173;0,754627213336996;0,0172083800804288;9,54626597806268e-06;0,9996123985482565;0,500103337393375;0,1430092154328532;0,1299935681370852;1,0;1,0;0,9993360153107058;0,9995870861183516;1,0;1,0
CICIDS;RANDOM_LINF;distributive;2;5;8,052289899904281;0,9202350999694318;7,602682529638938;0,9071468667125524;0,9146280806375064;0,9071468667125524;0,8839339486019382;0,651878323969735;0,0005608431262111;0,5467764479263323;0,6967436534082471;0,468692034564047;0,5303596303893128;1,0;0,3185792349726776;0,4799828145139241;0,8036852563937134;0,0948233088924417;1,0;0,831120041416163;0,7099826296892608;0,831120041416163;0,7544751675430373;0,0009254829958369;7,159699483547011e-06;0,9999882545014624;0,5000017104911757;0,1428578731279551;0,1296891037386101;1,0;1,0;1,0;0,999974192882397;1,0;1,0
CICIDS;RANDOM_L2;distributive;2;5;8,052289899904281;0,9186020996421576;7,60307923618122;0,9071468667125524;0,9146280806375064;0,9071468667125524;0,8839339486019382;0,651878323969735;0,0005608431262111;0,5467764479263323;0,6967436534082471;0,468692034564047;0,5303596303893128;1,0;0,3185792349726776;0,4799828145139241;0,8036852563937134;0,0948233088924417;1,0;0,8311160743507402;0,7017484528041715;0,8311160743507402;0,7544740178284876;0,0008803681167347;1,1932832472578353e-05;0,9999765090029248;0,5000017480858437;0,1428576179242272;0,1296889056028402;1,0;1,0;1,0;0,999974192882397;0,9999448701692486;1,0
CICIDS;FGSM;distributive;2;10;7,118230000138283;0,897632600273937;13,446169897510863;0,9658157972512204;0,9661903596219148;0,9658157972512204;0,962688480222726;0,8822663038366972;0,0006300535545521;0,1991566732049942;0,815318295702859;0,6564843465333366;0,7170366683096662;0,7352185089974294;0,1841530054644808;0,0496426200054681;0,3446798627061344;0,0704007938695628;1,0;0,8313540982761117;0,8044267185677314;0,8313540982761117;0,7552150017605558;0,0348689470178942;0,0001169417582312;0,9980267562456688;0,5004696892458075;0,143460187981298;0,1310727458384521;1,0;1,0;0,9983205093153146;0,9968257245348268;0,9998897403384972;1,0
CICIDS;RANDOM_LINF;distributive;2;10;7,118230000138283;0,8602367001585662;13,670507447173565;0,9658157972512204;0,9661903596219148;0,9658157972512204;0,962688480222726;0,8822663038366972;0,0006300535545521;0,1991566732049942;0,815318295702859;0,6564843465333366;0,7170366683096662;0,7352185089974294;0,1841530054644808;0,0496426200054681;0,3446798627061344;0,0704007938695628;1,0;0,8291107227794847;0,7116731984075946;0,8291107227794847;0,7545758583535004;0,0146411915816695;0,0029975275171116;0,994174232725308;0,5004909036310482;0,1430054415908788;0,1315571567441971;0,9948586118251928;0,9972677595628416;0,9933992110299574;0,9930836924823866;0,9972986382931804;0,993006993006993
CICIDS;RANDOM_L2;distributive;2;10;7,118230000138283;0,8703869001474231;13,712359987384726;0,9658157972512204;0,9661903596219148;0,9658157972512204;0,962688480222726;0,8822663038366972;0,0006300535545521;0,1991566732049942;0,815318295702859;0,6564843465333366;0,7170366683096662;0,7352185089974294;0,1841530054644808;0,0496426200054681;0,3446798627061344;0,0704007938695628;1,0;0,8286921973773731;0,7036514403409183;0,8286921973773731;0,7540225810293534;0,0056677517281086;0,0032958483289261;0,9955602015527548;0,5002045870434627;0,1429022971884737;0,130921974456501;1,0;0,996174863387978;0,9951177596375425;0,9952514903610415;0,996581950493412;1,0
CICIDS;FGSM;distributive;2;15;6,314619600074366;1,277110200142488;29,69645998916991;0,972105579479164;0,971043894228632;0,972105579479164;0,9696402607094476;0,904488431747934;0,0010715683560375;0,1589283407134215;0,8149672520219546;0,64931008383349;0,6760482860443963;1,0;0,0568306010928961;0,0064054993555442;0,284549278691063;0,0782292298362644;1,0;0,6751409795874649;0,6994144429090874;0,6751409795874649;0,6770609758184032;-0,0660977429371385;0,1901974167804263;0,932604329390761;0,4816951656451094;0,1413891436201543;0,1229674730568197;0,6683804627249358;0,966120218579235;0,8340819435222435;0,9717412062246767;0,9902420199569988;0,9370629370629372
CICIDS;RANDOM_LINF;distributive;2;15;6,314619600074366;1,2307537999004126;33,32235778566343;0,972105579479164;0,971043894228632;0,972105579479164;0,9696402607094476;0,904488431747934;0,0010715683560375;0,1589283407134215;0,8149672520219546;0,64931008383349;0,6760482860443963;1,0;0,0568306010928961;0,0064054993555442;0,284549278691063;0,0782292298362644;1,0;0,6388820016225297;0,6997059571007326;0,6388820016225297;0,6653299875617406;-0,010474635510086;0,2370791289986921;0,8014540927189655;0,4994354182613831;0,1426055664252879;0,1304290819992746;0,7840616966580977;0,7284153005464481;0,7872905518884505;0,8361248032207282;0,7567671867247368;0,7319347319347319
CICIDS;RANDOM_L2;distributive;2;15;6,314619600074366;1,2109703000169247;34,05229782346956;0,972105579479164;0,971043894228632;0,972105579479164;0,9696402607094476;0,904488431747934;0,0010715683560375;0,1589283407134215;0,8149672520219546;0,64931008383349;0,6760482860443963;1,0;0,0568306010928961;0,0064054993555442;0,284549278691063;0,0782292298362644;1,0;0,6315826012444684;0,7010381958645895;0,6315826012444684;0,6618487010434383;-0,0069647430336372;0,2453748341336286;0,7824968580791412;0,5017865835758686;0,1426523821151106;0,1281819763017333;0,7532133676092545;0,7387978142076502;0,7650665937585439;0,8103176856176934;0,7538453056949115;0,7342657342657343
CICIDS;FGSM;distributive;2;20;6,465709300013259;1,2795445998199284;50,84944788366978;0,9794942388292396;0,9788824544098602;0,9794942388292396;0,9782487307147364;0,9301742444940996;0,0012290817446755;0,1143894102585184;0,8432079632092909;0,6993639458569396;0,7460613093885675;0,7197943444730077;0,0836065573770491;0,0188259188376362;0,1850112260961573;0,0676443023319918;0,9976689976689976;0,4709997599925419;0,7060545474702489;0,4709997599925419;0,5574668590195165;-0,0167565513116971;0,4340758737219936;0,6097675565839392;0,4885725239993008;0,1421027703289689;0,0978578071058695;0,3573264781491002;0,6557377049180327;0,224934577979143;0,7909623474154172;0,7727548376426484;0,351981351981352
CICIDS;RANDOM_LINF;distributive;2;20;6,465709300013259;1,351903200149536;74,38604703749472;0,9794942388292396;0,9788824544098602;0,9794942388292396;0,9782487307147364;0,9301742444940996;0,0012290817446755;0,1143894102585184;0,8432079632092909;0,6993639458569396;0,7460613093885675;0,7197943444730077;0,0836065573770491;0,0188259188376362;0,1850112260961573;0,0676443023319918;0,9976689976689976;0,2356337684542924;0,6682589929539238;0,2356337684542924;0,3474821120194892;-0,0341879128497679;0,7225401659141027;0,3853932980185344;0,4959704683142739;0,1415733819011788;0,0752694168571922;0,2853470437017995;0,240983606557377;0,3430457368277155;0,4829802059407985;0,2572357902861238;0,2237762237762237
CICIDS;RANDOM_L2;distributive;2;20;6,465709300013259;1,3196285997983068;75,46766742503735;0,9794942388292396;0,9788824544098602;0,9794942388292396;0,9782487307147364;0,9301742444940996;0,0012290817446755;0,1143894102585184;0,8432079632092909;0,6993639458569396;0,7460613093885675;0,7197943444730077;0,0836065573770491;0,0188259188376362;0,1850112260961573;0,0676443023319918;0,9976689976689976;0,2248175645788662;0,678190253815033;0,2248175645788662;0,3367791703354049;-0,0230412628095845;0,7347617729325174;0,3388693783107624;0,4981334527408606;0,1420223236572311;0,0706911907398736;0,2673521850899742;0,2530054644808743;0,3004335429441862;0,4085782858912488;0,2570704007938695;0,2261072261072261
CICIDS;FGSM;distributive;4;5;21,62600289983675;1,19554500002414;9,80103183371648;0,929251355248725;0,9294070657879828;0,929251355248725;0,9190524286252204;0,7429398969302079;0,0003388924422212;0,4172588355512749;0,6777644279349253;0,4130184648906864;0,467009386786592;1,0;1,0;0,3831582236456665;0,4941546878629126;0,2160538067148134;1,0;0,8312410369115603;0,8127310468503576;0,8312410369115603;0,754766767666433;0,0245336533644953;7,159699483547011e-06;0,9992717790906634;0,5001889947566757;0,1431197051256304;0,1302415504225214;1,0;1,0;0,9990235519275084;0,9990451366486875;1,0;1,0
CICIDS;RANDOM_LINF;distributive;4;5;21,62600289983675;1,1382398998830467;9,822453986999925;0,929251355248725;0,9294070657879828;0,929251355248725;0,9190524286252204;0,7429398969302079;0,0003388924422212;0,4172588355512749;0,6777644279349253;0,4130184648906864;0,467009386786592;1,0;1,0;0,3831582236456665;0,4941546878629126;0,2160538067148134;1,0;0,8310268153787258;0,697754141515026;0,8310268153787258;0,7544519990851627;0,0001750646804561;0,0001312611571983;0,9998707995160856;0,500001704373456;0,1428574123119625;0,1297185117968284;1,0;1,0;0,999882826231301;0,9998451572943818;0,9998897403384972;1,0
CICIDS;RANDOM_L2;distributive;4;5;21,62600289983675;1,1387690999545157;9,819677041203922;0,929251355248725;0,9294070657879828;0,929251355248725;0,9190524286252204;0,7429398969302079;0,0003388924422212;0,4172588355512749;0,6777644279349253;0,4130184648906864;0,467009386786592;1,0;1,0;0,3831582236456665;0,4941546878629126;0,2160538067148134;1,0;0,8310545848366858;0,6981627997012833;0,8310545848366858;0,7544636147038866;0,0010655238816272;9,54626597806268e-05;0,9998590540175478;0,5000052522105424;0,142858410507332;0,1297138401827405;1,0;1,0;0,999882826231301;0,9998709644119848;0,9998346105077456;0,9976689976689976
CICIDS;FGSM;distributive;4;10;17,58527999999933;1,1633435999974608;13,700855497658448;0,9683269496638904;0,9677320118750108;0,9683269496638904;0,9663083913943344;0,8906290534090897;0,0004224222695292;0,1853792034202891;0,7948745110853708;0,614376558326015;0,6572001543989989;1,0;0,1387978142076502;0,1397101902120845;0,1823530929830447;0,2242681514967749;1,0;0,831318394687306;0,7881256119609211;0,831318394687306;0,7552917788398372;0,0338457579029214;0,0002219506839899;0,997756609779302;0,5005219546143393;0,1434120869333761;0,1312529774283771;1,0;1,0;0,9983595672382144;0,9961547394771478;1,0;1,0
CICIDS;RANDOM_LINF;distributive;4;10;17,58527999999933;1,078135299962014;13,758576299561051;0,9683269496638904;0,9677320118750108;0,9683269496638904;0,9663083913943344;0,8906290534090897;0,0004224222695292;0,1853792034202891;0,7948745110853708;0,614376558326015;0,6572001543989989;1,0;0,1387978142076502;0,1397101902120845;0,1823530929830447;0,2242681514967749;1,0;0,8307411866682799;0,698110269540702;0,8307411866682799;0,7543991084791223;0,0011187435954083;0,0005202714958044;0,999400979574578;0,5000142901508802;0,1428604325092509;0,1298355056110211;0,9974293059125964;0,9994535519125683;0,9994141311565052;0,999354822059924;0,9995038315232372;1,0
CICIDS;RANDOM_L2;distributive;4;10;17,58527999999933;1,0254680002108216;13,760956538814762;0,9683269496638904;0,9677320118750108;0,9683269496638904;0,9663083913943344;0,8906290534090897;0,0004224222695292;0,1853792034202891;0,7948745110853708;0,614376558326015;0,6572001543989989;1,0;0,1387978142076502;0,1397101902120845;0,1823530929830447;0,2242681514967749;1,0;0,8307173842757428;0,7029734086822552;0,8307173842757428;0,7543997296742915;0,0015742212383854;0,0005536834267276;0,9993070155862764;0,5000201874042816;0,1428617123927763;0,1298526483432432;1,0;0,9994535519125683;0,9992578994649064;0,9993290149423212;0,9992833122002316;1,0
CICIDS;FGSM;distributive;4;15;16,451852099969983;0,9365237997844816;15,68696680161301;0,9844967083274654;0,984723314348406;0,9844967083274654;0,9835493714686128;0,9474386568009834;0,0005107252298263;0,0892775343849469;0,8319322756404033;0,6748263388865533;0,7251821473439899;0,8483290488431876;0,240983606557377;0,0198023669101277;0,116777207153733;0,0764099454214675;0,9603729603729604;0,8276270403113353;0,7078757864107285;0,8276270403113353;0,753532151263911;-0,0019439769922695;0,0046848300287342;0,996711260409448;0,5000000939823225;0,1428735477387114;0,1309749357079011;1,0;0,9918032786885246;0,998281451392415;0,994761155126584;0,9990076630464744;1,0
CICIDS;RANDOM_LINF;distributive;4;15;16,451852099969983;0,9636335000395776;18,41531604618457;0,9844967083274654;0,984723314348406;0,9844967083274654;0,9835493714686128;0,9474386568009834;0,0005107252298263;0,0892775343849469;0,8319322756404033;0,6748263388865533;0,7251821473439899;0,8483290488431876;0,240983606557377;0,0198023669101277;0,116777207153733;0,0764099454214675;0,9603729603729604;0,8003435478656197;0,7051298258270239;0,8003435478656197;0,7445484411630006;0,0054923702779448;0,0398986186553129;0,9597246855142768;0,5013549096107822;0,1430331951404857;0,1366010198419912;0,9537275064267352;0,9650273224043716;0,9545756356676952;0,9625022581227902;0,960857820166492;0,951048951048951
CICIDS;RANDOM_L2;distributive;4;15;16,451852099969983;0,9619497999083252;18,973085444638617;0,9844967083274654;0,984723314348406;0,9844967083274654;0,9835493714686128;0,9474386568009834;0,0005107252298263;0,0892775343849469;0,8319322756404033;0,6748263388865533;0,7251821473439899;0,8483290488431876;0,240983606557377;0,0198023669101277;0,116777207153733;0,0764099454214675;0,9603729603729604;0,7947658538810792;0,7016820533602036;0,7947658538810792;0,741433540673442;-7,65219151006122e-05;0,0460989184080646;0,9556489975217;0,4992661404223271;0,1428624934415397;0,1345978744093382;0,9717223650385604;0,9584699453551913;0,9510604226067256;0,959379596892823;0,954021721153316;0,9347319347319348
CICIDS;FGSM;distributive;4;20;15,401306900195776;1,2204163002315909;36,66381699133792;0,9911851806304064;0,9912525051559562;0,9911851806304064;0,9905715340733828;0,9703182156865996;0,0005441371607495;0,0494133123480426;0,8670911262425197;0,7395073978817575;0,7786643809735017;0,6889460154241646;0,053551912568306;0,009881654493614;0,0726986502877493;0,0196813495782567;0,965034965034965;0,6245470107170272;0,698627793139584;0,6245470107170272;0,6582831016920124;0,0087553662062049;0,2494892747701736;0,7224068875603425;0,5158437899231261;0,1434259102332857;0,1151321956785255;0,2313624678663239;0,0377049180327868;0,945397023786275;0,5553433636997084;0,8590881525993715;0,0909090909090909
CICIDS;RANDOM_LINF;distributive;4;20;15,401306900195776;1,2759531997144222;47,79004702956059;0,9911851806304064;0,9912525051559562;0,9911851806304064;0,9905715340733828;0,9703182156865996;0,0005441371607495;0,0494133123480426;0,8670911262425197;0,7395073978817575;0,7786643809735017;0,6889460154241646;0,053551912568306;0,009881654493614;0,0726986502877493;0,0196813495782567;0,965034965034965;0,5132847103348005;0,7029857303132918;0,5132847103348005;0,5909872751354476;-0,0060730984626965;0,3890103386060542;0,6460728925639249;0,5017484597916478;0,1428828832924484;0,1191804419024685;0,6195372750642674;0,5901639344262295;0,6614459243057454;0,6671397971560556;0,5879045151331386;0,5477855477855478
CICIDS;RANDOM_L2;distributive;4;20;15,401306900195776;1,2586874002590775;50,72369190976514;0,9911851806304064;0,9912525051559562;0,9911851806304064;0,9905715340733828;0,9703182156865996;0,0005441371607495;0,0494133123480426;0,8670911262425197;0,7395073978817575;0,7786643809735017;0,6889460154241646;0,053551912568306;0,009881654493614;0,0726986502877493;0,0196813495782567;0,965034965034965;0,483948261532755;0,7033562767545023;0,483948261532755;0,5715239291717172;-0,0016937634053478;0,4232933662997718;0,5937114600829232;0,5021973524525275;0,1429256689465425;0,1129025804717938;0,5604113110539846;0,5639344262295082;0,6127016365269695;0,5969702443934037;0,5641435580792767;0,5734265734265734
CICIDS;FGSM;distributive;8;5;41,2322256998159;4,057542100315914;12,44646941095029;0,9559576396754148;0,9564397629981336;0,9559576396754148;0,9515920487851184;0,8455859931035711;0,0003961700380896;0,2588472967735115;0,7244988664494354;0,4839660734736291;0,5343941869388478;1,0;0,9131147540983606;0,2820372612584463;0,2441095254071073;0,1581674844258228;1,0;0,8314929455659118;0,8152471356719613;0,8314929455659118;0,7553871724100935;0,0435002424431324;1,670596546160969e-05;0,9977331187822268;0,5005561209154993;0,1436158698291809;0,1312886379955527;1,0;1,0;0,9983205093153146;0,9961289323595448;1,0;1,0
CICIDS;RANDOM_LINF;distributive;8;5;41,2322256998159;3,82022080058232;12,483561472654026;0,9559576396754148;0,9564397629981336;0,9559576396754148;0,9515920487851184;0,8455859931035711;0,0003961700380896;0,2588472967735115;0,7244988664494354;0,4839660734736291;0,5343941869388478;1,0;0,9131147540983606;0,2820372612584463;0,2441095254071073;0,1581674844258228;1,0;0,8311220249488744;0,6907668390714623;0,8311220249488744;0,7544723502871171;-0,0004472194880564;2,3865664945156702e-06;1,0;0,4999996760538171;0,1428570950041545;0,1296819286012948;1,0;1,0;1,0;1,0;1,0;1,0
CICIDS;RANDOM_L2;distributive;8;5;41,2322256998159;3,87111460021697;12,483363119382885;0,9559576396754148;0,9564397629981336;0,9559576396754148;0,9515920487851184;0,8455859931035711;0,0003961700380896;0,2588472967735115;0,7244988664494354;0,4839660734736291;0,5343941869388478;1,0;0,9131147540983606;0,2820372612584463;0,2441095254071073;0,1581674844258228;1,0;0,8311240084815859;0,6907671174744993;0,8311240084815859;0,7544733336190603;0,0;0,0;1,0;0,5;0,1428571428571428;0,1296820976205873;1,0;1,0;1,0;1,0;1,0;1,0
CICIDS;FGSM;distributive;8;10;38,11911690002307;2,2187384001445025;14,197135382058155;0,9734801676481848;0,9733741232833524;0,9734801676481848;0,9718849285233226;0,9090018509285536;0,0004033297375731;0,1550523261959853;0,807477736397279;0,635308306123696;0,671568199726965;0,9922879177377892;0,1234972677595628;0,1309612154825606;0,1696559911223515;0,1231049120679199;1,0;0,8315088138276032;0,8218026285271404;0,8315088138276032;0,7554027005200168;0,0445990587847415;2,3865664945156702e-06;0,9977096277851514;0,5006006178927473;0,1437188065714125;0,1314534622162199;1,0;0,9994535519125683;0,9983205093153146;0,9961031252419418;1,0;1,0
CICIDS;RANDOM_LINF;distributive;8;10;38,11911690002307;2,2304506001528352;14,235814269931035;0,9734801676481848;0,9733741232833524;0,9734801676481848;0,9718849285233226;0,9090018509285536;0,0004033297375731;0,1550523261959853;0,807477736397279;0,635308306123696;0,671568199726965;0,9922879177377892;0,1234972677595628;0,1309612154825606;0,1696559911223515;0,1231049120679199;1,0;0,8311220249488744;0,709989480612735;0,8311220249488744;0,754483219758006;0,0035273027753693;7,159699483547011e-06;0,999929527008774;0,5000071389851439;0,1428596890064548;0,1296971773019393;1,0;1,0;0,9999218841542008;0,9999225786471908;0,9999448701692486;1,0
CICIDS;RANDOM_L2;distributive;8;10;38,11911690002307;2,2283668003510684;14,23898792226932;0,9734801676481848;0,9733741232833524;0,9734801676481848;0,9718849285233226;0,9090018509285536;0,0004033297375731;0,1550523261959853;0,807477736397279;0,635308306123696;0,671568199726965;0,9922879177377892;0,1234972677595628;0,1309612154825606;0,1696559911223515;0,1231049120679199;1,0;0,8310902884254916;0,7198194981464094;0,8310902884254916;0,7544658507001323;0,0001518803024379;4,534476339579773e-05;0,9999530180058492;0,500001531358243;0,1428595743718672;0,1296979760980336;1,0;1,0;0,9999609420771004;0,999974192882397;0,9998897403384972;1,0
CICIDS;FGSM;distributive;8;15;33,03117720014416;3,157366199651733;15,740125478279332;0,9853754133186288;0,9847385961652038;0,9853754133186288;0,9844570077640252;0,9504438984954652;0,0004224222695292;0,0844031524918075;0,8380462728857571;0,6864975620095125;0,7166085383298064;0,9048843187660668;0,0633879781420765;0,0618677498730617;0,0949959998967715;0,0564529466894536;1,0;0,8279741585358354;0,7167728643008842;0,8279741585358354;0,7539355229160284;0,0056957301408754;0,0043674166849636;0,995290055086388;0,500252302837472;0,1430760400159854;0,1314787969232114;0,6760925449871465;0,9972677595628416;0,9982033355466156;0,994761155126584;0,9995038315232372;0,972027972027972
CICIDS;RANDOM_LINF;distributive;8;15;33,03117720014416;3,0831237996462733;15,4782991603706;0,9853754133186288;0,9847385961652038;0,9853754133186288;0,9844570077640252;0,9504438984954652;0,0004224222695292;0,0844031524918075;0,8380462728857571;0,6864975620095125;0,7166085383298064;0,9048843187660668;0,0633879781420765;0,0618677498730617;0,0949959998967715;0,0564529466894536;1,0;0,8305924217149228;0,7264295180471417;0,8305924217149228;0,7555074673015271;0,0319398389388287;0,0013317041039397;0,9935164848071976;0,5008394052482616;0,1432255898826205;0,1320077647595265;0,9974293059125964;0,9994535519125683;0,9937116744131548;0,9905287878396862;0,9987871437234688;1,0
CICIDS;RANDOM_L2;distributive;8;15;33,03117720014416;2,977394899586216;15,579459328653522;0,9853754133186288;0,9847385961652038;0,9853754133186288;0,9844570077640252;0,9504438984954652;0,0004224222695292;0,0844031524918075;0,8380462728857571;0,6864975620095125;0,7166085383298064;0,9048843187660668;0,0633879781420765;0,0618677498730617;0,0949959998967715;0,0564529466894536;1,0;0,8295808200320935;0,715119042352654;0,8295808200320935;0,7547483519692024;0,0171503740185957;0,0023889530610101;0,9943386697048356;0,5005130003553697;0,1430133243434483;0,131420152422159;1,0;0,9972677595628416;0,9941022536421512;0,9929030426591654;0,9972986382931804;0,9953379953379954
CICIDS;FGSM;distributive;8;20;28,083819000050426;2,1431376000400637;21,115300772982703;0,9922007493786584;0,991408427948572;0,9922007493786584;0,9915391310133622;0,973758493283702;0,000462993899936;0,0437989640470289;0,8623304330125504;0,7293233765237176;0,7593959896629314;0,7583547557840618;0,0355191256830601;0,0169901964613521;0,0587628067821105;0,0125696014113236;1,0;0,7810477416488314;0,700578571303606;0,7810477416488314;0,731935881409074;-0,0180185833718919;0,061072236594656;0,9639060829936926;0,5179731594580982;0,1425969280002436;0,12893482412397;0,6735218508997429;0,2251366120218579;0,988946607819396;0,9687217734651216;0,9995589613539888;0,9417249417249416
CICIDS;RANDOM_LINF;distributive;8;20;28,083819000050426;2,413415999617428;26,316718602164837;0,9922007493786584;0,991408427948572;0,9922007493786584;0,9915391310133622;0,973758493283702;0,000462993899936;0,0437989640470289;0,8623304330125504;0,7293233765237176;0,7593959896629314;0,7583547557840618;0,0355191256830601;0,0169901964613521;0,0587628067821105;0,0125696014113236;1,0;0,7290335633570101;0,7146211815197164;0,7290335633570101;0,7152341897890215;0,0151363008202711;0,1282015789523927;0,8609567883108799;0,5039798130519796;0,1438928780789064;0,1381871916631395;0,8766066838046273;0,8661202185792349;0,8580635081826349;0,8568737257735684;0,8733116489332378;0,8438228438228438
CICIDS;RANDOM_L2;distributive;8;20;28,083819000050426;2,558802099665627;29,364019906734296;0,9922007493786584;0,991408427948572;0,9922007493786584;0,9915391310133622;0,973758493283702;0,000462993899936;0,0437989640470289;0,8623304330125504;0,7293233765237176;0,7593959896629314;0,7583547557840618;0,0355191256830601;0,0169901964613521;0,0587628067821105;0,0125696014113236;1,0;0,6985605503113155;0,7093336256856971;0,6985605503113155;0,6994153085109367;0,0109124509605547;0,1638473361144788;0,8235708664654271;0,5034347979356576;0,1434544391989554;0,1324262633394414;0,8226221079691517;0,8387978142076503;0,8197476858180682;0,8221373454798834;0,8308065494238933;0,8111888111888111
CICIDS;FGSM;distributive;10;5;47,05021680006757;4,451763099990785;13,816098748192507;0,9696658342441056;0,9689839048058108;0,9696658342441056;0,9674240238066888;0,8953098380029497;0,0004057163040676;0,1775097194000399;0,7640004476387974;0,5514774716744337;0,607839608190939;1,0;0,6103825136612022;0,1637308127953755;0,1270484399597408;0,2239925023430178;1,0;0,8315048467621804;0,8176720670654151;0,8315048467621804;0,7553969192998632;0,0443295419951889;4,7731329890313404e-06;0,997721373283689;0,5005604229761381;0,1436371277397701;0,131297081391211;1,0;1,0;0,9983205093153146;0,9961031252419418;1,0;1,0
CICIDS;RANDOM_LINF;distributive;10;5;47,05021680006757;4,298827399965376;13,85418257625196;0,9696658342441056;0,9689839048058108;0,9696658342441056;0,9674240238066888;0,8953098380029497;0,0004057163040676;0,1775097194000399;0,7640004476387974;0,5514774716744337;0,607839608190939;1,0;0,6103825136612022;0,1637308127953755;0,1270484399597408;0,2239925023430178;1,0;0,8311240084815859;0,6907671174744993;0,8311240084815859;0,7544733336190603;0,0;0,0;1,0;0,5;0,1428571428571428;0,1296820976205873;1,0;1,0;1,0;1,0;1,0;1,0
CICIDS;RANDOM_L2;distributive;10;5;47,05021680006757;4,287471100687981;13,85418257625196;0,9696658342441056;0,9689839048058108;0,9696658342441056;0,9674240238066888;0,8953098380029497;0,0004057163040676;0,1775097194000399;0,7640004476387974;0,5514774716744337;0,607839608190939;1,0;0,6103825136612022;0,1637308127953755;0,1270484399597408;0,2239925023430178;1,0;0,8311240084815859;0,6907671174744993;0,8311240084815859;0,7544733336190603;0,0;0,0;1,0;0,5;0,1428571428571428;0,1296820976205873;1,0;1,0;1,0;1,0;1,0;1,0
CICIDS;FGSM;distributive;10;10;43,34646170004271;4,876917699351907;15,74131559790618;0,9889279204047994;0,9874199792633008;0,9889279204047994;0,9880162458634644;0,9626078096394914;0,000462993899936;0,0631672911356722;0,8358356860980015;0,6790152631296456;0,6952937581760799;1,0;0,0836065573770491;0,0381986485958676;0,0678985264135848;0,0439936049396328;1,0;0,8315147644257376;0,8223113062541232;0,8315147644257376;0,7554132067091397;0,0449726316332061;0,0;0,997686136788076;0,500606306498379;0,1437297950602824;0,1314685727292177;1,0;0,9994535519125683;0,9983205093153146;0,9960515110067356;1,0;1,0
CICIDS;RANDOM_LINF;distributive;10;10;43,34646170004271;4,634790600277484;15,780391192321352;0,9889279204047994;0,9874199792633008;0,9889279204047994;0,9880162458634644;0,9626078096394914;0,000462993899936;0,0631672911356722;0,8358356860980015;0,6790152631296456;0,6952937581760799;1,0;0,0836065573770491;0,0381986485958676;0,0678985264135848;0,0439936049396328;1,0;0,8311240084815859;0,6907671174744993;0,8311240084815859;0,7544733336190603;0,0;0,0;1,0;0,5;0,1428571428571428;0,1296820976205873;1,0;1,0;1,0;1,0;1,0;1,0
CICIDS;RANDOM_L2;distributive;10;10;43,34646170004271;4,604198099114001;15,780391192321352;0,9889279204047994;0,9874199792633008;0,9889279204047994;0,9880162458634644;0,9626078096394914;0,000462993899936;0,0631672911356722;0,8358356860980015;0,6790152631296456;0,6952937581760799;1,0;0,0836065573770491;0,0381986485958676;0,0678985264135848;0,0439936049396328;1,0;0,8311240084815859;0,6907671174744993;0,8311240084815859;0,7544733336190603;0,0;0,0;1,0;0,5;0,1428571428571428;0,1296820976205873;1,0;1,0;1,0;1,0;1,0;1,0
CICIDS;FGSM;distributive;10;15;40,68973849993199;3,612074699951336;16,30860595337509;0,9943786682958082;0,9935551240745042;0,9943786682958082;0,993555805731956;0,9811201710404572;0,0004701535994195;0,030878915655575;0,8490197152657101;0,700893725496683;0,7081884620827169;0,9948586118251928;0,0316939890710382;0,0063664414326446;0,0344783091176546;0,0141132366723634;1,0;0,8312926087620574;0,7868052190772326;0,8312926087620574;0,7553163179886698;0,0332678493951895;0,0002768417133638;0,9976391547939252;0,5005794707083894;0,1434809032326469;0,1314753897350703;1,0;0,9994535519125683;0,9983205093153146;0,9959482825363236;1,0;1,0
CICIDS;RANDOM_LINF;distributive;10;15;40,68973849993199;3,5754083001520485;16,385963729120846;0,9943786682958082;0,9935551240745042;0,9943786682958082;0,993555805731956;0,9811201710404572;0,0004701535994195;0,030878915655575;0,8490197152657101;0,700893725496683;0,7081884620827169;0,9948586118251928;0,0316939890710382;0,0063664414326446;0,0344783091176546;0,0141132366723634;1,0;0,8305190310045998;0,7182332519804795;0,8305190310045998;0,754914913501568;0,0192981211422848;0,0011145265529388;0,9961474764796392;0,5004184351501035;0,1430009134346547;0,1309085205426748;1,0;1,0;0,9943366011795493;0,9957160184778964;0,9991179227079772;0,9976689976689976
CICIDS;RANDOM_L2;distributive;10;15;40,68973849993199;3,4497480001300573;16,491090962826615;0,9943786682958082;0,9935551240745042;0,9943786682958082;0,993555805731956;0,9811201710404572;0,0004701535994195;0,030878915655575;0,8490197152657101;0,700893725496683;0,7081884620827169;0,9948586118251928;0,0316939890710382;0,0063664414326446;0,0344783091176546;0,0141132366723634;1,0;0,8294677586675421;0,7089088042238559;0,8294677586675421;0,7543369832465202;0,0083329055572413;0,0023316754651418;0,9960535124913376;0,5002276958217424;0,1429167572359442;0,130702094990113;0,9974293059125964;0,9983606557377048;0,9942975432566497;0,996412810653178;0,9974640277854347;0,9976689976689976
CICIDS;FGSM;distributive;10;20;32,81746589997783;2,409585700603202;27,86764282923172;0,9965466695494009;0,9965573060388077;0,9965466695494009;0,9963265688868204;0,9884277348056708;0,0005083386633318;0,0178414122787441;0,9086035727828696;0,8181983131236628;0,8704888729132121;0,6812339331619537;0,028415300546448;0,0044526032105612;0,0208005367880461;0,0031975301835823;0,5221445221445221;0,7178702412570837;0,67928329894132;0,7178702412570837;0,6956014698969815;-0,075838187472407;0,1368146974310998;0,9942681967136096;0,4831096962981042;0,140274906306914;0,1213082827881034;0,9974293059125964;0,9972677595628416;0,9982033355466156;0,9943740483625384;0,9988974033849716;0,5384615384615384
CICIDS;RANDOM_LINF;distributive;10;20;32,81746589997783;2,381632699863985;21,33547290395139;0,9965466695494009;0,9965573060388077;0,9965466695494009;0,9963265688868204;0,9884277348056708;0,0005083386633318;0,0178414122787441;0,9086035727828696;0,8181983131236628;0,8704888729132121;0,6812339331619537;0,028415300546448;0,0044526032105612;0,0208005367880461;0,0031975301835823;0,5221445221445221;0,7831919405098869;0,7235164640027852;0,7831919405098869;0,742673211281152;0,0392152728168411;0,0639122507231296;0,9052842997921048;0,5063633235256402;0,1450081734966377;0,1466217194911894;0,9434447300771208;0,9349726775956284;0,8878647033550756;0,90025549046427;0,9364904349743648;0,9184149184149184
CICIDS;RANDOM_L2;distributive;10;20;32,81746589997783;2,209961500018835;24,972875190171195;0,9965466695494009;0,9965573060388077;0,9965466695494009;0,9963265688868204;0,9884277348056708;0,0005083386633318;0,0178414122787441;0,9086035727828696;0,8181983131236628;0,8704888729132121;0,6812339331619537;0,028415300546448;0,0044526032105612;0,0208005367880461;0,0031975301835823;0,5221445221445221;0,7468179176476889;0,7115788361271547;0,7468179176476889;0,7236351323157009;0,0175358081918714;0,1064050671579811;0,8768719388294436;0,5012329613823513;0,1437447425332811;0,1386629241426606;0,9305912596401028;0,8918032786885246;0,8609928524001094;0,881751787142894;0,8866530679750814;0,8578088578088578
CICIDS;FGSM;distributive;16;5;78,00000529992394;4,0488517000339925;13,666937088292997;0,9681642999815532;0,9676424380268362;0,9681642999815532;0,9651321893701847;0,8900286748719818;0,0004462879344744;0,186318843303304;0,7511840021953604;0,5269812367796339;0,575625353078025;1,0;0,8038251366120218;0,2780924110455806;0,1244935353170404;0,0898616241248139;1,0;0,8314949290986232;0,8157369672240412;0,8314949290986232;0,7553881529185761;0,0436377292644776;1,431939896709402e-05;0,9977331187822268;0,5005554983755897;0,1436174062067305;0,1312850282803334;1,0;1,0;0,9983595672382144;0,9961031252419418;1,0;1,0
CICIDS;RANDOM_LINF;distributive;16;5;78,00000529992394;3,883174600079656;13,704029149996732;0,9681642999815532;0,9676424380268362;0,9681642999815532;0,9651321893701847;0,8900286748719818;0,0004462879344744;0,186318843303304;0,7511840021953604;0,5269812367796339;0,575625353078025;1,0;0,8038251366120218;0,2780924110455806;0,1244935353170404;0,0898616241248139;1,0;0,8311240084815859;0,6907671174744993;0,8311240084815859;0,7544733336190603;0,0;0,0;1,0;0,5;0,1428571428571428;0,1296820976205873;1,0;1,0;1,0;1,0;1,0;1,0
CICIDS;RANDOM_L2;distributive;16;5;78,00000529992394;3,648348399903625;13,704029149996732;0,9681642999815532;0,9676424380268362;0,9681642999815532;0,9651321893701847;0,8900286748719818;0,0004462879344744;0,186318843303304;0,7511840021953604;0,5269812367796339;0,575625353078025;1,0;0,8038251366120218;0,2780924110455806;0,1244935353170404;0,0898616241248139;1,0;0,8311240084815859;0,6907671174744993;0,8311240084815859;0,7544733336190603;0,0;0,0;1,0;0,5;0,1428571428571428;0,1296820976205873;1,0;1,0;1,0;1,0;1,0;1,0
CICIDS;FGSM;distributive;16;10;70,92925769998692;4,174087600084022;15,42871084258486;0,9858098069824318;0,9843828071979196;0,9858098069824318;0,9848214124582932;0,9519132457447452;0,0004128760035512;0,0819248523003558;0,8314158797661529;0,6729377752380996;0,6918513732072739;1,0;0,0519125683060109;0,0838183025426707;0,0655500787117086;0,0758586471139533;1,0;0,8315226985565832;0,8223167912200471;0,8315226985565832;0,7554322192686233;0,0454239699763138;0,0;0,9976391547939252;0,5006170358172763;0,143744351316723;0,1314983941750585;1,0;0,9994535519125683;0,9983205093153146;0,9959482825363236;1,0;1,0
CICIDS;RANDOM_LINF;distributive;16;10;70,92925769998692;4,041976700071245;15,468579850084597;0,9858098069824318;0,9843828071979196;0,9858098069824318;0,9848214124582932;0,9519132457447452;0,0004128760035512;0,0819248523003558;0,8314158797661529;0,6729377752380996;0,6918513732072739;1,0;0,0519125683060109;0,0838183025426707;0,0655500787117086;0,0758586471139533;1,0;0,8311240084815859;0,6907671174744993;0,8311240084815859;0,7544733336190603;0,0;0,0;1,0;0,5;0,1428571428571428;0,1296820976205873;1,0;1,0;1,0;1,0;1,0;1,0
CICIDS;RANDOM_L2;distributive;16;10;70,92925769998692;3,906061499612406;15,468579850084597;0,9858098069824318;0,9843828071979196;0,9858098069824318;0,9848214124582932;0,9519132457447452;0,0004128760035512;0,0819248523003558;0,8314158797661529;0,6729377752380996;0,6918513732072739;1,0;0,0519125683060109;0,0838183025426707;0,0655500787117086;0,0758586471139533;1,0;0,8311240084815859;0,6907671174744993;0,8311240084815859;0,7544733336190603;0,0;0,0;1,0;0,5;0,1428571428571428;0,1296820976205873;1,0;1,0;1,0;1,0;1,0;1,0
CICIDS;FGSM;distributive;16;15;67,36988450004719;1,856205299962312;16,159444293475566;0,9930556519772846;0,9922501863075842;0,9930556519772846;0,9923829729734892;0,9766473157877468;0,0004725401659141;0,0387249086787488;0,860156434298431;0,7242698447226663;0,7503962819088873;0,8123393316195373;0,026775956284153;0,0226926532047025;0,0439237141603654;0,0121285627653123;1,0;0,831461209042529;0,8026133501438328;0,831461209042529;0,7554013607284178;0,0414114783374857;7,398356132998578e-05;0,9976391547939252;0,5006070482950254;0,1436276338743402;0,1314923783306513;1,0;0,9994535519125683;0,9983205093153146;0,9959482825363236;1,0;1,0
CICIDS;RANDOM_LINF;distributive;16;15;67,36988450004719;1,7574625997804103;16,19217258321416;0,9930556519772846;0,9922501863075842;0,9930556519772846;0,9923829729734892;0,9766473157877468;0,0004725401659141;0,0387249086787488;0,860156434298431;0,7242698447226663;0,7503962819088873;0,8123393316195373;0,026775956284153;0,0226926532047025;0,0439237141603654;0,0121285627653123;1,0;0,831133926145143;0,7364383452142396;0,831133926145143;0,7545596872287317;0,0108284476972004;3,1025364428703715e-05;0,9996006530497188;0,5000579200465688;0,1428876883708716;0,129828642882491;1,0;1,0;0,9996875366168028;0,999354822059924;0,9999448701692486;1,0
CICIDS;RANDOM_L2;distributive;16;15;67,36988450004719;1,771155800204724;16,19851988789074;0,9930556519772846;0,9922501863075842;0,9930556519772846;0,9923829729734892;0,9766473157877468;0,0004725401659141;0,0387249086787488;0,860156434298431;0,7242698447226663;0,7503962819088873;0,8123393316195373;0,026775956284153;0,0226926532047025;0,0439237141603654;0,0121285627653123;1,0;0,8310704530983772;0,7213746861171885;0,8310704530983772;0,7544950905494142;0,00394930464554;9,068952679159546e-05;0,999776835527784;0,5000255686201182;0,1428675052438171;0,1297707294322888;1,0;1,0;0,9996875366168028;0,9997161217063666;1,0;1,0
CICIDS;FGSM;distributive;16;20;54,11658679996617;1,863339699571952;17,24106468101819;0,9955191996048804;0,9946837671113972;0,9955191996048804;0,9949399762806548;0,9849654542285106;0,0004749267324086;0,0240900175007928;0,871558078798449;0,7450407386126947;0,7733680148413784;0,7043701799485861;0,0240437158469945;0,0101550599539116;0,0206198869648248;0,0135068085340978;1,0;0,8231085527946984;0,7241877525256297;0,8231085527946984;0,7513784877933217;-0,011594682792102;0,0101452941681861;0,995595438048368;0,4994114723230549;0,1428192527858763;0,130849039109457;0,9691516709511568;0,9475409836065574;0,998164277623716;0,994838576479393;0,99961409118474;0,9696969696969696
CICIDS;RANDOM_LINF;distributive;16;20;54,11658679996617;1,7847697001416236;17,728220314945332;0,9955191996048804;0,9946837671113972;0,9955191996048804;0,9949399762806548;0,9849654542285106;0,0004749267324086;0,0240900175007928;0,871558078798449;0,7450407386126947;0,7733680148413784;0,7043701799485861;0,0240437158469945;0,0101550599539116;0,0206198869648248;0,0135068085340978;1,0;0,818236996455427;0,7171923687969426;0,818236996455427;0,7541118249740365;0,0372156182783541;0,0187631857798822;0,9627550241369996;0,5033424159644324;0,1438261445001927;0,1400780641582198;0,9897172236503856;0,9846994535519126;0,9634808420888176;0,9518181114351338;0,9820828050057886;0,972027972027972
CICIDS;RANDOM_L2;distributive;16;20;54,11658679996617;1,950319500407204;18,416902872353724;0,9955191996048804;0,9946837671113972;0,9955191996048804;0,9949399762806548;0,9849654542285106;0,0004749267324086;0,0240900175007928;0,871558078798449;0,7450407386126947;0,7733680148413784;0,7043701799485861;0,0240437158469945;0,0101550599539116;0,0206198869648248;0,0135068085340978;1,0;0,8113501708813431;0,7109015224005493;0,8113501708813431;0,7505428752803127;0,0243185475392725;0,0268250073983561;0,9590082101034778;0,5024484963252467;0,1434709542588806;0,1385410251041695;0,9768637532133676;0,980327868852459;0,957934617037066;0,9517148829647216;0,9730966425933072;0,9790209790209792
CICIDS;FGSM;distributive;32;5;161,67900409991853;6,631544199772179;14,99471388532404;0,9814678538771122;0,980213786151938;0,9814678538771122;0,980262860496165;0,9369465577742158;0,000458220766947;0,1074830571183593;0,8172609396373419;0,648059822713887;0,6774607762299395;1,0;0,1792349726775956;0,1318986056321524;0,1023252212960334;0,0365510777881911;1,0;0,8315207150238718;0,8186855551084868;0,8315207150238718;0,7554274367447925;0,0453021658838302;0,0;0,997650900292463;0,5005771648468499;0,1436663349698057;0,1313422108824645;1,0;1,0;0,9983205093153146;0,9959482825363236;1,0;1,0
CICIDS;RANDOM_LINF;distributive;32;5;161,67900409991853;6,71008100034669;15,034384539552637;0,9814678538771122;0,980213786151938;0,9814678538771122;0,980262860496165;0,9369465577742158;0,000458220766947;0,1074830571183593;0,8172609396373419;0,648059822713887;0,6774607762299395;1,0;0,1792349726775956;0,1318986056321524;0,1023252212960334;0,0365510777881911;1,0;0,8311240084815859;0,6907671174744993;0,8311240084815859;0,7544733336190603;0,0;0,0;1,0;0,5;0,1428571428571428;0,1296820976205873;1,0;1,0;1,0;1,0;1,0;1,0
CICIDS;RANDOM_L2;distributive;32;5;161,67900409991853;6,643239399883896;15,034384539552637;0,9814678538771122;0,980213786151938;0,9814678538771122;0,980262860496165;0,9369465577742158;0,000458220766947;0,1074830571183593;0,8172609396373419;0,648059822713887;0,6774607762299395;1,0;0,1792349726775956;0,1318986056321524;0,1023252212960334;0,0365510777881911;1,0;0,8311240084815859;0,6907671174744993;0,8311240084815859;0,7544733336190603;0,0;0,0;1,0;0,5;0,1428571428571428;0,1296820976205873;1,0;1,0;1,0;1,0;1,0;1,0
CICIDS;FGSM;distributive;32;10;147,55248499987647;3,582034000428393;16,161031119644708;0,9931330097530304;0,9915579203580344;0,9931330097530304;0,9922885660363884;0,9769105628437084;0,000467767032925;0,0382668342357791;0,8465765729637778;0,6970304370930569;0,705020683744327;1,0;0,0371584699453551;0,02183337890091;0,0445430849828382;0,0047962952753735;1,0;0,8315226985565832;0,8223167912200471;0,8315226985565832;0,7554322192686233;0,0454239699763138;0,0;0,9976391547939252;0,5006170358172763;0,143744351316723;0,1314983941750585;1,0;0,9994535519125683;0,9983205093153146;0,9959482825363236;1,0;1,0
CICIDS;RANDOM_LINF;distributive;32;10;147,55248499987647;3,391584299970418;16,200900127144447;0,9931330097530304;0,9915579203580344;0,9931330097530304;0,9922885660363884;0,9769105628437084;0,000467767032925;0,0382668342357791;0,8465765729637778;0,6970304370930569;0,705020683744327;1,0;0,0371584699453551;0,02183337890091;0,0445430849828382;0,0047962952753735;1,0;0,8311240084815859;0,6907671174744993;0,8311240084815859;0,7544733336190603;0,0;0,0;1,0;0,5;0,1428571428571428;0,1296820976205873;1,0;1,0;1,0;1,0;1,0;1,0
CICIDS;RANDOM_L2;distributive;32;10;147,55248499987647;3,408693599747494;16,200900127144447;0,9931330097530304;0,9915579203580344;0,9931330097530304;0,9922885660363884;0,9769105628437084;0,000467767032925;0,0382668342357791;0,8465765729637778;0,6970304370930569;0,705020683744327;1,0;0,0371584699453551;0,02183337890091;0,0445430849828382;0,0047962952753735;1,0;0,8311240084815859;0,6907671174744993;0,8311240084815859;0,7544733336190603;0,0;0,0;1,0;0,5;0,1428571428571428;0,1296820976205873;1,0;1,0;1,0;1,0;1,0;1,0
CICIDS;FGSM;distributive;32;15;134,32128130015917;3,193802499910817;16,39469127305113;0,9954696112870944;0,9946372324858443;0,9954696112870944;0,9948333918106782;0,9848007728198274;0,0004653804664305;0,0244071459613103;0,8655361396325808;0,733026329789914;0,7573265646850617;0,794344473007712;0,0229508196721311;0,0059368042807483;0,0262458386022865;0,0071668779976845;0,9976689976689976;0,8315226985565832;0,8223167912200471;0,8315226985565832;0,7554322192686233;0,0454239699763138;0,0;0,9976391547939252;0,5006170358172763;0,143744351316723;0,1314983941750585;1,0;0,9994535519125683;0,9983205093153146;0,9959482825363236;1,0;1,0
CICIDS;RANDOM_LINF;distributive;32;15;134,32128130015917;3,170708999969065;16,43456028055087;0,9954696112870944;0,9946372324858443;0,9954696112870944;0,9948333918106782;0,9848007728198274;0,0004653804664305;0,0244071459613103;0,8655361396325808;0,733026329789914;0,7573265646850617;0,794344473007712;0,0229508196721311;0,0059368042807483;0,0262458386022865;0,0071668779976845;0,9976689976689976;0,8311240084815859;0,6907671174744993;0,8311240084815859;0,7544733336190603;0,0;0,0;1,0;0,5;0,1428571428571428;0,1296820976205873;1,0;1,0;1,0;1,0;1,0;1,0
CICIDS;RANDOM_L2;distributive;32;15;134,32128130015917;2,969637099886313;16,43456028055087;0,9954696112870944;0,9946372324858443;0,9954696112870944;0,9948333918106782;0,9848007728198274;0,0004653804664305;0,0244071459613103;0,8655361396325808;0,733026329789914;0,7573265646850617;0,794344473007712;0,0229508196721311;0,0059368042807483;0,0262458386022865;0,0071668779976845;0,9976689976689976;0,8311240084815859;0,6907671174744993;0,8311240084815859;0,7544733336190603;0,0;0,0;1,0;0,5;0,1428571428571428;0,1296820976205873;1,0;1,0;1,0;1,0;1,0;1,0
CICIDS;FGSM;distributive;32;20;88,73638999997638;3,125094400253147;16,712849919964455;0,9973301649704156;0,9973372425483432;0,9973301649704156;0,9971146672467222;0,9910605812357052;0,0005250446287934;0,0131197218665946;0,920311098408783;0,8409373277456504;0,8810018249527467;0,7840616966580977;0,0229508196721311;0,0042963715189626;0,013368086918372;0,001323115938034;0,275058275058275;0,830201665770771;0,7645279934930866;0,830201665770771;0,755473240374134;0,0404431775391163;0,0015894532853474;0,9875850080456664;0,5010013235852713;0,1435586429408588;0,1314944119021681;1,0;0,5316939890710383;0,9983205093153146;0,9959482825363236;1,0;1,0
CICIDS;RANDOM_LINF;distributive;32;20;88,73638999997638;2,962612499948591;16,804687484503646;0,9973301649704156;0,9973372425483432;0,9973301649704156;0,9971146672467222;0,9910605812357052;0,0005250446287934;0,0131197218665946;0,920311098408783;0,8409373277456504;0,8810018249527467;0,7840616966580977;0,0229508196721311;0,0042963715189626;0,013368086918372;0,001323115938034;0,275058275058275;0,8292832901253792;0,7061192776616043;0,8292832901253792;0,7539015579655636;0,0013223448856978;0,0023555411300869;0,9975921727997744;0,4999756329242267;0,1428729621426763;0,1300899910241787;1,0;0,99672131147541;0,99656290278483;0,9981935017677876;0,9977948067699433;0,9976689976689976
CICIDS;RANDOM_L2;distributive;32;20;88,73638999997638;3,086316800210625;16,988957673395465;0,9973301649704156;0,9973372425483432;0,9973301649704156;0,9971146672467222;0,9910605812357052;0,0005250446287934;0,0131197218665946;0,920311098408783;0,8409373277456504;0,8810018249527467;0,7840616966580977;0,0229508196721311;0,0042963715189626;0,013368086918372;0,001323115938034;0,275058275058275;0,8274405882364609;0,7028707830878761;0,8274405882364609;0,7532158597531667;0,0002239734393757;0,004646644964822;0,9955132195586042;0,5000569746956531;0,142867200500792;0,1304365416462315;0,9974293059125964;0,9983606557377048;0,9935945006444558;0,99710960282846;0,9944318870941066;0,9976689976689976
CICIDS;C&W;distributive;1;5;3,687246299814433;4,215991900069639;0,0;0,8988120622591248;0,8638202120988706;0,8988120622591248;0,8708555697190022;0,6093828206505854;0,0059831222017507;0,5696566790777434;0,6698652803724351;0,4130298403654912;0,4595168113199263;1,0;0,2377049180327868;0,1525993047689723;0,6505458205373041;0,99961409118474;1,0;0,8988120622591248;0,8638202120988706;0,8988120622591248;0,8708555697190022;0,6093828206505854;0,0059831222017507;0,5696566790777434;0,6698652803724351;0,4130298403654912;0,4595168113199263;1,0;0,2377049180327868;0,1525993047689723;0,6505458205373041;0,99961409118474;1,0
CICIDS;C&W;distributive;1;10;3,115593000082299;2,560360099887476;0,0003967065422827;0,9147894182496912;0,9094406565499285;0,9147894182496912;0,8916695963102551;0,6821124370709499;0,0067205712485561;0,4714173293085425;0,7101635977594002;0,477865474989304;0,5094435765912286;1,0;0,0415300546448087;0,0066398468929422;0,553640093937908;0,971332488009262;1,0;0,9147854511842682;0,9094373202398316;0,9147854511842682;0,8916657209771911;0,6820947257015302;0,0067205712485561;0,4714408203056178;0,7100838558185475;0,4777093483027946;0,5093618168328277;1,0;0,0426229508196721;0,0066398468929422;0,553640093937908;0,971332488009262;1,0
CICIDS;C&W;distributive;1;15;2,952568099834025;2,0605357999447733;0,0003967065422827;0,9341090268590164;0,9318940154214846;0,9341090268590164;0,9246947565340292;0,7621488173056684;0,006863765238227;0,3563114436392253;0,754530850756859;0,5501784988764588;0,6020306422895343;1,0;0,0306010928961748;0,0072647736593367;0,5148778032981496;0,5140856717569877;1,0;0,9341050597935936;0,9318905315684912;0,9341050597935936;0,9246908629624312;0,7621326143257012;0,006863765238227;0,3563349346363006;0,7544511088160063;0,5500223469911373;0,6019497756994295;1,0;0,0316939890710382;0,0072647736593367;0,5148778032981496;0,5140856717569877;1,0
CICIDS;C&W;distributive;1;20;2,6355789999943227;1,8281789997126907;0,0005950598134352;0,953281854047696;0,9546762844662846;0,953281854047696;0,951967955980319;0,8426184206907031;0,0243429782440598;0,1565322590117337;0,8361973492861905;0,6483247398096018;0,7125711230458087;0,6889460154241646;0,0278688524590163;0,0043354294418622;0,3106918888229373;0,023650697392359;1,0;0,9532759034495616;0,9546693164832536;0,9532759034495616;0,9519621203439612;0,8425958025371951;0,0243429782440598;0,1565674955073468;0,8361830188584857;0,6483029507731441;0,7125588975631286;0,6889460154241646;0,0278688524590163;0,0043354294418622;0,3106918888229373;0,0238160868846132;1,0
CICIDS;C&W;distributive;2;5;9,278329299995676;2,389146900037304;0,0007934130845765;0,9071468667125524;0,9146280806375064;0,9071468667125524;0,8839339486019382;0,651878323969735;0,0005608431262111;0,5467764479263323;0,6967436534082471;0,468692034564047;0,5303596303893128;1,0;0,3185792349726776;0,4799828145139241;0,8036852563937134;0,0948233088924417;1,0;0,9071389325817066;0,9146215595560444;0,9071389325817066;0,8839257076827589;0,6518416958243857;0,0005608431262111;0,5468234299204829;0,6966894520101159;0,4685903771046938;0,5302907654390066;1,0;0,3191256830601093;0,4799828145139241;0,8036852563937134;0,0949886983846959;1,0
CICIDS;C&W;distributive;2;10;7,458499600179493;1,5507983996067196;0,0007934130845654;0,9658157972512204;0,9661903596219148;0,9658157972512204;0,962688480222726;0,8822663038366972;0,0006300535545521;0,1991566732049942;0,815318295702859;0,6564843465333366;0,7170366683096662;0,7352185089974294;0,1841530054644808;0,0496426200054681;0,3446798627061344;0,0704007938695628;1,0;0,9658078631203748;0,9661829381564628;0,9658078631203748;0,9626802685565552;0,8822374474019282;0,0006300535545521;0,1992036551991449;0,8152640943047279;0,6563825338556519;0,716975929379861;0,7352185089974294;0,1846994535519125;0,0496426200054681;0,3446798627061344;0,070566183361817;1,0
CICIDS;C&W;distributive;2;15;6,964917700039223;1,182243199786171;0,0003967065422827;0,972105579479164;0,971043894228632;0,972105579479164;0,9696402607094476;0,904488431747934;0,0010715683560375;0,1589283407134215;0,8149672520219546;0,64931008383349;0,6760482860443963;1,0;0,0568306010928961;0,0064054993555442;0,284549278691063;0,0782292298362644;1,0;0,9721016124137412;0,971040079883436;0,9721016124137412;0,9696361673297748;0,9044742871714504;0,0010715683560375;0,1589518317104969;0,8149927925646763;0,6493644522587724;0,676076496074295;1,0;0,0562841530054644;0,0064054993555442;0,284549278691063;0,0783946193285186;1,0
CICIDS;C&W;distributive;2;20;7,2848127000033855;1,1031145004089922;0,0007934130845765;0,9794942388292396;0,9788824544098602;0,9794942388292396;0,9782487307147364;0,9301742444940996;0,0012290817446755;0,1143894102585184;0,8432079632092909;0,6993639458569396;0,7460613093885675;0,7197943444730077;0,0836065573770491;0,0188259188376362;0,1850112260961573;0,0676443023319918;0,9976689976689976;0,979486304698394;0,9788747786934578;0,979486304698394;0,9782405861414964;0,930146433519948;0,0012290817446755;0,1144363922526691;0,8431537618111599;0,6992620904271417;0,7460054629854885;0,7197943444730077;0,0841530054644808;0,0188259188376362;0,1850112260961573;0,0678096918242461;0,9976689976689976
CICIDS;C&W;distributive;4;5;21,295395199907944;2,060774799669161;0,0001983532711413;0,929251355248725;0,9294070657879828;0,929251355248725;0,9190524286252204;0,7429398969302079;0,0003388924422212;0,4172588355512749;0,6777644279349253;0,4130184648906864;0,467009386786592;1,0;1,0;0,3831582236456665;0,4941546878629126;0,2160538067148134;1,0;0,9292493717160136;0,9294053552835942;0,9292493717160136;0,9190502704985122;0,7429317187058576;0,0003388924422212;0,4172705810498127;0,6777596511256903;0,4130105835993666;0,4670042850002865;1,0;1,0;0,3831582236456665;0,4941546878629126;0,2161089365455648;1,0
CICIDS;C&W;distributive;4;10;18,882907800143585;1,7155336004216224;0,0001983532711524;0,9683269496638904;0,9677320118750108;0,9683269496638904;0,9663083913943344;0,8906290534090897;0,0004224222695292;0,1853792034202891;0,7948745110853708;0,614376558326015;0,6572001543989989;1,0;0,1387978142076502;0,1397101902120845;0,1823530929830447;0,2242681514967749;1,0;0,9683249661311788;0,967730144392801;0,9683249661311788;0,9663061784264848;0,8906219323265018;0,0004224222695292;0,1853909489188268;0,7948697342761358;0,6143686501166322;0,657194997075568;1,0;0,1387978142076502;0,1397101902120845;0,1823530929830447;0,2243232813275263;1,0
CICIDS;C&W;distributive;4;15;17,984280799981207;1,386083799879998;0,0005950598134241;0,9844967083274654;0,984723314348406;0,9844967083274654;0,9835493714686128;0,9474386568009834;0,0005107252298263;0,0892775343849469;0,8319322756404033;0,6748263388865533;0,7251821473439899;0,8483290488431876;0,240983606557377;0,0198023669101277;0,116777207153733;0,0764099454214675;0,9603729603729604;0,9844907577293311;0,9847175040819528;0,9844907577293311;0,9835432341228404;0,94741809239673;0,0005107252298263;0,08931277088056;0,8319179452126987;0,6748025778467498;0,7251688785543643;0,8483290488431876;0,240983606557377;0,0198023669101277;0,116777207153733;0,0765753349137218;0,9603729603729604
CICIDS;C&W;distributive;4;20;15,561512100044638;1,168922900222242;0,0009917663557179;0,9911851806304064;0,9912525051559562;0,9911851806304064;0,9905715340733828;0,9703182156865996;0,0005441371607495;0,0494133123480426;0,8670911262425197;0,7395073978817575;0,7786643809735017;0,6889460154241646;0,053551912568306;0,009881654493614;0,0726986502877493;0,0196813495782567;0,965034965034965;0,9911752629668492;0,9912427160338564;0,9911752629668492;0,9905614934040622;0,9702844175746131;0,0005441371607495;0,049472039840731;0,866997053873962;0,7393273912270143;0,7785690179148734;0,6889460154241646;0,0546448087431694;0,009881654493614;0,0726986502877493;0,019846739070511;0,965034965034965
CICIDS;C&W;distributive;8;5;40,9081470000092;7,149857400450856;0,0001983532711413;0,9559576396754148;0,9564397629981336;0,9559576396754148;0,9515920487851184;0,8455859931035711;0,0003961700380896;0,2588472967735115;0,7244988664494354;0,4839660734736291;0,5343941869388478;1,0;0,9131147540983606;0,2820372612584463;0,2441095254071073;0,1581674844258228;1,0;0,9559556561427032;0,9564379499964336;0,9559556561427032;0,9515899385762382;0,8455785780379377;0,0003961700380896;0,2588590422720492;0,7244940896402005;0,4839581741467634;0,5343893850168069;1,0;0,9131147540983606;0,2820372612584463;0,2441095254071073;0,1582226142565742;1,0
CICIDS;C&W;distributive;8;10;35,71830750000663;5,674650099594146;0,0003967065422827;0,9734801676481848;0,9733741232833524;0,9734801676481848;0,9718849285233226;0,9090018509285536;0,0004033297375731;0,1550523261959853;0,807477736397279;0,635308306123696;0,671568199726965;0,9922879177377892;0,1234972677595628;0,1309612154825606;0,1696559911223515;0,1231049120679199;1,0;0,973476200582762;0,973370371421904;0,973476200582762;0,9718807536174624;0,9089877339820464;0,0004033297375731;0,1550758171930607;0,8074330886176178;0,6352222930660248;0,6715190488655033;0,9922879177377892;0,1240437158469945;0,1309612154825606;0,1696559911223515;0,1231600418986713;1,0
CICIDS;C&W;distributive;8;15;35,10575470002368;1,6210294999182224;0,0003967065422938;0,9853754133186288;0,9847385961652038;0,9853754133186288;0,9844570077640252;0,9504438984954652;0,0004224222695292;0,0844031524918075;0,8380462728857571;0,6864975620095125;0,7166085383298064;0,9048843187660668;0,0633879781420765;0,0618677498730617;0,0949959998967715;0,0564529466894536;1,0;0,9853714462532058;0,9847347397023016;0,9853714462532058;0,9844529492437432;0,9504301971965357;0,0004224222695292;0,0844266434888828;0,8380016251060957;0,6864115307296127;0,7165623912717765;0,9048843187660668;0,0639344262295081;0,0618677498730617;0,0949959998967715;0,056508076520205;1,0
CICIDS;C&W;distributive;8;20;30,242944800062105;1,5286456998437643;0,0009917663557179;0,9922007493786584;0,991408427948572;0,9922007493786584;0,9915391310133622;0,973758493283702;0,000462993899936;0,0437989640470289;0,8623304330125504;0,7293233765237176;0,7593959896629314;0,7583547557840618;0,0355191256830601;0,0169901964613521;0,0587628067821105;0,0125696014113236;1,0;0,9921908317151013;0,9913986191127094;0,9921908317151013;0,9915291444778924;0,9737247715733462;0,000462993899936;0,0438576915397174;0,8622363606439929;0,729143365994412;0,7593022180909704;0,7583547557840618;0,0366120218579235;0,0169901964613521;0,0587628067821105;0,0127349909035779;1,0
CICIDS;C&W;distributive;10;5;46,58827979979105;5,268367699813098;0,0001983532711413;0,9696658342441056;0,9689839048058108;0,9696658342441056;0,9674240238066888;0,8953098380029497;0,0004057163040676;0,1775097194000399;0,7640004476387974;0,5514774716744337;0,607839608190939;1,0;0,6103825136612022;0,1637308127953755;0,1270484399597408;0,2239925023430178;1,0;0,969663850711394;0,9689820288759854;0,969663850711394;0,9674218097137538;0,8953027426698983;0,0004057163040676;0,1775214648985776;0,7639956708295624;0,5514695626662061;0,6078344521053428;1,0;0,6103825136612022;0,1637308127953755;0,1270484399597408;0,2240476321737692;1,0
CICIDS;C&W;distributive;10;10;39,886846099980175;12,067916799336672;0,0005950598134352;0,9889279204047994;0,9874199792633008;0,9889279204047994;0,9880162458634644;0,9626078096394914;0,000462993899936;0,0631672911356722;0,8358356860980015;0,6790152631296456;0,6952937581760799;1,0;0,0836065573770491;0,0381986485958676;0,0678985264135848;0,0439936049396328;1,0;0,988921969806665;0,9874141108520146;0,988921969806665;0,9880101965480816;0,9625874434105264;0,000462993899936;0,0632025276312853;0,8358213556702966;0,6789914917439698;0,6952808975223196;1,0;0,0836065573770491;0,0381986485958676;0,0678985264135848;0,044158994431887;1,0
CICIDS;C&W;distributive;10;15;38,47084449999966;6,382570899557322;0,0009917663557179;0,9943786682958082;0,9935551240745042;0,9943786682958082;0,993555805731956;0,9811201710404572;0,0004701535994195;0,030878915655575;0,8490197152657101;0,700893725496683;0,7081884620827169;0,9948586118251928;0,0316939890710382;0,0063664414326446;0,0344783091176546;0,0141132366723634;1,0;0,994368750632251;0,9935452630637204;0,994368750632251;0,9935458098197838;0,9810866189021552;0,0004701535994195;0,0309376431482634;0,8489256428971527;0,7007137063015925;0,7080949849011022;0,9948586118251928;0,0327868852459016;0,0063664414326446;0,0344783091176546;0,0142786261646176;1,0
CICIDS;C&W;distributive;10;20;32,76432349998504;6,079453499987721;0,0009917663557179;0,9965466695494009;0,9965573060388077;0,9965466695494009;0,9963265688868204;0,9884277348056708;0,0005083386633318;0,0178414122787441;0,9086035727828696;0,8181983131236628;0,8704888729132121;0,6812339331619537;0,028415300546448;0,0044526032105612;0,0208005367880461;0,0031975301835823;0,5221445221445221;0,9965367518858436;0,9965473935348536;0,9965367518858436;0,996316599338579;0,9883943396078708;0,0005083386633318;0,0179001397714325;0,908509500414312;0,8180182850241674;0,8703957909729887;0,6812339331619537;0,0295081967213114;0,0044526032105612;0,0208005367880461;0,0033629196758365;0,5221445221445221
CICIDS;C&W;distributive;16;5;80,98839879990555;10,38980419980362;0,0001983532711413;0,9681642999815532;0,9676424380268362;0,9681642999815532;0,9651321893701847;0,8900286748719818;0,0004462879344744;0,186318843303304;0,7511840021953604;0,5269812367796339;0,575625353078025;1,0;0,8038251366120218;0,2780924110455806;0,1244935353170404;0,0898616241248139;1,0;0,9681623164488418;0,9676405735627152;0,9681623164488418;0,9651301473193298;0,8900215146815925;0,0004462879344744;0,1863305888018417;0,7511792253861255;0,5269733287809502;0,5756208737050528;1,0;0,8038251366120218;0,2780924110455806;0,1244935353170404;0,0899167539555653;1,0
CICIDS;C&W;distributive;16;10;75,47185659990646;5,361135699786246;0,0005950598134241;0,9858098069824318;0,9843828071979196;0,9858098069824318;0,9848214124582932;0,9519132457447452;0,0004128760035512;0,0819248523003558;0,8314158797661529;0,6729377752380996;0,6918513732072739;1,0;0,0519125683060109;0,0838183025426707;0,0655500787117086;0,0758586471139533;1,0;0,9858038563842976;0,9843770268791106;0,9858038563842976;0,9848153227660836;0,9518927126864096;0,0004128760035512;0,0819600887959689;0,8313313610160652;0,6727736327837973;0,6917642896510215;1,0;0,0530054644808743;0,0838183025426707;0,0655500787117086;0,0759137769447047;1,0
CICIDS;C&W;distributive;16;15;63,878897699993104;7,0439856997691095;0,0009917663557179;0,9930556519772846;0,9922501863075842;0,9930556519772846;0,9923829729734892;0,9766473157877468;0,0004725401659141;0,0387249086787488;0,860156434298431;0,7242698447226663;0,7503962819088873;0,8123393316195373;0,026775956284153;0,0226926532047025;0,0439237141603654;0,0121285627653123;1,0;0,9930457343137274;0,99224035749188;0,9930457343137274;0,9923730014121428;0,9766136595926176;0,0004725401659141;0,0387836361714373;0,8600623619298735;0,724089830761006;0,750303232773181;0,8123393316195373;0,0278688524590163;0,0226926532047025;0,0439237141603654;0,0122939522575665;1,0
CICIDS;C&W;distributive;16;20;52,420504800044;4,244804699672386;0,0009917663557179;0,9955191996048804;0,9946837671113972;0,9955191996048804;0,9949399762806548;0,9849654542285106;0,0004749267324086;0,0240900175007928;0,871558078798449;0,7450407386126947;0,7733680148413784;0,7043701799485861;0,0240437158469945;0,0101550599539116;0,0206198869648248;0,0135068085340978;1,0;0,9955092819413232;0,994673880809171;0,9955092819413232;0,9949299910811404;0,9849319886526032;0,0004749267324086;0,0241487449934812;0,8714640064298915;0,7448607146548271;0,7732751664851479;0,7043701799485861;0,0251366120218579;0,0101550599539116;0,0206198869648248;0,013672198026352;1,0
CICIDS;C&W;distributive;32;5;160,86145070008934;9,601410299772397;0,0005950598134241;0,9814678538771122;0,980213786151938;0,9814678538771122;0,980262860496165;0,9369465577742158;0,000458220766947;0,1074830571183593;0,8172609396373419;0,648059822713887;0,6774607762299395;1,0;0,1792349726775956;0,1318986056321524;0,1023252212960334;0,0365510777881911;1,0;0,981461903278978;0,9802080207046516;0,981461903278978;0,9802568624507444;0,9369258056123446;0,000458220766947;0,1075182936139724;0,8172466092096371;0,6480360687872183;0,6774480199544205;1,0;0,1792349726775956;0,1318986056321524;0,1023252212960334;0,0367164672804454;1,0
CICIDS;C&W;distributive;32;10;147,28537519997917;4,069508199812844;0,0009917663557068;0,9931330097530304;0,9915579203580344;0,9931330097530304;0,9922885660363884;0,9769105628437084;0,000467767032925;0,0382668342357791;0,8465765729637778;0,6970304370930569;0,705020683744327;1,0;0,0371584699453551;0,02183337890091;0,0445430849828382;0,0047962952753735;1,0;0,9931230920894732;0,9915480893838056;0,9931230920894732;0,9922785940571446;0,97687690786113;0,000467767032925;0,0383255617284675;0,8464825005952201;0,6968504228910417;0,704926869212736;1,0;0,0382513661202185;0,02183337890091;0,0445430849828382;0,0049616847676277;1,0
CICIDS;C&W;distributive;32;15;131,26106970012188;7,298762099584565;0,0009917663557179;0,9954696112870944;0,9946372324858443;0,9954696112870944;0,9948333918106782;0,9848007728198274;0,0004653804664305;0,0244071459613103;0,8655361396325808;0,733026329789914;0,7573265646850617;0,794344473007712;0,0229508196721311;0,0059368042807483;0,0262458386022865;0,0071668779976845;0,9976689976689976;0,9954596936235374;0,9946273463750336;0,9954596936235374;0,994823428097178;0,9847672991520372;0,0004653804664305;0,0244658734539987;0,8654420672640233;0,7328463061760181;0,7572338799781727;0,794344473007712;0,0240437158469945;0,0059368042807483;0,0262458386022865;0,0073322674899388;0,9976689976689976
CICIDS;C&W;distributive;32;20;88,78173710010014;3,7380152998957774;0,0009917663557179;0,9973301649704156;0,9973372425483432;0,9973301649704156;0,9971146672467222;0,9910605812357052;0,0005250446287934;0,0131197218665946;0,920311098408783;0,8409373277456504;0,8810018249527467;0,7840616966580977;0,0229508196721311;0,0042963715189626;0,013368086918372;0,001323115938034;0,275058275058275;0,9973202473068584;0,997327310929338;0,9973202473068584;0,9971047099751732;0,9910272427320296;0,0005250446287934;0,013178449359283;0,9202170260402254;0,8407572964212788;0,8809092087877506;0,7840616966580977;0,0240437158469945;0,0042963715189626;0,013368086918372;0,0014885054302883;0,275058275058275
CICIDS;FGSM;gaussian;1;5;3,7566881000529975;1,3728718000929805;11,269242746716756;0,9284361233043276;0,9320524869435324;0,9284361233043276;0,90845254701428;0,7390033498352303;0,0008639370710146;0,4187857503611741;0,671832708910341;0,4006972140890102;0,4500074996088297;1,0;0,6978142076502732;0,2299339921102995;0,2476967147539291;0,9964716908319092;1,0;0,8157436958371599;0,7616944718499526;0,8157436958371599;0,7628474416959123;0,1425639189023163;0,0189827498973776;0,7782567331070367;0,510804730291299;0,14723138185327;0,1321923530645748;0,9640102827763496;1,0;0,7464359645354061;0,9959482825363236;0,326644247202161;0,9953379953379954
CICIDS;RANDOM_LINF;gaussian;1;5;3,7566881000529975;0,9746711000334471;10,549815432281196;0,9284361233043276;0,9320524869435324;0,9284361233043276;0,90845254701428;0,7390033498352303;0,0008639370710146;0,4187857503611741;0,671832708910341;0,4006972140890102;0,4500074996088297;1,0;0,6978142076502732;0,2299339921102995;0,2476967147539291;0,9964716908319092;1,0;0,8229379689815155;0,745511883631342;0,8229379689815155;0,7545800853027811;0,0274260803914963;0,012500835298273;0,9775660977930208;0,5018350085472556;0,1433859202964064;0,1359987619951984;0,987146529562982;0,9710382513661202;0,983673788227942;0,9712508709902192;0,9827443629748056;0,9836829836829836
CICIDS;RANDOM_L2;gaussian;1;5;3,7566881000529975;0,9442716999910772;10,636297458499532;0,9284361233043276;0,9320524869435324;0,9284361233043276;0,90845254701428;0,7390033498352303;0,0008639370710146;0,4187857503611741;0,671832708910341;0,4006972140890102;0,4500074996088297;1,0;0,6978142076502732;0,2299339921102995;0,2476967147539291;0,9964716908319092;1,0;0,8220731487193321;0,7092370446721684;0,8220731487193321;0,7535919995623734;0,0192557672237538;0,0131356619858142;0,9796920330283418;0,5012841912168281;0,1431870817612441;0,134854388017375;0,9845758354755784;0,980327868852459;0,983205093153146;0,975612273865132;0,9832956612823198;0,9790209790209792
CICIDS;FGSM;gaussian;1;10;3,424587700050324;1,507611399749294;31,350924623773437;0,9482535986242218;0,9454174261697468;0,9482535986242218;0,9433908138090528;0,8161619864350432;0,0072122039464263;0,2708746872761014;0,7247076882690663;0,4714713118669755;0,5465675434163441;1,0;0,6978142076502732;0,1557629965238448;0,1937082247283801;0,5222448867081978;1,0;0,6347443523864874;0,7391136678454954;0,6347443523864874;0,6814284935939346;0,1006911102465197;0,2373010796826821;0,4904802734352059;0,5368116350327938;0,1486900611263042;0,1190514964290471;0,4652956298200514;0,0431693989071038;0,3933523415224778;0,6982889881029188;0,2185346490986272;0,9463869463869464
CICIDS;RANDOM_LINF;gaussian;1;10;3,424587700050324;1,219704800285399;34,90799383518034;0,9482535986242218;0,9454174261697468;0,9482535986242218;0,9433908138090528;0,8161619864350432;0,0072122039464263;0,2708746872761014;0,7247076882690663;0,4714713118669755;0,5465675434163441;1,0;0,6978142076502732;0,1557629965238448;0,1937082247283801;0,5222448867081978;1,0;0,5991736602724184;0,7168998050724408;0,5991736602724184;0,6500212882673796;0,0228976503869699;0,2887172682405277;0,6826953570044281;0,5073250664702251;0,1448715553404859;0,1326150420372125;0,6966580976863753;0,6699453551912569;0,7015584111236964;0,6890758471186353;0,6450741496223606;0,6130536130536131
CICIDS;RANDOM_L2;gaussian;1;10;3,424587700050324;1,1770452000200748;38,38314314560519;0,9482535986242218;0,9454174261697468;0,9482535986242218;0,9433908138090528;0,8161619864350432;0,0072122039464263;0,2708746872761014;0,7247076882690663;0,4714713118669755;0,5465675434163441;1,0;0,6978142076502732;0,1557629965238448;0,1937082247283801;0,5222448867081978;1,0;0,5644221671681698;0,7088454304756522;0,5644221671681698;0,626548398486874;0,011181062744388;0,3274226036485828;0,6559156203385053;0,5012816349137121;0,1436230603233957;0,1221559991011114;0,7095115681233933;0,6475409836065574;0,6588681013943678;0,6686882242122377;0,6250068912288439;0,62004662004662
CICIDS;FGSM;gaussian;1;15;3,12896170001477;1,6272997001651677;80,62564588783916;0,9527522508137444;0,9492097594977216;0,9527522508137444;0,9482920374043948;0,8334925461195178;0,009376819756952;0,2329837089935282;0,7330071325815214;0,4798190825132593;0,5520675997147109;1,0;0,6978142076502732;0,1540835058391594;0,1115641693979199;0,5222448867081978;1,0;0,1464957919353527;0,8312354173087282;0,1464957919353527;0,2467891172365056;0,0637303163989257;0,8251291132473533;0,0333337248499512;0,5192534452419036;0,1463390003927734;0,0441854898216322;0,0282776349614395;0,0224043715846994;0,0002343475373979;0,0072518000464528;0,1373835382325376;0,0163170163170163
CICIDS;RANDOM_LINF;gaussian;1;15;3,12896170001477;1,396319500170648;86,23507639576238;0,9527522508137444;0,9492097594977216;0,9527522508137444;0,9482920374043948;0,8334925461195178;0,009376819756952;0,2329837089935282;0,7330071325815214;0,4798190825132593;0,5520675997147109;1,0;0,6978142076502732;0,1540835058391594;0,1115641693979199;0,5222448867081978;1,0;0,0904014868561204;0,7088998924422425;0,0904014868561204;0,159070469733891;-0,0008043185180808;0,8945591057058032;0,1171613479134121;0,5011616098867337;0,1433236357145304;0,0347523228603649;0,1053984575835475;0,1032786885245901;0,1119400070304261;0,127874267723038;0,104195380120183;0,0792540792540792
CICIDS;RANDOM_L2;gaussian;1;15;3,12896170001477;1,365787399932742;87,73641230504352;0,9527522508137444;0,9492097594977216;0,9527522508137444;0,9482920374043948;0,8334925461195178;0,009376819756952;0,2329837089935282;0,7330071325815214;0,4798190825132593;0,5520675997147109;1,0;0,6978142076502732;0,1540835058391594;0,1115641693979199;0,5222448867081978;1,0;0,075388127763309;0,6995181626386916;0,075388127763309;0,1348667015616998;-0,0030350032082992;0,9115061143833588;0,0981218947838241;0,4999785052413403;0,1428964459997664;0,0274054051881341;0,0925449871465295;0,0912568306010929;0,0886224270593289;0,1097576711657075;0,0880974695407685;0,0722610722610722
CICIDS;FGSM;gaussian;1;20;2,980747499968857;1,4766884995624423;87,2318015832558;0,9632768753805904;0,9643355550031124;0,9632768753805904;0,9620816639150968;0,8748431006479161;0,0160019283457275;0,1370699679347889;0,7733044475348034;0,5316749915015352;0,597832428457375;1,0;0,6961748633879782;0,1495918447056985;0,1068156597589615;0,0896411048018082;0,9603729603729604;0,0909588595480322;0,9617393058838024;0,0909588595480322;0,1631561714314279;0,0737500654522582;0,8935161761476998;0,0007517119064118;0,5169740416941953;0,1486556682248053;0,038967914966275;0,0;0,0005464480874316;0,0;0,0014193914681669;0,0004410386460113;0,0
CICIDS;RANDOM_LINF;gaussian;1;20;2,980747499968857;1,4592331999447197;95,53288598058916;0,9632768753805904;0,9643355550031124;0,9632768753805904;0,9620816639150968;0,8748431006479161;0,0160019283457275;0,1370699679347889;0,7733044475348034;0,5316749915015352;0,597832428457375;1,0;0,6961748633879782;0,1495918447056985;0,1068156597589615;0,0896411048018082;0,9603729603729604;0,0079480155746988;0,6726518096945272;0,0079480155746988;0,0141990133938343;-0,0067943101564619;0,9917377067959868;0,0138479427759311;0,5005866331494933;0,1429596066221018;0,0037807744156202;0,0;0,0092896174863387;0,0124204194820919;0,0181940179101396;0,007497656982193;0,0069930069930069
CICIDS;RANDOM_L2;gaussian;1;20;2,980747499968857;1,4296730998903513;95,742148681645;0,9632768753805904;0,9643355550031124;0,9632768753805904;0,9620816639150968;0,8748431006479161;0,0160019283457275;0,1370699679347889;0,7733044475348034;0,5316749915015352;0,597832428457375;1,0;0,6961748633879782;0,1495918447056985;0,1068156597589615;0,0896411048018082;0,9603729603729604;0,0058553885641405;0,6609254154599654;0,0058553885641405;0,0100978602230901;-0,0060857566957062;0,9940144912317548;0,0093729078330729;0,4999773960934933;0,1428364644535035;0,0023632178507098;0,0051413881748071;0,0054644808743169;0,0080068741944303;0,0117422385093808;0,0068912288439274;0,0023310023310023
CICIDS;FGSM;gaussian;2;5;9,841697700088844;1,194356300169602;10,545451660316052;0,9245702180497508;0,9240408501026864;0,9245702180497508;0,9027701534336464;0,7224372787784898;0,0019331188605576;0,4295681180187693;0,6438664428105351;0,3425057437872507;0,3729544914763685;1,0;1,0;0,3703862828574776;0,164133267955302;0,9968575996471692;1,0;0,8191157014465904;0,7420057482130837;0,8191157014465904;0,749174481499712;-0,0265330351594112;0,0149327465561845;0,9973924993246338;0,4985713048233692;0,1428075998621997;0,1301392401348717;1,0;0,9901639344262296;0,9983205093153146;0,9958708611835144;1,0;0,9976689976689976
CICIDS;RANDOM_LINF;gaussian;2;5;9,841697700088844;0,9874648000113666;9,444591005472558;0,9245702180497508;0,9240408501026864;0,9245702180497508;0,9027701534336464;0,7224372787784898;0,0019331188605576;0,4295681180187693;0,6438664428105351;0,3425057437872507;0,3729544914763685;1,0;1,0;0,3703862828574776;0,164133267955302;0,9968575996471692;1,0;0,8301243079950253;0,7159443473688714;0,8301243079950253;0,7564406788772261;0,0408795318007114;0,0027087529712752;0,9898871257590528;0,5014825396646444;0,1435627835979054;0,1340358978482274;1,0;0,9994535519125683;0,9941413115650508;0,9837157087924848;0,9956447433706378;1,0
CICIDS;RANDOM_L2;gaussian;2;5;9,841697700088844;0,9981999997980892;9,563206261616063;0,9245702180497508;0,9240408501026864;0,9245702180497508;0,9027701534336464;0,7224372787784898;0,0019331188605576;0,4295681180187693;0,6438664428105351;0,3425057437872507;0,3729544914763685;1,0;1,0;0,3703862828574776;0,164133267955302;0,9968575996471692;1,0;0,8289381554335903;0,7059866379425941;0,8289381554335903;0,7551543038141163;0,0227154138801632;0,0036514467366089;0,9916254595426304;0,500847763266812;0,1431317349054116;0,1325064322366022;0,9897172236503856;0,9983606557377048;0,9934773268757568;0,988954553665901;0,993935718617344;0,9976689976689976
CICIDS;FGSM;gaussian;2;10;8,442574799992144;1,0501605002209544;13,413639961043422;0,9545612326465682;0,9498611518640628;0,9545612326465682;0,9514696123998232;0,8421330851243432;0,0143695168634788;0,1895606008997052;0,731385411186217;0,4567785678741693;0,5032092876377879;0,7223650385604113;1,0;0,0608131859547709;0,1775013548736741;0,2846904460003308;1,0;0,820424833036134;0,7280803633114263;0,820424833036134;0,7499027457433385;-0,0223965688360658;0,0133504529703206;0,9963706409518552;0,4988397996603352;0,1427933772933258;0,1302588849667453;1,0;0,9513661202185792;0,9983205093153146;0,9958450540659114;0,999338442030983;0,9906759906759908
CICIDS;RANDOM_LINF;gaussian;2;10;8,442574799992144;1,037080200156197;12,587895293275231;0,9545612326465682;0,9498611518640628;0,9545612326465682;0,9514696123998232;0,8421330851243432;0,0143695168634788;0,1895606008997052;0,731385411186217;0,4567785678741693;0,5032092876377879;0,7223650385604113;1,0;0,0608131859547709;0,1775013548736741;0,2846904460003308;1,0;0,8286822797138159;0,734952928414299;0,8286822797138159;0,7592427558665651;0,0673257833222179;0,0068255801743148;0,9734786643019064;0,5039093983774053;0,1447242696164047;0,1403251069542372;0,9922879177377892;0,9939890710382514;0,9809397336249658;0,9577021342486258;0,993549809802084;1,0
CICIDS;RANDOM_L2;gaussian;2;10;8,442574799992144;1,0547728999517858;12,937592110300288;0,9545612326465682;0,9498611518640628;0,9545612326465682;0,9514696123998232;0,8421330851243432;0,0143695168634788;0,1895606008997052;0,731385411186217;0,4567785678741693;0,5032092876377879;0,7223650385604113;1,0;0,0608131859547709;0,1775013548736741;0,2846904460003308;1,0;0,8251853115435653;0,7139212059583357;0,8251853115435653;0,7553721630464203;0,0309245326077452;0,0095486525445571;0,980655163908432;0,5018590867585045;0,1434373681000323;0,1358044694083769;0,9922879177377892;0,9901639344262296;0,9843377729172362;0,9737025471625074;0,9888637741882133;0,9906759906759908
CICIDS;FGSM;gaussian;2;15;8,190871799830347;1,5414785998873413;22,74814490103163;0,9595934551354652;0,9569467682898876;0,9595934551354652;0,957609326709382;0,8622514540583607;0,0175388771681956;0,1438823570866465;0,7686158409449878;0,5173215076035278;0,5826970745163769;0,403598971722365;1,0;0,0593680428074835;0,1392293994683733;0,1609239759633938;1,0;0,732112006125149;0,7398163633344228;0,732112006125149;0,7292291688021553;0,1059064990083584;0,1220919687264326;0,6560565663209575;0,5322168217836943;0,1490993617148991;0,1375913675915914;0,6606683804627249;0,985792349726776;0,8257626059446158;0,699940643629513;0,2816031754782512;0,986013986013986
CICIDS;RANDOM_LINF;gaussian;2;15;8,190871799830347;1,4572258000262082;21,12422667018413;0,9595934551354652;0,9569467682898876;0,9595934551354652;0,957609326709382;0,8622514540583607;0,0175388771681956;0,1438823570866465;0,7686158409449878;0,5173215076035278;0,5826970745163769;0,403598971722365;1,0;0,0593680428074835;0,1392293994683733;0,1609239759633938;1,0;0,748351188433624;0,7370170190717267;0,748351188433624;0,7350925306908013;0,0732147547521451;0,1142091395950474;0,8147852335592384;0,514663931937853;0,1498174099567013;0,158003324548355;0,8946015424164524;0,8819672131147541;0,863101980236691;0,7487419030168521;0,8784387231931198;0,8461538461538461
CICIDS;RANDOM_L2;gaussian;2;15;8,190871799830347;1,4434817999135705;26,250865316145354;0,9595934551354652;0,9569467682898876;0,9595934551354652;0,957609326709382;0,8622514540583607;0,0175388771681956;0,1438823570866465;0,7686158409449878;0,5173215076035278;0,5826970745163769;0,403598971722365;1,0;0,0593680428074835;0,1392293994683733;0,1609239759633938;1,0;0,6970848019740118;0,7185731734252722;0,6970848019740118;0,7035052472567263;0,0334320305333401;0,1697636344543831;0,7865490550746427;0,5061666491197256;0,1450726403849767;0,1397375632142977;0,8329048843187661;0,8136612021857923;0,816662109908995;0,7491548168985006;0,819339544627598;0,8228438228438228
CICIDS;FGSM;gaussian;2;20;7,300005399854854;1,3844560000579804;41,81505144292087;0,9629238065579558;0,9603838646920846;0,9629238065579558;0,9608903259474698;0,874518067976724;0,0173527249816234;0,1257473073444602;0,7532775242878657;0,4853162959132963;0,521265398332458;0,7223650385604113;1,0;0,0574151466625004;0,1328808485380267;0,0852858481724461;1,0;0,5447732921287471;0,7802728814847315;0,5447732921287471;0,6378472197237935;0,1311393342548171;0,3506176434087806;0,3087774110572123;0,535238758191838;0,1515870267219974;0,1225523730257917;0,5012853470437018;0,2196721311475409;0,0090614381127211;0,5631371132158249;0,1798886377418821;0,8764568764568764
CICIDS;RANDOM_LINF;gaussian;2;20;7,300005399854854;1,453965499997139;60,06018038246478;0,9629238065579558;0,9603838646920846;0,9629238065579558;0,9608903259474698;0,874518067976724;0,0173527249816234;0,1257473073444602;0,7532775242878657;0,4853162959132963;0,521265398332458;0,7223650385604113;1,0;0,0574151466625004;0,1328808485380267;0,0852858481724461;1,0;0,362322002733308;0,729727072540461;0,362322002733308;0,4811813670408961;0,0163065427155594;0,5752913997689804;0,4272542548068452;0,5073044933048932;0,1469426603195436;0,1097210542817302;0,4395886889460154;0,3939890710382513;0,4669374682654376;0,4144881158223438;0,4031644522851315;0,3613053613053613
CICIDS;RANDOM_L2;gaussian;2;20;7,300005399854854;1,3968189996667206;67,40460695307556;0,9629238065579558;0,9603838646920846;0,9629238065579558;0,9608903259474698;0,874518067976724;0,0173527249816234;0,1257473073444602;0,7532775242878657;0,4853162959132963;0,521265398332458;0,7223650385604113;1,0;0,0574151466625004;0,1328808485380267;0,0852858481724461;1,0;0,2888777370272002;0,7105231029913653;0,2888777370272002;0,4088714134848282;0,0027206763220942;0,6571434708313844;0,3490997075370864;0,5021005539653199;0,1433486459293071;0,0815615684480182;0,3393316195372751;0,3311475409836065;0,3738624379955474;0,3478541381713076;0,3188158112354595;0,3496503496503496
CICIDS;FGSM;gaussian;4;5;25,2984275999479;1,4741205996833742;10,697191912740422;0,9383637045250331;0,9327143752561636;0,9383637045250331;0,9322116105789964;0,7781592107901824;0,0103433791872309;0,3125946980819601;0,6906897903956609;0,4039483021258486;0,4643093085220141;1,0;1,0;0,3359371948599773;0,1671268935972541;0,4900490655493688;1,0;0,8313917853976289;0,7961634573732079;0,8313917853976289;0,7553624787701931;0,0375723416501329;0,0001551268221435;0,997650900292463;0,5005561083449626;0,1434937487573981;0,1313293004315333;1,0;1,0;0,9983205093153146;0,9959482825363236;1,0;1,0
CICIDS;RANDOM_LINF;gaussian;4;5;25,2984275999479;1,2129092998802662;10,723771251073588;0,9383637045250331;0,9327143752561636;0,9383637045250331;0,9322116105789964;0,7781592107901824;0,0103433791872309;0,3125946980819601;0,6906897903956609;0,4039483021258486;0,4643093085220141;1,0;1,0;0,3359371948599773;0,1671268935972541;0,4900490655493688;1,0;0,8311259920142973;0,7269583448934003;0,8311259920142973;0,7545375292143439;0,0083165318552972;3,579849741773505e-05;0,999776835527784;0,5000401145439473;0,1428841249756263;0,129800103348768;1,0;1,0;0,9999218841542008;0,9995870861183516;0,9999448701692486;1,0
CICIDS;RANDOM_L2;gaussian;4;5;25,2984275999479;1,1948505996260792;10,727539963225295;0,9383637045250331;0,9327143752561636;0,9383637045250331;0,9322116105789964;0,7781592107901824;0,0103433791872309;0,3125946980819601;0,6906897903956609;0,4039483021258486;0,4643093085220141;1,0;1,0;0,3359371948599773;0,1671268935972541;0,4900490655493688;1,0;0,8310883048927802;0,7133167939256788;0,8310883048927802;0,7545250525824996;0,0061531097266387;8,352982730804846e-05;0,9997298535336332;0,5000383744111151;0,1428744377626361;0,1298045742409575;1,0;1,0;0,9998437683084014;0,9995612790007484;0,9998897403384972;1,0
CICIDS;FGSM;gaussian;4;10;23,68241899996065;1,3159370999783278;13,62091912938782;0,9608450642763776;0,9592682428356992;0,9608450642763776;0,957833002196731;0,8632229424576003;0,0053268164157589;0,2055932064036458;0,7755538908655678;0,566970567723225;0,63250492627184;1,0;0,2666666666666666;0,1365074405343123;0,1217321737335157;0,441204035503611;0,9603729603729604;0,8246358729824993;0,7443228206610624;0,8246358729824993;0,7519744559237446;-0,0147561055050897;0,0083004782679255;0,9975686818026992;0,4994692563308558;0,1429480756027127;0,1307054941123434;1,0;1,0;0,9983205093153146;0,9957676327131024;1,0;1,0
CICIDS;RANDOM_LINF;gaussian;4;10;23,68241899996065;1,1664529000408947;12,983411715934311;0,9608450642763776;0,9592682428356992;0,9608450642763776;0,957833002196731;0,8632229424576003;0,0053268164157589;0,2055932064036458;0,7755538908655678;0,566970567723225;0,63250492627184;1,0;0,2666666666666666;0,1365074405343123;0,1217321737335157;0,441204035503611;0,9603729603729604;0,8310109471170344;0,7354710667348765;0,8310109471170344;0,7547376064613662;0,0150227357290953;0,000319799910265;0,9986727586652416;0,5001918446231624;0,1429462522281983;0,1302557408503536;1,0;0,9989071038251366;0,9990626098504082;0,9980128519445663;0,9994487016924858;1,0
CICIDS;RANDOM_L2;gaussian;4;10;23,68241899996065;1,1220599997323006;13,001660216879465;0,9608450642763776;0,9592682428356992;0,9608450642763776;0,957833002196731;0,8632229424576003;0,0053268164157589;0,2055932064036458;0,7755538908655678;0,566970567723225;0,63250492627184;1,0;0,2666666666666666;0,1365074405343123;0,1217321737335157;0,441204035503611;0,9603729603729604;0,8308284621075829;0,7060954340232661;0,8308284621075829;0,754608338586277;0,0099819510112277;0,0005059520968373;0,9986257766710908;0,5001373751511805;0,142902717887761;0,1301234412495832;1,0;0,9983606557377048;0,99886732023591;0,9982967302381996;0,9989525332157232;1,0
CICIDS;FGSM;gaussian;4;15;22,651674800086766;1,3095571002922952;14,779897292676203;0,963514899305962;0,9618777183602129;0,963514899305962;0,9611916507734748;0,8731145279524068;0,0068017145093696;0,1825250472756316;0,783984603146559;0,5745258162298238;0,6403879351631794;1,0;0,2666666666666666;0,104362769987892;0,116054607860848;0,3906499807045592;0,951048951048951;0,8157159263791999;0,726689950759276;0,8157159263791999;0,7677037368264465;0,1893472927828995;0,0197846362395349;0,7119886303574156;0,5583219395871362;0,149519072619075;0,1373041660527247;0,3316195372750642;0,2306010928961748;0,973674959965629;0,6610235102841364;0,5216935884006836;0,1421911421911421
CICIDS;RANDOM_LINF;gaussian;4;15;22,651674800086766;1,3729450996033847;16,14833651029156;0,963514899305962;0,9618777183602129;0,963514899305962;0,9611916507734748;0,8731145279524068;0,0068017145093696;0,1825250472756316;0,783984603146559;0,5745258162298238;0,6403879351631794;1,0;0,2666666666666666;0,104362769987892;0,116054607860848;0,3906499807045592;0,951048951048951;0,8020315342030463;0,7255643406424528;0,8020315342030463;0,7488010360843056;0,0330621807225925;0,03998692161561;0,9438917534854768;0,5047611818482379;0,144784236668638;0,1426109814442633;0,9537275064267352;0,960655737704918;0,9505526696090302;0,9351983276987792;0,9510447102927394;0,9487179487179488
CICIDS;RANDOM_L2;gaussian;4;15;22,651674800086766;1,3271515001542866;19,73575377218333;0,963514899305962;0,9618777183602129;0,963514899305962;0,9611916507734748;0,8731145279524068;0,0068017145093696;0,1825250472756316;0,783984603146559;0,5745258162298238;0,6403879351631794;1,0;0,2666666666666666;0,104362769987892;0,116054607860848;0,3906499807045592;0,951048951048951;0,7661573615841286;0,7106867879332116;0,7661573615841286;0,730454140707418;0,0090143136974374;0,0818640038948765;0,91576128448772;0,5028689920167889;0,1434125519581574;0,1357178981372998;0,9177377892030848;0,919672131147541;0,9125102527047612;0,9233528607189864;0,9042946138155356;0,8904428904428905
CICIDS;FGSM;gaussian;4;20;19,44148319982924;2,3261051003355533;37,80910877891744;0,9655202508772174;0,9646404033102138;0,9655202508772174;0,963865041925263;0,880683366841972;0,0085653871488167;0,1619704248346821;0,813404047392674;0,6289073130058016;0,7149940960274372;0,6812339331619537;0,2584699453551912;0,0640940514783423;0,1120028903971715;0,3673300622967087;0,951048951048951;0,587429163088043;0,770144968382214;0,587429163088043;0,6603579803789202;0,1317407969371271;0,294698003875784;0,3567460270851196;0,5701165408944313;0,1507172414677462;0,1158075655732547;0,0205655526992287;0,221311475409836;0,7904933015662227;0,1472296059253142;0,2198026352059099;0,0675990675990676
CICIDS;RANDOM_LINF;gaussian;4;20;19,44148319982924;1,643669799901545;48,01974011754415;0,9655202508772174;0,9646404033102138;0,9655202508772174;0,963865041925263;0,880683366841972;0,0085653871488167;0,1619704248346821;0,813404047392674;0,6289073130058016;0,7149940960274372;0,6812339331619537;0,2584699453551912;0,0640940514783423;0,1120028903971715;0,3673300622967087;0,951048951048951;0,4853228497017758;0,7272806578886598;0,4853228497017758;0,5785703033896449;0,0257632213194497;0,4255677641690453;0,5385428534514147;0,5114592717532565;0,1458916411343649;0,1210140049619065;0,5295629820051414;0,5726775956284152;0,557239386009452;0,524039330047227;0,5394453939026407;0,5571095571095571
CICIDS;RANDOM_L2;gaussian;4;20;19,44148319982924;1,5702104000374677;59,44488853537928;0,9655202508772174;0,9646404033102138;0,9655202508772174;0,963865041925263;0,880683366841972;0,0085653871488167;0,1619704248346821;0,813404047392674;0,6289073130058016;0,7149940960274372;0,6812339331619537;0,2584699453551912;0,0640940514783423;0,1120028903971715;0,3673300622967087;0,951048951048951;0,3710713655234245;0,7131826887371073;0,3710713655234245;0,4860331477623841;0,0081591415414836;0,558874208853207;0,434172353445542;0,5014526936017686;0,1437782120842987;0,0959625099405375;0,4704370179948586;0,4415300546448087;0,436901925555599;0,4367338511961599;0,4237830089861624;0,4149184149184149
CICIDS;FGSM;gaussian;8;5;41,39837420010008;3,207744299666956;11,08695609053637;0,9421165484150582;0,9330738688353324;0,9421165484150582;0,9323552065252064;0,7923892474597845;0,0054676238389354;0,3150260162792609;0,6843997246536936;0,4017083649303686;0,4499210882305315;1,0;1,0;0,2249736359020427;0,1320292136571266;0,7330613595016263;1,0;0,8312469875096945;0,7831093576591213;0,8312469875096945;0,7552782023103785;0,0313177716042908;0,0003221864767596;0,997686136788076;0,50052254566471;0,1433756703623331;0,1312816107497856;1,0;1,0;0,9984376830840136;0,9959482825363236;1,0;1,0
CICIDS;RANDOM_LINF;gaussian;8;5;41,39837420010008;2,9308263000566512;11,099253993347237;0,9421165484150582;0,9330738688353324;0,9421165484150582;0,9323552065252064;0,7923892474597845;0,0054676238389354;0,3150260162792609;0,6843997246536936;0,4017083649303686;0,4499210882305315;1,0;1,0;0,2249736359020427;0,1320292136571266;0,7330613595016263;1,0;0,8311240084815859;0,6907671174744993;0,8311240084815859;0,7544733336190603;0,0;0,0;1,0;0,5;0,1428571428571428;0,1296820976205873;1,0;1,0;1,0;1,0;1,0;1,0
CICIDS;RANDOM_L2;gaussian;8;5;41,39837420010008;2,816519900225103;11,099452346618378;0,9421165484150582;0,9330738688353324;0,9421165484150582;0,9323552065252064;0,7923892474597845;0,0054676238389354;0,3150260162792609;0,6843997246536936;0,4017083649303686;0,4499210882305315;1,0;1,0;0,2249736359020427;0,1320292136571266;0,7330613595016263;1,0;0,8311220249488744;0,6907668390714623;0,8311220249488744;0,7544723502871171;-0,0004472194880564;2,3865664945156702e-06;1,0;0,4999996760538171;0,1428570950041545;0,1296819286012948;1,0;1,0;1,0;1,0;1,0;1,0
CICIDS;FGSM;gaussian;8;10;35,78679769998416;3,182369600050152;12,139616900492122;0,9527978720661072;0,9505192348785568;0,9527978720661072;0,9486599960591114;0,8332836741277837;0,0066919324506219;0,2464557958162534;0,7271801787136968;0,473233960964316;0,544543583622246;1,0;0,759016393442623;0,221145959457876;0,1259387339028104;0,4539390264071889;1,0;0,831401703061186;0,7978662466314923;0,831401703061186;0,7553636527560877;0,0380378722928925;0,0001408074231764;0,9976626457910006;0,5005525302340577;0,143495543682576;0,1313115868099468;1,0;1,0;0,9984376830840136;0,9958966683011174;1,0;1,0
CICIDS;RANDOM_LINF;gaussian;8;10;35,78679769998416;2,982253199676052;12,163617646300418;0,9527978720661072;0,9505192348785568;0,9527978720661072;0,9486599960591114;0,8332836741277837;0,0066919324506219;0,2464557958162534;0,7271801787136968;0,473233960964316;0,544543583622246;1,0;0,759016393442623;0,221145959457876;0,1259387339028104;0,4539390264071889;1,0;0,831161695603103;0,742607261222054;0,831161695603103;0,7546121548312582;0,0144090621656282;2,8638797934188043e-05;0,9996006530497188;0,500081321328361;0,1429328127907891;0,1299131520054346;1,0;0,9994535519125683;0,9999218841542008;0,999199979354306;1,0;1,0
CICIDS;RANDOM_L2;gaussian;8;10;35,78679769998416;2,835273299831897;12,169568244434704;0,9527978720661072;0,9505192348785568;0,9527978720661072;0,9486599960591114;0,8332836741277837;0,0066919324506219;0,2464557958162534;0,7271801787136968;0,473233960964316;0,544543583622246;1,0;0,759016393442623;0,221145959457876;0,1259387339028104;0,4539390264071889;1,0;0,8311021896217602;0,7185162653731187;0,8311021896217602;0,7545509048884249;0,0081584285514358;7,875669431901712e-05;0,9996711260409448;0,5000524339521025;0,1428851763022618;0,1298424144077608;1,0;1,0;0,999882826231301;0,9994322434127332;0,9998346105077456;1,0
CICIDS;FGSM;gaussian;8;15;33,04517830000259;2,5462689003907144;14,049560548327776;0,9673867551586728;0,9664271215672446;0,9673867551586728;0,9635816427064;0,8869676564711143;0,0035941691407405;0,1753368021705681;0,739008046533287;0,4930604358933689;0,5351034521237644;1,0;0,9743169398907104;0,0522595008397453;0,1156675010968025;0,3594464964992557;0,9696969696969696;0,8268911496753949;0,7449748368030732;0,8268911496753949;0,7539374907380347;0,0179238443592883;0,0055654730652105;0,9852241628395916;0,5007239381656344;0,1432327841962238;0,1314818460731789;0,9948586118251928;0,4382513661202186;0,9983205093153146;0,9953547188314538;0,9997243508462428;1,0
CICIDS;RANDOM_LINF;gaussian;8;15;33,04517830000259;2,52840289962478;13,671697566800422;0,9673867551586728;0,9664271215672446;0,9673867551586728;0,9635816427064;0,8869676564711143;0,0035941691407405;0,1753368021705681;0,739008046533287;0,4930604358933689;0,5351034521237644;1,0;0,9743169398907104;0,0522595008397453;0,1156675010968025;0,3594464964992557;0,9696969696969696;0,8306697794906684;0,7405425296831057;0,8306697794906684;0,757703492790891;0,0584115323053713;0,0026514753754069;0,9857292192767122;0,5022571639807945;0,1442270425478171;0,13593422145503;1,0;0,9950819672131148;0,990352693043784;0,9762832589228108;0,9978499366006948;0,9976689976689976
CICIDS;RANDOM_L2;gaussian;8;15;33,04517830000259;2,4818329999689013;14,095975213775237;0,9673867551586728;0,9664271215672446;0,9673867551586728;0,9635816427064;0,8869676564711143;0,0035941691407405;0,1753368021705681;0,739008046533287;0,4930604358933689;0,5351034521237644;1,0;0,9743169398907104;0,0522595008397453;0,1156675010968025;0,3594464964992557;0,9696969696969696;0,8264270030209203;0,7187248355774714;0,8264270030209203;0,7555335431544673;0,0327908120271936;0,007622693383483;0,9830395001115824;0,501648828258228;0,1435503811955729;0,1350962425262817;0,9974293059125964;0,9956284153005464;0,9874233488263094;0,9756896952179412;0,99068305860301;0,9953379953379954
CICIDS;FGSM;gaussian;8;20;28,95365500007756;2,609055000124499;40,342476757955446;0,9637410220350648;0,9647809327345872;0,9637410220350648;0,9628002616810766;0,8754342856901797;0,0128612068389449;0,1514112216493029;0,7922745335439291;0,5771846158966645;0,6427877425470926;1,0;0,346448087431694;0,199195406788267;0,1008026013574543;0,1352886046639836;0,951048951048951;0,5603162544555104;0,682195368163356;0,5603162544555104;0,6133085117149872;-0,0477588146552548;0,3269500634826687;0,7509719400039935;0,517660044113076;0,1414300705293233;0,1071623922077651;0,313624678663239;0,021311475409836;0,9234855290395656;0,9303465895894087;0,2064612161640663;0,7855477855477856
CICIDS;RANDOM_LINF;gaussian;8;20;28,95365500007756;2,5754489002283663;25,469750134384338;0,9637410220350648;0,9647809327345872;0,9637410220350648;0,9628002616810766;0,8754342856901797;0,0128612068389449;0,1514112216493029;0,7922745335439291;0,5771846158966645;0,6427877425470926;1,0;0,346448087431694;0,199195406788267;0,1008026013574543;0,1352886046639836;0,951048951048951;0,7090435206912215;0,7356266932361808;0,7090435206912215;0,7154248925053218;0,0619601723912894;0,1599524595954292;0,7651722477360552;0,5158326612955688;0,1488302704719593;0,152041987894399;0,8020565552699229;0,8180327868852459;0,7930711244776003;0,711708689256497;0,832350184684933;0,8298368298368298
CICIDS;RANDOM_L2;gaussian;8;20;28,95365500007756;2,709945699898526;34,22069975066994;0,9637410220350648;0,9647809327345872;0,9637410220350648;0,9628002616810766;0,8754342856901797;0,0128612068389449;0,1514112216493029;0,7922745335439291;0,5771846158966645;0,6427877425470926;1,0;0,346448087431694;0,199195406788267;0,1008026013574543;0,1352886046639836;0,951048951048951;0,6215340245283655;0,7194676885395435;0,6215340245283655;0,6634849689880842;0,0281710896388683;0,2612335684896852;0,6988219264966702;0,5085680886379309;0,1451560139920694;0,1343143722478937;0,7377892030848329;0,7327868852459016;0,7105417333906183;0,6725076776174869;0,7342742157781575;0,696969696969697
CICIDS;FGSM;gaussian;10;5;49,99853209988214;3,111411200137809;9,7651298916396;0,9290549855102936;0,9291900030646344;0,9290549855102936;0,9074060002478608;0,7415553129296346;0,0005202714958044;0,4169534525892951;0,6483506353295493;0,3543459255115159;0,3796282979538254;1,0;1,0;0,3655431004179197;0,1391261709979612;0,997905066431446;1,0;0,8314036865938975;0,7976750111980141;0,8314036865938975;0,7553684751235333;0,0381716006169609;0,0001408074231764;0,997650900292463;0,5005580520220598;0,1435054067387813;0,1313304919615201;1,0;1,0;0,9983205093153146;0,9959482825363236;1,0;1,0
CICIDS;RANDOM_LINF;gaussian;10;5;49,99853209988214;2,962955200113356;9,793097702870767;0,9290549855102936;0,9291900030646344;0,9290549855102936;0,9074060002478608;0,7415553129296346;0,0005202714958044;0,4169534525892951;0,6483506353295493;0,3543459255115159;0,3796282979538254;1,0;1,0;0,3655431004179197;0,1391261709979612;0,997905066431446;1,0;0,8311240084815859;0,6907671174744993;0,8311240084815859;0,7544733336190603;0,0;0,0;1,0;0,5;0,1428571428571428;0,1296820976205873;1,0;1,0;1,0;1,0;1,0;1,0
CICIDS;RANDOM_L2;gaussian;10;5;49,99853209988214;2,9162023002281785;9,793097702870767;0,9290549855102936;0,9291900030646344;0,9290549855102936;0,9074060002478608;0,7415553129296346;0,0005202714958044;0,4169534525892951;0,6483506353295493;0,3543459255115159;0,3796282979538254;1,0;1,0;0,3655431004179197;0,1391261709979612;0,997905066431446;1,0;0,8311240084815859;0,6907671174744993;0,8311240084815859;0,7544733336190603;0,0;0,0;1,0;0,5;0,1428571428571428;0,1296820976205873;1,0;1,0;1,0;1,0;1,0;1,0
CICIDS;FGSM;gaussian;10;10;44,61440400010906;2,811000100336969;11,26428391493819;0,9441536365096964;0,94095707387215;0,9441536365096964;0,934310475707705;0,8005617699218112;0,0027827365326052;0,316928787042366;0,6953718940137643;0,4285133034982685;0,491849033930623;1,0;0,8245901639344262;0,2479006366441432;0,1227902655552401;0,7471194663432383;0,9976689976689976;0,8315107973603146;0,8163119458350815;0,8315107973603146;0,755422440174452;0,0445902998291612;1,1932832472578353e-05;0,997650900292463;0,5005755451159355;0,1436482308000738;0,1313412175977001;1,0;1,0;0,9983205093153146;0,9959482825363236;1,0;1,0
CICIDS;RANDOM_LINF;gaussian;10;10;44,61440400010906;2,6381592000834644;11,276780171020196;0,9441536365096964;0,94095707387215;0,9441536365096964;0,934310475707705;0,8005617699218112;0,0027827365326052;0,316928787042366;0,6953718940137643;0,4285133034982685;0,491849033930623;1,0;0,8245901639344262;0,2479006366441432;0,1227902655552401;0,7471194663432383;0,9976689976689976;0,8313858347994946;0,7625561542094487;0,8313858347994946;0,7551229660562868;0,0364731607774118;9,54626597806268e-06;0,9983321392076486;0,5003676139799805;0,143318919078637;0,1307003988452571;1,0;1,0;0,999765652462602;0,9964902320059872;1,0;1,0
CICIDS;RANDOM_L2;gaussian;10;10;44,61440400010906;2,5261671002954245;11,299987503743925;0,9441536365096964;0,94095707387215;0,9441536365096964;0,934310475707705;0,8005617699218112;0,0027827365326052;0,316928787042366;0,6953718940137643;0,4285133034982685;0,491849033930623;1,0;0,8245901639344262;0,2479006366441432;0,1227902655552401;0,7471194663432383;0,9976689976689976;0,8311537614722573;0,7394335389860746;0,8311537614722573;0,7546073945397341;0,013509368135684;3,818506391225072e-05;0,9996123985482565;0,5000793400565957;0,1429276702697945;0,1299123177652858;1,0;1,0;0,9999609420771004;0,999199979354306;1,0;0,9976689976689976
CICIDS;FGSM;gaussian;10;15;39,13991590007208;1,9725989000871775;12,33658169873708;0,9486780746244676;0,9456475657025916;0,9486780746244676;0,9402885460768692;0,8178590627858385;0,0034151766536519;0,2870482387624943;0,7127394524667322;0,4576492579447178;0,5286044398209978;1,0;0,7480874316939891;0,1882982462992618;0,1149965160391235;0,7163018909531947;0,958041958041958;0,8253122576370968;0,7360002987079123;0,8253122576370968;0,7556497594514433;0,0564035141141793;0,0076155336839995;0,95123269007153;0,5023976061248739;0,1438993707524851;0,1316719966398052;0,9948586118251928;0,9939890710382514;0,8469710580791313;0,994864383596996;0,9988422735542202;0,9976689976689976
CICIDS;RANDOM_LINF;gaussian;10;15;39,13991590007208;1,9467025001067668;11,726843743243586;0,9486780746244676;0,9456475657025916;0,9486780746244676;0,9402885460768692;0,8178590627858385;0,0034151766536519;0,2870482387624943;0,7127394524667322;0,4576492579447178;0,5286044398209978;1,0;0,7480874316939891;0,1882982462992618;0,1149965160391235;0,7163018909531947;0,958041958041958;0,8314096371920318;0,7454927641984455;0,8314096371920318;0,7599531948612045;0,0811903604204749;0,0030571916794745;0,9792339585853722;0,503690880627322;0,1454376999671867;0,1397383789843181;0,9948586118251928;0,9978142076502732;0,9898449400460884;0,962295801181966;0,9977948067699433;0,9976689976689976
CICIDS;RANDOM_L2;gaussian;10;15;39,13991590007208;1,8812398000154644;12,143980672457255;0,9486780746244676;0,9456475657025916;0,9486780746244676;0,9402885460768692;0,8178590627858385;0,0034151766536519;0,2870482387624943;0,7127394524667322;0,4576492579447178;0,5286044398209978;1,0;0,7480874316939891;0,1882982462992618;0,1149965160391235;0,7163018909531947;0,958041958041958;0,8272382678998951;0,7158041158436382;0,8272382678998951;0,7560148316591272;0,0350935480050571;0,0068041010758641;0,9842962684551144;0,5019881083625582;0,1436106124411528;0,1358895189911761;0,9922879177377892;0,9939890710382514;0,9887903761277976;0,9756896952179412;0,9949280555708694;0,9953379953379954
CICIDS;FGSM;gaussian;10;20;32,75562409986742;2,4011990996077657;18,747359422077903;0,9556144885163372;0,9516492038181738;0,9556144885163372;0,9508026747137612;0,8440265370770715;0,0070499174247992;0,2281210725989264;0,7642870569575054;0,5456062202305877;0,6117696850541573;1,0;0,2704918032786885;0,1096355895793461;0,1112028697514774;0,6069794365731297;0,9603729603729604;0,7681408942955583;0,7244752344826778;0,7681408942955583;0,7382092732461167;0,0334233775540963;0,0872791232709325;0,8963812119005391;0,5090064708383741;0,1501649980475182;0,1593409686362925;0,9665809768637532;0,9950819672131148;0,8522438776705855;0,8924101267129474;0,9703401510557362;0,2773892773892774
CICIDS;RANDOM_LINF;gaussian;10;20;32,75562409986742;2,4474471998400986;18,72097843701589;0,9556144885163372;0,9516492038181738;0,9556144885163372;0,9508026747137612;0,8440265370770715;0,0070499174247992;0,2281210725989264;0,7642870569575054;0,5456062202305877;0,6117696850541573;1,0;0,2704918032786885;0,1096355895793461;0,1112028697514774;0,6069794365731297;0,9603729603729604;0,7684047041461785;0,7386233215303402;0,7684047041461785;0,7452272080041233;0,0822226686187262;0,0899902628087023;0,8362912413817405;0,5140323436360623;0,1503823825488244;0,161555637143397;0,9203084832904884;0,9306010928961748;0,859547709252822;0,7717102376835531;0,9282760901924032;0,9137529137529138
CICIDS;RANDOM_L2;gaussian;10;20;32,75562409986742;2,3395858004223555;26,587867523817263;0,9556144885163372;0,9516492038181738;0,9556144885163372;0,9508026747137612;0,8440265370770715;0,0070499174247992;0,2281210725989264;0,7642870569575054;0,5456062202305877;0,6117696850541573;1,0;0,2704918032786885;0,1096355895793461;0,1112028697514774;0,6069794365731297;0,9603729603729604;0,6897358132781647;0,7170939666126911;0,6897358132781647;0,6991832572254478;0,025714694481614;0,17948650635304;0,7974488777176147;0,50587258855254;0,1450668066770923;0,1415053487043628;0,8431876606683805;0,826775956284153;0,7999843768308401;0,7685875764535859;0,8502122498483929;0,8554778554778555
CICIDS;FGSM;gaussian;16;5;76,95032099983655;5,335146399913356;11,655039859089833;0,9480671465493472;0,9424619957720723;0,9480671465493472;0,9405571143146864;0,8153488470867201;0,0034462020180806;0,2903134873559708;0,6949445916465357;0,422023059270752;0,471660219446364;1,0;1,0;0,2452446978869663;0,1255000129035588;0,6024036606207619;1,0;0,831516747958449;0,818682812625525;0,831516747958449;0,7554178933361148;0,0450697564653072;0,0;0,9976743912895384;0,500569907215216;0,1436552708972149;0,1313196840417374;1,0;1,0;0,998398625161114;0,9959482825363236;1,0;1,0
CICIDS;RANDOM_LINF;gaussian;16;5;76,95032099983655;5,265255599981174;11,694313806776147;0,9480671465493472;0,9424619957720723;0,9480671465493472;0,9405571143146864;0,8153488470867201;0,0034462020180806;0,2903134873559708;0,6949445916465357;0,422023059270752;0,471660219446364;1,0;1,0;0,2452446978869663;0,1255000129035588;0,6024036606207619;1,0;0,8311240084815859;0,6907671174744993;0,8311240084815859;0,7544733336190603;0,0;0,0;1,0;0,5;0,1428571428571428;0,1296820976205873;1,0;1,0;1,0;1,0;1,0;1,0
CICIDS;RANDOM_L2;gaussian;16;5;76,95032099983655;5,333008199930191;11,694313806776147;0,9480671465493472;0,9424619957720723;0,9480671465493472;0,9405571143146864;0,8153488470867201;0,0034462020180806;0,2903134873559708;0,6949445916465357;0,422023059270752;0,471660219446364;1,0;1,0;0,2452446978869663;0,1255000129035588;0,6024036606207619;1,0;0,8311240084815859;0,6907671174744993;0,8311240084815859;0,7544733336190603;0,0;0,0;1,0;0,5;0,1428571428571428;0,1296820976205873;1,0;1,0;1,0;1,0;1,0;1,0
CICIDS;FGSM;gaussian;16;10;71,71979670017026;1,943738700123504;12,404815224010267;0,9555649001985516;0,9538725823099528;0,9555649001985516;0,9512238415106812;0,843601990041123;0,0051311179632086;0,2377523813998285;0,7356247773781069;0,4920423483636945;0,567446571340659;1,0;0,6934426229508197;0,1861110026168808;0,1126222612196443;0,4984839296543359;0,9627039627039627;0,831516747958449;0,818682812625525;0,831516747958449;0,7554178933361148;0,0450697564653072;0,0;0,9976743912895384;0,500569907215216;0,1436552708972149;0,1313196840417374;1,0;1,0;0,998398625161114;0,9959482825363236;1,0;1,0
CICIDS;RANDOM_LINF;gaussian;16;10;71,71979670017026;1,8890660002361983;12,4436924651543;0,9555649001985516;0,9538725823099528;0,9555649001985516;0,9512238415106812;0,843601990041123;0,0051311179632086;0,2377523813998285;0,7356247773781069;0,4920423483636945;0,567446571340659;1,0;0,6934426229508197;0,1861110026168808;0,1126222612196443;0,4984839296543359;0,9627039627039627;0,8311279755470087;0,7676297668389072;0,8311279755470087;0,7544829018837562;0,0045150494945507;0,0;0,9999765090029248;0,5000053646594487;0,1428644206151684;0,1296971247361081;1,0;1,0;1,0;0,999948385764794;1,0;1,0
CICIDS;RANDOM_L2;gaussian;16;10;71,71979670017026;1,8408303998876363;12,444089171696582;0,9555649001985516;0,9538725823099528;0,9555649001985516;0,9512238415106812;0,843601990041123;0,0051311179632086;0,2377523813998285;0,7356247773781069;0,4920423483636945;0,567446571340659;1,0;0,6934426229508197;0,1861110026168808;0,1126222612196443;0,4984839296543359;0,9627039627039627;0,8311240084815859;0,6907671174744993;0,8311240084815859;0,7544733336190603;0,0;0,0;1,0;0,5;0,1428571428571428;0,1296820976205873;1,0;1,0;1,0;1,0;1,0;1,0
CICIDS;FGSM;gaussian;16;15;66,47067000018433;1,7191929996479305;12,944732828061433;0,9602480209302372;0,9589022941665396;0,9602480209302372;0,957155031547354;0,8616046614790455;0,0101715463996257;0,1852265119392992;0,7390781763540607;0,4819633174719798;0,5393340146918683;1,0;0,9169398907103824;0,086318009608249;0,1111512555162713;0,3734494735101163;0,9603729603729604;0,8308006926496229;0,764946764661995;0,8308006926496229;0,7550691182462695;0,0202849078787275;0,0008687102040037;0,9976274092953876;0,5004626162530388;0,1432462525284571;0,1312774725571012;1,0;1,0;0,9983205093153146;0,9959224754187204;1,0;0,9976689976689976
CICIDS;RANDOM_LINF;gaussian;16;15;66,47067000018433;1,583562899613753;12,87828448222854;0,9602480209302372;0,9589022941665396;0,9602480209302372;0,957155031547354;0,8616046614790455;0,0101715463996257;0,1852265119392992;0,7390781763540607;0,4819633174719798;0,5393340146918683;1,0;0,9169398907103824;0,086318009608249;0,1111512555162713;0,3734494735101163;0,9603729603729604;0,8314651761079518;0,7645105332837787;0,8314651761079518;0,7556018017059234;0,0428659503667551;0,000157513388638;0,9962884224620914;0,5006714327171526;0,1434087452495598;0,1314570446614027;1,0;1,0;0,9970706557825256;0,9938579060104776;0,9998346105077456;1,0
CICIDS;RANDOM_L2;gaussian;16;15;66,47067000018433;1,6220421998295933;12,93005468599686;0,9602480209302372;0,9589022941665396;0,9602480209302372;0,957155031547354;0,8616046614790455;0,0101715463996257;0,1852265119392992;0,7390781763540607;0,4819633174719798;0,5393340146918683;1,0;0,9169398907103824;0,086318009608249;0,1111512555162713;0,3734494735101163;0,9603729603729604;0,8309474740702686;0,7241536401210266;0,8309474740702686;0,7549900642983016;0,0212692059868914;0,0005656162592002;0,9975686818026992;0,5003616367584296;0,1430361448618496;0,1307541083776458;0,9974293059125964;1,0;0,997929930086318;0,996206353712354;0,9996692210154916;1,0
CICIDS;FGSM;gaussian;16;20;50,03233480011113;2,422207299852744;16,775132847103347;0,9644769126710052;0,9633795795308092;0,9644769126710052;0,9628548500577776;0,8771092022108351;0,0098660658883277;0,1617942423566168;0,7802226000816544;0,5610262323472128;0,629431042054479;1,0;0,4262295081967213;0,0847166347693629;0,1060156391132674;0,326368598048404;0,9533799533799534;0,7967255841999719;0,6976070480960067;0,7967255841999719;0,7394817302565841;-0,0173239557554606;0,0419797046385306;0,9747354326454386;0,4970318823757796;0,14251208921638;0,1288176204545647;0,9820051413881749;0,5693989071038251;0,9773464047181972;0,9840253942037214;0,9915651358950328;0,9906759906759908
CICIDS;RANDOM_LINF;gaussian;16;20;50,03233480011113;2,244461099850014;13,60544757423867;0,9644769126710052;0,9633795795308092;0,9644769126710052;0,9628548500577776;0,8771092022108351;0,0098660658883277;0,1617942423566168;0,7802226000816544;0,5610262323472128;0,629431042054479;1,0;0,4262295081967213;0,0847166347693629;0,1060156391132674;0,326368598048404;0,9533799533799534;0,8284224369286186;0,7383649199557449;0,8284224369286186;0,7632849392246647;0,1025462379121019;0,0095391062785791;0,9473096935599432;0,507610091794746;0,1467106801595682;0,1475960051180554;0,9897172236503856;0,9868852459016394;0,9486778893098464;0,9232754393661772;0,9909587077567672;0,9836829836829836
CICIDS;RANDOM_L2;gaussian;16;20;50,03233480011113;2,3841349999420345;15,547326098728352;0,9644769126710052;0,9633795795308092;0,9644769126710052;0,9628548500577776;0,8771092022108351;0,0098660658883277;0,1617942423566168;0,7802226000816544;0,5610262323472128;0,629431042054479;1,0;0,4262295081967213;0,0847166347693629;0,1060156391132674;0,326368598048404;0,9533799533799534;0,8090036516837218;0,7155771571047259;0,8090036516837218;0,7509476274928854;0,0335931533882079;0,0309537674338682;0,9496000657747918;0,503546987977537;0,143908097345724;0,1399534989140331;0,9665809768637532;0,9710382513661202;0,9437175331015896;0,9435340266845595;0,968079827994928;0,9603729603729604
CICIDS;FGSM;gaussian;32;5;162,31885729986243;5,720884100301191;10,393314701349398;0,9354538620373658;0,9289742110864724;0,9354538620373658;0,9210659947071028;0,7666888972439848;0,0017946980038757;0,3733776530144822;0,6645774669724146;0,3772960010851257;0,4206443366800417;1,0;1,0;0,3487872514939655;0,1265839118428862;0,8438171894812283;1,0;0,8315207150238718;0,8186855551084868;0,8315207150238718;0,7554274367447925;0,0453021658838302;0,0;0,997650900292463;0,5005771648468499;0,1436663349698057;0,1313422108824645;1,0;1,0;0,9983205093153146;0,9959482825363236;1,0;1,0
CICIDS;RANDOM_LINF;gaussian;32;5;162,31885729986243;5,681331900181249;10,432985355577994;0,9354538620373658;0,9289742110864724;0,9354538620373658;0,9210659947071028;0,7666888972439848;0,0017946980038757;0,3733776530144822;0,6645774669724146;0,3772960010851257;0,4206443366800417;1,0;1,0;0,3487872514939655;0,1265839118428862;0,8438171894812283;1,0;0,8311240084815859;0,6907671174744993;0,8311240084815859;0,7544733336190603;0,0;0,0;1,0;0,5;0,1428571428571428;0,1296820976205873;1,0;1,0;1,0;1,0;1,0;1,0
CICIDS;RANDOM_L2;gaussian;32;5;162,31885729986243;5,752977300435305;10,432985355577994;0,9354538620373658;0,9289742110864724;0,9354538620373658;0,9210659947071028;0,7666888972439848;0,0017946980038757;0,3733776530144822;0,6645774669724146;0,3772960010851257;0,4206443366800417;1,0;1,0;0,3487872514939655;0,1265839118428862;0,8438171894812283;1,0;0,8311240084815859;0,6907671174744993;0,8311240084815859;0,7544733336190603;0,0;0,0;1,0;0,5;0,1428571428571428;0,1296820976205873;1,0;1,0;1,0;1,0;1,0;1,0
CICIDS;FGSM;gaussian;32;10;146,8207626999356;3,3318835000973195;12,56964679233008;0,9572171829471726;0,9561718016540016;0,9572171829471726;0,9543867763314788;0,850027554947049;0,0080379559535287;0,2137798188844125;0,7672142333450874;0,5462538416113557;0,62013260663978;0,9897172236503856;0,3557377049180328;0,1664648673983517;0,1170094712121603;0,4386129334582943;0,9627039627039627;0,8315207150238718;0,8186855551084868;0,8315207150238718;0,7554274367447925;0,0453021658838302;0,0;0,997650900292463;0,5005771648468499;0,1436663349698057;0,1313422108824645;1,0;1,0;0,9983205093153146;0,9959482825363236;1,0;1,0
CICIDS;RANDOM_LINF;gaussian;32;10;146,8207626999356;3,2889060999732465;12,609317446558675;0,9572171829471726;0,9561718016540016;0,9572171829471726;0,9543867763314788;0,850027554947049;0,0080379559535287;0,2137798188844125;0,7672142333450874;0,5462538416113557;0,62013260663978;0,9897172236503856;0,3557377049180328;0,1664648673983517;0,1170094712121603;0,4386129334582943;0,9627039627039627;0,8311240084815859;0,6907671174744993;0,8311240084815859;0,7544733336190603;0,0;0,0;1,0;0,5;0,1428571428571428;0,1296820976205873;1,0;1,0;1,0;1,0;1,0;1,0
CICIDS;RANDOM_L2;gaussian;32;10;146,8207626999356;3,24814989999868;12,609317446558675;0,9572171829471726;0,9561718016540016;0,9572171829471726;0,9543867763314788;0,850027554947049;0,0080379559535287;0,2137798188844125;0,7672142333450874;0,5462538416113557;0,62013260663978;0,9897172236503856;0,3557377049180328;0,1664648673983517;0,1170094712121603;0,4386129334582943;0,9627039627039627;0,8311240084815859;0,6907671174744993;0,8311240084815859;0,7544733336190603;0,0;0,0;1,0;0,5;0,1428571428571428;0,1296820976205873;1,0;1,0;1,0;1,0;1,0;1,0
CICIDS;FGSM;gaussian;32;15;131,60308320005424;3,582702400162816;13,138325620696978;0,9628543829130558;0,9614768083989764;0,9628543829130558;0,9608333952731494;0,8712224674539126;0,0100498315084054;0,1704976567730417;0,7989962336568599;0,6005368707470174;0,6891384835051166;0,7223650385604113;0,3568306010928961;0,0524157325313439;0,1049317401739399;0,4279177462925189;0,9603729603729604;0,831471126706086;0,7738455990654126;0,831471126706086;0,7555612400942462;0,0438334639458912;5,966416236289176e-05;0,9953252915820012;0,5007047926249512;0,1433721488181213;0,1313592463820104;0,6940874035989717;0,9568306010928962;0,9983205093153146;0,9959482825363236;1,0;1,0
CICIDS;RANDOM_LINF;gaussian;32;15;131,60308320005424;3,443764600204304;13,15558235528641;0,9628543829130558;0,9614768083989764;0,9628543829130558;0,9608333952731494;0,8712224674539126;0,0100498315084054;0,1704976567730417;0,7989962336568599;0,6005368707470174;0,6891384835051166;0,7223650385604113;0,3568306010928961;0,0524157325313439;0,1049317401739399;0,4279177462925189;0,9603729603729604;0,8312985593601917;0,7588086825385616;0,8312985593601917;0,7549121653104294;0,0297147200879742;7,159699483547011e-06;0,9988254501462316;0,5002492895496694;0,1431511748898862;0,1303648458766257;1,0;1,0;0,999648478693903;0,997651552298124;1,0;1,0
CICIDS;RANDOM_L2;gaussian;32;15;131,60308320005424;3,1800323999486864;13,168673671181852;0,9628543829130558;0,9614768083989764;0,9628543829130558;0,9608333952731494;0,8712224674539126;0,0100498315084054;0,1704976567730417;0,7989962336568599;0,6005368707470174;0,6891384835051166;0,7223650385604113;0,3568306010928961;0,0524157325313439;0,1049317401739399;0,4279177462925189;0,9603729603729604;0,8311676462012373;0,746533821393433;0,8311676462012373;0,7546083473406646;0,0150128949531803;1,670596546160969e-05;0,9996123985482565;0,5000782618868604;0,1429338761710326;0,1298991602359035;1,0;1,0;0,9998437683084014;0,999251593589512;1,0;1,0
CICIDS;FGSM;gaussian;32;20;88,77302800002508;3,298072099685669;13,783568811725068;0,9669662462238496;0,9676777143116084;0,9669662462238496;0,9662481801491172;0,8865797682684826;0,0113218714499823;0,1398888875838335;0,8135863929773626;0,6214008925730473;0,7080657612551514;0,7095115681233933;0,3584699453551913;0,11033863219154;0,0966476554233657;0,2204641931749269;0,9533799533799534;0,829130558106599;0,7334238819901755;0,829130558106599;0,7544674923203968;0,0121929660364255;0,0029617290196939;0,995783366024971;0,5003659853616459;0,1431181583757386;0,131399564648907;1,0;0,9983606557377048;0,998281451392415;0,994967612067408;0,9936600694635868;0,9953379953379954
CICIDS;RANDOM_LINF;gaussian;32;20;88,77302800002508;2,970660300226882;13,362663170359678;0,9669662462238496;0,9676777143116084;0,9669662462238496;0,9662481801491172;0,8865797682684826;0,0113218714499823;0,1398888875838335;0,8135863929773626;0,6214008925730473;0,7080657612551514;0,7095115681233933;0,3584699453551913;0,11033863219154;0,0966476554233657;0,2204641931749269;0,9533799533799534;0,8333396145202528;0,759452136703129;0,8333396145202528;0,7612134340329357;0,1082885081257676;0,0008710967704982;0,978564465168724;0,5041219834275721;0,1469021929480101;0,1404075056809088;0,9974293059125964;0,9994535519125683;0,9911338515017772;0,9591473328343956;0,9992833122002316;1,0
CICIDS;RANDOM_L2;gaussian;32;20;88,77302800002508;3,225908200023696;13,865092006164826;0,9669662462238496;0,9676777143116084;0,9669662462238496;0,9662481801491172;0,8865797682684826;0,0113218714499823;0,1398888875838335;0,8135863929773626;0,6214008925730473;0,7080657612551514;0,7095115681233933;0,3584699453551913;0,11033863219154;0,0966476554233657;0,2204641931749269;0,9533799533799534;0,8283153261622014;0,7204870648171565;0,8283153261622014;0,7556515210095641;0,0312809485172543;0,004882915047779;0,9882897379579276;0,5013089480856807;0,1435080275900104;0,1339775914112493;0,9974293059125964;0,996174863387978;0,9914463148849744;0,9820382461482876;0,9961409118474006;0,9906759906759908
CICIDS;C&W;gaussian;1;5;3,4703212999738757;4,907321200240403;0,0;0,9284361233043276;0,9320524869435324;0,9284361233043276;0,90845254701428;0,7390033498352303;0,0008639370710146;0,4187857503611741;0,671832708910341;0,4006972140890102;0,4500074996088297;1,0;0,6978142076502732;0,2299339921102995;0,2476967147539291;0,9964716908319092;1,0;0,9284361233043276;0,9320524869435324;0,9284361233043276;0,90845254701428;0,7390033498352303;0,0008639370710146;0,4187857503611741;0,671832708910341;0,4006972140890102;0,4500074996088297;1,0;0,6978142076502732;0,2299339921102995;0,2476967147539291;0,9964716908319092;1,0
CICIDS;C&W;gaussian;1;10;2,932355700060725;2,915259500034153;0,0;0,9482535986242218;0,9454174261697468;0,9482535986242218;0,9433908138090528;0,8161619864350432;0,0072122039464263;0,2708746872761014;0,7247076882690663;0,4714713118669755;0,5465675434163441;1,0;0,6978142076502732;0,1557629965238448;0,1937082247283801;0,5222448867081978;1,0;0,9482535986242218;0,9454174261697468;0,9482535986242218;0,9433908138090528;0,8161619864350432;0,0072122039464263;0,2708746872761014;0,7247076882690663;0,4714713118669755;0,5465675434163441;1,0;0,6978142076502732;0,1557629965238448;0,1937082247283801;0,5222448867081978;1,0
CICIDS;C&W;gaussian;1;15;2,7161126998253167;2,5321340998634696;0,0;0,9527522508137444;0,9492097594977216;0,9527522508137444;0,9482920374043948;0,8334925461195178;0,009376819756952;0,2329837089935282;0,7330071325815214;0,4798190825132593;0,5520675997147109;1,0;0,6978142076502732;0,1540835058391594;0,1115641693979199;0,5222448867081978;1,0;0,9527522508137444;0,9492097594977216;0,9527522508137444;0,9482920374043948;0,8334925461195178;0,009376819756952;0,2329837089935282;0,7330071325815214;0,4798190825132593;0,5520675997147109;1,0;0,6978142076502732;0,1540835058391594;0,1115641693979199;0,5222448867081978;1,0
CICIDS;C&W;gaussian;1;20;2,5560018999967724;2,0968460000585765;0,0;0,9632768753805904;0,9643355550031124;0,9632768753805904;0,9620816639150968;0,8748431006479161;0,0160019283457275;0,1370699679347889;0,7733044475348034;0,5316749915015352;0,597832428457375;1,0;0,6961748633879782;0,1495918447056985;0,1068156597589615;0,0896411048018082;0,9603729603729604;0,9632768753805904;0,9643355550031124;0,9632768753805904;0,9620816639150968;0,8748431006479161;0,0160019283457275;0,1370699679347889;0,7733044475348034;0,5316749915015352;0,597832428457375;1,0;0,6961748633879782;0,1495918447056985;0,1068156597589615;0,0896411048018082;0,9603729603729604
CICIDS;C&W;gaussian;2;5;8,020333499880508;4,273852700134739;0,0;0,9245702180497508;0,9240408501026864;0,9245702180497508;0,9027701534336464;0,7224372787784898;0,0019331188605576;0,4295681180187693;0,6438664428105351;0,3425057437872507;0,3729544914763685;1,0;1,0;0,3703862828574776;0,164133267955302;0,9968575996471692;1,0;0,9245702180497508;0,9240408501026864;0,9245702180497508;0,9027701534336464;0,7224372787784898;0,0019331188605576;0,4295681180187693;0,6438664428105351;0,3425057437872507;0,3729544914763685;1,0;1,0;0,3703862828574776;0,164133267955302;0,9968575996471692;1,0
CICIDS;C&W;gaussian;2;10;7,322864499874413;2,53639980009757;0,0;0,9545612326465682;0,9498611518640628;0,9545612326465682;0,9514696123998232;0,8421330851243432;0,0143695168634788;0,1895606008997052;0,731385411186217;0,4567785678741693;0,5032092876377879;0,7223650385604113;1,0;0,0608131859547709;0,1775013548736741;0,2846904460003308;1,0;0,9545612326465682;0,9498611518640628;0,9545612326465682;0,9514696123998232;0,8421330851243432;0,0143695168634788;0,1895606008997052;0,731385411186217;0,4567785678741693;0,5032092876377879;0,7223650385604113;1,0;0,0608131859547709;0,1775013548736741;0,2846904460003308;1,0
CICIDS;C&W;gaussian;2;15;6,412190499948338;2,005101300077513;0,0;0,9595934551354652;0,9569467682898876;0,9595934551354652;0,957609326709382;0,8622514540583607;0,0175388771681956;0,1438823570866465;0,7686158409449878;0,5173215076035278;0,5826970745163769;0,403598971722365;1,0;0,0593680428074835;0,1392293994683733;0,1609239759633938;1,0;0,9595934551354652;0,9569467682898876;0,9595934551354652;0,957609326709382;0,8622514540583607;0,0175388771681956;0,1438823570866465;0,7686158409449878;0,5173215076035278;0,5826970745163769;0,403598971722365;1,0;0,0593680428074835;0,1392293994683733;0,1609239759633938;1,0
CICIDS;C&W;gaussian;2;20;7,020006699953228;1,6878905000630766;0,0;0,9629238065579558;0,9603838646920846;0,9629238065579558;0,9608903259474698;0,874518067976724;0,0173527249816234;0,1257473073444602;0,7532775242878657;0,4853162959132963;0,521265398332458;0,7223650385604113;1,0;0,0574151466625004;0,1328808485380267;0,0852858481724461;1,0;0,9629238065579558;0,9603838646920846;0,9629238065579558;0,9608903259474698;0,874518067976724;0,0173527249816234;0,1257473073444602;0,7532775242878657;0,4853162959132963;0,521265398332458;0,7223650385604113;1,0;0,0574151466625004;0,1328808485380267;0,0852858481724461;1,0
CICIDS;C&W;gaussian;4;5;21,923141800099984;6,458508800016716;0,0;0,9383637045250331;0,9327143752561636;0,9383637045250331;0,9322116105789964;0,7781592107901824;0,0103433791872309;0,3125946980819601;0,6906897903956609;0,4039483021258486;0,4643093085220141;1,0;1,0;0,3359371948599773;0,1671268935972541;0,4900490655493688;1,0;0,9383637045250331;0,9327143752561636;0,9383637045250331;0,9322116105789964;0,7781592107901824;0,0103433791872309;0,3125946980819601;0,6906897903956609;0,4039483021258486;0,4643093085220141;1,0;1,0;0,3359371948599773;0,1671268935972541;0,4900490655493688;1,0
CICIDS;C&W;gaussian;4;10;17,80420619994402;3,358265100279823;0,0;0,9608450642763776;0,9592682428356992;0,9608450642763776;0,957833002196731;0,8632229424576003;0,0053268164157589;0,2055932064036458;0,7755538908655678;0,566970567723225;0,63250492627184;1,0;0,2666666666666666;0,1365074405343123;0,1217321737335157;0,441204035503611;0,9603729603729604;0,9608450642763776;0,9592682428356992;0,9608450642763776;0,957833002196731;0,8632229424576003;0,0053268164157589;0,2055932064036458;0,7755538908655678;0,566970567723225;0,63250492627184;1,0;0,2666666666666666;0,1365074405343123;0,1217321737335157;0,441204035503611;0,9603729603729604
CICIDS;C&W;gaussian;4;15;16,92382899997756;2,7690447999630123;0,0;0,963514899305962;0,9618777183602129;0,963514899305962;0,9611916507734748;0,8731145279524068;0,0068017145093696;0,1825250472756316;0,783984603146559;0,5745258162298238;0,6403879351631794;1,0;0,2666666666666666;0,104362769987892;0,116054607860848;0,3906499807045592;0,951048951048951;0,963514899305962;0,9618777183602129;0,963514899305962;0,9611916507734748;0,8731145279524068;0,0068017145093696;0,1825250472756316;0,783984603146559;0,5745258162298238;0,6403879351631794;1,0;0,2666666666666666;0,104362769987892;0,116054607860848;0,3906499807045592;0,951048951048951
CICIDS;C&W;gaussian;4;20;15,504347699927166;2,2572478000074625;0,0;0,9655202508772174;0,9646404033102138;0,9655202508772174;0,963865041925263;0,880683366841972;0,0085653871488167;0,1619704248346821;0,813404047392674;0,6289073130058016;0,7149940960274372;0,6812339331619537;0,2584699453551912;0,0640940514783423;0,1120028903971715;0,3673300622967087;0,951048951048951;0,9655202508772174;0,9646404033102138;0,9655202508772174;0,963865041925263;0,880683366841972;0,0085653871488167;0,1619704248346821;0,813404047392674;0,6289073130058016;0,7149940960274372;0,6812339331619537;0,2584699453551912;0,0640940514783423;0,1120028903971715;0,3673300622967087;0,951048951048951
CICIDS;C&W;gaussian;8;5;40,11015240009874;7,459091000026092;0,0;0,9421165484150582;0,9330738688353324;0,9421165484150582;0,9323552065252064;0,7923892474597845;0,0054676238389354;0,3150260162792609;0,6843997246536936;0,4017083649303686;0,4499210882305315;1,0;1,0;0,2249736359020427;0,1320292136571266;0,7330613595016263;1,0;0,9421165484150582;0,9330738688353324;0,9421165484150582;0,9323552065252064;0,7923892474597845;0,0054676238389354;0,3150260162792609;0,6843997246536936;0,4017083649303686;0,4499210882305315;1,0;1,0;0,2249736359020427;0,1320292136571266;0,7330613595016263;1,0
CICIDS;C&W;gaussian;8;10;35,92023990000598;7,206623799866065;0,0;0,9527978720661072;0,9505192348785568;0,9527978720661072;0,9486599960591114;0,8332836741277837;0,0066919324506219;0,2464557958162534;0,7271801787136968;0,473233960964316;0,544543583622246;1,0;0,759016393442623;0,221145959457876;0,1259387339028104;0,4539390264071889;1,0;0,9527978720661072;0,9505192348785568;0,9527978720661072;0,9486599960591114;0,8332836741277837;0,0066919324506219;0,2464557958162534;0,7271801787136968;0,473233960964316;0,544543583622246;1,0;0,759016393442623;0,221145959457876;0,1259387339028104;0,4539390264071889;1,0
CICIDS;C&W;gaussian;8;15;32,50225279992446;8,176288300426677;0,0;0,9673867551586728;0,9664271215672446;0,9673867551586728;0,9635816427064;0,8869676564711143;0,0035941691407405;0,1753368021705681;0,739008046533287;0,4930604358933689;0,5351034521237644;1,0;0,9743169398907104;0,0522595008397453;0,1156675010968025;0,3594464964992557;0,9696969696969696;0,9673867551586728;0,9664271215672446;0,9673867551586728;0,9635816427064;0,8869676564711143;0,0035941691407405;0,1753368021705681;0,739008046533287;0,4930604358933689;0,5351034521237644;1,0;0,9743169398907104;0,0522595008397453;0,1156675010968025;0,3594464964992557;0,9696969696969696
CICIDS;C&W;gaussian;8;20;28,73834950011224;3,722905500559136;0,0;0,9637410220350648;0,9647809327345872;0,9637410220350648;0,9628002616810766;0,8754342856901797;0,0128612068389449;0,1514112216493029;0,7922745335439291;0,5771846158966645;0,6427877425470926;1,0;0,346448087431694;0,199195406788267;0,1008026013574543;0,1352886046639836;0,951048951048951;0,9637410220350648;0,9647809327345872;0,9637410220350648;0,9628002616810766;0,8754342856901797;0,0128612068389449;0,1514112216493029;0,7922745335439291;0,5771846158966645;0,6427877425470926;1,0;0,346448087431694;0,199195406788267;0,1008026013574543;0,1352886046639836;0,951048951048951
CICIDS;C&W;gaussian;10;5;48,14082060009241;10,419518200214952;0,0;0,9290549855102936;0,9291900030646344;0,9290549855102936;0,9074060002478608;0,7415553129296346;0,0005202714958044;0,4169534525892951;0,6483506353295493;0,3543459255115159;0,3796282979538254;1,0;1,0;0,3655431004179197;0,1391261709979612;0,997905066431446;1,0;0,9290549855102936;0,9291900030646344;0,9290549855102936;0,9074060002478608;0,7415553129296346;0,0005202714958044;0,4169534525892951;0,6483506353295493;0,3543459255115159;0,3796282979538254;1,0;1,0;0,3655431004179197;0,1391261709979612;0,997905066431446;1,0
CICIDS;C&W;gaussian;10;10;41,151241400046274;5,471471099881455;0,0;0,9441536365096964;0,94095707387215;0,9441536365096964;0,934310475707705;0,8005617699218112;0,0027827365326052;0,316928787042366;0,6953718940137643;0,4285133034982685;0,491849033930623;1,0;0,8245901639344262;0,2479006366441432;0,1227902655552401;0,7471194663432383;0,9976689976689976;0,9441536365096964;0,94095707387215;0,9441536365096964;0,934310475707705;0,8005617699218112;0,0027827365326052;0,316928787042366;0,6953718940137643;0,4285133034982685;0,491849033930623;1,0;0,8245901639344262;0,2479006366441432;0,1227902655552401;0,7471194663432383;0,9976689976689976
CICIDS;C&W;gaussian;10;15;38,2201368000824;3,719319299561903;0,0;0,9486780746244676;0,9456475657025916;0,9486780746244676;0,9402885460768692;0,8178590627858385;0,0034151766536519;0,2870482387624943;0,7127394524667322;0,4576492579447178;0,5286044398209978;1,0;0,7480874316939891;0,1882982462992618;0,1149965160391235;0,7163018909531947;0,958041958041958;0,9486780746244676;0,9456475657025916;0,9486780746244676;0,9402885460768692;0,8178590627858385;0,0034151766536519;0,2870482387624943;0,7127394524667322;0,4576492579447178;0,5286044398209978;1,0;0,7480874316939891;0,1882982462992618;0,1149965160391235;0,7163018909531947;0,958041958041958
CICIDS;C&W;gaussian;10;20;32,626492799958214;2,501083699753508;0,0;0,9556144885163372;0,9516492038181738;0,9556144885163372;0,9508026747137612;0,8440265370770715;0,0070499174247992;0,2281210725989264;0,7642870569575054;0,5456062202305877;0,6117696850541573;1,0;0,2704918032786885;0,1096355895793461;0,1112028697514774;0,6069794365731297;0,9603729603729604;0,9556144885163372;0,9516492038181738;0,9556144885163372;0,9508026747137612;0,8440265370770715;0,0070499174247992;0,2281210725989264;0,7642870569575054;0,5456062202305877;0,6117696850541573;1,0;0,2704918032786885;0,1096355895793461;0,1112028697514774;0,6069794365731297;0,9603729603729604
CICIDS;C&W;gaussian;16;5;80,67263859999366;9,800058200024068;0,0;0,9480671465493472;0,9424619957720723;0,9480671465493472;0,9405571143146864;0,8153488470867201;0,0034462020180806;0,2903134873559708;0,6949445916465357;0,422023059270752;0,471660219446364;1,0;1,0;0,2452446978869663;0,1255000129035588;0,6024036606207619;1,0;0,9480671465493472;0,9424619957720723;0,9480671465493472;0,9405571143146864;0,8153488470867201;0,0034462020180806;0,2903134873559708;0,6949445916465357;0,422023059270752;0,471660219446364;1,0;1,0;0,2452446978869663;0,1255000129035588;0,6024036606207619;1,0
CICIDS;C&W;gaussian;16;10;77,0043981000781;3,977612600196153;0,0;0,9555649001985516;0,9538725823099528;0,9555649001985516;0,9512238415106812;0,843601990041123;0,0051311179632086;0,2377523813998285;0,7356247773781069;0,4920423483636945;0,567446571340659;1,0;0,6934426229508197;0,1861110026168808;0,1126222612196443;0,4984839296543359;0,9627039627039627;0,9555649001985516;0,9538725823099528;0,9555649001985516;0,9512238415106812;0,843601990041123;0,0051311179632086;0,2377523813998285;0,7356247773781069;0,4920423483636945;0,567446571340659;1,0;0,6934426229508197;0,1861110026168808;0,1126222612196443;0,4984839296543359;0,9627039627039627
CICIDS;C&W;gaussian;16;15;63,26024970016442;4,470805099466816;0,0;0,9602480209302372;0,9589022941665396;0,9602480209302372;0,957155031547354;0,8616046614790455;0,0101715463996257;0,1852265119392992;0,7390781763540607;0,4819633174719798;0,5393340146918683;1,0;0,9169398907103824;0,086318009608249;0,1111512555162713;0,3734494735101163;0,9603729603729604;0,9602480209302372;0,9589022941665396;0,9602480209302372;0,957155031547354;0,8616046614790455;0,0101715463996257;0,1852265119392992;0,7390781763540607;0,4819633174719798;0,5393340146918683;1,0;0,9169398907103824;0,086318009608249;0,1111512555162713;0,3734494735101163;0,9603729603729604
CICIDS;C&W;gaussian;16;20;50,79672210011631;3,95196620025672;0,0;0,9644769126710052;0,9633795795308092;0,9644769126710052;0,9628548500577776;0,8771092022108351;0,0098660658883277;0,1617942423566168;0,7802226000816544;0,5610262323472128;0,629431042054479;1,0;0,4262295081967213;0,0847166347693629;0,1060156391132674;0,326368598048404;0,9533799533799534;0,9644769126710052;0,9633795795308092;0,9644769126710052;0,9628548500577776;0,8771092022108351;0,0098660658883277;0,1617942423566168;0,7802226000816544;0,5610262323472128;0,629431042054479;1,0;0,4262295081967213;0,0847166347693629;0,1060156391132674;0,326368598048404;0,9533799533799534
CICIDS;C&W;gaussian;32;5;168,68692049989477;12,084477900061756;0,0;0,9354538620373658;0,9289742110864724;0,9354538620373658;0,9210659947071028;0,7666888972439848;0,0017946980038757;0,3733776530144822;0,6645774669724146;0,3772960010851257;0,4206443366800417;1,0;1,0;0,3487872514939655;0,1265839118428862;0,8438171894812283;1,0;0,9354538620373658;0,9289742110864724;0,9354538620373658;0,9210659947071028;0,7666888972439848;0,0017946980038757;0,3733776530144822;0,6645774669724146;0,3772960010851257;0,4206443366800417;1,0;1,0;0,3487872514939655;0,1265839118428862;0,8438171894812283;1,0
CICIDS;C&W;gaussian;32;10;155,01019469997846;5,688858499983326;0,0;0,9572171829471726;0,9561718016540016;0,9572171829471726;0,9543867763314788;0,850027554947049;0,0080379559535287;0,2137798188844125;0,7672142333450874;0,5462538416113557;0,62013260663978;0,9897172236503856;0,3557377049180328;0,1664648673983517;0,1170094712121603;0,4386129334582943;0,9627039627039627;0,9572171829471726;0,9561718016540016;0,9572171829471726;0,9543867763314788;0,850027554947049;0,0080379559535287;0,2137798188844125;0,7672142333450874;0,5462538416113557;0,62013260663978;0,9897172236503856;0,3557377049180328;0,1664648673983517;0,1170094712121603;0,4386129334582943;0,9627039627039627
CICIDS;C&W;gaussian;32;15;138,10220429999754;5,0737300999462605;0,0;0,9628543829130558;0,9614768083989764;0,9628543829130558;0,9608333952731494;0,8712224674539126;0,0100498315084054;0,1704976567730417;0,7989962336568599;0,6005368707470174;0,6891384835051166;0,7223650385604113;0,3568306010928961;0,0524157325313439;0,1049317401739399;0,4279177462925189;0,9603729603729604;0,9628543829130558;0,9614768083989764;0,9628543829130558;0,9608333952731494;0,8712224674539126;0,0100498315084054;0,1704976567730417;0,7989962336568599;0,6005368707470174;0,6891384835051166;0,7223650385604113;0,3568306010928961;0,0524157325313439;0,1049317401739399;0,4279177462925189;0,9603729603729604
CICIDS;C&W;gaussian;32;20;95,55306580010802;5,245771300047636;0,0;0,9669662462238496;0,9676777143116084;0,9669662462238496;0,9662481801491172;0,8865797682684826;0,0113218714499823;0,1398888875838335;0,8135863929773626;0,6214008925730473;0,7080657612551514;0,7095115681233933;0,3584699453551913;0,11033863219154;0,0966476554233657;0,2204641931749269;0,9533799533799534;0,9669662462238496;0,9676777143116084;0,9669662462238496;0,9662481801491172;0,8865797682684826;0,0113218714499823;0,1398888875838335;0,8135863929773626;0,6214008925730473;0,7080657612551514;0,7095115681233933;0,3584699453551913;0,11033863219154;0,0966476554233657;0,2204641931749269;0,9533799533799534
CICIDS;FGSM;linear;1;5;3,822641900042072;4,234018700197339;1,6754900813446771;0,8461433181725316;0,8135210307547622;0,8461433181725316;0,7932954123742706;0,28764918991402;0,010293261290846;0,8603577678854579;0,5304859973212036;0,1742855264288807;0,1924424457562292;1,0;1,0;0,9998047103855016;0,693308214405533;1,0;1,0;0,8293884173590849;0,7499795768815113;0,8293884173590849;0,7547102737526891;0,0112513699536638;0,0027898962320888;0,9964763504386944;0,5005437018002746;0,1436102957890156;0,1321662107786166;1,0;1,0;0,994492832871148;0,9958966683011174;1,0;1,0
CICIDS;RANDOM_LINF;linear;1;5;3,822641900042072;3,208296800032258;1,3870844251027914;0,8461433181725316;0,8135210307547622;0,8461433181725316;0,7932954123742706;0,28764918991402;0,010293261290846;0,8603577678854579;0,5304859973212036;0,1742855264288807;0,1924424457562292;1,0;1,0;0,9998047103855016;0,693308214405533;1,0;1,0;0,8322724739215037;0,7895693613747538;0,8322724739215037;0,7589808381233139;0,0812350908300904;0,0011741907153017;0,987373589071988;0,5028325997275138;0,1457258296674046;0,1378562857514434;1,0;1,0;0,9951958754833418;0,9754316240419107;1,0;1,0
CICIDS;RANDOM_L2;linear;1;5;3,822641900042072;2,3762689002323896;2,023600072200593;0,8461433181725316;0,8135210307547622;0,8461433181725316;0,7932954123742706;0,28764918991402;0,010293261290846;0,8603577678854579;0,5304859973212036;0,1742855264288807;0,1924424457562292;1,0;1,0;0,9998047103855016;0,693308214405533;1,0;1,0;0,8259073174505257;0,7355373986641507;0,8259073174505257;0,7565010469553514;0,044426063661308;0,009145322806984;0,9777305347725485;0,503329556347792;0,1442146021007533;0,140170233934045;0,9948586118251928;0,989617486338798;0,9630902628598212;0,9798188340344268;0,9920613043717956;0,9906759906759908
CICIDS;FGSM;linear;1;10;3,27043559984304;3,837842100067064;1,828023746853624;0,8485334750898045;0,818365594098662;0,8485334750898045;0,7952399312111952;0,3030811464975889;0,0074222217979437;0,8603812588825333;0,5308783272905248;0,1769386759025052;0,1940436112334162;1,0;1,0;0,9999609420771004;0,693256600170327;1,0;1,0;0,8302532376212682;0,7322150244358931;0,8302532376212682;0,754630764346477;0,008695618890548;0,0014247801972258;0,998132465732508;0,5002320484145;0,1429445627190997;0,1307501606375698;1,0;1,0;0,9999609420771004;0,9959224754187204;1,0;1,0
CICIDS;RANDOM_LINF;linear;1;10;3,27043559984304;2,912313499953598;1,6544646346035252;0,8485334750898045;0,818365594098662;0,8485334750898045;0,7952399312111952;0,3030811464975889;0,0074222217979437;0,8603812588825333;0,5308783272905248;0,1769386759025052;0,1940436112334162;1,0;1,0;0,9999609420771004;0,693256600170327;1,0;1,0;0,8319888287437692;0,7957240727942403;0,8319888287437692;0,7573692074447368;0,0676800633119746;0,0005441371607495;0,9922009889709767;0,5017177162650707;0,1446737142500837;0,1345684886952152;1,0;1,0;0,9995703628481036;0,9831479522052182;1,0;1,0
CICIDS;RANDOM_L2;linear;1;10;3,27043559984304;2,393417399842292;1,848454133781352;0,8485334750898045;0,818365594098662;0,8485334750898045;0,7952399312111952;0,3030811464975889;0,0074222217979437;0,8603812588825333;0,5308783272905248;0,1769386759025052;0,1940436112334162;1,0;1,0;0,9999609420771004;0,693256600170327;1,0;1,0;0,830048933751991;0,7656788099165625;0,830048933751991;0,7562143868581994;0,039919025992945;0,0026323828434507;0,99066232866254;0,5013885085415508;0,1440192495609829;0,1339359823839689;1,0;0,9950819672131148;0,9951568175604422;0,9838963586157062;0,9980153260929489;0,9953379953379954
CICIDS;FGSM;linear;1;15;2,9612659998238087;3,289278600132093;1,702664479491267;0,8461433181725316;0,8135210307547622;0,8461433181725316;0,7932954123742706;0,28764918991402;0,010293261290846;0,8603577678854579;0,5304859973212036;0,1742855264288807;0,1924424457562292;1,0;1,0;0,9998047103855016;0,693308214405533;1,0;1,0;0,829116673377619;0,7167149697108781;0,829116673377619;0,7540901337022653;0,0011527413757657;0,0027922827985833;0,9976626457910006;0,5000742716752262;0,1428734370200907;0,130642423994877;1,0;1,0;0,9998047103855016;0,9951740690082324;0,99961409118474;1,0
CICIDS;RANDOM_LINF;linear;1;15;2,9612659998238087;2,235417200019583;1,428936965313965;0,8461433181725316;0,8135210307547622;0,8461433181725316;0,7932954123742706;0,28764918991402;0,010293261290846;0,8603577678854579;0,5304859973212036;0,1742855264288807;0,1924424457562292;1,0;1,0;0,9998047103855016;0,693308214405533;1,0;1,0;0,831853948519392;0,7888768636775643;0,831853948519392;0,7588361260294605;0,075575133832025;0,0017016219105896;0,9866806046582648;0,5027778925907046;0,1456164071100614;0,1376889323763387;1,0;1,0;0,9971097137054252;0,9726960695759892;0,9998897403384972;1,0
CICIDS;RANDOM_L2;linear;1;15;2,9612659998238087;2,123077899916097;1,903397989887945;0,8461433181725316;0,8135210307547622;0,8461433181725316;0,7932954123742706;0,28764918991402;0,010293261290846;0,8603577678854579;0,5304859973212036;0,1742855264288807;0,1924424457562292;1,0;1,0;0,9998047103855016;0,693308214405533;1,0;1,0;0,8271093382736522;0,7338285642452022;0,8271093382736522;0,7581655006557199;0,0732915942174363;0,007169245749525;0,9575987502789556;0,503911197570404;0,1445960616878994;0,1380878269735068;1,0;0,9939890710382514;0,9753544506503145;0,9258045368912746;0,9950383152323722;0,993006993006993
CICIDS;FGSM;linear;1;20;2,935455600032583;4,34524459973909;1,858768503880781;0,8485334750898045;0,818365594098662;0,8485334750898045;0,7952399312111952;0,3030811464975889;0,0074222217979437;0,8603812588825333;0,5308783272905248;0,1769386759025052;0,1940436112334162;1,0;1,0;0,9999609420771004;0,693256600170327;1,0;1,0;0,8299457900509967;0,7333019794998802;0,8299457900509967;0,7551506356867141;0,0344732943552664;0,0017946980038757;0,9884776659345306;0,5007567251356664;0,1431310546027663;0,1308395183429924;1,0;1,0;0,9877358122095068;0,9829931094996;0,9995589613539888;1,0
CICIDS;RANDOM_LINF;linear;1;20;2,935455600032583;2,695045600179583;1,9452505300991183;0,8485334750898045;0,818365594098662;0,8485334750898045;0,7952399312111952;0,3030811464975889;0,0074222217979437;0,8603812588825333;0,5308783272905248;0,1769386759025052;0,1940436112334162;1,0;1,0;0,9999609420771004;0,693256600170327;1,0;1,0;0,8290809697888133;0,8001217111519129;0,8290809697888133;0,7612614864486734;0,1090824883986915;0,0052552194209235;0,9358108504915492;0,505453529882972;0,1469021724876955;0,1384229291843831;1,0;1,0;0,9934382689528573;0,8638416475263878;0,9988422735542202;1,0
CICIDS;RANDOM_L2;linear;1;20;2,935455600032583;2,4898252999410038;4,677368486822409;0,8485334750898045;0,818365594098662;0,8485334750898045;0,7952399312111952;0,3030811464975889;0,0074222217979437;0,8603812588825333;0,5308783272905248;0,1769386759025052;0,1940436112334162;1,0;1,0;0,9999609420771004;0,693256600170327;1,0;1,0;0,8017597902215804;0,7831881911826072;0,8017597902215804;0,7550039842791505;0,1208428535382993;0,0368533598083109;0,808043317398607;0,5091670477758888;0,1470180840401;0,1341904350348285;0,9820051413881749;0,9726775956284152;0,9104792407139788;0,6526878112983561;0,971222228347759;0,9673659673659674
CICIDS;FGSM;linear;2;5;9,665134200127795;2,6208780999295413;7,231960265872717;0,9038918895330962;0,8650190435687182;0,9038918895330962;0,877301994094991;0,6311639319405752;0,0015989995513254;0,5218877365249768;0,6116454379245179;0,2828009157683696;0,3258663651178272;1,0;1,0;0,5652462602038824;0,2367544968902423;1,0;1,0;0,831572286874369;0,7582616401012694;0,831572286874369;0,7587913077578358;0,0723279209883607;0,0020930188156902;0,9854473273118076;0,5028133603936045;0,1449611017355171;0,1376348789979992;1,0;1,0;0,9928133421864626;0,9727734909287982;1,0;1,0
CICIDS;RANDOM_LINF;linear;2;5;9,665134200127795;3,700942400144413;5,34780254328564;0,9038918895330962;0,8650190435687182;0,9038918895330962;0,877301994094991;0,6311639319405752;0,0015989995513254;0,5218877365249768;0,6116454379245179;0,2828009157683696;0,3258663651178272;1,0;1,0;0,5652462602038824;0,2367544968902423;1,0;1,0;0,8504138641002398;0,8016220890937616;0,8504138641002398;0,7995449428935917;0,3180262014736554;0,0036538333031034;0,840225983391865;0,533405902726941;0,1766085326522012;0,2043592046456341;1,0;1,0;0,8646252392297777;0,7384190559756381;0,9999448701692486;1,0
CICIDS;RANDOM_L2;linear;2;5;9,665134200127795;1,0014112000353634;7,62628656890495;0,9038918895330962;0,8650190435687182;0,9038918895330962;0,877301994094991;0,6311639319405752;0,0015989995513254;0,5218877365249768;0,6116454379245179;0,2828009157683696;0,3258663651178272;1,0;1,0;0,5652462602038824;0,2367544968902423;1,0;1,0;0,8276290238440467;0,7238035982821541;0,8276290238440467;0,7587418086661231;0,0611225737085816;0,0080594350519794;0,9736313557828962;0,5037855437390266;0,1446547529459609;0,1405664474348805;0,9897172236503856;0,9934426229508196;0,979650822169277;0,959327982657617;0,9928331220023154;0,9953379953379954
CICIDS;FGSM;linear;2;10;8,817188400076702;1,8884786001872271;7,123857733099803;0,9022991127658182;0,8648399472481203;0,9022991127658182;0,8739263593747352;0,6239803543674937;0,0017994711368648;0,5229683223904439;0,6087914477660786;0,276542337202696;0,3184956764868155;0,9948586118251928;1,0;0,5652462602038824;0,2391803659449276;1,0;1,0;0,8310605354348202;0,7472818990154689;0,8310605354348202;0,7594193678399224;0,0744925458748219;0,0032600498315084;0,9808665828821104;0,503415354694506;0,14506548333584;0,1391994744564163;1,0;1,0;0,985626684372925;0,967457224702573;1,0;1,0
CICIDS;RANDOM_LINF;linear;2;10;8,817188400076702;2,297879599733278;4,814827303724478;0,9022991127658182;0,8648399472481203;0,9022991127658182;0,8739263593747352;0,6239803543674937;0,0017994711368648;0,5229683223904439;0,6087914477660786;0,276542337202696;0,3184956764868155;0,9948586118251928;1,0;0,5652462602038824;0,2391803659449276;1,0;1,0;0,8541508397285734;0,8074088962111671;0,8541508397285734;0,8070527110071736;0,3482195988329482;0,0038781705535879;0,811144129012556;0,540527037395077;0,184230042925505;0,2195417793487809;0,9974293059125964;1,0;0,8100613209389524;0,7105731760819634;1,0;1,0
CICIDS;RANDOM_L2;linear;2;10;8,817188400076702;1,2067504997830838;8,267165987967894;0,9022991127658182;0,8648399472481203;0,9022991127658182;0,8739263593747352;0,6239803543674937;0,0017994711368648;0,5229683223904439;0,6087914477660786;0,276542337202696;0,3184956764868155;0,9948586118251928;1,0;0,5652462602038824;0,2391803659449276;1,0;1,0;0,8196274528861393;0,7307389921006694;0,8196274528861393;0,7635261746749972;0,0997459589189403;0,0243883230074556;0,9235955320123562;0,5109101287227948;0,1476795625855503;0,157653716745837;0,9717223650385604;0,9770491803278688;0,9275475530211305;0,8923327053601383;0,977010860576658;0,9813519813519812
CICIDS;FGSM;linear;2;15;7,604441999923438;1,892572699813172;7,275994692066467;0,9054112755900514;0,8683659406192055;0,9054112755900514;0,8787144310546277;0,6383153973472425;0,0013985279657861;0,5212064976097911;0,6132611435608444;0,2881335374238149;0,3299206746208971;0,9948586118251928;1,0;0,5652462602038824;0,2353092983044723;1,0;1,0;0,8326513286693867;0,7406823041706313;0,8326513286693867;0,7644533277131208;0,1271520670243342;0,0029307036552652;0,9435276430308084;0,5077290414251664;0,1463463023432675;0,1465858083911743;1,0;1,0;0,934929500449166;0,9189398436088674;0,9999448701692486;1,0
CICIDS;RANDOM_LINF;linear;2;15;7,604441999923438;2,141596700297669;4,098970348169495;0,9054112755900514;0,8683659406192055;0,9054112755900514;0,8787144310546277;0,6383153973472425;0,0013985279657861;0,5212064976097911;0,6132611435608444;0,2881335374238149;0,3299206746208971;0,9948586118251928;1,0;0,5652462602038824;0,2353092983044723;1,0;1,0;0,8644215721083565;0,8166609732193659;0,8644215721083565;0,8237470650767253;0,4200805238466298;0,0035512109438393;0,7344812600570831;0,5556177016040609;0,2000149841493329;0,2420057973994874;0,9974293059125964;1,0;0,7754560012498536;0,5650726470360525;0,9998346105077456;1,0
CICIDS;RANDOM_L2;linear;2;15;7,604441999923438;1,6838407998438925;11,399759199128834;0,9054112755900514;0,8683659406192055;0,9054112755900514;0,8787144310546277;0,6383153973472425;0,0013985279657861;0,5212064976097911;0,6132611435608444;0,2881335374238149;0,3299206746208971;0,9948586118251928;1,0;0,5652462602038824;0,2353092983044723;1,0;1,0;0,7914136835987631;0,7377982233797846;0,7914136835987631;0,7622974026867582;0,1484288346131539;0,0737067196166219;0,7897908126710438;0,5264487748118862;0,15310694044316;0,178401828285172;0,922879177377892;0,9415300546448088;0,8138108815373198;0,691062995174069;0,9447599095870776;0,9533799533799534
CICIDS;FGSM;linear;2;20;7,508739799959585;2,0233222998213023;4,635317593340094;0,9062503099269862;0,8728564995279962;0,9062503099269862;0,8796416133833557;0,6421875029117585;0,0014104607982587;0,5166492441771691;0,6144171403863903;0,2899294610130903;0,3312469870329337;0,9948586118251928;0,9994535519125683;0,5652462602038824;0,2253219437920978;1,0;1,0;0,8598971339935852;0,8079409888319834;0,8598971339935852;0,8140232418414135;0,3895657188483643;0,0043316181875459;0,7793843009666546;0,5459611331589355;0,1958170509912704;0,2204008150790066;0,9974293059125964;0,9994535519125683;0,9422333320314026;0,5537949366435263;0,999338442030983;1,0
CICIDS;RANDOM_LINF;linear;2;20;7,508739799959585;2,0753315000329167;4,022604338779456;0,9062503099269862;0,8728564995279962;0,9062503099269862;0,8796416133833557;0,6421875029117585;0,0014104607982587;0,5166492441771691;0,6144171403863903;0,2899294610130903;0,3312469870329337;0,9948586118251928;0,9994535519125683;0,5652462602038824;0,2253219437920978;1,0;1,0;0,8660242665391916;0,8201437204733293;0,8660242665391916;0,826700774413988;0,430922116417377;0,0051287313967141;0,7210209187328956;0,5592721802388502;0,2045109684619226;0,2475767646683246;0,9922879177377892;1,0;0,7487794399093857;0,5531755658210534;0,9998346105077456;1,0
CICIDS;RANDOM_L2;linear;2;20;7,508739799959585;2,012473000213504;15,371188393953403;0,9062503099269862;0,8728564995279962;0,9062503099269862;0,8796416133833557;0,6421875029117585;0,0014104607982587;0,5166492441771691;0,6144171403863903;0,2899294610130903;0,3312469870329337;0,9948586118251928;0,9994535519125683;0,5652462602038824;0,2253219437920978;1,0;1,0;0,7525384259874521;0,7511098708775169;0,7525384259874521;0,747291496927741;0,137378020149418;0,1171112044523784;0,7015586276559509;0,5249732393276686;0,1531968240341053;0,1727132044532436;0,9074550128534704;0,9016393442622952;0,7465921962270047;0,5582337608712483;0,9146590219968024;0,9090909090909092
CICIDS;FGSM;linear;4;5;24,792331399861723;1,4448846001178026;9,018924885599755;0,9213033396740262;0,9175837275927222;0,9213033396740262;0,8992337083688541;0,7083714313446512;0,0037111108989718;0,423343003793796;0,6416302678210882;0,3293622496658042;0,366065120552435;0,9948586118251928;1,0;0,3713627309299691;0,1518490799762574;0,9926677325100612;0,9976689976689976;0,8311140908180287;0,7751029091814905;0,8311140908180287;0,7552225503795159;0,027284177684161;0,0004892461313757;0,997650900292463;0,500510755879359;0,1433287351490314;0,1313015097588175;1,0;1,0;0,9983205093153146;0,9959482825363236;1,0;1,0
CICIDS;RANDOM_LINF;linear;4;5;24,792331399861723;1,359354600077495;8,140021541165243;0,9213033396740262;0,9175837275927222;0,9213033396740262;0,8992337083688541;0,7083714313446512;0,0037111108989718;0,423343003793796;0,6416302678210882;0,3293622496658042;0,366065120552435;0,9948586118251928;1,0;0,3713627309299691;0,1518490799762574;0,9926677325100612;0,9976689976689976;0,8399031242623738;0,7754933888016469;0,8399031242623738;0,7792223668629061;0,2180410631109811;0,0039760197798631;0,911063085072646;0,5172163981676264;0,1582248060233298;0,1694649159394071;0,9974293059125964;0,9956284153005464;0,932429793383588;0,8510671243128854;0,9966370803241634;0,9976689976689976
CICIDS;RANDOM_L2;linear;4;5;24,792331399861723;1,183500099927187;9,017536412701755;0,9213033396740262;0,9175837275927222;0,9213033396740262;0,8992337083688541;0,7083714313446512;0,0037111108989718;0,423343003793796;0,6416302678210882;0,3293622496658042;0,366065120552435;0,9948586118251928;1,0;0,3713627309299691;0,1518490799762574;0,9926677325100612;0,9976689976689976;0,8311279755470087;0,7420783469963794;0,8311279755470087;0,756330499114438;0,0453358946784599;0,0011169131194333;0,9928000093963988;0,5012166684941848;0,14360762316868;0,1331028884310025;1,0;1,0;0,9947662383314456;0,988077111667398;0,999062792877226;1,0
CICIDS;FGSM;linear;4;10;23,32616639998741;1,1180342002771797;9,469781870907724;0,9230071942731444;0,914184985132805;0,9230071942731444;0,9011400914475032;0,7156537231454844;0,0038733974205989;0,416060794700431;0,6438856782883617;0,3345341180636668;0,3698062427019084;0,9948586118251928;1,0;0,3592547748310745;0,144906965341041;0,990407409449253;0,9976689976689976;0,8283093755640671;0,747335091365346;0,8283093755640671;0,7565594216565074;0,0637512863436065;0,0038781705535879;0,957810169252634;0,5023879095902417;0,1438253886349429;0,1314526900342588;1,0;1,0;0,8662656719915635;0,9957676327131024;0,9997794806769944;1,0
CICIDS;RANDOM_LINF;linear;4;10;23,32616639998741;1,3428544998168943;7,153610723771253;0,9230071942731444;0,914184985132805;0,9230071942731444;0,9011400914475032;0,7156537231454844;0,0038733974205989;0,416060794700431;0,6438856782883617;0,3345341180636668;0,3698062427019084;0,9948586118251928;1,0;0,3592547748310745;0,144906965341041;0,990407409449253;0,9976689976689976;0,8514710870354318;0,8051379645574994;0,8514710870354318;0,8043635677275449;0,3386861036891859;0,0101524538676696;0,7820505291347091;0,5413717745083018;0,1783407900252987;0,2073335894447283;0,987146529562982;0,9808743169398908;0,8209975393508573;0,646752174249658;0,986603451127405;0,9953379953379954
CICIDS;RANDOM_L2;linear;4;10;23,32616639998741;1,0623965002596378;9,283726502575618;0,9230071942731444;0,914184985132805;0,9230071942731444;0,9011400914475032;0,7156537231454844;0,0038733974205989;0,416060794700431;0,6438856782883617;0,3345341180636668;0,3698062427019084;0,9948586118251928;1,0;0,3592547748310745;0,144906965341041;0,990407409449253;0,9976689976689976;0,8301699292473882;0,7542427856745604;0,8301699292473882;0,7704598244551703;0,1487069437358667;0,0135676305213215;0,9180516567025688;0,513512266117297;0,1508027286500624;0,1599052666911537;0,987146529562982;0,9863387978142076;0,937351091668945;0,8673256084027975;0,989084293511219;0,9906759906759908
CICIDS;FGSM;linear;4;15;21,6978589000646;1,2385582001879811;9,384489964316243;0,9249292374705196;0,923334130396717;0,9249292374705196;0,9029423373070828;0,7238652679939188;0,0018161771023264;0,4147452988642103;0,6445265084787553;0,3391777924549891;0,3720633535702843;0,9948586118251928;1,0;0,3590985431394758;0,1413971973470283;0,9918959148795412;1,0;0,8310843378273572;0,7396747797887573;0,8310843378273572;0,7766574207189282;0,1899071391260187;0,0181068799938903;0,8722911943997463;0,5201558249330176;0,1548673403777973;0,1686400678117687;1,0;0,5699453551912569;0,9061828691950162;0,8051820692146894;0,9986217542312144;0,7435897435897436
CICIDS;RANDOM_LINF;linear;4;15;21,6978589000646;1,5788149000145495;7,561028342698906;0,9249292374705196;0,923334130396717;0,9249292374705196;0,9029423373070828;0,7238652679939188;0,0018161771023264;0,4147452988642103;0,6445265084787553;0,3391777924549891;0,3720633535702843;0,9948586118251928;1,0;0,3590985431394758;0,1413971973470283;0,9918959148795412;1,0;0,8493189540435306;0,7933848378902117;0,8493189540435306;0,8054150932839216;0,3382331400238185;0,0170066728399186;0,7579957481295294;0,5455844134215101;0,1797787304163431;0,2117238903227433;0,9897172236503856;0,9743169398907104;0,8106471897824473;0,60161552556195;0,9854457246816252;0,9906759906759908
CICIDS;RANDOM_L2;linear;4;15;21,6978589000646;1,149813000112772;10,66446362300183;0,9249292374705196;0,923334130396717;0,9249292374705196;0,9029423373070828;0,7238652679939188;0,0018161771023264;0,4147452988642103;0,6445265084787553;0,3391777924549891;0,3720633535702843;0,9948586118251928;1,0;0,3590985431394758;0,1413971973470283;0,9918959148795412;1,0;0,8182846012405014;0,7473301244633016;0,8182846012405014;0,7734464983509537;0,1733068570921428;0,0384117877292297;0,8422579546388846;0,5240118669202711;0,1549166816752026;0,1761956333645748;0,9665809768637532;0,9590163934426228;0,8863023864390892;0,746522490902991;0,967142620872154;0,9696969696969696
CICIDS;FGSM;linear;4;20;20,260958099970598;1,7173297002445906;21,39716077127686;0,9221860117306124;0,9156249448496492;0,9221860117306124;0,899751889750637;0,7125082995112633;0,0004462879344744;0,4388822983591539;0,6386278674909877;0,3323331771632852;0,3672390288207524;0,9948586118251928;1,0;0,4099910166777331;0,1621719270174714;0,9890291636804674;0,9976689976689976;0,7082144040178439;0,7276008335086267;0,7082144040178439;0,7167130639232663;0,079453300725652;0,1608927667942684;0,6555750008809124;0,5116808584930775;0,1469253599768986;0,1437774838725186;0,8303341902313625;0,2344262295081967;0,817130804983791;0,6449714831350486;0,502177628314681;0,0955710955710955
CICIDS;RANDOM_LINF;linear;4;20;20,260958099970598;2,0490209995768964;6,909239493723107;0,9221860117306124;0,9156249448496492;0,9221860117306124;0,899751889750637;0,7125082995112633;0,0004462879344744;0,4388822983591539;0,6386278674909877;0,3323331771632852;0,3672390288207524;0,9948586118251928;1,0;0,4099910166777331;0,1621719270174714;0,9890291636804674;0,9976689976689976;0,8530936167933814;0,8133865686785418;0,8530936167933814;0,8222400695831766;0,4022682690501116;0,0316076866533655;0,6331645896710086;0,5699081936147667;0,1964843081704977;0,2459545064216215;0,9768637532133676;0,9491803278688524;0,6575010740928797;0,4417146248935456;0,960582171012735;0,9696969696969696
CICIDS;RANDOM_L2;linear;4;20;20,260958099970598;1,6951192002743485;16,739429258297612;0,9221860117306124;0,9156249448496492;0,9221860117306124;0,899751889750637;0,7125082995112633;0,0004462879344744;0,4388822983591539;0,6386278674909877;0,3323331771632852;0,3672390288207524;0,9948586118251928;1,0;0,4099910166777331;0,1621719270174714;0,9890291636804674;0,9976689976689976;0,7547917191476363;0,7515850240116887;0,7547917191476363;0,751687448601828;0,1682030827297397;0,1246360486095863;0,6583469385358062;0,5354088890495339;0,1561913843946814;0,1827203597870846;0,884318766066838;0,8868852459016393;0,7029644963480842;0,5112389997161217;0,8765643089475715;0,8764568764568764
CICIDS;FGSM;linear;8;5;40,4957022999879;2,1844382998533547;9,225212287588436;0,923669694198762;0,9236792837735828;0,923669694198762;0,9014343610109916;0,7186440616604044;0,0009880385287294;0,4278297842351918;0,6420704503847011;0,336974243351042;0,3698757035087716;0,9948586118251928;1,0;0,3596844119829707;0,1668946295388268;0,9980704559237004;0,9976689976689976;0,8314175713228775;0,7995480596608245;0,8314175713228775;0,7553754708092469;0,0388951165545091;0,0001241014577148;0,997650900292463;0,50056031964534;0,1435198328616716;0,1313318821321716;1,0;1,0;0,9983205093153146;0,9959482825363236;1,0;1,0
CICIDS;RANDOM_LINF;linear;8;5;40,4957022999879;1,9861372995655984;8,762652459283037;0,923669694198762;0,9236792837735828;0,923669694198762;0,9014343610109916;0,7186440616604044;0,0009880385287294;0,4278297842351918;0,6420704503847011;0,336974243351042;0,3698757035087716;0,9948586118251928;1,0;0,3596844119829707;0,1668946295388268;0,9980704559237004;0,9976689976689976;0,8360431696059315;0,8134249093149489;0,8360431696059315;0,7660473203479302;0,1583091279944838;8,591639380256412e-05;0,96706562210033;0,5069562689696854;0,1510687625067921;0,1474637982471165;1,0;1,0;0,987931101824005;0,935662855815634;0,9999448701692486;0,9976689976689976
CICIDS;RANDOM_L2;linear;8;5;40,4957022999879;2,069450099952519;9,223228754877011;0,923669694198762;0,9236792837735828;0,923669694198762;0,9014343610109916;0,7186440616604044;0,0009880385287294;0,4278297842351918;0,6420704503847011;0,336974243351042;0,3698757035087716;0,9948586118251928;1,0;0,3596844119829707;0,1668946295388268;0,9980704559237004;0,9976689976689976;0,8314374066499918;0,743317031078206;0,8314374066499918;0,7555415264339228;0,0410063593059207;0,0001837656200777;0,9968404608933626;0,5006287101882833;0,1434386885331339;0,1314243086811666;1,0;1,0;0,9987892043901104;0,9939353273632868;0,9998346105077456;1,0
CICIDS;FGSM;linear;8;10;39,50160020007752;1,374921299982816;9,843082727198793;0,930100307249217;0,9233569524910814;0,930100307249217;0,922997070803512;0,7469526193387047;0,0141929109428846;0,3221085518974853;0,6806249129069778;0,375800549583608;0,4431723707826266;0,9948586118251928;1,0;0,3596062961371714;0,1410358977005858;0,5571420695738464;1,0;0,8316694799772291;0,8063429098127233;0,8316694799772291;0,7559762425414861;0,0525566472962805;0,0001217148912202;0,9961239854825638;0,5009013590849242;0,1439535891520886;0,1322675455782652;1,0;1,0;0,9983205093153146;0,9926965857183412;1,0;0,9906759906759908
CICIDS;RANDOM_LINF;linear;8;10;39,50160020007752;1,4149093993473798;7,781002120396463;0,930100307249217;0,9233569524910814;0,930100307249217;0,922997070803512;0,7469526193387047;0,0141929109428846;0,3221085518974853;0,6806249129069778;0,375800549583608;0,4431723707826266;0,9948586118251928;1,0;0,3596062961371714;0,1410358977005858;0,5571420695738464;1,0;0,8522902860452524;0,8283161724771563;0,8522902860452524;0,7973431159841233;0,3311653632252135;0,0005847087911563;0,8511140605362995;0,5304821404565784;0,1769423961695776;0,1923499694233187;1,0;0,9989071038251366;0,9293442174745148;0,7198637384190559;0,9994487016924858;1,0
CICIDS;RANDOM_L2;linear;8;10;39,50160020007752;1,3946251994930208;9,550710005534055;0,930100307249217;0,9233569524910814;0,930100307249217;0,922997070803512;0,7469526193387047;0,0141929109428846;0,3221085518974853;0,6806249129069778;0,375800549583608;0,4431723707826266;0,9948586118251928;1,0;0,3596062961371714;0,1410358977005858;0,5571420695738464;1,0;0,8345932071938764;0,7719331422326609;0,8345932071938764;0,7666826169613346;0,1414561840897032;0,0029235439557816;0,9586558451473473;0,5079727694659827;0,1496898475455286;0,1496117226099797;0,9922879177377892;0,996174863387978;0,9803929227043706;0,9235335105422076;0,997519157616186;1,0
CICIDS;FGSM;linear;8;15;31,76250419998541;1,607546600047499;9,841694254300792;0,9286166247810675;0,921812192643114;0,9286166247810675;0,9208810623174084;0,7413850660950388;0,0139876662243563;0,32066385557735;0,677941163953688;0,3683608524022822;0,4373534333421456;0,9948586118251928;1,0;0,3595281802913721;0,1361067382384061;0,5610011577264458;1,0;0,8301996822380596;0,7428974112219577;0,8301996822380596;0,7568888557094223;0,0451851681230017;0,0029378633547487;0,9894290513160832;0,501788547917163;0,1438512598752936;0,1351444625131928;1,0;1,0;0,9942194274108505;0,9814188753258148;0,9982358454159546;1,0
CICIDS;RANDOM_LINF;linear;8;15;31,76250419998541;1,68962090020068;7,480893621157147;0,9286166247810675;0,921812192643114;0,9286166247810675;0,9208810623174084;0,7413850660950388;0,0139876662243563;0,32066385557735;0,677941163953688;0,3683608524022822;0,4373534333421456;0,9948586118251928;1,0;0,3595281802913721;0,1361067382384061;0,5610011577264458;1,0;0,8538076885694961;0,819462440012159;0,8538076885694961;0,8014424799372166;0,3433213497692863;0,001842429333766;0,8304067466143601;0,5344983268417534;0,1796719855527521;0,199885321923379;0,9974293059125964;0,9983606557377048;0,9052454790454244;0,6915275232909236;0,9969127294779204;1,0
CICIDS;RANDOM_L2;linear;8;15;31,76250419998541;1,6743554996792227;9,805593958952771;0,9286166247810675;0,921812192643114;0,9286166247810675;0,9208810623174084;0,7413850660950388;0,0139876662243563;0,32066385557735;0,677941163953688;0,3683608524022822;0,4373534333421456;0,9948586118251928;1,0;0,3595281802913721;0,1361067382384061;0,5610011577264458;1,0;0,8305606851915398;0,7541361758099083;0,8305606851915398;0,7769526845407738;0,1859315417504688;0,0193741468024782;0,879808313463865;0,5204030863319654;0,1554965848354083;0,1722089231949318;0,9665809768637532;0,980327868852459;0,9230168339647696;0,7966141061704818;0,9819725453442858;0,9883449883449884
CICIDS;FGSM;linear;8;20;28,74606960010715;2,605708400486037;13,472947589115169;0,9323873204654954;0,9320205343150652;0,9323873204654954;0,9265825672629652;0,7577339316684034;0,0167823355894341;0,2955519797037785;0,6913853410736855;0,3878466601829001;0,454910174817161;0,9948586118251928;0,9994535519125683;0,3934695152911768;0,1335260264781026;0,4007938695628204;1,0;0,7976578445743437;0,7142348408385494;0,7976578445743437;0,7493575353478265;0,0494235919640519;0,0479341880423472;0,9117913059819824;0,5052185782056796;0,1450358124579768;0,1441461699370245;0,9948586118251928;0,9901639344262296;0,984376830840136;0,8173372216057189;0,9993935718617344;0,9976689976689976
CICIDS;RANDOM_LINF;linear;8;20;28,74606960010715;2,363903900142759;6,254078639137872;0,9323873204654954;0,9320205343150652;0,9323873204654954;0,9265825672629652;0,7577339316684034;0,0167823355894341;0,2955519797037785;0,6913853410736855;0,3878466601829001;0,454910174817161;0,9948586118251928;0,9994535519125683;0,3934695152911768;0,1335260264781026;0,4007938695628204;1,0;0,8698465340741167;0,828318121747539;0,8698465340741167;0,8272606413827128;0,4554021878998712;0,0050237224709554;0,6837759428698951;0,5621233360377731;0,2043080989518476;0,2345717494772275;0,9897172236503856;0,9934426229508196;0,778268171698629;0,4554182043407572;0,9929985114945696;0,9976689976689976
CICIDS;RANDOM_L2;linear;8;20;28,74606960010715;2,8925132998265326;13,390829334861976;0,9323873204654954;0,9320205343150652;0,9323873204654954;0,9265825672629652;0,7577339316684034;0,0167823355894341;0,2955519797037785;0,6913853410736855;0,3878466601829001;0,454910174817161;0,9948586118251928;0,9994535519125683;0,3934695152911768;0,1335260264781026;0,4007938695628204;1,0;0,7984790271168757;0,7540304439129702;0,7984790271168757;0,7716240901304976;0,1976393637717647;0,0715850620029975;0,7363605398231128;0,5346557706811148;0,1589223039360601;0,1862240223537179;0,9305912596401028;0,9371584699453552;0,7827207749091903;0,6013574543859196;0,9296543359611886;0,958041958041958
CICIDS;FGSM;linear;10;5;48,53979320009239;2,6372560001909733;9,262502702563324;0,924104087862565;0,9163377338658052;0,924104087862565;0,9022380343329685;0,7202791948669824;0,0033340333928383;0,4147805353598233;0,6447744654335962;0,3373150906639748;0,37131318879881;0,9948586118251928;1,0;0,3666757801820099;0,1365970734728638;0,9916753955565356;0,9976689976689976;0,8314790608369318;0,8071990963512822;0,8314790608369318;0,7554364482761424;0,0424341909409763;6,921042834095443e-05;0,9975569363041614;0,500589229045341;0,1436031256224415;0,1313960316965592;1,0;1,0;0,9983205093153146;0,9957418255954992;1,0;1,0
CICIDS;RANDOM_LINF;linear;10;5;48,53979320009239;2,5134747999254614;8,64621908912211;0,924104087862565;0,9163377338658052;0,924104087862565;0,9022380343329685;0,7202791948669824;0,0033340333928383;0,4147805353598233;0,6447744654335962;0,3373150906639748;0,37131318879881;0,9948586118251928;1,0;0,3666757801820099;0,1365970734728638;0,9916753955565356;0,9976689976689976;0,837641896971344;0,816678336063828;0,837641896971344;0,7694820380773971;0,1825701426052642;0,0001241014577148;0,9576692232701816;0,5091228969136632;0,1540072281043636;0,1526919696568741;1,0;1,0;0,9894543608170916;0,9139590699114816;1,0;1,0
CICIDS;RANDOM_L2;linear;10;5;48,53979320009239;2,616858799941838;9,262105996021042;0,924104087862565;0,9163377338658052;0,924104087862565;0,9022380343329685;0,7202791948669824;0,0033340333928383;0,4147805353598233;0,6447744654335962;0,3373150906639748;0,37131318879881;0,9948586118251928;1,0;0,3666757801820099;0,1365970734728638;0,9916753955565356;0,9976689976689976;0,8314830279023546;0,7522844384494364;0,8314830279023546;0,7554798398289749;0,0426141014889288;8,114326081353279e-05;0,9972280623451062;0,5005800819482223;0,1434813796897128;0,1312838358832325;1,0;1,0;0,9992188415420068;0,9944514697153476;0,9999448701692486;1,0
CICIDS;FGSM;linear;10;10;46,58900700020604;1,4894430998247117;9,623704009314672;0,9262165502002376;0,9226425134511614;0,9262165502002376;0,904509273383994;0,7292238838049193;0,0022385993718556;0,4112686312970554;0,6468956457708395;0,3438172109500281;0,3760250518234746;0,9922879177377892;0,9994535519125683;0,3628871616607428;0,1313582285994477;0,99184078504879;0,9976689976689976;0,8299795101070909;0,775631740866982;0,8299795101070909;0,7576850903966288;0,0513637539969594;0,0039139690510056;0,9875027895559026;0,5023986177867619;0,1444854308069356;0,1372199977431018;0,9974293059125964;0,9994535519125683;0,9983205093153146;0,9737025471625074;1,0;1,0
CICIDS;RANDOM_LINF;linear;10;10;46,58900700020604;1,5912136000115424;6,70731586369957;0,9262165502002376;0,9226425134511614;0,9262165502002376;0,904509273383994;0,7292238838049193;0,0022385993718556;0,4112686312970554;0,6468956457708395;0,3438172109500281;0,3760250518234746;0,9922879177377892;0,9994535519125683;0,3628871616607428;0,1313582285994477;0,99184078504879;0,9976689976689976;0,8591433915632419;0,8614426045974121;0,8591433915632419;0,8081502253730983;0,3826475844743096;0,0013173847049726;0,8059996006530498;0,5404808918155146;0,1892761057118095;0,2072952268157615;1,0;0,9994535519125683;0,928524001093622;0,6218224986451263;0,9983461050774574;0,9953379953379954
CICIDS;RANDOM_L2;linear;10;10;46,58900700020604;1,555180000141263;8,62578870219438;0,9262165502002376;0,9226425134511614;0,9262165502002376;0,904509273383994;0,7292238838049193;0,0022385993718556;0,4112686312970554;0,6468956457708395;0,3438172109500281;0,3760250518234746;0,9922879177377892;0,9994535519125683;0,3628871616607428;0,1313582285994477;0,99184078504879;0,9976689976689976;0,8399586631782938;0,792249232696513;0,8399586631782938;0,777013356431717;0,2135327463911032;0,0026586350748904;0,9285638778937972;0,5149304770776981;0,1585657933655891;0,1650036930612764;1,0;0,9989071038251366;0,9810178494707652;0,8564091976567137;0,9983461050774574;1,0
CICIDS;FGSM;linear;10;15;38,46363640017808;1,877011300297454;9,766915071079897;0,92810685687423;0,929616890355488;0,92810685687423;0,9077248329666722;0,7372413397872761;0,0004176491365402;0,4087316036129153;0,6487870186410893;0,3495502766619257;0,3846084541733983;0,9922879177377892;0,9994535519125683;0,3714017888528688;0,1328034271852176;0,9647720381498428;1,0;0,8304377061634312;0,766169309791646;0,8304377061634312;0,7560268064757606;0,0463994177961082;0,0015226294235009;0,984766088396622;0,501413035664848;0,1435367585726527;0,1324240768133585;0,9974293059125964;0,9994535519125683;0,9591844705698552;0,9944514697153476;0,9980704559237004;1,0
CICIDS;RANDOM_LINF;linear;10;15;38,46363640017808;1,917751300148666;6,572237286051196;0,92810685687423;0,929616890355488;0,92810685687423;0,9077248329666722;0,7372413397872761;0,0004176491365402;0,4087316036129153;0,6487870186410893;0,3495502766619257;0,3846084541733983;0,9922879177377892;0,9994535519125683;0,3714017888528688;0,1328034271852176;0,9647720381498428;1,0;0,8623844840137181;0,845229836905684;0,8623844840137181;0,8135431596733137;0,40517522514939;0,0026562485083959;0,7724779478264955;0,5467069031077056;0,1941605496400101;0,214434219596946;1,0;0,9983606557377048;0,9011834550638596;0,5665694598570286;0,9977396769391916;0,9953379953379954
CICIDS;RANDOM_L2;linear;10;15;38,46363640017808;1,8780170001555236;9,079620986569491;0,92810685687423;0,929616890355488;0,92810685687423;0,9077248329666722;0,7372413397872761;0,0004176491365402;0,4087316036129153;0,6487870186410893;0,3495502766619257;0,3846084541733983;0,9922879177377892;0,9994535519125683;0,3714017888528688;0,1328034271852176;0,9647720381498428;1,0;0,8373106470085352;0,7672634941646286;0,8373106470085352;0,7837578797875239;0,2299942115468997;0,0153241434612851;0,8659368796908585;0,524902555740786;0,161560497629925;0,1793524130544666;0,9922879177377892;0,9918032786885246;0,9357106589071592;0,7536968695966347;0,988974033849716;0,986013986013986
CICIDS;FGSM;linear;10;20;32,63364119990729;1,9367060996592045;11,889493425580822;0,9307905766327944;0,9302761716566164;0,9307905766327944;0,911378329280022;0,7482013421545184;0,0008400714060695;0,3943551134027884;0,6535120845181074;0,3573303838559726;0,3924154911986041;0,9922879177377892;0,9994535519125683;0,3636292621958364;0,1129577537484838;0,9506588014774796;1,0;0,8118956423769863;0,7480614545286376;0,8118956423769863;0,7619662041596186;0,125179126471532;0,0296769543593023;0,8304889651041238;0,5127833988348484;0,1490770771391341;0,1496158624275499;0,9537275064267352;0,9978142076502732;0,6731242432527438;0,932720844408888;0,810794420861128;0,9953379953379954
CICIDS;RANDOM_LINF;linear;10;20;32,63364119990729;1,866766300285235;6,785268699258751;0,9307905766327944;0,9302761716566164;0,9307905766327944;0,911378329280022;0,7482013421545184;0,0008400714060695;0,3943551134027884;0,6535120845181074;0,3573303838559726;0,3924154911986041;0,9922879177377892;0,9994535519125683;0,3636292621958364;0,1129577537484838;0,9506588014774796;1,0;0,862937889640207;0,8267503592238745;0,862937889640207;0,8154545122198843;0,4098063563261535;0,0038041869922579;0,7528512197700231;0,54943911046295;0,1940505501842415;0,2172603874263855;0,9948586118251928;0,996174863387978;0,8635316173885873;0,5493044981805982;0,9959203925243948;0,9976689976689976
CICIDS;RANDOM_L2;linear;10;20;32,63364119990729;2,054249199805781;12,672592140053274;0,9307905766327944;0,9302761716566164;0,9307905766327944;0,911378329280022;0,7482013421545184;0,0008400714060695;0,3943551134027884;0,6535120845181074;0,3573303838559726;0,3924154911986041;0,9922879177377892;0,9994535519125683;0,3636292621958364;0,1129577537484838;0,9506588014774796;1,0;0,8040646552322618;0,7502671487297075;0,8040646552322618;0,7709894018980433;0,1828961397377331;0,0604421830401038;0,7768472732825145;0,5294725712797164;0,1568522080529146;0,1806935214138343;0,9588688946015425;0,9513661202185792;0,8354099129008319;0,6461069963095822;0,9477920502784056;0,9533799533799534
CICIDS;FGSM;linear;16;5;84,92524789995514;3,191531900083646;9,547734706466905;0,9267461534341892;0,9178467572419352;0,9267461534341892;0,909024908123722;0,7312993121351817;0,0038495317556537;0,3805189161253949;0,6523236849696433;0,3434320386590155;0,3913570875455531;0,9948586118251928;1,0;0,36206694527985;0,1098867067537226;0,8944263741110314;0,9976689976689976;0,8312688063695203;0,7842797918682847;0,8312688063695203;0,7553005136758562;0,0322916619347099;0,0003030939448034;0,997650900292463;0,5005360236816239;0,1434014160474253;0,1313169903733881;1,0;1,0;0,9983205093153146;0,9959482825363236;1,0;1,0
CICIDS;RANDOM_LINF;linear;16;5;84,92524789995514;3,0142302999738604;9,124845532390092;0,9267461534341892;0,9178467572419352;0,9267461534341892;0,909024908123722;0,7312993121351817;0,0038495317556537;0,3805189161253949;0,6523236849696433;0,3434320386590155;0,3913570875455531;0,9948586118251928;1,0;0,36206694527985;0,1098867067537226;0,8944263741110314;0,9976689976689976;0,8354976981102884;0,7671404466672003;0,8354976981102884;0,7646428381913146;0,1497659425888243;1,670596546160969e-05;0,9727974253867204;0,5060023363784588;0,1505433402548761;0,1453946862846525;1,0;1,0;0,995977033941335;0,9429146558620868;0,9999448701692486;1,0
CICIDS;RANDOM_L2;linear;16;5;84,92524789995514;3,129614499863237;9,548726472822622;0,9267461534341892;0,9178467572419352;0,9267461534341892;0,909024908123722;0,7312993121351817;0,0038495317556537;0,3805189161253949;0,6523236849696433;0,3434320386590155;0,3913570875455531;0,9948586118251928;1,0;0,36206694527985;0,1098867067537226;0,8944263741110314;0,9976689976689976;0,8312588887059631;0,7531392513399321;0,8312588887059631;0,7548521642848356;0,0261050112357823;3,1025364428703715e-05;0,9989781416272212;0,5002171703294961;0,1430959474788311;0,1302878359284111;1,0;1,0;0,9998047103855016;0,997909623474154;0,9999448701692486;1,0
CICIDS;FGSM;linear;16;10;78,77585710003041;2,030200299806893;10,439531013525706;0,9358128814581346;0,9300228796157942;0,9358128814581346;0,9298693372634176;0,7704546064908965;0,0148539898618655;0,2807761425433702;0,6918823261576874;0,3908974405728471;0,455333925202962;0,9948586118251928;1,0;0,2885208764597898;0,117525613564221;0,5137548927724792;0,9976689976689976;0,8314175713228775;0,7995480596608245;0,8314175713228775;0,7553754708092469;0,0388951165545091;0,0001241014577148;0,997650900292463;0,50056031964534;0,1435198328616716;0,1313318821321716;1,0;1,0;0,9983205093153146;0,9959482825363236;1,0;1,0
CICIDS;RANDOM_LINF;linear;16;10;78,77585710003041;2,0721507002599537;8,781694373312753;0,9358128814581346;0,9300228796157942;0,9358128814581346;0,9298693372634176;0,7704546064908965;0,0148539898618655;0,2807761425433702;0,6918823261576874;0,3908974405728471;0,455333925202962;0,9948586118251928;1,0;0,2885208764597898;0,117525613564221;0,5137548927724792;0,9976689976689976;0,847995937725007;0,8156777861363156;0,847995937725007;0,7893912123278753;0,2957637348583793;2,625223143967237e-05;0,8919766499489071;0,5233316574860564;0,1717327350133922;0,1818895070289248;1,0;1,0;0,9726985118931376;0,7806911146094093;1,0;1,0
CICIDS;RANDOM_L2;linear;16;10;78,77585710003041;1,995056200074032;10,204680740492432;0,9358128814581346;0,9300228796157942;0,9358128814581346;0,9298693372634176;0,7704546064908965;0,0148539898618655;0,2807761425433702;0,6918823261576874;0,3908974405728471;0,455333925202962;0,9948586118251928;1,0;0,2885208764597898;0,117525613564221;0,5137548927724792;0,9976689976689976;0,8337660740532102;0,8117922116507789;0,8337660740532102;0,7609823806145437;0,1157348699161569;0,0001646730881215;0,982264297208095;0,5038122027160364;0,147400247447573;0,1398172880841518;1,0;1,0;0,9957817443268367;0,963895842473354;0,9998346105077456;1,0
CICIDS;FGSM;linear;16;15;66,11002349993214;2,4069924000650644;10,79795537448106;0,9392979484321166;0,9318578909759134;0,9392979484321166;0,932574802808887;0,7827593341936746;0,0112526610216413;0,2771232924981501;0,6923363200298249;0,3961776675865075;0,4586468725184511;0,987146529562982;1,0;0,2308323243369917;0,1149707089215205;0,5836595181652793;0,9976689976689976;0,831318394687306;0,7834485651921256;0,831318394687306;0,7557335113277137;0,0393014111008173;0,0005035655303428;0,996335404456242;0,5008032468194247;0,1436120634843646;0,1321066905809647;1,0;1,0;0,9982033355466156;0,9931353067175928;1,0;1,0
CICIDS;RANDOM_LINF;linear;16;15;66,11002349993214;2,4404498001094908;8,413550702071404;0,9392979484321166;0,9318578909759134;0,9392979484321166;0,932574802808887;0,7827593341936746;0,0112526610216413;0,2771232924981501;0,6923363200298249;0,3961776675865075;0,4586468725184511;0,987146529562982;1,0;0,2308323243369917;0,1149707089215205;0,5836595181652793;0,9976689976689976;0,8551624414114025;0,8523248102617181;0,8551624414114025;0,8017254129448332;0,3539251497370705;6,44372953519231e-05;0,8387930325702675;0,5338192912028317;0,1825518659798761;0,1990042236123033;1,0;1,0;0,9338749365308752;0,689591989470696;0,9997794806769944;1,0
CICIDS;RANDOM_L2;linear;16;15;66,11002349993214;2,3501614001579583;9,93987912351656;0,9392979484321166;0,9318578909759134;0,9392979484321166;0,932574802808887;0,7827593341936746;0,0112526610216413;0,2771232924981501;0,6923363200298249;0,3961776675865075;0,4586468725184511;0,987146529562982;1,0;0,2308323243369917;0,1149707089215205;0,5836595181652793;0,9976689976689976;0,839899157196951;0,7814011752292489;0,839899157196951;0,777028750930395;0,2133199130225242;0,0025440798831537;0,9255570302681496;0,5150250898411303;0,1579017025767047;0,1648288796297462;1,0;0,9994535519125683;0,9685974299886732;0,8582156958889262;0,9978499366006948;1,0
CICIDS;FGSM;linear;16;20;50,845343300141394;1,8969255001284184;11,408685096330265;0,9421780379291124;0,9356779837209526;0,9421780379291124;0,9363637268413056;0,7936201152927792;0,0114077878437849;0,2738815349017489;0,698186669725413;0,4098043073831371;0,4695639550073509;0,987146529562982;1,0;0,242979338358786;0,122016052027149;0,536192733888307;1,0;0,8280911869658099;0,7182737488493688;0,8280911869658099;0,7570834814495548;0,0458926140535222;0,0062098460187297;0,9817474952724368;0,5024096130733058;0,1438924027421305;0,1368837757139115;1,0;1,0;0,9982423934695152;0,9610570595370204;1,0;1,0
CICIDS;RANDOM_LINF;linear;16;20;50,845343300141394;1,9394989998545495;7,871649565308802;0,9421780379291124;0,9356779837209526;0,9421780379291124;0,9363637268413056;0,7936201152927792;0,0114077878437849;0,2738815349017489;0,698186669725413;0,4098043073831371;0,4695639550073509;0,987146529562982;1,0;0,242979338358786;0,122016052027149;0,536192733888307;1,0;0,8634615422760245;0,8466369537967043;0,8634615422760245;0,8150525476539461;0,4121412057615783;0,0002267238169789;0,7700583751277323;0,5465709226451102;0,1941701498916216;0,2165523750543992;1,0;0,9989071038251366;0,8739991407256962;0,5782084698959973;0,9997243508462428;1,0
CICIDS;RANDOM_L2;linear;16;20;50,845343300141394;1,8336769002489743;10,845560159555369;0,9421780379291124;0,9356779837209526;0,9421780379291124;0,9363637268413056;0,7936201152927792;0,0114077878437849;0,2738815349017489;0,698186669725413;0,4098043073831371;0,4695639550073509;0,987146529562982;1,0;0,242979338358786;0,122016052027149;0,536192733888307;1,0;0,8337224363335588;0,7622491901398918;0,8337224363335588;0,7819674492726825;0,2145527291068235;0,0176772980248775;0,8572452107729712;0,5238727420970967;0,1589059562128591;0,1781550860338664;0,9922879177377892;0,981967213114754;0,9023942506737492;0,7586518361764174;0,9856662440046308;0,9836829836829836
CICIDS;FGSM;linear;32;5;173,00713240006007;5,731035600183532;10,089834196500648;0,9324150899234556;0,9239883221964438;0,9324150899234556;0,9226375182601506;0,7542944699199933;0,0088804139260928;0,3437437602039018;0,6733922416506987;0,3752744759835277;0,4360914774674356;0,9948586118251928;1,0;0,3655040424950201;0,1242354641410101;0,6863112630244225;0,9976689976689976;0,831516747958449;0,8177182078596821;0,831516747958449;0,7554254381205907;0,0450144822579323;4,7731329890313404e-06;0,997650900292463;0,5005765169544841;0,1436589584737565;0,1313418135650882;1,0;1,0;0,9983205093153146;0,9959482825363236;1,0;1,0
CICIDS;RANDOM_LINF;linear;32;5;173,00713240006007;6,011969600105658;9,786155338380764;0,9324150899234556;0,9239883221964438;0,9324150899234556;0,9226375182601506;0,7542944699199933;0,0088804139260928;0,3437437602039018;0,6733922416506987;0,3752744759835277;0,4360914774674356;0,9948586118251928;1,0;0,3655040424950201;0,1242354641410101;0,6863112630244225;0,9976689976689976;0,8345535365396478;0,8179723347786579;0,8345535365396478;0,7625002317818389;0,1326565603262394;0,0;0,9788933391277792;0,5046853076977634;0,1489269786947777;0,1421231302660063;1,0;1,0;0,9973050033199234;0,9554053007819556;1,0;1,0
CICIDS;RANDOM_L2;linear;32;5;173,00713240006007;6,415467400103808;10,109867876886092;0,9324150899234556;0,9239883221964438;0,9324150899234556;0,9226375182601506;0,7542944699199933;0,0088804139260928;0,3437437602039018;0,6733922416506987;0,3752744759835277;0,4360914774674356;0,9948586118251928;1,0;0,3655040424950201;0,1242354641410101;0,6863112630244225;0,9976689976689976;0,8313164111545945;0,7579252931316176;0,8313164111545945;0,7549633847385482;0,0311720085359214;1,1932832472578353e-05;0,9986845041637792;0,500278832771305;0,1431822189006851;0,1304468167893076;1,0;1,0;0,9996094207710032;0,9973676740044904;1,0;1,0
CICIDS;FGSM;linear;32;10;155,45755710010417;4,212027000263333;11,353939593494813;0,945038292098994;0,9384510834851556;0,945038292098994;0,939553491613922;0,8045475612900781;0,0109424073773543;0,2607265765395412;0,7025036020397982;0,4171030159047087;0,474175129405895;0,3933161953727506;1,0;0,2180603835488028;0,1178352989754574;0,5312861789514306;1,0;0,831498896164046;0,8136500033388849;0,831498896164046;0,7554164442467594;0,0437672333578245;2,625223143967237e-05;0,997650900292463;0,5005736014388382;0,1436279094538779;0,1313400256941471;1,0;1,0;0,9983205093153146;0,9959482825363236;1,0;1,0
CICIDS;RANDOM_LINF;linear;32;10;155,45755710010417;4,2573383001144975;10,074560994622638;0,945038292098994;0,9384510834851556;0,945038292098994;0,939553491613922;0,8045475612900781;0,0109424073773543;0,2607265765395412;0,7025036020397982;0,4171030159047087;0,474175129405895;0,3933161953727506;1,0;0,2180603835488028;0,1178352989754574;0,5312861789514306;1,0;0,8442926821527678;0,8235497741375617;0,8442926821527678;0,7825735255857498;0,2609520557667711;2,3865664945156702e-06;0,916959325338564;0,5181069978200937;0,1656558806575393;0,172098662743777;1,0;1,0;0,9831269773073468;0,8286923533510542;1,0;1,0
CICIDS;RANDOM_L2;linear;32;10;155,45755710010417;4,0828329003416;11,123849798968957;0,945038292098994;0,9384510834851556;0,945038292098994;0,939553491613922;0,8045475612900781;0,0109424073773543;0,2607265765395412;0,7025036020397982;0,4171030159047087;0,474175129405895;0,3933161953727506;1,0;0,2180603835488028;0,1178352989754574;0,5312861789514306;1,0;0,8337997941093046;0,7629685582896072;0,8337997941093046;0,7609403345104498;0,1166708447770327;8,830296029707979e-05;0,9826049166656878;0,5037708442573665;0,1474779166997033;0,1397185766689171;1,0;1,0;0,9962894973245324;0,9642313350021936;1,0;1,0
CICIDS;FGSM;linear;32;15;135,13884530006908;3,515525800175965;12,076342206997504;0,952252400570464;0,9511041863942334;0,952252400570464;0,9497570035398388;0,8332610258895096;0,014097448283104;0,2020460658452648;0,7396287413011546;0,4747423943015187;0,5495390366223665;0,3933161953727506;0,7683060109289618;0,1718158028356052;0,1200805182069214;0,3397100170902475;1,0;0,831488978500489;0,8038140097029377;0,831488978500489;0,7554191119075605;0,0431364994679573;4,295819690128206e-05;0,9976274092953876;0,5005767701488616;0,1436011079901447;0,1313537294885849;1,0;1,0;0,9983205093153146;0,9958966683011174;1,0;1,0
CICIDS;RANDOM_LINF;linear;32;15;135,13884530006908;3,4016591997351497;9,65861418503583;0,952252400570464;0,9511041863942334;0,952252400570464;0,9497570035398388;0,8332610258895096;0,014097448283104;0,2020460658452648;0,7396287413011546;0,4747423943015187;0,5495390366223665;0,3933161953727506;0,7683060109289618;0,1718158028356052;0,1200805182069214;0,3397100170902475;1,0;0,8556662587201057;0,8281513338356793;0,8556662587201057;0,8021329211208936;0,3581194938963388;0,0;0,8413652967500206;0,5339973114477771;0,1844696046560111;0,1994987931219319;1,0;1,0;0,954497519821896;0,6815143616609461;1,0;1,0
CICIDS;RANDOM_L2;linear;32;15;135,13884530006908;3,269396600080654;11,058988279305204;0,952252400570464;0,9511041863942334;0,952252400570464;0,9497570035398388;0,8332610258895096;0,014097448283104;0,2020460658452648;0,7396287413011546;0,4747423943015187;0,5495390366223665;0,3933161953727506;0,7683060109289618;0,1718158028356052;0,1200805182069214;0,3397100170902475;1,0;0,841662517777412;0,8050398155495443;0,841662517777412;0,7782846243973793;0,2321687471487517;0,0006348266875411;0,9278826389786116;0,5152877549490261;0,1606819013191465;0,1659585066931072;1,0;1,0;0,977580752255595;0,8564866190095228;0,9997243508462428;1,0
CICIDS;FGSM;linear;32;20;96,52407839987428;2,947980700060725;11,442801858966856;0,9490430446433707;0,9420925591857418;0,9490430446433707;0,9433706987931292;0,8194563384414965;0,0089400780884557;0,2476773276641727;0,7066625681033779;0,4262765720669778;0,4797773780373551;0,3933161953727506;1,0;0,1680662422372378;0,1148932875687114;0,5468879210540823;1,0;0,8346150260537022;0,8020289195699709;0,8346150260537022;0,76284469743691;0,1335825089662599;0,0001598999551325;0,978306064200895;0,5049334049769496;0,1492756137268167;0,1429639634272839;1,0;1,0;0,9983205093153146;0,953469766961728;0,9999448701692486;1,0
CICIDS;RANDOM_LINF;linear;32;20;96,52407839987428;3,1092075002379715;8,911417412640265;0,9490430446433707;0,9420925591857418;0,9490430446433707;0,9433706987931292;0,8194563384414965;0,0089400780884557;0,2476773276641727;0,7066625681033779;0,4262765720669778;0,4797773780373551;0,3933161953727506;1,0;0,1680662422372378;0,1148932875687114;0,5468879210540823;1,0;0,8599288705169681;0,8653324076079111;0,8599288705169681;0,808804690827301;0,3885623596743001;7,159699483547011e-06;0,8079610989088432;0,5403165794510871;0,1904826664952284;0,208146190856054;1,0;1,0;0,9249306721868532;0,6277323285762213;0,9998346105077456;1,0
CICIDS;RANDOM_L2;linear;32;20;96,52407839987428;2,8817954000551254;10,515301963102331;0,9490430446433707;0,9420925591857418;0,9490430446433707;0,9433706987931292;0,8194563384414965;0,0089400780884557;0,2476773276641727;0,7066625681033779;0,4262765720669778;0,4797773780373551;0,3933161953727506;1,0;0,1680662422372378;0,1148932875687114;0,5468879210540823;1,0;0,8438900250123474;0,7842717758273008;0,8438900250123474;0,7876987015869733;0,2627445679691439;0,0057349192863211;0,8766252833601522;0,5243063543480233;0,1658559058488122;0,1816974901401505;0,9897172236503856;0,9972677595628416;0,9392258719681288;0,770858602802653;0,9969127294779204;0,9906759906759908
CICIDS;C&W;linear;1;5;3,4098070999607444;9,466297899838535;0,0;0,8461433181725316;0,8135210307547622;0,8461433181725316;0,7932954123742706;0,28764918991402;0,010293261290846;0,8603577678854579;0,5304859973212036;0,1742855264288807;0,1924424457562292;1,0;1,0;0,9998047103855016;0,693308214405533;1,0;1,0;0,8461433181725316;0,8135210307547622;0,8461433181725316;0,7932954123742706;0,28764918991402;0,010293261290846;0,8603577678854579;0,5304859973212036;0,1742855264288807;0,1924424457562292;1,0;1,0;0,9998047103855016;0,693308214405533;1,0;1,0
CICIDS;C&W;linear;1;10;2,7688670000061397;8,661465300247073;0,0;0,8485334750898045;0,818365594098662;0,8485334750898045;0,7952399312111952;0,3030811464975889;0,0074222217979437;0,8603812588825333;0,5308783272905248;0,1769386759025052;0,1940436112334162;1,0;1,0;0,9999609420771004;0,693256600170327;1,0;1,0;0,8485334750898045;0,818365594098662;0,8485334750898045;0,7952399312111952;0,3030811464975889;0,0074222217979437;0,8603812588825333;0,5308783272905248;0,1769386759025052;0,1940436112334162;1,0;1,0;0,9999609420771004;0,693256600170327;1,0;1,0
CICIDS;C&W;linear;1;15;2,627304800087586;6,145581600023434;0,0;0,8461433181725316;0,8135210307547622;0,8461433181725316;0,7932954123742706;0,28764918991402;0,010293261290846;0,8603577678854579;0,5304859973212036;0,1742855264288807;0,1924424457562292;1,0;1,0;0,9998047103855016;0,693308214405533;1,0;1,0;0,8461433181725316;0,8135210307547622;0,8461433181725316;0,7932954123742706;0,28764918991402;0,010293261290846;0,8603577678854579;0,5304859973212036;0,1742855264288807;0,1924424457562292;1,0;1,0;0,9998047103855016;0,693308214405533;1,0;1,0
CICIDS;C&W;linear;1;20;2,558564000064507;5,616634199861437;0,0;0,8485334750898045;0,818365594098662;0,8485334750898045;0,7952399312111952;0,3030811464975889;0,0074222217979437;0,8603812588825333;0,5308783272905248;0,1769386759025052;0,1940436112334162;1,0;1,0;0,9999609420771004;0,693256600170327;1,0;1,0;0,8485334750898045;0,818365594098662;0,8485334750898045;0,7952399312111952;0,3030811464975889;0,0074222217979437;0,8603812588825333;0,5308783272905248;0,1769386759025052;0,1940436112334162;1,0;1,0;0,9999609420771004;0,693256600170327;1,0;1,0
CICIDS;C&W;linear;2;5;7,805093399947509;13,724620699882507;0,0;0,9038918895330962;0,8650190435687182;0,9038918895330962;0,877301994094991;0,6311639319405752;0,0015989995513254;0,5218877365249768;0,6116454379245179;0,2828009157683696;0,3258663651178272;1,0;1,0;0,5652462602038824;0,2367544968902423;1,0;1,0;0,9038918895330962;0,8650190435687182;0,9038918895330962;0,877301994094991;0,6311639319405752;0,0015989995513254;0,5218877365249768;0,6116454379245179;0,2828009157683696;0,3258663651178272;1,0;1,0;0,5652462602038824;0,2367544968902423;1,0;1,0
CICIDS;C&W;linear;2;10;7,319289800012484;7,103320899652317;0,0;0,9022991127658182;0,8648399472481203;0,9022991127658182;0,8739263593747352;0,6239803543674937;0,0017994711368648;0,5229683223904439;0,6087914477660786;0,276542337202696;0,3184956764868155;0,9948586118251928;1,0;0,5652462602038824;0,2391803659449276;1,0;1,0;0,9022991127658182;0,8648399472481203;0,9022991127658182;0,8739263593747352;0,6239803543674937;0,0017994711368648;0,5229683223904439;0,6087914477660786;0,276542337202696;0,3184956764868155;0,9948586118251928;1,0;0,5652462602038824;0,2391803659449276;1,0;1,0
CICIDS;C&W;linear;2;15;6,483779799891636;6,418444899842143;0,0;0,9054112755900514;0,8683659406192055;0,9054112755900514;0,8787144310546277;0,6383153973472425;0,0013985279657861;0,5212064976097911;0,6132611435608444;0,2881335374238149;0,3299206746208971;0,9948586118251928;1,0;0,5652462602038824;0,2353092983044723;1,0;1,0;0,9054112755900514;0,8683659406192055;0,9054112755900514;0,8787144310546277;0,6383153973472425;0,0013985279657861;0,5212064976097911;0,6132611435608444;0,2881335374238149;0,3299206746208971;0,9948586118251928;1,0;0,5652462602038824;0,2353092983044723;1,0;1,0
CICIDS;C&W;linear;2;20;6,807899100007489;5,786097799893469;0,0;0,9062503099269862;0,8728564995279962;0,9062503099269862;0,8796416133833557;0,6421875029117585;0,0014104607982587;0,5166492441771691;0,6144171403863903;0,2899294610130903;0,3312469870329337;0,9948586118251928;0,9994535519125683;0,5652462602038824;0,2253219437920978;1,0;1,0;0,9062503099269862;0,8728564995279962;0,9062503099269862;0,8796416133833557;0,6421875029117585;0,0014104607982587;0,5166492441771691;0,6144171403863903;0,2899294610130903;0,3312469870329337;0,9948586118251928;0,9994535519125683;0,5652462602038824;0,2253219437920978;1,0;1,0
CICIDS;C&W;linear;4;5;20,799692399799824;23,14547680015676;0,0;0,9213033396740262;0,9175837275927222;0,9213033396740262;0,8992337083688541;0,7083714313446512;0,0037111108989718;0,423343003793796;0,6416302678210882;0,3293622496658042;0,366065120552435;0,9948586118251928;1,0;0,3713627309299691;0,1518490799762574;0,9926677325100612;0,9976689976689976;0,9213033396740262;0,9175837275927222;0,9213033396740262;0,8992337083688541;0,7083714313446512;0,0037111108989718;0,423343003793796;0,6416302678210882;0,3293622496658042;0,366065120552435;0,9948586118251928;1,0;0,3713627309299691;0,1518490799762574;0,9926677325100612;0,9976689976689976
CICIDS;C&W;linear;4;10;18,38394490000792;18,08846269990317;0,0;0,9230071942731444;0,914184985132805;0,9230071942731444;0,9011400914475032;0,7156537231454844;0,0038733974205989;0,416060794700431;0,6438856782883617;0,3345341180636668;0,3698062427019084;0,9948586118251928;1,0;0,3592547748310745;0,144906965341041;0,990407409449253;0,9976689976689976;0,9230071942731444;0,914184985132805;0,9230071942731444;0,9011400914475032;0,7156537231454844;0,0038733974205989;0,416060794700431;0,6438856782883617;0,3345341180636668;0,3698062427019084;0,9948586118251928;1,0;0,3592547748310745;0,144906965341041;0,990407409449253;0,9976689976689976
CICIDS;C&W;linear;4;15;16,796130599919707;15,03774830000475;0,0;0,9249292374705196;0,923334130396717;0,9249292374705196;0,9029423373070828;0,7238652679939188;0,0018161771023264;0,4147452988642103;0,6445265084787553;0,3391777924549891;0,3720633535702843;0,9948586118251928;1,0;0,3590985431394758;0,1413971973470283;0,9918959148795412;1,0;0,9249292374705196;0,923334130396717;0,9249292374705196;0,9029423373070828;0,7238652679939188;0,0018161771023264;0,4147452988642103;0,6445265084787553;0,3391777924549891;0,3720633535702843;0,9948586118251928;1,0;0,3590985431394758;0,1413971973470283;0,9918959148795412;1,0
CICIDS;C&W;linear;4;20;15,405758500099182;11,065932200057432;0,0;0,9221860117306124;0,9156249448496492;0,9221860117306124;0,899751889750637;0,7125082995112633;0,0004462879344744;0,4388822983591539;0,6386278674909877;0,3323331771632852;0,3672390288207524;0,9948586118251928;1,0;0,4099910166777331;0,1621719270174714;0,9890291636804674;0,9976689976689976;0,9221860117306124;0,9156249448496492;0,9221860117306124;0,899751889750637;0,7125082995112633;0,0004462879344744;0,4388822983591539;0,6386278674909877;0,3323331771632852;0,3672390288207524;0,9948586118251928;1,0;0,4099910166777331;0,1621719270174714;0,9890291636804674;0,9976689976689976
CICIDS;C&W;linear;8;5;39,73648630012758;18,76489460002631;0,0;0,923669694198762;0,9236792837735828;0,923669694198762;0,9014343610109916;0,7186440616604044;0,0009880385287294;0,4278297842351918;0,6420704503847011;0,336974243351042;0,3698757035087716;0,9948586118251928;1,0;0,3596844119829707;0,1668946295388268;0,9980704559237004;0,9976689976689976;0,923669694198762;0,9236792837735828;0,923669694198762;0,9014343610109916;0,7186440616604044;0,0009880385287294;0,4278297842351918;0,6420704503847011;0,336974243351042;0,3698757035087716;0,9948586118251928;1,0;0,3596844119829707;0,1668946295388268;0,9980704559237004;0,9976689976689976
CICIDS;C&W;linear;8;10;34,73846639995463;11,048191299894825;0,0;0,930100307249217;0,9233569524910814;0,930100307249217;0,922997070803512;0,7469526193387047;0,0141929109428846;0,3221085518974853;0,6806249129069778;0,375800549583608;0,4431723707826266;0,9948586118251928;1,0;0,3596062961371714;0,1410358977005858;0,5571420695738464;1,0;0,930100307249217;0,923355762981773;0,930100307249217;0,9229960243677722;0,7469515015511236;0,0141905243763901;0,322120297396023;0,6806204535355187;0,3757967726454225;0,4431679306370423;0,9948586118251928;1,0;0,3596062961371714;0,1410358977005858;0,5571971994045978;1,0
CICIDS;C&W;linear;8;15;32,54058970022015;13,486431600060314;0,0;0,9286166247810675;0,921812192643114;0,9286166247810675;0,9208810623174084;0,7413850660950388;0,0139876662243563;0,32066385557735;0,677941163953688;0,3683608524022822;0,4373534333421456;0,9948586118251928;1,0;0,3595281802913721;0,1361067382384061;0,5610011577264458;1,0;0,9286166247810675;0,921812192643114;0,9286166247810675;0,9208810623174084;0,7413850660950388;0,0139876662243563;0,32066385557735;0,677941163953688;0,3683608524022822;0,4373534333421456;0,9948586118251928;1,0;0,3595281802913721;0,1361067382384061;0,5610011577264458;1,0
CICIDS;C&W;linear;8;20;28,99774040002376;7,470360000152141;0,0;0,9323873204654954;0,9320205343150652;0,9323873204654954;0,9265825672629652;0,7577339316684034;0,0167823355894341;0,2955519797037785;0,6913853410736855;0,3878466601829001;0,454910174817161;0,9948586118251928;0,9994535519125683;0,3934695152911768;0,1335260264781026;0,4007938695628204;1,0;0,9323873204654954;0,9320205343150652;0,9323873204654954;0,9265825672629652;0,7577339316684034;0,0167823355894341;0,2955519797037785;0,6913853410736855;0,3878466601829001;0,454910174817161;0,9948586118251928;0,9994535519125683;0,3934695152911768;0,1335260264781026;0,4007938695628204;1,0
CICIDS;C&W;linear;10;5;47,20770979998633;19,89252750063315;0,0;0,924104087862565;0,9163377338658052;0,924104087862565;0,9022380343329685;0,7202791948669824;0,0033340333928383;0,4147805353598233;0,6447744654335962;0,3373150906639748;0,37131318879881;0,9948586118251928;1,0;0,3666757801820099;0,1365970734728638;0,9916753955565356;0,9976689976689976;0,924104087862565;0,9163377338658052;0,924104087862565;0,9022380343329685;0,7202791948669824;0,0033340333928383;0,4147805353598233;0,6447744654335962;0,3373150906639748;0,37131318879881;0,9948586118251928;1,0;0,3666757801820099;0,1365970734728638;0,9916753955565356;0,9976689976689976
CICIDS;C&W;linear;10;10;40,6129616999533;17,453314899932593;0,0;0,9262165502002376;0,9226425134511614;0,9262165502002376;0,904509273383994;0,7292238838049193;0,0022385993718556;0,4112686312970554;0,6468956457708395;0,3438172109500281;0,3760250518234746;0,9922879177377892;0,9994535519125683;0,3628871616607428;0,1313582285994477;0,99184078504879;0,9976689976689976;0,9262165502002376;0,9226425134511614;0,9262165502002376;0,904509273383994;0,7292238838049193;0,0022385993718556;0,4112686312970554;0,6468956457708395;0,3438172109500281;0,3760250518234746;0,9922879177377892;0,9994535519125683;0,3628871616607428;0,1313582285994477;0,99184078504879;0,9976689976689976
CICIDS;C&W;linear;10;15;39,04577510012314;10,293254400137812;0,0;0,92810685687423;0,929616890355488;0,92810685687423;0,9077248329666722;0,7372413397872761;0,0004176491365402;0,4087316036129153;0,6487870186410893;0,3495502766619257;0,3846084541733983;0,9922879177377892;0,9994535519125683;0,3714017888528688;0,1328034271852176;0,9647720381498428;1,0;0,92810685687423;0,929616890355488;0,92810685687423;0,9077248329666722;0,7372413397872761;0,0004176491365402;0,4087316036129153;0,6487870186410893;0,3495502766619257;0,3846084541733983;0,9922879177377892;0,9994535519125683;0,3714017888528688;0,1328034271852176;0,9647720381498428;1,0
CICIDS;C&W;linear;10;20;32,4372434001416;8,002476300112903;0,0003967065422827;0,9307905766327944;0,9302761716566164;0,9307905766327944;0,911378329280022;0,7482013421545184;0,0008400714060695;0,3943551134027884;0,6535120845181074;0,3573303838559726;0,3924154911986041;0,9922879177377892;0,9994535519125683;0,3636292621958364;0,1129577537484838;0,9506588014774796;1,0;0,9307866095673716;0,9302642990223652;0,9307866095673716;0,9113693207813396;0,7481854655471282;0,0008400714060695;0,3943786043998638;0,6535025308996375;0,3573148317360172;0,3923866878161681;0,9922879177377892;0,9994535519125683;0,3636292621958364;0,1129577537484838;0,9507690611389824;1,0
CICIDS;C&W;linear;16;5;77,52239289996214;18,93919170019217;0,0;0,9267461534341892;0,9178467572419352;0,9267461534341892;0,909024908123722;0,7312993121351817;0,0038495317556537;0,3805189161253949;0,6523236849696433;0,3434320386590155;0,3913570875455531;0,9948586118251928;1,0;0,36206694527985;0,1098867067537226;0,8944263741110314;0,9976689976689976;0,9267461534341892;0,9178467572419352;0,9267461534341892;0,909024908123722;0,7312993121351817;0,0038495317556537;0,3805189161253949;0,6523236849696433;0,3434320386590155;0,3913570875455531;0,9948586118251928;1,0;0,36206694527985;0,1098867067537226;0,8944263741110314;0,9976689976689976
CICIDS;C&W;linear;16;10;72,07996399980038;11,0612261001952;0,0;0,9358128814581346;0,9300228796157942;0,9358128814581346;0,9298693372634176;0,7704546064908965;0,0148539898618655;0,2807761425433702;0,6918823261576874;0,3908974405728471;0,455333925202962;0,9948586118251928;1,0;0,2885208764597898;0,117525613564221;0,5137548927724792;0,9976689976689976;0,9358128814581346;0,9300228796157942;0,9358128814581346;0,9298693372634176;0,7704546064908965;0,0148539898618655;0,2807761425433702;0,6918823261576874;0,3908974405728471;0,455333925202962;0,9948586118251928;1,0;0,2885208764597898;0,117525613564221;0,5137548927724792;0,9976689976689976
CICIDS;C&W;linear;16;15;64,01717859995551;9,23553690011613;0,0;0,9392979484321166;0,9318578909759134;0,9392979484321166;0,932574802808887;0,7827593341936746;0,0112526610216413;0,2771232924981501;0,6923363200298249;0,3961776675865075;0,4586468725184511;0,987146529562982;1,0;0,2308323243369917;0,1149707089215205;0,5836595181652793;0,9976689976689976;0,9392979484321166;0,9318569738924616;0,9392979484321166;0,9325736737104624;0,7827585292589805;0,0112502744551468;0,2771350379966877;0,6923318606583656;0,3961740276671969;0,4586421459548792;0,987146529562982;1,0;0,2308323243369917;0,1149707089215205;0,5837146479960307;0,9976689976689976
CICIDS;C&W;linear;16;20;50,56832580012269;8,762734500458464;0,0;0,9421780379291124;0,9356779837209526;0,9421780379291124;0,9363637268413056;0,7936201152927792;0,0114077878437849;0,2738815349017489;0,698186669725413;0,4098043073831371;0,4695639550073509;0,987146529562982;1,0;0,242979338358786;0,122016052027149;0,536192733888307;1,0;0,9421780379291124;0,9356779837209526;0,9421780379291124;0,9363637268413056;0,7936201152927792;0,0114077878437849;0,2738815349017489;0,698186669725413;0,4098043073831371;0,4695639550073509;0,987146529562982;1,0;0,242979338358786;0,122016052027149;0,536192733888307;1,0
CICIDS;C&W;linear;32;5;165,5086592999287;22,95408140006475;0,0005950598134241;0,9324150899234556;0,9239883221964438;0,9324150899234556;0,9226375182601506;0,7542944699199933;0,0088804139260928;0,3437437602039018;0,6733922416506987;0,3752744759835277;0,4360914774674356;0,9948586118251928;1,0;0,3655040424950201;0,1242354641410101;0,6863112630244225;0,9976689976689976;0,9324091393253212;0,923978691117294;0,9324091393253212;0,922628423955642;0,7542704299864768;0,0088804139260928;0,3437789966995149;0,6733779112229941;0,3752538778305093;0,4360659170076257;0,9948586118251928;1,0;0,3655040424950201;0,1242354641410101;0,6864766525166768;0,9976689976689976
CICIDS;C&W;linear;32;10;151,77464160020463;15,35466490034014;0,0005950598134241;0,945038292098994;0,9384510834851556;0,945038292098994;0,939553491613922;0,8045475612900781;0,0109424073773543;0,2607265765395412;0,7025036020397982;0,4171030159047087;0,474175129405895;0,3933161953727506;1,0;0,2180603835488028;0,1178352989754574;0,5312861789514306;1,0;0,94503234150086;0,9384427783428833;0,94503234150086;0,9395456266968324;0,804524514694353;0,0109424073773543;0,2607618130351543;0,7024892716120934;0,4170821750079378;0,4741546244063462;0,3933161953727506;1,0;0,2180603835488028;0,1178352989754574;0,5314515684436849;1,0
CICIDS;C&W;linear;32;15;132,89009489980526;11,067118999781089;0,0005950598134241;0,952252400570464;0,9511041863942334;0,952252400570464;0,9497570035398388;0,8332610258895096;0,014097448283104;0,2020460658452648;0,7396287413011546;0,4747423943015187;0,5495390366223665;0,3933161953727506;0,7683060109289618;0,1718158028356052;0,1200805182069214;0,3397100170902475;1,0;0,9522464499723298;0,951096736181588;0,9522464499723298;0,9497500975815396;0,8332384257991291;0,014097448283104;0,2020813023408778;0,7396144108734498;0,4747207718580505;0,5495224646147492;0,3933161953727506;0,7683060109289618;0,1718158028356052;0,1200805182069214;0,3398754065825018;1,0
CICIDS;C&W;linear;32;20;90,32261709985325;8,658961500041187;0,0;0,9490430446433707;0,9420925591857418;0,9490430446433707;0,9433706987931292;0,8194563384414965;0,0089400780884557;0,2476773276641727;0,7066625681033779;0,4262765720669778;0,4797773780373551;0,3933161953727506;1,0;0,1680662422372378;0,1148932875687114;0,5468879210540823;1,0;0,9490430446433707;0,9420925591857418;0,9490430446433707;0,9433706987931292;0,8194563384414965;0,0089400780884557;0,2476773276641727;0,7066625681033779;0,4262765720669778;0,4797773780373551;0,3933161953727506;1,0;0,1680662422372378;0,1148932875687114;0,5468879210540823;1,0
