Dataset,Attack,Resolution,AddressSize,BloomSize,Hash,TrainTime_s,InferTime_Adv_s,Acc_Drop_pp,Clean_Acc,Clean_Precision,Clean_Recall,Clean_F1,Clean_MCC,Clean_FAR,Clean_ASR,Clean_AUC,Clean_PR_AUC,Clean_F1_Macro,Clean_Miss_bots,Clean_Miss_brute force,Clean_Miss_ddos,Clean_Miss_dos,Clean_Miss_port scanning,Clean_Miss_web attacks,Adv_Acc,Adv_Precision,Adv_Recall,Adv_F1,Adv_MCC,Adv_FAR,Adv_ASR,Adv_AUC,Adv_PR_AUC,Adv_F1_Macro,Adv_Miss_bots,Adv_Miss_brute force,Adv_Miss_ddos,Adv_Miss_dos,Adv_Miss_port scanning,Adv_Miss_web attacks
CICIDS,FGSM,1,5,1024,2,132.50718307495117,57.10918831825256,-14.036667585703489,0.6542722319305129,0.8579618482748131,0.6542722319305129,0.707390900393236,0.41226981589465667,0.37045955724418395,0.13130292815278544,0.7634695547559642,0.19982789312596763,0.42879561088074986,0.08226221079691516,0.06830601092896176,0.0020310119907823304,0.005109809285400914,0.5932521087160263,0.02564102564102564,0.7946389077875478,0.693164879940532,0.7946389077875478,0.7399300024055437,-0.019510289351543916,0.046466449648220096,0.9685220639190031,0.489107339790927,0.14802800233419885,0.13195727714011457,0.9897172236503856,1.0,0.9566457055813772,0.9722573485767375,0.972931253101053,1.0
CICIDS,RANDOM_LINF,1,5,1024,2,132.50718307495117,18.110109329223633,-17.123639544501547,0.6542722319305129,0.8579618482748131,0.6542722319305129,0.707390900393236,0.41226981589465667,0.37045955724418395,0.13130292815278544,0.7634695547559642,0.19982789312596763,0.42879561088074986,0.08226221079691516,0.06830601092896176,0.0020310119907823304,0.005109809285400914,0.5932521087160263,0.02564102564102564,0.8255086273755283,0.7020076841247592,0.8255086273755283,0.7538551507460567,0.011433366374324957,0.008076141017441028,0.9893350873277816,0.5187456701608506,0.14607245468733707,0.13291844847617987,0.9922879177377892,0.994535519125683,0.9924618208803656,0.9854963999070944,0.9924472131870555,0.993006993006993
CICIDS,RANDOM_L2,1,5,1024,2,132.50718307495117,12.288227081298828,-17.144268284700416,0.6542722319305129,0.8579618482748131,0.6542722319305129,0.707390900393236,0.41226981589465667,0.37045955724418395,0.13130292815278544,0.7634695547559642,0.19982789312596763,0.42879561088074986,0.08226221079691516,0.06830601092896176,0.0020310119907823304,0.005109809285400914,0.5932521087160263,0.02564102564102564,0.825714914777517,0.7022913351696524,0.825714914777517,0.7536683743858849,0.00879056522411541,0.007613147117504988,0.9902982182078718,0.5081484073655556,0.14374957691809018,0.13236410736010693,0.987146529562982,0.994535519125683,0.9926961684177635,0.9877674262561614,0.9917856552180385,0.9976689976689976
CICIDS,FGSM,1,5,1024,3,134.53012371063232,68.50811576843262,-11.94622246112772,0.6521121648077659,0.8566539974253056,0.6521121648077659,0.7057307831420963,0.4084049917464403,0.37305136845722797,0.13876131972421568,0.7580407625974438,0.2046243571338888,0.4290418743683979,0.10282776349614396,0.06557377049180328,0.0015623169159864078,0.004903352344576634,0.629086498704449,0.030303030303030304,0.7715743894190431,0.6877546002521351,0.7715743894190431,0.72717798651242,-0.046292761334054515,0.0737281987150726,0.9680639894760333,0.4953648518584376,0.14636848162429925,0.12824016282711656,1.0,0.9841530054644809,0.9526617974456119,0.9775478076853596,0.9665361927338884,0.9976689976689976
CICIDS,RANDOM_LINF,1,5,1024,3,134.53012371063232,18.360658168792725,-17.13097861553384,0.6521121648077659,0.8566539974253056,0.6521121648077659,0.7057307831420963,0.4084049917464403,0.37305136845722797,0.13876131972421568,0.7580407625974438,0.2046243571338888,0.4290418743683979,0.10282776349614396,0.06557377049180328,0.0015623169159864078,0.004903352344576634,0.629086498704449,0.030303030303030304,0.8234219509631043,0.7072434319126683,0.8234219509631043,0.7539342387685525,0.018466667440113875,0.011331417715960402,0.9830160091145068,0.5210948618716923,0.147042097769922,0.1346357404482726,0.987146529562982,0.9907103825136612,0.9864859586767176,0.9771607009213141,0.9898009813109874,0.9813519813519813
CICIDS,RANDOM_L2,1,5,1024,3,134.53012371063232,13.460718870162964,-17.13990451273527,0.6521121648077659,0.8566539974253056,0.6521121648077659,0.7057307831420963,0.4084049917464403,0.37305136845722797,0.13876131972421568,0.7580407625974438,0.2046243571338888,0.4290418743683979,0.10282776349614396,0.06557377049180328,0.0015623169159864078,0.004903352344576634,0.629086498704449,0.030303030303030304,0.8235112099351186,0.7030299073958165,0.8235112099351186,0.7532288685969248,0.010006228704051602,0.010710910427386328,0.9866218771655763,0.5096247390216282,0.1444078357388671,0.1334418788208124,0.9948586118251928,0.9907103825136612,0.9896105925086904,0.9828640739115848,0.9898561111417388,0.986013986013986
CICIDS,FGSM,1,5,2048,2,131.7418110370636,46.248854875564575,-14.7757318739822,0.6473358180386432,0.856620700133289,0.6473358180386432,0.7014218746415627,0.4069819174478988,0.37894618769868166,0.13360504586617178,0.7490615246641308,0.19577225674214419,0.42793721539728263,0.07969151670951156,0.06284153005464481,0.0017185486075850485,0.0045678598157371806,0.6062627487733613,0.02564102564102564,0.7950931367784652,0.6941437015953409,0.7950931367784652,0.7408057332691399,-0.009620711020330056,0.045557167813809626,0.95534361455972,0.47802889779221724,0.14404695095619965,0.1313750013605634,0.9974293059125964,1.0,0.9028238878256454,0.9761800304523988,0.978719885329952,0.9906759906759907
CICIDS,RANDOM_LINF,1,5,2048,2,131.7418110370636,18.22821879386902,-17.741311630840762,0.6473358180386432,0.856620700133289,0.6473358180386432,0.7014218746415627,0.4069819174478988,0.37894618769868166,0.13360504586617178,0.7490615246641308,0.19577225674214419,0.42793721539728263,0.07969151670951156,0.06284153005464481,0.0017185486075850485,0.0045678598157371806,0.6062627487733613,0.02564102564102564,0.8247489343470508,0.7091891292740263,0.8247489343470508,0.7538253675466247,0.013897299660030707,0.009181121304401784,0.9868685326348677,0.5283856769766532,0.1469358299142519,0.1333888774758177,0.9897172236503856,0.9885245901639345,0.9896105925086904,0.9831737593228213,0.9907381884337615,0.9836829836829837
CICIDS,RANDOM_L2,1,5,2048,2,131.7418110370636,14.62423324584961,-17.71691417849017,0.6473358180386432,0.856620700133289,0.6473358180386432,0.7014218746415627,0.4069819174478988,0.37894618769868166,0.13360504586617178,0.7490615246641308,0.19577225674214419,0.42793721539728263,0.07969151670951156,0.06284153005464481,0.0017185486075850485,0.0045678598157371806,0.6062627487733613,0.02564102564102564,0.8245049598235449,0.7006536827016009,0.8245049598235449,0.7531261317018326,0.005965660988030573,0.009088045211115671,0.9893468328263193,0.5139016685031764,0.14437620624435293,0.13228127725786934,0.9922879177377892,0.9918032786885246,0.9912510252704761,0.987431933727322,0.9904625392800044,0.9883449883449883
CICIDS,FGSM,1,5,2048,3,132.05090832710266,48.809818744659424,-12.788232097129637,0.6552263111647105,0.8493442097375382,0.6552263111647105,0.7054110894355703,0.40299670838618423,0.36929013966187124,0.1674673181503189,0.7606172295389959,0.20141886547698107,0.4306139320042229,0.09511568123393316,0.06885245901639345,0.0016794906846853885,0.005187230638210018,0.76310711726115,0.02097902097902098,0.7831086321360069,0.6906920944251554,0.7831086321360069,0.7338152168037477,-0.03158039105607589,0.06022261892260842,0.9650806328474613,0.4691687643711959,0.1459650086799984,0.1302354810170687,1.0,1.0,0.9326250829980861,0.9734960902216832,0.9878163074039362,1.0
CICIDS,RANDOM_LINF,1,5,2048,3,132.05090832710266,18.466445446014404,-16.934410523831154,0.6552263111647105,0.8493442097375382,0.6552263111647105,0.7054110894355703,0.40299670838618423,0.36929013966187124,0.1674673181503189,0.7606172295389959,0.20141886547698107,0.4306139320042229,0.09511568123393316,0.06885245901639345,0.0016794906846853885,0.005187230638210018,0.76310711726115,0.02097902097902098,0.8245704164030221,0.7056696357759454,0.8245704164030221,0.7537028519141618,0.012930843797698238,0.009374433190457552,0.9869507511246315,0.5248655919103741,0.1473037255263598,0.13329123582979865,0.9897172236503856,0.9901639344262295,0.9890637815880952,0.9833544091460424,0.9912343569105243,0.9883449883449883
CICIDS,RANDOM_L2,1,5,2048,3,132.05090832710266,16.731022119522095,-16.92409615373173,0.6552263111647105,0.8493442097375382,0.6552263111647105,0.7054110894355703,0.40299670838618423,0.36929013966187124,0.1674673181503189,0.7606172295389959,0.20141886547698107,0.4306139320042229,0.09511568123393316,0.06885245901639345,0.0016794906846853885,0.005187230638210018,0.76310711726115,0.02097902097902098,0.8244672727020278,0.7011266723538311,0.8244672727020278,0.7531093836617138,0.005549167380329878,0.009152482506467595,0.9895934882956107,0.5111482388292358,0.14464187235078724,0.1323243008367641,0.9974293059125964,0.9934426229508196,0.991719720345272,0.9871738625512917,0.9912894867412757,0.986013986013986
CICIDS,FGSM,1,10,1024,2,109.0370466709137,35.02617025375366,-4.981047344942291,0.7236502555781898,0.888411473812898,0.7236502555781898,0.7580652025848663,0.4462556379876185,0.28687483890676163,0.21793772536675318,0.8190292292778796,0.24145762240835572,0.46018355191941207,0.13367609254498714,0.060109289617486336,0.0028512283716751944,0.007484064104880126,0.9910138375875186,0.1258741258741259,0.7734607290276128,0.6928858372759157,0.7734607290276128,0.7295348037950328,-0.03205145632721947,0.07183565148492167,0.9530884788404844,0.4780478781708665,0.1441097359577642,0.13019174304817413,0.9691516709511568,0.9721311475409836,0.9050111315080264,0.9735735115744922,0.974915927008104,0.9533799533799534
CICIDS,RANDOM_LINF,1,10,1024,2,109.0370466709137,18.898345708847046,-8.058696699996625,0.7236502555781898,0.888411473812898,0.7236502555781898,0.7580652025848663,0.4462556379876185,0.28687483890676163,0.21793772536675318,0.8190292292778796,0.24145762240835572,0.46018355191941207,0.13367609254498714,0.060109289617486336,0.0028512283716751944,0.007484064104880126,0.9910138375875186,0.1258741258741259,0.8042372225781561,0.7046315307616476,0.8042372225781561,0.7477404502158699,0.01887728874004659,0.03624001221922045,0.9510447620949272,0.5222277252574176,0.14791613876003637,0.13858617682697078,0.9537275064267352,0.9584699453551913,0.9560988946607819,0.9417275284523472,0.9630078835657975,0.951048951048951
CICIDS,RANDOM_L2,1,10,1024,2,109.0370466709137,15.534118175506592,-8.073176488790068,0.7236502555781898,0.888411473812898,0.7236502555781898,0.7580652025848663,0.4462556379876185,0.28687483890676163,0.21793772536675318,0.8190292292778796,0.24145762240835572,0.46018355191941207,0.13367609254498714,0.060109289617486336,0.0028512283716751944,0.007484064104880126,0.9910138375875186,0.1258741258741259,0.8043820204660905,0.7039466324940508,0.8043820204660905,0.7466391354790445,0.009695319079687008,0.03523049459204032,0.9580215882263122,0.5070364409850686,0.14523265364326038,0.1365116764583241,0.9562982005141388,0.9650273224043716,0.961606061789634,0.9523858680224006,0.9641656100115773,0.965034965034965
CICIDS,FGSM,1,10,1024,3,109.6891736984253,23.9126398563385,-5.998797979176873,0.7218591255397688,0.8759156455846605,0.7218591255397688,0.7563988214635693,0.44538490433884914,0.28891773982606705,0.21399123785809088,0.8183824014467042,0.22248565190555297,0.45764119764258554,0.15424164524421594,0.06557377049180328,0.002812170448775534,0.008129242044955999,0.970836319532499,0.0979020979020979,0.7818471053315376,0.6944186765271916,0.7818471053315376,0.734413700639534,-0.018905347796855976,0.061437381268316896,0.9457005602602803,0.4811866161493632,0.14584582109834507,0.13021851874058427,0.9768637532133676,0.992896174863388,0.8829434050697184,0.9780897571550233,0.9594244445669552,0.9557109557109557
CICIDS,RANDOM_LINF,1,10,1024,3,109.6891736984253,14.244683265686035,-8.455204889011425,0.7218591255397688,0.8759156455846605,0.7218591255397688,0.7563988214635693,0.44538490433884914,0.28891773982606705,0.21399123785809088,0.8183824014467042,0.22248565190555297,0.45764119764258554,0.15424164524421594,0.06557377049180328,0.002812170448775534,0.008129242044955999,0.970836319532499,0.0979020979020979,0.8064111744298831,0.7044438539038625,0.8064111744298831,0.7478319002202132,0.012183311956841886,0.03302769371760236,0.9602297419513971,0.5274353992770819,0.1482906807163125,0.13741774067890092,0.9691516709511568,0.9699453551912568,0.9607077295629418,0.9547085086066737,0.9698991124097249,0.972027972027972
CICIDS,RANDOM_L2,1,10,1024,3,109.6891736984253,13.643123149871826,-8.533951137655183,0.7218591255397688,0.8759156455846605,0.7218591255397688,0.7563988214635693,0.44538490433884914,0.28891773982606705,0.21399123785809088,0.8183824014467042,0.22248565190555297,0.45764119764258554,0.15424164524421594,0.06557377049180328,0.002812170448775534,0.008129242044955999,0.970836319532499,0.0979020979020979,0.8071986369163207,0.703432997015613,0.8071986369163207,0.7475826328361777,0.008167814791316577,0.031614846352849085,0.9640587744746826,0.5129860755479958,0.14535005766341702,0.13690726984504045,0.9485861182519281,0.9677595628415301,0.9652384486193024,0.9614183591834627,0.967804178841171,0.972027972027972
CICIDS,FGSM,1,10,2048,2,108.95325779914856,29.897689819335938,-7.618550791330381,0.720540076286668,0.8885937727118913,0.720540076286668,0.7558288347936187,0.4450516483595166,0.2904069573186448,0.2097863493815995,0.8269969709103725,0.2589578713485105,0.4549507347365164,0.14138817480719795,0.07377049180327869,0.0037105026754677187,0.008103434927352963,0.9507690611389823,0.037296037296037296,0.7967255841999719,0.7017158803032562,0.7967255841999719,0.7419857456031315,-0.009983653276193808,0.044125227917100225,0.9624261501779443,0.4621257471996931,0.14452310505507532,0.13532038137761535,0.987146529562982,0.9907103825136612,0.9261414677967426,0.9762316446876048,0.9803737802524947,0.9790209790209791
CICIDS,RANDOM_LINF,1,10,2048,2,108.95325779914856,16.26315450668335,-8.115822442085808,0.720540076286668,0.8885937727118913,0.720540076286668,0.7558288347936187,0.4450516483595166,0.2904069573186448,0.2097863493815995,0.8269969709103725,0.2589578713485105,0.4549507347365164,0.14138817480719795,0.07377049180327869,0.0037105026754677187,0.008103434927352963,0.9507690611389823,0.037296037296037296,0.8016983007075261,0.7064742347533814,0.8016983007075261,0.7466582542617181,0.017434893975915553,0.03929959046518954,0.9482963154371087,0.5215190300905246,0.14714999193599446,0.13883705505115013,0.9588688946015425,0.9612021857923497,0.9529742608288091,0.9391984309272497,0.9598654832129665,0.9370629370629371
CICIDS,RANDOM_L2,1,10,2048,2,108.95325779914856,14.218809366226196,-8.179295488851556,0.720540076286668,0.8885937727118913,0.720540076286668,0.7558288347936187,0.4450516483595166,0.2904069573186448,0.2097863493815995,0.8269969709103725,0.2589578713485105,0.4549507347365164,0.14138817480719795,0.07377049180327869,0.0037105026754677187,0.008103434927352963,0.9507690611389823,0.037296037296037296,0.8023330311751836,0.7023036892482876,0.8023330311751836,0.7459612599386536,0.009770618151781455,0.03790583563239239,0.9557194705129259,0.5073680028736296,0.1446670684374997,0.1372574787845912,0.9768637532133676,0.9579234972677596,0.9593797601843534,0.9492632067924334,0.963338662550306,0.9696969696969697
CICIDS,FGSM,1,10,2048,3,109.26694846153259,33.37413024902344,-5.605066735958076,0.7237137286249556,0.8782247447886274,0.7237137286249556,0.7587421750384883,0.4482280590687449,0.2866433419567936,0.21022093282749385,0.8210608394319028,0.24844506036953778,0.45862006902859814,0.12082262210796915,0.07431693989071038,0.0035152130609694176,0.007793749516116545,0.9512652296157451,0.1585081585081585,0.7797643959845364,0.6922751392997851,0.7797643959845364,0.7332557025492626,-0.019750518760532177,0.06384542686128321,0.9447961568728784,0.48091724156586685,0.14254678503091656,0.13028266797321167,0.910025706940874,0.9737704918032787,0.8733742139593016,0.9763864873932231,0.9761839131153868,0.9347319347319347
CICIDS,RANDOM_LINF,1,10,2048,3,109.26694846153259,21.533790826797485,-7.354145880896789,0.7237137286249556,0.8782247447886274,0.7237137286249556,0.7587421750384883,0.4482280590687449,0.2866433419567936,0.21022093282749385,0.8210608394319028,0.24844506036953778,0.45862006902859814,0.12082262210796915,0.07431693989071038,0.0035152130609694176,0.007793749516116545,0.9512652296157451,0.1585081585081585,0.7972551874339235,0.7080340338802799,0.7972551874339235,0.7455348008735164,0.020944925757543927,0.04551182305041383,0.939064353586488,0.5259678958997946,0.1481050822027638,0.14034951050046326,0.961439588688946,0.9486338797814208,0.945397023786275,0.9257013084208625,0.9569436021831413,0.951048951048951
CICIDS,RANDOM_L2,1,10,2048,3,109.26694846153259,18.658317804336548,-7.375369680909094,0.7237137286249556,0.8782247447886274,0.7237137286249556,0.7587421750384883,0.4482280590687449,0.2866433419567936,0.21022093282749385,0.8210608394319028,0.24844506036953778,0.45862006902859814,0.12082262210796915,0.07431693989071038,0.0035152130609694176,0.007793749516116545,0.9512652296157451,0.1585081585081585,0.7974674254340466,0.7073877932898727,0.7974674254340466,0.7444350126297016,0.011898455426890362,0.044397296497475015,0.947203984073104,0.50539198676856,0.14529187024530166,0.13799926715247518,0.9691516709511568,0.9540983606557377,0.9528570870601102,0.938656481457586,0.9563923038756271,0.9440559440559441
CICIDS,FGSM,1,15,1024,2,99.91906833648682,23.181366205215454,5.220658096483,0.7508385384537569,0.8886002698332,0.7508385384537569,0.7790484360467382,0.4720894155277173,0.2540213645432589,0.2190770387249087,0.8646777534233846,0.2962016755489746,0.4704638564976477,0.14910025706940874,0.05027322404371585,0.003437097215170097,0.010142197217992723,0.9893048128342246,0.17715617715617715,0.6986319574889269,0.6909972178084026,0.6986319574889269,0.6936661846834287,-0.03344809160100612,0.16298817217645317,0.8777411057212323,0.4620712864189156,0.1416209828926454,0.12613453352059453,0.8997429305912596,0.7868852459016393,0.7517868999726595,0.9465792665617178,0.9162577870885936,0.916083916083916
CICIDS,RANDOM_LINF,1,15,1024,2,99.91906833648682,15.240206718444824,7.759183260570746,0.7508385384537569,0.8886002698332,0.7508385384537569,0.7790484360467382,0.4720894155277173,0.2540213645432589,0.2190770387249087,0.8646777534233846,0.2962016755489746,0.4704638564976477,0.14910025706940874,0.05027322404371585,0.003437097215170097,0.010142197217992723,0.9893048128342246,0.17715617715617715,0.6732467058480495,0.7034416355214118,0.6732467058480495,0.686369802016209,0.004689029247225116,0.1962521359770126,0.802816570549337,0.5209393882671333,0.1473798190333356,0.1332239337955108,0.794344473007712,0.7885245901639344,0.7990079287583486,0.8055949830963379,0.8039031920172005,0.8018648018648019
CICIDS,RANDOM_L2,1,15,1024,2,99.91906833648682,16.530977964401245,7.899617376539969,0.7508385384537569,0.8886002698332,0.7508385384537569,0.7790484360467382,0.4720894155277173,0.2540213645432589,0.2190770387249087,0.8646777534233846,0.2962016755489746,0.4704638564976477,0.14910025706940874,0.05027322404371585,0.003437097215170097,0.010142197217992723,0.9893048128342246,0.17715617715617715,0.6718423646883572,0.7014485454500022,0.6718423646883572,0.6850112932264802,0.0026492904017273887,0.19688696266455377,0.8016890026897192,0.5099180128897284,0.14476216103440415,0.13031143261409966,0.8149100257069408,0.7896174863387978,0.7996328555247432,0.8040981702753619,0.7998787143723469,0.8228438228438228
CICIDS,FGSM,1,15,1024,3,100.52636432647705,28.396417140960693,1.4910215391817139,0.7501085984159508,0.8872034313592576,0.7501085984159508,0.7785261918157518,0.4710334747338706,0.25478745238799844,0.22008715159914963,0.8613194884113644,0.27792065567171137,0.46927789737675435,0.15424164524421594,0.06448087431693988,0.003593328906768738,0.009600247748328988,0.9912894867412757,0.2680652680652681,0.7351983830241337,0.7043308638861452,0.7351983830241337,0.7172083212609334,0.010341651340698145,0.11985814248756599,0.8571395012861321,0.4742210156072973,0.14252258666244336,0.13531141069685632,0.8817480719794345,0.853551912568306,0.7070265203296489,0.9308627319414695,0.9108550636749545,0.8787878787878788
CICIDS,RANDOM_LINF,1,15,1024,3,100.52636432647705,16.398770332336426,10.426638050901415,0.7501085984159508,0.8872034313592576,0.7501085984159508,0.7785261918157518,0.4710334747338706,0.25478745238799844,0.22008715159914963,0.8613194884113644,0.27792065567171137,0.46927789737675435,0.15424164524421594,0.06448087431693988,0.003593328906768738,0.009600247748328988,0.9912894867412757,0.2680652680652681,0.6458422179069366,0.7028898000925125,0.6458422179069366,0.6715796790262074,0.002740249015255068,0.22916288793638367,0.7740166081349323,0.5137794434424726,0.14685147882605634,0.13073551471108324,0.8046272493573264,0.7825136612021858,0.7769792602429403,0.7755296910888023,0.7660841281217267,0.7319347319347319
CICIDS,RANDOM_L2,1,15,1024,3,100.52636432647705,16.010912895202637,10.447465144371426,0.7501085984159508,0.8872034313592576,0.7501085984159508,0.7785261918157518,0.4710334747338706,0.25478745238799844,0.22008715159914963,0.8613194884113644,0.27792065567171137,0.46927789737675435,0.15424164524421594,0.06448087431693988,0.003593328906768738,0.009600247748328988,0.9912894867412757,0.2680652680652681,0.6456339469722365,0.7026738972821907,0.6456339469722365,0.6710969051695683,0.0021066898323796705,0.2285447672143041,0.7723135108469679,0.5057280751654848,0.14439307445681984,0.12853627583062485,0.7866323907455013,0.7524590163934426,0.7693239073546069,0.7761748690288781,0.7704945145818403,0.7505827505827506
CICIDS,FGSM,1,15,2048,2,99.79378366470337,32.26120448112488,3.749273531144437,0.7470837110310204,0.8935113044148164,0.7470837110310204,0.7780164461277865,0.470701842822214,0.25939113915591916,0.21468422227181433,0.8634784482007329,0.31308871858474063,0.47583383726982426,0.13624678663239073,0.060655737704918035,0.0039057922899660195,0.010400268394023072,0.9674733998566625,0.1445221445221445,0.7095909757195761,0.7033399174605552,0.7095909757195761,0.7051755033227436,0.007838241599901638,0.15053745477456493,0.8138573391747612,0.4649217184894005,0.1408512145594442,0.13197807849195886,0.8277634961439588,0.759016393442623,0.6307463969066125,0.9152494257916334,0.863608798720988,0.7016317016317016
CICIDS,RANDOM_LINF,1,15,2048,2,99.79378366470337,20.79548406600952,14.929058952575714,0.7470837110310204,0.8935113044148164,0.7470837110310204,0.7780164461277865,0.470701842822214,0.25939113915591916,0.21468422227181433,0.8634784482007329,0.31308871858474063,0.47583383726982426,0.13624678663239073,0.060655737704918035,0.0039057922899660195,0.010400268394023072,0.9674733998566625,0.1445221445221445,0.5977931215052633,0.7024225433804465,0.5977931215052633,0.6447680124378825,0.0012476794366202562,0.2887459070384619,0.7207037902723781,0.5171297321908817,0.14603926484556143,0.12872821286376837,0.712082262210797,0.7109289617486338,0.7185876655079483,0.7278897519935998,0.7099619604167815,0.7016317016317016
CICIDS,RANDOM_L2,1,15,2048,2,99.79378366470337,17.94655132293701,14.938579909590576,0.7470837110310204,0.8935113044148164,0.7470837110310204,0.7780164461277865,0.470701842822214,0.25939113915591916,0.21468422227181433,0.8634784482007329,0.31308871858474063,0.47583383726982426,0.13624678663239073,0.060655737704918035,0.0039057922899660195,0.010400268394023072,0.9674733998566625,0.1445221445221445,0.5976979119351147,0.7024591275211138,0.5976979119351147,0.6446617659187952,0.0021664357491610244,0.2877244565788092,0.7143377300649526,0.5087364902238068,0.14418156870354262,0.12653397094052668,0.6709511568123393,0.6743169398907104,0.7132757879935945,0.721360551240032,0.7069849495562048,0.6643356643356644
CICIDS,FGSM,1,15,2048,3,100.78436374664307,30.339802742004395,6.067428210992343,0.7549960230169136,0.8864270786151855,0.7549960230169136,0.7824104266517276,0.4763381482767064,0.24899286893931438,0.21949987667226536,0.8634102825931921,0.2931621803195173,0.47232966719019565,0.14910025706940874,0.053551912568306013,0.004179197750263641,0.009109912513871325,0.9908484480952644,0.23076923076923078,0.6943217409069902,0.6996695855271976,0.6943217409069902,0.6961240506354075,0.002047897465801772,0.1693722375492826,0.8171343332667755,0.4886076493533844,0.14419387065531927,0.13040766310988816,0.7172236503856041,0.6551912568306011,0.668046713275788,0.9117654649152236,0.8450300457577595,0.7692307692307693
CICIDS,RANDOM_LINF,1,15,2048,3,100.78436374664307,22.399799346923828,18.06522252261723,0.7549960230169136,0.8864270786151855,0.7549960230169136,0.7824104266517276,0.4763381482767064,0.24899286893931438,0.21949987667226536,0.8634102825931921,0.2931621803195173,0.47232966719019565,0.14910025706940874,0.053551912568306013,0.004179197750263641,0.009109912513871325,0.9908484480952644,0.23076923076923078,0.5743437977907413,0.7026427891240772,0.5743437977907413,0.6312434488893223,0.0031647545236715667,0.3174061840711006,0.6862894795569598,0.5159257402355157,0.14604882040439085,0.12663545504120907,0.699228791773779,0.6639344262295082,0.684490098816545,0.6910113809388629,0.6827278240255802,0.6013986013986014
CICIDS,RANDOM_L2,1,15,2048,3,100.78436374664307,20.349539756774902,18.27389016385964,0.7549960230169136,0.8864270786151855,0.7549960230169136,0.7824104266517276,0.4763381482767064,0.24899286893931438,0.21949987667226536,0.8634102825931921,0.2931621803195173,0.47232966719019565,0.14910025706940874,0.053551912568306013,0.004179197750263641,0.009109912513871325,0.9908484480952644,0.23076923076923078,0.5722571213783172,0.7018989789985937,0.5722571213783172,0.6295049453251106,0.0015726215436107733,0.31850877779156683,0.6825544110219758,0.5078738918680091,0.14403044422179084,0.12398456888984362,0.699228791773779,0.6540983606557377,0.677459672694606,0.6871661204160108,0.6835547714868515,0.634032634032634
CICIDS,FGSM,1,20,1024,2,95.3544340133667,17.03659176826477,9.315661379229645,0.7698070617731593,0.8961353603132137,0.7698070617731593,0.7947621920184058,0.4930814340739436,0.23175947228241672,0.21804343485359237,0.8762269845872223,0.33988552542151523,0.4828717877518525,0.15681233933161953,0.053005464480874315,0.0047260086708588835,0.01238741644945676,0.9701196317327305,0.48484848484848486,0.6766504479808628,0.6936915993828549,0.6766504479808628,0.6808596083134535,-0.0353485033744148,0.1888370738785524,0.8786924911027849,0.48757125598808837,0.1423245630033996,0.12322080685679189,0.8508997429305912,0.8005464480874317,0.8426746865601688,0.9027845879893674,0.88621202932907,0.8927738927738927
CICIDS,RANDOM_LINF,1,20,1024,2,95.3544340133667,5.263816595077515,12.282827962257347,0.7698070617731593,0.8961353603132137,0.7698070617731593,0.7947621920184058,0.4930814340739436,0.23175947228241672,0.21804343485359237,0.8762269845872223,0.33988552542151523,0.4828717877518525,0.15681233933161953,0.053005464480874315,0.0047260086708588835,0.01238741644945676,0.9701196317327305,0.48484848484848486,0.6469787821505858,0.7044468093248913,0.6469787821505858,0.6698825443619714,0.0001527396520314357,0.2238169789886686,0.78052361432481,0.5077499137500848,0.14416086341311593,0.12191745780533088,0.7583547557840618,0.7754098360655738,0.7751044799437566,0.7899558698288988,0.7698329566128232,0.745920745920746
CICIDS,RANDOM_L2,1,20,1024,2,95.3544340133667,5.389364719390869,12.297902810864214,0.7698070617731593,0.8961353603132137,0.7698070617731593,0.7947621920184058,0.4930814340739436,0.23175947228241672,0.21804343485359237,0.8762269845872223,0.33988552542151523,0.4828717877518525,0.15681233933161953,0.053005464480874315,0.0047260086708588835,0.01238741644945676,0.9701196317327305,0.48484848484848486,0.6468280336645171,0.7034381631888845,0.6468280336645171,0.6696200826290748,0.001256626908082825,0.22338739701965576,0.7754260679594546,0.5030576581546201,0.14333154493198097,0.12010228539148904,0.7866323907455013,0.7568306010928961,0.7719407881888841,0.7803814291981729,0.7718727603506257,0.7552447552447552
CICIDS,FGSM,1,20,1024,3,95.95731329917908,8.74277639389038,0.8521256528302046,0.7719948983538663,0.8992858938711056,0.7719948983538663,0.79899182024162,0.5002446631568853,0.23092417400933624,0.20808325209363512,0.8800394613811565,0.3409241813119866,0.49440508083078794,0.16709511568123395,0.05628415300546448,0.00398390813576534,0.012619680507884075,0.9284966095154088,0.2680652680652681,0.7634736418255642,0.7078748736935518,0.7634736418255642,0.7289019718076423,0.010242754605740825,0.08410498983322673,0.9016784317410352,0.4918705595108488,0.14425380213339922,0.13304734061368995,0.897172236503856,0.9437158469945355,0.8399796898800922,0.9300627112957753,0.9229836264402669,0.9440559440559441
CICIDS,RANDOM_LINF,1,20,1024,3,95.95731329917908,4.864534139633179,4.842200055142209,0.7719948983538663,0.8992858938711056,0.7719948983538663,0.79899182024162,0.5002446631568853,0.23092417400933624,0.20808325209363512,0.8800394613811565,0.3409241813119866,0.49440508083078794,0.16709511568123395,0.05628415300546448,0.00398390813576534,0.012619680507884075,0.9284966095154088,0.2680652680652681,0.7235728978024442,0.7077905932654647,0.7235728978024442,0.7083905973861656,0.002179297144375529,0.13100340801695418,0.8691316552931089,0.5087026401451005,0.1444446297897802,0.12638073991148518,0.8380462724935732,0.8579234972677595,0.8682966839823458,0.8701901984567344,0.8702795082419097,0.8508158508158508
CICIDS,RANDOM_L2,1,20,1024,3,95.95731329917908,4.755978345870972,4.8747299916096605,0.7719948983538663,0.8992858938711056,0.7719948983538663,0.79899182024162,0.5002446631568853,0.23092417400933624,0.20808325209363512,0.8800394613811565,0.3409241813119866,0.49440508083078794,0.16709511568123395,0.05628415300546448,0.00398390813576534,0.012619680507884075,0.9284966095154088,0.2680652680652681,0.7232475984377696,0.7050456322762912,0.7232475984377696,0.7078508985066851,0.0013457381720355316,0.1310081811499432,0.8689554728150436,0.5039160230497911,0.14348591199640653,0.1254885394913345,0.8560411311053985,0.8748633879781421,0.8664219036831621,0.8704224625151616,0.8690666519653785,0.8694638694638694
CICIDS,FGSM,1,20,2048,2,95.33735537528992,23.959328413009644,18.7925839678985,0.7645149964990647,0.8896977829428121,0.7645149964990647,0.7892896841451669,0.4858926761903858,0.2374633662043092,0.22007540610061194,0.8799815250522024,0.3512299058297406,0.4753970435736674,0.14395886889460155,0.04371584699453552,0.0042573135960629616,0.011664817156571783,0.9888086443574619,0.24242424242424243,0.5765891568200797,0.7014475819562331,0.5765891568200797,0.6312651067255919,-0.00013223001843184475,0.3108288068122154,0.6851736571958796,0.48461355447068166,0.14184397346862995,0.12117092736652665,0.6966580976863753,0.6021857923497268,0.5142366128969261,0.7648971586363519,0.761012183692596,0.8228438228438228
CICIDS,RANDOM_LINF,1,20,2048,2,95.33735537528992,6.105190753936768,31.50802041451866,0.7645149964990647,0.8896977829428121,0.7645149964990647,0.7892896841451669,0.4858926761903858,0.2374633662043092,0.22007540610061194,0.8799815250522024,0.3512299058297406,0.4753970435736674,0.14395886889460155,0.04371584699453552,0.0042573135960629616,0.011664817156571783,0.9888086443574619,0.24242424242424243,0.4494347923538781,0.7029559698112772,0.4494347923538781,0.5455637178735709,-0.004550858090492746,0.4631108416942713,0.5591914398806658,0.5056453757492515,0.1441627955411164,0.10434589949038207,0.5244215938303342,0.5245901639344263,0.547240557747139,0.5821311517716586,0.5316720877666905,0.5431235431235432
CICIDS,RANDOM_L2,1,20,2048,2,95.33735537528992,5.92843222618103,31.847601214715432,0.7645149964990647,0.8896977829428121,0.7645149964990647,0.7892896841451669,0.4858926761903858,0.2374633662043092,0.22007540610061194,0.8799815250522024,0.3512299058297406,0.4753970435736674,0.14395886889460155,0.04371584699453552,0.0042573135960629616,0.011664817156571783,0.9888086443574619,0.24242424242424243,0.4460389843519104,0.7007431907426876,0.44603898435191036,0.5425433517951841,-0.004272978865352685,0.4660654110144817,0.5499829690271204,0.5063523474242949,0.1431590692104546,0.10028574046665721,0.4601542416452442,0.533879781420765,0.5443502714525642,0.5671888306795014,0.5238987816307404,0.585081585081585
CICIDS,FGSM,1,20,2048,3,95.79259657859802,12.946341514587402,20.00571257420891,0.7660859544065171,0.8970104713715638,0.7660859544065171,0.792411594056026,0.49013320567507046,0.23645146201063455,0.2151892787089348,0.8794651110885415,0.34683071917006536,0.48327112992457505,0.16195372750642673,0.048633879781420766,0.00398390813576534,0.012103538155823376,0.9673080103644082,0.12121212121212122,0.5660288286644279,0.684182211400528,0.5660288286644279,0.6191868563487805,-0.028492072685957697,0.3214752799442498,0.7366776682836303,0.4816721034248631,0.14118384367006012,0.11062174730094679,0.6658097686375322,0.5540983606557377,0.6245752450884662,0.8055175617435288,0.7717625006891229,0.5687645687645687
CICIDS,RANDOM_LINF,1,20,2048,3,95.79259657859802,7.111664056777954,31.734539850163934,0.7660859544065171,0.8970104713715638,0.7660859544065171,0.792411594056026,0.49013320567507046,0.23645146201063455,0.2151892787089348,0.8794651110885415,0.34683071917006536,0.48327112992457505,0.16195372750642673,0.048633879781420766,0.00398390813576534,0.012103538155823376,0.9673080103644082,0.12121212121212122,0.4487405559048777,0.703068941618805,0.4487405559048777,0.5444734690955646,-0.008009942987446303,0.4641179727549569,0.5690341676552462,0.5057538267350175,0.1439288222166031,0.10442643347240976,0.5295629820051414,0.5289617486338798,0.5692301683396477,0.5893055304653023,0.5315618281051877,0.5174825174825175
CICIDS,RANDOM_L2,1,20,2048,3,95.79259657859802,6.765134811401367,32.09752633635557,0.7660859544065171,0.8970104713715638,0.7660859544065171,0.792411594056026,0.49013320567507046,0.23645146201063455,0.2151892787089348,0.8794651110885415,0.34683071917006536,0.48327112992457505,0.16195372750642673,0.048633879781420766,0.00398390813576534,0.012103538155823376,0.9673080103644082,0.12121212121212122,0.44511069104296136,0.700977976907088,0.4451106910429614,0.5420995294867378,-0.0033988234957558366,0.467177551000926,0.5465650289526539,0.5017511073148802,0.14314359254971246,0.10038492331162975,0.532133676092545,0.5333333333333333,0.5353278912627426,0.563214534568634,0.5289707260598709,0.5268065268065268
CICIDS,FGSM,2,5,1024,2,181.03460574150085,21.03244185447693,5.661597418233821,0.8830826478574871,0.9101115563459693,0.8830826478574871,0.8824379145499804,0.6579861006218447,0.09474668983227211,0.2084121260526903,0.8101699718760723,0.32088947535302276,0.5248650937990497,0.16452442159383032,0.05027322404371585,0.0035152130609694176,0.008645384397016698,0.9450355587408347,0.04895104895104895,0.8264666736751489,0.7608082017506402,0.8264666736751489,0.7544356177022125,0.014322410154675252,0.007133447252107338,0.9924476444402682,0.43966788924554684,0.13616960339359296,0.13370320770254004,1.0,1.0,0.9999609420771003,0.9834834447340577,0.9998897403384972,1.0
CICIDS,RANDOM_LINF,2,5,1024,2,181.03460574150085,13.318464756011963,5.2129223189084195,0.8830826478574871,0.9101115563459693,0.8830826478574871,0.8824379145499804,0.6579861006218447,0.09474668983227211,0.2084121260526903,0.8101699718760723,0.32088947535302276,0.5248650937990497,0.16452442159383032,0.05027322404371585,0.0035152130609694176,0.008645384397016698,0.9450355587408347,0.04895104895104895,0.8309534246684029,0.7030047785093726,0.8309534246684029,0.7544748315757127,0.0026132672657762745,0.0002553626149131767,0.9996593805424071,0.5319356239615168,0.14826999923407883,0.1298224013293931,1.0,1.0,0.9997265945397024,0.9994580505303363,0.9999448701692486,1.0
CICIDS,RANDOM_L2,2,5,1024,2,181.03460574150085,13.571925401687622,5.213517378721855,0.8830826478574871,0.9101115563459693,0.8830826478574871,0.8824379145499804,0.6579861006218447,0.09474668983227211,0.2084121260526903,0.8101699718760723,0.32088947535302276,0.5248650937990497,0.16452442159383032,0.05027322404371585,0.0035152130609694176,0.008645384397016698,0.9450355587408347,0.04895104895104895,0.8309474740702686,0.7029449412533805,0.8309474740702686,0.7544772871548233,0.0028910303982230125,0.0002649088808912394,0.9996241440467941,0.5189321762318833,0.14581901105200878,0.1298294658637598,1.0,0.9994535519125683,0.9997265945397024,0.9994322434127332,0.9998897403384972,1.0
CICIDS,FGSM,2,5,1024,3,182.4802851676941,19.6381733417511,5.8182965024367705,0.8819163306231664,0.8922462975362759,0.8819163306231664,0.8818466757932912,0.6566536702065967,0.09594474621251897,0.20237493980432,0.8117942961272757,0.3065689123746611,0.5229876300300658,0.16709511568123395,0.05191256830601093,0.0045697769792602426,0.008851841337840977,0.9135564253817741,0.09090909090909091,0.8237333655987987,0.7054274407511844,0.8237333655987987,0.7530276974621114,0.004443419590431464,0.010424522448044447,0.9922127344695145,0.4438239014738257,0.13780015693711953,0.1333646869282723,1.0,1.0,0.9999609420771003,0.9833802162636455,0.9990627928772259,0.9976689976689976
CICIDS,RANDOM_LINF,2,5,1024,3,182.4802851676941,13.592727899551392,5.10402637305093,0.8819163306231664,0.8922462975362759,0.8819163306231664,0.8818466757932912,0.6566536702065967,0.09594474621251897,0.20237493980432,0.8117942961272757,0.3065689123746611,0.5229876300300658,0.16709511568123395,0.05191256830601093,0.0045697769792602426,0.008851841337840977,0.9135564253817741,0.09090909090909091,0.8308760668926571,0.7019870447682343,0.8308760668926571,0.754480955991449,0.00385275840759576,0.00036991780664992886,0.9994009795745781,0.5341200359705798,0.14836428152829545,0.1298830937835038,1.0,0.9978142076502732,0.9994141311565051,0.999225786471909,0.9998897403384972,1.0
CICIDS,RANDOM_L2,2,5,1024,3,182.4802851676941,13.281064987182617,5.105216492677789,0.8819163306231664,0.8922462975362759,0.8819163306231664,0.8818466757932912,0.6566536702065967,0.09594474621251897,0.20237493980432,0.8117942961272757,0.3065689123746611,0.5229876300300658,0.16709511568123395,0.05191256830601093,0.0045697769792602426,0.008851841337840977,0.9135564253817741,0.09090909090909091,0.8308641656963885,0.7013575167681226,0.8308641656963885,0.7544728941719138,0.003616796353375496,0.00038185063912250724,0.9993892340760404,0.5217681525910688,0.14565088643423812,0.12987502711082596,0.9974293059125964,0.9994535519125683,0.9992969573878061,0.999251593589512,0.9998346105077457,1.0
CICIDS,FGSM,2,5,2048,2,181.58598732948303,19.872804164886475,5.8688765865782315,0.884485005484468,0.9271436377286415,0.884485005484468,0.882908562341496,0.6592393003224798,0.09295915152787987,0.2156708441489799,0.8162377849080944,0.3322262709234158,0.5248793510165946,0.18251928020565553,0.05683060109289618,0.00394485021286568,0.008567963044207592,0.9776172887149236,0.04895104895104895,0.8257962396186856,0.7105366292752626,0.8257962396186856,0.7540883826077263,0.011518355050876304,0.007940106727253635,0.9924358989417306,0.4142484858700867,0.1335013361510732,0.1336209838754748,1.0,1.0,0.9999609420771003,0.9834060233812485,1.0,1.0
CICIDS,RANDOM_LINF,2,5,2048,2,181.58598732948303,13.012318849563599,5.352761375064219,0.884485005484468,0.9271436377286415,0.884485005484468,0.882908562341496,0.6592393003224798,0.09295915152787987,0.2156708441489799,0.8162377849080944,0.3322262709234158,0.5248793510165946,0.18251928020565553,0.05683060109289618,0.00394485021286568,0.008567963044207592,0.9776172887149236,0.04895104895104895,0.8309573917338258,0.7019244293881326,0.8309573917338258,0.7544700432505763,0.0023549754242448914,0.00024581634893511403,0.9996711260409448,0.5302485626297903,0.14811556536209022,0.12980824381405412,1.0,1.0,0.9997656524626021,0.9995096647655424,0.9998346105077457,1.0
CICIDS,RANDOM_L2,2,5,2048,2,181.58598732948303,12.775413990020752,5.357521853571646,0.884485005484468,0.9271436377286415,0.884485005484468,0.882908562341496,0.6592393003224798,0.09295915152787987,0.2156708441489799,0.8162377849080944,0.3322262709234158,0.5248793510165946,0.18251928020565553,0.05683060109289618,0.00394485021286568,0.008567963044207592,0.9776172887149236,0.04895104895104895,0.8309097869487515,0.695848263671681,0.8309097869487515,0.7544101933699464,-0.0007192102676631193,0.0002792282798583334,0.9997650900292463,0.5158925046589776,0.14552364028020257,0.12973125844533295,1.0,0.9989071038251366,0.9997265945397024,0.9997677359415726,0.9998897403384972,1.0
CICIDS,FGSM,2,5,2048,3,182.14568996429443,21.737056970596313,5.708607143494704,0.883594399297036,0.928652460764465,0.883594399297036,0.8830182896701486,0.6597046570815945,0.09413572880967609,0.20450087503964107,0.8118275992873188,0.3104311446515143,0.5246497879129043,0.17480719794344474,0.04972677595628415,0.003398039292270437,0.008826034220237942,0.9262362864546005,0.05128205128205128,0.8265083278620889,0.7127364729053993,0.8265083278620889,0.754462625302544,0.014636341225200864,0.007083329355722509,0.9923889169475798,0.44940211618643555,0.1361375672924606,0.1337114429297304,1.0,1.0,0.9997656524626021,0.9834318304988516,1.0,1.0
CICIDS,RANDOM_LINF,2,5,2048,3,182.14568996429443,15.505034923553467,5.275403599318452,0.883594399297036,0.928652460764465,0.883594399297036,0.8830182896701486,0.6597046570815945,0.09413572880967609,0.20450087503964107,0.8118275992873188,0.3104311446515143,0.5246497879129043,0.17480719794344474,0.04972677595628415,0.003398039292270437,0.008826034220237942,0.9262362864546005,0.05128205128205128,0.8308403633038515,0.7142691378835154,0.8308403633038515,0.7544967535064676,0.005437227662597367,0.0004248088360237893,0.9991308331082113,0.5335599092193615,0.14855900270969685,0.12992269507199894,1.0,1.0,0.9987501464672108,0.9990709437662908,0.9996692210154915,1.0
CICIDS,RANDOM_L2,2,5,2048,3,182.14568996429443,15.274958372116089,5.272229946980167,0.883594399297036,0.928652460764465,0.883594399297036,0.8830182896701486,0.6597046570815945,0.09413572880967609,0.20450087503964107,0.8118275992873188,0.3104311446515143,0.5246497879129043,0.17480719794344474,0.04972677595628415,0.003398039292270437,0.008826034220237942,0.9262362864546005,0.05128205128205128,0.8308720998272343,0.6997950682646419,0.8308720998272343,0.7544417591383931,0.0018044765026803365,0.00035321184118831917,0.9995536710555679,0.5166833051945555,0.14560510439537958,0.12981654761184735,1.0,0.9994535519125683,0.999648478693903,0.9994580505303363,0.9996140911847401,1.0
CICIDS,FGSM,2,10,1024,2,132.86379718780518,17.111534357070923,8.072581428976633,0.9059904671417889,0.9327613612817464,0.9059904671417889,0.8998713798297314,0.7033672560947556,0.06658043206399816,0.22386920212828434,0.8779467808342637,0.3523795801984422,0.5386197137933789,0.2185089974293059,0.05683060109289618,0.004999414131156505,0.015071356680172392,0.9978499366006947,0.13752913752913754,0.8252646528520226,0.7070058680686665,0.8252646528520226,0.754371942854437,0.020287470687034913,0.00868710204003704,0.9856704917840238,0.43599833433392793,0.13630716557396946,0.13662299144934167,0.9948586118251928,0.987431693989071,0.9833613248447448,0.9827350383235697,0.9944870169248581,1.0
CICIDS,RANDOM_LINF,2,10,1024,2,132.86379718780518,11.765050649642944,7.8569714232442305,0.9059904671417889,0.9327613612817464,0.9059904671417889,0.8998713798297314,0.7033672560947556,0.06658043206399816,0.22386920212828434,0.8779467808342637,0.3523795801984422,0.5386197137933789,0.2185089974293059,0.05683060109289618,0.004999414131156505,0.015071356680172392,0.9978499366006947,0.13752913752913754,0.8274207529093466,0.703395818628206,0.8274207529093466,0.7536334644986273,0.0035536225640750005,0.004961671742098078,0.9941389962296949,0.5327932409213157,0.15021233744582996,0.1309611431522442,0.9974293059125964,0.9918032786885246,0.9942584853337499,0.9934966063640353,0.995534483709135,0.993006993006993
CICIDS,RANDOM_L2,2,10,1024,2,132.86379718780518,11.249373435974121,7.862525314836233,0.9059904671417889,0.9327613612817464,0.9059904671417889,0.8998713798297314,0.7033672560947556,0.06658043206399816,0.22386920212828434,0.8779467808342637,0.3523795801984422,0.5386197137933789,0.2185089974293059,0.05683060109289618,0.004999414131156505,0.015071356680172392,0.9978499366006947,0.13752913752913754,0.8273652139934266,0.7069690540876895,0.8273652139934266,0.7536614483581647,0.004065385053880107,0.005066680667856768,0.9939980502472427,0.5167499233595397,0.1467586038258519,0.13112775896168136,0.9974293059125964,0.9934426229508196,0.9936335585673554,0.9936256419520504,0.9954793538783836,0.986013986013986
CICIDS,FGSM,2,10,1024,3,135.61925077438354,14.0460205078125,8.037274546713192,0.9069762828993695,0.9345913667227913,0.9069762828993695,0.9008709822775204,0.7056973506584657,0.06543726671312516,0.2238926931253597,0.8743402759955617,0.3720372768693986,0.5395276929903083,0.21079691516709512,0.06120218579234973,0.005272819591454127,0.015045549562569357,0.9963614311704063,0.1794871794871795,0.8266035374322376,0.7101298357848608,0.8266035374322376,0.7546321433154446,0.01745670937954016,0.0069854801294473665,0.9906153466683894,0.4204181882533054,0.13469899193667573,0.13375805714939168,1.0,0.9939890710382514,0.998164277623716,0.9833286020284394,0.9948177959093666,0.9976689976689976
CICIDS,RANDOM_LINF,2,10,1024,3,135.61925077438354,15.643367290496826,7.975586679387725,0.9069762828993695,0.9345913667227913,0.9069762828993695,0.9008709822775204,0.7056973506584657,0.06543726671312516,0.2238926931253597,0.8743402759955617,0.3720372768693986,0.5395276929903083,0.21079691516709512,0.06120218579234973,0.005272819591454127,0.015045549562569357,0.9963614311704063,0.1794871794871795,0.8272204161054922,0.7028594941456677,0.8272204161054922,0.7536778315844669,0.0050877735786143815,0.005286244785352209,0.9935047393086599,0.5293072163668305,0.14859757199695384,0.1312872068010143,1.0,0.9950819672131147,0.9939850798734523,0.9922836718366925,0.9950934450631237,0.9953379953379954
CICIDS,RANDOM_L2,2,10,1024,3,135.61925077438354,13.646518468856812,7.982132337335446,0.9069762828993695,0.9345913667227913,0.9069762828993695,0.9008709822775204,0.7056973506584657,0.06543726671312516,0.2238926931253597,0.8743402759955617,0.3720372768693986,0.5395276929903083,0.21079691516709512,0.06120218579234973,0.005272819591454127,0.015045549562569357,0.9963614311704063,0.1794871794871795,0.827154959526015,0.7040816825073105,0.827154959526015,0.7535509875578523,0.003471647743584006,0.005302950750813819,0.9938453587662528,0.5186882976884212,0.14610010777312737,0.13113192307854882,1.0,0.9934426229508196,0.9933210951841581,0.9937030633048595,0.994872925740118,0.9906759906759907
CICIDS,FGSM,2,10,2048,2,132.5444483757019,34.47223091125488,8.099954180394365,0.9069425628432751,0.9351314628898924,0.9069425628432751,0.9013900514739847,0.7062983256987913,0.06596231134191861,0.22135566544121965,0.872583955865335,0.3765764663124722,0.5423952106513866,0.2467866323907455,0.0546448087431694,0.004101081904464321,0.015355234973805776,0.985941893158388,0.15384615384615385,0.8259430210393315,0.7079568083452903,0.8259430210393315,0.7545988502902491,0.021040733817241024,0.007839870934483977,0.9869624966231691,0.42285443991878396,0.1332725103833833,0.13388628773494562,0.987146529562982,0.9967213114754099,0.9889856657422958,0.9802575550336783,0.9971332488009261,1.0
CICIDS,RANDOM_LINF,2,10,2048,2,132.5444483757019,11.903114795684814,7.959321711153999,0.9069425628432751,0.9351314628898924,0.9069425628432751,0.9013900514739847,0.7062983256987913,0.06596231134191861,0.22135566544121965,0.872583955865335,0.3765764663124722,0.5423952106513866,0.2467866323907455,0.0546448087431694,0.004101081904464321,0.015355234973805776,0.985941893158388,0.15384615384615385,0.8273493457317351,0.707692849732227,0.8273493457317351,0.7538410834728723,0.006992064521861423,0.0051979418250551294,0.9931641198510671,0.5308466718128146,0.14942034433188836,0.1314772990491567,0.9948586118251928,0.9972677595628415,0.9934382689528571,0.9916384938966167,0.9956447433706378,0.9906759906759907
CICIDS,RANDOM_L2,2,10,2048,2,132.5444483757019,11.49667239189148,7.960511830780859,0.9069425628432751,0.9351314628898924,0.9069425628432751,0.9013900514739847,0.7062983256987913,0.06596231134191861,0.22135566544121965,0.872583955865335,0.3765764663124722,0.5423952106513866,0.2467866323907455,0.0546448087431694,0.004101081904464321,0.015355234973805776,0.985941893158388,0.15384615384615385,0.8273374445354665,0.7049795616781586,0.8273374445354665,0.7537729064157581,0.005595170868928017,0.005190782125571582,0.9937044127838006,0.5150966491070607,0.14613167837521893,0.13138507387114245,0.9974293059125964,0.9956284153005465,0.9940631957192516,0.9925675501303259,0.9953139643861293,0.9953379953379954
CICIDS,FGSM,2,10,2048,3,134.0662648677826,14.14822506904602,8.117012561712666,0.9082437603019731,0.934160287517951,0.9082437603019731,0.9018800238547351,0.7087053171653444,0.06389793132416255,0.22359905566191757,0.878320708949761,0.3621663898947883,0.5401260313798504,0.20565552699228792,0.05792349726775956,0.005116587899855486,0.014761671268935973,0.9972986382931804,0.1351981351981352,0.8270736346848464,0.7082727981888615,0.8270736346848464,0.7555212095435562,0.03345829029391309,0.006539192194972936,0.9827458626481401,0.43594327818053497,0.13400368566393558,0.13416470013144172,1.0,0.9983606557377049,0.9937507323360544,0.9819866319130817,0.9665913225646398,0.9953379953379954
CICIDS,RANDOM_LINF,2,10,2048,3,134.0662648677826,10.887205123901367,8.065639064486641,0.9082437603019731,0.934160287517951,0.9082437603019731,0.9018800238547351,0.7087053171653444,0.06389793132416255,0.22359905566191757,0.878320708949761,0.3621663898947883,0.5401260313798504,0.20565552699228792,0.05792349726775956,0.005116587899855486,0.014761671268935973,0.9972986382931804,0.1351981351981352,0.8275873696571067,0.7041961706214026,0.8275873696571067,0.7537769097497607,0.005192169695210157,0.004799385220471013,0.9939863047487051,0.5261919215531774,0.14915948194389697,0.13118188442436607,0.9948586118251928,0.9961748633879781,0.9940631957192516,0.9928256213063563,0.9961409118474006,0.993006993006993
CICIDS,RANDOM_L2,2,10,2048,3,134.0662648677826,11.242936134338379,8.07218472243435,0.9082437603019731,0.934160287517951,0.9082437603019731,0.9018800238547351,0.7087053171653444,0.06389793132416255,0.22359905566191757,0.878320708949761,0.3621663898947883,0.5401260313798504,0.20565552699228792,0.05792349726775956,0.005116587899855486,0.014761671268935973,0.9972986382931804,0.1351981351981352,0.8275219130776296,0.7045785280755275,0.8275219130776296,0.7537293668226867,0.004812469197472776,0.004863822515822936,0.993951068253092,0.513878093064649,0.14584466557565015,0.13126677274900564,0.9922879177377892,0.9961748633879781,0.9942194274108503,0.9931353067175928,0.9950383152323722,0.9976689976689976
CICIDS,FGSM,2,15,1024,2,114.93448567390442,31.269237995147705,12.894351097191114,0.9172132952230582,0.9416655657336654,0.9172132952230582,0.9103429108000722,0.7306785828792555,0.0531679283648201,0.22405713010488731,0.9206637611323915,0.4338030358175133,0.5486896043143284,0.19023136246786632,0.05737704918032787,0.0038276764441666994,0.017548839970063745,0.9937151992943382,0.2191142191142191,0.788269784251147,0.6964624856061371,0.788269784251147,0.7374571258394067,-0.010847261802865759,0.053666720762173874,0.9576692232701817,0.44503844621390826,0.13641545684612993,0.13506706567167243,0.9665809768637532,0.9245901639344263,0.9430926063351951,0.9731089834576376,0.9485638679089256,0.951048951048951
CICIDS,RANDOM_LINF,2,15,1024,2,114.93448567390442,13.856841325759888,15.279549182685347,0.9172132952230582,0.9416655657336654,0.9172132952230582,0.9103429108000722,0.7306785828792555,0.0531679283648201,0.22405713010488731,0.9206637611323915,0.4338030358175133,0.5486896043143284,0.19023136246786632,0.05737704918032787,0.0038276764441666994,0.017548839970063745,0.9937151992943382,0.2191142191142191,0.7644178033962047,0.7019622722874974,0.7644178033962047,0.7278397185741133,-0.004677231373063284,0.08327207812664077,0.9277299474976215,0.5235364601843038,0.1483494480645645,0.13450765863274178,0.8946015424164524,0.9120218579234972,0.9278990743272273,0.9347337995819247,0.9146590219968025,0.9347319347319347
CICIDS,RANDOM_L2,2,15,1024,2,114.93448567390442,12.14097285270691,15.386461595831403,0.9172132952230582,0.9416655657336654,0.9172132952230582,0.9103429108000722,0.7306785828792555,0.0531679283648201,0.22405713010488731,0.9206637611323915,0.4338030358175133,0.5486896043143284,0.19023136246786632,0.05737704918032787,0.0038276764441666994,0.017548839970063745,0.9937151992943382,0.2191142191142191,0.7633486792647441,0.7010252862157313,0.7633486792647441,0.727425307423032,-0.0024933803440238063,0.08422909129094155,0.9218337072317034,0.5156894636075615,0.14552242834863865,0.1329008177379021,0.922879177377892,0.9120218579234972,0.9195406788267,0.9276110351234871,0.9137218148740284,0.9207459207459208
CICIDS,FGSM,2,15,1024,3,116.29463744163513,12.974072933197021,10.546840133214053,0.915975570811126,0.9398864894532832,0.915975570811126,0.9093115338668772,0.727697940442695,0.05480511298005785,0.2229178167467318,0.9252619615327274,0.4425376562870992,0.5499486648978762,0.19023136246786632,0.05245901639344262,0.005155645822755146,0.01945856667268833,0.9848392965433597,0.13752913752913754,0.8105071694789855,0.7104004474938129,0.8105071694789855,0.7499549227388931,0.01898183786932209,0.028178190600746517,0.9646108129059537,0.43689739765830476,0.13915004636905312,0.13935022467787772,0.9845758354755784,0.9759562841530055,0.9530133187517088,0.970425043226922,0.9672528805336568,0.9533799533799534
CICIDS,RANDOM_LINF,2,15,1024,3,116.29463744163513,14.345914840698242,13.350761974091096,0.915975570811126,0.9398864894532832,0.915975570811126,0.9093115338668772,0.727697940442695,0.05480511298005785,0.2229178167467318,0.9252619615327274,0.4425376562870992,0.5499486648978762,0.19023136246786632,0.05245901639344262,0.005155645822755146,0.01945856667268833,0.9848392965433597,0.13752913752913754,0.782467951070215,0.7013049256182291,0.782467951070215,0.7358676448634206,-0.0029527241930717763,0.06111996792454631,0.9458532517412701,0.5301268307648235,0.14911297993758482,0.13477812708013018,0.9485861182519281,0.9229508196721311,0.9424286216459009,0.9517664971999278,0.9411764705882353,0.9090909090909091
CICIDS,RANDOM_L2,2,15,1024,3,116.29463744163513,13.665704727172852,13.51321330315719,0.915975570811126,0.9398864894532832,0.915975570811126,0.9093115338668772,0.727697940442695,0.05480511298005785,0.2229178167467318,0.9252619615327274,0.4425376562870992,0.5499486648978762,0.19023136246786632,0.05245901639344262,0.005155645822755146,0.01945856667268833,0.9848392965433597,0.13752913752913754,0.7808434377795541,0.7016217326699715,0.7808434377795541,0.7350744007514199,-0.002103645121649692,0.06283829580059759,0.9417423272530803,0.5183872367752024,0.14587142400170025,0.13380310661825603,0.9408740359897172,0.940983606557377,0.9404757255009178,0.9456760174456115,0.935498098020839,0.9300699300699301
CICIDS,FGSM,2,15,2048,2,113.74915385246277,23.20759606361389,17.11530870711354,0.9218210417117094,0.9439277457729848,0.9218210417117094,0.913996172631364,0.7424344474780891,0.04755711053621376,0.2244682225537063,0.9228150163509834,0.4477837985863192,0.5522255330684449,0.1953727506426735,0.048633879781420766,0.0037105026754677187,0.01775529691088802,0.9949280555708694,0.2703962703962704,0.750667954640574,0.6966487283155918,0.750667954640574,0.7215019068915774,-0.008899249075107609,0.1003956927247907,0.9056601557453106,0.43324455245548904,0.13661053205845855,0.13320767104216683,0.8611825192802056,0.8890710382513661,0.913213295316955,0.906836305453044,0.8953635812338057,0.8951048951048951
CICIDS,RANDOM_LINF,2,15,2048,2,113.74915385246277,19.11687731742859,22.34628117369598,0.9218210417117094,0.9439277457729848,0.9218210417117094,0.913996172631364,0.7424344474780891,0.04755711053621376,0.2244682225537063,0.9228150163509834,0.4477837985863192,0.5522255330684449,0.1953727506426735,0.048633879781420766,0.0037105026754677187,0.01775529691088802,0.9949280555708694,0.2703962703962704,0.6983582299747496,0.6997223272947785,0.6983582299747496,0.6975204420494437,-0.006167557067009167,0.1660501369889168,0.8548138925756704,0.5245063325123659,0.1479025201973622,0.1349071781421824,0.8149100257069408,0.8180327868852459,0.8480256219974222,0.8697772845750859,0.8385798555598434,0.7878787878787878
CICIDS,RANDOM_L2,2,15,2048,2,113.74915385246277,18.292592763900757,22.73128487298448,0.9218210417117094,0.9439277457729848,0.9218210417117094,0.913996172631364,0.7424344474780891,0.04755711053621376,0.2244682225537063,0.9228150163509834,0.4477837985863192,0.5522255330684449,0.1953727506426735,0.048633879781420766,0.0037105026754677187,0.01775529691088802,0.9949280555708694,0.2703962703962704,0.6945081929818646,0.7006801827399642,0.6945081929818646,0.6961121547783019,-0.0017812661569774342,0.17026481341823146,0.8389339785527197,0.5138028176252186,0.14523756390030498,0.13388756922514022,0.8329048843187661,0.8153005464480875,0.8336132484474476,0.8462928075563241,0.8343899884227356,0.7902097902097902
CICIDS,FGSM,2,15,2048,3,114.91779088973999,35.169597148895264,13.962086755753733,0.9208808472064917,0.9429875089897122,0.9208808472064917,0.9136629783629212,0.7404639352030823,0.049158496654033774,0.2219664313651793,0.9237205123004407,0.45923117215235015,0.5533855446082632,0.22879177377892032,0.060109289617486336,0.004062023981564661,0.017910139616506233,0.9819725453442858,0.20745920745920746,0.7812599796489543,0.6982016226457097,0.7812599796489543,0.7358954047812818,2.7797871266148832e-05,0.0633251553654788,0.9378545672371064,0.44411922109836866,0.13799299170250443,0.13525266280841589,0.8894601542416453,0.8513661202185793,0.9539897668242003,0.9401791013961651,0.9194001874414246,0.958041958041958
CICIDS,RANDOM_LINF,2,15,2048,3,114.91779088973999,19.475724697113037,21.541760305940084,0.9208808472064917,0.9429875089897122,0.9208808472064917,0.9136629783629212,0.7404639352030823,0.049158496654033774,0.2219664313651793,0.9237205123004407,0.45923117215235015,0.5533855446082632,0.22879177377892032,0.060109289617486336,0.004062023981564661,0.017910139616506233,0.9819725453442858,0.20745920745920746,0.7054632441470908,0.6995270716545164,0.7054632441470908,0.7005663751779911,-0.00789047666762512,0.1567783261577234,0.8655962602332656,0.5288566779895084,0.14797213547728938,0.13493380359168114,0.8406169665809768,0.8229508196721311,0.8577510447994375,0.8835840924927095,0.8439274491427311,0.8298368298368298
CICIDS,RANDOM_L2,2,15,2048,3,114.91779088973999,17.360201120376587,21.732377799508473,0.9208808472064917,0.9429875089897122,0.9208808472064917,0.9136629783629212,0.7404639352030823,0.049158496654033774,0.2219664313651793,0.9237205123004407,0.45923117215235015,0.5533855446082632,0.22879177377892032,0.060109289617486336,0.004062023981564661,0.017910139616506233,0.9819725453442858,0.20745920745920746,0.7035570692114069,0.7006014030243591,0.7035570692114069,0.7003157266707842,-0.0024314642125399196,0.15879497484558916,0.8512902430143647,0.5153278033256691,0.14534621783915777,0.13402564770422148,0.8560411311053985,0.8316939890710382,0.8498222864508066,0.8608738290020388,0.8354925850377639,0.8205128205128205
CICIDS,FGSM,2,20,1024,2,110.07395148277283,17.716979265213013,12.429014323089715,0.9263950681442663,0.9470432841660473,0.9263950681442663,0.9201650620076112,0.7564351393470858,0.04387941156816511,0.21617590058610037,0.9304593530441784,0.45207270652132603,0.566087840665073,0.18251928020565553,0.04918032786885246,0.00414013982736398,0.0173681901468425,0.9539665913225647,0.3752913752913753,0.8021049249133692,0.7025008209654372,0.8021049249133692,0.7444271632713961,0.004740428399220292,0.03688438517273968,0.962813751629688,0.4456517727602892,0.13887327277372347,0.13526828927957388,0.9820051413881749,0.9491803278688524,0.9605905557942429,0.9577021342486258,0.9776724185456751,0.9696969696969697
CICIDS,RANDOM_LINF,2,20,1024,2,110.07395148277283,8.639916896820068,14.00830306793005,0.9263950681442663,0.9470432841660473,0.9263950681442663,0.9201650620076112,0.7564351393470858,0.04387941156816511,0.21617590058610037,0.9304593530441784,0.45207270652132603,0.566087840665073,0.18251928020565553,0.04918032786885246,0.00414013982736398,0.0173681901468425,0.9539665913225647,0.3752913752913753,0.7863120374649658,0.7055184565283916,0.7863120374649658,0.7373738283172256,0.0002030417161493616,0.055902933567535056,0.9477325315072999,0.5243122873750992,0.14859312026394916,0.1335413007427606,0.961439588688946,0.9344262295081968,0.9459438347068703,0.9523858680224006,0.9417277688957495,0.9324009324009324
CICIDS,RANDOM_L2,2,20,1024,2,110.07395148277283,9.006804466247559,14.149927303526121,0.9263950681442663,0.9470432841660473,0.9263950681442663,0.9201650620076112,0.7564351393470858,0.04387941156816511,0.21617590058610037,0.9304593530441784,0.45207270652132603,0.566087840665073,0.18251928020565553,0.04918032786885246,0.00414013982736398,0.0173681901468425,0.9539665913225647,0.3752913752913753,0.7848957951090051,0.7031672636846129,0.7848957951090051,0.7365090829419193,0.0006910588893110583,0.05722031827250771,0.9436098615205722,0.5108325601374638,0.14520402566756166,0.13202796683645207,0.9537275064267352,0.9371584699453552,0.9426239112603991,0.9447727683295053,0.9429406251722807,0.9440559440559441
CICIDS,FGSM,2,20,1024,3,109.87747597694397,24.292360544204712,12.024373649958042,0.9229139682357071,0.9439504982082844,0.9229139682357071,0.9157103075724191,0.7458067411218045,0.04663589586933071,0.221567084414898,0.9320269816772403,0.4780817165665234,0.5562152973986891,0.1953727506426735,0.05792349726775956,0.004960356208256845,0.01979405920152778,0.9786096256684492,0.08624708624708624,0.8026702317361267,0.7027642578760203,0.8026702317361267,0.7445263719506107,0.004250248559332186,0.03611113762851661,0.9641997204571348,0.4601429555568014,0.14158188526899218,0.13295440707625192,0.9331619537275064,0.9628415300546448,0.9560207788149826,0.9752767813362926,0.9530293841997906,0.958041958041958
CICIDS,RANDOM_LINF,2,20,1024,3,109.87747597694397,7.388431787490845,12.515099642765758,0.9229139682357071,0.9439504982082844,0.9229139682357071,0.9157103075724191,0.7458067411218045,0.04663589586933071,0.221567084414898,0.9320269816772403,0.4780817165665234,0.5562152973986891,0.1953727506426735,0.05792349726775956,0.004960356208256845,0.01979405920152778,0.9786096256684492,0.08624708624708624,0.7977629718080496,0.7042155426092943,0.7977629718080496,0.7416564925823295,-0.0007348646287182582,0.04143795404427558,0.9620737852218137,0.5280765212909054,0.1486878120969573,0.1319180387294068,0.9537275064267352,0.9540983606557377,0.9624653360934265,0.9639216495909572,0.9588180164286896,0.951048951048951
CICIDS,RANDOM_L2,2,20,1024,3,109.87747597694397,7.3961341381073,12.617846637217822,0.9229139682357071,0.9439504982082844,0.9229139682357071,0.9157103075724191,0.7458067411218045,0.04663589586933071,0.221567084414898,0.9320269816772403,0.4780817165665234,0.5562152973986891,0.1953727506426735,0.05792349726775956,0.004960356208256845,0.01979405920152778,0.9786096256684492,0.08624708624708624,0.7967355018635289,0.7026802934865459,0.7967355018635289,0.7410453540656251,-4.822889571916473e-05,0.042411673174037975,0.959113919590317,0.5121318020191354,0.145346486631412,0.1309233622789083,0.9537275064267352,0.9622950819672131,0.9599265711049486,0.9597150894216625,0.9566128231986328,0.9533799533799534
CICIDS,FGSM,2,20,2048,2,110.30657505989075,23.49607515335083,15.712951080132742,0.9240287136195307,0.9450974734096068,0.9240287136195307,0.9170252773990536,0.749294674190825,0.04591753935448149,0.2198052596342452,0.9371867142992746,0.49244962150083527,0.5595171714062948,0.20565552699228792,0.047540983606557376,0.004022966058665,0.017342383029239464,0.9727658636087987,0.29603729603729606,0.7668992028182032,0.7066054770783208,0.7668992028182032,0.7326482543564465,0.029722348372964145,0.08028171030901263,0.8771420852958104,0.45669499401001884,0.14049959203487222,0.1330967695203817,0.8534704370179949,0.766120218579235,0.88966136780846,0.8630674339982968,0.9013727327857104,0.8717948717948718
CICIDS,RANDOM_LINF,2,20,2048,2,110.30657505989075,14.522630453109741,25.31920000158683,0.9240287136195307,0.9450974734096068,0.9240287136195307,0.9170252773990536,0.749294674190825,0.04591753935448149,0.2198052596342452,0.9371867142992746,0.49244962150083527,0.5595171714062948,0.20565552699228792,0.047540983606557376,0.004022966058665,0.017342383029239464,0.9727658636087987,0.29603729603729606,0.6708367136036624,0.7000161018434014,0.6708367136036624,0.6827463683955844,-0.007892246223018904,0.19775089973556842,0.8275525904697025,0.5174821285752856,0.1468717849828236,0.1302018096560505,0.8277634961439588,0.7983606557377049,0.821153771042456,0.8472992851428424,0.7983902089420586,0.7832167832167832
CICIDS,RANDOM_L2,2,20,2048,2,110.30657505989075,14.019486427307129,25.60859742418442,0.9240287136195307,0.9450974734096068,0.9240287136195307,0.9170252773990536,0.749294674190825,0.04591753935448149,0.2198052596342452,0.9371867142992746,0.49244962150083527,0.5595171714062948,0.20565552699228792,0.047540983606557376,0.004022966058665,0.017342383029239464,0.9727658636087987,0.29603729603729606,0.6679427393776864,0.7008792230784661,0.6679427393776864,0.6817491249842447,-0.003064569227878966,0.20075320038566916,0.811778385933591,0.5118246836222293,0.14500219258731967,0.12880706466380445,0.794344473007712,0.7852459016393443,0.8116236378549389,0.8202534258948618,0.7970670930040245,0.8065268065268065
CICIDS,FGSM,2,20,2048,3,111.50285959243774,31.070132970809937,18.123141677790976,0.9261530771534718,0.9459494670561265,0.9261530771534718,0.9182728457526389,0.7548948448825394,0.043347207239888115,0.22033380706844102,0.9313322204159651,0.4820055000464513,0.5604921474511747,0.18251928020565553,0.03879781420765027,0.0035152130609694176,0.01579395597305737,0.9786096256684492,0.3822843822843823,0.7449216603755621,0.702132058868979,0.7449216603755621,0.7205391225521065,0.010727742377195159,0.10649575668477275,0.8758383349581274,0.4549029957594419,0.13985260105129688,0.13077569308345022,0.8380462724935732,0.8491803278688524,0.9088778658750928,0.8517897236057704,0.883455537791499,0.9020979020979021
CICIDS,RANDOM_LINF,2,20,2048,3,111.50285959243774,16.677786588668823,26.058660996407824,0.9261530771534718,0.9459494670561265,0.9261530771534718,0.9182728457526389,0.7548948448825394,0.043347207239888115,0.22033380706844102,0.9313322204159651,0.4820055000464513,0.5604921474511747,0.18251928020565553,0.03879781420765027,0.0035152130609694176,0.01579395597305737,0.9786096256684492,0.3822843822843823,0.6655664671893936,0.7005926073918504,0.6655664671893936,0.6799108916675661,-0.008188724742514314,0.20409916661098013,0.8235121389727387,0.5224771702666822,0.14768424155919196,0.13033620707778457,0.7994858611825193,0.7890710382513662,0.8208022497363591,0.8405894345660533,0.795688847235239,0.7878787878787878
CICIDS,RANDOM_L2,2,20,2048,3,111.50285959243774,11.93996524810791,26.374042697525148,0.9261530771534718,0.9459494670561265,0.9261530771534718,0.9182728457526389,0.7548948448825394,0.043347207239888115,0.22033380706844102,0.9313322204159651,0.4820055000464513,0.5604921474511747,0.18251928020565553,0.03879781420765027,0.0035152130609694176,0.01579395597305737,0.9786096256684492,0.3822843822843823,0.6624126501782204,0.701835039655202,0.6624126501782204,0.6789474929504763,-0.0023630575671629095,0.20728761944765306,0.8046136318256029,0.5101305703729507,0.14479944414513218,0.1286268501727578,0.794344473007712,0.7879781420765027,0.8018200992071242,0.8099563859712509,0.7998235845415954,0.7715617715617715
CICIDS,FGSM,4,5,1024,2,283.8696868419647,29.4677677154541,10.068808749759494,0.9305466021092886,0.9422586990643512,0.9305466021092886,0.9171602827318632,0.7656461872580623,0.03721134478248833,0.226382738815349,0.881117747100118,0.443218169573524,0.5551097986921993,0.3213367609254499,0.1005464480874317,0.00394485021286568,0.011613202921365712,0.9969678593086719,0.7692307692307693,0.8298585146116937,0.7506782105752142,0.8298585146116937,0.7561894850449685,0.035195337657575335,0.003052418546485542,0.9924711354373437,0.4155703942601227,0.13383021196543982,0.13411600065047746,1.0,1.0,0.9999609420771003,0.9834834447340577,1.0,1.0
CICIDS,RANDOM_LINF,4,5,1024,2,283.8696868419647,22.589370489120483,9.944044542210563,0.9305466021092886,0.9422586990643512,0.9305466021092886,0.9171602827318632,0.7656461872580623,0.03721134478248833,0.226382738815349,0.881117747100118,0.443218169573524,0.5551097986921993,0.3213367609254499,0.1005464480874317,0.00394485021286568,0.011613202921365712,0.9969678593086719,0.7692307692307693,0.831106156687183,0.7082423425657188,0.831106156687183,0.7544859290455762,0.0029465210871554488,3.341193092321938e-05,0.9999060360116985,0.5739133889707334,0.1566540118771423,0.12971770152124376,1.0,1.0,0.999882826231301,0.9998709644119849,1.0,1.0
CICIDS,RANDOM_L2,4,5,1024,2,283.8696868419647,22.31163215637207,9.94503630856628,0.9305466021092886,0.9422586990643512,0.9305466021092886,0.9171602827318632,0.7656461872580623,0.03721134478248833,0.226382738815349,0.881117747100118,0.443218169573524,0.5551097986921993,0.3213367609254499,0.1005464480874317,0.00394485021286568,0.011613202921365712,0.9969678593086719,0.7692307692307693,0.8310962390236258,0.6907687005329297,0.8310962390236258,0.7544628358616847,-0.00018155836320103344,3.341193092321938e-05,0.9999530180058492,0.5540552202238912,0.1492194613551907,0.12968029322123206,1.0,0.9994535519125683,0.999882826231301,1.0,1.0,1.0
CICIDS,FGSM,4,5,1024,3,285.3936548233032,32.43271803855896,9.66000265793383,0.9260558840506118,0.9391659369704272,0.9260558840506118,0.9128803202535635,0.7531037236239737,0.04240928660754346,0.22608910135190688,0.8855618880690531,0.44915081773716564,0.5510304532246724,0.32390745501285345,0.11420765027322405,0.003437097215170097,0.013084208624738703,0.9974088979546832,0.5291375291375291,0.8294558574712735,0.7452968964522633,0.8294558574712735,0.7559695258547598,0.03126347901932599,0.0035345049783777074,0.9924828809358813,0.39462936960053574,0.13163820163356638,0.1340446441381529,1.0,1.0,0.9999609420771003,0.9835092518516607,1.0,1.0
CICIDS,RANDOM_LINF,4,5,1024,3,285.3936548233032,22.58878803253174,9.499534861579162,0.9260558840506118,0.9391659369704272,0.9260558840506118,0.9128803202535635,0.7531037236239737,0.04240928660754346,0.22608910135190688,0.8855618880690531,0.44915081773716564,0.5510304532246724,0.32390745501285345,0.11420765027322405,0.003437097215170097,0.013084208624738703,0.9974088979546832,0.5291375291375291,0.8310605354348202,0.7021618176558624,0.8310605354348202,0.7544771328883696,0.0021622470167140698,9.546265978062681e-05,0.9998355630204724,0.5696433594494573,0.155416464202739,0.1297362088449677,1.0,1.0,0.999882826231301,0.9997935430591757,0.9998346105077457,1.0
CICIDS,RANDOM_L2,4,5,1024,3,285.3936548233032,22.544583559036255,9.498939801765738,0.9260558840506118,0.9391659369704272,0.9260558840506118,0.9128803202535635,0.7531037236239737,0.04240928660754346,0.22608910135190688,0.8855618880690531,0.44915081773716564,0.5510304532246724,0.32390745501285345,0.11420765027322405,0.003437097215170097,0.013084208624738703,0.9974088979546832,0.5291375291375291,0.8310664860329544,0.7051118296919135,0.8310664860329544,0.7544930983675642,0.003673052253714992,9.546265978062681e-05,0.999776835527784,0.5453250436686377,0.14860727725825648,0.12975899041050654,1.0,1.0,0.9997265945397024,0.9997161217063666,0.9999448701692486,1.0
CICIDS,FGSM,4,5,2048,2,281.70723152160645,29.111541748046875,9.8555789832808,0.9283944691173874,0.9400279809894758,0.9283944691173874,0.9153673290342235,0.7599382770354561,0.04007999770889616,0.22408062110196267,0.8860827123350914,0.4443905075039665,0.5584488122261319,0.3110539845758355,0.11147540983606558,0.0045697769792602426,0.013781000800020645,0.9845636473896026,0.5664335664335665,0.8298386792845794,0.7722027852239103,0.8298386792845794,0.7561648920859961,0.034410801643316925,0.0030738976449361834,0.9924828809358813,0.42490750828711377,0.134592638055907,0.1340866420897675,1.0,1.0,0.9999609420771003,0.9835092518516607,1.0,1.0
CICIDS,RANDOM_LINF,4,5,2048,2,281.70723152160645,22.2287437915802,9.73359172152788,0.9283944691173874,0.9400279809894758,0.9283944691173874,0.9153673290342235,0.7599382770354561,0.04007999770889616,0.22408062110196267,0.8860827123350914,0.4443905075039665,0.5584488122261319,0.3110539845758355,0.11147540983606558,0.0045697769792602426,0.013781000800020645,0.9845636473896026,0.5664335664335665,0.8310585519021086,0.701564982361657,0.8310585519021086,0.7544777815967936,0.0024090012469288485,9.784922627514248e-05,0.9998120720233971,0.5745547414570815,0.1555277796928654,0.129736316215015,1.0,1.0,0.9997656524626021,0.9997935430591757,0.9998897403384972,1.0
CICIDS,RANDOM_L2,4,5,2048,2,281.70723152160645,22.187766075134277,9.73498019442588,0.9283944691173874,0.9400279809894758,0.9283944691173874,0.9153673290342235,0.7599382770354561,0.04007999770889616,0.22408062110196267,0.8860827123350914,0.4443905075039665,0.5584488122261319,0.3110539845758355,0.11147540983606558,0.0045697769792602426,0.013781000800020645,0.9845636473896026,0.5664335664335665,0.8310446671731286,0.6965679470580435,0.8310446671731286,0.7544532670148033,-6.000634891279309e-06,0.00010500892575868948,0.9998942905131608,0.5464254961831542,0.14856946972633783,0.12970537827071266,1.0,0.9994535519125683,0.9999218841542007,0.9998967715295879,0.9999448701692486,0.9976689976689976
CICIDS,FGSM,4,5,2048,3,283.7325744628906,29.464842319488525,10.261211422768179,0.9322147531196011,0.9439447642168403,0.9322147531196011,0.9190355852692303,0.7703858805795686,0.03508252746938035,0.226159574343133,0.8804264226928619,0.44375721058323203,0.5557831100263946,0.2930591259640103,0.10163934426229508,0.004022966058665,0.013368086918372086,0.996196041678152,0.6153846153846154,0.8296026388919193,0.7413000690977168,0.8296026388919193,0.7560564074483634,0.03302757067644808,0.003357899057783548,0.9924828809358813,0.4153977706529311,0.13539605382734227,0.13408298719379874,1.0,1.0,0.9999609420771003,0.9835092518516607,1.0,1.0
CICIDS,RANDOM_LINF,4,5,2048,3,283.7325744628906,22.629801750183105,10.114231648851247,0.9322147531196011,0.9439447642168403,0.9322147531196011,0.9190355852692303,0.7703858805795686,0.03508252746938035,0.226159574343133,0.8804264226928619,0.44375721058323203,0.5557831100263946,0.2930591259640103,0.10163934426229508,0.004022966058665,0.013368086918372086,0.996196041678152,0.6153846153846154,0.8310724366310887,0.6995496056956192,0.8310724366310887,0.7544637730203125,0.00012282041686420412,7.15969948354701e-05,0.9999412725073116,0.5756533940367236,0.1560606269099873,0.12970719649332318,1.0,1.0,0.9999609420771003,0.9998967715295879,1.0,1.0
CICIDS,RANDOM_L2,4,5,2048,3,283.7325744628906,22.561606407165527,10.112446469410951,0.9322147531196011,0.9439447642168403,0.9322147531196011,0.9190355852692303,0.7703858805795686,0.03508252746938035,0.226159574343133,0.8804264226928619,0.44375721058323203,0.5557831100263946,0.2930591259640103,0.10163934426229508,0.004022966058665,0.013368086918372086,0.996196041678152,0.6153846153846154,0.8310902884254916,0.7032436664164426,0.8310902884254916,0.7544859380257655,0.0032636441108409497,5.489102937386041e-05,0.9998355630204724,0.5496274688878235,0.14949741873489125,0.12972437533527967,1.0,1.0,0.9998047103855017,0.9998451572943818,0.9998346105077457,1.0
CICIDS,FGSM,4,10,1024,2,182.94016003608704,14.591052293777466,12.222726921101012,0.9539245186461992,0.9580793855835615,0.9539245186461992,0.9407061558756571,0.8396110291600593,0.010582035836682482,0.22060395353480777,0.9153084309531483,0.5687182640149712,0.5960825007856994,0.36503856041131105,0.09344262295081968,0.005077529976955825,0.02340705566595267,0.9375379017586416,0.993006993006993,0.8316972494351891,0.8017224949811114,0.8316972494351891,0.7571390151105901,0.06072511413784209,0.0008376848395750002,0.992459389938806,0.37388327622573664,0.1283667059547634,0.13433733508341816,1.0,1.0,0.9999218841542007,0.9835092518516607,0.9999448701692486,1.0
CICIDS,RANDOM_LINF,4,10,1024,2,182.94016003608704,12.532142400741577,12.3246805024685,0.9539245186461992,0.9580793855835615,0.9539245186461992,0.9407061558756571,0.8396110291600593,0.010582035836682482,0.22060395353480777,0.9153084309531483,0.5687182640149712,0.5960825007856994,0.36503856041131105,0.09344262295081968,0.005077529976955825,0.02340705566595267,0.9375379017586416,0.993006993006993,0.8306777136215142,0.7430631496267825,0.8306777136215142,0.7544508417718466,0.004238140230360545,0.0006395998205301996,0.9989663961286837,0.5596829191531186,0.15268642202486243,0.12997957239808294,0.9974293059125964,0.9989071038251366,0.9986329726985119,0.9989677152958786,0.9994487016924858,1.0
CICIDS,RANDOM_L2,4,10,1024,2,182.94016003608704,12.742834091186523,12.33360639966994,0.9539245186461992,0.9580793855835615,0.9539245186461992,0.9407061558756571,0.8396110291600593,0.010582035836682482,0.22060395353480777,0.9153084309531483,0.5687182640149712,0.5960825007856994,0.36503856041131105,0.09344262295081968,0.005077529976955825,0.02340705566595267,0.9375379017586416,0.993006993006993,0.8305884546494998,0.7145271214398617,0.8305884546494998,0.7544197834524051,0.003393650415956558,0.0007565415787614675,0.9989429051316083,0.5364234205291608,0.14793575327372893,0.13000041380705762,1.0,0.9978142076502732,0.9991016677733078,0.9988386797078634,0.9990627928772259,0.9976689976689976
CICIDS,FGSM,4,10,1024,3,184.0832874774933,17.006866693496704,12.169568244434704,0.9528791969072758,0.9570645166112863,0.9528791969072758,0.9394322122170709,0.835925690684605,0.011531889301499718,0.22186072187834013,0.9142914359902582,0.5641548718725268,0.5921728548507026,0.39845758354755784,0.09562841530054644,0.0054681092059524275,0.02320059872512839,0.9435470533105463,0.9440559440559441,0.8311835144629288,0.7440782474009346,0.8311835144629288,0.7569405076060992,0.051942286224346615,0.0014868309260832626,0.9919073515075347,0.38778400421856835,0.12810087153440605,0.13435518489788725,1.0,1.0,0.9999609420771003,0.9831737593228213,0.9980153260929489,1.0
CICIDS,RANDOM_LINF,4,10,1024,3,184.0832874774933,13.309416055679321,12.212610904272736,0.9528791969072758,0.9570645166112863,0.9528791969072758,0.9394322122170709,0.835925690684605,0.011531889301499718,0.22186072187834013,0.9142914359902582,0.5641548718725268,0.5921728548507026,0.39845758354755784,0.09562841530054644,0.0054681092059524275,0.02320059872512839,0.9435470533105463,0.9440559440559441,0.8307530878645485,0.7099042452130775,0.8307530878645485,0.7545935683593188,0.009465094555069336,0.0006085744561014959,0.9985083216857139,0.5595224827485199,0.15416395467786811,0.13015734462992476,1.0,0.9994535519125683,0.998164277623716,0.9982709231205966,0.999338442030983,1.0
CICIDS,RANDOM_L2,4,10,1024,3,184.0832874774933,13.375832319259644,12.225305513625884,0.9528791969072758,0.9570645166112863,0.9528791969072758,0.9394322122170709,0.835925690684605,0.011531889301499718,0.22186072187834013,0.9142914359902582,0.5641548718725268,0.5921728548507026,0.39845758354755784,0.09562841530054644,0.0054681092059524275,0.02320059872512839,0.9435470533105463,0.9440559440559441,0.830626141771017,0.703178854404596,0.830626141771017,0.7543735265350315,0.0013210798670410715,0.000673011751453419,0.9992013060994374,0.5348580903977809,0.14840723708121614,0.12987829999377326,1.0,0.9994535519125683,0.9991407256962075,0.9991483651190999,0.999338442030983,1.0
CICIDS,FGSM,4,10,2048,2,182.56830406188965,14.593361616134644,12.214396083713009,0.9537301324404791,0.9576193447244518,0.9537301324404791,0.9412106348913326,0.8390600946075286,0.011586780330873578,0.21672793901737158,0.9138612010475544,0.5632176672070529,0.6017818970856561,0.35989717223650386,0.08907103825136611,0.005038472054056165,0.02410384784123461,0.9186283698109047,0.986013986013986,0.831586171603349,0.7501535823169789,0.831586171603349,0.757089644850287,0.05833445851020256,0.0009761056962569091,0.9923889169475798,0.376932238179131,0.12534915562283502,0.13433358160399184,1.0,1.0,0.9999218841542007,0.9834576376164547,0.9997243508462429,1.0
CICIDS,RANDOM_LINF,4,10,2048,2,182.56830406188965,14.174285888671875,12.307225414607926,0.9537301324404791,0.9576193447244518,0.9537301324404791,0.9412106348913326,0.8390600946075286,0.011586780330873578,0.21672793901737158,0.9138612010475544,0.5632176672070529,0.6017818970856561,0.35989717223650386,0.08907103825136611,0.005038472054056165,0.02410384784123461,0.9186283698109047,0.986013986013986,0.8306578782943999,0.7061016961505169,0.8306578782943999,0.7544947712990555,0.00568918252071741,0.0006992639828930913,0.9988254501462315,0.5632361522457329,0.1547725590125447,0.13007400909323777,1.0,0.9994535519125683,0.9989844940046089,0.9984515729438179,0.9992833122002316,1.0
CICIDS,RANDOM_L2,4,10,2048,2,182.56830406188965,13.79436445236206,12.311787539844211,0.9537301324404791,0.9576193447244518,0.9537301324404791,0.9412106348913326,0.8390600946075286,0.011586780330873578,0.21672793901737158,0.9138612010475544,0.5632176672070529,0.6017818970856561,0.35989717223650386,0.08907103825136611,0.005038472054056165,0.02410384784123461,0.9186283698109047,0.986013986013986,0.830612257042037,0.7092826476491181,0.830612257042037,0.754478773869212,0.006001671114501606,0.0007469953127834047,0.9986022856740154,0.5432132298558868,0.1487040023069893,0.13006262020405038,1.0,0.9978142076502732,0.9982423934695153,0.9986064156494361,0.9991730525387287,0.9976689976689976
CICIDS,FGSM,4,10,2048,3,183.8985652923584,14.127378702163696,12.065234423813509,0.9522345487760612,0.956470442993213,0.9522345487760612,0.9379187956639217,0.8335327147312869,0.011484157971609406,0.22613608334605761,0.912252880342996,0.5401357572154201,0.5879980466344679,0.39588688946015427,0.08306010928961749,0.00609303597234699,0.0233554414307466,0.962677104581289,0.9883449883449883,0.8315822045379261,0.7478587727883097,0.8315822045379261,0.7571248101879826,0.059133269831749075,0.0009761056962569091,0.9917898965221579,0.4096517829680352,0.13105348180186813,0.13432853267921177,1.0,1.0,0.9976565246260204,0.9835092518516607,1.0,1.0
CICIDS,RANDOM_LINF,4,10,2048,3,183.8985652923584,12.988678455352783,12.156873635081556,0.9522345487760612,0.956470442993213,0.9522345487760612,0.9379187956639217,0.8335327147312869,0.011484157971609406,0.22613608334605761,0.912252880342996,0.5401357572154201,0.5879980466344679,0.39588688946015427,0.08306010928961749,0.00609303597234699,0.0233554414307466,0.962677104581289,0.9883449883449883,0.8306658124252456,0.7116670726918335,0.8306658124252456,0.7545577520696014,0.008282507214034675,0.0007183565148492167,0.9984848306886386,0.564204362853121,0.15305791654399675,0.13017948512678174,1.0,0.9994535519125683,0.9983986251611139,0.9980644661797724,0.999338442030983,1.0
CICIDS,RANDOM_L2,4,10,2048,3,183.8985652923584,13.428164958953857,12.164609412656135,0.9522345487760612,0.956470442993213,0.9522345487760612,0.9379187956639217,0.8335327147312869,0.011484157971609406,0.22613608334605761,0.912252880342996,0.5401357572154201,0.5879980466344679,0.39588688946015427,0.08306010928961749,0.00609303597234699,0.0233554414307466,0.962677104581289,0.9883449883449883,0.8305884546494998,0.7058956288960053,0.8305884546494998,0.7544834418920952,0.00625614226742561,0.0007851803766956555,0.9985318126827893,0.5348277909258086,0.14800811415421058,0.13008201680250028,0.9974293059125964,0.9994535519125683,0.9981252197008164,0.9984515729438179,0.9991730525387287,1.0
CICIDS,FGSM,4,15,1024,2,150.4684352874756,30.354472875595093,13.198029955311007,0.9587643384620878,0.963142142305567,0.9587643384620878,0.9483113096746466,0.8569910370151699,0.00801409028858362,0.20460658452648023,0.933895429614221,0.6363448330221834,0.6203275962130127,0.36503856041131105,0.059562841530054644,0.004882240362457524,0.023897390900410334,0.8650421743205249,0.9953379953379954,0.8267840389089777,0.7180438619834392,0.8267840389089777,0.755717893386808,0.03437229674166208,0.007135833818601854,0.982710626152527,0.43345960891281127,0.13624635106509944,0.1366703894166779,0.974293059125964,0.9601092896174863,0.996211381478733,0.968902423288343,0.9952588345553779,0.9976689976689976
CICIDS,RANDOM_LINF,4,15,1024,2,150.4684352874756,13.019878387451172,13.68816088830529,0.9587643384620878,0.963142142305567,0.9587643384620878,0.9483113096746466,0.8569910370151699,0.00801409028858362,0.20460658452648023,0.933895429614221,0.6363448330221834,0.6203275962130127,0.36503856041131105,0.059562841530054644,0.004882240362457524,0.023897390900410334,0.8650421743205249,0.9953379953379954,0.8218827295790349,0.7046211380427007,0.8218827295790349,0.752002192354698,0.006661269247592242,0.012102278693688963,0.9853885998191193,0.5392184017768956,0.15105423960297673,0.13241596016311255,0.987146529562982,0.9868852459016394,0.9844158887630355,0.9846447650261942,0.9882022162191962,0.9836829836829837
CICIDS,RANDOM_L2,4,15,1024,2,150.4684352874756,13.606624603271484,13.770279142558483,0.9587643384620878,0.963142142305567,0.9587643384620878,0.9483113096746466,0.8569910370151699,0.00801409028858362,0.20460658452648023,0.933895429614221,0.6363448330221834,0.6203275962130127,0.36503856041131105,0.059562841530054644,0.004882240362457524,0.023897390900410334,0.8650421743205249,0.9953379953379954,0.8210615470365029,0.7054531341583,0.8210615470365029,0.7517397664854835,0.006531983936232344,0.013169073916737469,0.9845076874287929,0.5232270640680788,0.14702905572584885,0.1326342379259743,0.9922879177377892,0.9863387978142076,0.9838300199195407,0.9832253735580273,0.9877060477424334,0.9906759906759907
CICIDS,FGSM,4,15,1024,3,151.11702060699463,31.958337545394897,13.280346562835344,0.961705917473138,0.9657995550547773,0.961705917473138,0.953893978477698,0.8676065836476409,0.007856576899945586,0.18795146760004228,0.9344223301285159,0.6329628092146999,0.6371387769487907,0.37532133676092544,0.060655737704918035,0.004765066593758544,0.024723218663707452,0.785048789900215,0.9906759906759907,0.8289024518447846,0.7291050840700607,0.8289024518447846,0.7566389761018302,0.043608013803516144,0.004586980802459118,0.9854120908161947,0.410195568953192,0.13305191075031417,0.13526152543791137,0.9922879177377892,0.9759562841530055,0.9969144240909269,0.9759735735115745,0.9898561111417388,0.9976689976689976
CICIDS,RANDOM_LINF,4,15,1024,3,151.11702060699463,15.175457000732422,14.116802307245258,0.961705917473138,0.9657995550547773,0.961705917473138,0.953893978477698,0.8676065836476409,0.007856576899945586,0.18795146760004228,0.9344223301285159,0.6329628092146999,0.6371387769487907,0.37532133676092544,0.060655737704918035,0.004765066593758544,0.024723218663707452,0.785048789900215,0.9906759906759907,0.8205378944006855,0.7046715851934422,0.8205378944006855,0.7515331029138671,0.005974155349865807,0.013849245367674434,0.9843315049507276,0.5388561049401414,0.15133218446391436,0.1331080461517894,0.9717223650385605,0.9885245901639345,0.9823848767722533,0.9846189579085912,0.9864380616351508,0.9790209790209791
CICIDS,RANDOM_L2,4,15,1024,3,151.11702060699463,15.782327890396118,14.28579929425906,0.961705917473138,0.9657995550547773,0.961705917473138,0.953893978477698,0.8676065836476409,0.007856576899945586,0.18795146760004228,0.9344223301285159,0.6329628092146999,0.6371387769487907,0.37532133676092544,0.060655737704918035,0.004765066593758544,0.024723218663707452,0.785048789900215,0.9906759906759907,0.8188479245305474,0.7030155827680162,0.8188479245305474,0.750671301578058,0.0028177965104158693,0.015822935858638892,0.983497574554552,0.5243474965725513,0.1472062646559233,0.13244349024908392,0.987146529562982,0.9846994535519126,0.9832441510760458,0.9835866732044698,0.9835161806053255,0.9813519813519813
CICIDS,FGSM,4,15,2048,2,149.79819917678833,23.265129804611206,14.240773101709603,0.9614758276786122,0.965697600399442,0.9614758276786122,0.9539727272402209,0.866824898398611,0.008388781228222581,0.18662422626528383,0.933778385673324,0.6377462169713616,0.638575374377261,0.35218508997429304,0.05901639344262295,0.005702456743350389,0.025574853544607604,0.7766690556259992,0.9766899766899767,0.8190680966615161,0.7084488868056829,0.8190680966615161,0.7519717886257067,0.012509001591564466,0.01650788044256489,0.9800913799786232,0.4331626792998187,0.1343214925739215,0.13477566437674737,0.987146529562982,0.9704918032786886,0.9838300199195407,0.9753800098067047,0.9855008545123767,0.9883449883449883
CICIDS,RANDOM_LINF,4,15,2048,2,149.79819917678833,19.486448764801025,15.868460044708833,0.9614758276786122,0.965697600399442,0.9614758276786122,0.9539727272402209,0.866824898398611,0.008388781228222581,0.18662422626528383,0.933778385673324,0.6377462169713616,0.638575374377261,0.35218508997429304,0.05901639344262295,0.005702456743350389,0.025574853544607604,0.7766690556259992,0.9766899766899767,0.8027912272315239,0.7051182234371881,0.8027912272315239,0.7458695791725375,0.009051081588334637,0.036972688133036766,0.9581390432116891,0.537072345378072,0.1504058903489051,0.1365943037176293,0.974293059125964,0.9633879781420766,0.9549662148966918,0.9572376061317711,0.964000220519323,0.9440559440559441
CICIDS,RANDOM_L2,4,15,2048,2,149.79819917678833,20.164084434509277,16.21022273088817,0.9614758276786122,0.965697600399442,0.9614758276786122,0.9539727272402209,0.866824898398611,0.008388781228222581,0.18662422626528383,0.933778385673324,0.6377462169713616,0.638575374377261,0.35218508997429304,0.05901639344262295,0.005702456743350389,0.025574853544607604,0.7766690556259992,0.9766899766899767,0.7993736003697305,0.7036412596156031,0.7993736003697305,0.7441790133753864,0.0062966833398721035,0.04100359894227373,0.955378851055333,0.5224195373276731,0.14683476022113034,0.13688722179490842,0.9640102827763496,0.9617486338797814,0.951841581064719,0.9562311285452528,0.9579910689674183,0.9440559440559441
CICIDS,FGSM,4,15,2048,3,151.2830047607422,18.885966300964355,14.89474383666799,0.9575920706296328,0.9619677147978591,0.9575920706296328,0.9455557823571578,0.8527050567245155,0.007694290378318521,0.21313381646483984,0.9337812864216447,0.6368939367640307,0.6129555254257307,0.35989717223650386,0.05683060109289618,0.005233761668554466,0.02431030478205889,0.9041292243232814,0.993006993006993,0.8086446322629529,0.701466678666311,0.8086446322629529,0.7471557974319524,0.0018115573826606708,0.029051673937739254,0.972186659462761,0.4375137650207154,0.13658276967438418,0.1334965390651545,0.9408740359897172,0.9606557377049181,0.9949224700230441,0.964515213295827,0.9579359391366669,0.9883449883449883
CICIDS,RANDOM_LINF,4,15,2048,3,151.2830047607422,21.57456636428833,15.993422605528906,0.9575920706296328,0.9619677147978591,0.9575920706296328,0.9455557823571578,0.8527050567245155,0.007694290378318521,0.21313381646483984,0.9337812864216447,0.6368939367640307,0.6129555254257307,0.35989717223650386,0.05683060109289618,0.005233761668554466,0.02431030478205889,0.9041292243232814,0.993006993006993,0.7976578445743437,0.7045336795282414,0.7976578445743437,0.7438167772876001,0.007939740856601754,0.04345937586513036,0.9527596048814292,0.5412010435428897,0.15074274912486402,0.1375025244374202,0.9588688946015425,0.9524590163934427,0.9508260750693278,0.9530310459624765,0.9547935387838359,0.9533799533799534
CICIDS,RANDOM_L2,4,15,2048,3,151.2830047607422,20.367467880249023,16.4434861777523,0.9575920706296328,0.9619677147978591,0.9575920706296328,0.9455557823571578,0.8527050567245155,0.007694290378318521,0.21313381646483984,0.9337812864216447,0.6368939367640307,0.6129555254257307,0.35989717223650386,0.05683060109289618,0.005233761668554466,0.02431030478205889,0.9041292243232814,0.993006993006993,0.7931572088521098,0.7024690652970849,0.7931572088521098,0.7417108766553929,0.005716830278901536,0.04885301614273577,0.9481788604517318,0.5198608882485004,0.14693423971846556,0.1364203453516172,0.9537275064267352,0.9546448087431694,0.9475452095457564,0.9484115719115332,0.9475715309553999,0.958041958041958
CICIDS,FGSM,4,20,1024,2,135.51436066627502,8.93091869354248,13.537015695694343,0.9657047194193803,0.9687300405939254,0.9657047194193803,0.9604334125053008,0.8819047840651822,0.007219363645909902,0.1673850996605551,0.9474745537193223,0.6627747262069728,0.6553131179541813,0.38046272493573263,0.04972677595628415,0.004765066593758544,0.02518774678056208,0.6885164562544793,0.9906759906759907,0.8303345624624369,0.7302708489016845,0.8303345624624369,0.7568023115203735,0.04872914967952245,0.002532147050681126,0.9880665734857116,0.43765521919914063,0.1358495341710694,0.13437470541867694,1.0,0.9950819672131147,0.9995703628481037,0.9766187514516503,0.9950383152323722,1.0
CICIDS,RANDOM_LINF,4,20,1024,2,135.51436066627502,8.140532732009888,13.829983477172513,0.9657047194193803,0.9687300405939254,0.9657047194193803,0.9604334125053008,0.8819047840651822,0.007219363645909902,0.1673850996605551,0.9474745537193223,0.6627747262069728,0.6553131179541813,0.38046272493573263,0.04972677595628415,0.004765066593758544,0.02518774678056208,0.6885164562544793,0.9906759906759907,0.8274048846476552,0.7045500372736387,0.8274048846476552,0.7534505591972721,0.0042870471825371854,0.004832797151394232,0.9943034332092225,0.5219592530812925,0.14765123475732503,0.1309720691381722,0.9948586118251928,0.994535519125683,0.9939850798734523,0.994064362951302,0.9952037047246265,0.9953379953379954
CICIDS,RANDOM_L2,4,20,1024,2,135.51436066627502,8.400131225585938,13.867472245418533,0.9657047194193803,0.9687300405939254,0.9657047194193803,0.9604334125053008,0.8819047840651822,0.007219363645909902,0.1673850996605551,0.9474745537193223,0.6627747262069728,0.6553131179541813,0.38046272493573263,0.04972677595628415,0.004765066593758544,0.02518774678056208,0.6885164562544793,0.9906759906759907,0.827029996965195,0.7075562807031729,0.827029996965195,0.7532173081313716,0.0025430867393467105,0.005238513455461896,0.9942681967136096,0.5096239033644064,0.1448606415990645,0.13046130128674907,1.0,0.9923497267759562,0.9941413115650509,0.9943224341273323,0.9944318870941066,0.993006993006993
CICIDS,FGSM,4,20,1024,3,137.77311325073242,8.825266599655151,12.94294764862115,0.9609482079773719,0.9651075293403577,0.9609482079773719,0.9519366578108661,0.8647990783390151,0.006959227898007694,0.1969015374857586,0.9458172133976304,0.6598618952569518,0.6312634643164289,0.38817480719794345,0.048633879781420766,0.00597586220364801,0.02645229554311079,0.8224819449804289,0.9953379953379954,0.8315187314911604,0.7600454054727411,0.8315187314911604,0.7572378326308746,0.05951313517906873,0.0011574847498401,0.9916489505397057,0.43250029671642876,0.13895580691184783,0.13464823486031555,0.9974293059125964,1.0,0.9993750732336054,0.982270510206715,0.9996692210154915,0.9976689976689976
CICIDS,RANDOM_LINF,4,20,1024,3,137.77311325073242,8.283811330795288,13.147251517898418,0.9609482079773719,0.9651075293403577,0.9609482079773719,0.9519366578108661,0.8647990783390151,0.006959227898007694,0.1969015374857586,0.9458172133976304,0.6598618952569518,0.6312634643164289,0.38817480719794345,0.048633879781420766,0.00597586220364801,0.02645229554311079,0.8224819449804289,0.9953379953379954,0.8294756927983877,0.7153478109535705,0.8294756927983877,0.7539497909086118,0.0011908471401919382,0.0021001785151737898,0.9978153372719905,0.5253736019537897,0.14930162121313242,0.13026899361519242,0.9948586118251928,0.9961748633879781,0.9976174667031207,0.9980644661797724,0.9977948067699433,0.9976689976689976
CICIDS,RANDOM_L2,4,20,1024,3,137.77311325073242,8.037127017974854,13.14744987116956,0.9609482079773719,0.9651075293403577,0.9609482079773719,0.9519366578108661,0.8647990783390151,0.006959227898007694,0.1969015374857586,0.9458172133976304,0.6598618952569518,0.6312634643164289,0.38817480719794345,0.048633879781420766,0.00597586220364801,0.02645229554311079,0.8224819449804289,0.9953379953379954,0.8294737092656763,0.7092650521892373,0.8294737092656763,0.7539727267028247,0.001965886311483883,0.002112111347646368,0.9976743912895383,0.5139081597759211,0.14584563760618194,0.13014793613287415,1.0,0.9983606557377049,0.9978518142405187,0.9975483238277116,0.997629417277689,0.9953379953379954
CICIDS,FGSM,4,20,2048,2,136.4536006450653,15.224725008010864,16.790604402252495,0.9672756773268326,0.9708637920847816,0.9672756773268326,0.9629173873930529,0.8874939729164243,0.007066623390260899,0.15888135871927084,0.9465051075868036,0.658059931052224,0.6675267479441837,0.36246786632390743,0.046994535519125684,0.004804124516658204,0.025858731838240986,0.6479960306521859,0.9813519813519813,0.7993696333043077,0.7098449176182946,0.7993696333043077,0.7441062968197834,0.010469341477389678,0.04064322740160187,0.9548855401167503,0.4527439213277281,0.13868863339254983,0.1345252607604653,0.9383033419023136,0.9251366120218579,0.9561770105065812,0.9539601021961857,0.9589282760901924,0.9324009324009324
CICIDS,RANDOM_LINF,4,20,2048,2,136.4536006450653,14.93307375907898,20.283407153809073,0.9672756773268326,0.9708637920847816,0.9672756773268326,0.9629173873930529,0.8874939729164243,0.007066623390260899,0.15888135871927084,0.9465051075868036,0.658059931052224,0.6675267479441837,0.36246786632390743,0.046994535519125684,0.004804124516658204,0.025858731838240986,0.6479960306521859,0.9813519813519813,0.7644416057887419,0.7065171705680888,0.7644416057887419,0.7289326758048755,0.0036172872940391084,0.08360858400236748,0.9187094046206791,0.5268573665180633,0.14798627543394385,0.135619622163432,0.897172236503856,0.9174863387978142,0.9145803226184431,0.9235335105422076,0.9151551904735652,0.9044289044289044
CICIDS,RANDOM_L2,4,20,2048,2,136.4536006450653,13.324564456939697,20.77948868493764,0.9672756773268326,0.9708637920847816,0.9672756773268326,0.9629173873930529,0.8874939729164243,0.007066623390260899,0.15888135871927084,0.9465051075868036,0.658059931052224,0.6675267479441837,0.36246786632390743,0.046994535519125684,0.004804124516658204,0.025858731838240986,0.6479960306521859,0.9813519813519813,0.7594807904774562,0.7037578084799649,0.7594807904774562,0.7261445168773696,0.002210009463369429,0.08891869445266484,0.9116973419936809,0.5126625143333473,0.145119568997958,0.132897926180597,0.910025706940874,0.9049180327868852,0.9084872866460961,0.9159720250845184,0.9087050002756492,0.8741258741258742
CICIDS,FGSM,4,20,2048,3,137.50042963027954,24.245399951934814,17.402325890457426,0.9669384767658896,0.9707768696674086,0.9669384767658896,0.962380639034425,0.8863405468749475,0.0073864233005259995,0.1593159421651652,0.9460175520677593,0.6494237225214651,0.6639499162297866,0.3393316195372751,0.040437158469945354,0.0053118775143537866,0.02252961366744948,0.6573129720491758,0.993006993006993,0.7929152178613154,0.6973837714045591,0.7929152178613154,0.7403639329647284,0.001182349326280395,0.04796521340677594,0.9492477008186613,0.426626194639611,0.13823399212780915,0.1321655330247227,0.9203084832904884,0.9606557377049181,0.9912510252704761,0.9143977909107331,0.9633937923810574,0.9696969696969697
CICIDS,RANDOM_LINF,4,20,2048,3,137.50042963027954,14.661441564559937,18.652744911742715,0.9669384767658896,0.9707768696674086,0.9669384767658896,0.962380639034425,0.8863405468749475,0.0073864233005259995,0.1593159421651652,0.9460175520677593,0.6494237225214651,0.6639499162297866,0.3393316195372751,0.040437158469945354,0.0053118775143537866,0.02252961366744948,0.6573129720491758,0.993006993006993,0.7804110276484625,0.7084443494171464,0.7804110276484625,0.735951698349098,0.007633870828170775,0.06367359407367808,0.9327687663702886,0.5266227359210445,0.14894500002751304,0.13453962269155953,0.9460154241645244,0.9420765027322404,0.929422333320314,0.9331853725257426,0.9349467997133248,0.951048951048951
CICIDS,RANDOM_L2,4,20,2048,3,137.50042963027954,13.391319990158081,18.993714184837486,0.9669384767658896,0.9707768696674086,0.9669384767658896,0.962380639034425,0.8863405468749475,0.0073864233005259995,0.1593159421651652,0.9460175520677593,0.6494237225214651,0.6639499162297866,0.3393316195372751,0.040437158469945354,0.0053118775143537866,0.02252961366744948,0.6573129720491758,0.993006993006993,0.7770013349175148,0.7067995195056025,0.7770013349175148,0.734087961332153,0.0067677841650474685,0.06735606617471576,0.927600747013707,0.512646485142429,0.14553491628459092,0.13311571502673575,0.9305912596401028,0.9289617486338798,0.9241885716517596,0.9291336550620661,0.9285517393461602,0.9440559440559441
CICIDS,FGSM,8,5,1024,2,490.36528635025024,50.998735189437866,11.439231500086288,0.9458297216508547,0.9484927765330581,0.9458297216508547,0.9290194583783392,0.8116708581839177,0.018262006816033908,0.2298594063825039,0.8744087991183067,0.4715815565550693,0.5883521304284741,0.4524421593830334,0.1,0.0045697769792602426,0.01711011897081215,0.9958652626936435,0.8554778554778555,0.8314374066499918,0.78611660163322,0.8314374066499918,0.7569865626013482,0.05459342146661837,0.0011479384838620373,0.992494626434419,0.39270893197939355,0.13497505051114825,0.13427396396485017,1.0,1.0,0.9999609420771003,0.9835350589692637,1.0,1.0
CICIDS,RANDOM_LINF,8,5,1024,2,490.36528635025024,42.95181393623352,11.47057131692688,0.9458297216508547,0.9484927765330581,0.9458297216508547,0.9290194583783392,0.8116708581839177,0.018262006816033908,0.2298594063825039,0.8744087991183067,0.4715815565550693,0.5883521304284741,0.4524421593830334,0.1,0.0045697769792602426,0.01711011897081215,0.9958652626936435,0.8554778554778555,0.8311240084815859,0.6907671174744993,0.8311240084815859,0.7544733336190603,0.0,0.0,1.0,0.5890532540414989,0.16380681413659998,0.12968209762058736,1.0,1.0,1.0,1.0,1.0,1.0
CICIDS,RANDOM_L2,8,5,1024,2,490.36528635025024,42.598875522613525,11.47057131692688,0.9458297216508547,0.9484927765330581,0.9458297216508547,0.9290194583783392,0.8116708581839177,0.018262006816033908,0.2298594063825039,0.8744087991183067,0.4715815565550693,0.5883521304284741,0.4524421593830334,0.1,0.0045697769792602426,0.01711011897081215,0.9958652626936435,0.8554778554778555,0.8311240084815859,0.6907671174744993,0.8311240084815859,0.7544733336190603,0.0,0.0,1.0,0.5599869154270756,0.15224830035027082,0.12968209762058736,1.0,1.0,1.0,1.0,1.0,1.0
CICIDS,FGSM,8,5,1024,3,492.1874825954437,51.71273994445801,11.247423886891028,0.9437291605094505,0.9475747944010686,0.9437291605094505,0.9270342379546443,0.8048244051538123,0.020629480778593452,0.22960100541467482,0.87601945372131,0.47600221682567245,0.5825820197772631,0.4755784061696658,0.09453551912568306,0.0044135452876616025,0.01767787555807892,0.9975742874469375,0.6923076923076923,0.8312549216405403,0.7827642218994902,0.8312549216405403,0.7568867607847247,0.05126530837612128,0.0013651160348629634,0.9925063719329567,0.38374447049468213,0.13469030435548027,0.13424097450843697,1.0,1.0,0.9999609420771003,0.9835608660868668,1.0,1.0
CICIDS,RANDOM_LINF,8,5,1024,3,492.1874825954437,43.401503801345825,11.26051520278647,0.9437291605094505,0.9475747944010686,0.9437291605094505,0.9270342379546443,0.8048244051538123,0.020629480778593452,0.22960100541467482,0.87601945372131,0.47600221682567245,0.5825820197772631,0.4755784061696658,0.09453551912568306,0.0044135452876616025,0.01767787555807892,0.9975742874469375,0.6923076923076923,0.8311240084815859,0.6907671174744993,0.8311240084815859,0.7544733336190603,0.0,0.0,1.0,0.5905666546555103,0.16528449994974212,0.12968209762058736,1.0,1.0,1.0,1.0,1.0,1.0
CICIDS,RANDOM_L2,8,5,1024,3,492.1874825954437,43.42542386054993,11.26051520278647,0.9437291605094505,0.9475747944010686,0.9437291605094505,0.9270342379546443,0.8048244051538123,0.020629480778593452,0.22960100541467482,0.87601945372131,0.47600221682567245,0.5825820197772631,0.4755784061696658,0.09453551912568306,0.0044135452876616025,0.01767787555807892,0.9975742874469375,0.6923076923076923,0.8311240084815859,0.6907671174744993,0.8311240084815859,0.7544733336190603,0.0,0.0,1.0,0.562624795072453,0.15336855782302947,0.12968209762058736,1.0,1.0,1.0,1.0,1.0,1.0
CICIDS,FGSM,8,5,2048,2,489.24271607398987,51.419148206710815,11.359890191629097,0.9450125061737455,0.9487729756819127,0.9450125061737455,0.9283714207179532,0.809016199609327,0.019207087147862113,0.22950704142637335,0.8752324040263643,0.47495450256097216,0.5799551592544706,0.4910025706940874,0.0907103825136612,0.005116587899855486,0.01646494103073628,0.9970229891394233,0.7668997668997669,0.8314136042574546,0.785633148711832,0.8314136042574546,0.7569811379207213,0.05421214758347676,0.0011813504147852568,0.9924711354373437,0.39397158133666615,0.13391053609613066,0.13428436927848167,1.0,1.0,0.9999609420771003,0.9834834447340577,1.0,1.0
CICIDS,RANDOM_LINF,8,5,2048,2,489.24271607398987,43.47703289985657,11.38884976921597,0.9450125061737455,0.9487729756819127,0.9450125061737455,0.9283714207179532,0.809016199609327,0.019207087147862113,0.22950704142637335,0.8752324040263643,0.47495450256097216,0.5799551592544706,0.4910025706940874,0.0907103825136612,0.005116587899855486,0.01646494103073628,0.9970229891394233,0.7668997668997669,0.8311240084815859,0.6907671174744993,0.8311240084815859,0.7544733336190603,0.0,0.0,1.0,0.5888997048956472,0.1623162181209596,0.12968209762058736,1.0,1.0,1.0,1.0,1.0,1.0
CICIDS,RANDOM_L2,8,5,2048,2,489.24271607398987,43.62064743041992,11.38884976921597,0.9450125061737455,0.9487729756819127,0.9450125061737455,0.9283714207179532,0.809016199609327,0.019207087147862113,0.22950704142637335,0.8752324040263643,0.47495450256097216,0.5799551592544706,0.4910025706940874,0.0907103825136612,0.005116587899855486,0.01646494103073628,0.9970229891394233,0.7668997668997669,0.8311240084815859,0.6907684876363904,0.8311240084815859,0.7544741508898465,0.0013726997302951176,0.0,0.9999882545014623,0.558631325866891,0.1517842126569866,0.12968223809657925,1.0,1.0,0.9999609420771003,1.0,1.0,1.0
CICIDS,FGSM,8,5,2048,3,497.10721254348755,54.39856481552124,11.385477763606533,0.9453457396692657,0.9488961839586738,0.9453457396692657,0.9285481871441114,0.8101627520757462,0.01893263200099281,0.22908420347901667,0.8707518320489195,0.4751656075867917,0.5847275824542552,0.4524421593830334,0.08961748633879782,0.004491661133460923,0.015406849209011846,0.9981255857544518,0.8088578088578089,0.8314909620332004,0.7871861630790357,0.8314909620332004,0.7570219462378863,0.05569242903660484,0.0010882743214991456,0.9924711354373437,0.38784248391754567,0.13666263504647644,0.13429545609107943,1.0,1.0,0.9999609420771003,0.9834834447340577,1.0,1.0
CICIDS,RANDOM_LINF,8,5,2048,3,497.10721254348755,45.51228976249695,11.42276817858141,0.9453457396692657,0.9488961839586738,0.9453457396692657,0.9285481871441114,0.8101627520757462,0.01893263200099281,0.22908420347901667,0.8707518320489195,0.4751656075867917,0.5847275824542552,0.4524421593830334,0.08961748633879782,0.004491661133460923,0.015406849209011846,0.9981255857544518,0.8088578088578089,0.8311180578834516,0.6907662822620755,0.8311180578834516,0.7544703836168395,-0.0007746084119143713,7.159699483547011e-06,1.0,0.5898077941298808,0.16449145119303185,0.12968159056161135,1.0,1.0,1.0,1.0,1.0,1.0
CICIDS,RANDOM_L2,8,5,2048,3,497.10721254348755,45.07136368751526,11.422173118767986,0.9453457396692657,0.9488961839586738,0.9453457396692657,0.9285481871441114,0.8101627520757462,0.01893263200099281,0.22908420347901667,0.8707518320489195,0.4751656075867917,0.5847275824542552,0.4524421593830334,0.08961748633879782,0.004491661133460923,0.015406849209011846,0.9981255857544518,0.8088578088578089,0.8311240084815859,0.7291981637531142,0.8311240084815859,0.7544771344183999,0.0019412925009626078,2.3865664945156702e-06,0.9999882545014623,0.560037457617706,0.15338184842922156,0.12968944215887215,1.0,1.0,1.0,0.999974192882397,1.0,1.0
CICIDS,FGSM,8,10,1024,2,297.7861943244934,25.184766054153442,12.804497065363352,0.9602281856031228,0.9621166748260327,0.9602281856031228,0.947652811653183,0.8621166733342299,0.004620392733382338,0.2126170145291817,0.917084996357266,0.5647358825929156,0.6352679770577502,0.5141388174807198,0.06174863387978142,0.006132093895246651,0.027355544659217013,0.8905121561276806,0.9766899766899767,0.8321832149494893,0.8083972010158608,0.8321832149494893,0.757379994093356,0.07312709808060275,0.00025058948192414535,0.992494626434419,0.3762408087180318,0.13023283393361915,0.13438109478137428,1.0,1.0,0.9999609420771003,0.9835350589692637,1.0,1.0
CICIDS,RANDOM_LINF,8,10,1024,2,297.7861943244934,23.174687147140503,12.910417712153698,0.9602281856031228,0.9621166748260327,0.9602281856031228,0.947652811653183,0.8621166733342299,0.004620392733382338,0.2126170145291817,0.917084996357266,0.5647358825929156,0.6352679770577502,0.5141388174807198,0.06174863387978142,0.006132093895246651,0.027355544659217013,0.8905121561276806,0.9766899766899767,0.8311240084815859,0.709985926838737,0.8311240084815859,0.7544787687601991,0.002745407629027347,2.3865664945156702e-06,0.9999647635043869,0.5810831148442193,0.16168983273902887,0.12968972273119042,1.0,1.0,0.9999218841542007,0.999974192882397,1.0,1.0
CICIDS,RANDOM_L2,8,10,1024,2,297.7861943244934,22.940372705459595,12.911607831780557,0.9602281856031228,0.9621166748260327,0.9602281856031228,0.947652811653183,0.8621166733342299,0.004620392733382338,0.2126170145291817,0.917084996357266,0.5647358825929156,0.6352679770577502,0.5141388174807198,0.06174863387978142,0.006132093895246651,0.027355544659217013,0.8905121561276806,0.9766899766899767,0.8311121072853173,0.6984552700810247,0.8311121072853173,0.7544728681065149,0.0008878116832957998,1.670596546160969e-05,0.9999647635043869,0.5501713511237168,0.15223535889098305,0.12968870746587474,1.0,1.0,0.9999218841542007,0.999974192882397,1.0,1.0
CICIDS,FGSM,8,10,1024,3,291.759046792984,24.48075771331787,12.546836166148633,0.9577943909661987,0.9598972512340661,0.9577943909661987,0.942566637279262,0.8533184541917209,0.004859049382833904,0.22580720938700244,0.9192658244617954,0.5709576379581176,0.6172621419682046,0.5089974293059126,0.0726775956284153,0.005194703745654806,0.027149087718392733,0.9533050333535477,0.972027972027972,0.8323260293047123,0.8153970447631219,0.8323260293047123,0.7574589566011082,0.07817230794123185,8.114326081353279e-05,0.9924828809358813,0.39274629444342113,0.12714655907519448,0.13440868261781413,1.0,1.0,0.9999609420771003,0.9835092518516607,1.0,1.0
CICIDS,RANDOM_LINF,8,10,1024,3,291.759046792984,23.01175332069397,12.667038248461282,0.9577943909661987,0.9598972512340661,0.9577943909661987,0.942566637279262,0.8533184541917209,0.004859049382833904,0.22580720938700244,0.9192658244617954,0.5709576379581176,0.6172621419682046,0.5089974293059126,0.0726775956284153,0.005194703745654806,0.027149087718392733,0.9533050333535477,0.972027972027972,0.8311240084815859,0.7291992555227964,0.8311240084815859,0.7544809348075692,0.002745407629027347,4.7731329890313404e-06,0.9999765090029247,0.5749444253647482,0.16097996769593048,0.1296967859359999,1.0,1.0,1.0,0.999948385764794,1.0,1.0
CICIDS,RANDOM_L2,8,10,1024,3,291.759046792984,22.920814752578735,12.667038248461282,0.9577943909661987,0.9598972512340661,0.9577943909661987,0.942566637279262,0.8533184541917209,0.004859049382833904,0.22580720938700244,0.9192658244617954,0.5709576379581176,0.6172621419682046,0.5089974293059126,0.0726775956284153,0.005194703745654806,0.027149087718392733,0.9533050333535477,0.972027972027972,0.8311240084815859,0.7215146347963709,0.8311240084815859,0.7544817518768274,0.0030694620864407268,4.7731329890313404e-06,0.9999647635043869,0.553799617858565,0.15186444252614284,0.12969692603205138,1.0,1.0,0.9999609420771003,0.999948385764794,1.0,1.0
CICIDS,FGSM,8,10,2048,2,287.8405292034149,27.08136773109436,12.85487879623367,0.9608133277529947,0.9626548013641547,0.9608133277529947,0.9486012378477933,0.8642326728624901,0.004484358443194944,0.20979809488013718,0.9178539265359081,0.5667655387029725,0.6403279927393049,0.5089974293059126,0.06229508196721312,0.00589774635784869,0.026736173836744172,0.878990021500634,0.9766899766899767,0.832264539790658,0.8122631549657507,0.832264539790658,0.7574229036235741,0.07591829475199807,0.0001527402556490029,0.992494626434419,0.3588881546570812,0.12555519480821023,0.13439282363841107,1.0,1.0,0.9999609420771003,0.9835350589692637,1.0,1.0
CICIDS,RANDOM_LINF,8,10,2048,2,287.8405292034149,22.746443271636963,12.969328633683164,0.9608133277529947,0.9626548013641547,0.9608133277529947,0.9486012378477933,0.8642326728624901,0.004484358443194944,0.20979809488013718,0.9178539265359081,0.5667655387029725,0.6403279927393049,0.5089974293059126,0.06229508196721312,0.00589774635784869,0.026736173836744172,0.878990021500634,0.9766899766899767,0.831120041416163,0.7195923018709309,0.831120041416163,0.7544827674927042,0.002595721951336589,1.1932832472578351e-05,0.9999647635043869,0.5846230760811689,0.16345195875611349,0.12970378976944025,1.0,1.0,1.0,0.9999225786471909,1.0,1.0
CICIDS,RANDOM_L2,8,10,2048,2,287.8405292034149,22.657458305358887,12.969725340225446,0.9608133277529947,0.9626548013641547,0.9608133277529947,0.9486012378477933,0.8642326728624901,0.004484358443194944,0.20979809488013718,0.9178539265359081,0.5667655387029725,0.6403279927393049,0.5089974293059126,0.06229508196721312,0.00589774635784869,0.026736173836744172,0.878990021500634,0.9766899766899767,0.8311160743507402,0.7061390774280276,0.8311160743507402,0.7544732007615238,0.0004098735265134218,1.1932832472578351e-05,0.9999882545014623,0.5528727483988339,0.15261906761247074,0.12968876550715644,1.0,1.0,1.0,0.999974192882397,1.0,1.0
CICIDS,FGSM,8,10,2048,3,291.03147768974304,25.4717116355896,12.679137798000994,0.9590241812472851,0.9610866495549971,0.9590241812472851,0.9455459037224279,0.8577510605162988,0.005097706032285472,0.21718601346034133,0.9181585572026414,0.5712330889715642,0.6311071558796312,0.48586118251928023,0.0633879781420765,0.00585868843494903,0.02812975818730806,0.9117922707977286,0.9487179487179487,0.8322328032672751,0.8106202496045144,0.8322328032672751,0.7574097617801434,0.0748016243295715,0.00019331188605576928,0.9924828809358813,0.3666445234936254,0.1261287679512232,0.1343952219238592,1.0,1.0,0.9999609420771003,0.9835092518516607,1.0,1.0
CICIDS,RANDOM_LINF,8,10,2048,3,291.03147768974304,23.31282925605774,12.790413983112202,0.9590241812472851,0.9610866495549971,0.9590241812472851,0.9455459037224279,0.8577510605162988,0.005097706032285472,0.21718601346034133,0.9181585572026414,0.5712330889715642,0.6311071558796312,0.48586118251928023,0.0633879781420765,0.00585868843494903,0.02812975818730806,0.9117922707977286,0.9487179487179487,0.831120041416163,0.7138305490767796,0.831120041416163,0.7544844014308862,0.0031898681863496373,1.1932832472578351e-05,0.9999412725073116,0.581319813189307,0.16132403898650208,0.12970406958204855,1.0,1.0,0.9999218841542007,0.9999225786471909,1.0,1.0
CICIDS,RANDOM_L2,8,10,2048,3,291.03147768974304,23.009302377700806,12.790413983112202,0.9590241812472851,0.9610866495549971,0.9590241812472851,0.9455459037224279,0.8577510605162988,0.005097706032285472,0.21718601346034133,0.9181585572026414,0.5712330889715642,0.6311071558796312,0.48586118251928023,0.0633879781420765,0.00585868843494903,0.02812975818730806,0.9117922707977286,0.9487179487179487,0.831120041416163,0.7127300883937469,0.831120041416163,0.7544797847918226,0.0022561059198053547,9.546265978062681e-06,0.9999647635043869,0.5504381931945356,0.15147055283600677,0.12969658723053448,1.0,1.0,0.9999609420771003,0.999948385764794,1.0,1.0
CICIDS,FGSM,8,15,1024,2,221.3547866344452,17.617641925811768,13.232146717947602,0.9645542704467511,0.9660149670964604,0.9645542704467511,0.9547463500660057,0.8777188980013481,0.0031359483737935906,0.19435276430308085,0.9370252802119479,0.6550556452579459,0.680044742527094,0.46786632390745503,0.040437158469945354,0.005819630512049369,0.02702005213037756,0.810022603230608,0.9370629370629371,0.8322328032672751,0.7669177038495956,0.8322328032672751,0.7574158246989859,0.07486499135415024,0.00019569845255028496,0.992459389938806,0.37639896785232146,0.12888665738257224,0.13440538766027407,1.0,1.0,0.9999609420771003,0.9834834447340577,0.9999448701692486,1.0
CICIDS,RANDOM_LINF,8,15,1024,2,221.3547866344452,16.31159019470215,13.375952839526262,0.9645542704467511,0.9660149670964604,0.9645542704467511,0.9547463500660057,0.8777188980013481,0.0031359483737935906,0.19435276430308085,0.9370252802119479,0.6550556452579459,0.680044742527094,0.46786632390745503,0.040437158469945354,0.005819630512049369,0.02702005213037756,0.810022603230608,0.9370629370629371,0.8307947420514885,0.7193229598195753,0.8307947420514885,0.7544970698813321,0.005771899679392265,0.0004940192643647437,0.9990603601169852,0.5580107990663452,0.15594639623505752,0.13000928244989182,1.0,1.0,0.9987110885443112,0.9988644868254665,0.9998897403384972,0.9976689976689976
CICIDS,RANDOM_L2,8,15,1024,2,221.3547866344452,16.779783487319946,13.398961818978838,0.9645542704467511,0.9660149670964604,0.9645542704467511,0.9547463500660057,0.8777188980013481,0.0031359483737935906,0.19435276430308085,0.9370252802119479,0.6550556452579459,0.680044742527094,0.46786632390745503,0.040437158469945354,0.005819630512049369,0.02702005213037756,0.810022603230608,0.9370629370629371,0.8305646522569627,0.7023815831090154,0.8305646522569627,0.7543545214604465,0.0013763912903790316,0.0007541550122669517,0.9991660696038244,0.5396769393984272,0.1494058098783279,0.13005075794192153,1.0,0.9983606557377049,0.9991407256962075,0.9991483651190999,0.9992833122002316,1.0
CICIDS,FGSM,8,15,1024,3,223.68693137168884,17.091238260269165,13.420979032075708,0.9663176310272121,0.9675987818248701,0.9663176310272121,0.9581180740510389,0.8839683420827197,0.003183679703683904,0.18362912413817403,0.9391846384561752,0.6552354929762065,0.6800257814495559,0.4704370179948586,0.048087431693989074,0.007303831582236456,0.027484580247232188,0.7549479023099399,0.972027972027972,0.832107840706455,0.7580382259911198,0.832107840706455,0.7573672162533305,0.07087064975789371,0.00035321184118831917,0.9923301894548914,0.3791464149177121,0.13133923933028327,0.1344093653743526,1.0,1.0,0.9997265945397024,0.9834060233812485,0.9998346105077457,1.0
CICIDS,RANDOM_LINF,8,15,1024,3,223.68693137168884,16.585127353668213,13.546536652709218,0.9663176310272121,0.9675987818248701,0.9663176310272121,0.9581180740510389,0.8839683420827197,0.003183679703683904,0.18362912413817403,0.9391846384561752,0.6552354929762065,0.6800257814495559,0.4704370179948586,0.048087431693989074,0.007303831582236456,0.027484580247232188,0.7549479023099399,0.972027972027972,0.83085226450012,0.7069532186691699,0.83085226450012,0.7544618870600607,0.004095154377291483,0.00038662377211153855,0.9992952700877389,0.5595351120926783,0.1570357343295863,0.12986953080205207,1.0,1.0,0.9991407256962075,0.9991999793543059,0.9996140911847401,1.0
CICIDS,RANDOM_L2,8,15,1024,3,223.68693137168884,17.085307121276855,13.56240491440065,0.9663176310272121,0.9675987818248701,0.9663176310272121,0.9581180740510389,0.8839683420827197,0.003183679703683904,0.18362912413817403,0.9391846384561752,0.6552354929762065,0.6800257814495559,0.4704370179948586,0.048087431693989074,0.007303831582236456,0.027484580247232188,0.7549479023099399,0.972027972027972,0.8306935818832056,0.7058705641801243,0.8306935818832056,0.7544344165685851,0.0041043218876456585,0.0006038013231124646,0.9990251236213721,0.5352839626166407,0.14923016871629594,0.129945291781301,1.0,0.9989071038251366,0.9989454360817092,0.9989419081782756,0.9992833122002316,1.0
CICIDS,FGSM,8,15,2048,2,221.41416931152344,19.56724262237549,13.580455062074659,0.9661688660738549,0.9676240596560656,0.9661688660738549,0.9578099260122063,0.8834560601732084,0.0031144692753429497,0.1848858924817064,0.9384066488800159,0.6537617527993305,0.6884977609852853,0.43958868894601544,0.03715846994535519,0.00597586220364801,0.028413636480941442,0.7633276365841557,0.9370629370629371,0.8303643154531083,0.7268347877207318,0.8303643154531083,0.7565526739422366,0.041875471918285175,0.002467709755329203,0.9912965855835751,0.38994897346526997,0.1325886834339089,0.1342455346498626,1.0,0.9868852459016394,0.999882826231301,0.9831995664404243,0.996581950493412,0.9976689976689976
CICIDS,RANDOM_LINF,8,15,2048,2,221.41416931152344,18.227343559265137,13.672490979885,0.9661688660738549,0.9676240596560656,0.9661688660738549,0.9578099260122063,0.8834560601732084,0.0031144692753429497,0.1848858924817064,0.9384066488800159,0.6537617527993305,0.6884977609852853,0.43958868894601544,0.03715846994535519,0.00597586220364801,0.028413636480941442,0.7633276365841557,0.9370629370629371,0.8294439562750049,0.7102810562141921,0.8294439562750049,0.7544911142110304,0.012090591636773205,0.0024557769228566247,0.9953487825790766,0.5505344506484244,0.15514444416126447,0.13103141020291967,1.0,0.9989071038251366,0.9945318907940476,0.994786962244187,0.9971883786316776,0.9976689976689976
CICIDS,RANDOM_L2,8,15,2048,2,221.41416931152344,19.387964010238647,13.78912270331707,0.9661688660738549,0.9676240596560656,0.9661688660738549,0.9578099260122063,0.8834560601732084,0.0031144692753429497,0.1848858924817064,0.9384066488800159,0.6537617527993305,0.6884977609852853,0.43958868894601544,0.03715846994535519,0.00597586220364801,0.028413636480941442,0.7633276365841557,0.9370629370629371,0.8282776390406842,0.7070602927481082,0.8282776390406842,0.7539535821593292,0.006141755232417211,0.0038733974205989326,0.9948907081361068,0.5350611107248769,0.14882757108300596,0.13122409125467854,1.0,0.9972677595628415,0.9951177596375425,0.9939869415984929,0.9962511715089035,0.9906759906759907
CICIDS,FGSM,8,15,2048,3,224.95079565048218,21.02406644821167,13.41602020029713,0.9643459995120509,0.9660155451154496,0.9643459995120509,0.9548042347186336,0.8769442855766328,0.0034056303876738615,0.19418832732355326,0.9377663505163356,0.6518023020856409,0.6691614071920643,0.4961439588688946,0.04426229508196721,0.006327383509744952,0.028284600892926268,0.8047301394784718,0.9417249417249417,0.8301857975090796,0.7312729789727206,0.8301857975090796,0.7567738347030488,0.0439181243996501,0.0028949051578475078,0.9904626551873994,0.3976706096173956,0.12967835794868937,0.13485624787032127,1.0,0.9956284153005465,0.9999218841542007,0.9809027329737542,0.996581950493412,1.0
CICIDS,RANDOM_LINF,8,15,2048,3,224.95079565048218,18.90840458869934,13.524717792883479,0.9643459995120509,0.9660155451154496,0.9643459995120509,0.9548042347186336,0.8769442855766328,0.0034056303876738615,0.19418832732355326,0.9377663505163356,0.6518023020856409,0.6691614071920643,0.4961439588688946,0.04426229508196721,0.006327383509744952,0.028284600892926268,0.8047301394784718,0.9417249417249417,0.8290988215832161,0.7068349541573212,0.8290988215832161,0.754334017984749,0.010059911330641222,0.002878199192385898,0.995219582095162,0.5569106580669435,0.15543277956422652,0.13109470944211424,1.0,0.9972677595628415,0.9949224700230441,0.994141784304111,0.9975742874469375,0.9976689976689976
CICIDS,RANDOM_L2,8,15,2048,3,224.95079565048218,19.397241353988647,13.63262197238525,0.9643459995120509,0.9660155451154496,0.9643459995120509,0.9548042347186336,0.8769442855766328,0.0034056303876738615,0.19418832732355326,0.9377663505163356,0.6518023020856409,0.6691614071920643,0.4961439588688946,0.04426229508196721,0.006327383509744952,0.028284600892926268,0.8047301394784718,0.9417249417249417,0.8280197797881984,0.7054615758328254,0.8280197797881984,0.7538849575384301,0.006460287846048208,0.004202743596842095,0.9943504152033733,0.5364628738064655,0.1489071886477163,0.13100551883549222,1.0,0.9983606557377049,0.9934773268757567,0.9938062917752716,0.9961409118474006,0.9976689976689976
CICIDS,FGSM,8,20,1024,2,188.37030339241028,12.999301671981812,13.85795128840368,0.9709293445812862,0.9720317279568556,0.9709293445812862,0.9655612999903294,0.9002981996061737,0.0027779633996162403,0.1583645567836127,0.9477320234474645,0.6924075031279978,0.7260922560196016,0.38817480719794345,0.03879781420765027,0.006561731047142913,0.028568479186559654,0.6393957770549644,0.9044289044289044,0.8323498316972494,0.8184528730495106,0.8323498316972494,0.7574761399095429,0.07915780045083964,5.489102937386041e-05,0.9924711354373437,0.4251042698038673,0.13902375264028682,0.13442099163466334,1.0,1.0,0.9999609420771003,0.9834834447340577,1.0,1.0
CICIDS,RANDOM_LINF,8,20,1024,2,188.37030339241028,12.7290620803833,13.985492441748605,0.9709293445812862,0.9720317279568556,0.9709293445812862,0.9655612999903294,0.9002981996061737,0.0027779633996162403,0.1583645567836127,0.9477320234474645,0.6924075031279978,0.7260922560196016,0.38817480719794345,0.03879781420765027,0.006561731047142913,0.028568479186559654,0.6393957770549644,0.9044289044289044,0.8310744201638002,0.7066769797190794,0.8310744201638002,0.7544764412295369,0.0023211986875959047,7.398356132998578e-05,0.9998590540175478,0.5348953166999757,0.15186976812291045,0.1297227512604454,1.0,1.0,0.999882826231301,0.9997935430591757,0.9999448701692486,1.0
CICIDS,RANDOM_L2,8,20,1024,2,188.37030339241028,12.593131303787231,13.988071034273464,0.9709293445812862,0.9720317279568556,0.9709293445812862,0.9655612999903294,0.9002981996061737,0.0027779633996162403,0.1583645567836127,0.9477320234474645,0.6924075031279978,0.7260922560196016,0.38817480719794345,0.03879781420765027,0.006561731047142913,0.028568479186559654,0.6393957770549644,0.9044289044289044,0.8310486342385516,0.6933264774651071,0.8310486342385516,0.7544438497002329,-0.0009102215045954705,9.307609328611114e-05,0.9999295270087739,0.5171053104395086,0.14687316162939815,0.12968371620806743,1.0,1.0,0.9999218841542007,0.999974192882397,0.9998897403384972,0.9976689976689976
CICIDS,FGSM,8,20,1024,3,191.05906772613525,13.019592761993408,13.557049376079789,0.9679580125795645,0.9691895108611935,0.9679580125795645,0.960666955365233,0.8898172085635602,0.0027779633996162403,0.17594756809452777,0.9488641535915096,0.7035025856397341,0.7001378572409047,0.42930591259640105,0.03879781420765027,0.007069484044838496,0.027639422952850396,0.7213738353823254,0.9440559440559441,0.8323875188187666,0.8188141426455866,0.8323875188187666,0.757498689772956,0.08055116295325819,1.1932832472578351e-05,0.992459389938806,0.4094242595749075,0.134004049716608,0.1344316634797787,1.0,1.0,0.9999609420771003,0.9834576376164547,1.0,1.0
CICIDS,RANDOM_LINF,8,20,1024,3,191.05906772613525,12.8356294631958,13.683598763069005,0.9679580125795645,0.9691895108611935,0.9679580125795645,0.960666955365233,0.8898172085635602,0.0027779633996162403,0.17594756809452777,0.9488641535915096,0.7035025856397341,0.7001378572409047,0.42930591259640105,0.03879781420765027,0.007069484044838496,0.027639422952850396,0.7213738353823254,0.9440559440559441,0.8311220249488744,0.7671733802934184,0.8311220249488744,0.7544799518278982,0.002310058349244725,7.159699483547011e-06,0.9999765090029247,0.5374011027020705,0.1533809767743893,0.12970040337576358,1.0,1.0,0.9999609420771003,0.999974192882397,1.0,1.0
CICIDS,RANDOM_L2,8,20,1024,3,191.05906772613525,12.87448501586914,13.685185589238147,0.9679580125795645,0.9691895108611935,0.9679580125795645,0.960666955365233,0.8898172085635602,0.0027779633996162403,0.17594756809452777,0.9488641535915096,0.7035025856397341,0.7001378572409047,0.42930591259640105,0.03879781420765027,0.007069484044838496,0.027639422952850396,0.7213738353823254,0.9440559440559441,0.831106156687183,0.6907687223678588,0.831106156687183,0.7544669353676916,0.00026672966053997396,2.147909845064103e-05,0.9999647635043869,0.5174918379844391,0.14758382395608077,0.12968099786182635,1.0,1.0,0.9999218841542007,0.999974192882397,1.0,1.0
CICIDS,FGSM,8,20,2048,2,188.69553422927856,14.939675569534302,14.233632383948457,0.9722682291615012,0.9732864477484489,0.9722682291615012,0.9674406082533915,0.9050188056608167,0.002820921596517522,0.1502014352999213,0.9507603671388943,0.7087578888611235,0.7217933164050623,0.39588688946015427,0.034972677595628415,0.006913252353239855,0.02412965495883765,0.6095154087876951,0.9370629370629371,0.8299319053220167,0.726118533658032,0.8299319053220167,0.7569297532012949,0.05056813893378821,0.0031240155413210123,0.9849422708746873,0.4300697278607645,0.13753580894379344,0.1346602773216127,1.0,0.9879781420765027,0.9865250165996172,0.9797672197992207,0.9928331220023154,0.9976689976689976
CICIDS,RANDOM_LINF,8,20,2048,2,188.69553422927856,15.06145429611206,14.804493098297932,0.9722682291615012,0.9732864477484489,0.9722682291615012,0.9674406082533915,0.9050188056608167,0.002820921596517522,0.1502014352999213,0.9507603671388943,0.7087578888611235,0.7217933164050623,0.39588688946015427,0.034972677595628415,0.006913252353239855,0.02412965495883765,0.6095154087876951,0.9370629370629371,0.8242232981785219,0.708338610105411,0.8242232981785219,0.7527456809201947,0.008786288527526208,0.009071339245654063,0.9884894114330682,0.5362965338300456,0.15196579554793746,0.13193371233923426,0.9922879177377892,0.9901639344262295,0.9884388548217006,0.9877674262561614,0.989745851480236,0.993006993006993
CICIDS,RANDOM_L2,8,20,2048,2,188.69553422927856,15.899281740188599,14.997094124577758,0.9722682291615012,0.9732864477484489,0.9722682291615012,0.9674406082533915,0.9050188056608167,0.002820921596517522,0.1502014352999213,0.9507603671388943,0.7087578888611235,0.7217933164050623,0.39588688946015427,0.034972677595628415,0.006913252353239855,0.02412965495883765,0.6095154087876951,0.9370629370629371,0.8222972879157237,0.7055127028462611,0.8222972879157237,0.7517998082079638,0.006031529701695316,0.011298005785037183,0.9865748951714256,0.5197042042634438,0.1471157799271187,0.13167323802331005,0.987146529562982,0.9901639344262295,0.9865250165996172,0.9863222276703915,0.986603451127405,0.9953379953379954
CICIDS,FGSM,8,20,2048,3,190.89127683639526,18.922399759292603,14.125926557717827,0.9696856695712197,0.9708403862515351,0.9696856695712197,0.9634097675504847,0.8959383890427838,0.0028280812960010692,0.165447092401837,0.9504255750451719,0.7109260415588394,0.7186431824273701,0.39331619537275064,0.0366120218579235,0.006444557278443932,0.02492967560453173,0.6806880202877778,0.9044289044289044,0.8284264039940414,0.741148160024274,0.8284264039940414,0.7560912529927721,0.0383903630096954,0.004935419510658406,0.9867158411538778,0.42095395085777426,0.13810627802650005,0.13457420888944097,0.9974293059125964,0.9672131147540983,0.9979689880092176,0.9782187927430386,0.9905176691107558,0.9953379953379954
CICIDS,RANDOM_LINF,8,20,2048,3,190.89127683639526,16.588070392608643,14.745383823497328,0.9696856695712197,0.9708403862515351,0.9696856695712197,0.9634097675504847,0.8959383890427838,0.0028280812960010692,0.165447092401837,0.9504255750451719,0.7109260415588394,0.7186431824273701,0.39331619537275064,0.0366120218579235,0.006444557278443932,0.02492967560453173,0.6806880202877778,0.9044289044289044,0.8222318313362464,0.7102546620653447,0.8222318313362464,0.7518272349453955,0.00696234220526396,0.011412560976773935,0.9865396586758125,0.5423820328366297,0.1531480814136294,0.13157326041483827,0.9897172236503856,0.987431693989071,0.9860172636019217,0.9859351209063459,0.9884778653729533,0.9836829836829837
CICIDS,RANDOM_L2,8,20,2048,3,190.89127683639526,16.57953453063965,14.998284244204607,0.9696856695712197,0.9708403862515351,0.9696856695712197,0.9634097675504847,0.8959383890427838,0.0028280812960010692,0.165447092401837,0.9504255750451719,0.7109260415588394,0.7186431824273701,0.39331619537275064,0.0366120218579235,0.006444557278443932,0.02492967560453173,0.6806880202877778,0.9044289044289044,0.8197028271291736,0.7080021564481783,0.8197028271291736,0.750619391712712,0.0036586237262911945,0.014412475060380132,0.9846956154053959,0.5185680969958837,0.14730557429797528,0.13159271549329585,0.9794344473007712,0.9825136612021858,0.984142483302738,0.9843608867325608,0.9865483212966536,0.9836829836829837
CICIDS,FGSM,10,5,1024,2,598.7348799705505,61.30968904495239,11.699867698368148,0.9484757542879019,0.951046328837634,0.9484757542879019,0.9324868065799968,0.8207910475959822,0.015932717917386614,0.2246091685361585,0.877899961357779,0.48574774188455055,0.5995911610261565,0.46272493573264784,0.10163934426229508,0.005272819591454127,0.01690366202998787,0.9746954076850984,0.668997668997669,0.8314770773042204,0.7868993864723134,0.8314770773042204,0.7570146215593336,0.05542165216372977,0.0011049802869607553,0.9924711354373437,0.38945076042694066,0.13555007350650813,0.13429346554471325,1.0,1.0,0.9999609420771003,0.9834834447340577,1.0,1.0
CICIDS,RANDOM_LINF,10,5,1024,2,598.7348799705505,53.48833084106445,11.735174580631602,0.9484757542879019,0.951046328837634,0.9484757542879019,0.9324868065799968,0.8207910475959822,0.015932717917386614,0.2246091685361585,0.877899961357779,0.48574774188455055,0.5995911610261565,0.46272493573264784,0.10163934426229508,0.005272819591454127,0.01690366202998787,0.9746954076850984,0.668997668997669,0.8311240084815859,0.6907671174744993,0.8311240084815859,0.7544733336190603,0.0,0.0,1.0,0.6007847791487494,0.17232461364866802,0.12968209762058736,1.0,1.0,1.0,1.0,1.0,1.0
CICIDS,RANDOM_L2,10,5,1024,2,598.7348799705505,53.37678837776184,11.735174580631602,0.9484757542879019,0.951046328837634,0.9484757542879019,0.9324868065799968,0.8207910475959822,0.015932717917386614,0.2246091685361585,0.877899961357779,0.48574774188455055,0.5995911610261565,0.46272493573264784,0.10163934426229508,0.005272819591454127,0.01690366202998787,0.9746954076850984,0.668997668997669,0.8311240084815859,0.6907671174744993,0.8311240084815859,0.7544733336190603,0.0,0.0,1.0,0.5717171261604123,0.15468388230641095,0.12968209762058736,1.0,1.0,1.0,1.0,1.0,1.0
CICIDS,FGSM,10,5,1024,3,604.8598399162292,64.9589593410492,11.743902124561888,0.949035110512525,0.9515120569979149,0.949035110512525,0.9318404026948413,0.8223493907903852,0.014250188538753067,0.22980067888981548,0.8838743102822496,0.4920373277935409,0.5912001642436503,0.4498714652956298,0.12295081967213115,0.0054681092059524275,0.016413326795530207,0.997905066431446,0.6713286713286714,0.8315960892669061,0.7894815312922118,0.8315960892669061,0.7570774060747631,0.057819908153800746,0.0009617862972898151,0.9924711354373437,0.39942339394750437,0.13567174572915136,0.1343105359899703,1.0,1.0,0.9999609420771003,0.9834834447340577,1.0,1.0
CICIDS,RANDOM_LINF,10,5,1024,3,604.8598399162292,54.6908016204834,11.791110203093913,0.949035110512525,0.9515120569979149,0.949035110512525,0.9318404026948413,0.8223493907903852,0.014250188538753067,0.22980067888981548,0.8838743102822496,0.4920373277935409,0.5912001642436503,0.4498714652956298,0.12295081967213115,0.0054681092059524275,0.016413326795530207,0.997905066431446,0.6713286713286714,0.8311240084815859,0.6907671174744993,0.8311240084815859,0.7544733336190603,0.0,0.0,1.0,0.5987128133163963,0.17055533605939757,0.12968209762058736,1.0,1.0,1.0,1.0,1.0,1.0
CICIDS,RANDOM_L2,10,5,1024,3,604.8598399162292,54.73786401748657,11.791110203093913,0.949035110512525,0.9515120569979149,0.949035110512525,0.9318404026948413,0.8223493907903852,0.014250188538753067,0.22980067888981548,0.8838743102822496,0.4920373277935409,0.5912001642436503,0.4498714652956298,0.12295081967213115,0.0054681092059524275,0.016413326795530207,0.997905066431446,0.6713286713286714,0.8311240084815859,0.6907671174744993,0.8311240084815859,0.7544733336190603,0.0,0.0,1.0,0.5631786186387479,0.15409756472796993,0.12968209762058736,1.0,1.0,1.0,1.0,1.0,1.0
CICIDS,FGSM,10,5,2048,2,597.291256904602,61.17218279838562,11.70641335631586,0.9487157617459848,0.9512597522098019,0.9487157617459848,0.9315868172132683,0.8211797810530518,0.014429181025841741,0.2309165012508956,0.8788082570750618,0.48305646966419774,0.5873107079635231,0.4987146529562982,0.11256830601092896,0.005350935437253447,0.01868435314459728,0.9975742874469375,0.7086247086247086,0.8316516281828262,0.7908381244814785,0.8316516281828262,0.7571067689508342,0.05900713384635009,0.0008949624354433764,0.9924711354373437,0.3850604802851065,0.13686796140612478,0.1343186245401177,1.0,1.0,0.9999609420771003,0.9834834447340577,1.0,1.0
CICIDS,RANDOM_LINF,10,5,2048,2,597.291256904602,53.4852135181427,11.759175326439896,0.9487157617459848,0.9512597522098019,0.9487157617459848,0.9315868172132683,0.8211797810530518,0.014429181025841741,0.2309165012508956,0.8788082570750618,0.48305646966419774,0.5873107079635231,0.4987146529562982,0.11256830601092896,0.005350935437253447,0.01868435314459728,0.9975742874469375,0.7086247086247086,0.8311240084815859,0.6907671174744993,0.8311240084815859,0.7544733336190603,0.0,0.0,1.0,0.5974268890052763,0.16848191426794196,0.12968209762058736,1.0,1.0,1.0,1.0,1.0,1.0
CICIDS,RANDOM_L2,10,5,2048,2,597.291256904602,53.64708471298218,11.759175326439896,0.9487157617459848,0.9512597522098019,0.9487157617459848,0.9315868172132683,0.8211797810530518,0.014429181025841741,0.2309165012508956,0.8788082570750618,0.48305646966419774,0.5873107079635231,0.4987146529562982,0.11256830601092896,0.005350935437253447,0.01868435314459728,0.9975742874469375,0.7086247086247086,0.8311240084815859,0.6907671174744993,0.8311240084815859,0.7544733336190603,0.0,0.0,1.0,0.5677620102198665,0.15392329630161525,0.12968209762058736,1.0,1.0,1.0,1.0,1.0,1.0
CICIDS,FGSM,10,5,2048,3,597.5195736885071,63.63106870651245,11.705619943231294,0.9487098111478506,0.9511820537070749,0.9487098111478506,0.9316001736884449,0.8211795336566639,0.014505551153666243,0.23063460928599114,0.8806402749124841,0.4877028507637922,0.5879340844167535,0.5115681233933161,0.11693989071038251,0.005702456743350389,0.017832718263697128,0.9964165610011577,0.7272727272727273,0.8316536117155376,0.7908384019043964,0.8316536117155376,0.7571077531956534,0.059045894838793606,0.0008925758689488606,0.9924711354373437,0.38804145442778587,0.13526218084366978,0.13431879371631922,1.0,1.0,0.9999609420771003,0.9834834447340577,1.0,1.0
CICIDS,RANDOM_LINF,10,5,2048,3,597.5195736885071,55.42144775390625,11.758580266626472,0.9487098111478506,0.9511820537070749,0.9487098111478506,0.9316001736884449,0.8211795336566639,0.014505551153666243,0.23063460928599114,0.8806402749124841,0.4877028507637922,0.5879340844167535,0.5115681233933161,0.11693989071038251,0.005702456743350389,0.017832718263697128,0.9964165610011577,0.7272727272727273,0.8311240084815859,0.6907671174744993,0.8311240084815859,0.7544733336190603,0.0,0.0,1.0,0.5981392395577257,0.16893336242232107,0.12968209762058736,1.0,1.0,1.0,1.0,1.0,1.0
CICIDS,RANDOM_L2,10,5,2048,3,597.5195736885071,54.22214078903198,11.758580266626472,0.9487098111478506,0.9511820537070749,0.9487098111478506,0.9316001736884449,0.8211795336566639,0.014505551153666243,0.23063460928599114,0.8806402749124841,0.4877028507637922,0.5879340844167535,0.5115681233933161,0.11693989071038251,0.005702456743350389,0.017832718263697128,0.9964165610011577,0.7272727272727273,0.8311240084815859,0.6907671174744993,0.8311240084815859,0.7544733336190603,0.0,0.0,1.0,0.5663255431767381,0.1539394504332101,0.12968209762058736,1.0,1.0,1.0,1.0,1.0,1.0
CICIDS,FGSM,10,10,1024,2,340.6090748310089,29.188190698623657,13.016933418757471,0.9624418081090784,0.962901399992689,0.9624418081090784,0.9503342595274263,0.8701779470220962,0.002906837990320086,0.20797754260679593,0.9173395789547423,0.5789789262867461,0.6519397367197811,0.5758354755784062,0.058469945355191254,0.00788970042573136,0.025110325427752975,0.8696179502728927,0.9953379953379954,0.8322724739215037,0.8124854307928883,0.8322724739215037,0.7574343005187119,0.07619304404597262,0.00014796712265997155,0.9924711354373437,0.35489340648118456,0.12525701428489025,0.1344079276142807,1.0,1.0,0.9999609420771003,0.9834834447340577,1.0,1.0
CICIDS,RANDOM_LINF,10,10,1024,2,340.6090748310089,28.590948343276978,13.131779962749256,0.9624418081090784,0.962901399992689,0.9624418081090784,0.9503342595274263,0.8701779470220962,0.002906837990320086,0.20797754260679593,0.9173395789547423,0.5789789262867461,0.6519397367197811,0.5758354755784062,0.058469945355191254,0.00788970042573136,0.025110325427752975,0.8696179502728927,0.9953379953379954,0.8311240084815859,0.6907671174744993,0.8311240084815859,0.7544733336190603,0.0,0.0,1.0,0.5868880504692601,0.16376536793228832,0.12968209762058736,1.0,1.0,1.0,1.0,1.0,1.0
CICIDS,RANDOM_L2,10,10,1024,2,340.6090748310089,28.65224313735962,13.131978316020398,0.9624418081090784,0.962901399992689,0.9624418081090784,0.9503342595274263,0.8701779470220962,0.002906837990320086,0.20797754260679593,0.9173395789547423,0.5789789262867461,0.6519397367197811,0.5758354755784062,0.058469945355191254,0.00788970042573136,0.025110325427752975,0.8696179502728927,0.9953379953379954,0.8311220249488744,0.6907668390714623,0.8311220249488744,0.7544723502871171,-0.0004472194880564281,2.3865664945156702e-06,1.0,0.5536467284237845,0.1520257450491762,0.12968192860129488,1.0,1.0,1.0,1.0,1.0,1.0
CICIDS,FGSM,10,10,1024,3,342.58675360679626,29.64051389694214,12.913393011220842,0.9614262393608264,0.9627534150607294,0.9614262393608264,0.9481569519694927,0.8665577122635881,0.0030142334825732915,0.2134157084297443,0.9188464830994059,0.5881787650963549,0.6657971173683588,0.5501285347043702,0.053551912568306013,0.006327383509744952,0.024387726134867997,0.9017586416009703,0.9184149184149184,0.832292309248618,0.8135007985174301,0.832292309248618,0.7574447684647247,0.07691004746591933,0.00012410145771481486,0.9924711354373437,0.3599788257852023,0.12759034059281282,0.13441079339627363,1.0,1.0,0.9999609420771003,0.9834834447340577,1.0,1.0
CICIDS,RANDOM_LINF,10,10,1024,3,342.58675360679626,28.091519594192505,13.030421441195195,0.9614262393608264,0.9627534150607294,0.9614262393608264,0.9481569519694927,0.8665577122635881,0.0030142334825732915,0.2134157084297443,0.9188464830994059,0.5881787650963549,0.6657971173683588,0.5501285347043702,0.053551912568306013,0.006327383509744952,0.024387726134867997,0.9017586416009703,0.9184149184149184,0.8311220249488744,0.6907668390714623,0.8311220249488744,0.7544723502871171,-0.0004472194880564281,2.3865664945156702e-06,1.0,0.583220484482759,0.16461841323732868,0.12968192860129488,1.0,1.0,1.0,1.0,1.0,1.0
CICIDS,RANDOM_L2,10,10,1024,3,342.58675360679626,28.22859287261963,13.030421441195195,0.9614262393608264,0.9627534150607294,0.9614262393608264,0.9481569519694927,0.8665577122635881,0.0030142334825732915,0.2134157084297443,0.9188464830994059,0.5881787650963549,0.6657971173683588,0.5501285347043702,0.053551912568306013,0.006327383509744952,0.024387726134867997,0.9017586416009703,0.9184149184149184,0.8311220249488744,0.6907668390714623,0.8311220249488744,0.7544723502871171,-0.0004472194880564281,2.3865664945156702e-06,1.0,0.5566793707673506,0.15315660471438822,0.12968192860129488,1.0,1.0,1.0,1.0,1.0,1.0
CICIDS,FGSM,10,10,2048,2,340.6014132499695,29.172627925872803,13.121663945920957,0.9635208499040961,0.964668606192103,0.9635208499040961,0.952775502988461,0.8740017089375336,0.003474840816014816,0.1983344883073562,0.9199110021163802,0.5966109099215826,0.6627932010479662,0.5732647814910026,0.06939890710382514,0.00609303597234699,0.023613512606776948,0.8311373284084018,0.9067599067599068,0.8323042104448866,0.8141241895528747,0.8323042104448866,0.7574510492838943,0.07734715335092071,0.00010978205874772083,0.9924711354373437,0.36496229079148523,0.12615508894449454,0.1344125131339609,1.0,1.0,0.9999609420771003,0.9834834447340577,1.0,1.0
CICIDS,RANDOM_LINF,10,10,2048,2,340.6014132499695,27.97227954864502,13.23968414225103,0.9635208499040961,0.964668606192103,0.9635208499040961,0.952775502988461,0.8740017089375336,0.003474840816014816,0.1983344883073562,0.9199110021163802,0.5966109099215826,0.6627932010479662,0.5732647814910026,0.06939890710382514,0.00609303597234699,0.023613512606776948,0.8311373284084018,0.9067599067599068,0.8311240084815859,0.6907671174744993,0.8311240084815859,0.7544733336190603,0.0,0.0,1.0,0.5825965503103702,0.16250459945375215,0.12968209762058736,1.0,1.0,1.0,1.0,1.0,1.0
CICIDS,RANDOM_L2,10,10,2048,2,340.6014132499695,28.793335676193237,13.23988249552217,0.9635208499040961,0.964668606192103,0.9635208499040961,0.952775502988461,0.8740017089375336,0.003474840816014816,0.1983344883073562,0.9199110021163802,0.5966109099215826,0.6627932010479662,0.5732647814910026,0.06939890710382514,0.00609303597234699,0.023613512606776948,0.8311373284084018,0.9067599067599068,0.8311220249488744,0.6907668390714623,0.8311220249488744,0.7544723502871171,-0.0004472194880564281,2.3865664945156702e-06,1.0,0.5499923024371725,0.1522278280756514,0.12968192860129488,1.0,1.0,1.0,1.0,1.0,1.0
CICIDS,FGSM,10,10,2048,3,342.75644278526306,29.426694631576538,12.930054685996861,0.9615016136038608,0.9619880146704979,0.9615016136038608,0.9486527106290463,0.8667799787651002,0.0033602856242780635,0.21130151869296093,0.9192883542393534,0.5902053140088358,0.6510932610752679,0.5681233933161953,0.06284153005464481,0.006991368199039175,0.02412965495883765,0.8882518330668725,0.9976689976689976,0.8322010667438922,0.8090573229594077,0.8322010667438922,0.7573966167989087,0.0737240015286616,0.00023388351646253568,0.9924711354373437,0.35977728392549635,0.12535296742649787,0.13439761542406908,1.0,1.0,0.9999609420771003,0.9834834447340577,1.0,1.0
CICIDS,RANDOM_LINF,10,10,2048,3,342.75644278526306,28.15896511077881,13.038157218769776,0.9615016136038608,0.9619880146704979,0.9615016136038608,0.9486527106290463,0.8667799787651002,0.0033602856242780635,0.21130151869296093,0.9192883542393534,0.5902053140088358,0.6510932610752679,0.5681233933161953,0.06284153005464481,0.006991368199039175,0.02412965495883765,0.8882518330668725,0.9976689976689976,0.831120041416163,0.6907665606673211,0.831120041416163,0.7544713669530435,-0.0006324644926255133,4.7731329890313404e-06,1.0,0.5837390220180051,0.1645572363240285,0.12968175958163622,1.0,1.0,1.0,1.0,1.0,1.0
CICIDS,RANDOM_L2,10,10,2048,3,342.75644278526306,28.200623989105225,13.037760512227493,0.9615016136038608,0.9619880146704979,0.9615016136038608,0.9486527106290463,0.8667799787651002,0.0033602856242780635,0.21130151869296093,0.9192883542393534,0.5902053140088358,0.6510932610752679,0.5681233933161953,0.06284153005464481,0.006991368199039175,0.02412965495883765,0.8882518330668725,0.9976689976689976,0.8311240084815859,0.7291981637531142,0.8311240084815859,0.7544771344183999,0.0019412925009626078,2.3865664945156702e-06,0.9999882545014623,0.5511793574188307,0.15292222120462048,0.12968944215887215,1.0,1.0,1.0,0.999974192882397,1.0,1.0
CICIDS,FGSM,10,15,1024,2,260.3736152648926,20.141991138458252,14.038849471686055,0.9727323758159757,0.9733891716102782,0.9727323758159757,0.9677775192269236,0.9066918283357577,0.0020381277863163825,0.15131725766100143,0.9382832664872248,0.6671619464862223,0.765548857050336,0.5629820051413882,0.04316939890710383,0.006757020661641214,0.023794162429998194,0.6160207288163625,0.7365967365967366,0.8323438810991152,0.7911133389976669,0.8323438810991152,0.7574721121327442,0.07885026168140621,6.205072885740743e-05,0.9924711354373437,0.3772942770012171,0.12939474399762702,0.1344184820315241,1.0,1.0,0.9999609420771003,0.9834834447340577,1.0,1.0
CICIDS,RANDOM_LINF,10,15,1024,2,260.3736152648926,21.44834280014038,14.167382391386706,0.9727323758159757,0.9733891716102782,0.9727323758159757,0.9677775192269236,0.9066918283357577,0.0020381277863163825,0.15131725766100143,0.9382832664872248,0.6671619464862223,0.765548857050336,0.5629820051413882,0.04316939890710383,0.006757020661641214,0.023794162429998194,0.6160207288163625,0.7365967365967366,0.8310585519021086,0.7146709942388192,0.8310585519021086,0.7545092578789837,0.005349415652965019,0.00011455519173675217,0.9996593805424071,0.5618344229411438,0.15668448443497637,0.12979607725202197,1.0,0.9994535519125683,0.9996094207710033,0.9995354718831454,1.0,1.0
CICIDS,RANDOM_L2,10,15,1024,2,260.3736152648926,19.733078002929688,14.17293628297871,0.9727323758159757,0.9733891716102782,0.9727323758159757,0.9677775192269236,0.9066918283357577,0.0020381277863163825,0.15131725766100143,0.9382832664872248,0.6671619464862223,0.765548857050336,0.5629820051413882,0.04316939890710383,0.006757020661641214,0.023794162429998194,0.6160207288163625,0.7365967365967366,0.8310030129861886,0.7054010909705875,0.8310030129861886,0.754459455705953,0.001574107472213773,0.00016944622111061258,0.9997650900292463,0.5427592267500182,0.14884797684684528,0.1297502909113236,1.0,1.0,0.999648478693903,0.9997419288239696,0.9999448701692486,1.0
CICIDS,FGSM,10,15,1024,3,263.2410352230072,20.348230600357056,13.498138454550324,0.967309397382927,0.9682620339476657,0.967309397382927,0.9588565609063864,0.8876002163546461,0.0021312038796024936,0.18297137622006365,0.9376073709858709,0.6577845394248075,0.71902636276378,0.5732647814910026,0.04316939890710383,0.0077334687341327184,0.02299414178430411,0.7623904294613816,0.8344988344988346,0.8323280128374237,0.7682391129268829,0.8323280128374237,0.7574735564061252,0.07820523367881266,8.114326081353279e-05,0.9923301894548914,0.3554932245193102,0.1282210144176508,0.13441787050163528,1.0,1.0,0.9999609420771003,0.9831995664404243,0.9999448701692486,1.0
CICIDS,RANDOM_LINF,10,15,1024,3,263.2410352230072,21.403104782104492,13.623101015370398,0.967309397382927,0.9682620339476657,0.967309397382927,0.9588565609063864,0.8876002163546461,0.0021312038796024936,0.18297137622006365,0.9376073709858709,0.6577845394248075,0.71902636276378,0.5732647814910026,0.04316939890710383,0.0077334687341327184,0.02299414178430411,0.7623904294613816,0.8344988344988346,0.831078387229223,0.718472856196561,0.831078387229223,0.7545144919731847,0.005872723463528525,8.830296029707979e-05,0.9996828715394825,0.5623463303805204,0.1578156150701771,0.12979031702376154,1.0,1.0,0.999648478693903,0.9995612790007484,0.9999448701692486,1.0
CICIDS,RANDOM_L2,10,15,1024,3,263.2410352230072,20.445653438568115,13.631828559300684,0.967309397382927,0.9682620339476657,0.967309397382927,0.9588565609063864,0.8876002163546461,0.0021312038796024936,0.18297137622006365,0.9376073709858709,0.6577845394248075,0.71902636276378,0.5732647814910026,0.04316939890710383,0.0077334687341327184,0.02299414178430411,0.7623904294613816,0.8344988344988346,0.8309911117899201,0.703310467057407,0.8309911117899201,0.7544630662708166,0.002490563993527461,0.00018615218657222227,0.9996711260409448,0.5402840576922744,0.14972913244267685,0.12975758401800422,1.0,0.9989071038251366,0.9998047103855017,0.9995354718831454,0.9998346105077457,1.0
CICIDS,FGSM,10,15,2048,2,260.3244659900665,20.31442141532898,13.964665348278583,0.9717525106565295,0.9724272603496198,0.9717525106565295,0.9661591306179688,0.9032618926012843,0.0020381277863163825,0.15709604294154264,0.9391128869098991,0.6719857568146143,0.7453743286824901,0.5578406169665809,0.04371584699453552,0.006952310276139515,0.02193604996257968,0.6449087601301065,0.8205128205128205,0.8321058571737436,0.7565554480151335,0.8321058571737436,0.7574026187546853,0.07110960429024205,0.00035798497417735054,0.9918133875192332,0.39907233690566,0.12873121296811535,0.1344177442524509,1.0,0.9989071038251366,0.9999609420771003,0.9833544091460424,0.9972986382931804,1.0
CICIDS,RANDOM_LINF,10,15,2048,2,260.3244659900665,21.598361492156982,14.095975213775237,0.9717525106565295,0.9724272603496198,0.9717525106565295,0.9661591306179688,0.9032618926012843,0.0020381277863163825,0.15709604294154264,0.9391128869098991,0.6719857568146143,0.7453743286824901,0.5578406169665809,0.04371584699453552,0.006952310276139515,0.02193604996257968,0.6449087601301065,0.8205128205128205,0.8307927585187771,0.7145426439104348,0.8307927585187771,0.7545873203035681,0.009854149356288791,0.0005417505942550572,0.9985553036798647,0.5607467430739802,0.156151061898154,0.13015383469077965,1.0,0.9994535519125683,0.9983205093153146,0.9982193088853906,0.9994487016924858,1.0
CICIDS,RANDOM_L2,10,15,2048,2,260.3244659900665,20.867807626724243,14.130687036225254,0.9717525106565295,0.9724272603496198,0.9717525106565295,0.9661591306179688,0.9032618926012843,0.0020381277863163825,0.15709604294154264,0.9391128869098991,0.6719857568146143,0.7453743286824901,0.5578406169665809,0.04371584699453552,0.006952310276139515,0.02193604996257968,0.6449087601301065,0.8205128205128205,0.8304456402942769,0.7234829696093027,0.8304456402942769,0.754425624471371,0.00547617126911016,0.0009617862972898151,0.9984378486944878,0.5332609823907537,0.14936609624895764,0.13014624049640772,0.9974293059125964,0.9989071038251366,0.9982033355466157,0.9983741515910088,0.9988422735542202,1.0
CICIDS,FGSM,10,15,2048,3,263.35794949531555,21.71100664138794,14.228475198898739,0.973924478975545,0.9745591102040263,0.973924478975545,0.9695414756604399,0.9108541598412019,0.00217177551000926,0.1436004651217421,0.9390105260859016,0.6736812962184983,0.7517610839692747,0.4755784061696658,0.03879781420765027,0.007186657813537476,0.022503806549846447,0.5811786757814653,0.8671328671328671,0.8316397269865576,0.74722739668427,0.8316397269865576,0.7571284766127664,0.05932172810740082,0.000918828100388533,0.9923419349534292,0.3752515232032054,0.1286121675449358,0.13436038004147882,1.0,1.0,0.9999609420771003,0.9833544091460424,0.9996692210154915,1.0
CICIDS,RANDOM_LINF,10,15,2048,3,263.35794949531555,20.954185247421265,14.31277533913451,0.973924478975545,0.9745591102040263,0.973924478975545,0.9695414756604399,0.9108541598412019,0.00217177551000926,0.1436004651217421,0.9390105260859016,0.6736812962184983,0.7517610839692747,0.4755784061696658,0.03879781420765027,0.007186657813537476,0.022503806549846447,0.5811786757814653,0.8671328671328671,0.8307967255841999,0.7270612480705921,0.8307967255841999,0.7548129251631278,0.016714659152507118,0.0006682386184643877,0.9976626457910006,0.5582328535867125,0.1562359581564163,0.13055713152555223,1.0,0.9994535519125683,0.9976955825489201,0.9966450747116055,0.9996140911847401,0.9953379953379954
CICIDS,RANDOM_L2,10,15,2048,3,263.35794949531555,21.27885127067566,14.357801531683956,0.973924478975545,0.9745591102040263,0.973924478975545,0.9695414756604399,0.9108541598412019,0.00217177551000926,0.1436004651217421,0.9390105260859016,0.6736812962184983,0.7517610839692747,0.4755784061696658,0.03879781420765027,0.007186657813537476,0.022503806549846447,0.5811786757814653,0.8671328671328671,0.8303464636587055,0.7107364733251822,0.8303464636587055,0.7544417902559915,0.006685492656539286,0.0011121399864443024,0.9980385017442065,0.5308834341705695,0.14889666545411645,0.13021642477923975,1.0,0.9989071038251366,0.9976565246260204,0.9979096234741541,0.9987871437234688,0.9953379953379954
CICIDS,FGSM,10,20,1024,2,215.6980345249176,15.339011669158936,14.28203058210734,0.9751959234435714,0.9756869299425321,0.9751959234435714,0.9712816262307565,0.915310203779627,0.001816177102326425,0.13782167984120086,0.949534919515851,0.7143277906362407,0.7679789053815413,0.5526992287917738,0.03278688524590164,0.007577237042534078,0.022658649255464656,0.5538894095595126,0.7925407925407926,0.832375617622498,0.8181055743484341,0.832375617622498,0.7574887350142993,0.0800855791201896,2.3865664945156702e-05,0.9924711354373437,0.4326950101118034,0.13597748853768357,0.13442283579478867,1.0,1.0,0.9999609420771003,0.9834834447340577,1.0,1.0
CICIDS,RANDOM_LINF,10,20,1024,2,215.6980345249176,15.078466892242432,14.408381615825416,0.9751959234435714,0.9756869299425321,0.9751959234435714,0.9712816262307565,0.915310203779627,0.001816177102326425,0.13782167984120086,0.949534919515851,0.7143277906362407,0.7679789053815413,0.5526992287917738,0.03278688524590164,0.007577237042534078,0.022658649255464656,0.5538894095595126,0.7925407925407926,0.8311121072853173,0.6907668172145961,0.8311121072853173,0.7544682508651526,-0.00042509369829053155,1.4319398967094021e-05,0.9999882545014623,0.5378019237841245,0.15113756362277614,0.12968122397514611,1.0,1.0,1.0,1.0,0.9999448701692486,1.0
CICIDS,RANDOM_L2,10,20,1024,2,215.6980345249176,15.181766271591187,14.408381615825416,0.9751959234435714,0.9756869299425321,0.9751959234435714,0.9712816262307565,0.915310203779627,0.001816177102326425,0.13782167984120086,0.949534919515851,0.7143277906362407,0.7679789053815413,0.5526992287917738,0.03278688524590164,0.007577237042534078,0.022658649255464656,0.5538894095595126,0.7925407925407926,0.8311121072853173,0.699307898882383,0.8311121072853173,0.754472050935775,0.00047826454881835095,1.670596546160969e-05,0.9999765090029247,0.5171933237723899,0.14670713541150232,0.12968856717968516,1.0,1.0,0.9999609420771003,0.999974192882397,1.0,1.0
CICIDS,FGSM,10,20,1024,3,219.6885757446289,16.578895092010498,14.303056028848493,0.9754141120418287,0.9759411733767858,0.9754141120418287,0.9715804103396106,0.9160761431179042,0.0017994711368648152,0.13656491149766853,0.9502517732016329,0.7018743243874273,0.7732912480966548,0.480719794344473,0.034972677595628415,0.007381947428035777,0.022503806549846447,0.5498098020839076,0.7972027972027972,0.8323835517533438,0.8185752734400376,0.8323835517533438,0.7574929224042706,0.0804028114079678,1.4319398967094021e-05,0.9924711354373437,0.4273320990263197,0.13877501257045882,0.13442398320577867,1.0,1.0,0.9999609420771003,0.9834834447340577,1.0,1.0
CICIDS,RANDOM_LINF,10,20,1024,3,219.6885757446289,16.3545184135437,14.429010356024285,0.9754141120418287,0.9759411733767858,0.9754141120418287,0.9715804103396106,0.9160761431179042,0.0017994711368648152,0.13656491149766853,0.9502517732016329,0.7018743243874273,0.7732912480966548,0.480719794344473,0.034972677595628415,0.007381947428035777,0.022503806549846447,0.5498098020839076,0.7972027972027972,0.8311240084815859,0.6907671174744993,0.8311240084815859,0.7544733336190603,0.0,0.0,1.0,0.5342478762570742,0.1525004878810827,0.12968209762058736,1.0,1.0,1.0,1.0,1.0,1.0
CICIDS,RANDOM_L2,10,20,1024,3,219.6885757446289,15.363257646560669,14.429010356024285,0.9754141120418287,0.9759411733767858,0.9754141120418287,0.9715804103396106,0.9160761431179042,0.0017994711368648152,0.13656491149766853,0.9502517732016329,0.7018743243874273,0.7732912480966548,0.480719794344473,0.034972677595628415,0.007381947428035777,0.022503806549846447,0.5498098020839076,0.7972027972027972,0.8311240084815859,0.6907671174744993,0.8311240084815859,0.7544733336190603,0.0,0.0,1.0,0.5157307258539335,0.14704694361364437,0.12968209762058736,1.0,1.0,1.0,1.0,1.0,1.0
CICIDS,FGSM,10,20,2048,2,215.96946954727173,16.73531746864319,15.117097853619255,0.97755236030475,0.9779613625713732,0.97755236030475,0.9744952457908087,0.923527877585198,0.00185197559974416,0.1236800996018276,0.9515525233468366,0.7129058102126997,0.79676808433636,0.4987146529562982,0.02185792349726776,0.006249267663945631,0.01945856667268833,0.5004686035613871,0.7086247086247086,0.8263813817685575,0.7078461017793686,0.8263813817685575,0.7547275576120944,0.017711677562535805,0.007460406861855985,0.9905096371815502,0.4127819522664663,0.13512010738032393,0.13462405205513153,0.9974293059125964,0.9978142076502732,0.9988282623130101,0.9806446617977238,0.9987871437234688,0.9976689976689976
CICIDS,RANDOM_LINF,10,20,2048,2,215.96946954727173,16.41107416152954,14.968927960075462,0.97755236030475,0.9779613625713732,0.97755236030475,0.9744952457908087,0.923527877585198,0.00185197559974416,0.1236800996018276,0.9515525233468366,0.7129058102126997,0.79676808433636,0.4987146529562982,0.02185792349726776,0.006249267663945631,0.01945856667268833,0.5004686035613871,0.7086247086247086,0.8278630807039954,0.7119592528867195,0.8278630807039954,0.7537807052429889,0.007848037334554726,0.004338777887029488,0.9939393227545543,0.5316559974367917,0.15098265023330973,0.13090616793459378,0.9948586118251928,0.9956284153005465,0.9931648634925595,0.9934449921288291,0.9957550030321407,1.0
CICIDS,RANDOM_L2,10,20,2048,2,215.96946954727173,18.504895448684692,15.112932434925252,0.97755236030475,0.9779613625713732,0.97755236030475,0.9744952457908087,0.923527877585198,0.00185197559974416,0.1236800996018276,0.9515525233468366,0.7129058102126997,0.79676808433636,0.4987146529562982,0.02185792349726776,0.006249267663945631,0.01945856667268833,0.5004686035613871,0.7086247086247086,0.8264230359554975,0.7051457114064059,0.8264230359554975,0.753057347785523,0.0034951450246928986,0.006023693832157551,0.9931053923583787,0.5180771289827341,0.14649427361866002,0.13103014607421082,0.9948586118251928,0.9901639344262295,0.9930476897238605,0.9929030426591654,0.9939357186173439,0.9906759906759907
CICIDS,FGSM,10,20,2048,3,219.43584418296814,18.954217672348022,14.799732619790495,0.9781275847910645,0.9785088106745631,0.9781275847910645,0.9752892403611342,0.9255209572990665,0.0018185636688209407,0.12042659650688874,0.9498396748702095,0.7075229916838317,0.8026813001675197,0.46786632390745503,0.03169398907103825,0.005663398820450728,0.020232780200779375,0.48415017365896684,0.703962703962704,0.8301302585931596,0.7380797926711886,0.8301302585931596,0.7564718864368322,0.041129355284383745,0.0027373917692094735,0.9908972386332938,0.411393518701157,0.135268413301504,0.13423631142336015,1.0,1.0,0.9998047103855017,0.9811866112673876,0.9977396769391917,1.0
CICIDS,RANDOM_LINF,10,20,2048,3,219.43584418296814,16.525890588760376,14.97666373765002,0.9781275847910645,0.9785088106745631,0.9781275847910645,0.9752892403611342,0.9255209572990665,0.0018185636688209407,0.12042659650688874,0.9498396748702095,0.7075229916838317,0.8026813001675197,0.46786632390745503,0.03169398907103825,0.005663398820450728,0.020232780200779375,0.48415017365896684,0.703962703962704,0.8283609474145643,0.7116978356957511,0.8283609474145643,0.7539301981906074,0.008447779338579861,0.0036991780664992887,0.9946440526668154,0.5411490215608739,0.15243840542647255,0.13103082771772745,0.9974293059125964,0.9983606557377049,0.9941803694879506,0.9938320988928746,0.9965268206626605,0.9976689976689976
CICIDS,RANDOM_L2,10,20,2048,3,219.43584418296814,17.293915033340454,15.10241971155467,0.9781275847910645,0.9785088106745631,0.9781275847910645,0.9752892403611342,0.9255209572990665,0.0018185636688209407,0.12042659650688874,0.9498396748702095,0.7075229916838317,0.8026813001675197,0.46786632390745503,0.03169398907103825,0.005663398820450728,0.020232780200779375,0.48415017365896684,0.703962703962704,0.8271033876755178,0.704587211542007,0.8271033876755178,0.7532405932981309,0.0038373482123583696,0.005114411997747081,0.9938571042647906,0.5162465753043506,0.1468043864382496,0.13034902457874495,1.0,0.9912568306010929,0.993906964027653,0.9936514490696534,0.9943216274326038,0.9953379953379954
CICIDS,FGSM,16,10,2048,2,500.82996329991147,43.1505596996285,14.347487161584526,0.9773183034448013,0.9768443133434663,0.9773183034448013,0.9741403136385339,0.9226741520995362,0.002162229244031197,0.12356264461645075,0.9214890035754538,0.6150656030270143,0.7197442407743245,0.622107969151671,0.046994535519125684,0.006366441432644612,0.019561795143100465,0.487457963504052,1.0,0.833843431828956,0.8202950250818177,0.833843431828956,0.7608013242056575,0.11996793849925477,0.0,0.9838969215048333,0.3782383585817752,0.12771690011824754,0.1440699437454187,1.0,1.0,0.9510994805296255,0.9969289530052389,1.0,1.0
CICIDS,RANDOM_LINF,16,10,2048,2,500.82996329991147,42.50417020008899,14.619429496321546,0.9773183034448013,0.9768443133434663,0.9773183034448013,0.9741403136385339,0.9226741520995362,0.002162229244031197,0.12356264461645075,0.9214890035754538,0.6150656030270143,0.7197442407743245,0.622107969151671,0.046994535519125684,0.006366441432644612,0.019561795143100465,0.487457963504052,1.0,0.8311240084815859,0.6907671174744993,0.8311240084815859,0.7544733336190603,0.0,0.0,1.0,0.5880432807239098,0.17225663150112333,0.12968209762058736,1.0,1.0,1.0,1.0,1.0,1.0
CICIDS,RANDOM_L2,16,10,2048,2,500.82996329991147,41.68636089982465,14.619429496321546,0.9773183034448013,0.9768443133434663,0.9773183034448013,0.9741403136385339,0.9226741520995362,0.002162229244031197,0.12356264461645075,0.9214890035754538,0.6150656030270143,0.7197442407743245,0.622107969151671,0.046994535519125684,0.006366441432644612,0.019561795143100465,0.487457963504052,1.0,0.8311240084815859,0.6907671174744993,0.8311240084815859,0.7544733336190603,0.0,0.0,1.0,0.5598233236081567,0.15633476923433678,0.12968209762058736,1.0,1.0,1.0,1.0,1.0,1.0
CICIDS,FGSM,16,20,2048,2,302.8917006999254,22.42201089998707,14.70293622347273,0.9803987297456516,0.9807276597953271,0.9803987297456516,0.9779319322070047,0.9333956276580369,0.0015083100245339035,0.10855189748528876,0.9547767228603927,0.734291350587692,0.7524024555755071,0.42159383033419023,0.026775956284153007,0.0032808655235714566,0.017806911146094093,0.43150118529136117,0.9976689976689976,0.8333693675109243,0.7832367259863671,0.8333693675109243,0.7605676096865933,0.10830937593636121,0.0005823222246618236,0.983720739026768,0.39351876432948785,0.13073603883212334,0.1439962933130189,0.974293059125964,1.0,0.9510994805296255,0.9967999174172236,1.0,1.0
CICIDS,RANDOM_LINF,16,20,2048,2,302.8917006999254,22.561059100087732,14.979837389988315,0.9803987297456516,0.9807276597953271,0.9803987297456516,0.9779319322070047,0.9333956276580369,0.0015083100245339035,0.10855189748528876,0.9547767228603927,0.734291350587692,0.7524024555755071,0.42159383033419023,0.026775956284153007,0.0032808655235714566,0.017806911146094093,0.43150118529136117,0.9976689976689976,0.8306003558457684,0.723683109394759,0.8306003558457684,0.7544691102599073,0.0068654463265026035,0.0007541550122669517,0.998543558181327,0.5410153164647348,0.15446497707118104,0.13010474125901203,1.0,0.9978142076502732,0.9983595672382143,0.9983999587086119,0.9991179227079773,1.0
CICIDS,RANDOM_L2,16,20,2048,2,302.8917006999254,22.267533999867737,15.014747565709474,0.9803987297456516,0.9807276597953271,0.9803987297456516,0.9779319322070047,0.9333956276580369,0.0015083100245339035,0.10855189748528876,0.9547767228603927,0.734291350587692,0.7524024555755071,0.42159383033419023,0.026775956284153007,0.0032808655235714566,0.017806911146094093,0.43150118529136117,0.9976689976689976,0.8302512540885568,0.707459631665144,0.8302512540885568,0.754325560700056,0.003928463296696329,0.0011932832472578351,0.9984495941930255,0.5209588609372623,0.148647492875535,0.13025191627873114,1.0,0.9983606557377049,0.9985939147756122,0.9981418875325815,0.9988422735542202,1.0
CICIDS,FGSM,32,10,2048,2,923.3302911999635,82.77543180016801,12.658112351259842,0.9604344730051115,0.960795766138973,0.9604344730051115,0.9441476327064641,0.8632111233073766,0.001424780197225855,0.22716968721737393,0.9168086464428955,0.6292044634540074,0.6125629022147258,0.8149100257069408,0.03879781420765027,0.00804593211733,0.022065085550594853,0.9627322344120404,1.0,0.8338533494925131,0.8203019133591589,0.8338533494925131,0.7608251342617567,0.12018075168614174,0.0,0.9838381940121449,0.3751647186666131,0.13148252685714243,0.14410728541353138,1.0,1.0,0.9510994805296255,0.9967999174172236,1.0,1.0
CICIDS,RANDOM_LINF,32,10,2048,2,923.3302911999635,82.71466319984756,12.931046452352568,0.9604344730051115,0.960795766138973,0.9604344730051115,0.9441476327064641,0.8632111233073766,0.001424780197225855,0.22716968721737393,0.9168086464428955,0.6292044634540074,0.6125629022147258,0.8149100257069408,0.03879781420765027,0.00804593211733,0.022065085550594853,0.9627322344120404,1.0,0.8311240084815859,0.6907671174744993,0.8311240084815859,0.7544733336190603,0.0,0.0,1.0,0.6178616345194392,0.19308083459281736,0.12968209762058736,1.0,1.0,1.0,1.0,1.0,1.0
CICIDS,RANDOM_L2,32,10,2048,2,923.3302911999635,82.28967000008561,12.931046452352568,0.9604344730051115,0.960795766138973,0.9604344730051115,0.9441476327064641,0.8632111233073766,0.001424780197225855,0.22716968721737393,0.9168086464428955,0.6292044634540074,0.6125629022147258,0.8149100257069408,0.03879781420765027,0.00804593211733,0.022065085550594853,0.9627322344120404,1.0,0.8311240084815859,0.6907671174744993,0.8311240084815859,0.7544733336190603,0.0,0.0,1.0,0.5774105030091378,0.16700385741861754,0.12968209762058736,1.0,1.0,1.0,1.0,1.0,1.0
CICIDS,FGSM,32,20,2048,2,525.5764772000257,51.64789499971084,15.049459388159503,0.9843479433741081,0.9844885229848449,0.9843479433741081,0.9826414321195588,0.9470053071923171,0.0008209788741133906,0.0885258224785351,0.9528632340713935,0.7499055987182578,0.7519953159283175,0.6503856041131105,0.025683060109289616,0.003358981369370777,0.015355234973805776,0.3379458625062021,0.993006993006993,0.8338533494925131,0.8203019133591589,0.8338533494925131,0.7608251342617567,0.12018075168614174,0.0,0.9838381940121449,0.36052198234414173,0.140968797986755,0.14410728541353138,1.0,1.0,0.9510994805296255,0.9967999174172236,1.0,1.0
CICIDS,RANDOM_LINF,32,20,2048,2,525.5764772000257,50.063720600213856,15.322393489252228,0.9843479433741081,0.9844885229848449,0.9843479433741081,0.9826414321195588,0.9470053071923171,0.0008209788741133906,0.0885258224785351,0.9528632340713935,0.7499055987182578,0.7519953159283175,0.6503856041131105,0.025683060109289616,0.003358981369370777,0.015355234973805776,0.3379458625062021,0.993006993006993,0.8311240084815859,0.6907671174744993,0.8311240084815859,0.7544733336190603,0.0,0.0,1.0,0.5664071020317285,0.16371730822777217,0.12968209762058736,1.0,1.0,1.0,1.0,1.0,1.0
CICIDS,RANDOM_L2,32,20,2048,2,525.5764772000257,47.863936099922284,15.32259184252337,0.9843479433741081,0.9844885229848449,0.9843479433741081,0.9826414321195588,0.9470053071923171,0.0008209788741133906,0.0885258224785351,0.9528632340713935,0.7499055987182578,0.7519953159283175,0.6503856041131105,0.025683060109289616,0.003358981369370777,0.015355234973805776,0.3379458625062021,0.993006993006993,0.8311220249488744,0.6907668390714623,0.8311220249488744,0.7544723502871171,-0.0004472194880564281,2.3865664945156702e-06,1.0,0.5384863306178288,0.15255713014609087,0.12968192860129488,1.0,1.0,1.0,1.0,1.0,1.0
CICIDS,C&W,16,10,2048,2,510.8605917999521,135.85055519989692,0.0001983532711524738,0.9773183034448013,0.9768443133434663,0.9773183034448013,0.9741403136385339,0.9226741520995362,0.002162229244031197,0.12356264461645075,0.9214890035754538,0.6150656030270143,0.7197442407743245,0.622107969151671,0.046994535519125684,0.006366441432644612,0.019561795143100465,0.487457963504052,1.0,0.9773163199120898,0.9768424202293786,0.9773163199120898,0.974137611239844,0.9226672634599049,0.002162229244031197,0.12357439011498843,0.9214865106788569,0.615059615773104,0.7197371852344013,0.622107969151671,0.046994535519125684,0.006366441432644612,0.019561795143100465,0.48751309333480347,1.0
CICIDS,C&W,16,20,2048,2,306.4341967999935,52.45579250017181,0.00019835327114137158,0.9803987297456516,0.9807276597953271,0.9803987297456516,0.9779319322070047,0.9333956276580369,0.0015083100245339035,0.10855189748528876,0.9547767228603927,0.734291350587692,0.7524024555755071,0.42159383033419023,0.026775956284153007,0.0032808655235714566,0.017806911146094093,0.43150118529136117,0.9976689976689976,0.9803967462129402,0.9807257507864865,0.9803967462129402,0.9779293490474009,0.9333887843218501,0.0015083100245339035,0.10856364298382645,0.954774968544208,0.7342849008381521,0.7523958846124802,0.42159383033419023,0.026775956284153007,0.0032808655235714566,0.017806911146094093,0.43155631512211257,0.9976689976689976
CICIDS,C&W,32,10,2048,2,960.422678100178,235.3613501000218,0.00019835327114137158,0.9604344730051115,0.960795766138973,0.9604344730051115,0.9441476327064641,0.8632111233073766,0.001424780197225855,0.22716968721737393,0.9168086464428955,0.6292044634540074,0.6125629022147258,0.8149100257069408,0.03879781420765027,0.00804593211733,0.022065085550594853,0.9627322344120404,1.0,0.9604324894724001,0.9607936313044307,0.9604324894724001,0.944142995120377,0.8632040216426542,0.001424780197225855,0.22718143271591162,0.9168064413001336,0.6291981237962677,0.6125480877049283,0.8149100257069408,0.03879781420765027,0.00804593211733,0.022065085550594853,0.9627873642427918,1.0
CICIDS,C&W,32,20,2048,2,538.9575418001041,93.5189076999668,0.00019835327114137158,0.9843479433741081,0.9844885229848449,0.9843479433741081,0.9826414321195588,0.9470053071923171,0.0008209788741133906,0.0885258224785351,0.9528632340713935,0.7499055987182578,0.7519953159283175,0.6503856041131105,0.025683060109289616,0.003358981369370777,0.015355234973805776,0.3379458625062021,0.993006993006993,0.9843459598413967,0.9844866006996476,0.9843459598413967,0.9826390213173424,0.946998513212787,0.0008209788741133906,0.08853756797707278,0.9528616950873735,0.7498992347636865,0.7519894442302332,0.6503856041131105,0.025683060109289616,0.003358981369370777,0.015355234973805776,0.3380009923369535,0.993006993006993
